mutation_step,id_1,parent_1,f_r_1,phi_1,id_2,parent_2,f_r_2,phi_2,id_3,parent_3,f_r_3,phi_3,id_4,parent_4,f_r_4,phi_4
0,1,0,0.9954636071007512,0.027805656969247593,,,,,,,,,,,,
1,2,1,0.9860414934142172,0.048997470005042176,,,,,,,,,,,,
2,3,2,0.9599599720649745,0.04037093443741902,,,,,,,,,,,,
3,3,2,0.9599599720649745,0.04037093443741902,4.0,3.0,0.9502343812379789,0.01786278718895436,,,,,,,,
4,3,2,0.9599599720649745,0.04037093443741902,4.0,3.0,0.9502343812379789,0.01786278718895436,,,,,,,,
5,3,2,0.9599599720649745,0.04037093443741902,6.0,4.0,0.9147557842574057,0.0594114451415462,,,,,,,,
6,3,2,0.9599599720649745,0.04037093443741902,6.0,4.0,0.9147557842574057,0.0594114451415462,,,,,,,,
7,3,2,0.9599599720649745,0.04037093443741902,8.0,6.0,0.8932721698357617,0.047942916788053624,,,,,,,,
8,3,2,0.9599599720649745,0.04037093443741902,8.0,6.0,0.8932721698357617,0.047942916788053624,,,,,,,,
9,3,2,0.9599599720649745,0.04037093443741902,10.0,8.0,0.8713580691753657,0.04550424342193068,,,,,,,,
10,3,2,0.9599599720649745,0.04037093443741902,11.0,10.0,0.8516523995328394,0.02171036079825503,,,,,,,,
11,3,2,0.9599599720649745,0.04037093443741902,11.0,10.0,0.8516523995328394,0.02171036079825503,,,,,,,,
12,11,10,0.8516523995328394,0.02171036079825503,13.0,3.0,0.9949669064540115,0.03113985655234295,,,,,,,,
13,13,3,0.9949669064540115,0.03113985655234295,14.0,11.0,0.846208044806947,0.043639161830721696,,,,,,,,
14,13,3,0.9949669064540115,0.03113985655234295,15.0,14.0,0.8436415801392483,0.0362720523253256,,,,,,,,
15,13,3,0.9949669064540115,0.03113985655234295,16.0,15.0,0.8069998787918721,0.036002275713353626,,,,,,,,
16,13,3,0.9949669064540115,0.03113985655234295,16.0,15.0,0.8069998787918721,0.036002275713353626,,,,,,,,
17,13,3,0.9949669064540115,0.03113985655234295,16.0,15.0,0.8069998787918721,0.036002275713353626,,,,,,,,
18,13,3,0.9949669064540115,0.03113985655234295,16.0,15.0,0.8069998787918721,0.036002275713353626,,,,,,,,
19,13,3,0.9949669064540115,0.03113985655234295,16.0,15.0,0.8069998787918721,0.036002275713353626,,,,,,,,
20,16,15,0.8069998787918721,0.036002275713353626,21.0,13.0,0.9846869203482468,0.05837500518341954,,,,,,,,
21,16,15,0.8069998787918721,0.036002275713353626,21.0,13.0,0.9846869203482468,0.05837500518341954,,,,,,,,
22,16,15,0.8069998787918721,0.036002275713353626,21.0,13.0,0.9846869203482468,0.05837500518341954,,,,,,,,
23,16,15,0.8069998787918721,0.036002275713353626,21.0,13.0,0.9846869203482468,0.05837500518341954,,,,,,,,
24,16,15,0.8069998787918721,0.036002275713353626,21.0,13.0,0.9846869203482468,0.05837500518341954,,,,,,,,
25,16,15,0.8069998787918721,0.036002275713353626,21.0,13.0,0.9846869203482468,0.05837500518341954,,,,,,,,
26,16,15,0.8069998787918721,0.036002275713353626,21.0,13.0,0.9846869203482468,0.05837500518341954,,,,,,,,
27,16,15,0.8069998787918721,0.036002275713353626,21.0,13.0,0.9846869203482468,0.05837500518341954,,,,,,,,
28,16,15,0.8069998787918721,0.036002275713353626,21.0,13.0,0.9846869203482468,0.05837500518341954,,,,,,,,
29,16,15,0.8069998787918721,0.036002275713353626,30.0,21.0,0.9922480879574838,0.05561563807207853,,,,,,,,
30,30,21,0.9922480879574838,0.05561563807207853,31.0,16.0,0.8028781030005009,0.033506322611918916,,,,,,,,
31,30,21,0.9922480879574838,0.05561563807207853,31.0,16.0,0.8028781030005009,0.033506322611918916,,,,,,,,
32,30,21,0.9922480879574838,0.05561563807207853,31.0,16.0,0.8028781030005009,0.033506322611918916,,,,,,,,
33,30,21,0.9922480879574838,0.05561563807207853,31.0,16.0,0.8028781030005009,0.033506322611918916,,,,,,,,
34,30,21,0.9922480879574838,0.05561563807207853,31.0,16.0,0.8028781030005009,0.033506322611918916,,,,,,,,
35,30,21,0.9922480879574838,0.05561563807207853,31.0,16.0,0.8028781030005009,0.033506322611918916,,,,,,,,
36,30,21,0.9922480879574838,0.05561563807207853,31.0,16.0,0.8028781030005009,0.033506322611918916,,,,,,,,
37,30,21,0.9922480879574838,0.05561563807207853,31.0,16.0,0.8028781030005009,0.033506322611918916,,,,,,,,
38,30,21,0.9922480879574838,0.05561563807207853,31.0,16.0,0.8028781030005009,0.033506322611918916,,,,,,,,
39,30,21,0.9922480879574838,0.05561563807207853,31.0,16.0,0.8028781030005009,0.033506322611918916,,,,,,,,
40,30,21,0.9922480879574838,0.05561563807207853,31.0,16.0,0.8028781030005009,0.033506322611918916,,,,,,,,
41,30,21,0.9922480879574838,0.05561563807207853,31.0,16.0,0.8028781030005009,0.033506322611918916,,,,,,,,
42,30,21,0.9922480879574838,0.05561563807207853,31.0,16.0,0.8028781030005009,0.033506322611918916,,,,,,,,
43,30,21,0.9922480879574838,0.05561563807207853,44.0,31.0,0.772416952237741,0.03637616380574546,,,,,,,,
44,30,21,0.9922480879574838,0.05561563807207853,44.0,31.0,0.772416952237741,0.03637616380574546,,,,,,,,
45,30,21,0.9922480879574838,0.05561563807207853,44.0,31.0,0.772416952237741,0.03637616380574546,,,,,,,,
46,30,21,0.9922480879574838,0.05561563807207853,44.0,31.0,0.772416952237741,0.03637616380574546,,,,,,,,
47,30,21,0.9922480879574838,0.05561563807207853,44.0,31.0,0.772416952237741,0.03637616380574546,,,,,,,,
48,30,21,0.9922480879574838,0.05561563807207853,44.0,31.0,0.772416952237741,0.03637616380574546,,,,,,,,
49,30,21,0.9922480879574838,0.05561563807207853,44.0,31.0,0.772416952237741,0.03637616380574546,,,,,,,,
50,30,21,0.9922480879574838,0.05561563807207853,51.0,44.0,0.750810161131815,0.02611989886835852,,,,,,,,
51,30,21,0.9922480879574838,0.05561563807207853,51.0,44.0,0.750810161131815,0.02611989886835852,,,,,,,,
52,30,21,0.9922480879574838,0.05561563807207853,51.0,44.0,0.750810161131815,0.02611989886835852,,,,,,,,
53,30,21,0.9922480879574838,0.05561563807207853,51.0,44.0,0.750810161131815,0.02611989886835852,,,,,,,,
54,30,21,0.9922480879574838,0.05561563807207853,51.0,44.0,0.750810161131815,0.02611989886835852,,,,,,,,
55,30,21,0.9922480879574838,0.05561563807207853,51.0,44.0,0.750810161131815,0.02611989886835852,,,,,,,,
56,30,21,0.9922480879574838,0.05561563807207853,51.0,44.0,0.750810161131815,0.02611989886835852,,,,,,,,
57,30,21,0.9922480879574838,0.05561563807207853,51.0,44.0,0.750810161131815,0.02611989886835852,,,,,,,,
58,30,21,0.9922480879574838,0.05561563807207853,51.0,44.0,0.750810161131815,0.02611989886835852,,,,,,,,
59,30,21,0.9922480879574838,0.05561563807207853,51.0,44.0,0.750810161131815,0.02611989886835852,,,,,,,,
60,30,21,0.9922480879574838,0.05561563807207853,51.0,44.0,0.750810161131815,0.02611989886835852,,,,,,,,
61,30,21,0.9922480879574838,0.05561563807207853,51.0,44.0,0.750810161131815,0.02611989886835852,,,,,,,,
62,30,21,0.9922480879574838,0.05561563807207853,51.0,44.0,0.750810161131815,0.02611989886835852,,,,,,,,
63,30,21,0.9922480879574838,0.05561563807207853,51.0,44.0,0.750810161131815,0.02611989886835852,,,,,,,,
64,30,21,0.9922480879574838,0.05561563807207853,51.0,44.0,0.750810161131815,0.02611989886835852,,,,,,,,
65,30,21,0.9922480879574838,0.05561563807207853,51.0,44.0,0.750810161131815,0.02611989886835852,,,,,,,,
66,30,21,0.9922480879574838,0.05561563807207853,67.0,51.0,0.7412576929598484,0.03287347155992542,,,,,,,,
67,30,21,0.9922480879574838,0.05561563807207853,67.0,51.0,0.7412576929598484,0.03287347155992542,,,,,,,,
68,30,21,0.9922480879574838,0.05561563807207853,67.0,51.0,0.7412576929598484,0.03287347155992542,,,,,,,,
69,30,21,0.9922480879574838,0.05561563807207853,67.0,51.0,0.7412576929598484,0.03287347155992542,,,,,,,,
70,30,21,0.9922480879574838,0.05561563807207853,67.0,51.0,0.7412576929598484,0.03287347155992542,,,,,,,,
71,30,21,0.9922480879574838,0.05561563807207853,67.0,51.0,0.7412576929598484,0.03287347155992542,,,,,,,,
72,30,21,0.9922480879574838,0.05561563807207853,67.0,51.0,0.7412576929598484,0.03287347155992542,,,,,,,,
73,30,21,0.9922480879574838,0.05561563807207853,67.0,51.0,0.7412576929598484,0.03287347155992542,,,,,,,,
74,67,51,0.7412576929598484,0.03287347155992542,75.0,30.0,0.9930817633171148,0.043159361920495125,,,,,,,,
75,67,51,0.7412576929598484,0.03287347155992542,75.0,30.0,0.9930817633171148,0.043159361920495125,,,,,,,,
76,67,51,0.7412576929598484,0.03287347155992542,75.0,30.0,0.9930817633171148,0.043159361920495125,,,,,,,,
77,67,51,0.7412576929598484,0.03287347155992542,75.0,30.0,0.9930817633171148,0.043159361920495125,,,,,,,,
78,67,51,0.7412576929598484,0.03287347155992542,75.0,30.0,0.9930817633171148,0.043159361920495125,,,,,,,,
79,67,51,0.7412576929598484,0.03287347155992542,75.0,30.0,0.9930817633171148,0.043159361920495125,,,,,,,,
80,67,51,0.7412576929598484,0.03287347155992542,75.0,30.0,0.9930817633171148,0.043159361920495125,,,,,,,,
81,67,51,0.7412576929598484,0.03287347155992542,75.0,30.0,0.9930817633171148,0.043159361920495125,,,,,,,,
82,67,51,0.7412576929598484,0.03287347155992542,75.0,30.0,0.9930817633171148,0.043159361920495125,,,,,,,,
83,67,51,0.7412576929598484,0.03287347155992542,75.0,30.0,0.9930817633171148,0.043159361920495125,,,,,,,,
84,75,30,0.9930817633171148,0.043159361920495125,85.0,67.0,0.7383741904606728,0.03582839873079405,,,,,,,,
85,75,30,0.9930817633171148,0.043159361920495125,86.0,85.0,0.7341789935379729,0.0376110005012948,,,,,,,,
86,75,30,0.9930817633171148,0.043159361920495125,86.0,85.0,0.7341789935379729,0.0376110005012948,,,,,,,,
87,75,30,0.9930817633171148,0.043159361920495125,86.0,85.0,0.7341789935379729,0.0376110005012948,,,,,,,,
88,75,30,0.9930817633171148,0.043159361920495125,86.0,85.0,0.7341789935379729,0.0376110005012948,,,,,,,,
89,75,30,0.9930817633171148,0.043159361920495125,86.0,85.0,0.7341789935379729,0.0376110005012948,,,,,,,,
90,75,30,0.9930817633171148,0.043159361920495125,86.0,85.0,0.7341789935379729,0.0376110005012948,,,,,,,,
91,75,30,0.9930817633171148,0.043159361920495125,86.0,85.0,0.7341789935379729,0.0376110005012948,,,,,,,,
92,75,30,0.9930817633171148,0.043159361920495125,86.0,85.0,0.7341789935379729,0.0376110005012948,93.0,86.0,0.7126878079208642,0.04616182730805447,,,,
93,75,30,0.9930817633171148,0.043159361920495125,93.0,86.0,0.7126878079208642,0.04616182730805447,,,,,,,,
94,75,30,0.9930817633171148,0.043159361920495125,93.0,86.0,0.7126878079208642,0.04616182730805447,,,,,,,,
95,75,30,0.9930817633171148,0.043159361920495125,93.0,86.0,0.7126878079208642,0.04616182730805447,,,,,,,,
96,75,30,0.9930817633171148,0.043159361920495125,93.0,86.0,0.7126878079208642,0.04616182730805447,,,,,,,,
97,75,30,0.9930817633171148,0.043159361920495125,93.0,86.0,0.7126878079208642,0.04616182730805447,,,,,,,,
98,75,30,0.9930817633171148,0.043159361920495125,93.0,86.0,0.7126878079208642,0.04616182730805447,,,,,,,,
99,75,30,0.9930817633171148,0.043159361920495125,93.0,86.0,0.7126878079208642,0.04616182730805447,,,,,,,,
100,75,30,0.9930817633171148,0.043159361920495125,93.0,86.0,0.7126878079208642,0.04616182730805447,,,,,,,,
101,75,30,0.9930817633171148,0.043159361920495125,93.0,86.0,0.7126878079208642,0.04616182730805447,,,,,,,,
102,75,30,0.9930817633171148,0.043159361920495125,93.0,86.0,0.7126878079208642,0.04616182730805447,,,,,,,,
103,75,30,0.9930817633171148,0.043159361920495125,93.0,86.0,0.7126878079208642,0.04616182730805447,,,,,,,,
104,75,30,0.9930817633171148,0.043159361920495125,93.0,86.0,0.7126878079208642,0.04616182730805447,,,,,,,,
105,75,30,0.9930817633171148,0.043159361920495125,93.0,86.0,0.7126878079208642,0.04616182730805447,,,,,,,,
106,75,30,0.9930817633171148,0.043159361920495125,93.0,86.0,0.7126878079208642,0.04616182730805447,,,,,,,,
107,75,30,0.9930817633171148,0.043159361920495125,93.0,86.0,0.7126878079208642,0.04616182730805447,,,,,,,,
108,75,30,0.9930817633171148,0.043159361920495125,93.0,86.0,0.7126878079208642,0.04616182730805447,,,,,,,,
109,75,30,0.9930817633171148,0.043159361920495125,93.0,86.0,0.7126878079208642,0.04616182730805447,,,,,,,,
110,75,30,0.9930817633171148,0.043159361920495125,93.0,86.0,0.7126878079208642,0.04616182730805447,,,,,,,,
111,75,30,0.9930817633171148,0.043159361920495125,93.0,86.0,0.7126878079208642,0.04616182730805447,,,,,,,,
112,75,30,0.9930817633171148,0.043159361920495125,93.0,86.0,0.7126878079208642,0.04616182730805447,,,,,,,,
113,75,30,0.9930817633171148,0.043159361920495125,93.0,86.0,0.7126878079208642,0.04616182730805447,,,,,,,,
114,75,30,0.9930817633171148,0.043159361920495125,93.0,86.0,0.7126878079208642,0.04616182730805447,,,,,,,,
115,75,30,0.9930817633171148,0.043159361920495125,93.0,86.0,0.7126878079208642,0.04616182730805447,,,,,,,,
116,75,30,0.9930817633171148,0.043159361920495125,93.0,86.0,0.7126878079208642,0.04616182730805447,,,,,,,,
117,75,30,0.9930817633171148,0.043159361920495125,93.0,86.0,0.7126878079208642,0.04616182730805447,,,,,,,,
118,75,30,0.9930817633171148,0.043159361920495125,93.0,86.0,0.7126878079208642,0.04616182730805447,119.0,75.0,0.9953752695610658,0.0400052608988915,,,,
119,75,30,0.9930817633171148,0.043159361920495125,93.0,86.0,0.7126878079208642,0.04616182730805447,119.0,75.0,0.9953752695610658,0.0400052608988915,,,,
120,75,30,0.9930817633171148,0.043159361920495125,93.0,86.0,0.7126878079208642,0.04616182730805447,119.0,75.0,0.9953752695610658,0.0400052608988915,,,,
121,75,30,0.9930817633171148,0.043159361920495125,93.0,86.0,0.7126878079208642,0.04616182730805447,119.0,75.0,0.9953752695610658,0.0400052608988915,,,,
122,75,30,0.9930817633171148,0.043159361920495125,93.0,86.0,0.7126878079208642,0.04616182730805447,123.0,93.0,0.7095110025812686,0.04674549510565656,,,,
123,75,30,0.9930817633171148,0.043159361920495125,93.0,86.0,0.7126878079208642,0.04616182730805447,123.0,93.0,0.7095110025812686,0.04674549510565656,,,,
124,75,30,0.9930817633171148,0.043159361920495125,123.0,93.0,0.7095110025812686,0.04674549510565656,,,,,,,,
125,75,30,0.9930817633171148,0.043159361920495125,123.0,93.0,0.7095110025812686,0.04674549510565656,,,,,,,,
126,75,30,0.9930817633171148,0.043159361920495125,127.0,123.0,0.701223712523249,0.04773412481558454,,,,,,,,
127,75,30,0.9930817633171148,0.043159361920495125,127.0,123.0,0.701223712523249,0.04773412481558454,,,,,,,,
128,75,30,0.9930817633171148,0.043159361920495125,127.0,123.0,0.701223712523249,0.04773412481558454,,,,,,,,
129,75,30,0.9930817633171148,0.043159361920495125,127.0,123.0,0.701223712523249,0.04773412481558454,,,,,,,,
130,75,30,0.9930817633171148,0.043159361920495125,127.0,123.0,0.701223712523249,0.04773412481558454,,,,,,,,
131,75,30,0.9930817633171148,0.043159361920495125,132.0,127.0,0.682150799491657,0.042667691896767605,,,,,,,,
132,75,30,0.9930817633171148,0.043159361920495125,132.0,127.0,0.682150799491657,0.042667691896767605,,,,,,,,
133,75,30,0.9930817633171148,0.043159361920495125,132.0,127.0,0.682150799491657,0.042667691896767605,,,,,,,,
134,75,30,0.9930817633171148,0.043159361920495125,132.0,127.0,0.682150799491657,0.042667691896767605,,,,,,,,
135,75,30,0.9930817633171148,0.043159361920495125,132.0,127.0,0.682150799491657,0.042667691896767605,,,,,,,,
136,75,30,0.9930817633171148,0.043159361920495125,132.0,127.0,0.682150799491657,0.042667691896767605,,,,,,,,
137,75,30,0.9930817633171148,0.043159361920495125,132.0,127.0,0.682150799491657,0.042667691896767605,,,,,,,,
138,75,30,0.9930817633171148,0.043159361920495125,132.0,127.0,0.682150799491657,0.042667691896767605,,,,,,,,
139,75,30,0.9930817633171148,0.043159361920495125,132.0,127.0,0.682150799491657,0.042667691896767605,,,,,,,,
140,75,30,0.9930817633171148,0.043159361920495125,132.0,127.0,0.682150799491657,0.042667691896767605,,,,,,,,
141,75,30,0.9930817633171148,0.043159361920495125,132.0,127.0,0.682150799491657,0.042667691896767605,,,,,,,,
142,75,30,0.9930817633171148,0.043159361920495125,132.0,127.0,0.682150799491657,0.042667691896767605,,,,,,,,
143,75,30,0.9930817633171148,0.043159361920495125,132.0,127.0,0.682150799491657,0.042667691896767605,,,,,,,,
144,75,30,0.9930817633171148,0.043159361920495125,132.0,127.0,0.682150799491657,0.042667691896767605,,,,,,,,
145,75,30,0.9930817633171148,0.043159361920495125,132.0,127.0,0.682150799491657,0.042667691896767605,,,,,,,,
146,75,30,0.9930817633171148,0.043159361920495125,132.0,127.0,0.682150799491657,0.042667691896767605,,,,,,,,
147,75,30,0.9930817633171148,0.043159361920495125,132.0,127.0,0.682150799491657,0.042667691896767605,,,,,,,,
148,75,30,0.9930817633171148,0.043159361920495125,132.0,127.0,0.682150799491657,0.042667691896767605,,,,,,,,
149,75,30,0.9930817633171148,0.043159361920495125,132.0,127.0,0.682150799491657,0.042667691896767605,,,,,,,,
150,75,30,0.9930817633171148,0.043159361920495125,132.0,127.0,0.682150799491657,0.042667691896767605,,,,,,,,
151,75,30,0.9930817633171148,0.043159361920495125,132.0,127.0,0.682150799491657,0.042667691896767605,,,,,,,,
152,75,30,0.9930817633171148,0.043159361920495125,132.0,127.0,0.682150799491657,0.042667691896767605,,,,,,,,
153,75,30,0.9930817633171148,0.043159361920495125,132.0,127.0,0.682150799491657,0.042667691896767605,,,,,,,,
154,75,30,0.9930817633171148,0.043159361920495125,132.0,127.0,0.682150799491657,0.042667691896767605,,,,,,,,
155,75,30,0.9930817633171148,0.043159361920495125,132.0,127.0,0.682150799491657,0.042667691896767605,,,,,,,,
156,75,30,0.9930817633171148,0.043159361920495125,132.0,127.0,0.682150799491657,0.042667691896767605,,,,,,,,
157,75,30,0.9930817633171148,0.043159361920495125,158.0,132.0,0.6727462779436247,0.03222803460194472,,,,,,,,
158,75,30,0.9930817633171148,0.043159361920495125,158.0,132.0,0.6727462779436247,0.03222803460194472,,,,,,,,
159,75,30,0.9930817633171148,0.043159361920495125,158.0,132.0,0.6727462779436247,0.03222803460194472,,,,,,,,
160,75,30,0.9930817633171148,0.043159361920495125,158.0,132.0,0.6727462779436247,0.03222803460194472,,,,,,,,
161,75,30,0.9930817633171148,0.043159361920495125,158.0,132.0,0.6727462779436247,0.03222803460194472,,,,,,,,
162,75,30,0.9930817633171148,0.043159361920495125,158.0,132.0,0.6727462779436247,0.03222803460194472,,,,,,,,
163,75,30,0.9930817633171148,0.043159361920495125,158.0,132.0,0.6727462779436247,0.03222803460194472,,,,,,,,
164,75,30,0.9930817633171148,0.043159361920495125,158.0,132.0,0.6727462779436247,0.03222803460194472,,,,,,,,
165,75,30,0.9930817633171148,0.043159361920495125,166.0,158.0,0.66312233794097,0.0327595484039988,,,,,,,,
166,75,30,0.9930817633171148,0.043159361920495125,166.0,158.0,0.66312233794097,0.0327595484039988,,,,,,,,
167,75,30,0.9930817633171148,0.043159361920495125,166.0,158.0,0.66312233794097,0.0327595484039988,,,,,,,,
168,75,30,0.9930817633171148,0.043159361920495125,166.0,158.0,0.66312233794097,0.0327595484039988,,,,,,,,
169,75,30,0.9930817633171148,0.043159361920495125,166.0,158.0,0.66312233794097,0.0327595484039988,,,,,,,,
170,75,30,0.9930817633171148,0.043159361920495125,166.0,158.0,0.66312233794097,0.0327595484039988,,,,,,,,
171,75,30,0.9930817633171148,0.043159361920495125,166.0,158.0,0.66312233794097,0.0327595484039988,,,,,,,,
172,75,30,0.9930817633171148,0.043159361920495125,166.0,158.0,0.66312233794097,0.0327595484039988,,,,,,,,
173,75,30,0.9930817633171148,0.043159361920495125,166.0,158.0,0.66312233794097,0.0327595484039988,,,,,,,,
174,75,30,0.9930817633171148,0.043159361920495125,166.0,158.0,0.66312233794097,0.0327595484039988,,,,,,,,
175,75,30,0.9930817633171148,0.043159361920495125,166.0,158.0,0.66312233794097,0.0327595484039988,176.0,166.0,0.6700763010816565,0.03538066873504244,,,,
176,75,30,0.9930817633171148,0.043159361920495125,166.0,158.0,0.66312233794097,0.0327595484039988,,,,,,,,
177,75,30,0.9930817633171148,0.043159361920495125,166.0,158.0,0.66312233794097,0.0327595484039988,,,,,,,,
178,75,30,0.9930817633171148,0.043159361920495125,166.0,158.0,0.66312233794097,0.0327595484039988,,,,,,,,
179,75,30,0.9930817633171148,0.043159361920495125,166.0,158.0,0.66312233794097,0.0327595484039988,,,,,,,,
180,75,30,0.9930817633171148,0.043159361920495125,166.0,158.0,0.66312233794097,0.0327595484039988,,,,,,,,
181,75,30,0.9930817633171148,0.043159361920495125,166.0,158.0,0.66312233794097,0.0327595484039988,,,,,,,,
182,75,30,0.9930817633171148,0.043159361920495125,166.0,158.0,0.66312233794097,0.0327595484039988,,,,,,,,
183,75,30,0.9930817633171148,0.043159361920495125,166.0,158.0,0.66312233794097,0.0327595484039988,,,,,,,,
184,75,30,0.9930817633171148,0.043159361920495125,166.0,158.0,0.66312233794097,0.0327595484039988,,,,,,,,
185,75,30,0.9930817633171148,0.043159361920495125,166.0,158.0,0.66312233794097,0.0327595484039988,,,,,,,,
186,75,30,0.9930817633171148,0.043159361920495125,166.0,158.0,0.66312233794097,0.0327595484039988,,,,,,,,
187,75,30,0.9930817633171148,0.043159361920495125,166.0,158.0,0.66312233794097,0.0327595484039988,,,,,,,,
188,75,30,0.9930817633171148,0.043159361920495125,166.0,158.0,0.66312233794097,0.0327595484039988,,,,,,,,
189,75,30,0.9930817633171148,0.043159361920495125,166.0,158.0,0.66312233794097,0.0327595484039988,,,,,,,,
190,75,30,0.9930817633171148,0.043159361920495125,166.0,158.0,0.66312233794097,0.0327595484039988,,,,,,,,
191,75,30,0.9930817633171148,0.043159361920495125,166.0,158.0,0.66312233794097,0.0327595484039988,,,,,,,,
192,75,30,0.9930817633171148,0.043159361920495125,166.0,158.0,0.66312233794097,0.0327595484039988,193.0,166.0,0.6675207991423657,0.03555906411800362,,,,
193,75,30,0.9930817633171148,0.043159361920495125,166.0,158.0,0.66312233794097,0.0327595484039988,193.0,166.0,0.6675207991423657,0.03555906411800362,,,,
194,75,30,0.9930817633171148,0.043159361920495125,166.0,158.0,0.66312233794097,0.0327595484039988,193.0,166.0,0.6675207991423657,0.03555906411800362,,,,
195,75,30,0.9930817633171148,0.043159361920495125,166.0,158.0,0.66312233794097,0.0327595484039988,,,,,,,,
196,75,30,0.9930817633171148,0.043159361920495125,166.0,158.0,0.66312233794097,0.0327595484039988,,,,,,,,
197,75,30,0.9930817633171148,0.043159361920495125,166.0,158.0,0.66312233794097,0.0327595484039988,,,,,,,,
198,166,158,0.66312233794097,0.0327595484039988,199.0,75.0,0.9932993743537673,0.05166727624682386,,,,,,,,
199,166,158,0.66312233794097,0.0327595484039988,199.0,75.0,0.9932993743537673,0.05166727624682386,,,,,,,,
200,166,158,0.66312233794097,0.0327595484039988,199.0,75.0,0.9932993743537673,0.05166727624682386,,,,,,,,
201,166,158,0.66312233794097,0.0327595484039988,199.0,75.0,0.9932993743537673,0.05166727624682386,,,,,,,,
202,166,158,0.66312233794097,0.0327595484039988,199.0,75.0,0.9932993743537673,0.05166727624682386,,,,,,,,
203,166,158,0.66312233794097,0.0327595484039988,199.0,75.0,0.9932993743537673,0.05166727624682386,,,,,,,,
204,166,158,0.66312233794097,0.0327595484039988,199.0,75.0,0.9932993743537673,0.05166727624682386,,,,,,,,
205,166,158,0.66312233794097,0.0327595484039988,199.0,75.0,0.9932993743537673,0.05166727624682386,,,,,,,,
206,166,158,0.66312233794097,0.0327595484039988,199.0,75.0,0.9932993743537673,0.05166727624682386,,,,,,,,
207,166,158,0.66312233794097,0.0327595484039988,199.0,75.0,0.9932993743537673,0.05166727624682386,,,,,,,,
208,166,158,0.66312233794097,0.0327595484039988,199.0,75.0,0.9932993743537673,0.05166727624682386,,,,,,,,
209,166,158,0.66312233794097,0.0327595484039988,199.0,75.0,0.9932993743537673,0.05166727624682386,,,,,,,,
210,166,158,0.66312233794097,0.0327595484039988,199.0,75.0,0.9932993743537673,0.05166727624682386,,,,,,,,
211,199,75,0.9932993743537673,0.05166727624682386,212.0,166.0,0.6416242783405357,0.03540330575516159,,,,,,,,
212,199,75,0.9932993743537673,0.05166727624682386,212.0,166.0,0.6416242783405357,0.03540330575516159,,,,,,,,
213,199,75,0.9932993743537673,0.05166727624682386,212.0,166.0,0.6416242783405357,0.03540330575516159,,,,,,,,
214,199,75,0.9932993743537673,0.05166727624682386,212.0,166.0,0.6416242783405357,0.03540330575516159,,,,,,,,
215,199,75,0.9932993743537673,0.05166727624682386,212.0,166.0,0.6416242783405357,0.03540330575516159,,,,,,,,
216,199,75,0.9932993743537673,0.05166727624682386,212.0,166.0,0.6416242783405357,0.03540330575516159,,,,,,,,
217,199,75,0.9932993743537673,0.05166727624682386,212.0,166.0,0.6416242783405357,0.03540330575516159,,,,,,,,
218,199,75,0.9932993743537673,0.05166727624682386,212.0,166.0,0.6416242783405357,0.03540330575516159,,,,,,,,
219,199,75,0.9932993743537673,0.05166727624682386,212.0,166.0,0.6416242783405357,0.03540330575516159,,,,,,,,
220,199,75,0.9932993743537673,0.05166727624682386,212.0,166.0,0.6416242783405357,0.03540330575516159,,,,,,,,
221,199,75,0.9932993743537673,0.05166727624682386,212.0,166.0,0.6416242783405357,0.03540330575516159,,,,,,,,
222,199,75,0.9932993743537673,0.05166727624682386,212.0,166.0,0.6416242783405357,0.03540330575516159,,,,,,,,
223,199,75,0.9932993743537673,0.05166727624682386,212.0,166.0,0.6416242783405357,0.03540330575516159,,,,,,,,
224,199,75,0.9932993743537673,0.05166727624682386,212.0,166.0,0.6416242783405357,0.03540330575516159,,,,,,,,
225,199,75,0.9932993743537673,0.05166727624682386,212.0,166.0,0.6416242783405357,0.03540330575516159,,,,,,,,
226,199,75,0.9932993743537673,0.05166727624682386,212.0,166.0,0.6416242783405357,0.03540330575516159,,,,,,,,
227,199,75,0.9932993743537673,0.05166727624682386,212.0,166.0,0.6416242783405357,0.03540330575516159,,,,,,,,
228,199,75,0.9932993743537673,0.05166727624682386,212.0,166.0,0.6416242783405357,0.03540330575516159,,,,,,,,
229,199,75,0.9932993743537673,0.05166727624682386,212.0,166.0,0.6416242783405357,0.03540330575516159,,,,,,,,
230,212,166,0.6416242783405357,0.03540330575516159,231.0,199.0,0.9981388703706268,0.056781680931726315,,,,,,,,
231,212,166,0.6416242783405357,0.03540330575516159,231.0,199.0,0.9981388703706268,0.056781680931726315,,,,,,,,
232,212,166,0.6416242783405357,0.03540330575516159,231.0,199.0,0.9981388703706268,0.056781680931726315,,,,,,,,
233,212,166,0.6416242783405357,0.03540330575516159,231.0,199.0,0.9981388703706268,0.056781680931726315,,,,,,,,
234,212,166,0.6416242783405357,0.03540330575516159,231.0,199.0,0.9981388703706268,0.056781680931726315,,,,,,,,
235,212,166,0.6416242783405357,0.03540330575516159,236.0,231.0,0.9969768953616485,0.051583619762613685,,,,,,,,
236,212,166,0.6416242783405357,0.03540330575516159,236.0,231.0,0.9969768953616485,0.051583619762613685,,,,,,,,
237,212,166,0.6416242783405357,0.03540330575516159,236.0,231.0,0.9969768953616485,0.051583619762613685,,,,,,,,
238,212,166,0.6416242783405357,0.03540330575516159,236.0,231.0,0.9969768953616485,0.051583619762613685,,,,,,,,
239,212,166,0.6416242783405357,0.03540330575516159,236.0,231.0,0.9969768953616485,0.051583619762613685,,,,,,,,
240,212,166,0.6416242783405357,0.03540330575516159,236.0,231.0,0.9969768953616485,0.051583619762613685,,,,,,,,
241,212,166,0.6416242783405357,0.03540330575516159,236.0,231.0,0.9969768953616485,0.051583619762613685,,,,,,,,
242,212,166,0.6416242783405357,0.03540330575516159,236.0,231.0,0.9969768953616485,0.051583619762613685,,,,,,,,
243,212,166,0.6416242783405357,0.03540330575516159,236.0,231.0,0.9969768953616485,0.051583619762613685,,,,,,,,
244,212,166,0.6416242783405357,0.03540330575516159,236.0,231.0,0.9969768953616485,0.051583619762613685,,,,,,,,
245,212,166,0.6416242783405357,0.03540330575516159,236.0,231.0,0.9969768953616485,0.051583619762613685,,,,,,,,
246,212,166,0.6416242783405357,0.03540330575516159,236.0,231.0,0.9969768953616485,0.051583619762613685,,,,,,,,
247,212,166,0.6416242783405357,0.03540330575516159,236.0,231.0,0.9969768953616485,0.051583619762613685,,,,,,,,
248,212,166,0.6416242783405357,0.03540330575516159,236.0,231.0,0.9969768953616485,0.051583619762613685,,,,,,,,
249,212,166,0.6416242783405357,0.03540330575516159,236.0,231.0,0.9969768953616485,0.051583619762613685,,,,,,,,
250,212,166,0.6416242783405357,0.03540330575516159,236.0,231.0,0.9969768953616485,0.051583619762613685,251.0,212.0,0.6510591424019515,0.032038589441129944,,,,
251,212,166,0.6416242783405357,0.03540330575516159,236.0,231.0,0.9969768953616485,0.051583619762613685,251.0,212.0,0.6510591424019515,0.032038589441129944,,,,
252,212,166,0.6416242783405357,0.03540330575516159,236.0,231.0,0.9969768953616485,0.051583619762613685,,,,,,,,
253,212,166,0.6416242783405357,0.03540330575516159,236.0,231.0,0.9969768953616485,0.051583619762613685,,,,,,,,
254,212,166,0.6416242783405357,0.03540330575516159,236.0,231.0,0.9969768953616485,0.051583619762613685,,,,,,,,
255,212,166,0.6416242783405357,0.03540330575516159,236.0,231.0,0.9969768953616485,0.051583619762613685,,,,,,,,
256,212,166,0.6416242783405357,0.03540330575516159,236.0,231.0,0.9969768953616485,0.051583619762613685,,,,,,,,
257,212,166,0.6416242783405357,0.03540330575516159,236.0,231.0,0.9969768953616485,0.051583619762613685,,,,,,,,
258,212,166,0.6416242783405357,0.03540330575516159,236.0,231.0,0.9969768953616485,0.051583619762613685,,,,,,,,
259,212,166,0.6416242783405357,0.03540330575516159,236.0,231.0,0.9969768953616485,0.051583619762613685,,,,,,,,
260,212,166,0.6416242783405357,0.03540330575516159,236.0,231.0,0.9969768953616485,0.051583619762613685,,,,,,,,
261,212,166,0.6416242783405357,0.03540330575516159,236.0,231.0,0.9969768953616485,0.051583619762613685,,,,,,,,
262,212,166,0.6416242783405357,0.03540330575516159,236.0,231.0,0.9969768953616485,0.051583619762613685,,,,,,,,
263,212,166,0.6416242783405357,0.03540330575516159,236.0,231.0,0.9969768953616485,0.051583619762613685,,,,,,,,
264,212,166,0.6416242783405357,0.03540330575516159,236.0,231.0,0.9969768953616485,0.051583619762613685,,,,,,,,
265,212,166,0.6416242783405357,0.03540330575516159,236.0,231.0,0.9969768953616485,0.051583619762613685,,,,,,,,
266,212,166,0.6416242783405357,0.03540330575516159,236.0,231.0,0.9969768953616485,0.051583619762613685,,,,,,,,
267,212,166,0.6416242783405357,0.03540330575516159,236.0,231.0,0.9969768953616485,0.051583619762613685,,,,,,,,
268,212,166,0.6416242783405357,0.03540330575516159,236.0,231.0,0.9969768953616485,0.051583619762613685,,,,,,,,
269,212,166,0.6416242783405357,0.03540330575516159,236.0,231.0,0.9969768953616485,0.051583619762613685,,,,,,,,
270,212,166,0.6416242783405357,0.03540330575516159,236.0,231.0,0.9969768953616485,0.051583619762613685,,,,,,,,
271,212,166,0.6416242783405357,0.03540330575516159,236.0,231.0,0.9969768953616485,0.051583619762613685,,,,,,,,
272,212,166,0.6416242783405357,0.03540330575516159,236.0,231.0,0.9969768953616485,0.051583619762613685,,,,,,,,
273,212,166,0.6416242783405357,0.03540330575516159,236.0,231.0,0.9969768953616485,0.051583619762613685,,,,,,,,
274,212,166,0.6416242783405357,0.03540330575516159,236.0,231.0,0.9969768953616485,0.051583619762613685,,,,,,,,
275,212,166,0.6416242783405357,0.03540330575516159,236.0,231.0,0.9969768953616485,0.051583619762613685,,,,,,,,
276,212,166,0.6416242783405357,0.03540330575516159,236.0,231.0,0.9969768953616485,0.051583619762613685,277.0,212.0,0.6350563348684092,0.03137215231100145,,,,
277,212,166,0.6416242783405357,0.03540330575516159,236.0,231.0,0.9969768953616485,0.051583619762613685,,,,,,,,
278,212,166,0.6416242783405357,0.03540330575516159,236.0,231.0,0.9969768953616485,0.051583619762613685,,,,,,,,
279,212,166,0.6416242783405357,0.03540330575516159,236.0,231.0,0.9969768953616485,0.051583619762613685,,,,,,,,
280,212,166,0.6416242783405357,0.03540330575516159,236.0,231.0,0.9969768953616485,0.051583619762613685,,,,,,,,
281,212,166,0.6416242783405357,0.03540330575516159,236.0,231.0,0.9969768953616485,0.051583619762613685,,,,,,,,
282,212,166,0.6416242783405357,0.03540330575516159,236.0,231.0,0.9969768953616485,0.051583619762613685,,,,,,,,
283,212,166,0.6416242783405357,0.03540330575516159,236.0,231.0,0.9969768953616485,0.051583619762613685,,,,,,,,
284,212,166,0.6416242783405357,0.03540330575516159,236.0,231.0,0.9969768953616485,0.051583619762613685,,,,,,,,
285,212,166,0.6416242783405357,0.03540330575516159,236.0,231.0,0.9969768953616485,0.051583619762613685,,,,,,,,
286,212,166,0.6416242783405357,0.03540330575516159,236.0,231.0,0.9969768953616485,0.051583619762613685,,,,,,,,
287,212,166,0.6416242783405357,0.03540330575516159,288.0,236.0,0.9990820205091805,0.054021284259776516,,,,,,,,
288,212,166,0.6416242783405357,0.03540330575516159,288.0,236.0,0.9990820205091805,0.054021284259776516,,,,,,,,
289,212,166,0.6416242783405357,0.03540330575516159,288.0,236.0,0.9990820205091805,0.054021284259776516,,,,,,,,
290,212,166,0.6416242783405357,0.03540330575516159,288.0,236.0,0.9990820205091805,0.054021284259776516,,,,,,,,
291,212,166,0.6416242783405357,0.03540330575516159,288.0,236.0,0.9990820205091805,0.054021284259776516,,,,,,,,
292,212,166,0.6416242783405357,0.03540330575516159,288.0,236.0,0.9990820205091805,0.054021284259776516,,,,,,,,
293,212,166,0.6416242783405357,0.03540330575516159,288.0,236.0,0.9990820205091805,0.054021284259776516,,,,,,,,
294,212,166,0.6416242783405357,0.03540330575516159,288.0,236.0,0.9990820205091805,0.054021284259776516,,,,,,,,
295,212,166,0.6416242783405357,0.03540330575516159,288.0,236.0,0.9990820205091805,0.054021284259776516,,,,,,,,
296,212,166,0.6416242783405357,0.03540330575516159,288.0,236.0,0.9990820205091805,0.054021284259776516,,,,,,,,
297,212,166,0.6416242783405357,0.03540330575516159,288.0,236.0,0.9990820205091805,0.054021284259776516,,,,,,,,
298,212,166,0.6416242783405357,0.03540330575516159,288.0,236.0,0.9990820205091805,0.054021284259776516,,,,,,,,
299,212,166,0.6416242783405357,0.03540330575516159,288.0,236.0,0.9990820205091805,0.054021284259776516,,,,,,,,
300,212,166,0.6416242783405357,0.03540330575516159,288.0,236.0,0.9990820205091805,0.054021284259776516,,,,,,,,
301,212,166,0.6416242783405357,0.03540330575516159,288.0,236.0,0.9990820205091805,0.054021284259776516,,,,,,,,
302,212,166,0.6416242783405357,0.03540330575516159,288.0,236.0,0.9990820205091805,0.054021284259776516,,,,,,,,
303,212,166,0.6416242783405357,0.03540330575516159,288.0,236.0,0.9990820205091805,0.054021284259776516,,,,,,,,
304,212,166,0.6416242783405357,0.03540330575516159,288.0,236.0,0.9990820205091805,0.054021284259776516,,,,,,,,
305,212,166,0.6416242783405357,0.03540330575516159,288.0,236.0,0.9990820205091805,0.054021284259776516,,,,,,,,
306,212,166,0.6416242783405357,0.03540330575516159,288.0,236.0,0.9990820205091805,0.054021284259776516,,,,,,,,
307,212,166,0.6416242783405357,0.03540330575516159,288.0,236.0,0.9990820205091805,0.054021284259776516,,,,,,,,
308,212,166,0.6416242783405357,0.03540330575516159,288.0,236.0,0.9990820205091805,0.054021284259776516,,,,,,,,
309,212,166,0.6416242783405357,0.03540330575516159,288.0,236.0,0.9990820205091805,0.054021284259776516,310.0,212.0,0.6229402337590605,0.03525238686809222,,,,
310,212,166,0.6416242783405357,0.03540330575516159,288.0,236.0,0.9990820205091805,0.054021284259776516,310.0,212.0,0.6229402337590605,0.03525238686809222,,,,
311,212,166,0.6416242783405357,0.03540330575516159,288.0,236.0,0.9990820205091805,0.054021284259776516,310.0,212.0,0.6229402337590605,0.03525238686809222,,,,
312,212,166,0.6416242783405357,0.03540330575516159,288.0,236.0,0.9990820205091805,0.054021284259776516,,,,,,,,
313,212,166,0.6416242783405357,0.03540330575516159,288.0,236.0,0.9990820205091805,0.054021284259776516,,,,,,,,
314,212,166,0.6416242783405357,0.03540330575516159,288.0,236.0,0.9990820205091805,0.054021284259776516,,,,,,,,
315,212,166,0.6416242783405357,0.03540330575516159,288.0,236.0,0.9990820205091805,0.054021284259776516,,,,,,,,
316,212,166,0.6416242783405357,0.03540330575516159,288.0,236.0,0.9990820205091805,0.054021284259776516,,,,,,,,
317,212,166,0.6416242783405357,0.03540330575516159,288.0,236.0,0.9990820205091805,0.054021284259776516,,,,,,,,
318,212,166,0.6416242783405357,0.03540330575516159,288.0,236.0,0.9990820205091805,0.054021284259776516,,,,,,,,
319,212,166,0.6416242783405357,0.03540330575516159,288.0,236.0,0.9990820205091805,0.054021284259776516,,,,,,,,
320,212,166,0.6416242783405357,0.03540330575516159,288.0,236.0,0.9990820205091805,0.054021284259776516,,,,,,,,
321,212,166,0.6416242783405357,0.03540330575516159,288.0,236.0,0.9990820205091805,0.054021284259776516,,,,,,,,
322,212,166,0.6416242783405357,0.03540330575516159,288.0,236.0,0.9990820205091805,0.054021284259776516,,,,,,,,
323,212,166,0.6416242783405357,0.03540330575516159,288.0,236.0,0.9990820205091805,0.054021284259776516,,,,,,,,
324,212,166,0.6416242783405357,0.03540330575516159,288.0,236.0,0.9990820205091805,0.054021284259776516,,,,,,,,
325,212,166,0.6416242783405357,0.03540330575516159,288.0,236.0,0.9990820205091805,0.054021284259776516,326.0,212.0,0.6417394261684796,0.03140675920511558,,,,
326,212,166,0.6416242783405357,0.03540330575516159,288.0,236.0,0.9990820205091805,0.054021284259776516,,,,,,,,
327,212,166,0.6416242783405357,0.03540330575516159,288.0,236.0,0.9990820205091805,0.054021284259776516,,,,,,,,
328,212,166,0.6416242783405357,0.03540330575516159,288.0,236.0,0.9990820205091805,0.054021284259776516,,,,,,,,
329,212,166,0.6416242783405357,0.03540330575516159,288.0,236.0,0.9990820205091805,0.054021284259776516,,,,,,,,
330,212,166,0.6416242783405357,0.03540330575516159,288.0,236.0,0.9990820205091805,0.054021284259776516,,,,,,,,
331,212,166,0.6416242783405357,0.03540330575516159,288.0,236.0,0.9990820205091805,0.054021284259776516,,,,,,,,
332,212,166,0.6416242783405357,0.03540330575516159,288.0,236.0,0.9990820205091805,0.054021284259776516,,,,,,,,
333,212,166,0.6416242783405357,0.03540330575516159,288.0,236.0,0.9990820205091805,0.054021284259776516,,,,,,,,
334,212,166,0.6416242783405357,0.03540330575516159,288.0,236.0,0.9990820205091805,0.054021284259776516,,,,,,,,
335,212,166,0.6416242783405357,0.03540330575516159,288.0,236.0,0.9990820205091805,0.054021284259776516,,,,,,,,
336,212,166,0.6416242783405357,0.03540330575516159,288.0,236.0,0.9990820205091805,0.054021284259776516,,,,,,,,
337,212,166,0.6416242783405357,0.03540330575516159,288.0,236.0,0.9990820205091805,0.054021284259776516,,,,,,,,
338,212,166,0.6416242783405357,0.03540330575516159,288.0,236.0,0.9990820205091805,0.054021284259776516,339.0,212.0,0.6320227811609164,0.03606283259828047,,,,
339,212,166,0.6416242783405357,0.03540330575516159,288.0,236.0,0.9990820205091805,0.054021284259776516,339.0,212.0,0.6320227811609164,0.03606283259828047,,,,
340,212,166,0.6416242783405357,0.03540330575516159,288.0,236.0,0.9990820205091805,0.054021284259776516,339.0,212.0,0.6320227811609164,0.03606283259828047,,,,
341,212,166,0.6416242783405357,0.03540330575516159,288.0,236.0,0.9990820205091805,0.054021284259776516,339.0,212.0,0.6320227811609164,0.03606283259828047,,,,
342,212,166,0.6416242783405357,0.03540330575516159,288.0,236.0,0.9990820205091805,0.054021284259776516,339.0,212.0,0.6320227811609164,0.03606283259828047,,,,
343,212,166,0.6416242783405357,0.03540330575516159,288.0,236.0,0.9990820205091805,0.054021284259776516,339.0,212.0,0.6320227811609164,0.03606283259828047,,,,
344,212,166,0.6416242783405357,0.03540330575516159,288.0,236.0,0.9990820205091805,0.054021284259776516,345.0,212.0,0.6334752650100686,0.032742688976984444,,,,
345,212,166,0.6416242783405357,0.03540330575516159,288.0,236.0,0.9990820205091805,0.054021284259776516,345.0,212.0,0.6334752650100686,0.032742688976984444,,,,
346,212,166,0.6416242783405357,0.03540330575516159,288.0,236.0,0.9990820205091805,0.054021284259776516,345.0,212.0,0.6334752650100686,0.032742688976984444,,,,
347,212,166,0.6416242783405357,0.03540330575516159,288.0,236.0,0.9990820205091805,0.054021284259776516,348.0,288.0,0.9988575266748527,0.053224608279243815,,,,
348,212,166,0.6416242783405357,0.03540330575516159,288.0,236.0,0.9990820205091805,0.054021284259776516,348.0,288.0,0.9988575266748527,0.053224608279243815,,,,
349,212,166,0.6416242783405357,0.03540330575516159,288.0,236.0,0.9990820205091805,0.054021284259776516,348.0,288.0,0.9988575266748527,0.053224608279243815,,,,
350,212,166,0.6416242783405357,0.03540330575516159,288.0,236.0,0.9990820205091805,0.054021284259776516,348.0,288.0,0.9988575266748527,0.053224608279243815,,,,
351,212,166,0.6416242783405357,0.03540330575516159,288.0,236.0,0.9990820205091805,0.054021284259776516,348.0,288.0,0.9988575266748527,0.053224608279243815,,,,
352,212,166,0.6416242783405357,0.03540330575516159,288.0,236.0,0.9990820205091805,0.054021284259776516,348.0,288.0,0.9988575266748527,0.053224608279243815,,,,
353,212,166,0.6416242783405357,0.03540330575516159,288.0,236.0,0.9990820205091805,0.054021284259776516,348.0,288.0,0.9988575266748527,0.053224608279243815,,,,
354,212,166,0.6416242783405357,0.03540330575516159,348.0,288.0,0.9988575266748527,0.053224608279243815,,,,,,,,
355,212,166,0.6416242783405357,0.03540330575516159,348.0,288.0,0.9988575266748527,0.053224608279243815,,,,,,,,
356,212,166,0.6416242783405357,0.03540330575516159,348.0,288.0,0.9988575266748527,0.053224608279243815,,,,,,,,
357,212,166,0.6416242783405357,0.03540330575516159,348.0,288.0,0.9988575266748527,0.053224608279243815,,,,,,,,
358,212,166,0.6416242783405357,0.03540330575516159,348.0,288.0,0.9988575266748527,0.053224608279243815,,,,,,,,
359,212,166,0.6416242783405357,0.03540330575516159,348.0,288.0,0.9988575266748527,0.053224608279243815,,,,,,,,
360,212,166,0.6416242783405357,0.03540330575516159,348.0,288.0,0.9988575266748527,0.053224608279243815,,,,,,,,
361,212,166,0.6416242783405357,0.03540330575516159,348.0,288.0,0.9988575266748527,0.053224608279243815,,,,,,,,
362,212,166,0.6416242783405357,0.03540330575516159,348.0,288.0,0.9988575266748527,0.053224608279243815,,,,,,,,
363,212,166,0.6416242783405357,0.03540330575516159,348.0,288.0,0.9988575266748527,0.053224608279243815,,,,,,,,
364,212,166,0.6416242783405357,0.03540330575516159,348.0,288.0,0.9988575266748527,0.053224608279243815,,,,,,,,
365,212,166,0.6416242783405357,0.03540330575516159,348.0,288.0,0.9988575266748527,0.053224608279243815,,,,,,,,
366,212,166,0.6416242783405357,0.03540330575516159,348.0,288.0,0.9988575266748527,0.053224608279243815,,,,,,,,
367,212,166,0.6416242783405357,0.03540330575516159,348.0,288.0,0.9988575266748527,0.053224608279243815,,,,,,,,
368,212,166,0.6416242783405357,0.03540330575516159,348.0,288.0,0.9988575266748527,0.053224608279243815,,,,,,,,
369,212,166,0.6416242783405357,0.03540330575516159,348.0,288.0,0.9988575266748527,0.053224608279243815,,,,,,,,
370,212,166,0.6416242783405357,0.03540330575516159,348.0,288.0,0.9988575266748527,0.053224608279243815,,,,,,,,
371,212,166,0.6416242783405357,0.03540330575516159,348.0,288.0,0.9988575266748527,0.053224608279243815,,,,,,,,
372,212,166,0.6416242783405357,0.03540330575516159,348.0,288.0,0.9988575266748527,0.053224608279243815,373.0,212.0,0.6407033426966474,0.03646856051357084,,,,
373,212,166,0.6416242783405357,0.03540330575516159,348.0,288.0,0.9988575266748527,0.053224608279243815,373.0,212.0,0.6407033426966474,0.03646856051357084,,,,
374,212,166,0.6416242783405357,0.03540330575516159,348.0,288.0,0.9988575266748527,0.053224608279243815,373.0,212.0,0.6407033426966474,0.03646856051357084,,,,
375,212,166,0.6416242783405357,0.03540330575516159,348.0,288.0,0.9988575266748527,0.053224608279243815,373.0,212.0,0.6407033426966474,0.03646856051357084,,,,
376,212,166,0.6416242783405357,0.03540330575516159,348.0,288.0,0.9988575266748527,0.053224608279243815,373.0,212.0,0.6407033426966474,0.03646856051357084,,,,
377,212,166,0.6416242783405357,0.03540330575516159,348.0,288.0,0.9988575266748527,0.053224608279243815,373.0,212.0,0.6407033426966474,0.03646856051357084,,,,
378,212,166,0.6416242783405357,0.03540330575516159,348.0,288.0,0.9988575266748527,0.053224608279243815,379.0,212.0,0.6482799110455693,0.03617293205092866,,,,
379,212,166,0.6416242783405357,0.03540330575516159,348.0,288.0,0.9988575266748527,0.053224608279243815,379.0,212.0,0.6482799110455693,0.03617293205092866,,,,
380,212,166,0.6416242783405357,0.03540330575516159,348.0,288.0,0.9988575266748527,0.053224608279243815,379.0,212.0,0.6482799110455693,0.03617293205092866,,,,
381,212,166,0.6416242783405357,0.03540330575516159,348.0,288.0,0.9988575266748527,0.053224608279243815,379.0,212.0,0.6482799110455693,0.03617293205092866,,,,
382,212,166,0.6416242783405357,0.03540330575516159,348.0,288.0,0.9988575266748527,0.053224608279243815,379.0,212.0,0.6482799110455693,0.03617293205092866,,,,
383,212,166,0.6416242783405357,0.03540330575516159,348.0,288.0,0.9988575266748527,0.053224608279243815,379.0,212.0,0.6482799110455693,0.03617293205092866,,,,
384,212,166,0.6416242783405357,0.03540330575516159,348.0,288.0,0.9988575266748527,0.053224608279243815,,,,,,,,
385,212,166,0.6416242783405357,0.03540330575516159,348.0,288.0,0.9988575266748527,0.053224608279243815,,,,,,,,
386,212,166,0.6416242783405357,0.03540330575516159,348.0,288.0,0.9988575266748527,0.053224608279243815,,,,,,,,
387,212,166,0.6416242783405357,0.03540330575516159,348.0,288.0,0.9988575266748527,0.053224608279243815,,,,,,,,
388,212,166,0.6416242783405357,0.03540330575516159,348.0,288.0,0.9988575266748527,0.053224608279243815,,,,,,,,
389,212,166,0.6416242783405357,0.03540330575516159,348.0,288.0,0.9988575266748527,0.053224608279243815,,,,,,,,
390,212,166,0.6416242783405357,0.03540330575516159,348.0,288.0,0.9988575266748527,0.053224608279243815,,,,,,,,
391,212,166,0.6416242783405357,0.03540330575516159,348.0,288.0,0.9988575266748527,0.053224608279243815,,,,,,,,
392,212,166,0.6416242783405357,0.03540330575516159,348.0,288.0,0.9988575266748527,0.053224608279243815,,,,,,,,
393,212,166,0.6416242783405357,0.03540330575516159,348.0,288.0,0.9988575266748527,0.053224608279243815,,,,,,,,
394,212,166,0.6416242783405357,0.03540330575516159,348.0,288.0,0.9988575266748527,0.053224608279243815,,,,,,,,
395,212,166,0.6416242783405357,0.03540330575516159,348.0,288.0,0.9988575266748527,0.053224608279243815,,,,,,,,
396,212,166,0.6416242783405357,0.03540330575516159,348.0,288.0,0.9988575266748527,0.053224608279243815,397.0,212.0,0.6354779223663737,0.038802669730077656,,,,
397,212,166,0.6416242783405357,0.03540330575516159,348.0,288.0,0.9988575266748527,0.053224608279243815,,,,,,,,
398,212,166,0.6416242783405357,0.03540330575516159,348.0,288.0,0.9988575266748527,0.053224608279243815,,,,,,,,
399,212,166,0.6416242783405357,0.03540330575516159,400.0,348.0,0.9994640870077879,0.04555162609496287,,,,,,,,
400,212,166,0.6416242783405357,0.03540330575516159,400.0,348.0,0.9994640870077879,0.04555162609496287,,,,,,,,
401,212,166,0.6416242783405357,0.03540330575516159,400.0,348.0,0.9994640870077879,0.04555162609496287,,,,,,,,
402,212,166,0.6416242783405357,0.03540330575516159,400.0,348.0,0.9994640870077879,0.04555162609496287,,,,,,,,
403,212,166,0.6416242783405357,0.03540330575516159,400.0,348.0,0.9994640870077879,0.04555162609496287,,,,,,,,
404,212,166,0.6416242783405357,0.03540330575516159,400.0,348.0,0.9994640870077879,0.04555162609496287,,,,,,,,
405,212,166,0.6416242783405357,0.03540330575516159,400.0,348.0,0.9994640870077879,0.04555162609496287,,,,,,,,
406,212,166,0.6416242783405357,0.03540330575516159,400.0,348.0,0.9994640870077879,0.04555162609496287,,,,,,,,
407,212,166,0.6416242783405357,0.03540330575516159,400.0,348.0,0.9994640870077879,0.04555162609496287,408.0,212.0,0.6161239945281156,0.03654825464779887,,,,
408,212,166,0.6416242783405357,0.03540330575516159,400.0,348.0,0.9994640870077879,0.04555162609496287,,,,,,,,
409,212,166,0.6416242783405357,0.03540330575516159,400.0,348.0,0.9994640870077879,0.04555162609496287,,,,,,,,
410,212,166,0.6416242783405357,0.03540330575516159,400.0,348.0,0.9994640870077879,0.04555162609496287,,,,,,,,
411,212,166,0.6416242783405357,0.03540330575516159,400.0,348.0,0.9994640870077879,0.04555162609496287,,,,,,,,
412,212,166,0.6416242783405357,0.03540330575516159,400.0,348.0,0.9994640870077879,0.04555162609496287,,,,,,,,
413,212,166,0.6416242783405357,0.03540330575516159,400.0,348.0,0.9994640870077879,0.04555162609496287,,,,,,,,
414,212,166,0.6416242783405357,0.03540330575516159,400.0,348.0,0.9994640870077879,0.04555162609496287,,,,,,,,
415,212,166,0.6416242783405357,0.03540330575516159,400.0,348.0,0.9994640870077879,0.04555162609496287,,,,,,,,
416,212,166,0.6416242783405357,0.03540330575516159,400.0,348.0,0.9994640870077879,0.04555162609496287,,,,,,,,
417,212,166,0.6416242783405357,0.03540330575516159,400.0,348.0,0.9994640870077879,0.04555162609496287,,,,,,,,
418,212,166,0.6416242783405357,0.03540330575516159,400.0,348.0,0.9994640870077879,0.04555162609496287,,,,,,,,
419,212,166,0.6416242783405357,0.03540330575516159,400.0,348.0,0.9994640870077879,0.04555162609496287,,,,,,,,
420,212,166,0.6416242783405357,0.03540330575516159,400.0,348.0,0.9994640870077879,0.04555162609496287,,,,,,,,
421,212,166,0.6416242783405357,0.03540330575516159,400.0,348.0,0.9994640870077879,0.04555162609496287,,,,,,,,
422,212,166,0.6416242783405357,0.03540330575516159,400.0,348.0,0.9994640870077879,0.04555162609496287,,,,,,,,
423,212,166,0.6416242783405357,0.03540330575516159,400.0,348.0,0.9994640870077879,0.04555162609496287,,,,,,,,
424,212,166,0.6416242783405357,0.03540330575516159,400.0,348.0,0.9994640870077879,0.04555162609496287,,,,,,,,
425,212,166,0.6416242783405357,0.03540330575516159,400.0,348.0,0.9994640870077879,0.04555162609496287,,,,,,,,
426,212,166,0.6416242783405357,0.03540330575516159,400.0,348.0,0.9994640870077879,0.04555162609496287,,,,,,,,
427,212,166,0.6416242783405357,0.03540330575516159,400.0,348.0,0.9994640870077879,0.04555162609496287,,,,,,,,
428,212,166,0.6416242783405357,0.03540330575516159,400.0,348.0,0.9994640870077879,0.04555162609496287,,,,,,,,
429,212,166,0.6416242783405357,0.03540330575516159,400.0,348.0,0.9994640870077879,0.04555162609496287,,,,,,,,
430,212,166,0.6416242783405357,0.03540330575516159,400.0,348.0,0.9994640870077879,0.04555162609496287,431.0,212.0,0.6388841420014123,0.0340596188215435,,,,
431,212,166,0.6416242783405357,0.03540330575516159,400.0,348.0,0.9994640870077879,0.04555162609496287,431.0,212.0,0.6388841420014123,0.0340596188215435,,,,
432,212,166,0.6416242783405357,0.03540330575516159,400.0,348.0,0.9994640870077879,0.04555162609496287,431.0,212.0,0.6388841420014123,0.0340596188215435,,,,
433,212,166,0.6416242783405357,0.03540330575516159,400.0,348.0,0.9994640870077879,0.04555162609496287,431.0,212.0,0.6388841420014123,0.0340596188215435,,,,
434,212,166,0.6416242783405357,0.03540330575516159,400.0,348.0,0.9994640870077879,0.04555162609496287,431.0,212.0,0.6388841420014123,0.0340596188215435,,,,
435,212,166,0.6416242783405357,0.03540330575516159,400.0,348.0,0.9994640870077879,0.04555162609496287,431.0,212.0,0.6388841420014123,0.0340596188215435,,,,
436,212,166,0.6416242783405357,0.03540330575516159,400.0,348.0,0.9994640870077879,0.04555162609496287,431.0,212.0,0.6388841420014123,0.0340596188215435,,,,
437,212,166,0.6416242783405357,0.03540330575516159,400.0,348.0,0.9994640870077879,0.04555162609496287,431.0,212.0,0.6388841420014123,0.0340596188215435,,,,
438,212,166,0.6416242783405357,0.03540330575516159,400.0,348.0,0.9994640870077879,0.04555162609496287,431.0,212.0,0.6388841420014123,0.0340596188215435,,,,
439,212,166,0.6416242783405357,0.03540330575516159,400.0,348.0,0.9994640870077879,0.04555162609496287,431.0,212.0,0.6388841420014123,0.0340596188215435,,,,
440,212,166,0.6416242783405357,0.03540330575516159,400.0,348.0,0.9994640870077879,0.04555162609496287,431.0,212.0,0.6388841420014123,0.0340596188215435,,,,
441,212,166,0.6416242783405357,0.03540330575516159,400.0,348.0,0.9994640870077879,0.04555162609496287,431.0,212.0,0.6388841420014123,0.0340596188215435,,,,
442,212,166,0.6416242783405357,0.03540330575516159,400.0,348.0,0.9994640870077879,0.04555162609496287,431.0,212.0,0.6388841420014123,0.0340596188215435,,,,
443,212,166,0.6416242783405357,0.03540330575516159,400.0,348.0,0.9994640870077879,0.04555162609496287,431.0,212.0,0.6388841420014123,0.0340596188215435,,,,
444,212,166,0.6416242783405357,0.03540330575516159,400.0,348.0,0.9994640870077879,0.04555162609496287,431.0,212.0,0.6388841420014123,0.0340596188215435,,,,
445,212,166,0.6416242783405357,0.03540330575516159,400.0,348.0,0.9994640870077879,0.04555162609496287,431.0,212.0,0.6388841420014123,0.0340596188215435,,,,
446,212,166,0.6416242783405357,0.03540330575516159,400.0,348.0,0.9994640870077879,0.04555162609496287,431.0,212.0,0.6388841420014123,0.0340596188215435,447.0,431.0,0.6304963034777167,0.03156857832478062
447,212,166,0.6416242783405357,0.03540330575516159,400.0,348.0,0.9994640870077879,0.04555162609496287,431.0,212.0,0.6388841420014123,0.0340596188215435,447.0,431.0,0.6304963034777167,0.03156857832478062
448,212,166,0.6416242783405357,0.03540330575516159,400.0,348.0,0.9994640870077879,0.04555162609496287,431.0,212.0,0.6388841420014123,0.0340596188215435,,,,
449,212,166,0.6416242783405357,0.03540330575516159,400.0,348.0,0.9994640870077879,0.04555162609496287,431.0,212.0,0.6388841420014123,0.0340596188215435,,,,
450,212,166,0.6416242783405357,0.03540330575516159,400.0,348.0,0.9994640870077879,0.04555162609496287,431.0,212.0,0.6388841420014123,0.0340596188215435,,,,
451,212,166,0.6416242783405357,0.03540330575516159,400.0,348.0,0.9994640870077879,0.04555162609496287,431.0,212.0,0.6388841420014123,0.0340596188215435,,,,
452,212,166,0.6416242783405357,0.03540330575516159,400.0,348.0,0.9994640870077879,0.04555162609496287,431.0,212.0,0.6388841420014123,0.0340596188215435,,,,
453,212,166,0.6416242783405357,0.03540330575516159,400.0,348.0,0.9994640870077879,0.04555162609496287,431.0,212.0,0.6388841420014123,0.0340596188215435,,,,
454,212,166,0.6416242783405357,0.03540330575516159,400.0,348.0,0.9994640870077879,0.04555162609496287,431.0,212.0,0.6388841420014123,0.0340596188215435,,,,
455,212,166,0.6416242783405357,0.03540330575516159,400.0,348.0,0.9994640870077879,0.04555162609496287,431.0,212.0,0.6388841420014123,0.0340596188215435,,,,
456,212,166,0.6416242783405357,0.03540330575516159,400.0,348.0,0.9994640870077879,0.04555162609496287,431.0,212.0,0.6388841420014123,0.0340596188215435,,,,
457,212,166,0.6416242783405357,0.03540330575516159,400.0,348.0,0.9994640870077879,0.04555162609496287,431.0,212.0,0.6388841420014123,0.0340596188215435,,,,
458,212,166,0.6416242783405357,0.03540330575516159,400.0,348.0,0.9994640870077879,0.04555162609496287,431.0,212.0,0.6388841420014123,0.0340596188215435,,,,
459,212,166,0.6416242783405357,0.03540330575516159,400.0,348.0,0.9994640870077879,0.04555162609496287,431.0,212.0,0.6388841420014123,0.0340596188215435,,,,
460,212,166,0.6416242783405357,0.03540330575516159,400.0,348.0,0.9994640870077879,0.04555162609496287,431.0,212.0,0.6388841420014123,0.0340596188215435,,,,
461,212,166,0.6416242783405357,0.03540330575516159,400.0,348.0,0.9994640870077879,0.04555162609496287,431.0,212.0,0.6388841420014123,0.0340596188215435,,,,
462,212,166,0.6416242783405357,0.03540330575516159,400.0,348.0,0.9994640870077879,0.04555162609496287,431.0,212.0,0.6388841420014123,0.0340596188215435,,,,
463,212,166,0.6416242783405357,0.03540330575516159,400.0,348.0,0.9994640870077879,0.04555162609496287,431.0,212.0,0.6388841420014123,0.0340596188215435,,,,
464,212,166,0.6416242783405357,0.03540330575516159,400.0,348.0,0.9994640870077879,0.04555162609496287,431.0,212.0,0.6388841420014123,0.0340596188215435,,,,
465,212,166,0.6416242783405357,0.03540330575516159,400.0,348.0,0.9994640870077879,0.04555162609496287,431.0,212.0,0.6388841420014123,0.0340596188215435,,,,
466,212,166,0.6416242783405357,0.03540330575516159,400.0,348.0,0.9994640870077879,0.04555162609496287,431.0,212.0,0.6388841420014123,0.0340596188215435,,,,
467,212,166,0.6416242783405357,0.03540330575516159,400.0,348.0,0.9994640870077879,0.04555162609496287,431.0,212.0,0.6388841420014123,0.0340596188215435,,,,
468,212,166,0.6416242783405357,0.03540330575516159,400.0,348.0,0.9994640870077879,0.04555162609496287,431.0,212.0,0.6388841420014123,0.0340596188215435,,,,
469,212,166,0.6416242783405357,0.03540330575516159,400.0,348.0,0.9994640870077879,0.04555162609496287,431.0,212.0,0.6388841420014123,0.0340596188215435,,,,
470,212,166,0.6416242783405357,0.03540330575516159,400.0,348.0,0.9994640870077879,0.04555162609496287,431.0,212.0,0.6388841420014123,0.0340596188215435,,,,
471,212,166,0.6416242783405357,0.03540330575516159,400.0,348.0,0.9994640870077879,0.04555162609496287,431.0,212.0,0.6388841420014123,0.0340596188215435,,,,
472,212,166,0.6416242783405357,0.03540330575516159,400.0,348.0,0.9994640870077879,0.04555162609496287,431.0,212.0,0.6388841420014123,0.0340596188215435,,,,
473,212,166,0.6416242783405357,0.03540330575516159,400.0,348.0,0.9994640870077879,0.04555162609496287,431.0,212.0,0.6388841420014123,0.0340596188215435,,,,
474,212,166,0.6416242783405357,0.03540330575516159,400.0,348.0,0.9994640870077879,0.04555162609496287,431.0,212.0,0.6388841420014123,0.0340596188215435,,,,
475,212,166,0.6416242783405357,0.03540330575516159,400.0,348.0,0.9994640870077879,0.04555162609496287,431.0,212.0,0.6388841420014123,0.0340596188215435,,,,
476,212,166,0.6416242783405357,0.03540330575516159,400.0,348.0,0.9994640870077879,0.04555162609496287,431.0,212.0,0.6388841420014123,0.0340596188215435,,,,
477,400,348,0.9994640870077879,0.04555162609496287,431.0,212.0,0.6388841420014123,0.0340596188215435,478.0,431.0,0.6420588049123698,0.03199608615529108,,,,
478,400,348,0.9994640870077879,0.04555162609496287,431.0,212.0,0.6388841420014123,0.0340596188215435,478.0,431.0,0.6420588049123698,0.03199608615529108,,,,
479,400,348,0.9994640870077879,0.04555162609496287,431.0,212.0,0.6388841420014123,0.0340596188215435,478.0,431.0,0.6420588049123698,0.03199608615529108,,,,
480,400,348,0.9994640870077879,0.04555162609496287,431.0,212.0,0.6388841420014123,0.0340596188215435,478.0,431.0,0.6420588049123698,0.03199608615529108,,,,
481,400,348,0.9994640870077879,0.04555162609496287,431.0,212.0,0.6388841420014123,0.0340596188215435,478.0,431.0,0.6420588049123698,0.03199608615529108,,,,
482,400,348,0.9994640870077879,0.04555162609496287,431.0,212.0,0.6388841420014123,0.0340596188215435,,,,,,,,
483,400,348,0.9994640870077879,0.04555162609496287,431.0,212.0,0.6388841420014123,0.0340596188215435,,,,,,,,
484,400,348,0.9994640870077879,0.04555162609496287,431.0,212.0,0.6388841420014123,0.0340596188215435,,,,,,,,
485,400,348,0.9994640870077879,0.04555162609496287,431.0,212.0,0.6388841420014123,0.0340596188215435,,,,,,,,
486,400,348,0.9994640870077879,0.04555162609496287,431.0,212.0,0.6388841420014123,0.0340596188215435,,,,,,,,
487,400,348,0.9994640870077879,0.04555162609496287,431.0,212.0,0.6388841420014123,0.0340596188215435,,,,,,,,
488,400,348,0.9994640870077879,0.04555162609496287,431.0,212.0,0.6388841420014123,0.0340596188215435,,,,,,,,
489,400,348,0.9994640870077879,0.04555162609496287,431.0,212.0,0.6388841420014123,0.0340596188215435,,,,,,,,
490,400,348,0.9994640870077879,0.04555162609496287,431.0,212.0,0.6388841420014123,0.0340596188215435,,,,,,,,
491,400,348,0.9994640870077879,0.04555162609496287,431.0,212.0,0.6388841420014123,0.0340596188215435,492.0,431.0,0.6451997140813286,0.030975943625464953,,,,
492,400,348,0.9994640870077879,0.04555162609496287,431.0,212.0,0.6388841420014123,0.0340596188215435,,,,,,,,
493,400,348,0.9994640870077879,0.04555162609496287,431.0,212.0,0.6388841420014123,0.0340596188215435,,,,,,,,
494,400,348,0.9994640870077879,0.04555162609496287,431.0,212.0,0.6388841420014123,0.0340596188215435,,,,,,,,
495,400,348,0.9994640870077879,0.04555162609496287,431.0,212.0,0.6388841420014123,0.0340596188215435,,,,,,,,
496,400,348,0.9994640870077879,0.04555162609496287,431.0,212.0,0.6388841420014123,0.0340596188215435,,,,,,,,
497,400,348,0.9994640870077879,0.04555162609496287,431.0,212.0,0.6388841420014123,0.0340596188215435,,,,,,,,
498,400,348,0.9994640870077879,0.04555162609496287,431.0,212.0,0.6388841420014123,0.0340596188215435,,,,,,,,
499,400,348,0.9994640870077879,0.04555162609496287,431.0,212.0,0.6388841420014123,0.0340596188215435,,,,,,,,
500,400,348,0.9994640870077879,0.04555162609496287,431.0,212.0,0.6388841420014123,0.0340596188215435,,,,,,,,
501,400,348,0.9994640870077879,0.04555162609496287,431.0,212.0,0.6388841420014123,0.0340596188215435,,,,,,,,
502,400,348,0.9994640870077879,0.04555162609496287,431.0,212.0,0.6388841420014123,0.0340596188215435,,,,,,,,
503,400,348,0.9994640870077879,0.04555162609496287,431.0,212.0,0.6388841420014123,0.0340596188215435,,,,,,,,
504,400,348,0.9994640870077879,0.04555162609496287,431.0,212.0,0.6388841420014123,0.0340596188215435,,,,,,,,
505,400,348,0.9994640870077879,0.04555162609496287,431.0,212.0,0.6388841420014123,0.0340596188215435,,,,,,,,
506,400,348,0.9994640870077879,0.04555162609496287,431.0,212.0,0.6388841420014123,0.0340596188215435,,,,,,,,
507,400,348,0.9994640870077879,0.04555162609496287,431.0,212.0,0.6388841420014123,0.0340596188215435,,,,,,,,
508,400,348,0.9994640870077879,0.04555162609496287,431.0,212.0,0.6388841420014123,0.0340596188215435,,,,,,,,
509,400,348,0.9994640870077879,0.04555162609496287,431.0,212.0,0.6388841420014123,0.0340596188215435,,,,,,,,
510,400,348,0.9994640870077879,0.04555162609496287,431.0,212.0,0.6388841420014123,0.0340596188215435,,,,,,,,
511,400,348,0.9994640870077879,0.04555162609496287,431.0,212.0,0.6388841420014123,0.0340596188215435,,,,,,,,
512,400,348,0.9994640870077879,0.04555162609496287,431.0,212.0,0.6388841420014123,0.0340596188215435,,,,,,,,
513,400,348,0.9994640870077879,0.04555162609496287,431.0,212.0,0.6388841420014123,0.0340596188215435,,,,,,,,
514,400,348,0.9994640870077879,0.04555162609496287,431.0,212.0,0.6388841420014123,0.0340596188215435,,,,,,,,
515,400,348,0.9994640870077879,0.04555162609496287,431.0,212.0,0.6388841420014123,0.0340596188215435,,,,,,,,
516,400,348,0.9994640870077879,0.04555162609496287,431.0,212.0,0.6388841420014123,0.0340596188215435,,,,,,,,
517,400,348,0.9994640870077879,0.04555162609496287,431.0,212.0,0.6388841420014123,0.0340596188215435,,,,,,,,
518,400,348,0.9994640870077879,0.04555162609496287,431.0,212.0,0.6388841420014123,0.0340596188215435,,,,,,,,
519,400,348,0.9994640870077879,0.04555162609496287,431.0,212.0,0.6388841420014123,0.0340596188215435,,,,,,,,
520,400,348,0.9994640870077879,0.04555162609496287,431.0,212.0,0.6388841420014123,0.0340596188215435,,,,,,,,
521,400,348,0.9994640870077879,0.04555162609496287,431.0,212.0,0.6388841420014123,0.0340596188215435,,,,,,,,
522,400,348,0.9994640870077879,0.04555162609496287,431.0,212.0,0.6388841420014123,0.0340596188215435,,,,,,,,
523,400,348,0.9994640870077879,0.04555162609496287,431.0,212.0,0.6388841420014123,0.0340596188215435,,,,,,,,
524,400,348,0.9994640870077879,0.04555162609496287,431.0,212.0,0.6388841420014123,0.0340596188215435,,,,,,,,
525,400,348,0.9994640870077879,0.04555162609496287,431.0,212.0,0.6388841420014123,0.0340596188215435,,,,,,,,
526,400,348,0.9994640870077879,0.04555162609496287,431.0,212.0,0.6388841420014123,0.0340596188215435,,,,,,,,
527,400,348,0.9994640870077879,0.04555162609496287,431.0,212.0,0.6388841420014123,0.0340596188215435,528.0,431.0,0.6185261876842482,0.0364246867341697,,,,
528,400,348,0.9994640870077879,0.04555162609496287,431.0,212.0,0.6388841420014123,0.0340596188215435,528.0,431.0,0.6185261876842482,0.0364246867341697,,,,
529,400,348,0.9994640870077879,0.04555162609496287,431.0,212.0,0.6388841420014123,0.0340596188215435,530.0,431.0,0.6260608868161435,0.03415127988492607,,,,
530,400,348,0.9994640870077879,0.04555162609496287,431.0,212.0,0.6388841420014123,0.0340596188215435,530.0,431.0,0.6260608868161435,0.03415127988492607,,,,
531,400,348,0.9994640870077879,0.04555162609496287,431.0,212.0,0.6388841420014123,0.0340596188215435,530.0,431.0,0.6260608868161435,0.03415127988492607,,,,
532,400,348,0.9994640870077879,0.04555162609496287,431.0,212.0,0.6388841420014123,0.0340596188215435,530.0,431.0,0.6260608868161435,0.03415127988492607,,,,
533,400,348,0.9994640870077879,0.04555162609496287,431.0,212.0,0.6388841420014123,0.0340596188215435,530.0,431.0,0.6260608868161435,0.03415127988492607,,,,
534,400,348,0.9994640870077879,0.04555162609496287,431.0,212.0,0.6388841420014123,0.0340596188215435,530.0,431.0,0.6260608868161435,0.03415127988492607,,,,
535,400,348,0.9994640870077879,0.04555162609496287,431.0,212.0,0.6388841420014123,0.0340596188215435,530.0,431.0,0.6260608868161435,0.03415127988492607,,,,
536,400,348,0.9994640870077879,0.04555162609496287,431.0,212.0,0.6388841420014123,0.0340596188215435,,,,,,,,
537,400,348,0.9994640870077879,0.04555162609496287,431.0,212.0,0.6388841420014123,0.0340596188215435,,,,,,,,
538,400,348,0.9994640870077879,0.04555162609496287,431.0,212.0,0.6388841420014123,0.0340596188215435,,,,,,,,
539,400,348,0.9994640870077879,0.04555162609496287,431.0,212.0,0.6388841420014123,0.0340596188215435,,,,,,,,
540,400,348,0.9994640870077879,0.04555162609496287,431.0,212.0,0.6388841420014123,0.0340596188215435,,,,,,,,
541,400,348,0.9994640870077879,0.04555162609496287,431.0,212.0,0.6388841420014123,0.0340596188215435,,,,,,,,
542,400,348,0.9994640870077879,0.04555162609496287,431.0,212.0,0.6388841420014123,0.0340596188215435,,,,,,,,
543,400,348,0.9994640870077879,0.04555162609496287,431.0,212.0,0.6388841420014123,0.0340596188215435,,,,,,,,
544,400,348,0.9994640870077879,0.04555162609496287,431.0,212.0,0.6388841420014123,0.0340596188215435,,,,,,,,
545,400,348,0.9994640870077879,0.04555162609496287,431.0,212.0,0.6388841420014123,0.0340596188215435,,,,,,,,
546,400,348,0.9994640870077879,0.04555162609496287,431.0,212.0,0.6388841420014123,0.0340596188215435,,,,,,,,
547,400,348,0.9994640870077879,0.04555162609496287,431.0,212.0,0.6388841420014123,0.0340596188215435,,,,,,,,
548,400,348,0.9994640870077879,0.04555162609496287,431.0,212.0,0.6388841420014123,0.0340596188215435,,,,,,,,
549,400,348,0.9994640870077879,0.04555162609496287,431.0,212.0,0.6388841420014123,0.0340596188215435,,,,,,,,
550,400,348,0.9994640870077879,0.04555162609496287,431.0,212.0,0.6388841420014123,0.0340596188215435,,,,,,,,
551,400,348,0.9994640870077879,0.04555162609496287,431.0,212.0,0.6388841420014123,0.0340596188215435,,,,,,,,
552,400,348,0.9994640870077879,0.04555162609496287,431.0,212.0,0.6388841420014123,0.0340596188215435,,,,,,,,
553,400,348,0.9994640870077879,0.04555162609496287,431.0,212.0,0.6388841420014123,0.0340596188215435,,,,,,,,
554,400,348,0.9994640870077879,0.04555162609496287,431.0,212.0,0.6388841420014123,0.0340596188215435,,,,,,,,
555,400,348,0.9994640870077879,0.04555162609496287,431.0,212.0,0.6388841420014123,0.0340596188215435,,,,,,,,
556,400,348,0.9994640870077879,0.04555162609496287,431.0,212.0,0.6388841420014123,0.0340596188215435,,,,,,,,
557,400,348,0.9994640870077879,0.04555162609496287,431.0,212.0,0.6388841420014123,0.0340596188215435,,,,,,,,
558,400,348,0.9994640870077879,0.04555162609496287,431.0,212.0,0.6388841420014123,0.0340596188215435,,,,,,,,
559,400,348,0.9994640870077879,0.04555162609496287,431.0,212.0,0.6388841420014123,0.0340596188215435,,,,,,,,
560,400,348,0.9994640870077879,0.04555162609496287,431.0,212.0,0.6388841420014123,0.0340596188215435,,,,,,,,
561,400,348,0.9994640870077879,0.04555162609496287,431.0,212.0,0.6388841420014123,0.0340596188215435,,,,,,,,
562,400,348,0.9994640870077879,0.04555162609496287,431.0,212.0,0.6388841420014123,0.0340596188215435,,,,,,,,
563,400,348,0.9994640870077879,0.04555162609496287,431.0,212.0,0.6388841420014123,0.0340596188215435,,,,,,,,
564,400,348,0.9994640870077879,0.04555162609496287,431.0,212.0,0.6388841420014123,0.0340596188215435,,,,,,,,
565,400,348,0.9994640870077879,0.04555162609496287,431.0,212.0,0.6388841420014123,0.0340596188215435,,,,,,,,
566,400,348,0.9994640870077879,0.04555162609496287,431.0,212.0,0.6388841420014123,0.0340596188215435,,,,,,,,
567,400,348,0.9994640870077879,0.04555162609496287,431.0,212.0,0.6388841420014123,0.0340596188215435,,,,,,,,
568,400,348,0.9994640870077879,0.04555162609496287,431.0,212.0,0.6388841420014123,0.0340596188215435,,,,,,,,
569,400,348,0.9994640870077879,0.04555162609496287,431.0,212.0,0.6388841420014123,0.0340596188215435,,,,,,,,
570,400,348,0.9994640870077879,0.04555162609496287,431.0,212.0,0.6388841420014123,0.0340596188215435,,,,,,,,
571,400,348,0.9994640870077879,0.04555162609496287,431.0,212.0,0.6388841420014123,0.0340596188215435,,,,,,,,
572,400,348,0.9994640870077879,0.04555162609496287,431.0,212.0,0.6388841420014123,0.0340596188215435,,,,,,,,
573,400,348,0.9994640870077879,0.04555162609496287,431.0,212.0,0.6388841420014123,0.0340596188215435,,,,,,,,
574,400,348,0.9994640870077879,0.04555162609496287,431.0,212.0,0.6388841420014123,0.0340596188215435,,,,,,,,
575,400,348,0.9994640870077879,0.04555162609496287,431.0,212.0,0.6388841420014123,0.0340596188215435,,,,,,,,
576,400,348,0.9994640870077879,0.04555162609496287,431.0,212.0,0.6388841420014123,0.0340596188215435,,,,,,,,
577,400,348,0.9994640870077879,0.04555162609496287,431.0,212.0,0.6388841420014123,0.0340596188215435,,,,,,,,
578,400,348,0.9994640870077879,0.04555162609496287,431.0,212.0,0.6388841420014123,0.0340596188215435,,,,,,,,
579,400,348,0.9994640870077879,0.04555162609496287,431.0,212.0,0.6388841420014123,0.0340596188215435,,,,,,,,
580,400,348,0.9994640870077879,0.04555162609496287,431.0,212.0,0.6388841420014123,0.0340596188215435,,,,,,,,
581,400,348,0.9994640870077879,0.04555162609496287,431.0,212.0,0.6388841420014123,0.0340596188215435,,,,,,,,
582,400,348,0.9994640870077879,0.04555162609496287,431.0,212.0,0.6388841420014123,0.0340596188215435,,,,,,,,
583,400,348,0.9994640870077879,0.04555162609496287,431.0,212.0,0.6388841420014123,0.0340596188215435,,,,,,,,
584,400,348,0.9994640870077879,0.04555162609496287,431.0,212.0,0.6388841420014123,0.0340596188215435,,,,,,,,
585,400,348,0.9994640870077879,0.04555162609496287,431.0,212.0,0.6388841420014123,0.0340596188215435,,,,,,,,
586,400,348,0.9994640870077879,0.04555162609496287,431.0,212.0,0.6388841420014123,0.0340596188215435,,,,,,,,
587,400,348,0.9994640870077879,0.04555162609496287,431.0,212.0,0.6388841420014123,0.0340596188215435,,,,,,,,
588,400,348,0.9994640870077879,0.04555162609496287,431.0,212.0,0.6388841420014123,0.0340596188215435,,,,,,,,
589,400,348,0.9994640870077879,0.04555162609496287,431.0,212.0,0.6388841420014123,0.0340596188215435,590.0,431.0,0.6433483609950024,0.03435221776633347,,,,
590,400,348,0.9994640870077879,0.04555162609496287,431.0,212.0,0.6388841420014123,0.0340596188215435,590.0,431.0,0.6433483609950024,0.03435221776633347,,,,
591,400,348,0.9994640870077879,0.04555162609496287,431.0,212.0,0.6388841420014123,0.0340596188215435,590.0,431.0,0.6433483609950024,0.03435221776633347,,,,
592,400,348,0.9994640870077879,0.04555162609496287,431.0,212.0,0.6388841420014123,0.0340596188215435,590.0,431.0,0.6433483609950024,0.03435221776633347,,,,
593,400,348,0.9994640870077879,0.04555162609496287,431.0,212.0,0.6388841420014123,0.0340596188215435,590.0,431.0,0.6433483609950024,0.03435221776633347,,,,
594,400,348,0.9994640870077879,0.04555162609496287,431.0,212.0,0.6388841420014123,0.0340596188215435,590.0,431.0,0.6433483609950024,0.03435221776633347,,,,
595,400,348,0.9994640870077879,0.04555162609496287,431.0,212.0,0.6388841420014123,0.0340596188215435,590.0,431.0,0.6433483609950024,0.03435221776633347,,,,
596,400,348,0.9994640870077879,0.04555162609496287,431.0,212.0,0.6388841420014123,0.0340596188215435,590.0,431.0,0.6433483609950024,0.03435221776633347,,,,
597,400,348,0.9994640870077879,0.04555162609496287,431.0,212.0,0.6388841420014123,0.0340596188215435,590.0,431.0,0.6433483609950024,0.03435221776633347,,,,
598,400,348,0.9994640870077879,0.04555162609496287,431.0,212.0,0.6388841420014123,0.0340596188215435,590.0,431.0,0.6433483609950024,0.03435221776633347,,,,
599,400,348,0.9994640870077879,0.04555162609496287,431.0,212.0,0.6388841420014123,0.0340596188215435,590.0,431.0,0.6433483609950024,0.03435221776633347,,,,
600,400,348,0.9994640870077879,0.04555162609496287,431.0,212.0,0.6388841420014123,0.0340596188215435,590.0,431.0,0.6433483609950024,0.03435221776633347,,,,
601,400,348,0.9994640870077879,0.04555162609496287,431.0,212.0,0.6388841420014123,0.0340596188215435,590.0,431.0,0.6433483609950024,0.03435221776633347,,,,
602,400,348,0.9994640870077879,0.04555162609496287,431.0,212.0,0.6388841420014123,0.0340596188215435,590.0,431.0,0.6433483609950024,0.03435221776633347,,,,
603,400,348,0.9994640870077879,0.04555162609496287,431.0,212.0,0.6388841420014123,0.0340596188215435,590.0,431.0,0.6433483609950024,0.03435221776633347,,,,
604,400,348,0.9994640870077879,0.04555162609496287,431.0,212.0,0.6388841420014123,0.0340596188215435,590.0,431.0,0.6433483609950024,0.03435221776633347,,,,
605,400,348,0.9994640870077879,0.04555162609496287,431.0,212.0,0.6388841420014123,0.0340596188215435,590.0,431.0,0.6433483609950024,0.03435221776633347,,,,
606,400,348,0.9994640870077879,0.04555162609496287,431.0,212.0,0.6388841420014123,0.0340596188215435,590.0,431.0,0.6433483609950024,0.03435221776633347,,,,
607,400,348,0.9994640870077879,0.04555162609496287,431.0,212.0,0.6388841420014123,0.0340596188215435,590.0,431.0,0.6433483609950024,0.03435221776633347,,,,
608,400,348,0.9994640870077879,0.04555162609496287,431.0,212.0,0.6388841420014123,0.0340596188215435,590.0,431.0,0.6433483609950024,0.03435221776633347,,,,
609,400,348,0.9994640870077879,0.04555162609496287,431.0,212.0,0.6388841420014123,0.0340596188215435,590.0,431.0,0.6433483609950024,0.03435221776633347,,,,
610,400,348,0.9994640870077879,0.04555162609496287,431.0,212.0,0.6388841420014123,0.0340596188215435,590.0,431.0,0.6433483609950024,0.03435221776633347,,,,
611,400,348,0.9994640870077879,0.04555162609496287,431.0,212.0,0.6388841420014123,0.0340596188215435,590.0,431.0,0.6433483609950024,0.03435221776633347,,,,
612,400,348,0.9994640870077879,0.04555162609496287,431.0,212.0,0.6388841420014123,0.0340596188215435,590.0,431.0,0.6433483609950024,0.03435221776633347,,,,
613,400,348,0.9994640870077879,0.04555162609496287,431.0,212.0,0.6388841420014123,0.0340596188215435,590.0,431.0,0.6433483609950024,0.03435221776633347,,,,
614,400,348,0.9994640870077879,0.04555162609496287,431.0,212.0,0.6388841420014123,0.0340596188215435,590.0,431.0,0.6433483609950024,0.03435221776633347,,,,
615,400,348,0.9994640870077879,0.04555162609496287,431.0,212.0,0.6388841420014123,0.0340596188215435,590.0,431.0,0.6433483609950024,0.03435221776633347,,,,
616,400,348,0.9994640870077879,0.04555162609496287,431.0,212.0,0.6388841420014123,0.0340596188215435,590.0,431.0,0.6433483609950024,0.03435221776633347,,,,
617,400,348,0.9994640870077879,0.04555162609496287,431.0,212.0,0.6388841420014123,0.0340596188215435,590.0,431.0,0.6433483609950024,0.03435221776633347,,,,
618,400,348,0.9994640870077879,0.04555162609496287,431.0,212.0,0.6388841420014123,0.0340596188215435,590.0,431.0,0.6433483609950024,0.03435221776633347,,,,
619,400,348,0.9994640870077879,0.04555162609496287,431.0,212.0,0.6388841420014123,0.0340596188215435,590.0,431.0,0.6433483609950024,0.03435221776633347,,,,
620,400,348,0.9994640870077879,0.04555162609496287,431.0,212.0,0.6388841420014123,0.0340596188215435,590.0,431.0,0.6433483609950024,0.03435221776633347,,,,
621,400,348,0.9994640870077879,0.04555162609496287,431.0,212.0,0.6388841420014123,0.0340596188215435,590.0,431.0,0.6433483609950024,0.03435221776633347,,,,
622,400,348,0.9994640870077879,0.04555162609496287,431.0,212.0,0.6388841420014123,0.0340596188215435,590.0,431.0,0.6433483609950024,0.03435221776633347,,,,
623,400,348,0.9994640870077879,0.04555162609496287,431.0,212.0,0.6388841420014123,0.0340596188215435,590.0,431.0,0.6433483609950024,0.03435221776633347,,,,
624,400,348,0.9994640870077879,0.04555162609496287,431.0,212.0,0.6388841420014123,0.0340596188215435,590.0,431.0,0.6433483609950024,0.03435221776633347,,,,
625,400,348,0.9994640870077879,0.04555162609496287,431.0,212.0,0.6388841420014123,0.0340596188215435,590.0,431.0,0.6433483609950024,0.03435221776633347,,,,
626,400,348,0.9994640870077879,0.04555162609496287,431.0,212.0,0.6388841420014123,0.0340596188215435,,,,,,,,
627,400,348,0.9994640870077879,0.04555162609496287,431.0,212.0,0.6388841420014123,0.0340596188215435,,,,,,,,
628,400,348,0.9994640870077879,0.04555162609496287,431.0,212.0,0.6388841420014123,0.0340596188215435,,,,,,,,
629,400,348,0.9994640870077879,0.04555162609496287,431.0,212.0,0.6388841420014123,0.0340596188215435,,,,,,,,
630,400,348,0.9994640870077879,0.04555162609496287,431.0,212.0,0.6388841420014123,0.0340596188215435,,,,,,,,
631,400,348,0.9994640870077879,0.04555162609496287,431.0,212.0,0.6388841420014123,0.0340596188215435,,,,,,,,
632,400,348,0.9994640870077879,0.04555162609496287,431.0,212.0,0.6388841420014123,0.0340596188215435,,,,,,,,
633,400,348,0.9994640870077879,0.04555162609496287,431.0,212.0,0.6388841420014123,0.0340596188215435,,,,,,,,
634,431,212,0.6388841420014123,0.0340596188215435,635.0,400.0,0.9996277950929736,0.049769922761452375,,,,,,,,
635,431,212,0.6388841420014123,0.0340596188215435,635.0,400.0,0.9996277950929736,0.049769922761452375,,,,,,,,
636,431,212,0.6388841420014123,0.0340596188215435,635.0,400.0,0.9996277950929736,0.049769922761452375,,,,,,,,
637,431,212,0.6388841420014123,0.0340596188215435,635.0,400.0,0.9996277950929736,0.049769922761452375,,,,,,,,
638,431,212,0.6388841420014123,0.0340596188215435,635.0,400.0,0.9996277950929736,0.049769922761452375,,,,,,,,
639,431,212,0.6388841420014123,0.0340596188215435,635.0,400.0,0.9996277950929736,0.049769922761452375,,,,,,,,
640,431,212,0.6388841420014123,0.0340596188215435,635.0,400.0,0.9996277950929736,0.049769922761452375,,,,,,,,
641,431,212,0.6388841420014123,0.0340596188215435,635.0,400.0,0.9996277950929736,0.049769922761452375,,,,,,,,
642,431,212,0.6388841420014123,0.0340596188215435,635.0,400.0,0.9996277950929736,0.049769922761452375,,,,,,,,
643,431,212,0.6388841420014123,0.0340596188215435,635.0,400.0,0.9996277950929736,0.049769922761452375,,,,,,,,
644,431,212,0.6388841420014123,0.0340596188215435,635.0,400.0,0.9996277950929736,0.049769922761452375,,,,,,,,
645,431,212,0.6388841420014123,0.0340596188215435,635.0,400.0,0.9996277950929736,0.049769922761452375,646.0,431.0,0.6423542877298751,0.032478242223353625,,,,
646,431,212,0.6388841420014123,0.0340596188215435,635.0,400.0,0.9996277950929736,0.049769922761452375,646.0,431.0,0.6423542877298751,0.032478242223353625,,,,
647,431,212,0.6388841420014123,0.0340596188215435,635.0,400.0,0.9996277950929736,0.049769922761452375,646.0,431.0,0.6423542877298751,0.032478242223353625,,,,
648,431,212,0.6388841420014123,0.0340596188215435,635.0,400.0,0.9996277950929736,0.049769922761452375,646.0,431.0,0.6423542877298751,0.032478242223353625,,,,
649,431,212,0.6388841420014123,0.0340596188215435,635.0,400.0,0.9996277950929736,0.049769922761452375,646.0,431.0,0.6423542877298751,0.032478242223353625,,,,
650,431,212,0.6388841420014123,0.0340596188215435,635.0,400.0,0.9996277950929736,0.049769922761452375,646.0,431.0,0.6423542877298751,0.032478242223353625,,,,
651,431,212,0.6388841420014123,0.0340596188215435,635.0,400.0,0.9996277950929736,0.049769922761452375,646.0,431.0,0.6423542877298751,0.032478242223353625,,,,
652,431,212,0.6388841420014123,0.0340596188215435,635.0,400.0,0.9996277950929736,0.049769922761452375,646.0,431.0,0.6423542877298751,0.032478242223353625,,,,
653,431,212,0.6388841420014123,0.0340596188215435,635.0,400.0,0.9996277950929736,0.049769922761452375,654.0,431.0,0.6281106556261374,0.03730664729134023,,,,
654,431,212,0.6388841420014123,0.0340596188215435,635.0,400.0,0.9996277950929736,0.049769922761452375,654.0,431.0,0.6281106556261374,0.03730664729134023,,,,
655,431,212,0.6388841420014123,0.0340596188215435,635.0,400.0,0.9996277950929736,0.049769922761452375,,,,,,,,
656,431,212,0.6388841420014123,0.0340596188215435,635.0,400.0,0.9996277950929736,0.049769922761452375,,,,,,,,
657,431,212,0.6388841420014123,0.0340596188215435,635.0,400.0,0.9996277950929736,0.049769922761452375,,,,,,,,
658,431,212,0.6388841420014123,0.0340596188215435,635.0,400.0,0.9996277950929736,0.049769922761452375,,,,,,,,
659,431,212,0.6388841420014123,0.0340596188215435,635.0,400.0,0.9996277950929736,0.049769922761452375,,,,,,,,
660,431,212,0.6388841420014123,0.0340596188215435,635.0,400.0,0.9996277950929736,0.049769922761452375,,,,,,,,
661,431,212,0.6388841420014123,0.0340596188215435,635.0,400.0,0.9996277950929736,0.049769922761452375,,,,,,,,
662,431,212,0.6388841420014123,0.0340596188215435,635.0,400.0,0.9996277950929736,0.049769922761452375,,,,,,,,
663,431,212,0.6388841420014123,0.0340596188215435,635.0,400.0,0.9996277950929736,0.049769922761452375,,,,,,,,
664,431,212,0.6388841420014123,0.0340596188215435,635.0,400.0,0.9996277950929736,0.049769922761452375,,,,,,,,
665,431,212,0.6388841420014123,0.0340596188215435,635.0,400.0,0.9996277950929736,0.049769922761452375,,,,,,,,
666,431,212,0.6388841420014123,0.0340596188215435,635.0,400.0,0.9996277950929736,0.049769922761452375,,,,,,,,
667,431,212,0.6388841420014123,0.0340596188215435,635.0,400.0,0.9996277950929736,0.049769922761452375,668.0,431.0,0.6414537490057781,0.03853483022733047,,,,
668,431,212,0.6388841420014123,0.0340596188215435,635.0,400.0,0.9996277950929736,0.049769922761452375,,,,,,,,
669,431,212,0.6388841420014123,0.0340596188215435,635.0,400.0,0.9996277950929736,0.049769922761452375,,,,,,,,
670,431,212,0.6388841420014123,0.0340596188215435,635.0,400.0,0.9996277950929736,0.049769922761452375,,,,,,,,
671,431,212,0.6388841420014123,0.0340596188215435,635.0,400.0,0.9996277950929736,0.049769922761452375,,,,,,,,
672,431,212,0.6388841420014123,0.0340596188215435,635.0,400.0,0.9996277950929736,0.049769922761452375,,,,,,,,
673,431,212,0.6388841420014123,0.0340596188215435,635.0,400.0,0.9996277950929736,0.049769922761452375,,,,,,,,
674,431,212,0.6388841420014123,0.0340596188215435,635.0,400.0,0.9996277950929736,0.049769922761452375,,,,,,,,
675,431,212,0.6388841420014123,0.0340596188215435,635.0,400.0,0.9996277950929736,0.049769922761452375,,,,,,,,
676,431,212,0.6388841420014123,0.0340596188215435,635.0,400.0,0.9996277950929736,0.049769922761452375,,,,,,,,
677,431,212,0.6388841420014123,0.0340596188215435,635.0,400.0,0.9996277950929736,0.049769922761452375,,,,,,,,
678,431,212,0.6388841420014123,0.0340596188215435,635.0,400.0,0.9996277950929736,0.049769922761452375,,,,,,,,
679,431,212,0.6388841420014123,0.0340596188215435,635.0,400.0,0.9996277950929736,0.049769922761452375,,,,,,,,
680,431,212,0.6388841420014123,0.0340596188215435,635.0,400.0,0.9996277950929736,0.049769922761452375,,,,,,,,
681,431,212,0.6388841420014123,0.0340596188215435,635.0,400.0,0.9996277950929736,0.049769922761452375,,,,,,,,
682,431,212,0.6388841420014123,0.0340596188215435,635.0,400.0,0.9996277950929736,0.049769922761452375,,,,,,,,
683,431,212,0.6388841420014123,0.0340596188215435,635.0,400.0,0.9996277950929736,0.049769922761452375,,,,,,,,
684,431,212,0.6388841420014123,0.0340596188215435,635.0,400.0,0.9996277950929736,0.049769922761452375,,,,,,,,
685,431,212,0.6388841420014123,0.0340596188215435,635.0,400.0,0.9996277950929736,0.049769922761452375,,,,,,,,
686,431,212,0.6388841420014123,0.0340596188215435,635.0,400.0,0.9996277950929736,0.049769922761452375,,,,,,,,
687,431,212,0.6388841420014123,0.0340596188215435,635.0,400.0,0.9996277950929736,0.049769922761452375,,,,,,,,
688,431,212,0.6388841420014123,0.0340596188215435,635.0,400.0,0.9996277950929736,0.049769922761452375,,,,,,,,
689,431,212,0.6388841420014123,0.0340596188215435,635.0,400.0,0.9996277950929736,0.049769922761452375,,,,,,,,
690,431,212,0.6388841420014123,0.0340596188215435,635.0,400.0,0.9996277950929736,0.049769922761452375,,,,,,,,
691,431,212,0.6388841420014123,0.0340596188215435,635.0,400.0,0.9996277950929736,0.049769922761452375,692.0,431.0,0.6387572537745702,0.036444567739499514,,,,
692,431,212,0.6388841420014123,0.0340596188215435,635.0,400.0,0.9996277950929736,0.049769922761452375,692.0,431.0,0.6387572537745702,0.036444567739499514,,,,
693,431,212,0.6388841420014123,0.0340596188215435,635.0,400.0,0.9996277950929736,0.049769922761452375,692.0,431.0,0.6387572537745702,0.036444567739499514,,,,
694,431,212,0.6388841420014123,0.0340596188215435,635.0,400.0,0.9996277950929736,0.049769922761452375,692.0,431.0,0.6387572537745702,0.036444567739499514,,,,
695,431,212,0.6388841420014123,0.0340596188215435,635.0,400.0,0.9996277950929736,0.049769922761452375,692.0,431.0,0.6387572537745702,0.036444567739499514,,,,
696,431,212,0.6388841420014123,0.0340596188215435,635.0,400.0,0.9996277950929736,0.049769922761452375,697.0,431.0,0.6456840050560392,0.035560869600912634,,,,
697,431,212,0.6388841420014123,0.0340596188215435,635.0,400.0,0.9996277950929736,0.049769922761452375,698.0,431.0,0.641916166093208,0.037519673330603964,,,,
698,431,212,0.6388841420014123,0.0340596188215435,635.0,400.0,0.9996277950929736,0.049769922761452375,698.0,431.0,0.641916166093208,0.037519673330603964,,,,
699,431,212,0.6388841420014123,0.0340596188215435,635.0,400.0,0.9996277950929736,0.049769922761452375,,,,,,,,
700,431,212,0.6388841420014123,0.0340596188215435,635.0,400.0,0.9996277950929736,0.049769922761452375,,,,,,,,
701,431,212,0.6388841420014123,0.0340596188215435,635.0,400.0,0.9996277950929736,0.049769922761452375,,,,,,,,
702,431,212,0.6388841420014123,0.0340596188215435,635.0,400.0,0.9996277950929736,0.049769922761452375,,,,,,,,
703,431,212,0.6388841420014123,0.0340596188215435,635.0,400.0,0.9996277950929736,0.049769922761452375,,,,,,,,
704,431,212,0.6388841420014123,0.0340596188215435,635.0,400.0,0.9996277950929736,0.049769922761452375,,,,,,,,
705,431,212,0.6388841420014123,0.0340596188215435,635.0,400.0,0.9996277950929736,0.049769922761452375,,,,,,,,
706,431,212,0.6388841420014123,0.0340596188215435,635.0,400.0,0.9996277950929736,0.049769922761452375,707.0,431.0,0.6274974445297032,0.03540245886324514,,,,
707,431,212,0.6388841420014123,0.0340596188215435,635.0,400.0,0.9996277950929736,0.049769922761452375,707.0,431.0,0.6274974445297032,0.03540245886324514,,,,
708,431,212,0.6388841420014123,0.0340596188215435,635.0,400.0,0.9996277950929736,0.049769922761452375,707.0,431.0,0.6274974445297032,0.03540245886324514,,,,
709,431,212,0.6388841420014123,0.0340596188215435,635.0,400.0,0.9996277950929736,0.049769922761452375,710.0,431.0,0.6408599959282508,0.03827773637497716,,,,
710,431,212,0.6388841420014123,0.0340596188215435,635.0,400.0,0.9996277950929736,0.049769922761452375,,,,,,,,
711,431,212,0.6388841420014123,0.0340596188215435,635.0,400.0,0.9996277950929736,0.049769922761452375,,,,,,,,
712,431,212,0.6388841420014123,0.0340596188215435,635.0,400.0,0.9996277950929736,0.049769922761452375,,,,,,,,
713,431,212,0.6388841420014123,0.0340596188215435,635.0,400.0,0.9996277950929736,0.049769922761452375,,,,,,,,
714,431,212,0.6388841420014123,0.0340596188215435,635.0,400.0,0.9996277950929736,0.049769922761452375,,,,,,,,
715,431,212,0.6388841420014123,0.0340596188215435,635.0,400.0,0.9996277950929736,0.049769922761452375,,,,,,,,
716,431,212,0.6388841420014123,0.0340596188215435,635.0,400.0,0.9996277950929736,0.049769922761452375,,,,,,,,
717,431,212,0.6388841420014123,0.0340596188215435,635.0,400.0,0.9996277950929736,0.049769922761452375,,,,,,,,
718,431,212,0.6388841420014123,0.0340596188215435,635.0,400.0,0.9996277950929736,0.049769922761452375,,,,,,,,
719,431,212,0.6388841420014123,0.0340596188215435,635.0,400.0,0.9996277950929736,0.049769922761452375,,,,,,,,
720,431,212,0.6388841420014123,0.0340596188215435,635.0,400.0,0.9996277950929736,0.049769922761452375,,,,,,,,
721,431,212,0.6388841420014123,0.0340596188215435,635.0,400.0,0.9996277950929736,0.049769922761452375,,,,,,,,
722,431,212,0.6388841420014123,0.0340596188215435,635.0,400.0,0.9996277950929736,0.049769922761452375,723.0,431.0,0.6477515191579265,0.03173980466568617,,,,
723,431,212,0.6388841420014123,0.0340596188215435,635.0,400.0,0.9996277950929736,0.049769922761452375,723.0,431.0,0.6477515191579265,0.03173980466568617,,,,
724,431,212,0.6388841420014123,0.0340596188215435,635.0,400.0,0.9996277950929736,0.049769922761452375,,,,,,,,
725,431,212,0.6388841420014123,0.0340596188215435,635.0,400.0,0.9996277950929736,0.049769922761452375,,,,,,,,
726,431,212,0.6388841420014123,0.0340596188215435,635.0,400.0,0.9996277950929736,0.049769922761452375,,,,,,,,
727,431,212,0.6388841420014123,0.0340596188215435,635.0,400.0,0.9996277950929736,0.049769922761452375,,,,,,,,
728,431,212,0.6388841420014123,0.0340596188215435,635.0,400.0,0.9996277950929736,0.049769922761452375,,,,,,,,
729,431,212,0.6388841420014123,0.0340596188215435,635.0,400.0,0.9996277950929736,0.049769922761452375,,,,,,,,
730,431,212,0.6388841420014123,0.0340596188215435,635.0,400.0,0.9996277950929736,0.049769922761452375,,,,,,,,
731,431,212,0.6388841420014123,0.0340596188215435,635.0,400.0,0.9996277950929736,0.049769922761452375,,,,,,,,
732,431,212,0.6388841420014123,0.0340596188215435,635.0,400.0,0.9996277950929736,0.049769922761452375,,,,,,,,
733,431,212,0.6388841420014123,0.0340596188215435,635.0,400.0,0.9996277950929736,0.049769922761452375,,,,,,,,
734,431,212,0.6388841420014123,0.0340596188215435,635.0,400.0,0.9996277950929736,0.049769922761452375,,,,,,,,
735,431,212,0.6388841420014123,0.0340596188215435,635.0,400.0,0.9996277950929736,0.049769922761452375,,,,,,,,
736,431,212,0.6388841420014123,0.0340596188215435,635.0,400.0,0.9996277950929736,0.049769922761452375,,,,,,,,
737,431,212,0.6388841420014123,0.0340596188215435,635.0,400.0,0.9996277950929736,0.049769922761452375,,,,,,,,
738,431,212,0.6388841420014123,0.0340596188215435,635.0,400.0,0.9996277950929736,0.049769922761452375,,,,,,,,
739,431,212,0.6388841420014123,0.0340596188215435,635.0,400.0,0.9996277950929736,0.049769922761452375,740.0,431.0,0.6442247073693874,0.03742670764241877,,,,
740,431,212,0.6388841420014123,0.0340596188215435,635.0,400.0,0.9996277950929736,0.049769922761452375,,,,,,,,
741,431,212,0.6388841420014123,0.0340596188215435,635.0,400.0,0.9996277950929736,0.049769922761452375,,,,,,,,
742,431,212,0.6388841420014123,0.0340596188215435,635.0,400.0,0.9996277950929736,0.049769922761452375,,,,,,,,
743,431,212,0.6388841420014123,0.0340596188215435,635.0,400.0,0.9996277950929736,0.049769922761452375,,,,,,,,
744,431,212,0.6388841420014123,0.0340596188215435,635.0,400.0,0.9996277950929736,0.049769922761452375,,,,,,,,
745,431,212,0.6388841420014123,0.0340596188215435,635.0,400.0,0.9996277950929736,0.049769922761452375,746.0,431.0,0.6430440328874379,0.033447023690342116,,,,
746,431,212,0.6388841420014123,0.0340596188215435,635.0,400.0,0.9996277950929736,0.049769922761452375,746.0,431.0,0.6430440328874379,0.033447023690342116,,,,
747,431,212,0.6388841420014123,0.0340596188215435,635.0,400.0,0.9996277950929736,0.049769922761452375,746.0,431.0,0.6430440328874379,0.033447023690342116,,,,
748,431,212,0.6388841420014123,0.0340596188215435,635.0,400.0,0.9996277950929736,0.049769922761452375,746.0,431.0,0.6430440328874379,0.033447023690342116,,,,
749,431,212,0.6388841420014123,0.0340596188215435,635.0,400.0,0.9996277950929736,0.049769922761452375,746.0,431.0,0.6430440328874379,0.033447023690342116,,,,
750,431,212,0.6388841420014123,0.0340596188215435,635.0,400.0,0.9996277950929736,0.049769922761452375,746.0,431.0,0.6430440328874379,0.033447023690342116,,,,
751,431,212,0.6388841420014123,0.0340596188215435,635.0,400.0,0.9996277950929736,0.049769922761452375,752.0,431.0,0.61697690239894,0.03533645558233779,,,,
752,431,212,0.6388841420014123,0.0340596188215435,635.0,400.0,0.9996277950929736,0.049769922761452375,752.0,431.0,0.61697690239894,0.03533645558233779,,,,
753,431,212,0.6388841420014123,0.0340596188215435,635.0,400.0,0.9996277950929736,0.049769922761452375,,,,,,,,
754,431,212,0.6388841420014123,0.0340596188215435,635.0,400.0,0.9996277950929736,0.049769922761452375,,,,,,,,
755,431,212,0.6388841420014123,0.0340596188215435,635.0,400.0,0.9996277950929736,0.049769922761452375,,,,,,,,
756,431,212,0.6388841420014123,0.0340596188215435,635.0,400.0,0.9996277950929736,0.049769922761452375,,,,,,,,
757,431,212,0.6388841420014123,0.0340596188215435,635.0,400.0,0.9996277950929736,0.049769922761452375,,,,,,,,
758,431,212,0.6388841420014123,0.0340596188215435,635.0,400.0,0.9996277950929736,0.049769922761452375,,,,,,,,
759,431,212,0.6388841420014123,0.0340596188215435,635.0,400.0,0.9996277950929736,0.049769922761452375,,,,,,,,
760,431,212,0.6388841420014123,0.0340596188215435,635.0,400.0,0.9996277950929736,0.049769922761452375,,,,,,,,
761,431,212,0.6388841420014123,0.0340596188215435,635.0,400.0,0.9996277950929736,0.049769922761452375,,,,,,,,
762,431,212,0.6388841420014123,0.0340596188215435,635.0,400.0,0.9996277950929736,0.049769922761452375,,,,,,,,
763,431,212,0.6388841420014123,0.0340596188215435,635.0,400.0,0.9996277950929736,0.049769922761452375,,,,,,,,
764,431,212,0.6388841420014123,0.0340596188215435,635.0,400.0,0.9996277950929736,0.049769922761452375,,,,,,,,
765,431,212,0.6388841420014123,0.0340596188215435,635.0,400.0,0.9996277950929736,0.049769922761452375,,,,,,,,
766,431,212,0.6388841420014123,0.0340596188215435,635.0,400.0,0.9996277950929736,0.049769922761452375,,,,,,,,
767,431,212,0.6388841420014123,0.0340596188215435,635.0,400.0,0.9996277950929736,0.049769922761452375,,,,,,,,
768,431,212,0.6388841420014123,0.0340596188215435,635.0,400.0,0.9996277950929736,0.049769922761452375,,,,,,,,
769,431,212,0.6388841420014123,0.0340596188215435,635.0,400.0,0.9996277950929736,0.049769922761452375,,,,,,,,
770,431,212,0.6388841420014123,0.0340596188215435,635.0,400.0,0.9996277950929736,0.049769922761452375,,,,,,,,
771,431,212,0.6388841420014123,0.0340596188215435,635.0,400.0,0.9996277950929736,0.049769922761452375,,,,,,,,
772,431,212,0.6388841420014123,0.0340596188215435,635.0,400.0,0.9996277950929736,0.049769922761452375,,,,,,,,
773,431,212,0.6388841420014123,0.0340596188215435,635.0,400.0,0.9996277950929736,0.049769922761452375,,,,,,,,
774,431,212,0.6388841420014123,0.0340596188215435,635.0,400.0,0.9996277950929736,0.049769922761452375,,,,,,,,
775,431,212,0.6388841420014123,0.0340596188215435,635.0,400.0,0.9996277950929736,0.049769922761452375,,,,,,,,
776,431,212,0.6388841420014123,0.0340596188215435,635.0,400.0,0.9996277950929736,0.049769922761452375,,,,,,,,
777,431,212,0.6388841420014123,0.0340596188215435,635.0,400.0,0.9996277950929736,0.049769922761452375,778.0,431.0,0.6390528224659182,0.0376188972506288,,,,
778,431,212,0.6388841420014123,0.0340596188215435,635.0,400.0,0.9996277950929736,0.049769922761452375,778.0,431.0,0.6390528224659182,0.0376188972506288,,,,
779,431,212,0.6388841420014123,0.0340596188215435,635.0,400.0,0.9996277950929736,0.049769922761452375,778.0,431.0,0.6390528224659182,0.0376188972506288,,,,
780,431,212,0.6388841420014123,0.0340596188215435,635.0,400.0,0.9996277950929736,0.049769922761452375,778.0,431.0,0.6390528224659182,0.0376188972506288,,,,
781,431,212,0.6388841420014123,0.0340596188215435,635.0,400.0,0.9996277950929736,0.049769922761452375,778.0,431.0,0.6390528224659182,0.0376188972506288,,,,
782,431,212,0.6388841420014123,0.0340596188215435,635.0,400.0,0.9996277950929736,0.049769922761452375,,,,,,,,
783,431,212,0.6388841420014123,0.0340596188215435,635.0,400.0,0.9996277950929736,0.049769922761452375,,,,,,,,
784,431,212,0.6388841420014123,0.0340596188215435,635.0,400.0,0.9996277950929736,0.049769922761452375,,,,,,,,
785,431,212,0.6388841420014123,0.0340596188215435,635.0,400.0,0.9996277950929736,0.049769922761452375,,,,,,,,
786,431,212,0.6388841420014123,0.0340596188215435,635.0,400.0,0.9996277950929736,0.049769922761452375,,,,,,,,
787,431,212,0.6388841420014123,0.0340596188215435,635.0,400.0,0.9996277950929736,0.049769922761452375,,,,,,,,
788,431,212,0.6388841420014123,0.0340596188215435,635.0,400.0,0.9996277950929736,0.049769922761452375,,,,,,,,
789,431,212,0.6388841420014123,0.0340596188215435,635.0,400.0,0.9996277950929736,0.049769922761452375,,,,,,,,
790,431,212,0.6388841420014123,0.0340596188215435,635.0,400.0,0.9996277950929736,0.049769922761452375,,,,,,,,
791,431,212,0.6388841420014123,0.0340596188215435,635.0,400.0,0.9996277950929736,0.049769922761452375,,,,,,,,
792,431,212,0.6388841420014123,0.0340596188215435,635.0,400.0,0.9996277950929736,0.049769922761452375,,,,,,,,
793,431,212,0.6388841420014123,0.0340596188215435,635.0,400.0,0.9996277950929736,0.049769922761452375,,,,,,,,
794,431,212,0.6388841420014123,0.0340596188215435,635.0,400.0,0.9996277950929736,0.049769922761452375,,,,,,,,
795,431,212,0.6388841420014123,0.0340596188215435,635.0,400.0,0.9996277950929736,0.049769922761452375,,,,,,,,
796,431,212,0.6388841420014123,0.0340596188215435,635.0,400.0,0.9996277950929736,0.049769922761452375,797.0,431.0,0.6473321476828909,0.0339596332789685,,,,
797,431,212,0.6388841420014123,0.0340596188215435,635.0,400.0,0.9996277950929736,0.049769922761452375,797.0,431.0,0.6473321476828909,0.0339596332789685,,,,
798,431,212,0.6388841420014123,0.0340596188215435,635.0,400.0,0.9996277950929736,0.049769922761452375,797.0,431.0,0.6473321476828909,0.0339596332789685,,,,
799,431,212,0.6388841420014123,0.0340596188215435,635.0,400.0,0.9996277950929736,0.049769922761452375,797.0,431.0,0.6473321476828909,0.0339596332789685,,,,
800,431,212,0.6388841420014123,0.0340596188215435,635.0,400.0,0.9996277950929736,0.049769922761452375,797.0,431.0,0.6473321476828909,0.0339596332789685,,,,
801,431,212,0.6388841420014123,0.0340596188215435,635.0,400.0,0.9996277950929736,0.049769922761452375,797.0,431.0,0.6473321476828909,0.0339596332789685,,,,
802,431,212,0.6388841420014123,0.0340596188215435,635.0,400.0,0.9996277950929736,0.049769922761452375,797.0,431.0,0.6473321476828909,0.0339596332789685,,,,
803,431,212,0.6388841420014123,0.0340596188215435,635.0,400.0,0.9996277950929736,0.049769922761452375,797.0,431.0,0.6473321476828909,0.0339596332789685,,,,
804,431,212,0.6388841420014123,0.0340596188215435,635.0,400.0,0.9996277950929736,0.049769922761452375,797.0,431.0,0.6473321476828909,0.0339596332789685,,,,
805,431,212,0.6388841420014123,0.0340596188215435,635.0,400.0,0.9996277950929736,0.049769922761452375,797.0,431.0,0.6473321476828909,0.0339596332789685,,,,
806,431,212,0.6388841420014123,0.0340596188215435,635.0,400.0,0.9996277950929736,0.049769922761452375,797.0,431.0,0.6473321476828909,0.0339596332789685,,,,
807,431,212,0.6388841420014123,0.0340596188215435,635.0,400.0,0.9996277950929736,0.049769922761452375,797.0,431.0,0.6473321476828909,0.0339596332789685,,,,
808,431,212,0.6388841420014123,0.0340596188215435,635.0,400.0,0.9996277950929736,0.049769922761452375,797.0,431.0,0.6473321476828909,0.0339596332789685,,,,
809,431,212,0.6388841420014123,0.0340596188215435,635.0,400.0,0.9996277950929736,0.049769922761452375,810.0,431.0,0.6516707686732796,0.0333415775983409,,,,
810,431,212,0.6388841420014123,0.0340596188215435,635.0,400.0,0.9996277950929736,0.049769922761452375,,,,,,,,
811,431,212,0.6388841420014123,0.0340596188215435,635.0,400.0,0.9996277950929736,0.049769922761452375,,,,,,,,
812,431,212,0.6388841420014123,0.0340596188215435,635.0,400.0,0.9996277950929736,0.049769922761452375,,,,,,,,
813,431,212,0.6388841420014123,0.0340596188215435,635.0,400.0,0.9996277950929736,0.049769922761452375,,,,,,,,
814,431,212,0.6388841420014123,0.0340596188215435,635.0,400.0,0.9996277950929736,0.049769922761452375,,,,,,,,
815,431,212,0.6388841420014123,0.0340596188215435,635.0,400.0,0.9996277950929736,0.049769922761452375,,,,,,,,
816,431,212,0.6388841420014123,0.0340596188215435,635.0,400.0,0.9996277950929736,0.049769922761452375,,,,,,,,
817,431,212,0.6388841420014123,0.0340596188215435,635.0,400.0,0.9996277950929736,0.049769922761452375,,,,,,,,
818,431,212,0.6388841420014123,0.0340596188215435,635.0,400.0,0.9996277950929736,0.049769922761452375,,,,,,,,
819,431,212,0.6388841420014123,0.0340596188215435,635.0,400.0,0.9996277950929736,0.049769922761452375,,,,,,,,
820,431,212,0.6388841420014123,0.0340596188215435,635.0,400.0,0.9996277950929736,0.049769922761452375,,,,,,,,
821,431,212,0.6388841420014123,0.0340596188215435,635.0,400.0,0.9996277950929736,0.049769922761452375,,,,,,,,
822,431,212,0.6388841420014123,0.0340596188215435,635.0,400.0,0.9996277950929736,0.049769922761452375,,,,,,,,
823,431,212,0.6388841420014123,0.0340596188215435,635.0,400.0,0.9996277950929736,0.049769922761452375,,,,,,,,
824,431,212,0.6388841420014123,0.0340596188215435,635.0,400.0,0.9996277950929736,0.049769922761452375,,,,,,,,
825,431,212,0.6388841420014123,0.0340596188215435,635.0,400.0,0.9996277950929736,0.049769922761452375,,,,,,,,
826,431,212,0.6388841420014123,0.0340596188215435,635.0,400.0,0.9996277950929736,0.049769922761452375,,,,,,,,
827,431,212,0.6388841420014123,0.0340596188215435,635.0,400.0,0.9996277950929736,0.049769922761452375,,,,,,,,
828,431,212,0.6388841420014123,0.0340596188215435,635.0,400.0,0.9996277950929736,0.049769922761452375,,,,,,,,
829,431,212,0.6388841420014123,0.0340596188215435,635.0,400.0,0.9996277950929736,0.049769922761452375,,,,,,,,
830,431,212,0.6388841420014123,0.0340596188215435,635.0,400.0,0.9996277950929736,0.049769922761452375,831.0,431.0,0.6388947907872422,0.0366922377423446,,,,
831,431,212,0.6388841420014123,0.0340596188215435,635.0,400.0,0.9996277950929736,0.049769922761452375,831.0,431.0,0.6388947907872422,0.0366922377423446,,,,
832,431,212,0.6388841420014123,0.0340596188215435,635.0,400.0,0.9996277950929736,0.049769922761452375,831.0,431.0,0.6388947907872422,0.0366922377423446,,,,
833,431,212,0.6388841420014123,0.0340596188215435,635.0,400.0,0.9996277950929736,0.049769922761452375,831.0,431.0,0.6388947907872422,0.0366922377423446,,,,
834,431,212,0.6388841420014123,0.0340596188215435,635.0,400.0,0.9996277950929736,0.049769922761452375,831.0,431.0,0.6388947907872422,0.0366922377423446,,,,
835,431,212,0.6388841420014123,0.0340596188215435,635.0,400.0,0.9996277950929736,0.049769922761452375,831.0,431.0,0.6388947907872422,0.0366922377423446,,,,
836,431,212,0.6388841420014123,0.0340596188215435,635.0,400.0,0.9996277950929736,0.049769922761452375,831.0,431.0,0.6388947907872422,0.0366922377423446,,,,
837,431,212,0.6388841420014123,0.0340596188215435,635.0,400.0,0.9996277950929736,0.049769922761452375,831.0,431.0,0.6388947907872422,0.0366922377423446,,,,
838,431,212,0.6388841420014123,0.0340596188215435,635.0,400.0,0.9996277950929736,0.049769922761452375,,,,,,,,
839,431,212,0.6388841420014123,0.0340596188215435,635.0,400.0,0.9996277950929736,0.049769922761452375,,,,,,,,
840,431,212,0.6388841420014123,0.0340596188215435,635.0,400.0,0.9996277950929736,0.049769922761452375,,,,,,,,
841,431,212,0.6388841420014123,0.0340596188215435,635.0,400.0,0.9996277950929736,0.049769922761452375,,,,,,,,
842,431,212,0.6388841420014123,0.0340596188215435,635.0,400.0,0.9996277950929736,0.049769922761452375,,,,,,,,
843,431,212,0.6388841420014123,0.0340596188215435,635.0,400.0,0.9996277950929736,0.049769922761452375,,,,,,,,
844,431,212,0.6388841420014123,0.0340596188215435,635.0,400.0,0.9996277950929736,0.049769922761452375,,,,,,,,
845,431,212,0.6388841420014123,0.0340596188215435,635.0,400.0,0.9996277950929736,0.049769922761452375,,,,,,,,
846,431,212,0.6388841420014123,0.0340596188215435,635.0,400.0,0.9996277950929736,0.049769922761452375,,,,,,,,
847,431,212,0.6388841420014123,0.0340596188215435,635.0,400.0,0.9996277950929736,0.049769922761452375,,,,,,,,
848,431,212,0.6388841420014123,0.0340596188215435,635.0,400.0,0.9996277950929736,0.049769922761452375,849.0,431.0,0.6524559383421604,0.03728833473646763,,,,
849,431,212,0.6388841420014123,0.0340596188215435,635.0,400.0,0.9996277950929736,0.049769922761452375,,,,,,,,
850,431,212,0.6388841420014123,0.0340596188215435,635.0,400.0,0.9996277950929736,0.049769922761452375,,,,,,,,
851,431,212,0.6388841420014123,0.0340596188215435,635.0,400.0,0.9996277950929736,0.049769922761452375,,,,,,,,
852,431,212,0.6388841420014123,0.0340596188215435,635.0,400.0,0.9996277950929736,0.049769922761452375,,,,,,,,
853,431,212,0.6388841420014123,0.0340596188215435,635.0,400.0,0.9996277950929736,0.049769922761452375,,,,,,,,
854,431,212,0.6388841420014123,0.0340596188215435,635.0,400.0,0.9996277950929736,0.049769922761452375,,,,,,,,
855,431,212,0.6388841420014123,0.0340596188215435,635.0,400.0,0.9996277950929736,0.049769922761452375,,,,,,,,
856,431,212,0.6388841420014123,0.0340596188215435,635.0,400.0,0.9996277950929736,0.049769922761452375,,,,,,,,
857,431,212,0.6388841420014123,0.0340596188215435,635.0,400.0,0.9996277950929736,0.049769922761452375,,,,,,,,
858,431,212,0.6388841420014123,0.0340596188215435,635.0,400.0,0.9996277950929736,0.049769922761452375,,,,,,,,
859,431,212,0.6388841420014123,0.0340596188215435,635.0,400.0,0.9996277950929736,0.049769922761452375,,,,,,,,
860,431,212,0.6388841420014123,0.0340596188215435,635.0,400.0,0.9996277950929736,0.049769922761452375,,,,,,,,
861,431,212,0.6388841420014123,0.0340596188215435,635.0,400.0,0.9996277950929736,0.049769922761452375,,,,,,,,
862,431,212,0.6388841420014123,0.0340596188215435,635.0,400.0,0.9996277950929736,0.049769922761452375,,,,,,,,
863,431,212,0.6388841420014123,0.0340596188215435,635.0,400.0,0.9996277950929736,0.049769922761452375,,,,,,,,
864,431,212,0.6388841420014123,0.0340596188215435,635.0,400.0,0.9996277950929736,0.049769922761452375,,,,,,,,
865,431,212,0.6388841420014123,0.0340596188215435,635.0,400.0,0.9996277950929736,0.049769922761452375,,,,,,,,
866,431,212,0.6388841420014123,0.0340596188215435,635.0,400.0,0.9996277950929736,0.049769922761452375,,,,,,,,
867,431,212,0.6388841420014123,0.0340596188215435,635.0,400.0,0.9996277950929736,0.049769922761452375,,,,,,,,
868,431,212,0.6388841420014123,0.0340596188215435,635.0,400.0,0.9996277950929736,0.049769922761452375,,,,,,,,
869,431,212,0.6388841420014123,0.0340596188215435,635.0,400.0,0.9996277950929736,0.049769922761452375,,,,,,,,
870,431,212,0.6388841420014123,0.0340596188215435,635.0,400.0,0.9996277950929736,0.049769922761452375,,,,,,,,
871,431,212,0.6388841420014123,0.0340596188215435,635.0,400.0,0.9996277950929736,0.049769922761452375,,,,,,,,
872,431,212,0.6388841420014123,0.0340596188215435,635.0,400.0,0.9996277950929736,0.049769922761452375,,,,,,,,
873,431,212,0.6388841420014123,0.0340596188215435,635.0,400.0,0.9996277950929736,0.049769922761452375,,,,,,,,
874,431,212,0.6388841420014123,0.0340596188215435,635.0,400.0,0.9996277950929736,0.049769922761452375,,,,,,,,
875,431,212,0.6388841420014123,0.0340596188215435,635.0,400.0,0.9996277950929736,0.049769922761452375,,,,,,,,
876,431,212,0.6388841420014123,0.0340596188215435,635.0,400.0,0.9996277950929736,0.049769922761452375,,,,,,,,
877,431,212,0.6388841420014123,0.0340596188215435,635.0,400.0,0.9996277950929736,0.049769922761452375,878.0,431.0,0.6152292525902777,0.03617248525519686,,,,
878,431,212,0.6388841420014123,0.0340596188215435,635.0,400.0,0.9996277950929736,0.049769922761452375,,,,,,,,
879,431,212,0.6388841420014123,0.0340596188215435,635.0,400.0,0.9996277950929736,0.049769922761452375,,,,,,,,
880,431,212,0.6388841420014123,0.0340596188215435,635.0,400.0,0.9996277950929736,0.049769922761452375,,,,,,,,
881,431,212,0.6388841420014123,0.0340596188215435,635.0,400.0,0.9996277950929736,0.049769922761452375,,,,,,,,
882,431,212,0.6388841420014123,0.0340596188215435,635.0,400.0,0.9996277950929736,0.049769922761452375,,,,,,,,
883,431,212,0.6388841420014123,0.0340596188215435,635.0,400.0,0.9996277950929736,0.049769922761452375,,,,,,,,
884,431,212,0.6388841420014123,0.0340596188215435,635.0,400.0,0.9996277950929736,0.049769922761452375,,,,,,,,
885,431,212,0.6388841420014123,0.0340596188215435,635.0,400.0,0.9996277950929736,0.049769922761452375,,,,,,,,
886,431,212,0.6388841420014123,0.0340596188215435,635.0,400.0,0.9996277950929736,0.049769922761452375,,,,,,,,
887,431,212,0.6388841420014123,0.0340596188215435,635.0,400.0,0.9996277950929736,0.049769922761452375,,,,,,,,
888,431,212,0.6388841420014123,0.0340596188215435,635.0,400.0,0.9996277950929736,0.049769922761452375,,,,,,,,
889,431,212,0.6388841420014123,0.0340596188215435,635.0,400.0,0.9996277950929736,0.049769922761452375,,,,,,,,
890,431,212,0.6388841420014123,0.0340596188215435,635.0,400.0,0.9996277950929736,0.049769922761452375,,,,,,,,
891,431,212,0.6388841420014123,0.0340596188215435,635.0,400.0,0.9996277950929736,0.049769922761452375,,,,,,,,
892,431,212,0.6388841420014123,0.0340596188215435,635.0,400.0,0.9996277950929736,0.049769922761452375,,,,,,,,
893,431,212,0.6388841420014123,0.0340596188215435,635.0,400.0,0.9996277950929736,0.049769922761452375,,,,,,,,
894,431,212,0.6388841420014123,0.0340596188215435,635.0,400.0,0.9996277950929736,0.049769922761452375,,,,,,,,
895,431,212,0.6388841420014123,0.0340596188215435,635.0,400.0,0.9996277950929736,0.049769922761452375,,,,,,,,
896,431,212,0.6388841420014123,0.0340596188215435,635.0,400.0,0.9996277950929736,0.049769922761452375,,,,,,,,
897,431,212,0.6388841420014123,0.0340596188215435,635.0,400.0,0.9996277950929736,0.049769922761452375,,,,,,,,
898,431,212,0.6388841420014123,0.0340596188215435,635.0,400.0,0.9996277950929736,0.049769922761452375,,,,,,,,
899,431,212,0.6388841420014123,0.0340596188215435,635.0,400.0,0.9996277950929736,0.049769922761452375,,,,,,,,
900,431,212,0.6388841420014123,0.0340596188215435,635.0,400.0,0.9996277950929736,0.049769922761452375,,,,,,,,
901,431,212,0.6388841420014123,0.0340596188215435,635.0,400.0,0.9996277950929736,0.049769922761452375,,,,,,,,
902,431,212,0.6388841420014123,0.0340596188215435,635.0,400.0,0.9996277950929736,0.049769922761452375,,,,,,,,
903,431,212,0.6388841420014123,0.0340596188215435,635.0,400.0,0.9996277950929736,0.049769922761452375,,,,,,,,
904,431,212,0.6388841420014123,0.0340596188215435,635.0,400.0,0.9996277950929736,0.049769922761452375,,,,,,,,
905,431,212,0.6388841420014123,0.0340596188215435,635.0,400.0,0.9996277950929736,0.049769922761452375,,,,,,,,
906,431,212,0.6388841420014123,0.0340596188215435,635.0,400.0,0.9996277950929736,0.049769922761452375,,,,,,,,
907,431,212,0.6388841420014123,0.0340596188215435,635.0,400.0,0.9996277950929736,0.049769922761452375,,,,,,,,
908,431,212,0.6388841420014123,0.0340596188215435,635.0,400.0,0.9996277950929736,0.049769922761452375,,,,,,,,
909,431,212,0.6388841420014123,0.0340596188215435,635.0,400.0,0.9996277950929736,0.049769922761452375,,,,,,,,
910,431,212,0.6388841420014123,0.0340596188215435,635.0,400.0,0.9996277950929736,0.049769922761452375,,,,,,,,
911,431,212,0.6388841420014123,0.0340596188215435,635.0,400.0,0.9996277950929736,0.049769922761452375,,,,,,,,
912,431,212,0.6388841420014123,0.0340596188215435,635.0,400.0,0.9996277950929736,0.049769922761452375,,,,,,,,
913,431,212,0.6388841420014123,0.0340596188215435,635.0,400.0,0.9996277950929736,0.049769922761452375,,,,,,,,
914,431,212,0.6388841420014123,0.0340596188215435,635.0,400.0,0.9996277950929736,0.049769922761452375,,,,,,,,
915,431,212,0.6388841420014123,0.0340596188215435,635.0,400.0,0.9996277950929736,0.049769922761452375,,,,,,,,
916,431,212,0.6388841420014123,0.0340596188215435,635.0,400.0,0.9996277950929736,0.049769922761452375,,,,,,,,
917,431,212,0.6388841420014123,0.0340596188215435,635.0,400.0,0.9996277950929736,0.049769922761452375,,,,,,,,
918,431,212,0.6388841420014123,0.0340596188215435,635.0,400.0,0.9996277950929736,0.049769922761452375,,,,,,,,
919,431,212,0.6388841420014123,0.0340596188215435,635.0,400.0,0.9996277950929736,0.049769922761452375,,,,,,,,
920,431,212,0.6388841420014123,0.0340596188215435,635.0,400.0,0.9996277950929736,0.049769922761452375,,,,,,,,
921,431,212,0.6388841420014123,0.0340596188215435,635.0,400.0,0.9996277950929736,0.049769922761452375,,,,,,,,
922,431,212,0.6388841420014123,0.0340596188215435,635.0,400.0,0.9996277950929736,0.049769922761452375,,,,,,,,
923,431,212,0.6388841420014123,0.0340596188215435,635.0,400.0,0.9996277950929736,0.049769922761452375,,,,,,,,
924,431,212,0.6388841420014123,0.0340596188215435,635.0,400.0,0.9996277950929736,0.049769922761452375,,,,,,,,
925,431,212,0.6388841420014123,0.0340596188215435,635.0,400.0,0.9996277950929736,0.049769922761452375,,,,,,,,
926,431,212,0.6388841420014123,0.0340596188215435,635.0,400.0,0.9996277950929736,0.049769922761452375,,,,,,,,
927,431,212,0.6388841420014123,0.0340596188215435,635.0,400.0,0.9996277950929736,0.049769922761452375,,,,,,,,
928,431,212,0.6388841420014123,0.0340596188215435,635.0,400.0,0.9996277950929736,0.049769922761452375,,,,,,,,
929,431,212,0.6388841420014123,0.0340596188215435,635.0,400.0,0.9996277950929736,0.049769922761452375,,,,,,,,
930,431,212,0.6388841420014123,0.0340596188215435,635.0,400.0,0.9996277950929736,0.049769922761452375,,,,,,,,
931,431,212,0.6388841420014123,0.0340596188215435,635.0,400.0,0.9996277950929736,0.049769922761452375,,,,,,,,
932,431,212,0.6388841420014123,0.0340596188215435,635.0,400.0,0.9996277950929736,0.049769922761452375,,,,,,,,
933,431,212,0.6388841420014123,0.0340596188215435,635.0,400.0,0.9996277950929736,0.049769922761452375,,,,,,,,
934,431,212,0.6388841420014123,0.0340596188215435,635.0,400.0,0.9996277950929736,0.049769922761452375,,,,,,,,
935,431,212,0.6388841420014123,0.0340596188215435,635.0,400.0,0.9996277950929736,0.049769922761452375,,,,,,,,
936,431,212,0.6388841420014123,0.0340596188215435,635.0,400.0,0.9996277950929736,0.049769922761452375,,,,,,,,
937,431,212,0.6388841420014123,0.0340596188215435,635.0,400.0,0.9996277950929736,0.049769922761452375,,,,,,,,
938,431,212,0.6388841420014123,0.0340596188215435,635.0,400.0,0.9996277950929736,0.049769922761452375,,,,,,,,
939,431,212,0.6388841420014123,0.0340596188215435,635.0,400.0,0.9996277950929736,0.049769922761452375,,,,,,,,
940,431,212,0.6388841420014123,0.0340596188215435,635.0,400.0,0.9996277950929736,0.049769922761452375,,,,,,,,
941,431,212,0.6388841420014123,0.0340596188215435,635.0,400.0,0.9996277950929736,0.049769922761452375,,,,,,,,
942,431,212,0.6388841420014123,0.0340596188215435,635.0,400.0,0.9996277950929736,0.049769922761452375,,,,,,,,
943,431,212,0.6388841420014123,0.0340596188215435,635.0,400.0,0.9996277950929736,0.049769922761452375,,,,,,,,
944,431,212,0.6388841420014123,0.0340596188215435,635.0,400.0,0.9996277950929736,0.049769922761452375,,,,,,,,
945,431,212,0.6388841420014123,0.0340596188215435,635.0,400.0,0.9996277950929736,0.049769922761452375,,,,,,,,
946,431,212,0.6388841420014123,0.0340596188215435,635.0,400.0,0.9996277950929736,0.049769922761452375,,,,,,,,
947,431,212,0.6388841420014123,0.0340596188215435,635.0,400.0,0.9996277950929736,0.049769922761452375,,,,,,,,
948,431,212,0.6388841420014123,0.0340596188215435,635.0,400.0,0.9996277950929736,0.049769922761452375,,,,,,,,
949,431,212,0.6388841420014123,0.0340596188215435,635.0,400.0,0.9996277950929736,0.049769922761452375,,,,,,,,
950,431,212,0.6388841420014123,0.0340596188215435,635.0,400.0,0.9996277950929736,0.049769922761452375,,,,,,,,
951,431,212,0.6388841420014123,0.0340596188215435,635.0,400.0,0.9996277950929736,0.049769922761452375,,,,,,,,
952,431,212,0.6388841420014123,0.0340596188215435,635.0,400.0,0.9996277950929736,0.049769922761452375,,,,,,,,
953,431,212,0.6388841420014123,0.0340596188215435,635.0,400.0,0.9996277950929736,0.049769922761452375,,,,,,,,
954,431,212,0.6388841420014123,0.0340596188215435,635.0,400.0,0.9996277950929736,0.049769922761452375,,,,,,,,
955,431,212,0.6388841420014123,0.0340596188215435,635.0,400.0,0.9996277950929736,0.049769922761452375,,,,,,,,
956,431,212,0.6388841420014123,0.0340596188215435,635.0,400.0,0.9996277950929736,0.049769922761452375,,,,,,,,
957,431,212,0.6388841420014123,0.0340596188215435,635.0,400.0,0.9996277950929736,0.049769922761452375,,,,,,,,
958,431,212,0.6388841420014123,0.0340596188215435,635.0,400.0,0.9996277950929736,0.049769922761452375,,,,,,,,
959,431,212,0.6388841420014123,0.0340596188215435,635.0,400.0,0.9996277950929736,0.049769922761452375,,,,,,,,
960,431,212,0.6388841420014123,0.0340596188215435,635.0,400.0,0.9996277950929736,0.049769922761452375,,,,,,,,
961,431,212,0.6388841420014123,0.0340596188215435,635.0,400.0,0.9996277950929736,0.049769922761452375,,,,,,,,
962,431,212,0.6388841420014123,0.0340596188215435,635.0,400.0,0.9996277950929736,0.049769922761452375,,,,,,,,
963,431,212,0.6388841420014123,0.0340596188215435,635.0,400.0,0.9996277950929736,0.049769922761452375,,,,,,,,
964,431,212,0.6388841420014123,0.0340596188215435,635.0,400.0,0.9996277950929736,0.049769922761452375,,,,,,,,
965,431,212,0.6388841420014123,0.0340596188215435,635.0,400.0,0.9996277950929736,0.049769922761452375,,,,,,,,
966,431,212,0.6388841420014123,0.0340596188215435,635.0,400.0,0.9996277950929736,0.049769922761452375,,,,,,,,
967,431,212,0.6388841420014123,0.0340596188215435,635.0,400.0,0.9996277950929736,0.049769922761452375,968.0,431.0,0.6490799487448629,0.03269477906898702,,,,
968,431,212,0.6388841420014123,0.0340596188215435,635.0,400.0,0.9996277950929736,0.049769922761452375,968.0,431.0,0.6490799487448629,0.03269477906898702,,,,
969,431,212,0.6388841420014123,0.0340596188215435,635.0,400.0,0.9996277950929736,0.049769922761452375,968.0,431.0,0.6490799487448629,0.03269477906898702,,,,
970,431,212,0.6388841420014123,0.0340596188215435,635.0,400.0,0.9996277950929736,0.049769922761452375,968.0,431.0,0.6490799487448629,0.03269477906898702,,,,
971,431,212,0.6388841420014123,0.0340596188215435,635.0,400.0,0.9996277950929736,0.049769922761452375,968.0,431.0,0.6490799487448629,0.03269477906898702,,,,
972,431,212,0.6388841420014123,0.0340596188215435,635.0,400.0,0.9996277950929736,0.049769922761452375,,,,,,,,
973,431,212,0.6388841420014123,0.0340596188215435,635.0,400.0,0.9996277950929736,0.049769922761452375,,,,,,,,
974,431,212,0.6388841420014123,0.0340596188215435,635.0,400.0,0.9996277950929736,0.049769922761452375,,,,,,,,
975,431,212,0.6388841420014123,0.0340596188215435,635.0,400.0,0.9996277950929736,0.049769922761452375,,,,,,,,
976,431,212,0.6388841420014123,0.0340596188215435,635.0,400.0,0.9996277950929736,0.049769922761452375,,,,,,,,
977,431,212,0.6388841420014123,0.0340596188215435,635.0,400.0,0.9996277950929736,0.049769922761452375,,,,,,,,
978,431,212,0.6388841420014123,0.0340596188215435,635.0,400.0,0.9996277950929736,0.049769922761452375,,,,,,,,
979,431,212,0.6388841420014123,0.0340596188215435,635.0,400.0,0.9996277950929736,0.049769922761452375,,,,,,,,
980,431,212,0.6388841420014123,0.0340596188215435,635.0,400.0,0.9996277950929736,0.049769922761452375,,,,,,,,
981,431,212,0.6388841420014123,0.0340596188215435,635.0,400.0,0.9996277950929736,0.049769922761452375,,,,,,,,
982,431,212,0.6388841420014123,0.0340596188215435,635.0,400.0,0.9996277950929736,0.049769922761452375,,,,,,,,
983,431,212,0.6388841420014123,0.0340596188215435,635.0,400.0,0.9996277950929736,0.049769922761452375,,,,,,,,
984,431,212,0.6388841420014123,0.0340596188215435,635.0,400.0,0.9996277950929736,0.049769922761452375,,,,,,,,
985,431,212,0.6388841420014123,0.0340596188215435,635.0,400.0,0.9996277950929736,0.049769922761452375,,,,,,,,
986,431,212,0.6388841420014123,0.0340596188215435,635.0,400.0,0.9996277950929736,0.049769922761452375,,,,,,,,
987,431,212,0.6388841420014123,0.0340596188215435,635.0,400.0,0.9996277950929736,0.049769922761452375,,,,,,,,
988,431,212,0.6388841420014123,0.0340596188215435,635.0,400.0,0.9996277950929736,0.049769922761452375,,,,,,,,
989,431,212,0.6388841420014123,0.0340596188215435,635.0,400.0,0.9996277950929736,0.049769922761452375,,,,,,,,
990,431,212,0.6388841420014123,0.0340596188215435,635.0,400.0,0.9996277950929736,0.049769922761452375,,,,,,,,
991,431,212,0.6388841420014123,0.0340596188215435,635.0,400.0,0.9996277950929736,0.049769922761452375,,,,,,,,
992,431,212,0.6388841420014123,0.0340596188215435,635.0,400.0,0.9996277950929736,0.049769922761452375,,,,,,,,
993,431,212,0.6388841420014123,0.0340596188215435,635.0,400.0,0.9996277950929736,0.049769922761452375,,,,,,,,
994,431,212,0.6388841420014123,0.0340596188215435,635.0,400.0,0.9996277950929736,0.049769922761452375,,,,,,,,
995,431,212,0.6388841420014123,0.0340596188215435,635.0,400.0,0.9996277950929736,0.049769922761452375,,,,,,,,
996,431,212,0.6388841420014123,0.0340596188215435,635.0,400.0,0.9996277950929736,0.049769922761452375,,,,,,,,
997,431,212,0.6388841420014123,0.0340596188215435,635.0,400.0,0.9996277950929736,0.049769922761452375,,,,,,,,
998,431,212,0.6388841420014123,0.0340596188215435,635.0,400.0,0.9996277950929736,0.049769922761452375,,,,,,,,
999,431,212,0.6388841420014123,0.0340596188215435,635.0,400.0,0.9996277950929736,0.049769922761452375,,,,,,,,
