mutation_step,id_1,parent_1,f_r_1,phi_1,id_2,parent_2,f_r_2,phi_2,id_3,parent_3,f_r_3,phi_3,id_4,parent_4,f_r_4,phi_4
0,1,0,0.9868729693132737,0.013651116629397525,,,,,,,,,,,,
1,1,0,0.9868729693132737,0.013651116629397525,2.0,1.0,0.9964626127697513,0.04663855601606159,,,,,,,,
2,1,0,0.9868729693132737,0.013651116629397525,2.0,1.0,0.9964626127697513,0.04663855601606159,3.0,2.0,0.996308494873935,0.046811947598642385,,,,
3,1,0,0.9868729693132737,0.013651116629397525,2.0,1.0,0.9964626127697513,0.04663855601606159,3.0,2.0,0.996308494873935,0.046811947598642385,,,,
4,1,0,0.9868729693132737,0.013651116629397525,2.0,1.0,0.9964626127697513,0.04663855601606159,3.0,2.0,0.996308494873935,0.046811947598642385,,,,
5,1,0,0.9868729693132737,0.013651116629397525,2.0,1.0,0.9964626127697513,0.04663855601606159,3.0,2.0,0.996308494873935,0.046811947598642385,,,,
6,7,2,0.9816995266005234,0.03910093497942771,,,,,,,,,,,,
7,7,2,0.9816995266005234,0.03910093497942771,,,,,,,,,,,,
8,7,2,0.9816995266005234,0.03910093497942771,9.0,7.0,0.960008190397986,0.08120885149495011,,,,,,,,
9,7,2,0.9816995266005234,0.03910093497942771,9.0,7.0,0.960008190397986,0.08120885149495011,,,,,,,,
10,7,2,0.9816995266005234,0.03910093497942771,9.0,7.0,0.960008190397986,0.08120885149495011,,,,,,,,
11,7,2,0.9816995266005234,0.03910093497942771,12.0,7.0,0.9518532261747581,0.026996613307591406,,,,,,,,
12,7,2,0.9816995266005234,0.03910093497942771,12.0,7.0,0.9518532261747581,0.026996613307591406,,,,,,,,
13,7,2,0.9816995266005234,0.03910093497942771,12.0,7.0,0.9518532261747581,0.026996613307591406,,,,,,,,
14,7,2,0.9816995266005234,0.03910093497942771,12.0,7.0,0.9518532261747581,0.026996613307591406,15.0,7.0,0.9935845083716935,0.031517834369273315,,,,
15,7,2,0.9816995266005234,0.03910093497942771,12.0,7.0,0.9518532261747581,0.026996613307591406,15.0,7.0,0.9935845083716935,0.031517834369273315,,,,
16,7,2,0.9816995266005234,0.03910093497942771,12.0,7.0,0.9518532261747581,0.026996613307591406,15.0,7.0,0.9935845083716935,0.031517834369273315,,,,
17,7,2,0.9816995266005234,0.03910093497942771,12.0,7.0,0.9518532261747581,0.026996613307591406,15.0,7.0,0.9935845083716935,0.031517834369273315,,,,
18,7,2,0.9816995266005234,0.03910093497942771,12.0,7.0,0.9518532261747581,0.026996613307591406,15.0,7.0,0.9935845083716935,0.031517834369273315,,,,
19,7,2,0.9816995266005234,0.03910093497942771,20.0,12.0,0.9453256924745237,0.03632699901283704,,,,,,,,
20,7,2,0.9816995266005234,0.03910093497942771,21.0,20.0,0.9260078396122687,0.03156363671694237,,,,,,,,
21,7,2,0.9816995266005234,0.03910093497942771,22.0,21.0,0.9109502482164068,0.03877204468983241,,,,,,,,
22,7,2,0.9816995266005234,0.03910093497942771,22.0,21.0,0.9109502482164068,0.03877204468983241,,,,,,,,
23,7,2,0.9816995266005234,0.03910093497942771,22.0,21.0,0.9109502482164068,0.03877204468983241,,,,,,,,
24,7,2,0.9816995266005234,0.03910093497942771,22.0,21.0,0.9109502482164068,0.03877204468983241,,,,,,,,
25,7,2,0.9816995266005234,0.03910093497942771,22.0,21.0,0.9109502482164068,0.03877204468983241,,,,,,,,
26,7,2,0.9816995266005234,0.03910093497942771,22.0,21.0,0.9109502482164068,0.03877204468983241,,,,,,,,
27,22,21,0.9109502482164068,0.03877204468983241,28.0,7.0,0.9916711559010845,0.041817586924454184,,,,,,,,
28,22,21,0.9109502482164068,0.03877204468983241,29.0,28.0,0.9913148977756467,0.052546360500691926,,,,,,,,
29,22,21,0.9109502482164068,0.03877204468983241,29.0,28.0,0.9913148977756467,0.052546360500691926,,,,,,,,
30,22,21,0.9109502482164068,0.03877204468983241,29.0,28.0,0.9913148977756467,0.052546360500691926,,,,,,,,
31,22,21,0.9109502482164068,0.03877204468983241,29.0,28.0,0.9913148977756467,0.052546360500691926,,,,,,,,
32,22,21,0.9109502482164068,0.03877204468983241,29.0,28.0,0.9913148977756467,0.052546360500691926,,,,,,,,
33,22,21,0.9109502482164068,0.03877204468983241,29.0,28.0,0.9913148977756467,0.052546360500691926,,,,,,,,
34,22,21,0.9109502482164068,0.03877204468983241,29.0,28.0,0.9913148977756467,0.052546360500691926,,,,,,,,
35,22,21,0.9109502482164068,0.03877204468983241,29.0,28.0,0.9913148977756467,0.052546360500691926,,,,,,,,
36,22,21,0.9109502482164068,0.03877204468983241,29.0,28.0,0.9913148977756467,0.052546360500691926,,,,,,,,
37,22,21,0.9109502482164068,0.03877204468983241,29.0,28.0,0.9913148977756467,0.052546360500691926,,,,,,,,
38,22,21,0.9109502482164068,0.03877204468983241,29.0,28.0,0.9913148977756467,0.052546360500691926,,,,,,,,
39,22,21,0.9109502482164068,0.03877204468983241,29.0,28.0,0.9913148977756467,0.052546360500691926,,,,,,,,
40,22,21,0.9109502482164068,0.03877204468983241,29.0,28.0,0.9913148977756467,0.052546360500691926,,,,,,,,
41,22,21,0.9109502482164068,0.03877204468983241,29.0,28.0,0.9913148977756467,0.052546360500691926,,,,,,,,
42,29,28,0.9913148977756467,0.052546360500691926,43.0,22.0,0.8977578667817407,0.03711531692510399,,,,,,,,
43,29,28,0.9913148977756467,0.052546360500691926,44.0,43.0,0.891234095211885,0.020346649031063504,,,,,,,,
44,29,28,0.9913148977756467,0.052546360500691926,44.0,43.0,0.891234095211885,0.020346649031063504,45.0,44.0,0.8823959802456225,0.012372644911498618,,,,
45,29,28,0.9913148977756467,0.052546360500691926,45.0,44.0,0.8823959802456225,0.012372644911498618,,,,,,,,
46,29,28,0.9913148977756467,0.052546360500691926,47.0,45.0,0.886749635146678,0.029254842312808397,,,,,,,,
47,29,28,0.9913148977756467,0.052546360500691926,47.0,45.0,0.886749635146678,0.029254842312808397,,,,,,,,
48,29,28,0.9913148977756467,0.052546360500691926,47.0,45.0,0.886749635146678,0.029254842312808397,,,,,,,,
49,29,28,0.9913148977756467,0.052546360500691926,47.0,45.0,0.886749635146678,0.029254842312808397,,,,,,,,
50,29,28,0.9913148977756467,0.052546360500691926,47.0,45.0,0.886749635146678,0.029254842312808397,,,,,,,,
51,29,28,0.9913148977756467,0.052546360500691926,47.0,45.0,0.886749635146678,0.029254842312808397,,,,,,,,
52,29,28,0.9913148977756467,0.052546360500691926,47.0,45.0,0.886749635146678,0.029254842312808397,,,,,,,,
53,29,28,0.9913148977756467,0.052546360500691926,47.0,45.0,0.886749635146678,0.029254842312808397,,,,,,,,
54,29,28,0.9913148977756467,0.052546360500691926,47.0,45.0,0.886749635146678,0.029254842312808397,,,,,,,,
55,29,28,0.9913148977756467,0.052546360500691926,47.0,45.0,0.886749635146678,0.029254842312808397,,,,,,,,
56,29,28,0.9913148977756467,0.052546360500691926,47.0,45.0,0.886749635146678,0.029254842312808397,,,,,,,,
57,29,28,0.9913148977756467,0.052546360500691926,47.0,45.0,0.886749635146678,0.029254842312808397,,,,,,,,
58,29,28,0.9913148977756467,0.052546360500691926,47.0,45.0,0.886749635146678,0.029254842312808397,,,,,,,,
59,29,28,0.9913148977756467,0.052546360500691926,60.0,47.0,0.866779829458104,0.009107016361093418,,,,,,,,
60,29,28,0.9913148977756467,0.052546360500691926,60.0,47.0,0.866779829458104,0.009107016361093418,,,,,,,,
61,29,28,0.9913148977756467,0.052546360500691926,60.0,47.0,0.866779829458104,0.009107016361093418,,,,,,,,
62,29,28,0.9913148977756467,0.052546360500691926,60.0,47.0,0.866779829458104,0.009107016361093418,,,,,,,,
63,29,28,0.9913148977756467,0.052546360500691926,64.0,60.0,0.8378457697002623,0.005004195253737646,,,,,,,,
64,29,28,0.9913148977756467,0.052546360500691926,65.0,64.0,0.8175232068883049,0.01200399742479352,,,,,,,,
65,29,28,0.9913148977756467,0.052546360500691926,65.0,64.0,0.8175232068883049,0.01200399742479352,,,,,,,,
66,29,28,0.9913148977756467,0.052546360500691926,65.0,64.0,0.8175232068883049,0.01200399742479352,,,,,,,,
67,29,28,0.9913148977756467,0.052546360500691926,65.0,64.0,0.8175232068883049,0.01200399742479352,,,,,,,,
68,29,28,0.9913148977756467,0.052546360500691926,65.0,64.0,0.8175232068883049,0.01200399742479352,,,,,,,,
69,29,28,0.9913148977756467,0.052546360500691926,65.0,64.0,0.8175232068883049,0.01200399742479352,,,,,,,,
70,29,28,0.9913148977756467,0.052546360500691926,65.0,64.0,0.8175232068883049,0.01200399742479352,,,,,,,,
71,29,28,0.9913148977756467,0.052546360500691926,65.0,64.0,0.8175232068883049,0.01200399742479352,,,,,,,,
72,29,28,0.9913148977756467,0.052546360500691926,65.0,64.0,0.8175232068883049,0.01200399742479352,73.0,29.0,0.9946065978249592,0.058035628995834976,,,,
73,29,28,0.9913148977756467,0.052546360500691926,65.0,64.0,0.8175232068883049,0.01200399742479352,73.0,29.0,0.9946065978249592,0.058035628995834976,,,,
74,29,28,0.9913148977756467,0.052546360500691926,65.0,64.0,0.8175232068883049,0.01200399742479352,73.0,29.0,0.9946065978249592,0.058035628995834976,,,,
75,29,28,0.9913148977756467,0.052546360500691926,65.0,64.0,0.8175232068883049,0.01200399742479352,73.0,29.0,0.9946065978249592,0.058035628995834976,,,,
76,29,28,0.9913148977756467,0.052546360500691926,65.0,64.0,0.8175232068883049,0.01200399742479352,73.0,29.0,0.9946065978249592,0.058035628995834976,,,,
77,29,28,0.9913148977756467,0.052546360500691926,65.0,64.0,0.8175232068883049,0.01200399742479352,,,,,,,,
78,29,28,0.9913148977756467,0.052546360500691926,65.0,64.0,0.8175232068883049,0.01200399742479352,,,,,,,,
79,65,64,0.8175232068883049,0.01200399742479352,80.0,29.0,0.99505883839942,0.04766235965200726,,,,,,,,
80,65,64,0.8175232068883049,0.01200399742479352,80.0,29.0,0.99505883839942,0.04766235965200726,,,,,,,,
81,65,64,0.8175232068883049,0.01200399742479352,80.0,29.0,0.99505883839942,0.04766235965200726,,,,,,,,
82,80,29,0.99505883839942,0.04766235965200726,83.0,65.0,0.8233930790125397,0.0352607593246192,,,,,,,,
83,80,29,0.99505883839942,0.04766235965200726,83.0,65.0,0.8233930790125397,0.0352607593246192,,,,,,,,
84,80,29,0.99505883839942,0.04766235965200726,83.0,65.0,0.8233930790125397,0.0352607593246192,,,,,,,,
85,80,29,0.99505883839942,0.04766235965200726,86.0,83.0,0.8113392467185824,0.029930811446457775,,,,,,,,
86,80,29,0.99505883839942,0.04766235965200726,86.0,83.0,0.8113392467185824,0.029930811446457775,,,,,,,,
87,80,29,0.99505883839942,0.04766235965200726,86.0,83.0,0.8113392467185824,0.029930811446457775,,,,,,,,
88,80,29,0.99505883839942,0.04766235965200726,86.0,83.0,0.8113392467185824,0.029930811446457775,,,,,,,,
89,80,29,0.99505883839942,0.04766235965200726,90.0,86.0,0.7889755227421499,0.0365842001814444,,,,,,,,
90,80,29,0.99505883839942,0.04766235965200726,90.0,86.0,0.7889755227421499,0.0365842001814444,,,,,,,,
91,80,29,0.99505883839942,0.04766235965200726,90.0,86.0,0.7889755227421499,0.0365842001814444,,,,,,,,
92,80,29,0.99505883839942,0.04766235965200726,93.0,90.0,0.7658269581851765,0.023972192280282932,,,,,,,,
93,80,29,0.99505883839942,0.04766235965200726,93.0,90.0,0.7658269581851765,0.023972192280282932,,,,,,,,
94,80,29,0.99505883839942,0.04766235965200726,95.0,93.0,0.7608792033149532,0.03793170652947194,,,,,,,,
95,80,29,0.99505883839942,0.04766235965200726,96.0,95.0,0.7547610485276219,0.032382595349754364,,,,,,,,
96,80,29,0.99505883839942,0.04766235965200726,96.0,95.0,0.7547610485276219,0.032382595349754364,,,,,,,,
97,80,29,0.99505883839942,0.04766235965200726,96.0,95.0,0.7547610485276219,0.032382595349754364,,,,,,,,
98,80,29,0.99505883839942,0.04766235965200726,96.0,95.0,0.7547610485276219,0.032382595349754364,,,,,,,,
99,80,29,0.99505883839942,0.04766235965200726,96.0,95.0,0.7547610485276219,0.032382595349754364,,,,,,,,
100,80,29,0.99505883839942,0.04766235965200726,96.0,95.0,0.7547610485276219,0.032382595349754364,,,,,,,,
101,80,29,0.99505883839942,0.04766235965200726,96.0,95.0,0.7547610485276219,0.032382595349754364,,,,,,,,
102,80,29,0.99505883839942,0.04766235965200726,96.0,95.0,0.7547610485276219,0.032382595349754364,,,,,,,,
103,80,29,0.99505883839942,0.04766235965200726,96.0,95.0,0.7547610485276219,0.032382595349754364,,,,,,,,
104,80,29,0.99505883839942,0.04766235965200726,105.0,96.0,0.7462470023727683,0.03981248801354735,,,,,,,,
105,80,29,0.99505883839942,0.04766235965200726,105.0,96.0,0.7462470023727683,0.03981248801354735,,,,,,,,
106,80,29,0.99505883839942,0.04766235965200726,107.0,105.0,0.7418669786684338,0.027791624114389617,,,,,,,,
107,80,29,0.99505883839942,0.04766235965200726,107.0,105.0,0.7418669786684338,0.027791624114389617,,,,,,,,
108,80,29,0.99505883839942,0.04766235965200726,109.0,107.0,0.711592185628402,0.028533242961035113,,,,,,,,
109,80,29,0.99505883839942,0.04766235965200726,109.0,107.0,0.711592185628402,0.028533242961035113,,,,,,,,
110,80,29,0.99505883839942,0.04766235965200726,109.0,107.0,0.711592185628402,0.028533242961035113,,,,,,,,
111,80,29,0.99505883839942,0.04766235965200726,109.0,107.0,0.711592185628402,0.028533242961035113,112.0,109.0,0.7071382566508453,0.04025672102802648,,,,
112,80,29,0.99505883839942,0.04766235965200726,109.0,107.0,0.711592185628402,0.028533242961035113,112.0,109.0,0.7071382566508453,0.04025672102802648,,,,
113,80,29,0.99505883839942,0.04766235965200726,109.0,107.0,0.711592185628402,0.028533242961035113,112.0,109.0,0.7071382566508453,0.04025672102802648,,,,
114,80,29,0.99505883839942,0.04766235965200726,109.0,107.0,0.711592185628402,0.028533242961035113,112.0,109.0,0.7071382566508453,0.04025672102802648,,,,
115,80,29,0.99505883839942,0.04766235965200726,109.0,107.0,0.711592185628402,0.028533242961035113,112.0,109.0,0.7071382566508453,0.04025672102802648,,,,
116,80,29,0.99505883839942,0.04766235965200726,109.0,107.0,0.711592185628402,0.028533242961035113,112.0,109.0,0.7071382566508453,0.04025672102802648,,,,
117,80,29,0.99505883839942,0.04766235965200726,109.0,107.0,0.711592185628402,0.028533242961035113,112.0,109.0,0.7071382566508453,0.04025672102802648,,,,
118,80,29,0.99505883839942,0.04766235965200726,109.0,107.0,0.711592185628402,0.028533242961035113,112.0,109.0,0.7071382566508453,0.04025672102802648,,,,
119,80,29,0.99505883839942,0.04766235965200726,109.0,107.0,0.711592185628402,0.028533242961035113,112.0,109.0,0.7071382566508453,0.04025672102802648,,,,
120,80,29,0.99505883839942,0.04766235965200726,109.0,107.0,0.711592185628402,0.028533242961035113,112.0,109.0,0.7071382566508453,0.04025672102802648,,,,
121,80,29,0.99505883839942,0.04766235965200726,122.0,112.0,0.6956088477595572,0.03204816932520725,,,,,,,,
122,80,29,0.99505883839942,0.04766235965200726,123.0,122.0,0.6652644243689996,0.029330036529273917,,,,,,,,
123,80,29,0.99505883839942,0.04766235965200726,123.0,122.0,0.6652644243689996,0.029330036529273917,,,,,,,,
124,80,29,0.99505883839942,0.04766235965200726,123.0,122.0,0.6652644243689996,0.029330036529273917,,,,,,,,
125,80,29,0.99505883839942,0.04766235965200726,123.0,122.0,0.6652644243689996,0.029330036529273917,,,,,,,,
126,80,29,0.99505883839942,0.04766235965200726,123.0,122.0,0.6652644243689996,0.029330036529273917,,,,,,,,
127,80,29,0.99505883839942,0.04766235965200726,128.0,123.0,0.6623896336180483,0.034943613298561306,,,,,,,,
128,80,29,0.99505883839942,0.04766235965200726,128.0,123.0,0.6623896336180483,0.034943613298561306,,,,,,,,
129,80,29,0.99505883839942,0.04766235965200726,130.0,128.0,0.6348024150284411,0.03311168755859997,,,,,,,,
130,80,29,0.99505883839942,0.04766235965200726,130.0,128.0,0.6348024150284411,0.03311168755859997,,,,,,,,
131,80,29,0.99505883839942,0.04766235965200726,130.0,128.0,0.6348024150284411,0.03311168755859997,,,,,,,,
132,80,29,0.99505883839942,0.04766235965200726,130.0,128.0,0.6348024150284411,0.03311168755859997,,,,,,,,
133,80,29,0.99505883839942,0.04766235965200726,130.0,128.0,0.6348024150284411,0.03311168755859997,,,,,,,,
134,80,29,0.99505883839942,0.04766235965200726,130.0,128.0,0.6348024150284411,0.03311168755859997,,,,,,,,
135,80,29,0.99505883839942,0.04766235965200726,130.0,128.0,0.6348024150284411,0.03311168755859997,,,,,,,,
136,80,29,0.99505883839942,0.04766235965200726,130.0,128.0,0.6348024150284411,0.03311168755859997,,,,,,,,
137,80,29,0.99505883839942,0.04766235965200726,130.0,128.0,0.6348024150284411,0.03311168755859997,,,,,,,,
138,80,29,0.99505883839942,0.04766235965200726,130.0,128.0,0.6348024150284411,0.03311168755859997,,,,,,,,
139,130,128,0.6348024150284411,0.03311168755859997,140.0,80.0,0.9984408171426835,0.05607417159655964,,,,,,,,
140,130,128,0.6348024150284411,0.03311168755859997,140.0,80.0,0.9984408171426835,0.05607417159655964,141.0,130.0,0.6487830305386155,0.03271406183330672,,,,
141,130,128,0.6348024150284411,0.03311168755859997,140.0,80.0,0.9984408171426835,0.05607417159655964,141.0,130.0,0.6487830305386155,0.03271406183330672,,,,
142,130,128,0.6348024150284411,0.03311168755859997,140.0,80.0,0.9984408171426835,0.05607417159655964,141.0,130.0,0.6487830305386155,0.03271406183330672,,,,
143,130,128,0.6348024150284411,0.03311168755859997,140.0,80.0,0.9984408171426835,0.05607417159655964,141.0,130.0,0.6487830305386155,0.03271406183330672,,,,
144,130,128,0.6348024150284411,0.03311168755859997,140.0,80.0,0.9984408171426835,0.05607417159655964,141.0,130.0,0.6487830305386155,0.03271406183330672,,,,
145,130,128,0.6348024150284411,0.03311168755859997,140.0,80.0,0.9984408171426835,0.05607417159655964,,,,,,,,
146,130,128,0.6348024150284411,0.03311168755859997,140.0,80.0,0.9984408171426835,0.05607417159655964,,,,,,,,
147,130,128,0.6348024150284411,0.03311168755859997,140.0,80.0,0.9984408171426835,0.05607417159655964,,,,,,,,
148,130,128,0.6348024150284411,0.03311168755859997,140.0,80.0,0.9984408171426835,0.05607417159655964,,,,,,,,
149,130,128,0.6348024150284411,0.03311168755859997,140.0,80.0,0.9984408171426835,0.05607417159655964,,,,,,,,
150,130,128,0.6348024150284411,0.03311168755859997,140.0,80.0,0.9984408171426835,0.05607417159655964,,,,,,,,
151,130,128,0.6348024150284411,0.03311168755859997,140.0,80.0,0.9984408171426835,0.05607417159655964,,,,,,,,
152,130,128,0.6348024150284411,0.03311168755859997,140.0,80.0,0.9984408171426835,0.05607417159655964,,,,,,,,
153,130,128,0.6348024150284411,0.03311168755859997,140.0,80.0,0.9984408171426835,0.05607417159655964,,,,,,,,
154,130,128,0.6348024150284411,0.03311168755859997,140.0,80.0,0.9984408171426835,0.05607417159655964,,,,,,,,
155,130,128,0.6348024150284411,0.03311168755859997,140.0,80.0,0.9984408171426835,0.05607417159655964,,,,,,,,
156,130,128,0.6348024150284411,0.03311168755859997,140.0,80.0,0.9984408171426835,0.05607417159655964,,,,,,,,
157,130,128,0.6348024150284411,0.03311168755859997,140.0,80.0,0.9984408171426835,0.05607417159655964,,,,,,,,
158,130,128,0.6348024150284411,0.03311168755859997,140.0,80.0,0.9984408171426835,0.05607417159655964,,,,,,,,
159,130,128,0.6348024150284411,0.03311168755859997,140.0,80.0,0.9984408171426835,0.05607417159655964,,,,,,,,
160,130,128,0.6348024150284411,0.03311168755859997,140.0,80.0,0.9984408171426835,0.05607417159655964,,,,,,,,
161,130,128,0.6348024150284411,0.03311168755859997,140.0,80.0,0.9984408171426835,0.05607417159655964,,,,,,,,
162,130,128,0.6348024150284411,0.03311168755859997,140.0,80.0,0.9984408171426835,0.05607417159655964,,,,,,,,
163,130,128,0.6348024150284411,0.03311168755859997,140.0,80.0,0.9984408171426835,0.05607417159655964,,,,,,,,
164,130,128,0.6348024150284411,0.03311168755859997,140.0,80.0,0.9984408171426835,0.05607417159655964,,,,,,,,
165,130,128,0.6348024150284411,0.03311168755859997,140.0,80.0,0.9984408171426835,0.05607417159655964,,,,,,,,
166,130,128,0.6348024150284411,0.03311168755859997,140.0,80.0,0.9984408171426835,0.05607417159655964,,,,,,,,
167,130,128,0.6348024150284411,0.03311168755859997,140.0,80.0,0.9984408171426835,0.05607417159655964,,,,,,,,
168,130,128,0.6348024150284411,0.03311168755859997,140.0,80.0,0.9984408171426835,0.05607417159655964,,,,,,,,
169,130,128,0.6348024150284411,0.03311168755859997,140.0,80.0,0.9984408171426835,0.05607417159655964,170.0,130.0,0.6503018381034368,0.035437716963583346,,,,
170,130,128,0.6348024150284411,0.03311168755859997,140.0,80.0,0.9984408171426835,0.05607417159655964,170.0,130.0,0.6503018381034368,0.035437716963583346,,,,
171,130,128,0.6348024150284411,0.03311168755859997,140.0,80.0,0.9984408171426835,0.05607417159655964,170.0,130.0,0.6503018381034368,0.035437716963583346,,,,
172,130,128,0.6348024150284411,0.03311168755859997,140.0,80.0,0.9984408171426835,0.05607417159655964,170.0,130.0,0.6503018381034368,0.035437716963583346,,,,
173,130,128,0.6348024150284411,0.03311168755859997,140.0,80.0,0.9984408171426835,0.05607417159655964,170.0,130.0,0.6503018381034368,0.035437716963583346,,,,
174,130,128,0.6348024150284411,0.03311168755859997,140.0,80.0,0.9984408171426835,0.05607417159655964,170.0,130.0,0.6503018381034368,0.035437716963583346,,,,
175,130,128,0.6348024150284411,0.03311168755859997,140.0,80.0,0.9984408171426835,0.05607417159655964,170.0,130.0,0.6503018381034368,0.035437716963583346,,,,
176,130,128,0.6348024150284411,0.03311168755859997,140.0,80.0,0.9984408171426835,0.05607417159655964,170.0,130.0,0.6503018381034368,0.035437716963583346,,,,
177,130,128,0.6348024150284411,0.03311168755859997,140.0,80.0,0.9984408171426835,0.05607417159655964,,,,,,,,
178,130,128,0.6348024150284411,0.03311168755859997,140.0,80.0,0.9984408171426835,0.05607417159655964,,,,,,,,
179,130,128,0.6348024150284411,0.03311168755859997,140.0,80.0,0.9984408171426835,0.05607417159655964,,,,,,,,
180,130,128,0.6348024150284411,0.03311168755859997,140.0,80.0,0.9984408171426835,0.05607417159655964,,,,,,,,
181,130,128,0.6348024150284411,0.03311168755859997,140.0,80.0,0.9984408171426835,0.05607417159655964,,,,,,,,
182,130,128,0.6348024150284411,0.03311168755859997,140.0,80.0,0.9984408171426835,0.05607417159655964,,,,,,,,
183,130,128,0.6348024150284411,0.03311168755859997,184.0,140.0,0.9990303818624602,0.05344954302653468,,,,,,,,
184,130,128,0.6348024150284411,0.03311168755859997,184.0,140.0,0.9990303818624602,0.05344954302653468,,,,,,,,
185,130,128,0.6348024150284411,0.03311168755859997,184.0,140.0,0.9990303818624602,0.05344954302653468,186.0,130.0,0.6483553981805199,0.037751613405209286,,,,
186,130,128,0.6348024150284411,0.03311168755859997,184.0,140.0,0.9990303818624602,0.05344954302653468,,,,,,,,
187,130,128,0.6348024150284411,0.03311168755859997,184.0,140.0,0.9990303818624602,0.05344954302653468,,,,,,,,
188,130,128,0.6348024150284411,0.03311168755859997,184.0,140.0,0.9990303818624602,0.05344954302653468,,,,,,,,
189,130,128,0.6348024150284411,0.03311168755859997,184.0,140.0,0.9990303818624602,0.05344954302653468,,,,,,,,
190,130,128,0.6348024150284411,0.03311168755859997,184.0,140.0,0.9990303818624602,0.05344954302653468,,,,,,,,
191,130,128,0.6348024150284411,0.03311168755859997,184.0,140.0,0.9990303818624602,0.05344954302653468,,,,,,,,
192,130,128,0.6348024150284411,0.03311168755859997,184.0,140.0,0.9990303818624602,0.05344954302653468,,,,,,,,
193,130,128,0.6348024150284411,0.03311168755859997,184.0,140.0,0.9990303818624602,0.05344954302653468,,,,,,,,
194,130,128,0.6348024150284411,0.03311168755859997,184.0,140.0,0.9990303818624602,0.05344954302653468,,,,,,,,
195,130,128,0.6348024150284411,0.03311168755859997,184.0,140.0,0.9990303818624602,0.05344954302653468,,,,,,,,
196,130,128,0.6348024150284411,0.03311168755859997,184.0,140.0,0.9990303818624602,0.05344954302653468,,,,,,,,
197,130,128,0.6348024150284411,0.03311168755859997,184.0,140.0,0.9990303818624602,0.05344954302653468,,,,,,,,
198,130,128,0.6348024150284411,0.03311168755859997,184.0,140.0,0.9990303818624602,0.05344954302653468,,,,,,,,
199,130,128,0.6348024150284411,0.03311168755859997,184.0,140.0,0.9990303818624602,0.05344954302653468,,,,,,,,
200,130,128,0.6348024150284411,0.03311168755859997,184.0,140.0,0.9990303818624602,0.05344954302653468,,,,,,,,
201,130,128,0.6348024150284411,0.03311168755859997,184.0,140.0,0.9990303818624602,0.05344954302653468,,,,,,,,
202,130,128,0.6348024150284411,0.03311168755859997,184.0,140.0,0.9990303818624602,0.05344954302653468,,,,,,,,
203,130,128,0.6348024150284411,0.03311168755859997,184.0,140.0,0.9990303818624602,0.05344954302653468,,,,,,,,
204,130,128,0.6348024150284411,0.03311168755859997,184.0,140.0,0.9990303818624602,0.05344954302653468,,,,,,,,
205,130,128,0.6348024150284411,0.03311168755859997,184.0,140.0,0.9990303818624602,0.05344954302653468,,,,,,,,
206,130,128,0.6348024150284411,0.03311168755859997,184.0,140.0,0.9990303818624602,0.05344954302653468,,,,,,,,
207,130,128,0.6348024150284411,0.03311168755859997,184.0,140.0,0.9990303818624602,0.05344954302653468,,,,,,,,
208,130,128,0.6348024150284411,0.03311168755859997,184.0,140.0,0.9990303818624602,0.05344954302653468,,,,,,,,
209,130,128,0.6348024150284411,0.03311168755859997,184.0,140.0,0.9990303818624602,0.05344954302653468,,,,,,,,
210,130,128,0.6348024150284411,0.03311168755859997,184.0,140.0,0.9990303818624602,0.05344954302653468,,,,,,,,
211,130,128,0.6348024150284411,0.03311168755859997,184.0,140.0,0.9990303818624602,0.05344954302653468,,,,,,,,
212,130,128,0.6348024150284411,0.03311168755859997,184.0,140.0,0.9990303818624602,0.05344954302653468,,,,,,,,
213,130,128,0.6348024150284411,0.03311168755859997,184.0,140.0,0.9990303818624602,0.05344954302653468,,,,,,,,
214,130,128,0.6348024150284411,0.03311168755859997,184.0,140.0,0.9990303818624602,0.05344954302653468,,,,,,,,
215,130,128,0.6348024150284411,0.03311168755859997,184.0,140.0,0.9990303818624602,0.05344954302653468,,,,,,,,
216,130,128,0.6348024150284411,0.03311168755859997,184.0,140.0,0.9990303818624602,0.05344954302653468,,,,,,,,
217,130,128,0.6348024150284411,0.03311168755859997,184.0,140.0,0.9990303818624602,0.05344954302653468,,,,,,,,
218,130,128,0.6348024150284411,0.03311168755859997,184.0,140.0,0.9990303818624602,0.05344954302653468,,,,,,,,
219,130,128,0.6348024150284411,0.03311168755859997,184.0,140.0,0.9990303818624602,0.05344954302653468,,,,,,,,
220,130,128,0.6348024150284411,0.03311168755859997,184.0,140.0,0.9990303818624602,0.05344954302653468,,,,,,,,
221,130,128,0.6348024150284411,0.03311168755859997,184.0,140.0,0.9990303818624602,0.05344954302653468,,,,,,,,
222,130,128,0.6348024150284411,0.03311168755859997,184.0,140.0,0.9990303818624602,0.05344954302653468,,,,,,,,
223,130,128,0.6348024150284411,0.03311168755859997,184.0,140.0,0.9990303818624602,0.05344954302653468,,,,,,,,
224,130,128,0.6348024150284411,0.03311168755859997,184.0,140.0,0.9990303818624602,0.05344954302653468,,,,,,,,
225,130,128,0.6348024150284411,0.03311168755859997,184.0,140.0,0.9990303818624602,0.05344954302653468,,,,,,,,
226,130,128,0.6348024150284411,0.03311168755859997,184.0,140.0,0.9990303818624602,0.05344954302653468,,,,,,,,
227,130,128,0.6348024150284411,0.03311168755859997,184.0,140.0,0.9990303818624602,0.05344954302653468,,,,,,,,
228,130,128,0.6348024150284411,0.03311168755859997,184.0,140.0,0.9990303818624602,0.05344954302653468,,,,,,,,
229,130,128,0.6348024150284411,0.03311168755859997,184.0,140.0,0.9990303818624602,0.05344954302653468,,,,,,,,
230,130,128,0.6348024150284411,0.03311168755859997,184.0,140.0,0.9990303818624602,0.05344954302653468,,,,,,,,
231,130,128,0.6348024150284411,0.03311168755859997,184.0,140.0,0.9990303818624602,0.05344954302653468,,,,,,,,
232,130,128,0.6348024150284411,0.03311168755859997,184.0,140.0,0.9990303818624602,0.05344954302653468,,,,,,,,
233,130,128,0.6348024150284411,0.03311168755859997,184.0,140.0,0.9990303818624602,0.05344954302653468,234.0,130.0,0.6465105726222689,0.034530442194470774,,,,
234,130,128,0.6348024150284411,0.03311168755859997,184.0,140.0,0.9990303818624602,0.05344954302653468,234.0,130.0,0.6465105726222689,0.034530442194470774,,,,
235,130,128,0.6348024150284411,0.03311168755859997,184.0,140.0,0.9990303818624602,0.05344954302653468,234.0,130.0,0.6465105726222689,0.034530442194470774,,,,
236,130,128,0.6348024150284411,0.03311168755859997,184.0,140.0,0.9990303818624602,0.05344954302653468,234.0,130.0,0.6465105726222689,0.034530442194470774,237.0,234.0,0.6502487896210187,0.033742060619053216
237,130,128,0.6348024150284411,0.03311168755859997,184.0,140.0,0.9990303818624602,0.05344954302653468,234.0,130.0,0.6465105726222689,0.034530442194470774,237.0,234.0,0.6502487896210187,0.033742060619053216
238,130,128,0.6348024150284411,0.03311168755859997,184.0,140.0,0.9990303818624602,0.05344954302653468,234.0,130.0,0.6465105726222689,0.034530442194470774,237.0,234.0,0.6502487896210187,0.033742060619053216
239,130,128,0.6348024150284411,0.03311168755859997,184.0,140.0,0.9990303818624602,0.05344954302653468,234.0,130.0,0.6465105726222689,0.034530442194470774,237.0,234.0,0.6502487896210187,0.033742060619053216
240,130,128,0.6348024150284411,0.03311168755859997,184.0,140.0,0.9990303818624602,0.05344954302653468,234.0,130.0,0.6465105726222689,0.034530442194470774,237.0,234.0,0.6502487896210187,0.033742060619053216
241,130,128,0.6348024150284411,0.03311168755859997,184.0,140.0,0.9990303818624602,0.05344954302653468,234.0,130.0,0.6465105726222689,0.034530442194470774,237.0,234.0,0.6502487896210187,0.033742060619053216
242,130,128,0.6348024150284411,0.03311168755859997,184.0,140.0,0.9990303818624602,0.05344954302653468,234.0,130.0,0.6465105726222689,0.034530442194470774,237.0,234.0,0.6502487896210187,0.033742060619053216
243,130,128,0.6348024150284411,0.03311168755859997,184.0,140.0,0.9990303818624602,0.05344954302653468,234.0,130.0,0.6465105726222689,0.034530442194470774,237.0,234.0,0.6502487896210187,0.033742060619053216
244,130,128,0.6348024150284411,0.03311168755859997,184.0,140.0,0.9990303818624602,0.05344954302653468,234.0,130.0,0.6465105726222689,0.034530442194470774,237.0,234.0,0.6502487896210187,0.033742060619053216
245,130,128,0.6348024150284411,0.03311168755859997,184.0,140.0,0.9990303818624602,0.05344954302653468,234.0,130.0,0.6465105726222689,0.034530442194470774,237.0,234.0,0.6502487896210187,0.033742060619053216
246,130,128,0.6348024150284411,0.03311168755859997,184.0,140.0,0.9990303818624602,0.05344954302653468,234.0,130.0,0.6465105726222689,0.034530442194470774,237.0,234.0,0.6502487896210187,0.033742060619053216
247,130,128,0.6348024150284411,0.03311168755859997,184.0,140.0,0.9990303818624602,0.05344954302653468,234.0,130.0,0.6465105726222689,0.034530442194470774,237.0,234.0,0.6502487896210187,0.033742060619053216
248,130,128,0.6348024150284411,0.03311168755859997,184.0,140.0,0.9990303818624602,0.05344954302653468,234.0,130.0,0.6465105726222689,0.034530442194470774,,,,
249,130,128,0.6348024150284411,0.03311168755859997,184.0,140.0,0.9990303818624602,0.05344954302653468,234.0,130.0,0.6465105726222689,0.034530442194470774,,,,
250,130,128,0.6348024150284411,0.03311168755859997,184.0,140.0,0.9990303818624602,0.05344954302653468,234.0,130.0,0.6465105726222689,0.034530442194470774,,,,
251,130,128,0.6348024150284411,0.03311168755859997,184.0,140.0,0.9990303818624602,0.05344954302653468,234.0,130.0,0.6465105726222689,0.034530442194470774,,,,
252,130,128,0.6348024150284411,0.03311168755859997,184.0,140.0,0.9990303818624602,0.05344954302653468,234.0,130.0,0.6465105726222689,0.034530442194470774,,,,
253,130,128,0.6348024150284411,0.03311168755859997,184.0,140.0,0.9990303818624602,0.05344954302653468,234.0,130.0,0.6465105726222689,0.034530442194470774,,,,
254,130,128,0.6348024150284411,0.03311168755859997,184.0,140.0,0.9990303818624602,0.05344954302653468,234.0,130.0,0.6465105726222689,0.034530442194470774,,,,
255,130,128,0.6348024150284411,0.03311168755859997,184.0,140.0,0.9990303818624602,0.05344954302653468,234.0,130.0,0.6465105726222689,0.034530442194470774,,,,
256,130,128,0.6348024150284411,0.03311168755859997,184.0,140.0,0.9990303818624602,0.05344954302653468,234.0,130.0,0.6465105726222689,0.034530442194470774,,,,
257,130,128,0.6348024150284411,0.03311168755859997,184.0,140.0,0.9990303818624602,0.05344954302653468,234.0,130.0,0.6465105726222689,0.034530442194470774,,,,
258,130,128,0.6348024150284411,0.03311168755859997,184.0,140.0,0.9990303818624602,0.05344954302653468,234.0,130.0,0.6465105726222689,0.034530442194470774,,,,
259,130,128,0.6348024150284411,0.03311168755859997,184.0,140.0,0.9990303818624602,0.05344954302653468,234.0,130.0,0.6465105726222689,0.034530442194470774,,,,
260,130,128,0.6348024150284411,0.03311168755859997,184.0,140.0,0.9990303818624602,0.05344954302653468,234.0,130.0,0.6465105726222689,0.034530442194470774,,,,
261,130,128,0.6348024150284411,0.03311168755859997,184.0,140.0,0.9990303818624602,0.05344954302653468,234.0,130.0,0.6465105726222689,0.034530442194470774,,,,
262,130,128,0.6348024150284411,0.03311168755859997,184.0,140.0,0.9990303818624602,0.05344954302653468,234.0,130.0,0.6465105726222689,0.034530442194470774,,,,
263,130,128,0.6348024150284411,0.03311168755859997,184.0,140.0,0.9990303818624602,0.05344954302653468,234.0,130.0,0.6465105726222689,0.034530442194470774,,,,
264,130,128,0.6348024150284411,0.03311168755859997,184.0,140.0,0.9990303818624602,0.05344954302653468,234.0,130.0,0.6465105726222689,0.034530442194470774,,,,
265,130,128,0.6348024150284411,0.03311168755859997,184.0,140.0,0.9990303818624602,0.05344954302653468,234.0,130.0,0.6465105726222689,0.034530442194470774,,,,
266,130,128,0.6348024150284411,0.03311168755859997,184.0,140.0,0.9990303818624602,0.05344954302653468,234.0,130.0,0.6465105726222689,0.034530442194470774,,,,
267,130,128,0.6348024150284411,0.03311168755859997,184.0,140.0,0.9990303818624602,0.05344954302653468,234.0,130.0,0.6465105726222689,0.034530442194470774,,,,
268,130,128,0.6348024150284411,0.03311168755859997,184.0,140.0,0.9990303818624602,0.05344954302653468,234.0,130.0,0.6465105726222689,0.034530442194470774,,,,
269,130,128,0.6348024150284411,0.03311168755859997,184.0,140.0,0.9990303818624602,0.05344954302653468,234.0,130.0,0.6465105726222689,0.034530442194470774,,,,
270,130,128,0.6348024150284411,0.03311168755859997,184.0,140.0,0.9990303818624602,0.05344954302653468,234.0,130.0,0.6465105726222689,0.034530442194470774,,,,
271,130,128,0.6348024150284411,0.03311168755859997,184.0,140.0,0.9990303818624602,0.05344954302653468,234.0,130.0,0.6465105726222689,0.034530442194470774,,,,
272,130,128,0.6348024150284411,0.03311168755859997,184.0,140.0,0.9990303818624602,0.05344954302653468,234.0,130.0,0.6465105726222689,0.034530442194470774,,,,
273,130,128,0.6348024150284411,0.03311168755859997,184.0,140.0,0.9990303818624602,0.05344954302653468,234.0,130.0,0.6465105726222689,0.034530442194470774,,,,
274,130,128,0.6348024150284411,0.03311168755859997,184.0,140.0,0.9990303818624602,0.05344954302653468,234.0,130.0,0.6465105726222689,0.034530442194470774,,,,
275,130,128,0.6348024150284411,0.03311168755859997,184.0,140.0,0.9990303818624602,0.05344954302653468,234.0,130.0,0.6465105726222689,0.034530442194470774,,,,
276,130,128,0.6348024150284411,0.03311168755859997,184.0,140.0,0.9990303818624602,0.05344954302653468,234.0,130.0,0.6465105726222689,0.034530442194470774,,,,
277,130,128,0.6348024150284411,0.03311168755859997,184.0,140.0,0.9990303818624602,0.05344954302653468,234.0,130.0,0.6465105726222689,0.034530442194470774,,,,
278,130,128,0.6348024150284411,0.03311168755859997,184.0,140.0,0.9990303818624602,0.05344954302653468,234.0,130.0,0.6465105726222689,0.034530442194470774,,,,
279,130,128,0.6348024150284411,0.03311168755859997,184.0,140.0,0.9990303818624602,0.05344954302653468,234.0,130.0,0.6465105726222689,0.034530442194470774,,,,
280,130,128,0.6348024150284411,0.03311168755859997,184.0,140.0,0.9990303818624602,0.05344954302653468,234.0,130.0,0.6465105726222689,0.034530442194470774,,,,
281,130,128,0.6348024150284411,0.03311168755859997,184.0,140.0,0.9990303818624602,0.05344954302653468,234.0,130.0,0.6465105726222689,0.034530442194470774,,,,
282,130,128,0.6348024150284411,0.03311168755859997,184.0,140.0,0.9990303818624602,0.05344954302653468,234.0,130.0,0.6465105726222689,0.034530442194470774,,,,
283,130,128,0.6348024150284411,0.03311168755859997,184.0,140.0,0.9990303818624602,0.05344954302653468,234.0,130.0,0.6465105726222689,0.034530442194470774,,,,
284,130,128,0.6348024150284411,0.03311168755859997,184.0,140.0,0.9990303818624602,0.05344954302653468,234.0,130.0,0.6465105726222689,0.034530442194470774,,,,
285,130,128,0.6348024150284411,0.03311168755859997,184.0,140.0,0.9990303818624602,0.05344954302653468,234.0,130.0,0.6465105726222689,0.034530442194470774,,,,
286,130,128,0.6348024150284411,0.03311168755859997,184.0,140.0,0.9990303818624602,0.05344954302653468,234.0,130.0,0.6465105726222689,0.034530442194470774,,,,
287,130,128,0.6348024150284411,0.03311168755859997,184.0,140.0,0.9990303818624602,0.05344954302653468,234.0,130.0,0.6465105726222689,0.034530442194470774,,,,
288,130,128,0.6348024150284411,0.03311168755859997,184.0,140.0,0.9990303818624602,0.05344954302653468,234.0,130.0,0.6465105726222689,0.034530442194470774,,,,
289,130,128,0.6348024150284411,0.03311168755859997,184.0,140.0,0.9990303818624602,0.05344954302653468,234.0,130.0,0.6465105726222689,0.034530442194470774,,,,
290,130,128,0.6348024150284411,0.03311168755859997,184.0,140.0,0.9990303818624602,0.05344954302653468,234.0,130.0,0.6465105726222689,0.034530442194470774,,,,
291,130,128,0.6348024150284411,0.03311168755859997,184.0,140.0,0.9990303818624602,0.05344954302653468,234.0,130.0,0.6465105726222689,0.034530442194470774,,,,
292,130,128,0.6348024150284411,0.03311168755859997,184.0,140.0,0.9990303818624602,0.05344954302653468,234.0,130.0,0.6465105726222689,0.034530442194470774,,,,
293,130,128,0.6348024150284411,0.03311168755859997,184.0,140.0,0.9990303818624602,0.05344954302653468,234.0,130.0,0.6465105726222689,0.034530442194470774,,,,
294,130,128,0.6348024150284411,0.03311168755859997,184.0,140.0,0.9990303818624602,0.05344954302653468,234.0,130.0,0.6465105726222689,0.034530442194470774,,,,
295,130,128,0.6348024150284411,0.03311168755859997,184.0,140.0,0.9990303818624602,0.05344954302653468,234.0,130.0,0.6465105726222689,0.034530442194470774,,,,
296,130,128,0.6348024150284411,0.03311168755859997,184.0,140.0,0.9990303818624602,0.05344954302653468,234.0,130.0,0.6465105726222689,0.034530442194470774,,,,
297,130,128,0.6348024150284411,0.03311168755859997,184.0,140.0,0.9990303818624602,0.05344954302653468,234.0,130.0,0.6465105726222689,0.034530442194470774,,,,
298,130,128,0.6348024150284411,0.03311168755859997,184.0,140.0,0.9990303818624602,0.05344954302653468,234.0,130.0,0.6465105726222689,0.034530442194470774,,,,
299,130,128,0.6348024150284411,0.03311168755859997,184.0,140.0,0.9990303818624602,0.05344954302653468,234.0,130.0,0.6465105726222689,0.034530442194470774,,,,
300,184,140,0.9990303818624602,0.05344954302653468,234.0,130.0,0.6465105726222689,0.034530442194470774,,,,,,,,
301,184,140,0.9990303818624602,0.05344954302653468,234.0,130.0,0.6465105726222689,0.034530442194470774,,,,,,,,
302,184,140,0.9990303818624602,0.05344954302653468,234.0,130.0,0.6465105726222689,0.034530442194470774,303.0,234.0,0.6370612854006512,0.033117763901597236,,,,
303,184,140,0.9990303818624602,0.05344954302653468,234.0,130.0,0.6465105726222689,0.034530442194470774,303.0,234.0,0.6370612854006512,0.033117763901597236,,,,
304,184,140,0.9990303818624602,0.05344954302653468,234.0,130.0,0.6465105726222689,0.034530442194470774,303.0,234.0,0.6370612854006512,0.033117763901597236,305.0,303.0,0.6318174341284937,0.03393586088683045
305,184,140,0.9990303818624602,0.05344954302653468,234.0,130.0,0.6465105726222689,0.034530442194470774,303.0,234.0,0.6370612854006512,0.033117763901597236,305.0,303.0,0.6318174341284937,0.03393586088683045
306,184,140,0.9990303818624602,0.05344954302653468,234.0,130.0,0.6465105726222689,0.034530442194470774,303.0,234.0,0.6370612854006512,0.033117763901597236,305.0,303.0,0.6318174341284937,0.03393586088683045
307,184,140,0.9990303818624602,0.05344954302653468,234.0,130.0,0.6465105726222689,0.034530442194470774,303.0,234.0,0.6370612854006512,0.033117763901597236,305.0,303.0,0.6318174341284937,0.03393586088683045
308,184,140,0.9990303818624602,0.05344954302653468,234.0,130.0,0.6465105726222689,0.034530442194470774,303.0,234.0,0.6370612854006512,0.033117763901597236,305.0,303.0,0.6318174341284937,0.03393586088683045
309,184,140,0.9990303818624602,0.05344954302653468,234.0,130.0,0.6465105726222689,0.034530442194470774,303.0,234.0,0.6370612854006512,0.033117763901597236,305.0,303.0,0.6318174341284937,0.03393586088683045
310,184,140,0.9990303818624602,0.05344954302653468,234.0,130.0,0.6465105726222689,0.034530442194470774,303.0,234.0,0.6370612854006512,0.033117763901597236,305.0,303.0,0.6318174341284937,0.03393586088683045
311,184,140,0.9990303818624602,0.05344954302653468,234.0,130.0,0.6465105726222689,0.034530442194470774,303.0,234.0,0.6370612854006512,0.033117763901597236,305.0,303.0,0.6318174341284937,0.03393586088683045
312,184,140,0.9990303818624602,0.05344954302653468,234.0,130.0,0.6465105726222689,0.034530442194470774,303.0,234.0,0.6370612854006512,0.033117763901597236,305.0,303.0,0.6318174341284937,0.03393586088683045
313,184,140,0.9990303818624602,0.05344954302653468,234.0,130.0,0.6465105726222689,0.034530442194470774,303.0,234.0,0.6370612854006512,0.033117763901597236,305.0,303.0,0.6318174341284937,0.03393586088683045
314,184,140,0.9990303818624602,0.05344954302653468,234.0,130.0,0.6465105726222689,0.034530442194470774,303.0,234.0,0.6370612854006512,0.033117763901597236,305.0,303.0,0.6318174341284937,0.03393586088683045
315,184,140,0.9990303818624602,0.05344954302653468,234.0,130.0,0.6465105726222689,0.034530442194470774,303.0,234.0,0.6370612854006512,0.033117763901597236,305.0,303.0,0.6318174341284937,0.03393586088683045
316,184,140,0.9990303818624602,0.05344954302653468,234.0,130.0,0.6465105726222689,0.034530442194470774,303.0,234.0,0.6370612854006512,0.033117763901597236,305.0,303.0,0.6318174341284937,0.03393586088683045
317,184,140,0.9990303818624602,0.05344954302653468,234.0,130.0,0.6465105726222689,0.034530442194470774,303.0,234.0,0.6370612854006512,0.033117763901597236,305.0,303.0,0.6318174341284937,0.03393586088683045
318,184,140,0.9990303818624602,0.05344954302653468,234.0,130.0,0.6465105726222689,0.034530442194470774,303.0,234.0,0.6370612854006512,0.033117763901597236,305.0,303.0,0.6318174341284937,0.03393586088683045
319,184,140,0.9990303818624602,0.05344954302653468,234.0,130.0,0.6465105726222689,0.034530442194470774,303.0,234.0,0.6370612854006512,0.033117763901597236,305.0,303.0,0.6318174341284937,0.03393586088683045
320,184,140,0.9990303818624602,0.05344954302653468,234.0,130.0,0.6465105726222689,0.034530442194470774,303.0,234.0,0.6370612854006512,0.033117763901597236,305.0,303.0,0.6318174341284937,0.03393586088683045
321,184,140,0.9990303818624602,0.05344954302653468,234.0,130.0,0.6465105726222689,0.034530442194470774,303.0,234.0,0.6370612854006512,0.033117763901597236,305.0,303.0,0.6318174341284937,0.03393586088683045
322,184,140,0.9990303818624602,0.05344954302653468,234.0,130.0,0.6465105726222689,0.034530442194470774,303.0,234.0,0.6370612854006512,0.033117763901597236,305.0,303.0,0.6318174341284937,0.03393586088683045
323,184,140,0.9990303818624602,0.05344954302653468,234.0,130.0,0.6465105726222689,0.034530442194470774,303.0,234.0,0.6370612854006512,0.033117763901597236,305.0,303.0,0.6318174341284937,0.03393586088683045
324,184,140,0.9990303818624602,0.05344954302653468,234.0,130.0,0.6465105726222689,0.034530442194470774,303.0,234.0,0.6370612854006512,0.033117763901597236,305.0,303.0,0.6318174341284937,0.03393586088683045
325,184,140,0.9990303818624602,0.05344954302653468,234.0,130.0,0.6465105726222689,0.034530442194470774,303.0,234.0,0.6370612854006512,0.033117763901597236,305.0,303.0,0.6318174341284937,0.03393586088683045
326,184,140,0.9990303818624602,0.05344954302653468,234.0,130.0,0.6465105726222689,0.034530442194470774,303.0,234.0,0.6370612854006512,0.033117763901597236,305.0,303.0,0.6318174341284937,0.03393586088683045
327,184,140,0.9990303818624602,0.05344954302653468,234.0,130.0,0.6465105726222689,0.034530442194470774,303.0,234.0,0.6370612854006512,0.033117763901597236,305.0,303.0,0.6318174341284937,0.03393586088683045
328,184,140,0.9990303818624602,0.05344954302653468,234.0,130.0,0.6465105726222689,0.034530442194470774,303.0,234.0,0.6370612854006512,0.033117763901597236,305.0,303.0,0.6318174341284937,0.03393586088683045
329,184,140,0.9990303818624602,0.05344954302653468,234.0,130.0,0.6465105726222689,0.034530442194470774,303.0,234.0,0.6370612854006512,0.033117763901597236,305.0,303.0,0.6318174341284937,0.03393586088683045
330,184,140,0.9990303818624602,0.05344954302653468,234.0,130.0,0.6465105726222689,0.034530442194470774,303.0,234.0,0.6370612854006512,0.033117763901597236,305.0,303.0,0.6318174341284937,0.03393586088683045
331,184,140,0.9990303818624602,0.05344954302653468,234.0,130.0,0.6465105726222689,0.034530442194470774,303.0,234.0,0.6370612854006512,0.033117763901597236,305.0,303.0,0.6318174341284937,0.03393586088683045
332,184,140,0.9990303818624602,0.05344954302653468,234.0,130.0,0.6465105726222689,0.034530442194470774,303.0,234.0,0.6370612854006512,0.033117763901597236,305.0,303.0,0.6318174341284937,0.03393586088683045
333,184,140,0.9990303818624602,0.05344954302653468,234.0,130.0,0.6465105726222689,0.034530442194470774,303.0,234.0,0.6370612854006512,0.033117763901597236,305.0,303.0,0.6318174341284937,0.03393586088683045
334,184,140,0.9990303818624602,0.05344954302653468,234.0,130.0,0.6465105726222689,0.034530442194470774,303.0,234.0,0.6370612854006512,0.033117763901597236,305.0,303.0,0.6318174341284937,0.03393586088683045
335,184,140,0.9990303818624602,0.05344954302653468,234.0,130.0,0.6465105726222689,0.034530442194470774,303.0,234.0,0.6370612854006512,0.033117763901597236,305.0,303.0,0.6318174341284937,0.03393586088683045
336,184,140,0.9990303818624602,0.05344954302653468,234.0,130.0,0.6465105726222689,0.034530442194470774,303.0,234.0,0.6370612854006512,0.033117763901597236,305.0,303.0,0.6318174341284937,0.03393586088683045
337,184,140,0.9990303818624602,0.05344954302653468,234.0,130.0,0.6465105726222689,0.034530442194470774,303.0,234.0,0.6370612854006512,0.033117763901597236,305.0,303.0,0.6318174341284937,0.03393586088683045
338,184,140,0.9990303818624602,0.05344954302653468,234.0,130.0,0.6465105726222689,0.034530442194470774,303.0,234.0,0.6370612854006512,0.033117763901597236,305.0,303.0,0.6318174341284937,0.03393586088683045
339,184,140,0.9990303818624602,0.05344954302653468,234.0,130.0,0.6465105726222689,0.034530442194470774,303.0,234.0,0.6370612854006512,0.033117763901597236,305.0,303.0,0.6318174341284937,0.03393586088683045
340,184,140,0.9990303818624602,0.05344954302653468,234.0,130.0,0.6465105726222689,0.034530442194470774,303.0,234.0,0.6370612854006512,0.033117763901597236,305.0,303.0,0.6318174341284937,0.03393586088683045
341,184,140,0.9990303818624602,0.05344954302653468,234.0,130.0,0.6465105726222689,0.034530442194470774,303.0,234.0,0.6370612854006512,0.033117763901597236,305.0,303.0,0.6318174341284937,0.03393586088683045
342,184,140,0.9990303818624602,0.05344954302653468,234.0,130.0,0.6465105726222689,0.034530442194470774,303.0,234.0,0.6370612854006512,0.033117763901597236,305.0,303.0,0.6318174341284937,0.03393586088683045
343,184,140,0.9990303818624602,0.05344954302653468,234.0,130.0,0.6465105726222689,0.034530442194470774,303.0,234.0,0.6370612854006512,0.033117763901597236,305.0,303.0,0.6318174341284937,0.03393586088683045
344,184,140,0.9990303818624602,0.05344954302653468,234.0,130.0,0.6465105726222689,0.034530442194470774,303.0,234.0,0.6370612854006512,0.033117763901597236,305.0,303.0,0.6318174341284937,0.03393586088683045
345,184,140,0.9990303818624602,0.05344954302653468,234.0,130.0,0.6465105726222689,0.034530442194470774,303.0,234.0,0.6370612854006512,0.033117763901597236,305.0,303.0,0.6318174341284937,0.03393586088683045
346,184,140,0.9990303818624602,0.05344954302653468,234.0,130.0,0.6465105726222689,0.034530442194470774,303.0,234.0,0.6370612854006512,0.033117763901597236,305.0,303.0,0.6318174341284937,0.03393586088683045
347,184,140,0.9990303818624602,0.05344954302653468,234.0,130.0,0.6465105726222689,0.034530442194470774,303.0,234.0,0.6370612854006512,0.033117763901597236,305.0,303.0,0.6318174341284937,0.03393586088683045
348,184,140,0.9990303818624602,0.05344954302653468,234.0,130.0,0.6465105726222689,0.034530442194470774,303.0,234.0,0.6370612854006512,0.033117763901597236,305.0,303.0,0.6318174341284937,0.03393586088683045
349,184,140,0.9990303818624602,0.05344954302653468,234.0,130.0,0.6465105726222689,0.034530442194470774,303.0,234.0,0.6370612854006512,0.033117763901597236,305.0,303.0,0.6318174341284937,0.03393586088683045
350,184,140,0.9990303818624602,0.05344954302653468,234.0,130.0,0.6465105726222689,0.034530442194470774,303.0,234.0,0.6370612854006512,0.033117763901597236,305.0,303.0,0.6318174341284937,0.03393586088683045
351,184,140,0.9990303818624602,0.05344954302653468,234.0,130.0,0.6465105726222689,0.034530442194470774,303.0,234.0,0.6370612854006512,0.033117763901597236,305.0,303.0,0.6318174341284937,0.03393586088683045
352,184,140,0.9990303818624602,0.05344954302653468,234.0,130.0,0.6465105726222689,0.034530442194470774,303.0,234.0,0.6370612854006512,0.033117763901597236,305.0,303.0,0.6318174341284937,0.03393586088683045
353,184,140,0.9990303818624602,0.05344954302653468,234.0,130.0,0.6465105726222689,0.034530442194470774,303.0,234.0,0.6370612854006512,0.033117763901597236,305.0,303.0,0.6318174341284937,0.03393586088683045
354,184,140,0.9990303818624602,0.05344954302653468,234.0,130.0,0.6465105726222689,0.034530442194470774,303.0,234.0,0.6370612854006512,0.033117763901597236,305.0,303.0,0.6318174341284937,0.03393586088683045
355,184,140,0.9990303818624602,0.05344954302653468,234.0,130.0,0.6465105726222689,0.034530442194470774,303.0,234.0,0.6370612854006512,0.033117763901597236,305.0,303.0,0.6318174341284937,0.03393586088683045
356,184,140,0.9990303818624602,0.05344954302653468,234.0,130.0,0.6465105726222689,0.034530442194470774,303.0,234.0,0.6370612854006512,0.033117763901597236,305.0,303.0,0.6318174341284937,0.03393586088683045
357,184,140,0.9990303818624602,0.05344954302653468,234.0,130.0,0.6465105726222689,0.034530442194470774,303.0,234.0,0.6370612854006512,0.033117763901597236,305.0,303.0,0.6318174341284937,0.03393586088683045
358,184,140,0.9990303818624602,0.05344954302653468,234.0,130.0,0.6465105726222689,0.034530442194470774,303.0,234.0,0.6370612854006512,0.033117763901597236,305.0,303.0,0.6318174341284937,0.03393586088683045
359,184,140,0.9990303818624602,0.05344954302653468,234.0,130.0,0.6465105726222689,0.034530442194470774,303.0,234.0,0.6370612854006512,0.033117763901597236,305.0,303.0,0.6318174341284937,0.03393586088683045
360,184,140,0.9990303818624602,0.05344954302653468,234.0,130.0,0.6465105726222689,0.034530442194470774,303.0,234.0,0.6370612854006512,0.033117763901597236,305.0,303.0,0.6318174341284937,0.03393586088683045
361,184,140,0.9990303818624602,0.05344954302653468,234.0,130.0,0.6465105726222689,0.034530442194470774,303.0,234.0,0.6370612854006512,0.033117763901597236,305.0,303.0,0.6318174341284937,0.03393586088683045
362,184,140,0.9990303818624602,0.05344954302653468,234.0,130.0,0.6465105726222689,0.034530442194470774,303.0,234.0,0.6370612854006512,0.033117763901597236,305.0,303.0,0.6318174341284937,0.03393586088683045
363,184,140,0.9990303818624602,0.05344954302653468,234.0,130.0,0.6465105726222689,0.034530442194470774,303.0,234.0,0.6370612854006512,0.033117763901597236,305.0,303.0,0.6318174341284937,0.03393586088683045
364,184,140,0.9990303818624602,0.05344954302653468,234.0,130.0,0.6465105726222689,0.034530442194470774,303.0,234.0,0.6370612854006512,0.033117763901597236,305.0,303.0,0.6318174341284937,0.03393586088683045
365,184,140,0.9990303818624602,0.05344954302653468,234.0,130.0,0.6465105726222689,0.034530442194470774,303.0,234.0,0.6370612854006512,0.033117763901597236,305.0,303.0,0.6318174341284937,0.03393586088683045
366,184,140,0.9990303818624602,0.05344954302653468,234.0,130.0,0.6465105726222689,0.034530442194470774,303.0,234.0,0.6370612854006512,0.033117763901597236,305.0,303.0,0.6318174341284937,0.03393586088683045
367,184,140,0.9990303818624602,0.05344954302653468,234.0,130.0,0.6465105726222689,0.034530442194470774,303.0,234.0,0.6370612854006512,0.033117763901597236,305.0,303.0,0.6318174341284937,0.03393586088683045
368,184,140,0.9990303818624602,0.05344954302653468,234.0,130.0,0.6465105726222689,0.034530442194470774,303.0,234.0,0.6370612854006512,0.033117763901597236,305.0,303.0,0.6318174341284937,0.03393586088683045
369,184,140,0.9990303818624602,0.05344954302653468,234.0,130.0,0.6465105726222689,0.034530442194470774,303.0,234.0,0.6370612854006512,0.033117763901597236,305.0,303.0,0.6318174341284937,0.03393586088683045
370,184,140,0.9990303818624602,0.05344954302653468,234.0,130.0,0.6465105726222689,0.034530442194470774,303.0,234.0,0.6370612854006512,0.033117763901597236,305.0,303.0,0.6318174341284937,0.03393586088683045
371,184,140,0.9990303818624602,0.05344954302653468,234.0,130.0,0.6465105726222689,0.034530442194470774,303.0,234.0,0.6370612854006512,0.033117763901597236,305.0,303.0,0.6318174341284937,0.03393586088683045
372,184,140,0.9990303818624602,0.05344954302653468,234.0,130.0,0.6465105726222689,0.034530442194470774,303.0,234.0,0.6370612854006512,0.033117763901597236,305.0,303.0,0.6318174341284937,0.03393586088683045
373,184,140,0.9990303818624602,0.05344954302653468,234.0,130.0,0.6465105726222689,0.034530442194470774,303.0,234.0,0.6370612854006512,0.033117763901597236,305.0,303.0,0.6318174341284937,0.03393586088683045
374,184,140,0.9990303818624602,0.05344954302653468,234.0,130.0,0.6465105726222689,0.034530442194470774,303.0,234.0,0.6370612854006512,0.033117763901597236,305.0,303.0,0.6318174341284937,0.03393586088683045
375,184,140,0.9990303818624602,0.05344954302653468,234.0,130.0,0.6465105726222689,0.034530442194470774,303.0,234.0,0.6370612854006512,0.033117763901597236,305.0,303.0,0.6318174341284937,0.03393586088683045
376,184,140,0.9990303818624602,0.05344954302653468,234.0,130.0,0.6465105726222689,0.034530442194470774,305.0,303.0,0.6318174341284937,0.03393586088683045,,,,
377,184,140,0.9990303818624602,0.05344954302653468,234.0,130.0,0.6465105726222689,0.034530442194470774,305.0,303.0,0.6318174341284937,0.03393586088683045,,,,
378,184,140,0.9990303818624602,0.05344954302653468,234.0,130.0,0.6465105726222689,0.034530442194470774,305.0,303.0,0.6318174341284937,0.03393586088683045,,,,
379,184,140,0.9990303818624602,0.05344954302653468,234.0,130.0,0.6465105726222689,0.034530442194470774,305.0,303.0,0.6318174341284937,0.03393586088683045,,,,
380,184,140,0.9990303818624602,0.05344954302653468,234.0,130.0,0.6465105726222689,0.034530442194470774,305.0,303.0,0.6318174341284937,0.03393586088683045,,,,
381,184,140,0.9990303818624602,0.05344954302653468,234.0,130.0,0.6465105726222689,0.034530442194470774,305.0,303.0,0.6318174341284937,0.03393586088683045,,,,
382,184,140,0.9990303818624602,0.05344954302653468,234.0,130.0,0.6465105726222689,0.034530442194470774,305.0,303.0,0.6318174341284937,0.03393586088683045,,,,
383,184,140,0.9990303818624602,0.05344954302653468,234.0,130.0,0.6465105726222689,0.034530442194470774,305.0,303.0,0.6318174341284937,0.03393586088683045,,,,
384,184,140,0.9990303818624602,0.05344954302653468,234.0,130.0,0.6465105726222689,0.034530442194470774,305.0,303.0,0.6318174341284937,0.03393586088683045,,,,
385,184,140,0.9990303818624602,0.05344954302653468,234.0,130.0,0.6465105726222689,0.034530442194470774,305.0,303.0,0.6318174341284937,0.03393586088683045,,,,
386,184,140,0.9990303818624602,0.05344954302653468,234.0,130.0,0.6465105726222689,0.034530442194470774,305.0,303.0,0.6318174341284937,0.03393586088683045,,,,
387,184,140,0.9990303818624602,0.05344954302653468,234.0,130.0,0.6465105726222689,0.034530442194470774,305.0,303.0,0.6318174341284937,0.03393586088683045,,,,
388,184,140,0.9990303818624602,0.05344954302653468,234.0,130.0,0.6465105726222689,0.034530442194470774,305.0,303.0,0.6318174341284937,0.03393586088683045,,,,
389,184,140,0.9990303818624602,0.05344954302653468,234.0,130.0,0.6465105726222689,0.034530442194470774,305.0,303.0,0.6318174341284937,0.03393586088683045,,,,
390,184,140,0.9990303818624602,0.05344954302653468,234.0,130.0,0.6465105726222689,0.034530442194470774,305.0,303.0,0.6318174341284937,0.03393586088683045,,,,
391,184,140,0.9990303818624602,0.05344954302653468,234.0,130.0,0.6465105726222689,0.034530442194470774,305.0,303.0,0.6318174341284937,0.03393586088683045,,,,
392,184,140,0.9990303818624602,0.05344954302653468,234.0,130.0,0.6465105726222689,0.034530442194470774,305.0,303.0,0.6318174341284937,0.03393586088683045,,,,
393,184,140,0.9990303818624602,0.05344954302653468,234.0,130.0,0.6465105726222689,0.034530442194470774,305.0,303.0,0.6318174341284937,0.03393586088683045,,,,
394,184,140,0.9990303818624602,0.05344954302653468,234.0,130.0,0.6465105726222689,0.034530442194470774,305.0,303.0,0.6318174341284937,0.03393586088683045,,,,
395,184,140,0.9990303818624602,0.05344954302653468,234.0,130.0,0.6465105726222689,0.034530442194470774,305.0,303.0,0.6318174341284937,0.03393586088683045,,,,
396,184,140,0.9990303818624602,0.05344954302653468,234.0,130.0,0.6465105726222689,0.034530442194470774,305.0,303.0,0.6318174341284937,0.03393586088683045,,,,
397,184,140,0.9990303818624602,0.05344954302653468,234.0,130.0,0.6465105726222689,0.034530442194470774,305.0,303.0,0.6318174341284937,0.03393586088683045,,,,
398,184,140,0.9990303818624602,0.05344954302653468,234.0,130.0,0.6465105726222689,0.034530442194470774,305.0,303.0,0.6318174341284937,0.03393586088683045,,,,
399,184,140,0.9990303818624602,0.05344954302653468,234.0,130.0,0.6465105726222689,0.034530442194470774,305.0,303.0,0.6318174341284937,0.03393586088683045,400.0,305.0,0.6183812392875454,0.03330873085646642
400,184,140,0.9990303818624602,0.05344954302653468,234.0,130.0,0.6465105726222689,0.034530442194470774,305.0,303.0,0.6318174341284937,0.03393586088683045,,,,
401,184,140,0.9990303818624602,0.05344954302653468,234.0,130.0,0.6465105726222689,0.034530442194470774,305.0,303.0,0.6318174341284937,0.03393586088683045,,,,
402,184,140,0.9990303818624602,0.05344954302653468,234.0,130.0,0.6465105726222689,0.034530442194470774,305.0,303.0,0.6318174341284937,0.03393586088683045,,,,
403,184,140,0.9990303818624602,0.05344954302653468,234.0,130.0,0.6465105726222689,0.034530442194470774,305.0,303.0,0.6318174341284937,0.03393586088683045,404.0,305.0,0.6405994863623777,0.03876100836301419
404,184,140,0.9990303818624602,0.05344954302653468,234.0,130.0,0.6465105726222689,0.034530442194470774,305.0,303.0,0.6318174341284937,0.03393586088683045,,,,
405,184,140,0.9990303818624602,0.05344954302653468,234.0,130.0,0.6465105726222689,0.034530442194470774,305.0,303.0,0.6318174341284937,0.03393586088683045,,,,
406,184,140,0.9990303818624602,0.05344954302653468,234.0,130.0,0.6465105726222689,0.034530442194470774,305.0,303.0,0.6318174341284937,0.03393586088683045,,,,
407,184,140,0.9990303818624602,0.05344954302653468,234.0,130.0,0.6465105726222689,0.034530442194470774,305.0,303.0,0.6318174341284937,0.03393586088683045,,,,
408,184,140,0.9990303818624602,0.05344954302653468,234.0,130.0,0.6465105726222689,0.034530442194470774,305.0,303.0,0.6318174341284937,0.03393586088683045,,,,
409,184,140,0.9990303818624602,0.05344954302653468,234.0,130.0,0.6465105726222689,0.034530442194470774,305.0,303.0,0.6318174341284937,0.03393586088683045,,,,
410,184,140,0.9990303818624602,0.05344954302653468,234.0,130.0,0.6465105726222689,0.034530442194470774,305.0,303.0,0.6318174341284937,0.03393586088683045,,,,
411,184,140,0.9990303818624602,0.05344954302653468,234.0,130.0,0.6465105726222689,0.034530442194470774,305.0,303.0,0.6318174341284937,0.03393586088683045,,,,
412,184,140,0.9990303818624602,0.05344954302653468,234.0,130.0,0.6465105726222689,0.034530442194470774,305.0,303.0,0.6318174341284937,0.03393586088683045,,,,
413,184,140,0.9990303818624602,0.05344954302653468,234.0,130.0,0.6465105726222689,0.034530442194470774,305.0,303.0,0.6318174341284937,0.03393586088683045,,,,
414,184,140,0.9990303818624602,0.05344954302653468,234.0,130.0,0.6465105726222689,0.034530442194470774,305.0,303.0,0.6318174341284937,0.03393586088683045,,,,
415,184,140,0.9990303818624602,0.05344954302653468,234.0,130.0,0.6465105726222689,0.034530442194470774,305.0,303.0,0.6318174341284937,0.03393586088683045,,,,
416,184,140,0.9990303818624602,0.05344954302653468,234.0,130.0,0.6465105726222689,0.034530442194470774,305.0,303.0,0.6318174341284937,0.03393586088683045,,,,
417,184,140,0.9990303818624602,0.05344954302653468,234.0,130.0,0.6465105726222689,0.034530442194470774,305.0,303.0,0.6318174341284937,0.03393586088683045,,,,
418,184,140,0.9990303818624602,0.05344954302653468,234.0,130.0,0.6465105726222689,0.034530442194470774,305.0,303.0,0.6318174341284937,0.03393586088683045,,,,
419,184,140,0.9990303818624602,0.05344954302653468,234.0,130.0,0.6465105726222689,0.034530442194470774,305.0,303.0,0.6318174341284937,0.03393586088683045,,,,
420,184,140,0.9990303818624602,0.05344954302653468,234.0,130.0,0.6465105726222689,0.034530442194470774,305.0,303.0,0.6318174341284937,0.03393586088683045,,,,
421,184,140,0.9990303818624602,0.05344954302653468,234.0,130.0,0.6465105726222689,0.034530442194470774,305.0,303.0,0.6318174341284937,0.03393586088683045,,,,
422,184,140,0.9990303818624602,0.05344954302653468,234.0,130.0,0.6465105726222689,0.034530442194470774,305.0,303.0,0.6318174341284937,0.03393586088683045,,,,
423,184,140,0.9990303818624602,0.05344954302653468,234.0,130.0,0.6465105726222689,0.034530442194470774,305.0,303.0,0.6318174341284937,0.03393586088683045,,,,
424,184,140,0.9990303818624602,0.05344954302653468,234.0,130.0,0.6465105726222689,0.034530442194470774,305.0,303.0,0.6318174341284937,0.03393586088683045,,,,
425,184,140,0.9990303818624602,0.05344954302653468,234.0,130.0,0.6465105726222689,0.034530442194470774,305.0,303.0,0.6318174341284937,0.03393586088683045,,,,
426,184,140,0.9990303818624602,0.05344954302653468,234.0,130.0,0.6465105726222689,0.034530442194470774,305.0,303.0,0.6318174341284937,0.03393586088683045,,,,
427,184,140,0.9990303818624602,0.05344954302653468,234.0,130.0,0.6465105726222689,0.034530442194470774,305.0,303.0,0.6318174341284937,0.03393586088683045,,,,
428,184,140,0.9990303818624602,0.05344954302653468,234.0,130.0,0.6465105726222689,0.034530442194470774,305.0,303.0,0.6318174341284937,0.03393586088683045,,,,
429,184,140,0.9990303818624602,0.05344954302653468,234.0,130.0,0.6465105726222689,0.034530442194470774,305.0,303.0,0.6318174341284937,0.03393586088683045,,,,
430,184,140,0.9990303818624602,0.05344954302653468,234.0,130.0,0.6465105726222689,0.034530442194470774,305.0,303.0,0.6318174341284937,0.03393586088683045,,,,
431,184,140,0.9990303818624602,0.05344954302653468,234.0,130.0,0.6465105726222689,0.034530442194470774,305.0,303.0,0.6318174341284937,0.03393586088683045,,,,
432,184,140,0.9990303818624602,0.05344954302653468,234.0,130.0,0.6465105726222689,0.034530442194470774,305.0,303.0,0.6318174341284937,0.03393586088683045,,,,
433,184,140,0.9990303818624602,0.05344954302653468,234.0,130.0,0.6465105726222689,0.034530442194470774,305.0,303.0,0.6318174341284937,0.03393586088683045,,,,
434,184,140,0.9990303818624602,0.05344954302653468,234.0,130.0,0.6465105726222689,0.034530442194470774,305.0,303.0,0.6318174341284937,0.03393586088683045,,,,
435,184,140,0.9990303818624602,0.05344954302653468,234.0,130.0,0.6465105726222689,0.034530442194470774,305.0,303.0,0.6318174341284937,0.03393586088683045,,,,
436,184,140,0.9990303818624602,0.05344954302653468,234.0,130.0,0.6465105726222689,0.034530442194470774,305.0,303.0,0.6318174341284937,0.03393586088683045,,,,
437,184,140,0.9990303818624602,0.05344954302653468,234.0,130.0,0.6465105726222689,0.034530442194470774,305.0,303.0,0.6318174341284937,0.03393586088683045,,,,
438,184,140,0.9990303818624602,0.05344954302653468,234.0,130.0,0.6465105726222689,0.034530442194470774,305.0,303.0,0.6318174341284937,0.03393586088683045,,,,
439,184,140,0.9990303818624602,0.05344954302653468,234.0,130.0,0.6465105726222689,0.034530442194470774,305.0,303.0,0.6318174341284937,0.03393586088683045,,,,
440,184,140,0.9990303818624602,0.05344954302653468,305.0,303.0,0.6318174341284937,0.03393586088683045,,,,,,,,
441,184,140,0.9990303818624602,0.05344954302653468,305.0,303.0,0.6318174341284937,0.03393586088683045,,,,,,,,
442,184,140,0.9990303818624602,0.05344954302653468,305.0,303.0,0.6318174341284937,0.03393586088683045,,,,,,,,
443,184,140,0.9990303818624602,0.05344954302653468,305.0,303.0,0.6318174341284937,0.03393586088683045,,,,,,,,
444,184,140,0.9990303818624602,0.05344954302653468,305.0,303.0,0.6318174341284937,0.03393586088683045,,,,,,,,
445,184,140,0.9990303818624602,0.05344954302653468,305.0,303.0,0.6318174341284937,0.03393586088683045,,,,,,,,
446,184,140,0.9990303818624602,0.05344954302653468,305.0,303.0,0.6318174341284937,0.03393586088683045,,,,,,,,
447,184,140,0.9990303818624602,0.05344954302653468,305.0,303.0,0.6318174341284937,0.03393586088683045,,,,,,,,
448,184,140,0.9990303818624602,0.05344954302653468,305.0,303.0,0.6318174341284937,0.03393586088683045,,,,,,,,
449,184,140,0.9990303818624602,0.05344954302653468,305.0,303.0,0.6318174341284937,0.03393586088683045,,,,,,,,
450,184,140,0.9990303818624602,0.05344954302653468,305.0,303.0,0.6318174341284937,0.03393586088683045,,,,,,,,
451,184,140,0.9990303818624602,0.05344954302653468,305.0,303.0,0.6318174341284937,0.03393586088683045,,,,,,,,
452,184,140,0.9990303818624602,0.05344954302653468,305.0,303.0,0.6318174341284937,0.03393586088683045,,,,,,,,
453,184,140,0.9990303818624602,0.05344954302653468,305.0,303.0,0.6318174341284937,0.03393586088683045,454.0,184.0,0.9983760686552949,0.05234446010769756,,,,
454,184,140,0.9990303818624602,0.05344954302653468,305.0,303.0,0.6318174341284937,0.03393586088683045,454.0,184.0,0.9983760686552949,0.05234446010769756,,,,
455,184,140,0.9990303818624602,0.05344954302653468,305.0,303.0,0.6318174341284937,0.03393586088683045,454.0,184.0,0.9983760686552949,0.05234446010769756,,,,
456,184,140,0.9990303818624602,0.05344954302653468,305.0,303.0,0.6318174341284937,0.03393586088683045,454.0,184.0,0.9983760686552949,0.05234446010769756,,,,
457,184,140,0.9990303818624602,0.05344954302653468,305.0,303.0,0.6318174341284937,0.03393586088683045,454.0,184.0,0.9983760686552949,0.05234446010769756,,,,
458,184,140,0.9990303818624602,0.05344954302653468,305.0,303.0,0.6318174341284937,0.03393586088683045,454.0,184.0,0.9983760686552949,0.05234446010769756,,,,
459,184,140,0.9990303818624602,0.05344954302653468,305.0,303.0,0.6318174341284937,0.03393586088683045,,,,,,,,
460,184,140,0.9990303818624602,0.05344954302653468,305.0,303.0,0.6318174341284937,0.03393586088683045,,,,,,,,
461,184,140,0.9990303818624602,0.05344954302653468,305.0,303.0,0.6318174341284937,0.03393586088683045,,,,,,,,
462,184,140,0.9990303818624602,0.05344954302653468,305.0,303.0,0.6318174341284937,0.03393586088683045,,,,,,,,
463,184,140,0.9990303818624602,0.05344954302653468,305.0,303.0,0.6318174341284937,0.03393586088683045,,,,,,,,
464,184,140,0.9990303818624602,0.05344954302653468,305.0,303.0,0.6318174341284937,0.03393586088683045,,,,,,,,
465,184,140,0.9990303818624602,0.05344954302653468,305.0,303.0,0.6318174341284937,0.03393586088683045,,,,,,,,
466,184,140,0.9990303818624602,0.05344954302653468,305.0,303.0,0.6318174341284937,0.03393586088683045,,,,,,,,
467,184,140,0.9990303818624602,0.05344954302653468,305.0,303.0,0.6318174341284937,0.03393586088683045,,,,,,,,
468,184,140,0.9990303818624602,0.05344954302653468,305.0,303.0,0.6318174341284937,0.03393586088683045,,,,,,,,
469,184,140,0.9990303818624602,0.05344954302653468,305.0,303.0,0.6318174341284937,0.03393586088683045,,,,,,,,
470,184,140,0.9990303818624602,0.05344954302653468,305.0,303.0,0.6318174341284937,0.03393586088683045,,,,,,,,
471,184,140,0.9990303818624602,0.05344954302653468,305.0,303.0,0.6318174341284937,0.03393586088683045,,,,,,,,
472,184,140,0.9990303818624602,0.05344954302653468,305.0,303.0,0.6318174341284937,0.03393586088683045,,,,,,,,
473,184,140,0.9990303818624602,0.05344954302653468,305.0,303.0,0.6318174341284937,0.03393586088683045,,,,,,,,
474,184,140,0.9990303818624602,0.05344954302653468,305.0,303.0,0.6318174341284937,0.03393586088683045,,,,,,,,
475,184,140,0.9990303818624602,0.05344954302653468,305.0,303.0,0.6318174341284937,0.03393586088683045,,,,,,,,
476,184,140,0.9990303818624602,0.05344954302653468,305.0,303.0,0.6318174341284937,0.03393586088683045,,,,,,,,
477,184,140,0.9990303818624602,0.05344954302653468,305.0,303.0,0.6318174341284937,0.03393586088683045,,,,,,,,
478,184,140,0.9990303818624602,0.05344954302653468,305.0,303.0,0.6318174341284937,0.03393586088683045,,,,,,,,
479,184,140,0.9990303818624602,0.05344954302653468,305.0,303.0,0.6318174341284937,0.03393586088683045,,,,,,,,
480,184,140,0.9990303818624602,0.05344954302653468,305.0,303.0,0.6318174341284937,0.03393586088683045,,,,,,,,
481,184,140,0.9990303818624602,0.05344954302653468,305.0,303.0,0.6318174341284937,0.03393586088683045,,,,,,,,
482,184,140,0.9990303818624602,0.05344954302653468,305.0,303.0,0.6318174341284937,0.03393586088683045,,,,,,,,
483,184,140,0.9990303818624602,0.05344954302653468,305.0,303.0,0.6318174341284937,0.03393586088683045,,,,,,,,
484,184,140,0.9990303818624602,0.05344954302653468,305.0,303.0,0.6318174341284937,0.03393586088683045,,,,,,,,
485,184,140,0.9990303818624602,0.05344954302653468,305.0,303.0,0.6318174341284937,0.03393586088683045,,,,,,,,
486,184,140,0.9990303818624602,0.05344954302653468,305.0,303.0,0.6318174341284937,0.03393586088683045,,,,,,,,
487,184,140,0.9990303818624602,0.05344954302653468,305.0,303.0,0.6318174341284937,0.03393586088683045,,,,,,,,
488,305,303,0.6318174341284937,0.03393586088683045,489.0,184.0,0.998895270272659,0.045664107509255696,,,,,,,,
489,305,303,0.6318174341284937,0.03393586088683045,489.0,184.0,0.998895270272659,0.045664107509255696,,,,,,,,
490,305,303,0.6318174341284937,0.03393586088683045,489.0,184.0,0.998895270272659,0.045664107509255696,,,,,,,,
491,305,303,0.6318174341284937,0.03393586088683045,489.0,184.0,0.998895270272659,0.045664107509255696,,,,,,,,
492,305,303,0.6318174341284937,0.03393586088683045,489.0,184.0,0.998895270272659,0.045664107509255696,,,,,,,,
493,305,303,0.6318174341284937,0.03393586088683045,489.0,184.0,0.998895270272659,0.045664107509255696,,,,,,,,
494,305,303,0.6318174341284937,0.03393586088683045,489.0,184.0,0.998895270272659,0.045664107509255696,,,,,,,,
495,305,303,0.6318174341284937,0.03393586088683045,489.0,184.0,0.998895270272659,0.045664107509255696,,,,,,,,
496,305,303,0.6318174341284937,0.03393586088683045,489.0,184.0,0.998895270272659,0.045664107509255696,,,,,,,,
497,305,303,0.6318174341284937,0.03393586088683045,489.0,184.0,0.998895270272659,0.045664107509255696,,,,,,,,
498,305,303,0.6318174341284937,0.03393586088683045,489.0,184.0,0.998895270272659,0.045664107509255696,,,,,,,,
499,305,303,0.6318174341284937,0.03393586088683045,489.0,184.0,0.998895270272659,0.045664107509255696,,,,,,,,
500,305,303,0.6318174341284937,0.03393586088683045,489.0,184.0,0.998895270272659,0.045664107509255696,,,,,,,,
501,305,303,0.6318174341284937,0.03393586088683045,489.0,184.0,0.998895270272659,0.045664107509255696,,,,,,,,
502,305,303,0.6318174341284937,0.03393586088683045,489.0,184.0,0.998895270272659,0.045664107509255696,,,,,,,,
503,305,303,0.6318174341284937,0.03393586088683045,489.0,184.0,0.998895270272659,0.045664107509255696,,,,,,,,
504,305,303,0.6318174341284937,0.03393586088683045,489.0,184.0,0.998895270272659,0.045664107509255696,,,,,,,,
505,305,303,0.6318174341284937,0.03393586088683045,489.0,184.0,0.998895270272659,0.045664107509255696,,,,,,,,
506,305,303,0.6318174341284937,0.03393586088683045,489.0,184.0,0.998895270272659,0.045664107509255696,,,,,,,,
507,305,303,0.6318174341284937,0.03393586088683045,489.0,184.0,0.998895270272659,0.045664107509255696,,,,,,,,
508,305,303,0.6318174341284937,0.03393586088683045,489.0,184.0,0.998895270272659,0.045664107509255696,,,,,,,,
509,305,303,0.6318174341284937,0.03393586088683045,489.0,184.0,0.998895270272659,0.045664107509255696,,,,,,,,
510,305,303,0.6318174341284937,0.03393586088683045,489.0,184.0,0.998895270272659,0.045664107509255696,511.0,305.0,0.6166998253843418,0.03622135123208375,,,,
511,305,303,0.6318174341284937,0.03393586088683045,489.0,184.0,0.998895270272659,0.045664107509255696,,,,,,,,
512,305,303,0.6318174341284937,0.03393586088683045,489.0,184.0,0.998895270272659,0.045664107509255696,,,,,,,,
513,305,303,0.6318174341284937,0.03393586088683045,489.0,184.0,0.998895270272659,0.045664107509255696,,,,,,,,
514,305,303,0.6318174341284937,0.03393586088683045,489.0,184.0,0.998895270272659,0.045664107509255696,515.0,305.0,0.6205594218337762,0.03439715064729973,,,,
515,305,303,0.6318174341284937,0.03393586088683045,489.0,184.0,0.998895270272659,0.045664107509255696,515.0,305.0,0.6205594218337762,0.03439715064729973,,,,
516,305,303,0.6318174341284937,0.03393586088683045,489.0,184.0,0.998895270272659,0.045664107509255696,,,,,,,,
517,305,303,0.6318174341284937,0.03393586088683045,489.0,184.0,0.998895270272659,0.045664107509255696,,,,,,,,
518,305,303,0.6318174341284937,0.03393586088683045,489.0,184.0,0.998895270272659,0.045664107509255696,519.0,305.0,0.6377274644991315,0.03685418943205515,,,,
519,305,303,0.6318174341284937,0.03393586088683045,489.0,184.0,0.998895270272659,0.045664107509255696,519.0,305.0,0.6377274644991315,0.03685418943205515,,,,
520,305,303,0.6318174341284937,0.03393586088683045,489.0,184.0,0.998895270272659,0.045664107509255696,519.0,305.0,0.6377274644991315,0.03685418943205515,,,,
521,305,303,0.6318174341284937,0.03393586088683045,489.0,184.0,0.998895270272659,0.045664107509255696,519.0,305.0,0.6377274644991315,0.03685418943205515,,,,
522,305,303,0.6318174341284937,0.03393586088683045,489.0,184.0,0.998895270272659,0.045664107509255696,519.0,305.0,0.6377274644991315,0.03685418943205515,,,,
523,305,303,0.6318174341284937,0.03393586088683045,524.0,489.0,0.999224101863349,0.04703983109572297,,,,,,,,
524,305,303,0.6318174341284937,0.03393586088683045,524.0,489.0,0.999224101863349,0.04703983109572297,,,,,,,,
525,305,303,0.6318174341284937,0.03393586088683045,524.0,489.0,0.999224101863349,0.04703983109572297,,,,,,,,
526,305,303,0.6318174341284937,0.03393586088683045,524.0,489.0,0.999224101863349,0.04703983109572297,,,,,,,,
527,305,303,0.6318174341284937,0.03393586088683045,524.0,489.0,0.999224101863349,0.04703983109572297,,,,,,,,
528,305,303,0.6318174341284937,0.03393586088683045,524.0,489.0,0.999224101863349,0.04703983109572297,,,,,,,,
529,305,303,0.6318174341284937,0.03393586088683045,524.0,489.0,0.999224101863349,0.04703983109572297,,,,,,,,
530,305,303,0.6318174341284937,0.03393586088683045,524.0,489.0,0.999224101863349,0.04703983109572297,,,,,,,,
531,305,303,0.6318174341284937,0.03393586088683045,524.0,489.0,0.999224101863349,0.04703983109572297,,,,,,,,
532,305,303,0.6318174341284937,0.03393586088683045,524.0,489.0,0.999224101863349,0.04703983109572297,,,,,,,,
533,305,303,0.6318174341284937,0.03393586088683045,524.0,489.0,0.999224101863349,0.04703983109572297,,,,,,,,
534,305,303,0.6318174341284937,0.03393586088683045,524.0,489.0,0.999224101863349,0.04703983109572297,,,,,,,,
535,305,303,0.6318174341284937,0.03393586088683045,524.0,489.0,0.999224101863349,0.04703983109572297,,,,,,,,
536,305,303,0.6318174341284937,0.03393586088683045,524.0,489.0,0.999224101863349,0.04703983109572297,,,,,,,,
537,305,303,0.6318174341284937,0.03393586088683045,524.0,489.0,0.999224101863349,0.04703983109572297,,,,,,,,
538,305,303,0.6318174341284937,0.03393586088683045,524.0,489.0,0.999224101863349,0.04703983109572297,,,,,,,,
539,305,303,0.6318174341284937,0.03393586088683045,524.0,489.0,0.999224101863349,0.04703983109572297,,,,,,,,
540,305,303,0.6318174341284937,0.03393586088683045,524.0,489.0,0.999224101863349,0.04703983109572297,,,,,,,,
541,305,303,0.6318174341284937,0.03393586088683045,524.0,489.0,0.999224101863349,0.04703983109572297,,,,,,,,
542,305,303,0.6318174341284937,0.03393586088683045,524.0,489.0,0.999224101863349,0.04703983109572297,,,,,,,,
543,305,303,0.6318174341284937,0.03393586088683045,524.0,489.0,0.999224101863349,0.04703983109572297,,,,,,,,
544,305,303,0.6318174341284937,0.03393586088683045,524.0,489.0,0.999224101863349,0.04703983109572297,,,,,,,,
545,305,303,0.6318174341284937,0.03393586088683045,524.0,489.0,0.999224101863349,0.04703983109572297,,,,,,,,
546,305,303,0.6318174341284937,0.03393586088683045,524.0,489.0,0.999224101863349,0.04703983109572297,,,,,,,,
547,305,303,0.6318174341284937,0.03393586088683045,524.0,489.0,0.999224101863349,0.04703983109572297,,,,,,,,
548,305,303,0.6318174341284937,0.03393586088683045,524.0,489.0,0.999224101863349,0.04703983109572297,,,,,,,,
549,305,303,0.6318174341284937,0.03393586088683045,524.0,489.0,0.999224101863349,0.04703983109572297,,,,,,,,
550,305,303,0.6318174341284937,0.03393586088683045,524.0,489.0,0.999224101863349,0.04703983109572297,,,,,,,,
551,305,303,0.6318174341284937,0.03393586088683045,524.0,489.0,0.999224101863349,0.04703983109572297,,,,,,,,
552,305,303,0.6318174341284937,0.03393586088683045,524.0,489.0,0.999224101863349,0.04703983109572297,,,,,,,,
553,305,303,0.6318174341284937,0.03393586088683045,524.0,489.0,0.999224101863349,0.04703983109572297,,,,,,,,
554,305,303,0.6318174341284937,0.03393586088683045,524.0,489.0,0.999224101863349,0.04703983109572297,,,,,,,,
555,305,303,0.6318174341284937,0.03393586088683045,524.0,489.0,0.999224101863349,0.04703983109572297,556.0,305.0,0.6326190016624414,0.031309143767857664,,,,
556,305,303,0.6318174341284937,0.03393586088683045,524.0,489.0,0.999224101863349,0.04703983109572297,556.0,305.0,0.6326190016624414,0.031309143767857664,,,,
557,305,303,0.6318174341284937,0.03393586088683045,524.0,489.0,0.999224101863349,0.04703983109572297,,,,,,,,
558,305,303,0.6318174341284937,0.03393586088683045,524.0,489.0,0.999224101863349,0.04703983109572297,,,,,,,,
559,305,303,0.6318174341284937,0.03393586088683045,524.0,489.0,0.999224101863349,0.04703983109572297,,,,,,,,
560,305,303,0.6318174341284937,0.03393586088683045,524.0,489.0,0.999224101863349,0.04703983109572297,,,,,,,,
561,305,303,0.6318174341284937,0.03393586088683045,524.0,489.0,0.999224101863349,0.04703983109572297,562.0,305.0,0.6380969392904012,0.035348139714514205,,,,
562,305,303,0.6318174341284937,0.03393586088683045,524.0,489.0,0.999224101863349,0.04703983109572297,562.0,305.0,0.6380969392904012,0.035348139714514205,,,,
563,305,303,0.6318174341284937,0.03393586088683045,524.0,489.0,0.999224101863349,0.04703983109572297,562.0,305.0,0.6380969392904012,0.035348139714514205,,,,
564,305,303,0.6318174341284937,0.03393586088683045,524.0,489.0,0.999224101863349,0.04703983109572297,562.0,305.0,0.6380969392904012,0.035348139714514205,,,,
565,524,489,0.999224101863349,0.04703983109572297,562.0,305.0,0.6380969392904012,0.035348139714514205,566.0,562.0,0.6496697753221048,0.03583724432839828,,,,
566,524,489,0.999224101863349,0.04703983109572297,562.0,305.0,0.6380969392904012,0.035348139714514205,566.0,562.0,0.6496697753221048,0.03583724432839828,,,,
567,524,489,0.999224101863349,0.04703983109572297,562.0,305.0,0.6380969392904012,0.035348139714514205,566.0,562.0,0.6496697753221048,0.03583724432839828,,,,
568,524,489,0.999224101863349,0.04703983109572297,562.0,305.0,0.6380969392904012,0.035348139714514205,566.0,562.0,0.6496697753221048,0.03583724432839828,,,,
569,524,489,0.999224101863349,0.04703983109572297,562.0,305.0,0.6380969392904012,0.035348139714514205,566.0,562.0,0.6496697753221048,0.03583724432839828,,,,
570,524,489,0.999224101863349,0.04703983109572297,562.0,305.0,0.6380969392904012,0.035348139714514205,566.0,562.0,0.6496697753221048,0.03583724432839828,,,,
571,524,489,0.999224101863349,0.04703983109572297,562.0,305.0,0.6380969392904012,0.035348139714514205,,,,,,,,
572,524,489,0.999224101863349,0.04703983109572297,562.0,305.0,0.6380969392904012,0.035348139714514205,,,,,,,,
573,524,489,0.999224101863349,0.04703983109572297,562.0,305.0,0.6380969392904012,0.035348139714514205,,,,,,,,
574,524,489,0.999224101863349,0.04703983109572297,562.0,305.0,0.6380969392904012,0.035348139714514205,,,,,,,,
575,524,489,0.999224101863349,0.04703983109572297,562.0,305.0,0.6380969392904012,0.035348139714514205,,,,,,,,
576,524,489,0.999224101863349,0.04703983109572297,562.0,305.0,0.6380969392904012,0.035348139714514205,,,,,,,,
577,524,489,0.999224101863349,0.04703983109572297,562.0,305.0,0.6380969392904012,0.035348139714514205,,,,,,,,
578,524,489,0.999224101863349,0.04703983109572297,562.0,305.0,0.6380969392904012,0.035348139714514205,,,,,,,,
579,524,489,0.999224101863349,0.04703983109572297,562.0,305.0,0.6380969392904012,0.035348139714514205,,,,,,,,
580,524,489,0.999224101863349,0.04703983109572297,562.0,305.0,0.6380969392904012,0.035348139714514205,,,,,,,,
581,524,489,0.999224101863349,0.04703983109572297,562.0,305.0,0.6380969392904012,0.035348139714514205,,,,,,,,
582,524,489,0.999224101863349,0.04703983109572297,562.0,305.0,0.6380969392904012,0.035348139714514205,,,,,,,,
583,524,489,0.999224101863349,0.04703983109572297,562.0,305.0,0.6380969392904012,0.035348139714514205,,,,,,,,
584,524,489,0.999224101863349,0.04703983109572297,562.0,305.0,0.6380969392904012,0.035348139714514205,,,,,,,,
585,524,489,0.999224101863349,0.04703983109572297,562.0,305.0,0.6380969392904012,0.035348139714514205,,,,,,,,
586,524,489,0.999224101863349,0.04703983109572297,562.0,305.0,0.6380969392904012,0.035348139714514205,,,,,,,,
587,524,489,0.999224101863349,0.04703983109572297,562.0,305.0,0.6380969392904012,0.035348139714514205,,,,,,,,
588,524,489,0.999224101863349,0.04703983109572297,562.0,305.0,0.6380969392904012,0.035348139714514205,,,,,,,,
589,524,489,0.999224101863349,0.04703983109572297,562.0,305.0,0.6380969392904012,0.035348139714514205,,,,,,,,
590,524,489,0.999224101863349,0.04703983109572297,562.0,305.0,0.6380969392904012,0.035348139714514205,,,,,,,,
591,524,489,0.999224101863349,0.04703983109572297,562.0,305.0,0.6380969392904012,0.035348139714514205,,,,,,,,
592,524,489,0.999224101863349,0.04703983109572297,562.0,305.0,0.6380969392904012,0.035348139714514205,,,,,,,,
593,524,489,0.999224101863349,0.04703983109572297,562.0,305.0,0.6380969392904012,0.035348139714514205,,,,,,,,
594,524,489,0.999224101863349,0.04703983109572297,562.0,305.0,0.6380969392904012,0.035348139714514205,,,,,,,,
595,524,489,0.999224101863349,0.04703983109572297,562.0,305.0,0.6380969392904012,0.035348139714514205,,,,,,,,
596,524,489,0.999224101863349,0.04703983109572297,562.0,305.0,0.6380969392904012,0.035348139714514205,,,,,,,,
597,524,489,0.999224101863349,0.04703983109572297,562.0,305.0,0.6380969392904012,0.035348139714514205,,,,,,,,
598,524,489,0.999224101863349,0.04703983109572297,562.0,305.0,0.6380969392904012,0.035348139714514205,,,,,,,,
599,524,489,0.999224101863349,0.04703983109572297,562.0,305.0,0.6380969392904012,0.035348139714514205,600.0,562.0,0.624461847817133,0.031871263778877335,,,,
600,524,489,0.999224101863349,0.04703983109572297,562.0,305.0,0.6380969392904012,0.035348139714514205,,,,,,,,
601,524,489,0.999224101863349,0.04703983109572297,562.0,305.0,0.6380969392904012,0.035348139714514205,,,,,,,,
602,524,489,0.999224101863349,0.04703983109572297,562.0,305.0,0.6380969392904012,0.035348139714514205,,,,,,,,
603,524,489,0.999224101863349,0.04703983109572297,562.0,305.0,0.6380969392904012,0.035348139714514205,,,,,,,,
604,524,489,0.999224101863349,0.04703983109572297,562.0,305.0,0.6380969392904012,0.035348139714514205,605.0,562.0,0.6348774908994352,0.03539853871314082,,,,
605,524,489,0.999224101863349,0.04703983109572297,562.0,305.0,0.6380969392904012,0.035348139714514205,605.0,562.0,0.6348774908994352,0.03539853871314082,,,,
606,524,489,0.999224101863349,0.04703983109572297,562.0,305.0,0.6380969392904012,0.035348139714514205,605.0,562.0,0.6348774908994352,0.03539853871314082,,,,
607,524,489,0.999224101863349,0.04703983109572297,562.0,305.0,0.6380969392904012,0.035348139714514205,605.0,562.0,0.6348774908994352,0.03539853871314082,,,,
608,524,489,0.999224101863349,0.04703983109572297,562.0,305.0,0.6380969392904012,0.035348139714514205,605.0,562.0,0.6348774908994352,0.03539853871314082,,,,
609,524,489,0.999224101863349,0.04703983109572297,562.0,305.0,0.6380969392904012,0.035348139714514205,605.0,562.0,0.6348774908994352,0.03539853871314082,,,,
610,524,489,0.999224101863349,0.04703983109572297,562.0,305.0,0.6380969392904012,0.035348139714514205,605.0,562.0,0.6348774908994352,0.03539853871314082,,,,
611,524,489,0.999224101863349,0.04703983109572297,562.0,305.0,0.6380969392904012,0.035348139714514205,605.0,562.0,0.6348774908994352,0.03539853871314082,,,,
612,524,489,0.999224101863349,0.04703983109572297,562.0,305.0,0.6380969392904012,0.035348139714514205,605.0,562.0,0.6348774908994352,0.03539853871314082,,,,
613,524,489,0.999224101863349,0.04703983109572297,562.0,305.0,0.6380969392904012,0.035348139714514205,605.0,562.0,0.6348774908994352,0.03539853871314082,,,,
614,524,489,0.999224101863349,0.04703983109572297,562.0,305.0,0.6380969392904012,0.035348139714514205,605.0,562.0,0.6348774908994352,0.03539853871314082,,,,
615,524,489,0.999224101863349,0.04703983109572297,562.0,305.0,0.6380969392904012,0.035348139714514205,605.0,562.0,0.6348774908994352,0.03539853871314082,,,,
616,524,489,0.999224101863349,0.04703983109572297,562.0,305.0,0.6380969392904012,0.035348139714514205,605.0,562.0,0.6348774908994352,0.03539853871314082,,,,
617,524,489,0.999224101863349,0.04703983109572297,562.0,305.0,0.6380969392904012,0.035348139714514205,605.0,562.0,0.6348774908994352,0.03539853871314082,,,,
618,524,489,0.999224101863349,0.04703983109572297,562.0,305.0,0.6380969392904012,0.035348139714514205,605.0,562.0,0.6348774908994352,0.03539853871314082,,,,
619,524,489,0.999224101863349,0.04703983109572297,562.0,305.0,0.6380969392904012,0.035348139714514205,605.0,562.0,0.6348774908994352,0.03539853871314082,,,,
620,524,489,0.999224101863349,0.04703983109572297,562.0,305.0,0.6380969392904012,0.035348139714514205,605.0,562.0,0.6348774908994352,0.03539853871314082,,,,
621,524,489,0.999224101863349,0.04703983109572297,562.0,305.0,0.6380969392904012,0.035348139714514205,605.0,562.0,0.6348774908994352,0.03539853871314082,,,,
622,524,489,0.999224101863349,0.04703983109572297,562.0,305.0,0.6380969392904012,0.035348139714514205,605.0,562.0,0.6348774908994352,0.03539853871314082,,,,
623,524,489,0.999224101863349,0.04703983109572297,562.0,305.0,0.6380969392904012,0.035348139714514205,605.0,562.0,0.6348774908994352,0.03539853871314082,,,,
624,524,489,0.999224101863349,0.04703983109572297,562.0,305.0,0.6380969392904012,0.035348139714514205,605.0,562.0,0.6348774908994352,0.03539853871314082,,,,
625,524,489,0.999224101863349,0.04703983109572297,562.0,305.0,0.6380969392904012,0.035348139714514205,605.0,562.0,0.6348774908994352,0.03539853871314082,,,,
626,524,489,0.999224101863349,0.04703983109572297,562.0,305.0,0.6380969392904012,0.035348139714514205,605.0,562.0,0.6348774908994352,0.03539853871314082,,,,
627,524,489,0.999224101863349,0.04703983109572297,562.0,305.0,0.6380969392904012,0.035348139714514205,605.0,562.0,0.6348774908994352,0.03539853871314082,,,,
628,524,489,0.999224101863349,0.04703983109572297,562.0,305.0,0.6380969392904012,0.035348139714514205,605.0,562.0,0.6348774908994352,0.03539853871314082,,,,
629,524,489,0.999224101863349,0.04703983109572297,562.0,305.0,0.6380969392904012,0.035348139714514205,605.0,562.0,0.6348774908994352,0.03539853871314082,,,,
630,524,489,0.999224101863349,0.04703983109572297,562.0,305.0,0.6380969392904012,0.035348139714514205,605.0,562.0,0.6348774908994352,0.03539853871314082,,,,
631,524,489,0.999224101863349,0.04703983109572297,562.0,305.0,0.6380969392904012,0.035348139714514205,605.0,562.0,0.6348774908994352,0.03539853871314082,,,,
632,524,489,0.999224101863349,0.04703983109572297,562.0,305.0,0.6380969392904012,0.035348139714514205,605.0,562.0,0.6348774908994352,0.03539853871314082,,,,
633,524,489,0.999224101863349,0.04703983109572297,562.0,305.0,0.6380969392904012,0.035348139714514205,605.0,562.0,0.6348774908994352,0.03539853871314082,,,,
634,524,489,0.999224101863349,0.04703983109572297,562.0,305.0,0.6380969392904012,0.035348139714514205,605.0,562.0,0.6348774908994352,0.03539853871314082,,,,
635,524,489,0.999224101863349,0.04703983109572297,562.0,305.0,0.6380969392904012,0.035348139714514205,605.0,562.0,0.6348774908994352,0.03539853871314082,636.0,562.0,0.6387291371063375,0.03233418704604911
636,524,489,0.999224101863349,0.04703983109572297,562.0,305.0,0.6380969392904012,0.035348139714514205,605.0,562.0,0.6348774908994352,0.03539853871314082,637.0,562.0,0.6507788498099394,0.03634974437452601
637,524,489,0.999224101863349,0.04703983109572297,562.0,305.0,0.6380969392904012,0.035348139714514205,605.0,562.0,0.6348774908994352,0.03539853871314082,637.0,562.0,0.6507788498099394,0.03634974437452601
638,524,489,0.999224101863349,0.04703983109572297,562.0,305.0,0.6380969392904012,0.035348139714514205,605.0,562.0,0.6348774908994352,0.03539853871314082,637.0,562.0,0.6507788498099394,0.03634974437452601
639,524,489,0.999224101863349,0.04703983109572297,562.0,305.0,0.6380969392904012,0.035348139714514205,605.0,562.0,0.6348774908994352,0.03539853871314082,,,,
640,524,489,0.999224101863349,0.04703983109572297,562.0,305.0,0.6380969392904012,0.035348139714514205,605.0,562.0,0.6348774908994352,0.03539853871314082,,,,
641,524,489,0.999224101863349,0.04703983109572297,562.0,305.0,0.6380969392904012,0.035348139714514205,605.0,562.0,0.6348774908994352,0.03539853871314082,,,,
642,524,489,0.999224101863349,0.04703983109572297,562.0,305.0,0.6380969392904012,0.035348139714514205,605.0,562.0,0.6348774908994352,0.03539853871314082,,,,
643,524,489,0.999224101863349,0.04703983109572297,562.0,305.0,0.6380969392904012,0.035348139714514205,605.0,562.0,0.6348774908994352,0.03539853871314082,,,,
644,524,489,0.999224101863349,0.04703983109572297,562.0,305.0,0.6380969392904012,0.035348139714514205,605.0,562.0,0.6348774908994352,0.03539853871314082,,,,
645,524,489,0.999224101863349,0.04703983109572297,562.0,305.0,0.6380969392904012,0.035348139714514205,605.0,562.0,0.6348774908994352,0.03539853871314082,,,,
646,524,489,0.999224101863349,0.04703983109572297,562.0,305.0,0.6380969392904012,0.035348139714514205,605.0,562.0,0.6348774908994352,0.03539853871314082,,,,
647,524,489,0.999224101863349,0.04703983109572297,562.0,305.0,0.6380969392904012,0.035348139714514205,605.0,562.0,0.6348774908994352,0.03539853871314082,,,,
648,524,489,0.999224101863349,0.04703983109572297,562.0,305.0,0.6380969392904012,0.035348139714514205,605.0,562.0,0.6348774908994352,0.03539853871314082,,,,
649,524,489,0.999224101863349,0.04703983109572297,562.0,305.0,0.6380969392904012,0.035348139714514205,605.0,562.0,0.6348774908994352,0.03539853871314082,,,,
650,524,489,0.999224101863349,0.04703983109572297,562.0,305.0,0.6380969392904012,0.035348139714514205,605.0,562.0,0.6348774908994352,0.03539853871314082,,,,
651,524,489,0.999224101863349,0.04703983109572297,562.0,305.0,0.6380969392904012,0.035348139714514205,605.0,562.0,0.6348774908994352,0.03539853871314082,,,,
652,524,489,0.999224101863349,0.04703983109572297,562.0,305.0,0.6380969392904012,0.035348139714514205,605.0,562.0,0.6348774908994352,0.03539853871314082,,,,
653,524,489,0.999224101863349,0.04703983109572297,562.0,305.0,0.6380969392904012,0.035348139714514205,605.0,562.0,0.6348774908994352,0.03539853871314082,,,,
654,524,489,0.999224101863349,0.04703983109572297,562.0,305.0,0.6380969392904012,0.035348139714514205,605.0,562.0,0.6348774908994352,0.03539853871314082,,,,
655,524,489,0.999224101863349,0.04703983109572297,562.0,305.0,0.6380969392904012,0.035348139714514205,605.0,562.0,0.6348774908994352,0.03539853871314082,,,,
656,524,489,0.999224101863349,0.04703983109572297,562.0,305.0,0.6380969392904012,0.035348139714514205,605.0,562.0,0.6348774908994352,0.03539853871314082,,,,
657,524,489,0.999224101863349,0.04703983109572297,562.0,305.0,0.6380969392904012,0.035348139714514205,605.0,562.0,0.6348774908994352,0.03539853871314082,,,,
658,524,489,0.999224101863349,0.04703983109572297,562.0,305.0,0.6380969392904012,0.035348139714514205,605.0,562.0,0.6348774908994352,0.03539853871314082,,,,
659,524,489,0.999224101863349,0.04703983109572297,562.0,305.0,0.6380969392904012,0.035348139714514205,605.0,562.0,0.6348774908994352,0.03539853871314082,,,,
660,524,489,0.999224101863349,0.04703983109572297,562.0,305.0,0.6380969392904012,0.035348139714514205,605.0,562.0,0.6348774908994352,0.03539853871314082,,,,
661,524,489,0.999224101863349,0.04703983109572297,562.0,305.0,0.6380969392904012,0.035348139714514205,605.0,562.0,0.6348774908994352,0.03539853871314082,,,,
662,524,489,0.999224101863349,0.04703983109572297,562.0,305.0,0.6380969392904012,0.035348139714514205,605.0,562.0,0.6348774908994352,0.03539853871314082,,,,
663,524,489,0.999224101863349,0.04703983109572297,562.0,305.0,0.6380969392904012,0.035348139714514205,605.0,562.0,0.6348774908994352,0.03539853871314082,,,,
664,524,489,0.999224101863349,0.04703983109572297,562.0,305.0,0.6380969392904012,0.035348139714514205,605.0,562.0,0.6348774908994352,0.03539853871314082,,,,
665,524,489,0.999224101863349,0.04703983109572297,562.0,305.0,0.6380969392904012,0.035348139714514205,605.0,562.0,0.6348774908994352,0.03539853871314082,,,,
666,524,489,0.999224101863349,0.04703983109572297,562.0,305.0,0.6380969392904012,0.035348139714514205,605.0,562.0,0.6348774908994352,0.03539853871314082,,,,
667,524,489,0.999224101863349,0.04703983109572297,562.0,305.0,0.6380969392904012,0.035348139714514205,605.0,562.0,0.6348774908994352,0.03539853871314082,,,,
668,524,489,0.999224101863349,0.04703983109572297,562.0,305.0,0.6380969392904012,0.035348139714514205,605.0,562.0,0.6348774908994352,0.03539853871314082,,,,
669,524,489,0.999224101863349,0.04703983109572297,562.0,305.0,0.6380969392904012,0.035348139714514205,605.0,562.0,0.6348774908994352,0.03539853871314082,,,,
670,524,489,0.999224101863349,0.04703983109572297,562.0,305.0,0.6380969392904012,0.035348139714514205,605.0,562.0,0.6348774908994352,0.03539853871314082,671.0,562.0,0.6434184529807649,0.03628457158084379
671,524,489,0.999224101863349,0.04703983109572297,562.0,305.0,0.6380969392904012,0.035348139714514205,605.0,562.0,0.6348774908994352,0.03539853871314082,671.0,562.0,0.6434184529807649,0.03628457158084379
672,524,489,0.999224101863349,0.04703983109572297,562.0,305.0,0.6380969392904012,0.035348139714514205,605.0,562.0,0.6348774908994352,0.03539853871314082,671.0,562.0,0.6434184529807649,0.03628457158084379
673,524,489,0.999224101863349,0.04703983109572297,562.0,305.0,0.6380969392904012,0.035348139714514205,605.0,562.0,0.6348774908994352,0.03539853871314082,671.0,562.0,0.6434184529807649,0.03628457158084379
674,524,489,0.999224101863349,0.04703983109572297,562.0,305.0,0.6380969392904012,0.035348139714514205,605.0,562.0,0.6348774908994352,0.03539853871314082,671.0,562.0,0.6434184529807649,0.03628457158084379
675,524,489,0.999224101863349,0.04703983109572297,562.0,305.0,0.6380969392904012,0.035348139714514205,605.0,562.0,0.6348774908994352,0.03539853871314082,671.0,562.0,0.6434184529807649,0.03628457158084379
676,524,489,0.999224101863349,0.04703983109572297,562.0,305.0,0.6380969392904012,0.035348139714514205,605.0,562.0,0.6348774908994352,0.03539853871314082,671.0,562.0,0.6434184529807649,0.03628457158084379
677,524,489,0.999224101863349,0.04703983109572297,562.0,305.0,0.6380969392904012,0.035348139714514205,605.0,562.0,0.6348774908994352,0.03539853871314082,671.0,562.0,0.6434184529807649,0.03628457158084379
678,524,489,0.999224101863349,0.04703983109572297,562.0,305.0,0.6380969392904012,0.035348139714514205,605.0,562.0,0.6348774908994352,0.03539853871314082,671.0,562.0,0.6434184529807649,0.03628457158084379
679,524,489,0.999224101863349,0.04703983109572297,562.0,305.0,0.6380969392904012,0.035348139714514205,605.0,562.0,0.6348774908994352,0.03539853871314082,671.0,562.0,0.6434184529807649,0.03628457158084379
680,524,489,0.999224101863349,0.04703983109572297,562.0,305.0,0.6380969392904012,0.035348139714514205,605.0,562.0,0.6348774908994352,0.03539853871314082,,,,
681,524,489,0.999224101863349,0.04703983109572297,562.0,305.0,0.6380969392904012,0.035348139714514205,605.0,562.0,0.6348774908994352,0.03539853871314082,,,,
682,524,489,0.999224101863349,0.04703983109572297,562.0,305.0,0.6380969392904012,0.035348139714514205,605.0,562.0,0.6348774908994352,0.03539853871314082,,,,
683,524,489,0.999224101863349,0.04703983109572297,562.0,305.0,0.6380969392904012,0.035348139714514205,605.0,562.0,0.6348774908994352,0.03539853871314082,,,,
684,524,489,0.999224101863349,0.04703983109572297,562.0,305.0,0.6380969392904012,0.035348139714514205,605.0,562.0,0.6348774908994352,0.03539853871314082,685.0,562.0,0.6415053013077873,0.031727422744532795
685,524,489,0.999224101863349,0.04703983109572297,562.0,305.0,0.6380969392904012,0.035348139714514205,605.0,562.0,0.6348774908994352,0.03539853871314082,685.0,562.0,0.6415053013077873,0.031727422744532795
686,524,489,0.999224101863349,0.04703983109572297,562.0,305.0,0.6380969392904012,0.035348139714514205,605.0,562.0,0.6348774908994352,0.03539853871314082,,,,
687,524,489,0.999224101863349,0.04703983109572297,562.0,305.0,0.6380969392904012,0.035348139714514205,605.0,562.0,0.6348774908994352,0.03539853871314082,,,,
688,524,489,0.999224101863349,0.04703983109572297,562.0,305.0,0.6380969392904012,0.035348139714514205,605.0,562.0,0.6348774908994352,0.03539853871314082,,,,
689,524,489,0.999224101863349,0.04703983109572297,562.0,305.0,0.6380969392904012,0.035348139714514205,605.0,562.0,0.6348774908994352,0.03539853871314082,,,,
690,524,489,0.999224101863349,0.04703983109572297,562.0,305.0,0.6380969392904012,0.035348139714514205,605.0,562.0,0.6348774908994352,0.03539853871314082,,,,
691,524,489,0.999224101863349,0.04703983109572297,562.0,305.0,0.6380969392904012,0.035348139714514205,605.0,562.0,0.6348774908994352,0.03539853871314082,,,,
692,524,489,0.999224101863349,0.04703983109572297,562.0,305.0,0.6380969392904012,0.035348139714514205,605.0,562.0,0.6348774908994352,0.03539853871314082,,,,
693,524,489,0.999224101863349,0.04703983109572297,562.0,305.0,0.6380969392904012,0.035348139714514205,605.0,562.0,0.6348774908994352,0.03539853871314082,,,,
694,524,489,0.999224101863349,0.04703983109572297,562.0,305.0,0.6380969392904012,0.035348139714514205,605.0,562.0,0.6348774908994352,0.03539853871314082,,,,
695,524,489,0.999224101863349,0.04703983109572297,562.0,305.0,0.6380969392904012,0.035348139714514205,605.0,562.0,0.6348774908994352,0.03539853871314082,,,,
696,524,489,0.999224101863349,0.04703983109572297,562.0,305.0,0.6380969392904012,0.035348139714514205,605.0,562.0,0.6348774908994352,0.03539853871314082,,,,
697,524,489,0.999224101863349,0.04703983109572297,562.0,305.0,0.6380969392904012,0.035348139714514205,605.0,562.0,0.6348774908994352,0.03539853871314082,,,,
698,524,489,0.999224101863349,0.04703983109572297,562.0,305.0,0.6380969392904012,0.035348139714514205,605.0,562.0,0.6348774908994352,0.03539853871314082,,,,
699,524,489,0.999224101863349,0.04703983109572297,562.0,305.0,0.6380969392904012,0.035348139714514205,605.0,562.0,0.6348774908994352,0.03539853871314082,,,,
700,524,489,0.999224101863349,0.04703983109572297,562.0,305.0,0.6380969392904012,0.035348139714514205,605.0,562.0,0.6348774908994352,0.03539853871314082,,,,
701,524,489,0.999224101863349,0.04703983109572297,562.0,305.0,0.6380969392904012,0.035348139714514205,605.0,562.0,0.6348774908994352,0.03539853871314082,,,,
702,524,489,0.999224101863349,0.04703983109572297,562.0,305.0,0.6380969392904012,0.035348139714514205,605.0,562.0,0.6348774908994352,0.03539853871314082,,,,
703,524,489,0.999224101863349,0.04703983109572297,562.0,305.0,0.6380969392904012,0.035348139714514205,605.0,562.0,0.6348774908994352,0.03539853871314082,,,,
704,524,489,0.999224101863349,0.04703983109572297,562.0,305.0,0.6380969392904012,0.035348139714514205,605.0,562.0,0.6348774908994352,0.03539853871314082,,,,
705,524,489,0.999224101863349,0.04703983109572297,562.0,305.0,0.6380969392904012,0.035348139714514205,605.0,562.0,0.6348774908994352,0.03539853871314082,,,,
706,524,489,0.999224101863349,0.04703983109572297,562.0,305.0,0.6380969392904012,0.035348139714514205,605.0,562.0,0.6348774908994352,0.03539853871314082,,,,
707,524,489,0.999224101863349,0.04703983109572297,562.0,305.0,0.6380969392904012,0.035348139714514205,605.0,562.0,0.6348774908994352,0.03539853871314082,,,,
708,524,489,0.999224101863349,0.04703983109572297,562.0,305.0,0.6380969392904012,0.035348139714514205,605.0,562.0,0.6348774908994352,0.03539853871314082,,,,
709,524,489,0.999224101863349,0.04703983109572297,562.0,305.0,0.6380969392904012,0.035348139714514205,605.0,562.0,0.6348774908994352,0.03539853871314082,,,,
710,524,489,0.999224101863349,0.04703983109572297,562.0,305.0,0.6380969392904012,0.035348139714514205,605.0,562.0,0.6348774908994352,0.03539853871314082,,,,
711,524,489,0.999224101863349,0.04703983109572297,562.0,305.0,0.6380969392904012,0.035348139714514205,605.0,562.0,0.6348774908994352,0.03539853871314082,,,,
712,524,489,0.999224101863349,0.04703983109572297,562.0,305.0,0.6380969392904012,0.035348139714514205,605.0,562.0,0.6348774908994352,0.03539853871314082,,,,
713,524,489,0.999224101863349,0.04703983109572297,562.0,305.0,0.6380969392904012,0.035348139714514205,605.0,562.0,0.6348774908994352,0.03539853871314082,,,,
714,524,489,0.999224101863349,0.04703983109572297,562.0,305.0,0.6380969392904012,0.035348139714514205,605.0,562.0,0.6348774908994352,0.03539853871314082,,,,
715,524,489,0.999224101863349,0.04703983109572297,562.0,305.0,0.6380969392904012,0.035348139714514205,605.0,562.0,0.6348774908994352,0.03539853871314082,,,,
716,524,489,0.999224101863349,0.04703983109572297,562.0,305.0,0.6380969392904012,0.035348139714514205,605.0,562.0,0.6348774908994352,0.03539853871314082,,,,
717,524,489,0.999224101863349,0.04703983109572297,562.0,305.0,0.6380969392904012,0.035348139714514205,605.0,562.0,0.6348774908994352,0.03539853871314082,,,,
718,524,489,0.999224101863349,0.04703983109572297,562.0,305.0,0.6380969392904012,0.035348139714514205,605.0,562.0,0.6348774908994352,0.03539853871314082,,,,
719,524,489,0.999224101863349,0.04703983109572297,562.0,305.0,0.6380969392904012,0.035348139714514205,605.0,562.0,0.6348774908994352,0.03539853871314082,,,,
720,524,489,0.999224101863349,0.04703983109572297,562.0,305.0,0.6380969392904012,0.035348139714514205,605.0,562.0,0.6348774908994352,0.03539853871314082,,,,
721,524,489,0.999224101863349,0.04703983109572297,562.0,305.0,0.6380969392904012,0.035348139714514205,605.0,562.0,0.6348774908994352,0.03539853871314082,,,,
722,524,489,0.999224101863349,0.04703983109572297,562.0,305.0,0.6380969392904012,0.035348139714514205,605.0,562.0,0.6348774908994352,0.03539853871314082,,,,
723,524,489,0.999224101863349,0.04703983109572297,562.0,305.0,0.6380969392904012,0.035348139714514205,605.0,562.0,0.6348774908994352,0.03539853871314082,,,,
724,524,489,0.999224101863349,0.04703983109572297,562.0,305.0,0.6380969392904012,0.035348139714514205,605.0,562.0,0.6348774908994352,0.03539853871314082,,,,
725,524,489,0.999224101863349,0.04703983109572297,562.0,305.0,0.6380969392904012,0.035348139714514205,605.0,562.0,0.6348774908994352,0.03539853871314082,,,,
726,524,489,0.999224101863349,0.04703983109572297,562.0,305.0,0.6380969392904012,0.035348139714514205,605.0,562.0,0.6348774908994352,0.03539853871314082,,,,
727,524,489,0.999224101863349,0.04703983109572297,562.0,305.0,0.6380969392904012,0.035348139714514205,605.0,562.0,0.6348774908994352,0.03539853871314082,,,,
728,524,489,0.999224101863349,0.04703983109572297,562.0,305.0,0.6380969392904012,0.035348139714514205,605.0,562.0,0.6348774908994352,0.03539853871314082,,,,
729,524,489,0.999224101863349,0.04703983109572297,562.0,305.0,0.6380969392904012,0.035348139714514205,605.0,562.0,0.6348774908994352,0.03539853871314082,,,,
730,524,489,0.999224101863349,0.04703983109572297,562.0,305.0,0.6380969392904012,0.035348139714514205,605.0,562.0,0.6348774908994352,0.03539853871314082,,,,
731,524,489,0.999224101863349,0.04703983109572297,562.0,305.0,0.6380969392904012,0.035348139714514205,605.0,562.0,0.6348774908994352,0.03539853871314082,,,,
732,524,489,0.999224101863349,0.04703983109572297,562.0,305.0,0.6380969392904012,0.035348139714514205,605.0,562.0,0.6348774908994352,0.03539853871314082,,,,
733,524,489,0.999224101863349,0.04703983109572297,562.0,305.0,0.6380969392904012,0.035348139714514205,605.0,562.0,0.6348774908994352,0.03539853871314082,,,,
734,524,489,0.999224101863349,0.04703983109572297,562.0,305.0,0.6380969392904012,0.035348139714514205,605.0,562.0,0.6348774908994352,0.03539853871314082,,,,
735,524,489,0.999224101863349,0.04703983109572297,562.0,305.0,0.6380969392904012,0.035348139714514205,605.0,562.0,0.6348774908994352,0.03539853871314082,,,,
736,524,489,0.999224101863349,0.04703983109572297,562.0,305.0,0.6380969392904012,0.035348139714514205,605.0,562.0,0.6348774908994352,0.03539853871314082,,,,
737,524,489,0.999224101863349,0.04703983109572297,562.0,305.0,0.6380969392904012,0.035348139714514205,605.0,562.0,0.6348774908994352,0.03539853871314082,738.0,562.0,0.6442501314666,0.036218076517787294
738,524,489,0.999224101863349,0.04703983109572297,562.0,305.0,0.6380969392904012,0.035348139714514205,605.0,562.0,0.6348774908994352,0.03539853871314082,738.0,562.0,0.6442501314666,0.036218076517787294
739,524,489,0.999224101863349,0.04703983109572297,562.0,305.0,0.6380969392904012,0.035348139714514205,605.0,562.0,0.6348774908994352,0.03539853871314082,738.0,562.0,0.6442501314666,0.036218076517787294
740,524,489,0.999224101863349,0.04703983109572297,562.0,305.0,0.6380969392904012,0.035348139714514205,605.0,562.0,0.6348774908994352,0.03539853871314082,738.0,562.0,0.6442501314666,0.036218076517787294
741,524,489,0.999224101863349,0.04703983109572297,562.0,305.0,0.6380969392904012,0.035348139714514205,605.0,562.0,0.6348774908994352,0.03539853871314082,738.0,562.0,0.6442501314666,0.036218076517787294
742,524,489,0.999224101863349,0.04703983109572297,562.0,305.0,0.6380969392904012,0.035348139714514205,605.0,562.0,0.6348774908994352,0.03539853871314082,738.0,562.0,0.6442501314666,0.036218076517787294
743,524,489,0.999224101863349,0.04703983109572297,562.0,305.0,0.6380969392904012,0.035348139714514205,605.0,562.0,0.6348774908994352,0.03539853871314082,738.0,562.0,0.6442501314666,0.036218076517787294
744,524,489,0.999224101863349,0.04703983109572297,562.0,305.0,0.6380969392904012,0.035348139714514205,605.0,562.0,0.6348774908994352,0.03539853871314082,738.0,562.0,0.6442501314666,0.036218076517787294
745,524,489,0.999224101863349,0.04703983109572297,562.0,305.0,0.6380969392904012,0.035348139714514205,605.0,562.0,0.6348774908994352,0.03539853871314082,738.0,562.0,0.6442501314666,0.036218076517787294
746,524,489,0.999224101863349,0.04703983109572297,562.0,305.0,0.6380969392904012,0.035348139714514205,605.0,562.0,0.6348774908994352,0.03539853871314082,738.0,562.0,0.6442501314666,0.036218076517787294
747,524,489,0.999224101863349,0.04703983109572297,562.0,305.0,0.6380969392904012,0.035348139714514205,605.0,562.0,0.6348774908994352,0.03539853871314082,738.0,562.0,0.6442501314666,0.036218076517787294
748,524,489,0.999224101863349,0.04703983109572297,562.0,305.0,0.6380969392904012,0.035348139714514205,605.0,562.0,0.6348774908994352,0.03539853871314082,738.0,562.0,0.6442501314666,0.036218076517787294
749,524,489,0.999224101863349,0.04703983109572297,562.0,305.0,0.6380969392904012,0.035348139714514205,605.0,562.0,0.6348774908994352,0.03539853871314082,,,,
750,524,489,0.999224101863349,0.04703983109572297,562.0,305.0,0.6380969392904012,0.035348139714514205,605.0,562.0,0.6348774908994352,0.03539853871314082,,,,
751,524,489,0.999224101863349,0.04703983109572297,562.0,305.0,0.6380969392904012,0.035348139714514205,605.0,562.0,0.6348774908994352,0.03539853871314082,,,,
752,524,489,0.999224101863349,0.04703983109572297,562.0,305.0,0.6380969392904012,0.035348139714514205,605.0,562.0,0.6348774908994352,0.03539853871314082,,,,
753,524,489,0.999224101863349,0.04703983109572297,562.0,305.0,0.6380969392904012,0.035348139714514205,605.0,562.0,0.6348774908994352,0.03539853871314082,,,,
754,524,489,0.999224101863349,0.04703983109572297,562.0,305.0,0.6380969392904012,0.035348139714514205,605.0,562.0,0.6348774908994352,0.03539853871314082,,,,
755,524,489,0.999224101863349,0.04703983109572297,562.0,305.0,0.6380969392904012,0.035348139714514205,605.0,562.0,0.6348774908994352,0.03539853871314082,,,,
756,524,489,0.999224101863349,0.04703983109572297,562.0,305.0,0.6380969392904012,0.035348139714514205,605.0,562.0,0.6348774908994352,0.03539853871314082,,,,
757,524,489,0.999224101863349,0.04703983109572297,562.0,305.0,0.6380969392904012,0.035348139714514205,605.0,562.0,0.6348774908994352,0.03539853871314082,,,,
758,524,489,0.999224101863349,0.04703983109572297,562.0,305.0,0.6380969392904012,0.035348139714514205,605.0,562.0,0.6348774908994352,0.03539853871314082,,,,
759,524,489,0.999224101863349,0.04703983109572297,562.0,305.0,0.6380969392904012,0.035348139714514205,605.0,562.0,0.6348774908994352,0.03539853871314082,,,,
760,524,489,0.999224101863349,0.04703983109572297,562.0,305.0,0.6380969392904012,0.035348139714514205,605.0,562.0,0.6348774908994352,0.03539853871314082,,,,
761,524,489,0.999224101863349,0.04703983109572297,562.0,305.0,0.6380969392904012,0.035348139714514205,605.0,562.0,0.6348774908994352,0.03539853871314082,,,,
762,524,489,0.999224101863349,0.04703983109572297,562.0,305.0,0.6380969392904012,0.035348139714514205,605.0,562.0,0.6348774908994352,0.03539853871314082,,,,
763,524,489,0.999224101863349,0.04703983109572297,562.0,305.0,0.6380969392904012,0.035348139714514205,605.0,562.0,0.6348774908994352,0.03539853871314082,,,,
764,524,489,0.999224101863349,0.04703983109572297,562.0,305.0,0.6380969392904012,0.035348139714514205,605.0,562.0,0.6348774908994352,0.03539853871314082,,,,
765,524,489,0.999224101863349,0.04703983109572297,562.0,305.0,0.6380969392904012,0.035348139714514205,605.0,562.0,0.6348774908994352,0.03539853871314082,,,,
766,524,489,0.999224101863349,0.04703983109572297,562.0,305.0,0.6380969392904012,0.035348139714514205,605.0,562.0,0.6348774908994352,0.03539853871314082,,,,
767,524,489,0.999224101863349,0.04703983109572297,562.0,305.0,0.6380969392904012,0.035348139714514205,605.0,562.0,0.6348774908994352,0.03539853871314082,,,,
768,524,489,0.999224101863349,0.04703983109572297,562.0,305.0,0.6380969392904012,0.035348139714514205,605.0,562.0,0.6348774908994352,0.03539853871314082,,,,
769,524,489,0.999224101863349,0.04703983109572297,562.0,305.0,0.6380969392904012,0.035348139714514205,605.0,562.0,0.6348774908994352,0.03539853871314082,770.0,562.0,0.6188314372364021,0.03671781497740433
770,524,489,0.999224101863349,0.04703983109572297,562.0,305.0,0.6380969392904012,0.035348139714514205,,,,,,,,
771,524,489,0.999224101863349,0.04703983109572297,562.0,305.0,0.6380969392904012,0.035348139714514205,,,,,,,,
772,524,489,0.999224101863349,0.04703983109572297,562.0,305.0,0.6380969392904012,0.035348139714514205,,,,,,,,
773,524,489,0.999224101863349,0.04703983109572297,562.0,305.0,0.6380969392904012,0.035348139714514205,,,,,,,,
774,524,489,0.999224101863349,0.04703983109572297,562.0,305.0,0.6380969392904012,0.035348139714514205,,,,,,,,
775,524,489,0.999224101863349,0.04703983109572297,562.0,305.0,0.6380969392904012,0.035348139714514205,,,,,,,,
776,524,489,0.999224101863349,0.04703983109572297,562.0,305.0,0.6380969392904012,0.035348139714514205,,,,,,,,
777,524,489,0.999224101863349,0.04703983109572297,562.0,305.0,0.6380969392904012,0.035348139714514205,,,,,,,,
778,524,489,0.999224101863349,0.04703983109572297,562.0,305.0,0.6380969392904012,0.035348139714514205,,,,,,,,
779,524,489,0.999224101863349,0.04703983109572297,562.0,305.0,0.6380969392904012,0.035348139714514205,,,,,,,,
780,524,489,0.999224101863349,0.04703983109572297,562.0,305.0,0.6380969392904012,0.035348139714514205,,,,,,,,
781,524,489,0.999224101863349,0.04703983109572297,562.0,305.0,0.6380969392904012,0.035348139714514205,,,,,,,,
782,524,489,0.999224101863349,0.04703983109572297,562.0,305.0,0.6380969392904012,0.035348139714514205,,,,,,,,
783,524,489,0.999224101863349,0.04703983109572297,562.0,305.0,0.6380969392904012,0.035348139714514205,,,,,,,,
784,524,489,0.999224101863349,0.04703983109572297,562.0,305.0,0.6380969392904012,0.035348139714514205,,,,,,,,
785,524,489,0.999224101863349,0.04703983109572297,562.0,305.0,0.6380969392904012,0.035348139714514205,,,,,,,,
786,524,489,0.999224101863349,0.04703983109572297,562.0,305.0,0.6380969392904012,0.035348139714514205,,,,,,,,
787,524,489,0.999224101863349,0.04703983109572297,562.0,305.0,0.6380969392904012,0.035348139714514205,,,,,,,,
788,524,489,0.999224101863349,0.04703983109572297,562.0,305.0,0.6380969392904012,0.035348139714514205,,,,,,,,
789,524,489,0.999224101863349,0.04703983109572297,562.0,305.0,0.6380969392904012,0.035348139714514205,,,,,,,,
790,524,489,0.999224101863349,0.04703983109572297,562.0,305.0,0.6380969392904012,0.035348139714514205,,,,,,,,
791,524,489,0.999224101863349,0.04703983109572297,562.0,305.0,0.6380969392904012,0.035348139714514205,,,,,,,,
792,524,489,0.999224101863349,0.04703983109572297,562.0,305.0,0.6380969392904012,0.035348139714514205,,,,,,,,
793,524,489,0.999224101863349,0.04703983109572297,562.0,305.0,0.6380969392904012,0.035348139714514205,,,,,,,,
794,524,489,0.999224101863349,0.04703983109572297,562.0,305.0,0.6380969392904012,0.035348139714514205,,,,,,,,
795,524,489,0.999224101863349,0.04703983109572297,562.0,305.0,0.6380969392904012,0.035348139714514205,,,,,,,,
796,524,489,0.999224101863349,0.04703983109572297,562.0,305.0,0.6380969392904012,0.035348139714514205,,,,,,,,
797,524,489,0.999224101863349,0.04703983109572297,562.0,305.0,0.6380969392904012,0.035348139714514205,,,,,,,,
798,524,489,0.999224101863349,0.04703983109572297,562.0,305.0,0.6380969392904012,0.035348139714514205,,,,,,,,
799,524,489,0.999224101863349,0.04703983109572297,562.0,305.0,0.6380969392904012,0.035348139714514205,,,,,,,,
800,524,489,0.999224101863349,0.04703983109572297,562.0,305.0,0.6380969392904012,0.035348139714514205,,,,,,,,
801,524,489,0.999224101863349,0.04703983109572297,562.0,305.0,0.6380969392904012,0.035348139714514205,,,,,,,,
802,524,489,0.999224101863349,0.04703983109572297,562.0,305.0,0.6380969392904012,0.035348139714514205,,,,,,,,
803,524,489,0.999224101863349,0.04703983109572297,562.0,305.0,0.6380969392904012,0.035348139714514205,,,,,,,,
804,524,489,0.999224101863349,0.04703983109572297,562.0,305.0,0.6380969392904012,0.035348139714514205,,,,,,,,
805,524,489,0.999224101863349,0.04703983109572297,562.0,305.0,0.6380969392904012,0.035348139714514205,806.0,562.0,0.621455669091523,0.037252490537383325,,,,
806,524,489,0.999224101863349,0.04703983109572297,562.0,305.0,0.6380969392904012,0.035348139714514205,,,,,,,,
807,524,489,0.999224101863349,0.04703983109572297,562.0,305.0,0.6380969392904012,0.035348139714514205,,,,,,,,
808,524,489,0.999224101863349,0.04703983109572297,562.0,305.0,0.6380969392904012,0.035348139714514205,,,,,,,,
809,524,489,0.999224101863349,0.04703983109572297,562.0,305.0,0.6380969392904012,0.035348139714514205,,,,,,,,
810,524,489,0.999224101863349,0.04703983109572297,562.0,305.0,0.6380969392904012,0.035348139714514205,,,,,,,,
811,524,489,0.999224101863349,0.04703983109572297,562.0,305.0,0.6380969392904012,0.035348139714514205,,,,,,,,
812,524,489,0.999224101863349,0.04703983109572297,562.0,305.0,0.6380969392904012,0.035348139714514205,,,,,,,,
813,524,489,0.999224101863349,0.04703983109572297,562.0,305.0,0.6380969392904012,0.035348139714514205,,,,,,,,
814,524,489,0.999224101863349,0.04703983109572297,562.0,305.0,0.6380969392904012,0.035348139714514205,,,,,,,,
815,524,489,0.999224101863349,0.04703983109572297,562.0,305.0,0.6380969392904012,0.035348139714514205,,,,,,,,
816,524,489,0.999224101863349,0.04703983109572297,562.0,305.0,0.6380969392904012,0.035348139714514205,,,,,,,,
817,524,489,0.999224101863349,0.04703983109572297,562.0,305.0,0.6380969392904012,0.035348139714514205,,,,,,,,
818,524,489,0.999224101863349,0.04703983109572297,562.0,305.0,0.6380969392904012,0.035348139714514205,,,,,,,,
819,524,489,0.999224101863349,0.04703983109572297,562.0,305.0,0.6380969392904012,0.035348139714514205,,,,,,,,
820,524,489,0.999224101863349,0.04703983109572297,562.0,305.0,0.6380969392904012,0.035348139714514205,,,,,,,,
821,524,489,0.999224101863349,0.04703983109572297,562.0,305.0,0.6380969392904012,0.035348139714514205,,,,,,,,
822,524,489,0.999224101863349,0.04703983109572297,562.0,305.0,0.6380969392904012,0.035348139714514205,,,,,,,,
823,524,489,0.999224101863349,0.04703983109572297,562.0,305.0,0.6380969392904012,0.035348139714514205,824.0,562.0,0.6346365180876444,0.03632690377512292,,,,
824,524,489,0.999224101863349,0.04703983109572297,562.0,305.0,0.6380969392904012,0.035348139714514205,824.0,562.0,0.6346365180876444,0.03632690377512292,,,,
825,524,489,0.999224101863349,0.04703983109572297,562.0,305.0,0.6380969392904012,0.035348139714514205,824.0,562.0,0.6346365180876444,0.03632690377512292,,,,
826,524,489,0.999224101863349,0.04703983109572297,562.0,305.0,0.6380969392904012,0.035348139714514205,824.0,562.0,0.6346365180876444,0.03632690377512292,,,,
827,524,489,0.999224101863349,0.04703983109572297,562.0,305.0,0.6380969392904012,0.035348139714514205,824.0,562.0,0.6346365180876444,0.03632690377512292,,,,
828,524,489,0.999224101863349,0.04703983109572297,562.0,305.0,0.6380969392904012,0.035348139714514205,824.0,562.0,0.6346365180876444,0.03632690377512292,,,,
829,524,489,0.999224101863349,0.04703983109572297,562.0,305.0,0.6380969392904012,0.035348139714514205,824.0,562.0,0.6346365180876444,0.03632690377512292,,,,
830,524,489,0.999224101863349,0.04703983109572297,562.0,305.0,0.6380969392904012,0.035348139714514205,824.0,562.0,0.6346365180876444,0.03632690377512292,,,,
831,524,489,0.999224101863349,0.04703983109572297,562.0,305.0,0.6380969392904012,0.035348139714514205,824.0,562.0,0.6346365180876444,0.03632690377512292,,,,
832,524,489,0.999224101863349,0.04703983109572297,562.0,305.0,0.6380969392904012,0.035348139714514205,824.0,562.0,0.6346365180876444,0.03632690377512292,,,,
833,524,489,0.999224101863349,0.04703983109572297,562.0,305.0,0.6380969392904012,0.035348139714514205,824.0,562.0,0.6346365180876444,0.03632690377512292,,,,
834,524,489,0.999224101863349,0.04703983109572297,562.0,305.0,0.6380969392904012,0.035348139714514205,824.0,562.0,0.6346365180876444,0.03632690377512292,,,,
835,524,489,0.999224101863349,0.04703983109572297,562.0,305.0,0.6380969392904012,0.035348139714514205,824.0,562.0,0.6346365180876444,0.03632690377512292,,,,
836,524,489,0.999224101863349,0.04703983109572297,562.0,305.0,0.6380969392904012,0.035348139714514205,824.0,562.0,0.6346365180876444,0.03632690377512292,,,,
837,524,489,0.999224101863349,0.04703983109572297,562.0,305.0,0.6380969392904012,0.035348139714514205,,,,,,,,
838,524,489,0.999224101863349,0.04703983109572297,562.0,305.0,0.6380969392904012,0.035348139714514205,,,,,,,,
839,524,489,0.999224101863349,0.04703983109572297,562.0,305.0,0.6380969392904012,0.035348139714514205,,,,,,,,
840,524,489,0.999224101863349,0.04703983109572297,562.0,305.0,0.6380969392904012,0.035348139714514205,,,,,,,,
841,524,489,0.999224101863349,0.04703983109572297,562.0,305.0,0.6380969392904012,0.035348139714514205,,,,,,,,
842,524,489,0.999224101863349,0.04703983109572297,562.0,305.0,0.6380969392904012,0.035348139714514205,,,,,,,,
843,524,489,0.999224101863349,0.04703983109572297,562.0,305.0,0.6380969392904012,0.035348139714514205,,,,,,,,
844,524,489,0.999224101863349,0.04703983109572297,562.0,305.0,0.6380969392904012,0.035348139714514205,,,,,,,,
845,524,489,0.999224101863349,0.04703983109572297,562.0,305.0,0.6380969392904012,0.035348139714514205,846.0,562.0,0.6511009173219919,0.03290876864354303,,,,
846,524,489,0.999224101863349,0.04703983109572297,562.0,305.0,0.6380969392904012,0.035348139714514205,846.0,562.0,0.6511009173219919,0.03290876864354303,,,,
847,524,489,0.999224101863349,0.04703983109572297,562.0,305.0,0.6380969392904012,0.035348139714514205,846.0,562.0,0.6511009173219919,0.03290876864354303,,,,
848,524,489,0.999224101863349,0.04703983109572297,562.0,305.0,0.6380969392904012,0.035348139714514205,846.0,562.0,0.6511009173219919,0.03290876864354303,,,,
849,524,489,0.999224101863349,0.04703983109572297,562.0,305.0,0.6380969392904012,0.035348139714514205,,,,,,,,
850,524,489,0.999224101863349,0.04703983109572297,562.0,305.0,0.6380969392904012,0.035348139714514205,,,,,,,,
851,524,489,0.999224101863349,0.04703983109572297,562.0,305.0,0.6380969392904012,0.035348139714514205,,,,,,,,
852,524,489,0.999224101863349,0.04703983109572297,562.0,305.0,0.6380969392904012,0.035348139714514205,,,,,,,,
853,524,489,0.999224101863349,0.04703983109572297,562.0,305.0,0.6380969392904012,0.035348139714514205,,,,,,,,
854,524,489,0.999224101863349,0.04703983109572297,562.0,305.0,0.6380969392904012,0.035348139714514205,,,,,,,,
855,524,489,0.999224101863349,0.04703983109572297,562.0,305.0,0.6380969392904012,0.035348139714514205,,,,,,,,
856,524,489,0.999224101863349,0.04703983109572297,562.0,305.0,0.6380969392904012,0.035348139714514205,,,,,,,,
857,524,489,0.999224101863349,0.04703983109572297,562.0,305.0,0.6380969392904012,0.035348139714514205,,,,,,,,
858,524,489,0.999224101863349,0.04703983109572297,562.0,305.0,0.6380969392904012,0.035348139714514205,,,,,,,,
859,524,489,0.999224101863349,0.04703983109572297,562.0,305.0,0.6380969392904012,0.035348139714514205,,,,,,,,
860,524,489,0.999224101863349,0.04703983109572297,562.0,305.0,0.6380969392904012,0.035348139714514205,,,,,,,,
861,524,489,0.999224101863349,0.04703983109572297,562.0,305.0,0.6380969392904012,0.035348139714514205,,,,,,,,
862,524,489,0.999224101863349,0.04703983109572297,562.0,305.0,0.6380969392904012,0.035348139714514205,,,,,,,,
863,524,489,0.999224101863349,0.04703983109572297,562.0,305.0,0.6380969392904012,0.035348139714514205,,,,,,,,
864,524,489,0.999224101863349,0.04703983109572297,562.0,305.0,0.6380969392904012,0.035348139714514205,,,,,,,,
865,524,489,0.999224101863349,0.04703983109572297,562.0,305.0,0.6380969392904012,0.035348139714514205,,,,,,,,
866,524,489,0.999224101863349,0.04703983109572297,562.0,305.0,0.6380969392904012,0.035348139714514205,867.0,562.0,0.6375366025592515,0.038139901730457955,,,,
867,524,489,0.999224101863349,0.04703983109572297,562.0,305.0,0.6380969392904012,0.035348139714514205,,,,,,,,
868,524,489,0.999224101863349,0.04703983109572297,562.0,305.0,0.6380969392904012,0.035348139714514205,,,,,,,,
869,524,489,0.999224101863349,0.04703983109572297,562.0,305.0,0.6380969392904012,0.035348139714514205,,,,,,,,
870,524,489,0.999224101863349,0.04703983109572297,562.0,305.0,0.6380969392904012,0.035348139714514205,,,,,,,,
871,524,489,0.999224101863349,0.04703983109572297,562.0,305.0,0.6380969392904012,0.035348139714514205,,,,,,,,
872,524,489,0.999224101863349,0.04703983109572297,562.0,305.0,0.6380969392904012,0.035348139714514205,,,,,,,,
873,524,489,0.999224101863349,0.04703983109572297,562.0,305.0,0.6380969392904012,0.035348139714514205,,,,,,,,
874,524,489,0.999224101863349,0.04703983109572297,562.0,305.0,0.6380969392904012,0.035348139714514205,,,,,,,,
875,524,489,0.999224101863349,0.04703983109572297,562.0,305.0,0.6380969392904012,0.035348139714514205,,,,,,,,
876,524,489,0.999224101863349,0.04703983109572297,562.0,305.0,0.6380969392904012,0.035348139714514205,,,,,,,,
877,524,489,0.999224101863349,0.04703983109572297,562.0,305.0,0.6380969392904012,0.035348139714514205,,,,,,,,
878,524,489,0.999224101863349,0.04703983109572297,562.0,305.0,0.6380969392904012,0.035348139714514205,,,,,,,,
879,524,489,0.999224101863349,0.04703983109572297,562.0,305.0,0.6380969392904012,0.035348139714514205,,,,,,,,
880,524,489,0.999224101863349,0.04703983109572297,562.0,305.0,0.6380969392904012,0.035348139714514205,,,,,,,,
881,524,489,0.999224101863349,0.04703983109572297,562.0,305.0,0.6380969392904012,0.035348139714514205,882.0,562.0,0.6340568152155559,0.0315309844499326,,,,
882,524,489,0.999224101863349,0.04703983109572297,562.0,305.0,0.6380969392904012,0.035348139714514205,882.0,562.0,0.6340568152155559,0.0315309844499326,,,,
883,524,489,0.999224101863349,0.04703983109572297,562.0,305.0,0.6380969392904012,0.035348139714514205,,,,,,,,
884,524,489,0.999224101863349,0.04703983109572297,562.0,305.0,0.6380969392904012,0.035348139714514205,,,,,,,,
885,524,489,0.999224101863349,0.04703983109572297,562.0,305.0,0.6380969392904012,0.035348139714514205,,,,,,,,
886,524,489,0.999224101863349,0.04703983109572297,562.0,305.0,0.6380969392904012,0.035348139714514205,,,,,,,,
887,524,489,0.999224101863349,0.04703983109572297,562.0,305.0,0.6380969392904012,0.035348139714514205,,,,,,,,
888,524,489,0.999224101863349,0.04703983109572297,562.0,305.0,0.6380969392904012,0.035348139714514205,,,,,,,,
889,524,489,0.999224101863349,0.04703983109572297,562.0,305.0,0.6380969392904012,0.035348139714514205,,,,,,,,
890,524,489,0.999224101863349,0.04703983109572297,562.0,305.0,0.6380969392904012,0.035348139714514205,,,,,,,,
891,524,489,0.999224101863349,0.04703983109572297,562.0,305.0,0.6380969392904012,0.035348139714514205,,,,,,,,
892,524,489,0.999224101863349,0.04703983109572297,562.0,305.0,0.6380969392904012,0.035348139714514205,,,,,,,,
893,524,489,0.999224101863349,0.04703983109572297,562.0,305.0,0.6380969392904012,0.035348139714514205,,,,,,,,
894,524,489,0.999224101863349,0.04703983109572297,562.0,305.0,0.6380969392904012,0.035348139714514205,,,,,,,,
895,524,489,0.999224101863349,0.04703983109572297,562.0,305.0,0.6380969392904012,0.035348139714514205,,,,,,,,
896,524,489,0.999224101863349,0.04703983109572297,562.0,305.0,0.6380969392904012,0.035348139714514205,,,,,,,,
897,524,489,0.999224101863349,0.04703983109572297,562.0,305.0,0.6380969392904012,0.035348139714514205,,,,,,,,
898,524,489,0.999224101863349,0.04703983109572297,562.0,305.0,0.6380969392904012,0.035348139714514205,,,,,,,,
899,524,489,0.999224101863349,0.04703983109572297,562.0,305.0,0.6380969392904012,0.035348139714514205,,,,,,,,
900,524,489,0.999224101863349,0.04703983109572297,562.0,305.0,0.6380969392904012,0.035348139714514205,,,,,,,,
901,524,489,0.999224101863349,0.04703983109572297,562.0,305.0,0.6380969392904012,0.035348139714514205,,,,,,,,
902,524,489,0.999224101863349,0.04703983109572297,562.0,305.0,0.6380969392904012,0.035348139714514205,,,,,,,,
903,524,489,0.999224101863349,0.04703983109572297,562.0,305.0,0.6380969392904012,0.035348139714514205,,,,,,,,
904,524,489,0.999224101863349,0.04703983109572297,562.0,305.0,0.6380969392904012,0.035348139714514205,,,,,,,,
905,524,489,0.999224101863349,0.04703983109572297,562.0,305.0,0.6380969392904012,0.035348139714514205,,,,,,,,
906,524,489,0.999224101863349,0.04703983109572297,562.0,305.0,0.6380969392904012,0.035348139714514205,,,,,,,,
907,524,489,0.999224101863349,0.04703983109572297,562.0,305.0,0.6380969392904012,0.035348139714514205,,,,,,,,
908,524,489,0.999224101863349,0.04703983109572297,562.0,305.0,0.6380969392904012,0.035348139714514205,,,,,,,,
909,524,489,0.999224101863349,0.04703983109572297,562.0,305.0,0.6380969392904012,0.035348139714514205,,,,,,,,
910,524,489,0.999224101863349,0.04703983109572297,562.0,305.0,0.6380969392904012,0.035348139714514205,,,,,,,,
911,524,489,0.999224101863349,0.04703983109572297,562.0,305.0,0.6380969392904012,0.035348139714514205,,,,,,,,
912,524,489,0.999224101863349,0.04703983109572297,562.0,305.0,0.6380969392904012,0.035348139714514205,,,,,,,,
913,524,489,0.999224101863349,0.04703983109572297,562.0,305.0,0.6380969392904012,0.035348139714514205,,,,,,,,
914,524,489,0.999224101863349,0.04703983109572297,562.0,305.0,0.6380969392904012,0.035348139714514205,,,,,,,,
915,524,489,0.999224101863349,0.04703983109572297,562.0,305.0,0.6380969392904012,0.035348139714514205,,,,,,,,
916,524,489,0.999224101863349,0.04703983109572297,562.0,305.0,0.6380969392904012,0.035348139714514205,,,,,,,,
917,524,489,0.999224101863349,0.04703983109572297,562.0,305.0,0.6380969392904012,0.035348139714514205,,,,,,,,
918,524,489,0.999224101863349,0.04703983109572297,562.0,305.0,0.6380969392904012,0.035348139714514205,919.0,562.0,0.6342162573059034,0.032669973346077685,,,,
919,524,489,0.999224101863349,0.04703983109572297,562.0,305.0,0.6380969392904012,0.035348139714514205,919.0,562.0,0.6342162573059034,0.032669973346077685,,,,
920,524,489,0.999224101863349,0.04703983109572297,562.0,305.0,0.6380969392904012,0.035348139714514205,919.0,562.0,0.6342162573059034,0.032669973346077685,,,,
921,524,489,0.999224101863349,0.04703983109572297,562.0,305.0,0.6380969392904012,0.035348139714514205,919.0,562.0,0.6342162573059034,0.032669973346077685,,,,
922,524,489,0.999224101863349,0.04703983109572297,562.0,305.0,0.6380969392904012,0.035348139714514205,919.0,562.0,0.6342162573059034,0.032669973346077685,,,,
923,524,489,0.999224101863349,0.04703983109572297,562.0,305.0,0.6380969392904012,0.035348139714514205,919.0,562.0,0.6342162573059034,0.032669973346077685,,,,
924,524,489,0.999224101863349,0.04703983109572297,562.0,305.0,0.6380969392904012,0.035348139714514205,,,,,,,,
925,524,489,0.999224101863349,0.04703983109572297,562.0,305.0,0.6380969392904012,0.035348139714514205,,,,,,,,
926,524,489,0.999224101863349,0.04703983109572297,562.0,305.0,0.6380969392904012,0.035348139714514205,,,,,,,,
927,524,489,0.999224101863349,0.04703983109572297,562.0,305.0,0.6380969392904012,0.035348139714514205,,,,,,,,
928,524,489,0.999224101863349,0.04703983109572297,562.0,305.0,0.6380969392904012,0.035348139714514205,,,,,,,,
929,524,489,0.999224101863349,0.04703983109572297,562.0,305.0,0.6380969392904012,0.035348139714514205,,,,,,,,
930,524,489,0.999224101863349,0.04703983109572297,562.0,305.0,0.6380969392904012,0.035348139714514205,,,,,,,,
931,524,489,0.999224101863349,0.04703983109572297,562.0,305.0,0.6380969392904012,0.035348139714514205,,,,,,,,
932,524,489,0.999224101863349,0.04703983109572297,562.0,305.0,0.6380969392904012,0.035348139714514205,,,,,,,,
933,524,489,0.999224101863349,0.04703983109572297,562.0,305.0,0.6380969392904012,0.035348139714514205,,,,,,,,
934,524,489,0.999224101863349,0.04703983109572297,562.0,305.0,0.6380969392904012,0.035348139714514205,935.0,562.0,0.6416931259000481,0.03202989494150549,,,,
935,524,489,0.999224101863349,0.04703983109572297,562.0,305.0,0.6380969392904012,0.035348139714514205,,,,,,,,
936,524,489,0.999224101863349,0.04703983109572297,562.0,305.0,0.6380969392904012,0.035348139714514205,,,,,,,,
937,524,489,0.999224101863349,0.04703983109572297,562.0,305.0,0.6380969392904012,0.035348139714514205,,,,,,,,
938,524,489,0.999224101863349,0.04703983109572297,562.0,305.0,0.6380969392904012,0.035348139714514205,,,,,,,,
939,524,489,0.999224101863349,0.04703983109572297,562.0,305.0,0.6380969392904012,0.035348139714514205,940.0,524.0,0.9999617555443115,0.04382064406003115,,,,
940,524,489,0.999224101863349,0.04703983109572297,562.0,305.0,0.6380969392904012,0.035348139714514205,940.0,524.0,0.9999617555443115,0.04382064406003115,,,,
941,524,489,0.999224101863349,0.04703983109572297,562.0,305.0,0.6380969392904012,0.035348139714514205,940.0,524.0,0.9999617555443115,0.04382064406003115,,,,
942,524,489,0.999224101863349,0.04703983109572297,562.0,305.0,0.6380969392904012,0.035348139714514205,940.0,524.0,0.9999617555443115,0.04382064406003115,,,,
943,524,489,0.999224101863349,0.04703983109572297,562.0,305.0,0.6380969392904012,0.035348139714514205,940.0,524.0,0.9999617555443115,0.04382064406003115,,,,
944,524,489,0.999224101863349,0.04703983109572297,562.0,305.0,0.6380969392904012,0.035348139714514205,,,,,,,,
945,524,489,0.999224101863349,0.04703983109572297,562.0,305.0,0.6380969392904012,0.035348139714514205,,,,,,,,
946,524,489,0.999224101863349,0.04703983109572297,562.0,305.0,0.6380969392904012,0.035348139714514205,,,,,,,,
947,524,489,0.999224101863349,0.04703983109572297,562.0,305.0,0.6380969392904012,0.035348139714514205,,,,,,,,
948,524,489,0.999224101863349,0.04703983109572297,562.0,305.0,0.6380969392904012,0.035348139714514205,949.0,562.0,0.6472129033880514,0.03479487849311843,,,,
949,524,489,0.999224101863349,0.04703983109572297,562.0,305.0,0.6380969392904012,0.035348139714514205,949.0,562.0,0.6472129033880514,0.03479487849311843,,,,
950,524,489,0.999224101863349,0.04703983109572297,562.0,305.0,0.6380969392904012,0.035348139714514205,949.0,562.0,0.6472129033880514,0.03479487849311843,,,,
951,524,489,0.999224101863349,0.04703983109572297,562.0,305.0,0.6380969392904012,0.035348139714514205,949.0,562.0,0.6472129033880514,0.03479487849311843,,,,
952,524,489,0.999224101863349,0.04703983109572297,562.0,305.0,0.6380969392904012,0.035348139714514205,949.0,562.0,0.6472129033880514,0.03479487849311843,,,,
953,524,489,0.999224101863349,0.04703983109572297,562.0,305.0,0.6380969392904012,0.035348139714514205,949.0,562.0,0.6472129033880514,0.03479487849311843,,,,
954,524,489,0.999224101863349,0.04703983109572297,562.0,305.0,0.6380969392904012,0.035348139714514205,,,,,,,,
955,524,489,0.999224101863349,0.04703983109572297,562.0,305.0,0.6380969392904012,0.035348139714514205,956.0,562.0,0.6259871348434246,0.03683657878899177,,,,
956,524,489,0.999224101863349,0.04703983109572297,562.0,305.0,0.6380969392904012,0.035348139714514205,956.0,562.0,0.6259871348434246,0.03683657878899177,,,,
957,524,489,0.999224101863349,0.04703983109572297,562.0,305.0,0.6380969392904012,0.035348139714514205,956.0,562.0,0.6259871348434246,0.03683657878899177,,,,
958,524,489,0.999224101863349,0.04703983109572297,562.0,305.0,0.6380969392904012,0.035348139714514205,956.0,562.0,0.6259871348434246,0.03683657878899177,,,,
959,524,489,0.999224101863349,0.04703983109572297,562.0,305.0,0.6380969392904012,0.035348139714514205,956.0,562.0,0.6259871348434246,0.03683657878899177,,,,
960,524,489,0.999224101863349,0.04703983109572297,562.0,305.0,0.6380969392904012,0.035348139714514205,956.0,562.0,0.6259871348434246,0.03683657878899177,,,,
961,524,489,0.999224101863349,0.04703983109572297,562.0,305.0,0.6380969392904012,0.035348139714514205,956.0,562.0,0.6259871348434246,0.03683657878899177,,,,
962,524,489,0.999224101863349,0.04703983109572297,562.0,305.0,0.6380969392904012,0.035348139714514205,,,,,,,,
963,524,489,0.999224101863349,0.04703983109572297,562.0,305.0,0.6380969392904012,0.035348139714514205,,,,,,,,
964,524,489,0.999224101863349,0.04703983109572297,562.0,305.0,0.6380969392904012,0.035348139714514205,,,,,,,,
965,524,489,0.999224101863349,0.04703983109572297,562.0,305.0,0.6380969392904012,0.035348139714514205,,,,,,,,
966,524,489,0.999224101863349,0.04703983109572297,562.0,305.0,0.6380969392904012,0.035348139714514205,,,,,,,,
967,524,489,0.999224101863349,0.04703983109572297,562.0,305.0,0.6380969392904012,0.035348139714514205,,,,,,,,
968,524,489,0.999224101863349,0.04703983109572297,562.0,305.0,0.6380969392904012,0.035348139714514205,,,,,,,,
969,524,489,0.999224101863349,0.04703983109572297,562.0,305.0,0.6380969392904012,0.035348139714514205,,,,,,,,
970,524,489,0.999224101863349,0.04703983109572297,562.0,305.0,0.6380969392904012,0.035348139714514205,,,,,,,,
971,524,489,0.999224101863349,0.04703983109572297,562.0,305.0,0.6380969392904012,0.035348139714514205,,,,,,,,
972,524,489,0.999224101863349,0.04703983109572297,562.0,305.0,0.6380969392904012,0.035348139714514205,,,,,,,,
973,524,489,0.999224101863349,0.04703983109572297,562.0,305.0,0.6380969392904012,0.035348139714514205,,,,,,,,
974,524,489,0.999224101863349,0.04703983109572297,562.0,305.0,0.6380969392904012,0.035348139714514205,,,,,,,,
975,524,489,0.999224101863349,0.04703983109572297,562.0,305.0,0.6380969392904012,0.035348139714514205,,,,,,,,
976,524,489,0.999224101863349,0.04703983109572297,562.0,305.0,0.6380969392904012,0.035348139714514205,,,,,,,,
977,524,489,0.999224101863349,0.04703983109572297,562.0,305.0,0.6380969392904012,0.035348139714514205,,,,,,,,
978,524,489,0.999224101863349,0.04703983109572297,562.0,305.0,0.6380969392904012,0.035348139714514205,,,,,,,,
979,524,489,0.999224101863349,0.04703983109572297,562.0,305.0,0.6380969392904012,0.035348139714514205,,,,,,,,
980,524,489,0.999224101863349,0.04703983109572297,562.0,305.0,0.6380969392904012,0.035348139714514205,,,,,,,,
981,524,489,0.999224101863349,0.04703983109572297,562.0,305.0,0.6380969392904012,0.035348139714514205,,,,,,,,
982,524,489,0.999224101863349,0.04703983109572297,562.0,305.0,0.6380969392904012,0.035348139714514205,,,,,,,,
983,524,489,0.999224101863349,0.04703983109572297,562.0,305.0,0.6380969392904012,0.035348139714514205,,,,,,,,
984,524,489,0.999224101863349,0.04703983109572297,562.0,305.0,0.6380969392904012,0.035348139714514205,,,,,,,,
985,524,489,0.999224101863349,0.04703983109572297,562.0,305.0,0.6380969392904012,0.035348139714514205,986.0,562.0,0.6432780694784841,0.032175461915713646,,,,
986,524,489,0.999224101863349,0.04703983109572297,562.0,305.0,0.6380969392904012,0.035348139714514205,986.0,562.0,0.6432780694784841,0.032175461915713646,,,,
987,524,489,0.999224101863349,0.04703983109572297,562.0,305.0,0.6380969392904012,0.035348139714514205,986.0,562.0,0.6432780694784841,0.032175461915713646,,,,
988,524,489,0.999224101863349,0.04703983109572297,562.0,305.0,0.6380969392904012,0.035348139714514205,986.0,562.0,0.6432780694784841,0.032175461915713646,,,,
989,524,489,0.999224101863349,0.04703983109572297,562.0,305.0,0.6380969392904012,0.035348139714514205,,,,,,,,
990,524,489,0.999224101863349,0.04703983109572297,562.0,305.0,0.6380969392904012,0.035348139714514205,,,,,,,,
991,524,489,0.999224101863349,0.04703983109572297,562.0,305.0,0.6380969392904012,0.035348139714514205,,,,,,,,
992,524,489,0.999224101863349,0.04703983109572297,562.0,305.0,0.6380969392904012,0.035348139714514205,,,,,,,,
993,524,489,0.999224101863349,0.04703983109572297,562.0,305.0,0.6380969392904012,0.035348139714514205,,,,,,,,
994,524,489,0.999224101863349,0.04703983109572297,562.0,305.0,0.6380969392904012,0.035348139714514205,,,,,,,,
995,524,489,0.999224101863349,0.04703983109572297,562.0,305.0,0.6380969392904012,0.035348139714514205,,,,,,,,
996,524,489,0.999224101863349,0.04703983109572297,562.0,305.0,0.6380969392904012,0.035348139714514205,,,,,,,,
997,524,489,0.999224101863349,0.04703983109572297,562.0,305.0,0.6380969392904012,0.035348139714514205,,,,,,,,
998,524,489,0.999224101863349,0.04703983109572297,562.0,305.0,0.6380969392904012,0.035348139714514205,,,,,,,,
999,524,489,0.999224101863349,0.04703983109572297,562.0,305.0,0.6380969392904012,0.035348139714514205,,,,,,,,
