mutation_step,id_1,parent_1,f_r_1,phi_1,id_2,parent_2,f_r_2,phi_2,id_3,parent_3,f_r_3,phi_3,id_4,parent_4,f_r_4,phi_4
0,1,0,0.9982490950875986,0.026422002820714916,,,,,,,,,,,,
1,2,1,0.9960816607410593,0.040580166645160516,,,,,,,,,,,,
2,2,1,0.9960816607410593,0.040580166645160516,3.0,2.0,0.9698113430071085,0.08126891324018311,,,,,,,,
3,2,1,0.9960816607410593,0.040580166645160516,3.0,2.0,0.9698113430071085,0.08126891324018311,,,,,,,,
4,2,1,0.9960816607410593,0.040580166645160516,5.0,3.0,0.9524977414712826,0.07921361894220173,,,,,,,,
5,2,1,0.9960816607410593,0.040580166645160516,6.0,5.0,0.9120122936031819,0.07073139286948156,,,,,,,,
6,2,1,0.9960816607410593,0.040580166645160516,6.0,5.0,0.9120122936031819,0.07073139286948156,,,,,,,,
7,2,1,0.9960816607410593,0.040580166645160516,6.0,5.0,0.9120122936031819,0.07073139286948156,,,,,,,,
8,2,1,0.9960816607410593,0.040580166645160516,6.0,5.0,0.9120122936031819,0.07073139286948156,,,,,,,,
9,2,1,0.9960816607410593,0.040580166645160516,6.0,5.0,0.9120122936031819,0.07073139286948156,,,,,,,,
10,2,1,0.9960816607410593,0.040580166645160516,6.0,5.0,0.9120122936031819,0.07073139286948156,,,,,,,,
11,2,1,0.9960816607410593,0.040580166645160516,6.0,5.0,0.9120122936031819,0.07073139286948156,,,,,,,,
12,2,1,0.9960816607410593,0.040580166645160516,6.0,5.0,0.9120122936031819,0.07073139286948156,,,,,,,,
13,2,1,0.9960816607410593,0.040580166645160516,6.0,5.0,0.9120122936031819,0.07073139286948156,,,,,,,,
14,6,5,0.9120122936031819,0.07073139286948156,15.0,2.0,0.9947331961433012,0.0441099934914748,,,,,,,,
15,6,5,0.9120122936031819,0.07073139286948156,15.0,2.0,0.9947331961433012,0.0441099934914748,,,,,,,,
16,15,2,0.9947331961433012,0.0441099934914748,17.0,6.0,0.9075168031427071,0.06226780871891423,,,,,,,,
17,15,2,0.9947331961433012,0.0441099934914748,18.0,17.0,0.8866875183844034,0.04243023065192002,,,,,,,,
18,15,2,0.9947331961433012,0.0441099934914748,18.0,17.0,0.8866875183844034,0.04243023065192002,,,,,,,,
19,15,2,0.9947331961433012,0.0441099934914748,18.0,17.0,0.8866875183844034,0.04243023065192002,,,,,,,,
20,15,2,0.9947331961433012,0.0441099934914748,18.0,17.0,0.8866875183844034,0.04243023065192002,,,,,,,,
21,15,2,0.9947331961433012,0.0441099934914748,22.0,18.0,0.8832067054649112,0.02179955607992664,,,,,,,,
22,15,2,0.9947331961433012,0.0441099934914748,22.0,18.0,0.8832067054649112,0.02179955607992664,,,,,,,,
23,15,2,0.9947331961433012,0.0441099934914748,22.0,18.0,0.8832067054649112,0.02179955607992664,,,,,,,,
24,15,2,0.9947331961433012,0.0441099934914748,22.0,18.0,0.8832067054649112,0.02179955607992664,,,,,,,,
25,15,2,0.9947331961433012,0.0441099934914748,22.0,18.0,0.8832067054649112,0.02179955607992664,,,,,,,,
26,15,2,0.9947331961433012,0.0441099934914748,22.0,18.0,0.8832067054649112,0.02179955607992664,27.0,15.0,0.9941046354632034,0.04968624354176379,,,,
27,15,2,0.9947331961433012,0.0441099934914748,22.0,18.0,0.8832067054649112,0.02179955607992664,27.0,15.0,0.9941046354632034,0.04968624354176379,,,,
28,15,2,0.9947331961433012,0.0441099934914748,22.0,18.0,0.8832067054649112,0.02179955607992664,27.0,15.0,0.9941046354632034,0.04968624354176379,,,,
29,15,2,0.9947331961433012,0.0441099934914748,22.0,18.0,0.8832067054649112,0.02179955607992664,27.0,15.0,0.9941046354632034,0.04968624354176379,,,,
30,22,18,0.8832067054649112,0.02179955607992664,27.0,15.0,0.9941046354632034,0.04968624354176379,,,,,,,,
31,22,18,0.8832067054649112,0.02179955607992664,27.0,15.0,0.9941046354632034,0.04968624354176379,,,,,,,,
32,22,18,0.8832067054649112,0.02179955607992664,27.0,15.0,0.9941046354632034,0.04968624354176379,,,,,,,,
33,22,18,0.8832067054649112,0.02179955607992664,27.0,15.0,0.9941046354632034,0.04968624354176379,,,,,,,,
34,27,15,0.9941046354632034,0.04968624354176379,35.0,22.0,0.8578816933040435,0.018300588913722684,,,,,,,,
35,27,15,0.9941046354632034,0.04968624354176379,35.0,22.0,0.8578816933040435,0.018300588913722684,,,,,,,,
36,27,15,0.9941046354632034,0.04968624354176379,35.0,22.0,0.8578816933040435,0.018300588913722684,,,,,,,,
37,27,15,0.9941046354632034,0.04968624354176379,35.0,22.0,0.8578816933040435,0.018300588913722684,,,,,,,,
38,27,15,0.9941046354632034,0.04968624354176379,35.0,22.0,0.8578816933040435,0.018300588913722684,,,,,,,,
39,27,15,0.9941046354632034,0.04968624354176379,35.0,22.0,0.8578816933040435,0.018300588913722684,,,,,,,,
40,27,15,0.9941046354632034,0.04968624354176379,35.0,22.0,0.8578816933040435,0.018300588913722684,,,,,,,,
41,27,15,0.9941046354632034,0.04968624354176379,35.0,22.0,0.8578816933040435,0.018300588913722684,,,,,,,,
42,27,15,0.9941046354632034,0.04968624354176379,43.0,35.0,0.8401452932431346,0.012683851130295713,,,,,,,,
43,27,15,0.9941046354632034,0.04968624354176379,43.0,35.0,0.8401452932431346,0.012683851130295713,,,,,,,,
44,27,15,0.9941046354632034,0.04968624354176379,43.0,35.0,0.8401452932431346,0.012683851130295713,,,,,,,,
45,27,15,0.9941046354632034,0.04968624354176379,43.0,35.0,0.8401452932431346,0.012683851130295713,,,,,,,,
46,27,15,0.9941046354632034,0.04968624354176379,43.0,35.0,0.8401452932431346,0.012683851130295713,,,,,,,,
47,27,15,0.9941046354632034,0.04968624354176379,48.0,43.0,0.8200314046718064,0.03740118577118538,,,,,,,,
48,27,15,0.9941046354632034,0.04968624354176379,48.0,43.0,0.8200314046718064,0.03740118577118538,,,,,,,,
49,27,15,0.9941046354632034,0.04968624354176379,48.0,43.0,0.8200314046718064,0.03740118577118538,,,,,,,,
50,27,15,0.9941046354632034,0.04968624354176379,48.0,43.0,0.8200314046718064,0.03740118577118538,,,,,,,,
51,27,15,0.9941046354632034,0.04968624354176379,52.0,48.0,0.8089894851068448,0.031922206051297246,,,,,,,,
52,27,15,0.9941046354632034,0.04968624354176379,52.0,48.0,0.8089894851068448,0.031922206051297246,,,,,,,,
53,27,15,0.9941046354632034,0.04968624354176379,52.0,48.0,0.8089894851068448,0.031922206051297246,,,,,,,,
54,27,15,0.9941046354632034,0.04968624354176379,52.0,48.0,0.8089894851068448,0.031922206051297246,,,,,,,,
55,27,15,0.9941046354632034,0.04968624354176379,52.0,48.0,0.8089894851068448,0.031922206051297246,,,,,,,,
56,27,15,0.9941046354632034,0.04968624354176379,52.0,48.0,0.8089894851068448,0.031922206051297246,,,,,,,,
57,27,15,0.9941046354632034,0.04968624354176379,58.0,52.0,0.7929957873420458,0.03873660479787109,,,,,,,,
58,27,15,0.9941046354632034,0.04968624354176379,59.0,58.0,0.7877890591841474,0.041660880893280704,,,,,,,,
59,27,15,0.9941046354632034,0.04968624354176379,59.0,58.0,0.7877890591841474,0.041660880893280704,,,,,,,,
60,27,15,0.9941046354632034,0.04968624354176379,59.0,58.0,0.7877890591841474,0.041660880893280704,,,,,,,,
61,27,15,0.9941046354632034,0.04968624354176379,59.0,58.0,0.7877890591841474,0.041660880893280704,,,,,,,,
62,27,15,0.9941046354632034,0.04968624354176379,59.0,58.0,0.7877890591841474,0.041660880893280704,,,,,,,,
63,27,15,0.9941046354632034,0.04968624354176379,59.0,58.0,0.7877890591841474,0.041660880893280704,,,,,,,,
64,27,15,0.9941046354632034,0.04968624354176379,65.0,59.0,0.7768005834946654,0.0472875972681444,,,,,,,,
65,27,15,0.9941046354632034,0.04968624354176379,65.0,59.0,0.7768005834946654,0.0472875972681444,,,,,,,,
66,27,15,0.9941046354632034,0.04968624354176379,65.0,59.0,0.7768005834946654,0.0472875972681444,,,,,,,,
67,27,15,0.9941046354632034,0.04968624354176379,65.0,59.0,0.7768005834946654,0.0472875972681444,,,,,,,,
68,27,15,0.9941046354632034,0.04968624354176379,69.0,65.0,0.7801708417701108,0.03542522841506517,,,,,,,,
69,27,15,0.9941046354632034,0.04968624354176379,69.0,65.0,0.7801708417701108,0.03542522841506517,,,,,,,,
70,27,15,0.9941046354632034,0.04968624354176379,69.0,65.0,0.7801708417701108,0.03542522841506517,,,,,,,,
71,27,15,0.9941046354632034,0.04968624354176379,69.0,65.0,0.7801708417701108,0.03542522841506517,,,,,,,,
72,27,15,0.9941046354632034,0.04968624354176379,69.0,65.0,0.7801708417701108,0.03542522841506517,,,,,,,,
73,27,15,0.9941046354632034,0.04968624354176379,69.0,65.0,0.7801708417701108,0.03542522841506517,,,,,,,,
74,27,15,0.9941046354632034,0.04968624354176379,75.0,69.0,0.743576566239362,0.04211684192602902,,,,,,,,
75,27,15,0.9941046354632034,0.04968624354176379,75.0,69.0,0.743576566239362,0.04211684192602902,,,,,,,,
76,75,69,0.743576566239362,0.04211684192602902,77.0,27.0,0.9980809849714738,0.05425357801512075,,,,,,,,
77,75,69,0.743576566239362,0.04211684192602902,77.0,27.0,0.9980809849714738,0.05425357801512075,,,,,,,,
78,75,69,0.743576566239362,0.04211684192602902,77.0,27.0,0.9980809849714738,0.05425357801512075,,,,,,,,
79,75,69,0.743576566239362,0.04211684192602902,77.0,27.0,0.9980809849714738,0.05425357801512075,,,,,,,,
80,75,69,0.743576566239362,0.04211684192602902,77.0,27.0,0.9980809849714738,0.05425357801512075,,,,,,,,
81,75,69,0.743576566239362,0.04211684192602902,77.0,27.0,0.9980809849714738,0.05425357801512075,,,,,,,,
82,77,27,0.9980809849714738,0.05425357801512075,83.0,75.0,0.728751502018022,0.04380674960604961,,,,,,,,
83,77,27,0.9980809849714738,0.05425357801512075,83.0,75.0,0.728751502018022,0.04380674960604961,,,,,,,,
84,77,27,0.9980809849714738,0.05425357801512075,83.0,75.0,0.728751502018022,0.04380674960604961,,,,,,,,
85,77,27,0.9980809849714738,0.05425357801512075,83.0,75.0,0.728751502018022,0.04380674960604961,,,,,,,,
86,77,27,0.9980809849714738,0.05425357801512075,83.0,75.0,0.728751502018022,0.04380674960604961,,,,,,,,
87,77,27,0.9980809849714738,0.05425357801512075,83.0,75.0,0.728751502018022,0.04380674960604961,,,,,,,,
88,77,27,0.9980809849714738,0.05425357801512075,83.0,75.0,0.728751502018022,0.04380674960604961,,,,,,,,
89,77,27,0.9980809849714738,0.05425357801512075,83.0,75.0,0.728751502018022,0.04380674960604961,,,,,,,,
90,77,27,0.9980809849714738,0.05425357801512075,83.0,75.0,0.728751502018022,0.04380674960604961,,,,,,,,
91,77,27,0.9980809849714738,0.05425357801512075,83.0,75.0,0.728751502018022,0.04380674960604961,,,,,,,,
92,77,27,0.9980809849714738,0.05425357801512075,83.0,75.0,0.728751502018022,0.04380674960604961,,,,,,,,
93,77,27,0.9980809849714738,0.05425357801512075,83.0,75.0,0.728751502018022,0.04380674960604961,,,,,,,,
94,77,27,0.9980809849714738,0.05425357801512075,83.0,75.0,0.728751502018022,0.04380674960604961,,,,,,,,
95,77,27,0.9980809849714738,0.05425357801512075,83.0,75.0,0.728751502018022,0.04380674960604961,,,,,,,,
96,77,27,0.9980809849714738,0.05425357801512075,83.0,75.0,0.728751502018022,0.04380674960604961,,,,,,,,
97,77,27,0.9980809849714738,0.05425357801512075,98.0,83.0,0.7238414954587056,0.039216249264393384,,,,,,,,
98,77,27,0.9980809849714738,0.05425357801512075,98.0,83.0,0.7238414954587056,0.039216249264393384,,,,,,,,
99,77,27,0.9980809849714738,0.05425357801512075,98.0,83.0,0.7238414954587056,0.039216249264393384,,,,,,,,
100,77,27,0.9980809849714738,0.05425357801512075,98.0,83.0,0.7238414954587056,0.039216249264393384,,,,,,,,
101,77,27,0.9980809849714738,0.05425357801512075,98.0,83.0,0.7238414954587056,0.039216249264393384,,,,,,,,
102,77,27,0.9980809849714738,0.05425357801512075,98.0,83.0,0.7238414954587056,0.039216249264393384,,,,,,,,
103,77,27,0.9980809849714738,0.05425357801512075,98.0,83.0,0.7238414954587056,0.039216249264393384,,,,,,,,
104,77,27,0.9980809849714738,0.05425357801512075,98.0,83.0,0.7238414954587056,0.039216249264393384,,,,,,,,
105,77,27,0.9980809849714738,0.05425357801512075,98.0,83.0,0.7238414954587056,0.039216249264393384,,,,,,,,
106,77,27,0.9980809849714738,0.05425357801512075,98.0,83.0,0.7238414954587056,0.039216249264393384,107.0,98.0,0.7292136791096397,0.03125706362020929,,,,
107,77,27,0.9980809849714738,0.05425357801512075,98.0,83.0,0.7238414954587056,0.039216249264393384,107.0,98.0,0.7292136791096397,0.03125706362020929,,,,
108,77,27,0.9980809849714738,0.05425357801512075,98.0,83.0,0.7238414954587056,0.039216249264393384,107.0,98.0,0.7292136791096397,0.03125706362020929,,,,
109,77,27,0.9980809849714738,0.05425357801512075,98.0,83.0,0.7238414954587056,0.039216249264393384,107.0,98.0,0.7292136791096397,0.03125706362020929,,,,
110,77,27,0.9980809849714738,0.05425357801512075,98.0,83.0,0.7238414954587056,0.039216249264393384,107.0,98.0,0.7292136791096397,0.03125706362020929,,,,
111,77,27,0.9980809849714738,0.05425357801512075,98.0,83.0,0.7238414954587056,0.039216249264393384,107.0,98.0,0.7292136791096397,0.03125706362020929,,,,
112,77,27,0.9980809849714738,0.05425357801512075,98.0,83.0,0.7238414954587056,0.039216249264393384,107.0,98.0,0.7292136791096397,0.03125706362020929,,,,
113,77,27,0.9980809849714738,0.05425357801512075,98.0,83.0,0.7238414954587056,0.039216249264393384,107.0,98.0,0.7292136791096397,0.03125706362020929,,,,
114,77,27,0.9980809849714738,0.05425357801512075,98.0,83.0,0.7238414954587056,0.039216249264393384,107.0,98.0,0.7292136791096397,0.03125706362020929,,,,
115,77,27,0.9980809849714738,0.05425357801512075,98.0,83.0,0.7238414954587056,0.039216249264393384,107.0,98.0,0.7292136791096397,0.03125706362020929,,,,
116,77,27,0.9980809849714738,0.05425357801512075,98.0,83.0,0.7238414954587056,0.039216249264393384,107.0,98.0,0.7292136791096397,0.03125706362020929,,,,
117,77,27,0.9980809849714738,0.05425357801512075,98.0,83.0,0.7238414954587056,0.039216249264393384,107.0,98.0,0.7292136791096397,0.03125706362020929,,,,
118,77,27,0.9980809849714738,0.05425357801512075,98.0,83.0,0.7238414954587056,0.039216249264393384,107.0,98.0,0.7292136791096397,0.03125706362020929,,,,
119,77,27,0.9980809849714738,0.05425357801512075,98.0,83.0,0.7238414954587056,0.039216249264393384,107.0,98.0,0.7292136791096397,0.03125706362020929,,,,
120,77,27,0.9980809849714738,0.05425357801512075,98.0,83.0,0.7238414954587056,0.039216249264393384,107.0,98.0,0.7292136791096397,0.03125706362020929,,,,
121,77,27,0.9980809849714738,0.05425357801512075,98.0,83.0,0.7238414954587056,0.039216249264393384,,,,,,,,
122,77,27,0.9980809849714738,0.05425357801512075,98.0,83.0,0.7238414954587056,0.039216249264393384,,,,,,,,
123,77,27,0.9980809849714738,0.05425357801512075,98.0,83.0,0.7238414954587056,0.039216249264393384,,,,,,,,
124,77,27,0.9980809849714738,0.05425357801512075,125.0,98.0,0.7165753675209818,0.030589387307562832,,,,,,,,
125,77,27,0.9980809849714738,0.05425357801512075,126.0,125.0,0.6928683829929464,0.038837780296538456,,,,,,,,
126,77,27,0.9980809849714738,0.05425357801512075,126.0,125.0,0.6928683829929464,0.038837780296538456,,,,,,,,
127,77,27,0.9980809849714738,0.05425357801512075,128.0,126.0,0.6629540240548231,0.03340059098107252,,,,,,,,
128,77,27,0.9980809849714738,0.05425357801512075,128.0,126.0,0.6629540240548231,0.03340059098107252,,,,,,,,
129,77,27,0.9980809849714738,0.05425357801512075,128.0,126.0,0.6629540240548231,0.03340059098107252,,,,,,,,
130,77,27,0.9980809849714738,0.05425357801512075,128.0,126.0,0.6629540240548231,0.03340059098107252,131.0,128.0,0.6258480667799763,0.03733019500173562,,,,
131,77,27,0.9980809849714738,0.05425357801512075,131.0,128.0,0.6258480667799763,0.03733019500173562,,,,,,,,
132,77,27,0.9980809849714738,0.05425357801512075,131.0,128.0,0.6258480667799763,0.03733019500173562,,,,,,,,
133,77,27,0.9980809849714738,0.05425357801512075,131.0,128.0,0.6258480667799763,0.03733019500173562,,,,,,,,
134,77,27,0.9980809849714738,0.05425357801512075,131.0,128.0,0.6258480667799763,0.03733019500173562,,,,,,,,
135,77,27,0.9980809849714738,0.05425357801512075,131.0,128.0,0.6258480667799763,0.03733019500173562,,,,,,,,
136,77,27,0.9980809849714738,0.05425357801512075,131.0,128.0,0.6258480667799763,0.03733019500173562,,,,,,,,
137,77,27,0.9980809849714738,0.05425357801512075,131.0,128.0,0.6258480667799763,0.03733019500173562,,,,,,,,
138,77,27,0.9980809849714738,0.05425357801512075,131.0,128.0,0.6258480667799763,0.03733019500173562,,,,,,,,
139,77,27,0.9980809849714738,0.05425357801512075,131.0,128.0,0.6258480667799763,0.03733019500173562,,,,,,,,
140,77,27,0.9980809849714738,0.05425357801512075,131.0,128.0,0.6258480667799763,0.03733019500173562,,,,,,,,
141,77,27,0.9980809849714738,0.05425357801512075,131.0,128.0,0.6258480667799763,0.03733019500173562,,,,,,,,
142,77,27,0.9980809849714738,0.05425357801512075,131.0,128.0,0.6258480667799763,0.03733019500173562,,,,,,,,
143,77,27,0.9980809849714738,0.05425357801512075,131.0,128.0,0.6258480667799763,0.03733019500173562,,,,,,,,
144,77,27,0.9980809849714738,0.05425357801512075,131.0,128.0,0.6258480667799763,0.03733019500173562,,,,,,,,
145,77,27,0.9980809849714738,0.05425357801512075,131.0,128.0,0.6258480667799763,0.03733019500173562,,,,,,,,
146,77,27,0.9980809849714738,0.05425357801512075,131.0,128.0,0.6258480667799763,0.03733019500173562,,,,,,,,
147,77,27,0.9980809849714738,0.05425357801512075,131.0,128.0,0.6258480667799763,0.03733019500173562,,,,,,,,
148,77,27,0.9980809849714738,0.05425357801512075,131.0,128.0,0.6258480667799763,0.03733019500173562,,,,,,,,
149,131,128,0.6258480667799763,0.03733019500173562,150.0,77.0,0.9990548308510232,0.04514047250127772,,,,,,,,
150,131,128,0.6258480667799763,0.03733019500173562,150.0,77.0,0.9990548308510232,0.04514047250127772,151.0,131.0,0.6262636718739151,0.038016582061065424,,,,
151,131,128,0.6258480667799763,0.03733019500173562,150.0,77.0,0.9990548308510232,0.04514047250127772,151.0,131.0,0.6262636718739151,0.038016582061065424,,,,
152,131,128,0.6258480667799763,0.03733019500173562,150.0,77.0,0.9990548308510232,0.04514047250127772,151.0,131.0,0.6262636718739151,0.038016582061065424,,,,
153,131,128,0.6258480667799763,0.03733019500173562,150.0,77.0,0.9990548308510232,0.04514047250127772,,,,,,,,
154,131,128,0.6258480667799763,0.03733019500173562,150.0,77.0,0.9990548308510232,0.04514047250127772,,,,,,,,
155,131,128,0.6258480667799763,0.03733019500173562,150.0,77.0,0.9990548308510232,0.04514047250127772,,,,,,,,
156,131,128,0.6258480667799763,0.03733019500173562,150.0,77.0,0.9990548308510232,0.04514047250127772,,,,,,,,
157,131,128,0.6258480667799763,0.03733019500173562,150.0,77.0,0.9990548308510232,0.04514047250127772,,,,,,,,
158,131,128,0.6258480667799763,0.03733019500173562,150.0,77.0,0.9990548308510232,0.04514047250127772,159.0,131.0,0.6252565587666796,0.03669064790128044,,,,
159,131,128,0.6258480667799763,0.03733019500173562,150.0,77.0,0.9990548308510232,0.04514047250127772,159.0,131.0,0.6252565587666796,0.03669064790128044,,,,
160,131,128,0.6258480667799763,0.03733019500173562,150.0,77.0,0.9990548308510232,0.04514047250127772,159.0,131.0,0.6252565587666796,0.03669064790128044,,,,
161,131,128,0.6258480667799763,0.03733019500173562,150.0,77.0,0.9990548308510232,0.04514047250127772,159.0,131.0,0.6252565587666796,0.03669064790128044,,,,
162,131,128,0.6258480667799763,0.03733019500173562,150.0,77.0,0.9990548308510232,0.04514047250127772,159.0,131.0,0.6252565587666796,0.03669064790128044,,,,
163,131,128,0.6258480667799763,0.03733019500173562,150.0,77.0,0.9990548308510232,0.04514047250127772,159.0,131.0,0.6252565587666796,0.03669064790128044,,,,
164,131,128,0.6258480667799763,0.03733019500173562,150.0,77.0,0.9990548308510232,0.04514047250127772,159.0,131.0,0.6252565587666796,0.03669064790128044,,,,
165,131,128,0.6258480667799763,0.03733019500173562,150.0,77.0,0.9990548308510232,0.04514047250127772,159.0,131.0,0.6252565587666796,0.03669064790128044,,,,
166,131,128,0.6258480667799763,0.03733019500173562,150.0,77.0,0.9990548308510232,0.04514047250127772,159.0,131.0,0.6252565587666796,0.03669064790128044,,,,
167,131,128,0.6258480667799763,0.03733019500173562,150.0,77.0,0.9990548308510232,0.04514047250127772,159.0,131.0,0.6252565587666796,0.03669064790128044,,,,
168,131,128,0.6258480667799763,0.03733019500173562,150.0,77.0,0.9990548308510232,0.04514047250127772,159.0,131.0,0.6252565587666796,0.03669064790128044,,,,
169,131,128,0.6258480667799763,0.03733019500173562,150.0,77.0,0.9990548308510232,0.04514047250127772,159.0,131.0,0.6252565587666796,0.03669064790128044,,,,
170,131,128,0.6258480667799763,0.03733019500173562,150.0,77.0,0.9990548308510232,0.04514047250127772,159.0,131.0,0.6252565587666796,0.03669064790128044,,,,
171,131,128,0.6258480667799763,0.03733019500173562,150.0,77.0,0.9990548308510232,0.04514047250127772,159.0,131.0,0.6252565587666796,0.03669064790128044,,,,
172,131,128,0.6258480667799763,0.03733019500173562,150.0,77.0,0.9990548308510232,0.04514047250127772,159.0,131.0,0.6252565587666796,0.03669064790128044,,,,
173,131,128,0.6258480667799763,0.03733019500173562,150.0,77.0,0.9990548308510232,0.04514047250127772,159.0,131.0,0.6252565587666796,0.03669064790128044,,,,
174,131,128,0.6258480667799763,0.03733019500173562,150.0,77.0,0.9990548308510232,0.04514047250127772,159.0,131.0,0.6252565587666796,0.03669064790128044,,,,
175,131,128,0.6258480667799763,0.03733019500173562,150.0,77.0,0.9990548308510232,0.04514047250127772,159.0,131.0,0.6252565587666796,0.03669064790128044,,,,
176,150,77,0.9990548308510232,0.04514047250127772,159.0,131.0,0.6252565587666796,0.03669064790128044,177.0,159.0,0.6310645855046891,0.035869539345867105,,,,
177,150,77,0.9990548308510232,0.04514047250127772,159.0,131.0,0.6252565587666796,0.03669064790128044,177.0,159.0,0.6310645855046891,0.035869539345867105,,,,
178,150,77,0.9990548308510232,0.04514047250127772,159.0,131.0,0.6252565587666796,0.03669064790128044,177.0,159.0,0.6310645855046891,0.035869539345867105,,,,
179,150,77,0.9990548308510232,0.04514047250127772,159.0,131.0,0.6252565587666796,0.03669064790128044,177.0,159.0,0.6310645855046891,0.035869539345867105,,,,
180,150,77,0.9990548308510232,0.04514047250127772,159.0,131.0,0.6252565587666796,0.03669064790128044,177.0,159.0,0.6310645855046891,0.035869539345867105,,,,
181,150,77,0.9990548308510232,0.04514047250127772,177.0,159.0,0.6310645855046891,0.035869539345867105,,,,,,,,
182,150,77,0.9990548308510232,0.04514047250127772,177.0,159.0,0.6310645855046891,0.035869539345867105,,,,,,,,
183,150,77,0.9990548308510232,0.04514047250127772,177.0,159.0,0.6310645855046891,0.035869539345867105,,,,,,,,
184,150,77,0.9990548308510232,0.04514047250127772,177.0,159.0,0.6310645855046891,0.035869539345867105,,,,,,,,
185,150,77,0.9990548308510232,0.04514047250127772,177.0,159.0,0.6310645855046891,0.035869539345867105,,,,,,,,
186,150,77,0.9990548308510232,0.04514047250127772,177.0,159.0,0.6310645855046891,0.035869539345867105,,,,,,,,
187,150,77,0.9990548308510232,0.04514047250127772,177.0,159.0,0.6310645855046891,0.035869539345867105,,,,,,,,
188,150,77,0.9990548308510232,0.04514047250127772,177.0,159.0,0.6310645855046891,0.035869539345867105,,,,,,,,
189,150,77,0.9990548308510232,0.04514047250127772,177.0,159.0,0.6310645855046891,0.035869539345867105,,,,,,,,
190,150,77,0.9990548308510232,0.04514047250127772,177.0,159.0,0.6310645855046891,0.035869539345867105,,,,,,,,
191,150,77,0.9990548308510232,0.04514047250127772,177.0,159.0,0.6310645855046891,0.035869539345867105,,,,,,,,
192,150,77,0.9990548308510232,0.04514047250127772,177.0,159.0,0.6310645855046891,0.035869539345867105,,,,,,,,
193,150,77,0.9990548308510232,0.04514047250127772,177.0,159.0,0.6310645855046891,0.035869539345867105,,,,,,,,
194,150,77,0.9990548308510232,0.04514047250127772,177.0,159.0,0.6310645855046891,0.035869539345867105,,,,,,,,
195,150,77,0.9990548308510232,0.04514047250127772,177.0,159.0,0.6310645855046891,0.035869539345867105,,,,,,,,
196,150,77,0.9990548308510232,0.04514047250127772,177.0,159.0,0.6310645855046891,0.035869539345867105,,,,,,,,
197,150,77,0.9990548308510232,0.04514047250127772,177.0,159.0,0.6310645855046891,0.035869539345867105,,,,,,,,
198,150,77,0.9990548308510232,0.04514047250127772,177.0,159.0,0.6310645855046891,0.035869539345867105,199.0,177.0,0.6446201092907394,0.03431845021197279,,,,
199,150,77,0.9990548308510232,0.04514047250127772,177.0,159.0,0.6310645855046891,0.035869539345867105,199.0,177.0,0.6446201092907394,0.03431845021197279,,,,
200,150,77,0.9990548308510232,0.04514047250127772,177.0,159.0,0.6310645855046891,0.035869539345867105,199.0,177.0,0.6446201092907394,0.03431845021197279,,,,
201,150,77,0.9990548308510232,0.04514047250127772,177.0,159.0,0.6310645855046891,0.035869539345867105,199.0,177.0,0.6446201092907394,0.03431845021197279,,,,
202,150,77,0.9990548308510232,0.04514047250127772,177.0,159.0,0.6310645855046891,0.035869539345867105,199.0,177.0,0.6446201092907394,0.03431845021197279,,,,
203,150,77,0.9990548308510232,0.04514047250127772,177.0,159.0,0.6310645855046891,0.035869539345867105,199.0,177.0,0.6446201092907394,0.03431845021197279,,,,
204,150,77,0.9990548308510232,0.04514047250127772,177.0,159.0,0.6310645855046891,0.035869539345867105,199.0,177.0,0.6446201092907394,0.03431845021197279,,,,
205,150,77,0.9990548308510232,0.04514047250127772,177.0,159.0,0.6310645855046891,0.035869539345867105,199.0,177.0,0.6446201092907394,0.03431845021197279,,,,
206,150,77,0.9990548308510232,0.04514047250127772,177.0,159.0,0.6310645855046891,0.035869539345867105,199.0,177.0,0.6446201092907394,0.03431845021197279,,,,
207,150,77,0.9990548308510232,0.04514047250127772,177.0,159.0,0.6310645855046891,0.035869539345867105,199.0,177.0,0.6446201092907394,0.03431845021197279,,,,
208,150,77,0.9990548308510232,0.04514047250127772,177.0,159.0,0.6310645855046891,0.035869539345867105,199.0,177.0,0.6446201092907394,0.03431845021197279,,,,
209,150,77,0.9990548308510232,0.04514047250127772,177.0,159.0,0.6310645855046891,0.035869539345867105,199.0,177.0,0.6446201092907394,0.03431845021197279,,,,
210,150,77,0.9990548308510232,0.04514047250127772,177.0,159.0,0.6310645855046891,0.035869539345867105,199.0,177.0,0.6446201092907394,0.03431845021197279,,,,
211,150,77,0.9990548308510232,0.04514047250127772,177.0,159.0,0.6310645855046891,0.035869539345867105,199.0,177.0,0.6446201092907394,0.03431845021197279,,,,
212,150,77,0.9990548308510232,0.04514047250127772,177.0,159.0,0.6310645855046891,0.035869539345867105,199.0,177.0,0.6446201092907394,0.03431845021197279,,,,
213,150,77,0.9990548308510232,0.04514047250127772,177.0,159.0,0.6310645855046891,0.035869539345867105,199.0,177.0,0.6446201092907394,0.03431845021197279,,,,
214,150,77,0.9990548308510232,0.04514047250127772,177.0,159.0,0.6310645855046891,0.035869539345867105,199.0,177.0,0.6446201092907394,0.03431845021197279,,,,
215,150,77,0.9990548308510232,0.04514047250127772,177.0,159.0,0.6310645855046891,0.035869539345867105,199.0,177.0,0.6446201092907394,0.03431845021197279,,,,
216,150,77,0.9990548308510232,0.04514047250127772,177.0,159.0,0.6310645855046891,0.035869539345867105,199.0,177.0,0.6446201092907394,0.03431845021197279,,,,
217,150,77,0.9990548308510232,0.04514047250127772,177.0,159.0,0.6310645855046891,0.035869539345867105,199.0,177.0,0.6446201092907394,0.03431845021197279,,,,
218,150,77,0.9990548308510232,0.04514047250127772,177.0,159.0,0.6310645855046891,0.035869539345867105,199.0,177.0,0.6446201092907394,0.03431845021197279,,,,
219,150,77,0.9990548308510232,0.04514047250127772,177.0,159.0,0.6310645855046891,0.035869539345867105,199.0,177.0,0.6446201092907394,0.03431845021197279,,,,
220,150,77,0.9990548308510232,0.04514047250127772,177.0,159.0,0.6310645855046891,0.035869539345867105,199.0,177.0,0.6446201092907394,0.03431845021197279,,,,
221,150,77,0.9990548308510232,0.04514047250127772,177.0,159.0,0.6310645855046891,0.035869539345867105,199.0,177.0,0.6446201092907394,0.03431845021197279,,,,
222,150,77,0.9990548308510232,0.04514047250127772,177.0,159.0,0.6310645855046891,0.035869539345867105,199.0,177.0,0.6446201092907394,0.03431845021197279,,,,
223,150,77,0.9990548308510232,0.04514047250127772,177.0,159.0,0.6310645855046891,0.035869539345867105,199.0,177.0,0.6446201092907394,0.03431845021197279,,,,
224,150,77,0.9990548308510232,0.04514047250127772,177.0,159.0,0.6310645855046891,0.035869539345867105,199.0,177.0,0.6446201092907394,0.03431845021197279,,,,
225,150,77,0.9990548308510232,0.04514047250127772,177.0,159.0,0.6310645855046891,0.035869539345867105,199.0,177.0,0.6446201092907394,0.03431845021197279,,,,
226,150,77,0.9990548308510232,0.04514047250127772,177.0,159.0,0.6310645855046891,0.035869539345867105,199.0,177.0,0.6446201092907394,0.03431845021197279,,,,
227,150,77,0.9990548308510232,0.04514047250127772,177.0,159.0,0.6310645855046891,0.035869539345867105,199.0,177.0,0.6446201092907394,0.03431845021197279,,,,
228,150,77,0.9990548308510232,0.04514047250127772,177.0,159.0,0.6310645855046891,0.035869539345867105,199.0,177.0,0.6446201092907394,0.03431845021197279,,,,
229,150,77,0.9990548308510232,0.04514047250127772,177.0,159.0,0.6310645855046891,0.035869539345867105,199.0,177.0,0.6446201092907394,0.03431845021197279,,,,
230,150,77,0.9990548308510232,0.04514047250127772,177.0,159.0,0.6310645855046891,0.035869539345867105,199.0,177.0,0.6446201092907394,0.03431845021197279,,,,
231,150,77,0.9990548308510232,0.04514047250127772,177.0,159.0,0.6310645855046891,0.035869539345867105,199.0,177.0,0.6446201092907394,0.03431845021197279,,,,
232,150,77,0.9990548308510232,0.04514047250127772,177.0,159.0,0.6310645855046891,0.035869539345867105,199.0,177.0,0.6446201092907394,0.03431845021197279,,,,
233,150,77,0.9990548308510232,0.04514047250127772,177.0,159.0,0.6310645855046891,0.035869539345867105,199.0,177.0,0.6446201092907394,0.03431845021197279,,,,
234,150,77,0.9990548308510232,0.04514047250127772,177.0,159.0,0.6310645855046891,0.035869539345867105,199.0,177.0,0.6446201092907394,0.03431845021197279,,,,
235,150,77,0.9990548308510232,0.04514047250127772,177.0,159.0,0.6310645855046891,0.035869539345867105,199.0,177.0,0.6446201092907394,0.03431845021197279,,,,
236,150,77,0.9990548308510232,0.04514047250127772,177.0,159.0,0.6310645855046891,0.035869539345867105,199.0,177.0,0.6446201092907394,0.03431845021197279,,,,
237,150,77,0.9990548308510232,0.04514047250127772,177.0,159.0,0.6310645855046891,0.035869539345867105,199.0,177.0,0.6446201092907394,0.03431845021197279,,,,
238,150,77,0.9990548308510232,0.04514047250127772,177.0,159.0,0.6310645855046891,0.035869539345867105,199.0,177.0,0.6446201092907394,0.03431845021197279,,,,
239,150,77,0.9990548308510232,0.04514047250127772,177.0,159.0,0.6310645855046891,0.035869539345867105,199.0,177.0,0.6446201092907394,0.03431845021197279,,,,
240,150,77,0.9990548308510232,0.04514047250127772,177.0,159.0,0.6310645855046891,0.035869539345867105,199.0,177.0,0.6446201092907394,0.03431845021197279,,,,
241,150,77,0.9990548308510232,0.04514047250127772,177.0,159.0,0.6310645855046891,0.035869539345867105,199.0,177.0,0.6446201092907394,0.03431845021197279,,,,
242,150,77,0.9990548308510232,0.04514047250127772,177.0,159.0,0.6310645855046891,0.035869539345867105,199.0,177.0,0.6446201092907394,0.03431845021197279,,,,
243,150,77,0.9990548308510232,0.04514047250127772,177.0,159.0,0.6310645855046891,0.035869539345867105,199.0,177.0,0.6446201092907394,0.03431845021197279,,,,
244,150,77,0.9990548308510232,0.04514047250127772,177.0,159.0,0.6310645855046891,0.035869539345867105,199.0,177.0,0.6446201092907394,0.03431845021197279,,,,
245,150,77,0.9990548308510232,0.04514047250127772,177.0,159.0,0.6310645855046891,0.035869539345867105,199.0,177.0,0.6446201092907394,0.03431845021197279,,,,
246,150,77,0.9990548308510232,0.04514047250127772,177.0,159.0,0.6310645855046891,0.035869539345867105,199.0,177.0,0.6446201092907394,0.03431845021197279,,,,
247,150,77,0.9990548308510232,0.04514047250127772,177.0,159.0,0.6310645855046891,0.035869539345867105,199.0,177.0,0.6446201092907394,0.03431845021197279,,,,
248,150,77,0.9990548308510232,0.04514047250127772,177.0,159.0,0.6310645855046891,0.035869539345867105,199.0,177.0,0.6446201092907394,0.03431845021197279,,,,
249,150,77,0.9990548308510232,0.04514047250127772,177.0,159.0,0.6310645855046891,0.035869539345867105,199.0,177.0,0.6446201092907394,0.03431845021197279,,,,
250,150,77,0.9990548308510232,0.04514047250127772,177.0,159.0,0.6310645855046891,0.035869539345867105,199.0,177.0,0.6446201092907394,0.03431845021197279,,,,
251,150,77,0.9990548308510232,0.04514047250127772,177.0,159.0,0.6310645855046891,0.035869539345867105,199.0,177.0,0.6446201092907394,0.03431845021197279,,,,
252,150,77,0.9990548308510232,0.04514047250127772,177.0,159.0,0.6310645855046891,0.035869539345867105,199.0,177.0,0.6446201092907394,0.03431845021197279,,,,
253,150,77,0.9990548308510232,0.04514047250127772,177.0,159.0,0.6310645855046891,0.035869539345867105,199.0,177.0,0.6446201092907394,0.03431845021197279,,,,
254,150,77,0.9990548308510232,0.04514047250127772,177.0,159.0,0.6310645855046891,0.035869539345867105,199.0,177.0,0.6446201092907394,0.03431845021197279,,,,
255,150,77,0.9990548308510232,0.04514047250127772,177.0,159.0,0.6310645855046891,0.035869539345867105,199.0,177.0,0.6446201092907394,0.03431845021197279,,,,
256,150,77,0.9990548308510232,0.04514047250127772,177.0,159.0,0.6310645855046891,0.035869539345867105,199.0,177.0,0.6446201092907394,0.03431845021197279,257.0,199.0,0.6162538810803175,0.03579291531281015
257,150,77,0.9990548308510232,0.04514047250127772,177.0,159.0,0.6310645855046891,0.035869539345867105,199.0,177.0,0.6446201092907394,0.03431845021197279,,,,
258,150,77,0.9990548308510232,0.04514047250127772,177.0,159.0,0.6310645855046891,0.035869539345867105,199.0,177.0,0.6446201092907394,0.03431845021197279,,,,
259,150,77,0.9990548308510232,0.04514047250127772,177.0,159.0,0.6310645855046891,0.035869539345867105,199.0,177.0,0.6446201092907394,0.03431845021197279,,,,
260,150,77,0.9990548308510232,0.04514047250127772,177.0,159.0,0.6310645855046891,0.035869539345867105,199.0,177.0,0.6446201092907394,0.03431845021197279,,,,
261,150,77,0.9990548308510232,0.04514047250127772,177.0,159.0,0.6310645855046891,0.035869539345867105,199.0,177.0,0.6446201092907394,0.03431845021197279,,,,
262,150,77,0.9990548308510232,0.04514047250127772,177.0,159.0,0.6310645855046891,0.035869539345867105,199.0,177.0,0.6446201092907394,0.03431845021197279,,,,
263,150,77,0.9990548308510232,0.04514047250127772,177.0,159.0,0.6310645855046891,0.035869539345867105,199.0,177.0,0.6446201092907394,0.03431845021197279,,,,
264,150,77,0.9990548308510232,0.04514047250127772,177.0,159.0,0.6310645855046891,0.035869539345867105,199.0,177.0,0.6446201092907394,0.03431845021197279,,,,
265,150,77,0.9990548308510232,0.04514047250127772,177.0,159.0,0.6310645855046891,0.035869539345867105,199.0,177.0,0.6446201092907394,0.03431845021197279,,,,
266,150,77,0.9990548308510232,0.04514047250127772,177.0,159.0,0.6310645855046891,0.035869539345867105,199.0,177.0,0.6446201092907394,0.03431845021197279,,,,
267,150,77,0.9990548308510232,0.04514047250127772,199.0,177.0,0.6446201092907394,0.03431845021197279,268.0,199.0,0.6564899844540313,0.03626259588840023,,,,
268,150,77,0.9990548308510232,0.04514047250127772,199.0,177.0,0.6446201092907394,0.03431845021197279,,,,,,,,
269,150,77,0.9990548308510232,0.04514047250127772,199.0,177.0,0.6446201092907394,0.03431845021197279,,,,,,,,
270,150,77,0.9990548308510232,0.04514047250127772,199.0,177.0,0.6446201092907394,0.03431845021197279,,,,,,,,
271,150,77,0.9990548308510232,0.04514047250127772,199.0,177.0,0.6446201092907394,0.03431845021197279,,,,,,,,
272,150,77,0.9990548308510232,0.04514047250127772,199.0,177.0,0.6446201092907394,0.03431845021197279,,,,,,,,
273,150,77,0.9990548308510232,0.04514047250127772,199.0,177.0,0.6446201092907394,0.03431845021197279,,,,,,,,
274,150,77,0.9990548308510232,0.04514047250127772,199.0,177.0,0.6446201092907394,0.03431845021197279,,,,,,,,
275,150,77,0.9990548308510232,0.04514047250127772,199.0,177.0,0.6446201092907394,0.03431845021197279,,,,,,,,
276,150,77,0.9990548308510232,0.04514047250127772,199.0,177.0,0.6446201092907394,0.03431845021197279,,,,,,,,
277,150,77,0.9990548308510232,0.04514047250127772,199.0,177.0,0.6446201092907394,0.03431845021197279,,,,,,,,
278,150,77,0.9990548308510232,0.04514047250127772,199.0,177.0,0.6446201092907394,0.03431845021197279,,,,,,,,
279,150,77,0.9990548308510232,0.04514047250127772,199.0,177.0,0.6446201092907394,0.03431845021197279,,,,,,,,
280,150,77,0.9990548308510232,0.04514047250127772,199.0,177.0,0.6446201092907394,0.03431845021197279,,,,,,,,
281,150,77,0.9990548308510232,0.04514047250127772,199.0,177.0,0.6446201092907394,0.03431845021197279,,,,,,,,
282,150,77,0.9990548308510232,0.04514047250127772,199.0,177.0,0.6446201092907394,0.03431845021197279,,,,,,,,
283,150,77,0.9990548308510232,0.04514047250127772,199.0,177.0,0.6446201092907394,0.03431845021197279,284.0,199.0,0.647536622824108,0.03264525655145652,,,,
284,150,77,0.9990548308510232,0.04514047250127772,199.0,177.0,0.6446201092907394,0.03431845021197279,284.0,199.0,0.647536622824108,0.03264525655145652,,,,
285,150,77,0.9990548308510232,0.04514047250127772,199.0,177.0,0.6446201092907394,0.03431845021197279,284.0,199.0,0.647536622824108,0.03264525655145652,,,,
286,150,77,0.9990548308510232,0.04514047250127772,199.0,177.0,0.6446201092907394,0.03431845021197279,284.0,199.0,0.647536622824108,0.03264525655145652,,,,
287,150,77,0.9990548308510232,0.04514047250127772,199.0,177.0,0.6446201092907394,0.03431845021197279,284.0,199.0,0.647536622824108,0.03264525655145652,,,,
288,150,77,0.9990548308510232,0.04514047250127772,199.0,177.0,0.6446201092907394,0.03431845021197279,,,,,,,,
289,150,77,0.9990548308510232,0.04514047250127772,199.0,177.0,0.6446201092907394,0.03431845021197279,,,,,,,,
290,150,77,0.9990548308510232,0.04514047250127772,199.0,177.0,0.6446201092907394,0.03431845021197279,291.0,199.0,0.6273041450837626,0.03747861912062612,,,,
291,150,77,0.9990548308510232,0.04514047250127772,199.0,177.0,0.6446201092907394,0.03431845021197279,291.0,199.0,0.6273041450837626,0.03747861912062612,,,,
292,150,77,0.9990548308510232,0.04514047250127772,199.0,177.0,0.6446201092907394,0.03431845021197279,,,,,,,,
293,150,77,0.9990548308510232,0.04514047250127772,199.0,177.0,0.6446201092907394,0.03431845021197279,,,,,,,,
294,150,77,0.9990548308510232,0.04514047250127772,199.0,177.0,0.6446201092907394,0.03431845021197279,,,,,,,,
295,150,77,0.9990548308510232,0.04514047250127772,199.0,177.0,0.6446201092907394,0.03431845021197279,,,,,,,,
296,150,77,0.9990548308510232,0.04514047250127772,199.0,177.0,0.6446201092907394,0.03431845021197279,,,,,,,,
297,150,77,0.9990548308510232,0.04514047250127772,199.0,177.0,0.6446201092907394,0.03431845021197279,,,,,,,,
298,150,77,0.9990548308510232,0.04514047250127772,199.0,177.0,0.6446201092907394,0.03431845021197279,,,,,,,,
299,150,77,0.9990548308510232,0.04514047250127772,199.0,177.0,0.6446201092907394,0.03431845021197279,,,,,,,,
300,150,77,0.9990548308510232,0.04514047250127772,199.0,177.0,0.6446201092907394,0.03431845021197279,,,,,,,,
301,150,77,0.9990548308510232,0.04514047250127772,199.0,177.0,0.6446201092907394,0.03431845021197279,,,,,,,,
302,150,77,0.9990548308510232,0.04514047250127772,199.0,177.0,0.6446201092907394,0.03431845021197279,,,,,,,,
303,150,77,0.9990548308510232,0.04514047250127772,199.0,177.0,0.6446201092907394,0.03431845021197279,,,,,,,,
304,150,77,0.9990548308510232,0.04514047250127772,199.0,177.0,0.6446201092907394,0.03431845021197279,,,,,,,,
305,150,77,0.9990548308510232,0.04514047250127772,199.0,177.0,0.6446201092907394,0.03431845021197279,,,,,,,,
306,199,177,0.6446201092907394,0.03431845021197279,307.0,150.0,0.9997448629415755,0.05143018377032891,,,,,,,,
307,199,177,0.6446201092907394,0.03431845021197279,307.0,150.0,0.9997448629415755,0.05143018377032891,,,,,,,,
308,199,177,0.6446201092907394,0.03431845021197279,307.0,150.0,0.9997448629415755,0.05143018377032891,,,,,,,,
309,199,177,0.6446201092907394,0.03431845021197279,307.0,150.0,0.9997448629415755,0.05143018377032891,,,,,,,,
310,199,177,0.6446201092907394,0.03431845021197279,307.0,150.0,0.9997448629415755,0.05143018377032891,,,,,,,,
311,199,177,0.6446201092907394,0.03431845021197279,307.0,150.0,0.9997448629415755,0.05143018377032891,,,,,,,,
312,199,177,0.6446201092907394,0.03431845021197279,307.0,150.0,0.9997448629415755,0.05143018377032891,,,,,,,,
313,199,177,0.6446201092907394,0.03431845021197279,307.0,150.0,0.9997448629415755,0.05143018377032891,,,,,,,,
314,199,177,0.6446201092907394,0.03431845021197279,307.0,150.0,0.9997448629415755,0.05143018377032891,,,,,,,,
315,199,177,0.6446201092907394,0.03431845021197279,307.0,150.0,0.9997448629415755,0.05143018377032891,,,,,,,,
316,199,177,0.6446201092907394,0.03431845021197279,307.0,150.0,0.9997448629415755,0.05143018377032891,317.0,199.0,0.6423171465006953,0.030869273726042243,,,,
317,199,177,0.6446201092907394,0.03431845021197279,307.0,150.0,0.9997448629415755,0.05143018377032891,,,,,,,,
318,199,177,0.6446201092907394,0.03431845021197279,307.0,150.0,0.9997448629415755,0.05143018377032891,,,,,,,,
319,199,177,0.6446201092907394,0.03431845021197279,307.0,150.0,0.9997448629415755,0.05143018377032891,,,,,,,,
320,199,177,0.6446201092907394,0.03431845021197279,307.0,150.0,0.9997448629415755,0.05143018377032891,,,,,,,,
321,199,177,0.6446201092907394,0.03431845021197279,307.0,150.0,0.9997448629415755,0.05143018377032891,,,,,,,,
322,199,177,0.6446201092907394,0.03431845021197279,307.0,150.0,0.9997448629415755,0.05143018377032891,,,,,,,,
323,199,177,0.6446201092907394,0.03431845021197279,307.0,150.0,0.9997448629415755,0.05143018377032891,,,,,,,,
324,199,177,0.6446201092907394,0.03431845021197279,307.0,150.0,0.9997448629415755,0.05143018377032891,,,,,,,,
325,199,177,0.6446201092907394,0.03431845021197279,307.0,150.0,0.9997448629415755,0.05143018377032891,,,,,,,,
326,199,177,0.6446201092907394,0.03431845021197279,307.0,150.0,0.9997448629415755,0.05143018377032891,,,,,,,,
327,199,177,0.6446201092907394,0.03431845021197279,307.0,150.0,0.9997448629415755,0.05143018377032891,,,,,,,,
328,199,177,0.6446201092907394,0.03431845021197279,307.0,150.0,0.9997448629415755,0.05143018377032891,,,,,,,,
329,199,177,0.6446201092907394,0.03431845021197279,307.0,150.0,0.9997448629415755,0.05143018377032891,,,,,,,,
330,199,177,0.6446201092907394,0.03431845021197279,307.0,150.0,0.9997448629415755,0.05143018377032891,,,,,,,,
331,199,177,0.6446201092907394,0.03431845021197279,307.0,150.0,0.9997448629415755,0.05143018377032891,332.0,199.0,0.6429161294898902,0.036801689399729456,,,,
332,199,177,0.6446201092907394,0.03431845021197279,307.0,150.0,0.9997448629415755,0.05143018377032891,332.0,199.0,0.6429161294898902,0.036801689399729456,,,,
333,199,177,0.6446201092907394,0.03431845021197279,307.0,150.0,0.9997448629415755,0.05143018377032891,,,,,,,,
334,199,177,0.6446201092907394,0.03431845021197279,307.0,150.0,0.9997448629415755,0.05143018377032891,,,,,,,,
335,199,177,0.6446201092907394,0.03431845021197279,307.0,150.0,0.9997448629415755,0.05143018377032891,,,,,,,,
336,199,177,0.6446201092907394,0.03431845021197279,307.0,150.0,0.9997448629415755,0.05143018377032891,,,,,,,,
337,199,177,0.6446201092907394,0.03431845021197279,307.0,150.0,0.9997448629415755,0.05143018377032891,,,,,,,,
338,199,177,0.6446201092907394,0.03431845021197279,307.0,150.0,0.9997448629415755,0.05143018377032891,,,,,,,,
339,199,177,0.6446201092907394,0.03431845021197279,307.0,150.0,0.9997448629415755,0.05143018377032891,,,,,,,,
340,199,177,0.6446201092907394,0.03431845021197279,307.0,150.0,0.9997448629415755,0.05143018377032891,,,,,,,,
341,199,177,0.6446201092907394,0.03431845021197279,307.0,150.0,0.9997448629415755,0.05143018377032891,,,,,,,,
342,199,177,0.6446201092907394,0.03431845021197279,307.0,150.0,0.9997448629415755,0.05143018377032891,,,,,,,,
343,199,177,0.6446201092907394,0.03431845021197279,307.0,150.0,0.9997448629415755,0.05143018377032891,,,,,,,,
344,199,177,0.6446201092907394,0.03431845021197279,307.0,150.0,0.9997448629415755,0.05143018377032891,,,,,,,,
345,199,177,0.6446201092907394,0.03431845021197279,307.0,150.0,0.9997448629415755,0.05143018377032891,346.0,199.0,0.6513659696594087,0.03145808955315092,,,,
346,199,177,0.6446201092907394,0.03431845021197279,307.0,150.0,0.9997448629415755,0.05143018377032891,,,,,,,,
347,199,177,0.6446201092907394,0.03431845021197279,307.0,150.0,0.9997448629415755,0.05143018377032891,,,,,,,,
348,199,177,0.6446201092907394,0.03431845021197279,307.0,150.0,0.9997448629415755,0.05143018377032891,,,,,,,,
349,199,177,0.6446201092907394,0.03431845021197279,307.0,150.0,0.9997448629415755,0.05143018377032891,,,,,,,,
350,199,177,0.6446201092907394,0.03431845021197279,307.0,150.0,0.9997448629415755,0.05143018377032891,,,,,,,,
351,199,177,0.6446201092907394,0.03431845021197279,307.0,150.0,0.9997448629415755,0.05143018377032891,,,,,,,,
352,199,177,0.6446201092907394,0.03431845021197279,307.0,150.0,0.9997448629415755,0.05143018377032891,,,,,,,,
353,199,177,0.6446201092907394,0.03431845021197279,307.0,150.0,0.9997448629415755,0.05143018377032891,,,,,,,,
354,199,177,0.6446201092907394,0.03431845021197279,307.0,150.0,0.9997448629415755,0.05143018377032891,,,,,,,,
355,199,177,0.6446201092907394,0.03431845021197279,307.0,150.0,0.9997448629415755,0.05143018377032891,,,,,,,,
356,199,177,0.6446201092907394,0.03431845021197279,307.0,150.0,0.9997448629415755,0.05143018377032891,,,,,,,,
357,199,177,0.6446201092907394,0.03431845021197279,307.0,150.0,0.9997448629415755,0.05143018377032891,,,,,,,,
358,199,177,0.6446201092907394,0.03431845021197279,307.0,150.0,0.9997448629415755,0.05143018377032891,,,,,,,,
359,199,177,0.6446201092907394,0.03431845021197279,307.0,150.0,0.9997448629415755,0.05143018377032891,,,,,,,,
360,199,177,0.6446201092907394,0.03431845021197279,307.0,150.0,0.9997448629415755,0.05143018377032891,,,,,,,,
361,199,177,0.6446201092907394,0.03431845021197279,307.0,150.0,0.9997448629415755,0.05143018377032891,,,,,,,,
362,199,177,0.6446201092907394,0.03431845021197279,307.0,150.0,0.9997448629415755,0.05143018377032891,,,,,,,,
363,199,177,0.6446201092907394,0.03431845021197279,307.0,150.0,0.9997448629415755,0.05143018377032891,,,,,,,,
364,199,177,0.6446201092907394,0.03431845021197279,307.0,150.0,0.9997448629415755,0.05143018377032891,,,,,,,,
365,199,177,0.6446201092907394,0.03431845021197279,307.0,150.0,0.9997448629415755,0.05143018377032891,,,,,,,,
366,199,177,0.6446201092907394,0.03431845021197279,307.0,150.0,0.9997448629415755,0.05143018377032891,,,,,,,,
367,199,177,0.6446201092907394,0.03431845021197279,307.0,150.0,0.9997448629415755,0.05143018377032891,,,,,,,,
368,199,177,0.6446201092907394,0.03431845021197279,307.0,150.0,0.9997448629415755,0.05143018377032891,,,,,,,,
369,199,177,0.6446201092907394,0.03431845021197279,307.0,150.0,0.9997448629415755,0.05143018377032891,,,,,,,,
370,199,177,0.6446201092907394,0.03431845021197279,307.0,150.0,0.9997448629415755,0.05143018377032891,,,,,,,,
371,199,177,0.6446201092907394,0.03431845021197279,307.0,150.0,0.9997448629415755,0.05143018377032891,,,,,,,,
372,199,177,0.6446201092907394,0.03431845021197279,307.0,150.0,0.9997448629415755,0.05143018377032891,,,,,,,,
373,199,177,0.6446201092907394,0.03431845021197279,307.0,150.0,0.9997448629415755,0.05143018377032891,,,,,,,,
374,199,177,0.6446201092907394,0.03431845021197279,307.0,150.0,0.9997448629415755,0.05143018377032891,,,,,,,,
375,199,177,0.6446201092907394,0.03431845021197279,307.0,150.0,0.9997448629415755,0.05143018377032891,,,,,,,,
376,199,177,0.6446201092907394,0.03431845021197279,307.0,150.0,0.9997448629415755,0.05143018377032891,,,,,,,,
377,199,177,0.6446201092907394,0.03431845021197279,307.0,150.0,0.9997448629415755,0.05143018377032891,,,,,,,,
378,199,177,0.6446201092907394,0.03431845021197279,307.0,150.0,0.9997448629415755,0.05143018377032891,,,,,,,,
379,199,177,0.6446201092907394,0.03431845021197279,307.0,150.0,0.9997448629415755,0.05143018377032891,,,,,,,,
380,199,177,0.6446201092907394,0.03431845021197279,307.0,150.0,0.9997448629415755,0.05143018377032891,,,,,,,,
381,199,177,0.6446201092907394,0.03431845021197279,307.0,150.0,0.9997448629415755,0.05143018377032891,,,,,,,,
382,199,177,0.6446201092907394,0.03431845021197279,307.0,150.0,0.9997448629415755,0.05143018377032891,,,,,,,,
383,199,177,0.6446201092907394,0.03431845021197279,307.0,150.0,0.9997448629415755,0.05143018377032891,,,,,,,,
384,199,177,0.6446201092907394,0.03431845021197279,307.0,150.0,0.9997448629415755,0.05143018377032891,,,,,,,,
385,199,177,0.6446201092907394,0.03431845021197279,307.0,150.0,0.9997448629415755,0.05143018377032891,,,,,,,,
386,199,177,0.6446201092907394,0.03431845021197279,307.0,150.0,0.9997448629415755,0.05143018377032891,,,,,,,,
387,199,177,0.6446201092907394,0.03431845021197279,307.0,150.0,0.9997448629415755,0.05143018377032891,,,,,,,,
388,199,177,0.6446201092907394,0.03431845021197279,307.0,150.0,0.9997448629415755,0.05143018377032891,,,,,,,,
389,199,177,0.6446201092907394,0.03431845021197279,307.0,150.0,0.9997448629415755,0.05143018377032891,,,,,,,,
390,199,177,0.6446201092907394,0.03431845021197279,307.0,150.0,0.9997448629415755,0.05143018377032891,,,,,,,,
391,199,177,0.6446201092907394,0.03431845021197279,307.0,150.0,0.9997448629415755,0.05143018377032891,,,,,,,,
392,199,177,0.6446201092907394,0.03431845021197279,307.0,150.0,0.9997448629415755,0.05143018377032891,,,,,,,,
393,199,177,0.6446201092907394,0.03431845021197279,307.0,150.0,0.9997448629415755,0.05143018377032891,,,,,,,,
394,199,177,0.6446201092907394,0.03431845021197279,307.0,150.0,0.9997448629415755,0.05143018377032891,,,,,,,,
395,199,177,0.6446201092907394,0.03431845021197279,307.0,150.0,0.9997448629415755,0.05143018377032891,,,,,,,,
396,199,177,0.6446201092907394,0.03431845021197279,307.0,150.0,0.9997448629415755,0.05143018377032891,,,,,,,,
397,199,177,0.6446201092907394,0.03431845021197279,307.0,150.0,0.9997448629415755,0.05143018377032891,,,,,,,,
398,199,177,0.6446201092907394,0.03431845021197279,307.0,150.0,0.9997448629415755,0.05143018377032891,,,,,,,,
399,199,177,0.6446201092907394,0.03431845021197279,307.0,150.0,0.9997448629415755,0.05143018377032891,,,,,,,,
400,199,177,0.6446201092907394,0.03431845021197279,307.0,150.0,0.9997448629415755,0.05143018377032891,,,,,,,,
401,199,177,0.6446201092907394,0.03431845021197279,307.0,150.0,0.9997448629415755,0.05143018377032891,,,,,,,,
402,199,177,0.6446201092907394,0.03431845021197279,307.0,150.0,0.9997448629415755,0.05143018377032891,,,,,,,,
403,199,177,0.6446201092907394,0.03431845021197279,307.0,150.0,0.9997448629415755,0.05143018377032891,,,,,,,,
404,199,177,0.6446201092907394,0.03431845021197279,307.0,150.0,0.9997448629415755,0.05143018377032891,,,,,,,,
405,199,177,0.6446201092907394,0.03431845021197279,307.0,150.0,0.9997448629415755,0.05143018377032891,,,,,,,,
406,199,177,0.6446201092907394,0.03431845021197279,307.0,150.0,0.9997448629415755,0.05143018377032891,,,,,,,,
407,199,177,0.6446201092907394,0.03431845021197279,307.0,150.0,0.9997448629415755,0.05143018377032891,,,,,,,,
408,199,177,0.6446201092907394,0.03431845021197279,307.0,150.0,0.9997448629415755,0.05143018377032891,,,,,,,,
409,199,177,0.6446201092907394,0.03431845021197279,307.0,150.0,0.9997448629415755,0.05143018377032891,,,,,,,,
410,199,177,0.6446201092907394,0.03431845021197279,307.0,150.0,0.9997448629415755,0.05143018377032891,,,,,,,,
411,199,177,0.6446201092907394,0.03431845021197279,307.0,150.0,0.9997448629415755,0.05143018377032891,,,,,,,,
412,199,177,0.6446201092907394,0.03431845021197279,307.0,150.0,0.9997448629415755,0.05143018377032891,,,,,,,,
413,199,177,0.6446201092907394,0.03431845021197279,307.0,150.0,0.9997448629415755,0.05143018377032891,,,,,,,,
414,199,177,0.6446201092907394,0.03431845021197279,307.0,150.0,0.9997448629415755,0.05143018377032891,,,,,,,,
415,199,177,0.6446201092907394,0.03431845021197279,307.0,150.0,0.9997448629415755,0.05143018377032891,,,,,,,,
416,199,177,0.6446201092907394,0.03431845021197279,307.0,150.0,0.9997448629415755,0.05143018377032891,,,,,,,,
417,199,177,0.6446201092907394,0.03431845021197279,307.0,150.0,0.9997448629415755,0.05143018377032891,,,,,,,,
418,199,177,0.6446201092907394,0.03431845021197279,307.0,150.0,0.9997448629415755,0.05143018377032891,,,,,,,,
419,199,177,0.6446201092907394,0.03431845021197279,307.0,150.0,0.9997448629415755,0.05143018377032891,,,,,,,,
420,199,177,0.6446201092907394,0.03431845021197279,307.0,150.0,0.9997448629415755,0.05143018377032891,,,,,,,,
421,199,177,0.6446201092907394,0.03431845021197279,307.0,150.0,0.9997448629415755,0.05143018377032891,,,,,,,,
422,199,177,0.6446201092907394,0.03431845021197279,307.0,150.0,0.9997448629415755,0.05143018377032891,,,,,,,,
423,199,177,0.6446201092907394,0.03431845021197279,307.0,150.0,0.9997448629415755,0.05143018377032891,,,,,,,,
424,199,177,0.6446201092907394,0.03431845021197279,307.0,150.0,0.9997448629415755,0.05143018377032891,,,,,,,,
425,199,177,0.6446201092907394,0.03431845021197279,307.0,150.0,0.9997448629415755,0.05143018377032891,,,,,,,,
426,199,177,0.6446201092907394,0.03431845021197279,307.0,150.0,0.9997448629415755,0.05143018377032891,,,,,,,,
427,199,177,0.6446201092907394,0.03431845021197279,307.0,150.0,0.9997448629415755,0.05143018377032891,,,,,,,,
428,199,177,0.6446201092907394,0.03431845021197279,307.0,150.0,0.9997448629415755,0.05143018377032891,,,,,,,,
429,199,177,0.6446201092907394,0.03431845021197279,307.0,150.0,0.9997448629415755,0.05143018377032891,,,,,,,,
430,199,177,0.6446201092907394,0.03431845021197279,307.0,150.0,0.9997448629415755,0.05143018377032891,,,,,,,,
431,199,177,0.6446201092907394,0.03431845021197279,307.0,150.0,0.9997448629415755,0.05143018377032891,,,,,,,,
432,199,177,0.6446201092907394,0.03431845021197279,307.0,150.0,0.9997448629415755,0.05143018377032891,,,,,,,,
433,199,177,0.6446201092907394,0.03431845021197279,307.0,150.0,0.9997448629415755,0.05143018377032891,,,,,,,,
434,199,177,0.6446201092907394,0.03431845021197279,307.0,150.0,0.9997448629415755,0.05143018377032891,,,,,,,,
435,199,177,0.6446201092907394,0.03431845021197279,307.0,150.0,0.9997448629415755,0.05143018377032891,,,,,,,,
436,199,177,0.6446201092907394,0.03431845021197279,307.0,150.0,0.9997448629415755,0.05143018377032891,,,,,,,,
437,199,177,0.6446201092907394,0.03431845021197279,307.0,150.0,0.9997448629415755,0.05143018377032891,,,,,,,,
438,199,177,0.6446201092907394,0.03431845021197279,307.0,150.0,0.9997448629415755,0.05143018377032891,,,,,,,,
439,199,177,0.6446201092907394,0.03431845021197279,307.0,150.0,0.9997448629415755,0.05143018377032891,,,,,,,,
440,199,177,0.6446201092907394,0.03431845021197279,307.0,150.0,0.9997448629415755,0.05143018377032891,,,,,,,,
441,199,177,0.6446201092907394,0.03431845021197279,307.0,150.0,0.9997448629415755,0.05143018377032891,442.0,199.0,0.6280412238609442,0.03718317674483586,,,,
442,199,177,0.6446201092907394,0.03431845021197279,307.0,150.0,0.9997448629415755,0.05143018377032891,442.0,199.0,0.6280412238609442,0.03718317674483586,,,,
443,199,177,0.6446201092907394,0.03431845021197279,307.0,150.0,0.9997448629415755,0.05143018377032891,442.0,199.0,0.6280412238609442,0.03718317674483586,,,,
444,199,177,0.6446201092907394,0.03431845021197279,307.0,150.0,0.9997448629415755,0.05143018377032891,442.0,199.0,0.6280412238609442,0.03718317674483586,,,,
445,199,177,0.6446201092907394,0.03431845021197279,307.0,150.0,0.9997448629415755,0.05143018377032891,,,,,,,,
446,199,177,0.6446201092907394,0.03431845021197279,307.0,150.0,0.9997448629415755,0.05143018377032891,,,,,,,,
447,199,177,0.6446201092907394,0.03431845021197279,307.0,150.0,0.9997448629415755,0.05143018377032891,,,,,,,,
448,199,177,0.6446201092907394,0.03431845021197279,307.0,150.0,0.9997448629415755,0.05143018377032891,,,,,,,,
449,199,177,0.6446201092907394,0.03431845021197279,307.0,150.0,0.9997448629415755,0.05143018377032891,,,,,,,,
450,199,177,0.6446201092907394,0.03431845021197279,307.0,150.0,0.9997448629415755,0.05143018377032891,,,,,,,,
451,199,177,0.6446201092907394,0.03431845021197279,307.0,150.0,0.9997448629415755,0.05143018377032891,,,,,,,,
452,199,177,0.6446201092907394,0.03431845021197279,307.0,150.0,0.9997448629415755,0.05143018377032891,,,,,,,,
453,199,177,0.6446201092907394,0.03431845021197279,307.0,150.0,0.9997448629415755,0.05143018377032891,,,,,,,,
454,199,177,0.6446201092907394,0.03431845021197279,307.0,150.0,0.9997448629415755,0.05143018377032891,,,,,,,,
455,199,177,0.6446201092907394,0.03431845021197279,307.0,150.0,0.9997448629415755,0.05143018377032891,,,,,,,,
456,199,177,0.6446201092907394,0.03431845021197279,307.0,150.0,0.9997448629415755,0.05143018377032891,,,,,,,,
457,199,177,0.6446201092907394,0.03431845021197279,307.0,150.0,0.9997448629415755,0.05143018377032891,,,,,,,,
458,199,177,0.6446201092907394,0.03431845021197279,307.0,150.0,0.9997448629415755,0.05143018377032891,,,,,,,,
459,199,177,0.6446201092907394,0.03431845021197279,307.0,150.0,0.9997448629415755,0.05143018377032891,,,,,,,,
460,199,177,0.6446201092907394,0.03431845021197279,307.0,150.0,0.9997448629415755,0.05143018377032891,,,,,,,,
461,199,177,0.6446201092907394,0.03431845021197279,307.0,150.0,0.9997448629415755,0.05143018377032891,,,,,,,,
462,199,177,0.6446201092907394,0.03431845021197279,307.0,150.0,0.9997448629415755,0.05143018377032891,,,,,,,,
463,199,177,0.6446201092907394,0.03431845021197279,307.0,150.0,0.9997448629415755,0.05143018377032891,,,,,,,,
464,199,177,0.6446201092907394,0.03431845021197279,307.0,150.0,0.9997448629415755,0.05143018377032891,,,,,,,,
465,199,177,0.6446201092907394,0.03431845021197279,307.0,150.0,0.9997448629415755,0.05143018377032891,,,,,,,,
466,199,177,0.6446201092907394,0.03431845021197279,307.0,150.0,0.9997448629415755,0.05143018377032891,,,,,,,,
467,199,177,0.6446201092907394,0.03431845021197279,307.0,150.0,0.9997448629415755,0.05143018377032891,,,,,,,,
468,199,177,0.6446201092907394,0.03431845021197279,307.0,150.0,0.9997448629415755,0.05143018377032891,,,,,,,,
469,199,177,0.6446201092907394,0.03431845021197279,307.0,150.0,0.9997448629415755,0.05143018377032891,,,,,,,,
470,199,177,0.6446201092907394,0.03431845021197279,307.0,150.0,0.9997448629415755,0.05143018377032891,,,,,,,,
471,199,177,0.6446201092907394,0.03431845021197279,307.0,150.0,0.9997448629415755,0.05143018377032891,,,,,,,,
472,199,177,0.6446201092907394,0.03431845021197279,307.0,150.0,0.9997448629415755,0.05143018377032891,,,,,,,,
473,199,177,0.6446201092907394,0.03431845021197279,307.0,150.0,0.9997448629415755,0.05143018377032891,,,,,,,,
474,199,177,0.6446201092907394,0.03431845021197279,307.0,150.0,0.9997448629415755,0.05143018377032891,,,,,,,,
475,199,177,0.6446201092907394,0.03431845021197279,307.0,150.0,0.9997448629415755,0.05143018377032891,,,,,,,,
476,199,177,0.6446201092907394,0.03431845021197279,307.0,150.0,0.9997448629415755,0.05143018377032891,,,,,,,,
477,199,177,0.6446201092907394,0.03431845021197279,307.0,150.0,0.9997448629415755,0.05143018377032891,,,,,,,,
478,199,177,0.6446201092907394,0.03431845021197279,307.0,150.0,0.9997448629415755,0.05143018377032891,,,,,,,,
479,199,177,0.6446201092907394,0.03431845021197279,307.0,150.0,0.9997448629415755,0.05143018377032891,,,,,,,,
480,199,177,0.6446201092907394,0.03431845021197279,307.0,150.0,0.9997448629415755,0.05143018377032891,,,,,,,,
481,199,177,0.6446201092907394,0.03431845021197279,307.0,150.0,0.9997448629415755,0.05143018377032891,,,,,,,,
482,199,177,0.6446201092907394,0.03431845021197279,307.0,150.0,0.9997448629415755,0.05143018377032891,,,,,,,,
483,199,177,0.6446201092907394,0.03431845021197279,307.0,150.0,0.9997448629415755,0.05143018377032891,,,,,,,,
484,199,177,0.6446201092907394,0.03431845021197279,307.0,150.0,0.9997448629415755,0.05143018377032891,,,,,,,,
485,199,177,0.6446201092907394,0.03431845021197279,307.0,150.0,0.9997448629415755,0.05143018377032891,,,,,,,,
486,199,177,0.6446201092907394,0.03431845021197279,307.0,150.0,0.9997448629415755,0.05143018377032891,,,,,,,,
487,199,177,0.6446201092907394,0.03431845021197279,307.0,150.0,0.9997448629415755,0.05143018377032891,,,,,,,,
488,199,177,0.6446201092907394,0.03431845021197279,307.0,150.0,0.9997448629415755,0.05143018377032891,,,,,,,,
489,199,177,0.6446201092907394,0.03431845021197279,307.0,150.0,0.9997448629415755,0.05143018377032891,,,,,,,,
490,199,177,0.6446201092907394,0.03431845021197279,307.0,150.0,0.9997448629415755,0.05143018377032891,,,,,,,,
491,199,177,0.6446201092907394,0.03431845021197279,307.0,150.0,0.9997448629415755,0.05143018377032891,,,,,,,,
492,199,177,0.6446201092907394,0.03431845021197279,307.0,150.0,0.9997448629415755,0.05143018377032891,,,,,,,,
493,199,177,0.6446201092907394,0.03431845021197279,307.0,150.0,0.9997448629415755,0.05143018377032891,,,,,,,,
494,199,177,0.6446201092907394,0.03431845021197279,307.0,150.0,0.9997448629415755,0.05143018377032891,,,,,,,,
495,199,177,0.6446201092907394,0.03431845021197279,307.0,150.0,0.9997448629415755,0.05143018377032891,,,,,,,,
496,199,177,0.6446201092907394,0.03431845021197279,307.0,150.0,0.9997448629415755,0.05143018377032891,,,,,,,,
497,199,177,0.6446201092907394,0.03431845021197279,307.0,150.0,0.9997448629415755,0.05143018377032891,,,,,,,,
498,199,177,0.6446201092907394,0.03431845021197279,307.0,150.0,0.9997448629415755,0.05143018377032891,,,,,,,,
499,199,177,0.6446201092907394,0.03431845021197279,307.0,150.0,0.9997448629415755,0.05143018377032891,,,,,,,,
500,199,177,0.6446201092907394,0.03431845021197279,307.0,150.0,0.9997448629415755,0.05143018377032891,,,,,,,,
501,199,177,0.6446201092907394,0.03431845021197279,307.0,150.0,0.9997448629415755,0.05143018377032891,,,,,,,,
502,199,177,0.6446201092907394,0.03431845021197279,307.0,150.0,0.9997448629415755,0.05143018377032891,,,,,,,,
503,199,177,0.6446201092907394,0.03431845021197279,307.0,150.0,0.9997448629415755,0.05143018377032891,,,,,,,,
504,199,177,0.6446201092907394,0.03431845021197279,307.0,150.0,0.9997448629415755,0.05143018377032891,,,,,,,,
505,199,177,0.6446201092907394,0.03431845021197279,307.0,150.0,0.9997448629415755,0.05143018377032891,,,,,,,,
506,199,177,0.6446201092907394,0.03431845021197279,307.0,150.0,0.9997448629415755,0.05143018377032891,507.0,199.0,0.6414987044117653,0.03764017050752435,,,,
507,199,177,0.6446201092907394,0.03431845021197279,307.0,150.0,0.9997448629415755,0.05143018377032891,507.0,199.0,0.6414987044117653,0.03764017050752435,,,,
508,199,177,0.6446201092907394,0.03431845021197279,307.0,150.0,0.9997448629415755,0.05143018377032891,507.0,199.0,0.6414987044117653,0.03764017050752435,,,,
509,199,177,0.6446201092907394,0.03431845021197279,307.0,150.0,0.9997448629415755,0.05143018377032891,507.0,199.0,0.6414987044117653,0.03764017050752435,,,,
510,199,177,0.6446201092907394,0.03431845021197279,307.0,150.0,0.9997448629415755,0.05143018377032891,507.0,199.0,0.6414987044117653,0.03764017050752435,,,,
511,199,177,0.6446201092907394,0.03431845021197279,307.0,150.0,0.9997448629415755,0.05143018377032891,507.0,199.0,0.6414987044117653,0.03764017050752435,,,,
512,199,177,0.6446201092907394,0.03431845021197279,307.0,150.0,0.9997448629415755,0.05143018377032891,,,,,,,,
513,199,177,0.6446201092907394,0.03431845021197279,307.0,150.0,0.9997448629415755,0.05143018377032891,514.0,199.0,0.6317666037640359,0.03165573676371995,,,,
514,199,177,0.6446201092907394,0.03431845021197279,307.0,150.0,0.9997448629415755,0.05143018377032891,,,,,,,,
515,199,177,0.6446201092907394,0.03431845021197279,307.0,150.0,0.9997448629415755,0.05143018377032891,,,,,,,,
516,199,177,0.6446201092907394,0.03431845021197279,307.0,150.0,0.9997448629415755,0.05143018377032891,,,,,,,,
517,199,177,0.6446201092907394,0.03431845021197279,307.0,150.0,0.9997448629415755,0.05143018377032891,,,,,,,,
518,199,177,0.6446201092907394,0.03431845021197279,307.0,150.0,0.9997448629415755,0.05143018377032891,,,,,,,,
519,199,177,0.6446201092907394,0.03431845021197279,307.0,150.0,0.9997448629415755,0.05143018377032891,,,,,,,,
520,199,177,0.6446201092907394,0.03431845021197279,307.0,150.0,0.9997448629415755,0.05143018377032891,,,,,,,,
521,199,177,0.6446201092907394,0.03431845021197279,307.0,150.0,0.9997448629415755,0.05143018377032891,,,,,,,,
522,199,177,0.6446201092907394,0.03431845021197279,307.0,150.0,0.9997448629415755,0.05143018377032891,,,,,,,,
523,199,177,0.6446201092907394,0.03431845021197279,307.0,150.0,0.9997448629415755,0.05143018377032891,,,,,,,,
524,199,177,0.6446201092907394,0.03431845021197279,307.0,150.0,0.9997448629415755,0.05143018377032891,,,,,,,,
525,199,177,0.6446201092907394,0.03431845021197279,307.0,150.0,0.9997448629415755,0.05143018377032891,,,,,,,,
526,199,177,0.6446201092907394,0.03431845021197279,307.0,150.0,0.9997448629415755,0.05143018377032891,,,,,,,,
527,199,177,0.6446201092907394,0.03431845021197279,307.0,150.0,0.9997448629415755,0.05143018377032891,,,,,,,,
528,199,177,0.6446201092907394,0.03431845021197279,307.0,150.0,0.9997448629415755,0.05143018377032891,,,,,,,,
529,199,177,0.6446201092907394,0.03431845021197279,307.0,150.0,0.9997448629415755,0.05143018377032891,,,,,,,,
530,199,177,0.6446201092907394,0.03431845021197279,307.0,150.0,0.9997448629415755,0.05143018377032891,,,,,,,,
531,199,177,0.6446201092907394,0.03431845021197279,307.0,150.0,0.9997448629415755,0.05143018377032891,,,,,,,,
532,199,177,0.6446201092907394,0.03431845021197279,307.0,150.0,0.9997448629415755,0.05143018377032891,,,,,,,,
533,199,177,0.6446201092907394,0.03431845021197279,307.0,150.0,0.9997448629415755,0.05143018377032891,,,,,,,,
534,199,177,0.6446201092907394,0.03431845021197279,307.0,150.0,0.9997448629415755,0.05143018377032891,,,,,,,,
535,199,177,0.6446201092907394,0.03431845021197279,307.0,150.0,0.9997448629415755,0.05143018377032891,536.0,199.0,0.6373818579189788,0.03768800736746959,,,,
536,199,177,0.6446201092907394,0.03431845021197279,307.0,150.0,0.9997448629415755,0.05143018377032891,,,,,,,,
537,199,177,0.6446201092907394,0.03431845021197279,307.0,150.0,0.9997448629415755,0.05143018377032891,,,,,,,,
538,199,177,0.6446201092907394,0.03431845021197279,307.0,150.0,0.9997448629415755,0.05143018377032891,,,,,,,,
539,199,177,0.6446201092907394,0.03431845021197279,307.0,150.0,0.9997448629415755,0.05143018377032891,,,,,,,,
540,199,177,0.6446201092907394,0.03431845021197279,307.0,150.0,0.9997448629415755,0.05143018377032891,,,,,,,,
541,199,177,0.6446201092907394,0.03431845021197279,307.0,150.0,0.9997448629415755,0.05143018377032891,,,,,,,,
542,199,177,0.6446201092907394,0.03431845021197279,307.0,150.0,0.9997448629415755,0.05143018377032891,,,,,,,,
543,199,177,0.6446201092907394,0.03431845021197279,307.0,150.0,0.9997448629415755,0.05143018377032891,,,,,,,,
544,199,177,0.6446201092907394,0.03431845021197279,307.0,150.0,0.9997448629415755,0.05143018377032891,,,,,,,,
545,199,177,0.6446201092907394,0.03431845021197279,307.0,150.0,0.9997448629415755,0.05143018377032891,,,,,,,,
546,199,177,0.6446201092907394,0.03431845021197279,307.0,150.0,0.9997448629415755,0.05143018377032891,,,,,,,,
547,199,177,0.6446201092907394,0.03431845021197279,307.0,150.0,0.9997448629415755,0.05143018377032891,,,,,,,,
548,199,177,0.6446201092907394,0.03431845021197279,307.0,150.0,0.9997448629415755,0.05143018377032891,,,,,,,,
549,199,177,0.6446201092907394,0.03431845021197279,307.0,150.0,0.9997448629415755,0.05143018377032891,,,,,,,,
550,199,177,0.6446201092907394,0.03431845021197279,307.0,150.0,0.9997448629415755,0.05143018377032891,,,,,,,,
551,199,177,0.6446201092907394,0.03431845021197279,307.0,150.0,0.9997448629415755,0.05143018377032891,,,,,,,,
552,199,177,0.6446201092907394,0.03431845021197279,307.0,150.0,0.9997448629415755,0.05143018377032891,,,,,,,,
553,199,177,0.6446201092907394,0.03431845021197279,307.0,150.0,0.9997448629415755,0.05143018377032891,,,,,,,,
554,199,177,0.6446201092907394,0.03431845021197279,307.0,150.0,0.9997448629415755,0.05143018377032891,,,,,,,,
555,199,177,0.6446201092907394,0.03431845021197279,307.0,150.0,0.9997448629415755,0.05143018377032891,556.0,199.0,0.6435894792198801,0.033754085613375985,,,,
556,199,177,0.6446201092907394,0.03431845021197279,307.0,150.0,0.9997448629415755,0.05143018377032891,556.0,199.0,0.6435894792198801,0.033754085613375985,,,,
557,199,177,0.6446201092907394,0.03431845021197279,307.0,150.0,0.9997448629415755,0.05143018377032891,556.0,199.0,0.6435894792198801,0.033754085613375985,,,,
558,199,177,0.6446201092907394,0.03431845021197279,307.0,150.0,0.9997448629415755,0.05143018377032891,556.0,199.0,0.6435894792198801,0.033754085613375985,559.0,199.0,0.6313043272022091,0.030920224636683282
559,199,177,0.6446201092907394,0.03431845021197279,307.0,150.0,0.9997448629415755,0.05143018377032891,556.0,199.0,0.6435894792198801,0.033754085613375985,,,,
560,199,177,0.6446201092907394,0.03431845021197279,307.0,150.0,0.9997448629415755,0.05143018377032891,556.0,199.0,0.6435894792198801,0.033754085613375985,,,,
561,199,177,0.6446201092907394,0.03431845021197279,307.0,150.0,0.9997448629415755,0.05143018377032891,556.0,199.0,0.6435894792198801,0.033754085613375985,,,,
562,199,177,0.6446201092907394,0.03431845021197279,307.0,150.0,0.9997448629415755,0.05143018377032891,556.0,199.0,0.6435894792198801,0.033754085613375985,,,,
563,199,177,0.6446201092907394,0.03431845021197279,307.0,150.0,0.9997448629415755,0.05143018377032891,556.0,199.0,0.6435894792198801,0.033754085613375985,,,,
564,199,177,0.6446201092907394,0.03431845021197279,307.0,150.0,0.9997448629415755,0.05143018377032891,556.0,199.0,0.6435894792198801,0.033754085613375985,565.0,199.0,0.6285467853351401,0.035810300044486015
565,199,177,0.6446201092907394,0.03431845021197279,307.0,150.0,0.9997448629415755,0.05143018377032891,556.0,199.0,0.6435894792198801,0.033754085613375985,565.0,199.0,0.6285467853351401,0.035810300044486015
566,199,177,0.6446201092907394,0.03431845021197279,307.0,150.0,0.9997448629415755,0.05143018377032891,556.0,199.0,0.6435894792198801,0.033754085613375985,565.0,199.0,0.6285467853351401,0.035810300044486015
567,199,177,0.6446201092907394,0.03431845021197279,307.0,150.0,0.9997448629415755,0.05143018377032891,556.0,199.0,0.6435894792198801,0.033754085613375985,565.0,199.0,0.6285467853351401,0.035810300044486015
568,199,177,0.6446201092907394,0.03431845021197279,307.0,150.0,0.9997448629415755,0.05143018377032891,556.0,199.0,0.6435894792198801,0.033754085613375985,565.0,199.0,0.6285467853351401,0.035810300044486015
569,199,177,0.6446201092907394,0.03431845021197279,307.0,150.0,0.9997448629415755,0.05143018377032891,556.0,199.0,0.6435894792198801,0.033754085613375985,565.0,199.0,0.6285467853351401,0.035810300044486015
570,199,177,0.6446201092907394,0.03431845021197279,307.0,150.0,0.9997448629415755,0.05143018377032891,556.0,199.0,0.6435894792198801,0.033754085613375985,565.0,199.0,0.6285467853351401,0.035810300044486015
571,199,177,0.6446201092907394,0.03431845021197279,307.0,150.0,0.9997448629415755,0.05143018377032891,556.0,199.0,0.6435894792198801,0.033754085613375985,565.0,199.0,0.6285467853351401,0.035810300044486015
572,199,177,0.6446201092907394,0.03431845021197279,307.0,150.0,0.9997448629415755,0.05143018377032891,556.0,199.0,0.6435894792198801,0.033754085613375985,565.0,199.0,0.6285467853351401,0.035810300044486015
573,199,177,0.6446201092907394,0.03431845021197279,307.0,150.0,0.9997448629415755,0.05143018377032891,556.0,199.0,0.6435894792198801,0.033754085613375985,565.0,199.0,0.6285467853351401,0.035810300044486015
574,199,177,0.6446201092907394,0.03431845021197279,307.0,150.0,0.9997448629415755,0.05143018377032891,556.0,199.0,0.6435894792198801,0.033754085613375985,565.0,199.0,0.6285467853351401,0.035810300044486015
575,199,177,0.6446201092907394,0.03431845021197279,307.0,150.0,0.9997448629415755,0.05143018377032891,556.0,199.0,0.6435894792198801,0.033754085613375985,565.0,199.0,0.6285467853351401,0.035810300044486015
576,199,177,0.6446201092907394,0.03431845021197279,307.0,150.0,0.9997448629415755,0.05143018377032891,556.0,199.0,0.6435894792198801,0.033754085613375985,577.0,199.0,0.6331104689490525,0.03847669103803579
577,199,177,0.6446201092907394,0.03431845021197279,307.0,150.0,0.9997448629415755,0.05143018377032891,556.0,199.0,0.6435894792198801,0.033754085613375985,577.0,199.0,0.6331104689490525,0.03847669103803579
578,199,177,0.6446201092907394,0.03431845021197279,307.0,150.0,0.9997448629415755,0.05143018377032891,556.0,199.0,0.6435894792198801,0.033754085613375985,,,,
579,199,177,0.6446201092907394,0.03431845021197279,307.0,150.0,0.9997448629415755,0.05143018377032891,556.0,199.0,0.6435894792198801,0.033754085613375985,,,,
580,199,177,0.6446201092907394,0.03431845021197279,307.0,150.0,0.9997448629415755,0.05143018377032891,556.0,199.0,0.6435894792198801,0.033754085613375985,,,,
581,199,177,0.6446201092907394,0.03431845021197279,307.0,150.0,0.9997448629415755,0.05143018377032891,556.0,199.0,0.6435894792198801,0.033754085613375985,,,,
582,199,177,0.6446201092907394,0.03431845021197279,307.0,150.0,0.9997448629415755,0.05143018377032891,556.0,199.0,0.6435894792198801,0.033754085613375985,,,,
583,199,177,0.6446201092907394,0.03431845021197279,307.0,150.0,0.9997448629415755,0.05143018377032891,556.0,199.0,0.6435894792198801,0.033754085613375985,,,,
584,199,177,0.6446201092907394,0.03431845021197279,307.0,150.0,0.9997448629415755,0.05143018377032891,556.0,199.0,0.6435894792198801,0.033754085613375985,,,,
585,199,177,0.6446201092907394,0.03431845021197279,307.0,150.0,0.9997448629415755,0.05143018377032891,556.0,199.0,0.6435894792198801,0.033754085613375985,,,,
586,199,177,0.6446201092907394,0.03431845021197279,307.0,150.0,0.9997448629415755,0.05143018377032891,556.0,199.0,0.6435894792198801,0.033754085613375985,,,,
587,199,177,0.6446201092907394,0.03431845021197279,307.0,150.0,0.9997448629415755,0.05143018377032891,556.0,199.0,0.6435894792198801,0.033754085613375985,,,,
588,199,177,0.6446201092907394,0.03431845021197279,307.0,150.0,0.9997448629415755,0.05143018377032891,556.0,199.0,0.6435894792198801,0.033754085613375985,,,,
589,199,177,0.6446201092907394,0.03431845021197279,307.0,150.0,0.9997448629415755,0.05143018377032891,556.0,199.0,0.6435894792198801,0.033754085613375985,,,,
590,199,177,0.6446201092907394,0.03431845021197279,307.0,150.0,0.9997448629415755,0.05143018377032891,556.0,199.0,0.6435894792198801,0.033754085613375985,,,,
591,199,177,0.6446201092907394,0.03431845021197279,307.0,150.0,0.9997448629415755,0.05143018377032891,556.0,199.0,0.6435894792198801,0.033754085613375985,,,,
592,199,177,0.6446201092907394,0.03431845021197279,307.0,150.0,0.9997448629415755,0.05143018377032891,556.0,199.0,0.6435894792198801,0.033754085613375985,,,,
593,199,177,0.6446201092907394,0.03431845021197279,307.0,150.0,0.9997448629415755,0.05143018377032891,556.0,199.0,0.6435894792198801,0.033754085613375985,,,,
594,199,177,0.6446201092907394,0.03431845021197279,307.0,150.0,0.9997448629415755,0.05143018377032891,556.0,199.0,0.6435894792198801,0.033754085613375985,,,,
595,199,177,0.6446201092907394,0.03431845021197279,307.0,150.0,0.9997448629415755,0.05143018377032891,556.0,199.0,0.6435894792198801,0.033754085613375985,596.0,199.0,0.6223205712368438,0.033466827054206824
596,199,177,0.6446201092907394,0.03431845021197279,307.0,150.0,0.9997448629415755,0.05143018377032891,556.0,199.0,0.6435894792198801,0.033754085613375985,,,,
597,199,177,0.6446201092907394,0.03431845021197279,307.0,150.0,0.9997448629415755,0.05143018377032891,556.0,199.0,0.6435894792198801,0.033754085613375985,,,,
598,199,177,0.6446201092907394,0.03431845021197279,307.0,150.0,0.9997448629415755,0.05143018377032891,556.0,199.0,0.6435894792198801,0.033754085613375985,,,,
599,199,177,0.6446201092907394,0.03431845021197279,307.0,150.0,0.9997448629415755,0.05143018377032891,556.0,199.0,0.6435894792198801,0.033754085613375985,,,,
600,199,177,0.6446201092907394,0.03431845021197279,307.0,150.0,0.9997448629415755,0.05143018377032891,556.0,199.0,0.6435894792198801,0.033754085613375985,,,,
601,199,177,0.6446201092907394,0.03431845021197279,307.0,150.0,0.9997448629415755,0.05143018377032891,556.0,199.0,0.6435894792198801,0.033754085613375985,,,,
602,199,177,0.6446201092907394,0.03431845021197279,307.0,150.0,0.9997448629415755,0.05143018377032891,556.0,199.0,0.6435894792198801,0.033754085613375985,,,,
603,199,177,0.6446201092907394,0.03431845021197279,307.0,150.0,0.9997448629415755,0.05143018377032891,556.0,199.0,0.6435894792198801,0.033754085613375985,,,,
604,199,177,0.6446201092907394,0.03431845021197279,307.0,150.0,0.9997448629415755,0.05143018377032891,556.0,199.0,0.6435894792198801,0.033754085613375985,,,,
605,199,177,0.6446201092907394,0.03431845021197279,307.0,150.0,0.9997448629415755,0.05143018377032891,556.0,199.0,0.6435894792198801,0.033754085613375985,,,,
606,199,177,0.6446201092907394,0.03431845021197279,307.0,150.0,0.9997448629415755,0.05143018377032891,556.0,199.0,0.6435894792198801,0.033754085613375985,,,,
607,199,177,0.6446201092907394,0.03431845021197279,307.0,150.0,0.9997448629415755,0.05143018377032891,556.0,199.0,0.6435894792198801,0.033754085613375985,,,,
608,199,177,0.6446201092907394,0.03431845021197279,307.0,150.0,0.9997448629415755,0.05143018377032891,556.0,199.0,0.6435894792198801,0.033754085613375985,,,,
609,199,177,0.6446201092907394,0.03431845021197279,307.0,150.0,0.9997448629415755,0.05143018377032891,556.0,199.0,0.6435894792198801,0.033754085613375985,,,,
610,199,177,0.6446201092907394,0.03431845021197279,307.0,150.0,0.9997448629415755,0.05143018377032891,556.0,199.0,0.6435894792198801,0.033754085613375985,,,,
611,199,177,0.6446201092907394,0.03431845021197279,307.0,150.0,0.9997448629415755,0.05143018377032891,556.0,199.0,0.6435894792198801,0.033754085613375985,,,,
612,199,177,0.6446201092907394,0.03431845021197279,307.0,150.0,0.9997448629415755,0.05143018377032891,556.0,199.0,0.6435894792198801,0.033754085613375985,,,,
613,199,177,0.6446201092907394,0.03431845021197279,307.0,150.0,0.9997448629415755,0.05143018377032891,556.0,199.0,0.6435894792198801,0.033754085613375985,,,,
614,199,177,0.6446201092907394,0.03431845021197279,307.0,150.0,0.9997448629415755,0.05143018377032891,556.0,199.0,0.6435894792198801,0.033754085613375985,,,,
615,199,177,0.6446201092907394,0.03431845021197279,307.0,150.0,0.9997448629415755,0.05143018377032891,556.0,199.0,0.6435894792198801,0.033754085613375985,,,,
616,199,177,0.6446201092907394,0.03431845021197279,307.0,150.0,0.9997448629415755,0.05143018377032891,556.0,199.0,0.6435894792198801,0.033754085613375985,,,,
617,199,177,0.6446201092907394,0.03431845021197279,307.0,150.0,0.9997448629415755,0.05143018377032891,556.0,199.0,0.6435894792198801,0.033754085613375985,,,,
618,199,177,0.6446201092907394,0.03431845021197279,307.0,150.0,0.9997448629415755,0.05143018377032891,556.0,199.0,0.6435894792198801,0.033754085613375985,,,,
619,199,177,0.6446201092907394,0.03431845021197279,307.0,150.0,0.9997448629415755,0.05143018377032891,556.0,199.0,0.6435894792198801,0.033754085613375985,,,,
620,199,177,0.6446201092907394,0.03431845021197279,307.0,150.0,0.9997448629415755,0.05143018377032891,556.0,199.0,0.6435894792198801,0.033754085613375985,,,,
621,199,177,0.6446201092907394,0.03431845021197279,307.0,150.0,0.9997448629415755,0.05143018377032891,556.0,199.0,0.6435894792198801,0.033754085613375985,,,,
622,199,177,0.6446201092907394,0.03431845021197279,307.0,150.0,0.9997448629415755,0.05143018377032891,556.0,199.0,0.6435894792198801,0.033754085613375985,,,,
623,199,177,0.6446201092907394,0.03431845021197279,307.0,150.0,0.9997448629415755,0.05143018377032891,556.0,199.0,0.6435894792198801,0.033754085613375985,,,,
624,199,177,0.6446201092907394,0.03431845021197279,307.0,150.0,0.9997448629415755,0.05143018377032891,556.0,199.0,0.6435894792198801,0.033754085613375985,,,,
625,199,177,0.6446201092907394,0.03431845021197279,307.0,150.0,0.9997448629415755,0.05143018377032891,556.0,199.0,0.6435894792198801,0.033754085613375985,,,,
626,199,177,0.6446201092907394,0.03431845021197279,307.0,150.0,0.9997448629415755,0.05143018377032891,556.0,199.0,0.6435894792198801,0.033754085613375985,,,,
627,199,177,0.6446201092907394,0.03431845021197279,307.0,150.0,0.9997448629415755,0.05143018377032891,556.0,199.0,0.6435894792198801,0.033754085613375985,,,,
628,199,177,0.6446201092907394,0.03431845021197279,307.0,150.0,0.9997448629415755,0.05143018377032891,556.0,199.0,0.6435894792198801,0.033754085613375985,,,,
629,199,177,0.6446201092907394,0.03431845021197279,307.0,150.0,0.9997448629415755,0.05143018377032891,556.0,199.0,0.6435894792198801,0.033754085613375985,,,,
630,199,177,0.6446201092907394,0.03431845021197279,307.0,150.0,0.9997448629415755,0.05143018377032891,556.0,199.0,0.6435894792198801,0.033754085613375985,,,,
631,199,177,0.6446201092907394,0.03431845021197279,307.0,150.0,0.9997448629415755,0.05143018377032891,556.0,199.0,0.6435894792198801,0.033754085613375985,,,,
632,199,177,0.6446201092907394,0.03431845021197279,307.0,150.0,0.9997448629415755,0.05143018377032891,556.0,199.0,0.6435894792198801,0.033754085613375985,,,,
633,199,177,0.6446201092907394,0.03431845021197279,307.0,150.0,0.9997448629415755,0.05143018377032891,556.0,199.0,0.6435894792198801,0.033754085613375985,,,,
634,199,177,0.6446201092907394,0.03431845021197279,307.0,150.0,0.9997448629415755,0.05143018377032891,556.0,199.0,0.6435894792198801,0.033754085613375985,,,,
635,199,177,0.6446201092907394,0.03431845021197279,307.0,150.0,0.9997448629415755,0.05143018377032891,556.0,199.0,0.6435894792198801,0.033754085613375985,,,,
636,199,177,0.6446201092907394,0.03431845021197279,307.0,150.0,0.9997448629415755,0.05143018377032891,556.0,199.0,0.6435894792198801,0.033754085613375985,,,,
637,199,177,0.6446201092907394,0.03431845021197279,307.0,150.0,0.9997448629415755,0.05143018377032891,556.0,199.0,0.6435894792198801,0.033754085613375985,,,,
638,199,177,0.6446201092907394,0.03431845021197279,307.0,150.0,0.9997448629415755,0.05143018377032891,556.0,199.0,0.6435894792198801,0.033754085613375985,,,,
639,199,177,0.6446201092907394,0.03431845021197279,307.0,150.0,0.9997448629415755,0.05143018377032891,556.0,199.0,0.6435894792198801,0.033754085613375985,,,,
640,199,177,0.6446201092907394,0.03431845021197279,307.0,150.0,0.9997448629415755,0.05143018377032891,556.0,199.0,0.6435894792198801,0.033754085613375985,,,,
641,199,177,0.6446201092907394,0.03431845021197279,307.0,150.0,0.9997448629415755,0.05143018377032891,556.0,199.0,0.6435894792198801,0.033754085613375985,,,,
642,199,177,0.6446201092907394,0.03431845021197279,307.0,150.0,0.9997448629415755,0.05143018377032891,556.0,199.0,0.6435894792198801,0.033754085613375985,,,,
643,199,177,0.6446201092907394,0.03431845021197279,307.0,150.0,0.9997448629415755,0.05143018377032891,556.0,199.0,0.6435894792198801,0.033754085613375985,,,,
644,199,177,0.6446201092907394,0.03431845021197279,307.0,150.0,0.9997448629415755,0.05143018377032891,556.0,199.0,0.6435894792198801,0.033754085613375985,,,,
645,199,177,0.6446201092907394,0.03431845021197279,307.0,150.0,0.9997448629415755,0.05143018377032891,556.0,199.0,0.6435894792198801,0.033754085613375985,,,,
646,199,177,0.6446201092907394,0.03431845021197279,307.0,150.0,0.9997448629415755,0.05143018377032891,556.0,199.0,0.6435894792198801,0.033754085613375985,,,,
647,199,177,0.6446201092907394,0.03431845021197279,307.0,150.0,0.9997448629415755,0.05143018377032891,556.0,199.0,0.6435894792198801,0.033754085613375985,,,,
648,199,177,0.6446201092907394,0.03431845021197279,307.0,150.0,0.9997448629415755,0.05143018377032891,556.0,199.0,0.6435894792198801,0.033754085613375985,,,,
649,199,177,0.6446201092907394,0.03431845021197279,307.0,150.0,0.9997448629415755,0.05143018377032891,556.0,199.0,0.6435894792198801,0.033754085613375985,,,,
650,199,177,0.6446201092907394,0.03431845021197279,307.0,150.0,0.9997448629415755,0.05143018377032891,556.0,199.0,0.6435894792198801,0.033754085613375985,,,,
651,199,177,0.6446201092907394,0.03431845021197279,307.0,150.0,0.9997448629415755,0.05143018377032891,556.0,199.0,0.6435894792198801,0.033754085613375985,652.0,199.0,0.6269347355479077,0.03629730746937965
652,199,177,0.6446201092907394,0.03431845021197279,307.0,150.0,0.9997448629415755,0.05143018377032891,556.0,199.0,0.6435894792198801,0.033754085613375985,652.0,199.0,0.6269347355479077,0.03629730746937965
653,199,177,0.6446201092907394,0.03431845021197279,307.0,150.0,0.9997448629415755,0.05143018377032891,556.0,199.0,0.6435894792198801,0.033754085613375985,652.0,199.0,0.6269347355479077,0.03629730746937965
654,199,177,0.6446201092907394,0.03431845021197279,307.0,150.0,0.9997448629415755,0.05143018377032891,556.0,199.0,0.6435894792198801,0.033754085613375985,652.0,199.0,0.6269347355479077,0.03629730746937965
655,199,177,0.6446201092907394,0.03431845021197279,307.0,150.0,0.9997448629415755,0.05143018377032891,556.0,199.0,0.6435894792198801,0.033754085613375985,652.0,199.0,0.6269347355479077,0.03629730746937965
656,199,177,0.6446201092907394,0.03431845021197279,307.0,150.0,0.9997448629415755,0.05143018377032891,556.0,199.0,0.6435894792198801,0.033754085613375985,652.0,199.0,0.6269347355479077,0.03629730746937965
657,199,177,0.6446201092907394,0.03431845021197279,307.0,150.0,0.9997448629415755,0.05143018377032891,556.0,199.0,0.6435894792198801,0.033754085613375985,652.0,199.0,0.6269347355479077,0.03629730746937965
658,199,177,0.6446201092907394,0.03431845021197279,307.0,150.0,0.9997448629415755,0.05143018377032891,556.0,199.0,0.6435894792198801,0.033754085613375985,652.0,199.0,0.6269347355479077,0.03629730746937965
659,199,177,0.6446201092907394,0.03431845021197279,307.0,150.0,0.9997448629415755,0.05143018377032891,556.0,199.0,0.6435894792198801,0.033754085613375985,652.0,199.0,0.6269347355479077,0.03629730746937965
660,199,177,0.6446201092907394,0.03431845021197279,307.0,150.0,0.9997448629415755,0.05143018377032891,556.0,199.0,0.6435894792198801,0.033754085613375985,,,,
661,199,177,0.6446201092907394,0.03431845021197279,307.0,150.0,0.9997448629415755,0.05143018377032891,556.0,199.0,0.6435894792198801,0.033754085613375985,,,,
662,199,177,0.6446201092907394,0.03431845021197279,307.0,150.0,0.9997448629415755,0.05143018377032891,556.0,199.0,0.6435894792198801,0.033754085613375985,,,,
663,199,177,0.6446201092907394,0.03431845021197279,307.0,150.0,0.9997448629415755,0.05143018377032891,556.0,199.0,0.6435894792198801,0.033754085613375985,,,,
664,199,177,0.6446201092907394,0.03431845021197279,307.0,150.0,0.9997448629415755,0.05143018377032891,556.0,199.0,0.6435894792198801,0.033754085613375985,,,,
665,199,177,0.6446201092907394,0.03431845021197279,307.0,150.0,0.9997448629415755,0.05143018377032891,556.0,199.0,0.6435894792198801,0.033754085613375985,,,,
666,199,177,0.6446201092907394,0.03431845021197279,307.0,150.0,0.9997448629415755,0.05143018377032891,556.0,199.0,0.6435894792198801,0.033754085613375985,,,,
667,199,177,0.6446201092907394,0.03431845021197279,307.0,150.0,0.9997448629415755,0.05143018377032891,556.0,199.0,0.6435894792198801,0.033754085613375985,,,,
668,199,177,0.6446201092907394,0.03431845021197279,307.0,150.0,0.9997448629415755,0.05143018377032891,556.0,199.0,0.6435894792198801,0.033754085613375985,,,,
669,199,177,0.6446201092907394,0.03431845021197279,307.0,150.0,0.9997448629415755,0.05143018377032891,556.0,199.0,0.6435894792198801,0.033754085613375985,,,,
670,199,177,0.6446201092907394,0.03431845021197279,307.0,150.0,0.9997448629415755,0.05143018377032891,556.0,199.0,0.6435894792198801,0.033754085613375985,,,,
671,199,177,0.6446201092907394,0.03431845021197279,307.0,150.0,0.9997448629415755,0.05143018377032891,556.0,199.0,0.6435894792198801,0.033754085613375985,,,,
672,199,177,0.6446201092907394,0.03431845021197279,307.0,150.0,0.9997448629415755,0.05143018377032891,556.0,199.0,0.6435894792198801,0.033754085613375985,,,,
673,199,177,0.6446201092907394,0.03431845021197279,307.0,150.0,0.9997448629415755,0.05143018377032891,556.0,199.0,0.6435894792198801,0.033754085613375985,,,,
674,199,177,0.6446201092907394,0.03431845021197279,307.0,150.0,0.9997448629415755,0.05143018377032891,556.0,199.0,0.6435894792198801,0.033754085613375985,,,,
675,199,177,0.6446201092907394,0.03431845021197279,307.0,150.0,0.9997448629415755,0.05143018377032891,556.0,199.0,0.6435894792198801,0.033754085613375985,,,,
676,199,177,0.6446201092907394,0.03431845021197279,307.0,150.0,0.9997448629415755,0.05143018377032891,556.0,199.0,0.6435894792198801,0.033754085613375985,,,,
677,199,177,0.6446201092907394,0.03431845021197279,307.0,150.0,0.9997448629415755,0.05143018377032891,556.0,199.0,0.6435894792198801,0.033754085613375985,,,,
678,199,177,0.6446201092907394,0.03431845021197279,307.0,150.0,0.9997448629415755,0.05143018377032891,556.0,199.0,0.6435894792198801,0.033754085613375985,,,,
679,199,177,0.6446201092907394,0.03431845021197279,307.0,150.0,0.9997448629415755,0.05143018377032891,556.0,199.0,0.6435894792198801,0.033754085613375985,,,,
680,199,177,0.6446201092907394,0.03431845021197279,307.0,150.0,0.9997448629415755,0.05143018377032891,556.0,199.0,0.6435894792198801,0.033754085613375985,,,,
681,199,177,0.6446201092907394,0.03431845021197279,307.0,150.0,0.9997448629415755,0.05143018377032891,556.0,199.0,0.6435894792198801,0.033754085613375985,,,,
682,199,177,0.6446201092907394,0.03431845021197279,307.0,150.0,0.9997448629415755,0.05143018377032891,,,,,,,,
683,199,177,0.6446201092907394,0.03431845021197279,307.0,150.0,0.9997448629415755,0.05143018377032891,,,,,,,,
684,199,177,0.6446201092907394,0.03431845021197279,307.0,150.0,0.9997448629415755,0.05143018377032891,,,,,,,,
685,199,177,0.6446201092907394,0.03431845021197279,307.0,150.0,0.9997448629415755,0.05143018377032891,,,,,,,,
686,199,177,0.6446201092907394,0.03431845021197279,307.0,150.0,0.9997448629415755,0.05143018377032891,,,,,,,,
687,199,177,0.6446201092907394,0.03431845021197279,307.0,150.0,0.9997448629415755,0.05143018377032891,,,,,,,,
688,199,177,0.6446201092907394,0.03431845021197279,307.0,150.0,0.9997448629415755,0.05143018377032891,689.0,199.0,0.6278219936873558,0.03498127828923717,,,,
689,199,177,0.6446201092907394,0.03431845021197279,307.0,150.0,0.9997448629415755,0.05143018377032891,689.0,199.0,0.6278219936873558,0.03498127828923717,,,,
690,199,177,0.6446201092907394,0.03431845021197279,307.0,150.0,0.9997448629415755,0.05143018377032891,689.0,199.0,0.6278219936873558,0.03498127828923717,,,,
691,199,177,0.6446201092907394,0.03431845021197279,307.0,150.0,0.9997448629415755,0.05143018377032891,689.0,199.0,0.6278219936873558,0.03498127828923717,,,,
692,199,177,0.6446201092907394,0.03431845021197279,307.0,150.0,0.9997448629415755,0.05143018377032891,689.0,199.0,0.6278219936873558,0.03498127828923717,,,,
693,199,177,0.6446201092907394,0.03431845021197279,307.0,150.0,0.9997448629415755,0.05143018377032891,689.0,199.0,0.6278219936873558,0.03498127828923717,,,,
694,199,177,0.6446201092907394,0.03431845021197279,307.0,150.0,0.9997448629415755,0.05143018377032891,689.0,199.0,0.6278219936873558,0.03498127828923717,,,,
695,199,177,0.6446201092907394,0.03431845021197279,307.0,150.0,0.9997448629415755,0.05143018377032891,689.0,199.0,0.6278219936873558,0.03498127828923717,,,,
696,199,177,0.6446201092907394,0.03431845021197279,307.0,150.0,0.9997448629415755,0.05143018377032891,689.0,199.0,0.6278219936873558,0.03498127828923717,,,,
697,199,177,0.6446201092907394,0.03431845021197279,307.0,150.0,0.9997448629415755,0.05143018377032891,689.0,199.0,0.6278219936873558,0.03498127828923717,,,,
698,199,177,0.6446201092907394,0.03431845021197279,307.0,150.0,0.9997448629415755,0.05143018377032891,699.0,199.0,0.6397924002513191,0.031743994857800786,,,,
699,199,177,0.6446201092907394,0.03431845021197279,307.0,150.0,0.9997448629415755,0.05143018377032891,699.0,199.0,0.6397924002513191,0.031743994857800786,,,,
700,199,177,0.6446201092907394,0.03431845021197279,307.0,150.0,0.9997448629415755,0.05143018377032891,,,,,,,,
701,199,177,0.6446201092907394,0.03431845021197279,307.0,150.0,0.9997448629415755,0.05143018377032891,,,,,,,,
702,199,177,0.6446201092907394,0.03431845021197279,307.0,150.0,0.9997448629415755,0.05143018377032891,,,,,,,,
703,199,177,0.6446201092907394,0.03431845021197279,307.0,150.0,0.9997448629415755,0.05143018377032891,,,,,,,,
704,199,177,0.6446201092907394,0.03431845021197279,307.0,150.0,0.9997448629415755,0.05143018377032891,,,,,,,,
705,199,177,0.6446201092907394,0.03431845021197279,307.0,150.0,0.9997448629415755,0.05143018377032891,,,,,,,,
706,199,177,0.6446201092907394,0.03431845021197279,307.0,150.0,0.9997448629415755,0.05143018377032891,,,,,,,,
707,199,177,0.6446201092907394,0.03431845021197279,307.0,150.0,0.9997448629415755,0.05143018377032891,,,,,,,,
708,199,177,0.6446201092907394,0.03431845021197279,307.0,150.0,0.9997448629415755,0.05143018377032891,709.0,199.0,0.6509049927867114,0.03230439618727823,,,,
709,199,177,0.6446201092907394,0.03431845021197279,307.0,150.0,0.9997448629415755,0.05143018377032891,709.0,199.0,0.6509049927867114,0.03230439618727823,,,,
710,199,177,0.6446201092907394,0.03431845021197279,307.0,150.0,0.9997448629415755,0.05143018377032891,,,,,,,,
711,199,177,0.6446201092907394,0.03431845021197279,307.0,150.0,0.9997448629415755,0.05143018377032891,,,,,,,,
712,199,177,0.6446201092907394,0.03431845021197279,307.0,150.0,0.9997448629415755,0.05143018377032891,713.0,199.0,0.6260157425194385,0.03363638468788705,,,,
713,199,177,0.6446201092907394,0.03431845021197279,307.0,150.0,0.9997448629415755,0.05143018377032891,713.0,199.0,0.6260157425194385,0.03363638468788705,,,,
714,199,177,0.6446201092907394,0.03431845021197279,307.0,150.0,0.9997448629415755,0.05143018377032891,713.0,199.0,0.6260157425194385,0.03363638468788705,,,,
715,199,177,0.6446201092907394,0.03431845021197279,307.0,150.0,0.9997448629415755,0.05143018377032891,713.0,199.0,0.6260157425194385,0.03363638468788705,,,,
716,199,177,0.6446201092907394,0.03431845021197279,307.0,150.0,0.9997448629415755,0.05143018377032891,,,,,,,,
717,199,177,0.6446201092907394,0.03431845021197279,307.0,150.0,0.9997448629415755,0.05143018377032891,,,,,,,,
718,199,177,0.6446201092907394,0.03431845021197279,307.0,150.0,0.9997448629415755,0.05143018377032891,,,,,,,,
719,199,177,0.6446201092907394,0.03431845021197279,307.0,150.0,0.9997448629415755,0.05143018377032891,,,,,,,,
720,199,177,0.6446201092907394,0.03431845021197279,307.0,150.0,0.9997448629415755,0.05143018377032891,,,,,,,,
721,199,177,0.6446201092907394,0.03431845021197279,307.0,150.0,0.9997448629415755,0.05143018377032891,,,,,,,,
722,199,177,0.6446201092907394,0.03431845021197279,307.0,150.0,0.9997448629415755,0.05143018377032891,,,,,,,,
723,199,177,0.6446201092907394,0.03431845021197279,307.0,150.0,0.9997448629415755,0.05143018377032891,,,,,,,,
724,199,177,0.6446201092907394,0.03431845021197279,307.0,150.0,0.9997448629415755,0.05143018377032891,,,,,,,,
725,199,177,0.6446201092907394,0.03431845021197279,307.0,150.0,0.9997448629415755,0.05143018377032891,,,,,,,,
726,199,177,0.6446201092907394,0.03431845021197279,307.0,150.0,0.9997448629415755,0.05143018377032891,,,,,,,,
727,199,177,0.6446201092907394,0.03431845021197279,307.0,150.0,0.9997448629415755,0.05143018377032891,,,,,,,,
728,199,177,0.6446201092907394,0.03431845021197279,307.0,150.0,0.9997448629415755,0.05143018377032891,,,,,,,,
729,199,177,0.6446201092907394,0.03431845021197279,307.0,150.0,0.9997448629415755,0.05143018377032891,,,,,,,,
730,199,177,0.6446201092907394,0.03431845021197279,307.0,150.0,0.9997448629415755,0.05143018377032891,,,,,,,,
731,199,177,0.6446201092907394,0.03431845021197279,307.0,150.0,0.9997448629415755,0.05143018377032891,732.0,199.0,0.6332606033431046,0.03307666217493283,,,,
732,199,177,0.6446201092907394,0.03431845021197279,307.0,150.0,0.9997448629415755,0.05143018377032891,732.0,199.0,0.6332606033431046,0.03307666217493283,,,,
733,199,177,0.6446201092907394,0.03431845021197279,307.0,150.0,0.9997448629415755,0.05143018377032891,732.0,199.0,0.6332606033431046,0.03307666217493283,,,,
734,199,177,0.6446201092907394,0.03431845021197279,307.0,150.0,0.9997448629415755,0.05143018377032891,732.0,199.0,0.6332606033431046,0.03307666217493283,,,,
735,199,177,0.6446201092907394,0.03431845021197279,307.0,150.0,0.9997448629415755,0.05143018377032891,732.0,199.0,0.6332606033431046,0.03307666217493283,,,,
736,199,177,0.6446201092907394,0.03431845021197279,307.0,150.0,0.9997448629415755,0.05143018377032891,737.0,199.0,0.6304936816209272,0.038625383991184516,,,,
737,199,177,0.6446201092907394,0.03431845021197279,307.0,150.0,0.9997448629415755,0.05143018377032891,,,,,,,,
738,199,177,0.6446201092907394,0.03431845021197279,307.0,150.0,0.9997448629415755,0.05143018377032891,,,,,,,,
739,199,177,0.6446201092907394,0.03431845021197279,307.0,150.0,0.9997448629415755,0.05143018377032891,,,,,,,,
740,199,177,0.6446201092907394,0.03431845021197279,307.0,150.0,0.9997448629415755,0.05143018377032891,,,,,,,,
741,199,177,0.6446201092907394,0.03431845021197279,307.0,150.0,0.9997448629415755,0.05143018377032891,,,,,,,,
742,199,177,0.6446201092907394,0.03431845021197279,307.0,150.0,0.9997448629415755,0.05143018377032891,,,,,,,,
743,199,177,0.6446201092907394,0.03431845021197279,307.0,150.0,0.9997448629415755,0.05143018377032891,,,,,,,,
744,199,177,0.6446201092907394,0.03431845021197279,307.0,150.0,0.9997448629415755,0.05143018377032891,,,,,,,,
745,199,177,0.6446201092907394,0.03431845021197279,307.0,150.0,0.9997448629415755,0.05143018377032891,,,,,,,,
746,199,177,0.6446201092907394,0.03431845021197279,307.0,150.0,0.9997448629415755,0.05143018377032891,,,,,,,,
747,199,177,0.6446201092907394,0.03431845021197279,307.0,150.0,0.9997448629415755,0.05143018377032891,,,,,,,,
748,199,177,0.6446201092907394,0.03431845021197279,307.0,150.0,0.9997448629415755,0.05143018377032891,,,,,,,,
749,199,177,0.6446201092907394,0.03431845021197279,307.0,150.0,0.9997448629415755,0.05143018377032891,,,,,,,,
750,199,177,0.6446201092907394,0.03431845021197279,307.0,150.0,0.9997448629415755,0.05143018377032891,,,,,,,,
751,199,177,0.6446201092907394,0.03431845021197279,307.0,150.0,0.9997448629415755,0.05143018377032891,,,,,,,,
752,199,177,0.6446201092907394,0.03431845021197279,307.0,150.0,0.9997448629415755,0.05143018377032891,,,,,,,,
753,199,177,0.6446201092907394,0.03431845021197279,307.0,150.0,0.9997448629415755,0.05143018377032891,,,,,,,,
754,199,177,0.6446201092907394,0.03431845021197279,307.0,150.0,0.9997448629415755,0.05143018377032891,,,,,,,,
755,199,177,0.6446201092907394,0.03431845021197279,307.0,150.0,0.9997448629415755,0.05143018377032891,,,,,,,,
756,199,177,0.6446201092907394,0.03431845021197279,307.0,150.0,0.9997448629415755,0.05143018377032891,,,,,,,,
757,199,177,0.6446201092907394,0.03431845021197279,307.0,150.0,0.9997448629415755,0.05143018377032891,,,,,,,,
758,199,177,0.6446201092907394,0.03431845021197279,307.0,150.0,0.9997448629415755,0.05143018377032891,,,,,,,,
759,199,177,0.6446201092907394,0.03431845021197279,307.0,150.0,0.9997448629415755,0.05143018377032891,,,,,,,,
760,199,177,0.6446201092907394,0.03431845021197279,307.0,150.0,0.9997448629415755,0.05143018377032891,,,,,,,,
761,199,177,0.6446201092907394,0.03431845021197279,307.0,150.0,0.9997448629415755,0.05143018377032891,,,,,,,,
762,199,177,0.6446201092907394,0.03431845021197279,307.0,150.0,0.9997448629415755,0.05143018377032891,,,,,,,,
763,199,177,0.6446201092907394,0.03431845021197279,307.0,150.0,0.9997448629415755,0.05143018377032891,,,,,,,,
764,199,177,0.6446201092907394,0.03431845021197279,307.0,150.0,0.9997448629415755,0.05143018377032891,765.0,199.0,0.6455062148005816,0.034490229410325764,,,,
765,199,177,0.6446201092907394,0.03431845021197279,307.0,150.0,0.9997448629415755,0.05143018377032891,766.0,199.0,0.6420800358104329,0.035386744021345326,,,,
766,199,177,0.6446201092907394,0.03431845021197279,307.0,150.0,0.9997448629415755,0.05143018377032891,766.0,199.0,0.6420800358104329,0.035386744021345326,767.0,766.0,0.630140109208671,0.035855532754972934
767,199,177,0.6446201092907394,0.03431845021197279,307.0,150.0,0.9997448629415755,0.05143018377032891,766.0,199.0,0.6420800358104329,0.035386744021345326,767.0,766.0,0.630140109208671,0.035855532754972934
768,199,177,0.6446201092907394,0.03431845021197279,307.0,150.0,0.9997448629415755,0.05143018377032891,766.0,199.0,0.6420800358104329,0.035386744021345326,767.0,766.0,0.630140109208671,0.035855532754972934
769,199,177,0.6446201092907394,0.03431845021197279,307.0,150.0,0.9997448629415755,0.05143018377032891,766.0,199.0,0.6420800358104329,0.035386744021345326,767.0,766.0,0.630140109208671,0.035855532754972934
770,199,177,0.6446201092907394,0.03431845021197279,307.0,150.0,0.9997448629415755,0.05143018377032891,766.0,199.0,0.6420800358104329,0.035386744021345326,767.0,766.0,0.630140109208671,0.035855532754972934
771,307,150,0.9997448629415755,0.05143018377032891,766.0,199.0,0.6420800358104329,0.035386744021345326,772.0,307.0,0.9999984253806866,0.04549299243135582,,,,
772,307,150,0.9997448629415755,0.05143018377032891,766.0,199.0,0.6420800358104329,0.035386744021345326,772.0,307.0,0.9999984253806866,0.04549299243135582,,,,
773,307,150,0.9997448629415755,0.05143018377032891,766.0,199.0,0.6420800358104329,0.035386744021345326,772.0,307.0,0.9999984253806866,0.04549299243135582,,,,
774,307,150,0.9997448629415755,0.05143018377032891,766.0,199.0,0.6420800358104329,0.035386744021345326,772.0,307.0,0.9999984253806866,0.04549299243135582,,,,
775,307,150,0.9997448629415755,0.05143018377032891,766.0,199.0,0.6420800358104329,0.035386744021345326,772.0,307.0,0.9999984253806866,0.04549299243135582,,,,
776,766,199,0.6420800358104329,0.035386744021345326,772.0,307.0,0.9999984253806866,0.04549299243135582,,,,,,,,
777,766,199,0.6420800358104329,0.035386744021345326,772.0,307.0,0.9999984253806866,0.04549299243135582,,,,,,,,
778,766,199,0.6420800358104329,0.035386744021345326,772.0,307.0,0.9999984253806866,0.04549299243135582,,,,,,,,
779,766,199,0.6420800358104329,0.035386744021345326,772.0,307.0,0.9999984253806866,0.04549299243135582,,,,,,,,
780,766,199,0.6420800358104329,0.035386744021345326,772.0,307.0,0.9999984253806866,0.04549299243135582,,,,,,,,
781,766,199,0.6420800358104329,0.035386744021345326,772.0,307.0,0.9999984253806866,0.04549299243135582,,,,,,,,
782,766,199,0.6420800358104329,0.035386744021345326,772.0,307.0,0.9999984253806866,0.04549299243135582,783.0,766.0,0.6295364616175078,0.03615852600822713,,,,
783,766,199,0.6420800358104329,0.035386744021345326,772.0,307.0,0.9999984253806866,0.04549299243135582,783.0,766.0,0.6295364616175078,0.03615852600822713,,,,
784,766,199,0.6420800358104329,0.035386744021345326,772.0,307.0,0.9999984253806866,0.04549299243135582,783.0,766.0,0.6295364616175078,0.03615852600822713,,,,
785,766,199,0.6420800358104329,0.035386744021345326,772.0,307.0,0.9999984253806866,0.04549299243135582,783.0,766.0,0.6295364616175078,0.03615852600822713,,,,
786,766,199,0.6420800358104329,0.035386744021345326,772.0,307.0,0.9999984253806866,0.04549299243135582,783.0,766.0,0.6295364616175078,0.03615852600822713,,,,
787,766,199,0.6420800358104329,0.035386744021345326,772.0,307.0,0.9999984253806866,0.04549299243135582,783.0,766.0,0.6295364616175078,0.03615852600822713,,,,
788,766,199,0.6420800358104329,0.035386744021345326,772.0,307.0,0.9999984253806866,0.04549299243135582,783.0,766.0,0.6295364616175078,0.03615852600822713,,,,
789,766,199,0.6420800358104329,0.035386744021345326,772.0,307.0,0.9999984253806866,0.04549299243135582,783.0,766.0,0.6295364616175078,0.03615852600822713,,,,
790,766,199,0.6420800358104329,0.035386744021345326,772.0,307.0,0.9999984253806866,0.04549299243135582,783.0,766.0,0.6295364616175078,0.03615852600822713,,,,
791,766,199,0.6420800358104329,0.035386744021345326,772.0,307.0,0.9999984253806866,0.04549299243135582,783.0,766.0,0.6295364616175078,0.03615852600822713,,,,
792,766,199,0.6420800358104329,0.035386744021345326,772.0,307.0,0.9999984253806866,0.04549299243135582,783.0,766.0,0.6295364616175078,0.03615852600822713,,,,
793,766,199,0.6420800358104329,0.035386744021345326,772.0,307.0,0.9999984253806866,0.04549299243135582,783.0,766.0,0.6295364616175078,0.03615852600822713,,,,
794,766,199,0.6420800358104329,0.035386744021345326,772.0,307.0,0.9999984253806866,0.04549299243135582,783.0,766.0,0.6295364616175078,0.03615852600822713,,,,
795,766,199,0.6420800358104329,0.035386744021345326,772.0,307.0,0.9999984253806866,0.04549299243135582,783.0,766.0,0.6295364616175078,0.03615852600822713,,,,
796,766,199,0.6420800358104329,0.035386744021345326,772.0,307.0,0.9999984253806866,0.04549299243135582,783.0,766.0,0.6295364616175078,0.03615852600822713,,,,
797,766,199,0.6420800358104329,0.035386744021345326,772.0,307.0,0.9999984253806866,0.04549299243135582,783.0,766.0,0.6295364616175078,0.03615852600822713,,,,
798,766,199,0.6420800358104329,0.035386744021345326,772.0,307.0,0.9999984253806866,0.04549299243135582,,,,,,,,
799,766,199,0.6420800358104329,0.035386744021345326,772.0,307.0,0.9999984253806866,0.04549299243135582,,,,,,,,
800,766,199,0.6420800358104329,0.035386744021345326,772.0,307.0,0.9999984253806866,0.04549299243135582,,,,,,,,
801,766,199,0.6420800358104329,0.035386744021345326,772.0,307.0,0.9999984253806866,0.04549299243135582,,,,,,,,
802,766,199,0.6420800358104329,0.035386744021345326,772.0,307.0,0.9999984253806866,0.04549299243135582,,,,,,,,
803,766,199,0.6420800358104329,0.035386744021345326,772.0,307.0,0.9999984253806866,0.04549299243135582,,,,,,,,
804,766,199,0.6420800358104329,0.035386744021345326,772.0,307.0,0.9999984253806866,0.04549299243135582,,,,,,,,
805,766,199,0.6420800358104329,0.035386744021345326,772.0,307.0,0.9999984253806866,0.04549299243135582,,,,,,,,
806,766,199,0.6420800358104329,0.035386744021345326,772.0,307.0,0.9999984253806866,0.04549299243135582,,,,,,,,
807,766,199,0.6420800358104329,0.035386744021345326,772.0,307.0,0.9999984253806866,0.04549299243135582,,,,,,,,
808,766,199,0.6420800358104329,0.035386744021345326,772.0,307.0,0.9999984253806866,0.04549299243135582,,,,,,,,
809,766,199,0.6420800358104329,0.035386744021345326,772.0,307.0,0.9999984253806866,0.04549299243135582,,,,,,,,
810,766,199,0.6420800358104329,0.035386744021345326,772.0,307.0,0.9999984253806866,0.04549299243135582,811.0,766.0,0.6347706063068905,0.0356822164265356,,,,
811,766,199,0.6420800358104329,0.035386744021345326,772.0,307.0,0.9999984253806866,0.04549299243135582,811.0,766.0,0.6347706063068905,0.0356822164265356,,,,
812,766,199,0.6420800358104329,0.035386744021345326,772.0,307.0,0.9999984253806866,0.04549299243135582,811.0,766.0,0.6347706063068905,0.0356822164265356,,,,
813,766,199,0.6420800358104329,0.035386744021345326,772.0,307.0,0.9999984253806866,0.04549299243135582,811.0,766.0,0.6347706063068905,0.0356822164265356,,,,
814,766,199,0.6420800358104329,0.035386744021345326,772.0,307.0,0.9999984253806866,0.04549299243135582,811.0,766.0,0.6347706063068905,0.0356822164265356,,,,
815,766,199,0.6420800358104329,0.035386744021345326,772.0,307.0,0.9999984253806866,0.04549299243135582,811.0,766.0,0.6347706063068905,0.0356822164265356,,,,
816,766,199,0.6420800358104329,0.035386744021345326,772.0,307.0,0.9999984253806866,0.04549299243135582,811.0,766.0,0.6347706063068905,0.0356822164265356,,,,
817,766,199,0.6420800358104329,0.035386744021345326,772.0,307.0,0.9999984253806866,0.04549299243135582,811.0,766.0,0.6347706063068905,0.0356822164265356,,,,
818,766,199,0.6420800358104329,0.035386744021345326,772.0,307.0,0.9999984253806866,0.04549299243135582,811.0,766.0,0.6347706063068905,0.0356822164265356,,,,
819,766,199,0.6420800358104329,0.035386744021345326,772.0,307.0,0.9999984253806866,0.04549299243135582,811.0,766.0,0.6347706063068905,0.0356822164265356,,,,
820,766,199,0.6420800358104329,0.035386744021345326,772.0,307.0,0.9999984253806866,0.04549299243135582,811.0,766.0,0.6347706063068905,0.0356822164265356,,,,
821,766,199,0.6420800358104329,0.035386744021345326,772.0,307.0,0.9999984253806866,0.04549299243135582,811.0,766.0,0.6347706063068905,0.0356822164265356,,,,
822,766,199,0.6420800358104329,0.035386744021345326,772.0,307.0,0.9999984253806866,0.04549299243135582,811.0,766.0,0.6347706063068905,0.0356822164265356,,,,
823,766,199,0.6420800358104329,0.035386744021345326,772.0,307.0,0.9999984253806866,0.04549299243135582,811.0,766.0,0.6347706063068905,0.0356822164265356,,,,
824,766,199,0.6420800358104329,0.035386744021345326,772.0,307.0,0.9999984253806866,0.04549299243135582,811.0,766.0,0.6347706063068905,0.0356822164265356,,,,
825,766,199,0.6420800358104329,0.035386744021345326,772.0,307.0,0.9999984253806866,0.04549299243135582,811.0,766.0,0.6347706063068905,0.0356822164265356,,,,
826,766,199,0.6420800358104329,0.035386744021345326,772.0,307.0,0.9999984253806866,0.04549299243135582,811.0,766.0,0.6347706063068905,0.0356822164265356,,,,
827,766,199,0.6420800358104329,0.035386744021345326,772.0,307.0,0.9999984253806866,0.04549299243135582,811.0,766.0,0.6347706063068905,0.0356822164265356,,,,
828,766,199,0.6420800358104329,0.035386744021345326,772.0,307.0,0.9999984253806866,0.04549299243135582,811.0,766.0,0.6347706063068905,0.0356822164265356,829.0,766.0,0.633686295104496,0.03502108563298875
829,766,199,0.6420800358104329,0.035386744021345326,772.0,307.0,0.9999984253806866,0.04549299243135582,811.0,766.0,0.6347706063068905,0.0356822164265356,829.0,766.0,0.633686295104496,0.03502108563298875
830,766,199,0.6420800358104329,0.035386744021345326,772.0,307.0,0.9999984253806866,0.04549299243135582,811.0,766.0,0.6347706063068905,0.0356822164265356,829.0,766.0,0.633686295104496,0.03502108563298875
831,766,199,0.6420800358104329,0.035386744021345326,772.0,307.0,0.9999984253806866,0.04549299243135582,811.0,766.0,0.6347706063068905,0.0356822164265356,829.0,766.0,0.633686295104496,0.03502108563298875
832,766,199,0.6420800358104329,0.035386744021345326,772.0,307.0,0.9999984253806866,0.04549299243135582,811.0,766.0,0.6347706063068905,0.0356822164265356,829.0,766.0,0.633686295104496,0.03502108563298875
833,766,199,0.6420800358104329,0.035386744021345326,772.0,307.0,0.9999984253806866,0.04549299243135582,811.0,766.0,0.6347706063068905,0.0356822164265356,829.0,766.0,0.633686295104496,0.03502108563298875
834,766,199,0.6420800358104329,0.035386744021345326,772.0,307.0,0.9999984253806866,0.04549299243135582,811.0,766.0,0.6347706063068905,0.0356822164265356,829.0,766.0,0.633686295104496,0.03502108563298875
835,766,199,0.6420800358104329,0.035386744021345326,772.0,307.0,0.9999984253806866,0.04549299243135582,811.0,766.0,0.6347706063068905,0.0356822164265356,829.0,766.0,0.633686295104496,0.03502108563298875
836,766,199,0.6420800358104329,0.035386744021345326,772.0,307.0,0.9999984253806866,0.04549299243135582,811.0,766.0,0.6347706063068905,0.0356822164265356,829.0,766.0,0.633686295104496,0.03502108563298875
837,766,199,0.6420800358104329,0.035386744021345326,772.0,307.0,0.9999984253806866,0.04549299243135582,811.0,766.0,0.6347706063068905,0.0356822164265356,829.0,766.0,0.633686295104496,0.03502108563298875
838,766,199,0.6420800358104329,0.035386744021345326,772.0,307.0,0.9999984253806866,0.04549299243135582,811.0,766.0,0.6347706063068905,0.0356822164265356,829.0,766.0,0.633686295104496,0.03502108563298875
839,766,199,0.6420800358104329,0.035386744021345326,772.0,307.0,0.9999984253806866,0.04549299243135582,811.0,766.0,0.6347706063068905,0.0356822164265356,829.0,766.0,0.633686295104496,0.03502108563298875
840,766,199,0.6420800358104329,0.035386744021345326,772.0,307.0,0.9999984253806866,0.04549299243135582,811.0,766.0,0.6347706063068905,0.0356822164265356,829.0,766.0,0.633686295104496,0.03502108563298875
841,766,199,0.6420800358104329,0.035386744021345326,772.0,307.0,0.9999984253806866,0.04549299243135582,811.0,766.0,0.6347706063068905,0.0356822164265356,829.0,766.0,0.633686295104496,0.03502108563298875
842,766,199,0.6420800358104329,0.035386744021345326,772.0,307.0,0.9999984253806866,0.04549299243135582,811.0,766.0,0.6347706063068905,0.0356822164265356,829.0,766.0,0.633686295104496,0.03502108563298875
843,766,199,0.6420800358104329,0.035386744021345326,772.0,307.0,0.9999984253806866,0.04549299243135582,811.0,766.0,0.6347706063068905,0.0356822164265356,829.0,766.0,0.633686295104496,0.03502108563298875
844,766,199,0.6420800358104329,0.035386744021345326,772.0,307.0,0.9999984253806866,0.04549299243135582,811.0,766.0,0.6347706063068905,0.0356822164265356,829.0,766.0,0.633686295104496,0.03502108563298875
845,766,199,0.6420800358104329,0.035386744021345326,772.0,307.0,0.9999984253806866,0.04549299243135582,811.0,766.0,0.6347706063068905,0.0356822164265356,829.0,766.0,0.633686295104496,0.03502108563298875
846,766,199,0.6420800358104329,0.035386744021345326,772.0,307.0,0.9999984253806866,0.04549299243135582,811.0,766.0,0.6347706063068905,0.0356822164265356,829.0,766.0,0.633686295104496,0.03502108563298875
847,766,199,0.6420800358104329,0.035386744021345326,772.0,307.0,0.9999984253806866,0.04549299243135582,811.0,766.0,0.6347706063068905,0.0356822164265356,829.0,766.0,0.633686295104496,0.03502108563298875
848,766,199,0.6420800358104329,0.035386744021345326,772.0,307.0,0.9999984253806866,0.04549299243135582,811.0,766.0,0.6347706063068905,0.0356822164265356,829.0,766.0,0.633686295104496,0.03502108563298875
849,766,199,0.6420800358104329,0.035386744021345326,772.0,307.0,0.9999984253806866,0.04549299243135582,811.0,766.0,0.6347706063068905,0.0356822164265356,829.0,766.0,0.633686295104496,0.03502108563298875
850,766,199,0.6420800358104329,0.035386744021345326,772.0,307.0,0.9999984253806866,0.04549299243135582,811.0,766.0,0.6347706063068905,0.0356822164265356,829.0,766.0,0.633686295104496,0.03502108563298875
851,766,199,0.6420800358104329,0.035386744021345326,772.0,307.0,0.9999984253806866,0.04549299243135582,811.0,766.0,0.6347706063068905,0.0356822164265356,829.0,766.0,0.633686295104496,0.03502108563298875
852,766,199,0.6420800358104329,0.035386744021345326,772.0,307.0,0.9999984253806866,0.04549299243135582,811.0,766.0,0.6347706063068905,0.0356822164265356,829.0,766.0,0.633686295104496,0.03502108563298875
853,766,199,0.6420800358104329,0.035386744021345326,772.0,307.0,0.9999984253806866,0.04549299243135582,811.0,766.0,0.6347706063068905,0.0356822164265356,829.0,766.0,0.633686295104496,0.03502108563298875
854,766,199,0.6420800358104329,0.035386744021345326,772.0,307.0,0.9999984253806866,0.04549299243135582,811.0,766.0,0.6347706063068905,0.0356822164265356,829.0,766.0,0.633686295104496,0.03502108563298875
855,766,199,0.6420800358104329,0.035386744021345326,772.0,307.0,0.9999984253806866,0.04549299243135582,811.0,766.0,0.6347706063068905,0.0356822164265356,829.0,766.0,0.633686295104496,0.03502108563298875
856,766,199,0.6420800358104329,0.035386744021345326,772.0,307.0,0.9999984253806866,0.04549299243135582,811.0,766.0,0.6347706063068905,0.0356822164265356,829.0,766.0,0.633686295104496,0.03502108563298875
857,766,199,0.6420800358104329,0.035386744021345326,772.0,307.0,0.9999984253806866,0.04549299243135582,811.0,766.0,0.6347706063068905,0.0356822164265356,829.0,766.0,0.633686295104496,0.03502108563298875
858,766,199,0.6420800358104329,0.035386744021345326,772.0,307.0,0.9999984253806866,0.04549299243135582,811.0,766.0,0.6347706063068905,0.0356822164265356,829.0,766.0,0.633686295104496,0.03502108563298875
859,766,199,0.6420800358104329,0.035386744021345326,772.0,307.0,0.9999984253806866,0.04549299243135582,811.0,766.0,0.6347706063068905,0.0356822164265356,829.0,766.0,0.633686295104496,0.03502108563298875
860,766,199,0.6420800358104329,0.035386744021345326,772.0,307.0,0.9999984253806866,0.04549299243135582,811.0,766.0,0.6347706063068905,0.0356822164265356,829.0,766.0,0.633686295104496,0.03502108563298875
861,766,199,0.6420800358104329,0.035386744021345326,772.0,307.0,0.9999984253806866,0.04549299243135582,811.0,766.0,0.6347706063068905,0.0356822164265356,829.0,766.0,0.633686295104496,0.03502108563298875
862,766,199,0.6420800358104329,0.035386744021345326,772.0,307.0,0.9999984253806866,0.04549299243135582,811.0,766.0,0.6347706063068905,0.0356822164265356,829.0,766.0,0.633686295104496,0.03502108563298875
863,766,199,0.6420800358104329,0.035386744021345326,772.0,307.0,0.9999984253806866,0.04549299243135582,811.0,766.0,0.6347706063068905,0.0356822164265356,829.0,766.0,0.633686295104496,0.03502108563298875
864,766,199,0.6420800358104329,0.035386744021345326,772.0,307.0,0.9999984253806866,0.04549299243135582,811.0,766.0,0.6347706063068905,0.0356822164265356,829.0,766.0,0.633686295104496,0.03502108563298875
865,766,199,0.6420800358104329,0.035386744021345326,772.0,307.0,0.9999984253806866,0.04549299243135582,811.0,766.0,0.6347706063068905,0.0356822164265356,829.0,766.0,0.633686295104496,0.03502108563298875
866,766,199,0.6420800358104329,0.035386744021345326,772.0,307.0,0.9999984253806866,0.04549299243135582,811.0,766.0,0.6347706063068905,0.0356822164265356,829.0,766.0,0.633686295104496,0.03502108563298875
867,766,199,0.6420800358104329,0.035386744021345326,772.0,307.0,0.9999984253806866,0.04549299243135582,811.0,766.0,0.6347706063068905,0.0356822164265356,829.0,766.0,0.633686295104496,0.03502108563298875
868,766,199,0.6420800358104329,0.035386744021345326,772.0,307.0,0.9999984253806866,0.04549299243135582,811.0,766.0,0.6347706063068905,0.0356822164265356,829.0,766.0,0.633686295104496,0.03502108563298875
869,766,199,0.6420800358104329,0.035386744021345326,772.0,307.0,0.9999984253806866,0.04549299243135582,811.0,766.0,0.6347706063068905,0.0356822164265356,829.0,766.0,0.633686295104496,0.03502108563298875
870,766,199,0.6420800358104329,0.035386744021345326,772.0,307.0,0.9999984253806866,0.04549299243135582,811.0,766.0,0.6347706063068905,0.0356822164265356,829.0,766.0,0.633686295104496,0.03502108563298875
871,766,199,0.6420800358104329,0.035386744021345326,772.0,307.0,0.9999984253806866,0.04549299243135582,811.0,766.0,0.6347706063068905,0.0356822164265356,829.0,766.0,0.633686295104496,0.03502108563298875
872,766,199,0.6420800358104329,0.035386744021345326,772.0,307.0,0.9999984253806866,0.04549299243135582,811.0,766.0,0.6347706063068905,0.0356822164265356,829.0,766.0,0.633686295104496,0.03502108563298875
873,766,199,0.6420800358104329,0.035386744021345326,772.0,307.0,0.9999984253806866,0.04549299243135582,811.0,766.0,0.6347706063068905,0.0356822164265356,829.0,766.0,0.633686295104496,0.03502108563298875
874,766,199,0.6420800358104329,0.035386744021345326,772.0,307.0,0.9999984253806866,0.04549299243135582,811.0,766.0,0.6347706063068905,0.0356822164265356,829.0,766.0,0.633686295104496,0.03502108563298875
875,766,199,0.6420800358104329,0.035386744021345326,772.0,307.0,0.9999984253806866,0.04549299243135582,811.0,766.0,0.6347706063068905,0.0356822164265356,829.0,766.0,0.633686295104496,0.03502108563298875
876,766,199,0.6420800358104329,0.035386744021345326,772.0,307.0,0.9999984253806866,0.04549299243135582,811.0,766.0,0.6347706063068905,0.0356822164265356,829.0,766.0,0.633686295104496,0.03502108563298875
877,766,199,0.6420800358104329,0.035386744021345326,772.0,307.0,0.9999984253806866,0.04549299243135582,811.0,766.0,0.6347706063068905,0.0356822164265356,829.0,766.0,0.633686295104496,0.03502108563298875
878,766,199,0.6420800358104329,0.035386744021345326,772.0,307.0,0.9999984253806866,0.04549299243135582,811.0,766.0,0.6347706063068905,0.0356822164265356,829.0,766.0,0.633686295104496,0.03502108563298875
879,766,199,0.6420800358104329,0.035386744021345326,772.0,307.0,0.9999984253806866,0.04549299243135582,811.0,766.0,0.6347706063068905,0.0356822164265356,829.0,766.0,0.633686295104496,0.03502108563298875
880,766,199,0.6420800358104329,0.035386744021345326,772.0,307.0,0.9999984253806866,0.04549299243135582,811.0,766.0,0.6347706063068905,0.0356822164265356,829.0,766.0,0.633686295104496,0.03502108563298875
881,766,199,0.6420800358104329,0.035386744021345326,772.0,307.0,0.9999984253806866,0.04549299243135582,811.0,766.0,0.6347706063068905,0.0356822164265356,829.0,766.0,0.633686295104496,0.03502108563298875
882,766,199,0.6420800358104329,0.035386744021345326,772.0,307.0,0.9999984253806866,0.04549299243135582,811.0,766.0,0.6347706063068905,0.0356822164265356,829.0,766.0,0.633686295104496,0.03502108563298875
883,766,199,0.6420800358104329,0.035386744021345326,772.0,307.0,0.9999984253806866,0.04549299243135582,811.0,766.0,0.6347706063068905,0.0356822164265356,829.0,766.0,0.633686295104496,0.03502108563298875
884,766,199,0.6420800358104329,0.035386744021345326,772.0,307.0,0.9999984253806866,0.04549299243135582,811.0,766.0,0.6347706063068905,0.0356822164265356,829.0,766.0,0.633686295104496,0.03502108563298875
885,766,199,0.6420800358104329,0.035386744021345326,772.0,307.0,0.9999984253806866,0.04549299243135582,811.0,766.0,0.6347706063068905,0.0356822164265356,829.0,766.0,0.633686295104496,0.03502108563298875
886,766,199,0.6420800358104329,0.035386744021345326,772.0,307.0,0.9999984253806866,0.04549299243135582,811.0,766.0,0.6347706063068905,0.0356822164265356,829.0,766.0,0.633686295104496,0.03502108563298875
887,772,307,0.9999984253806866,0.04549299243135582,829.0,766.0,0.633686295104496,0.03502108563298875,888.0,829.0,0.6362974430481145,0.035105834843695706,,,,
888,772,307,0.9999984253806866,0.04549299243135582,829.0,766.0,0.633686295104496,0.03502108563298875,888.0,829.0,0.6362974430481145,0.035105834843695706,,,,
889,772,307,0.9999984253806866,0.04549299243135582,829.0,766.0,0.633686295104496,0.03502108563298875,888.0,829.0,0.6362974430481145,0.035105834843695706,,,,
890,772,307,0.9999984253806866,0.04549299243135582,829.0,766.0,0.633686295104496,0.03502108563298875,888.0,829.0,0.6362974430481145,0.035105834843695706,,,,
891,772,307,0.9999984253806866,0.04549299243135582,829.0,766.0,0.633686295104496,0.03502108563298875,888.0,829.0,0.6362974430481145,0.035105834843695706,,,,
892,772,307,0.9999984253806866,0.04549299243135582,829.0,766.0,0.633686295104496,0.03502108563298875,888.0,829.0,0.6362974430481145,0.035105834843695706,,,,
893,772,307,0.9999984253806866,0.04549299243135582,829.0,766.0,0.633686295104496,0.03502108563298875,888.0,829.0,0.6362974430481145,0.035105834843695706,,,,
894,772,307,0.9999984253806866,0.04549299243135582,829.0,766.0,0.633686295104496,0.03502108563298875,888.0,829.0,0.6362974430481145,0.035105834843695706,,,,
895,772,307,0.9999984253806866,0.04549299243135582,829.0,766.0,0.633686295104496,0.03502108563298875,888.0,829.0,0.6362974430481145,0.035105834843695706,,,,
896,772,307,0.9999984253806866,0.04549299243135582,829.0,766.0,0.633686295104496,0.03502108563298875,888.0,829.0,0.6362974430481145,0.035105834843695706,,,,
897,772,307,0.9999984253806866,0.04549299243135582,829.0,766.0,0.633686295104496,0.03502108563298875,888.0,829.0,0.6362974430481145,0.035105834843695706,,,,
898,772,307,0.9999984253806866,0.04549299243135582,829.0,766.0,0.633686295104496,0.03502108563298875,888.0,829.0,0.6362974430481145,0.035105834843695706,,,,
899,772,307,0.9999984253806866,0.04549299243135582,829.0,766.0,0.633686295104496,0.03502108563298875,888.0,829.0,0.6362974430481145,0.035105834843695706,,,,
900,772,307,0.9999984253806866,0.04549299243135582,829.0,766.0,0.633686295104496,0.03502108563298875,888.0,829.0,0.6362974430481145,0.035105834843695706,,,,
901,772,307,0.9999984253806866,0.04549299243135582,829.0,766.0,0.633686295104496,0.03502108563298875,888.0,829.0,0.6362974430481145,0.035105834843695706,,,,
902,772,307,0.9999984253806866,0.04549299243135582,829.0,766.0,0.633686295104496,0.03502108563298875,888.0,829.0,0.6362974430481145,0.035105834843695706,,,,
903,772,307,0.9999984253806866,0.04549299243135582,829.0,766.0,0.633686295104496,0.03502108563298875,888.0,829.0,0.6362974430481145,0.035105834843695706,,,,
904,772,307,0.9999984253806866,0.04549299243135582,829.0,766.0,0.633686295104496,0.03502108563298875,888.0,829.0,0.6362974430481145,0.035105834843695706,,,,
905,772,307,0.9999984253806866,0.04549299243135582,829.0,766.0,0.633686295104496,0.03502108563298875,888.0,829.0,0.6362974430481145,0.035105834843695706,,,,
906,772,307,0.9999984253806866,0.04549299243135582,829.0,766.0,0.633686295104496,0.03502108563298875,888.0,829.0,0.6362974430481145,0.035105834843695706,,,,
907,772,307,0.9999984253806866,0.04549299243135582,829.0,766.0,0.633686295104496,0.03502108563298875,888.0,829.0,0.6362974430481145,0.035105834843695706,,,,
908,772,307,0.9999984253806866,0.04549299243135582,829.0,766.0,0.633686295104496,0.03502108563298875,888.0,829.0,0.6362974430481145,0.035105834843695706,,,,
909,772,307,0.9999984253806866,0.04549299243135582,829.0,766.0,0.633686295104496,0.03502108563298875,888.0,829.0,0.6362974430481145,0.035105834843695706,,,,
910,772,307,0.9999984253806866,0.04549299243135582,829.0,766.0,0.633686295104496,0.03502108563298875,888.0,829.0,0.6362974430481145,0.035105834843695706,,,,
911,772,307,0.9999984253806866,0.04549299243135582,829.0,766.0,0.633686295104496,0.03502108563298875,888.0,829.0,0.6362974430481145,0.035105834843695706,,,,
912,772,307,0.9999984253806866,0.04549299243135582,829.0,766.0,0.633686295104496,0.03502108563298875,888.0,829.0,0.6362974430481145,0.035105834843695706,,,,
913,772,307,0.9999984253806866,0.04549299243135582,829.0,766.0,0.633686295104496,0.03502108563298875,888.0,829.0,0.6362974430481145,0.035105834843695706,,,,
914,772,307,0.9999984253806866,0.04549299243135582,829.0,766.0,0.633686295104496,0.03502108563298875,888.0,829.0,0.6362974430481145,0.035105834843695706,,,,
915,772,307,0.9999984253806866,0.04549299243135582,829.0,766.0,0.633686295104496,0.03502108563298875,888.0,829.0,0.6362974430481145,0.035105834843695706,,,,
916,772,307,0.9999984253806866,0.04549299243135582,829.0,766.0,0.633686295104496,0.03502108563298875,888.0,829.0,0.6362974430481145,0.035105834843695706,,,,
917,772,307,0.9999984253806866,0.04549299243135582,829.0,766.0,0.633686295104496,0.03502108563298875,888.0,829.0,0.6362974430481145,0.035105834843695706,,,,
918,772,307,0.9999984253806866,0.04549299243135582,829.0,766.0,0.633686295104496,0.03502108563298875,888.0,829.0,0.6362974430481145,0.035105834843695706,,,,
919,772,307,0.9999984253806866,0.04549299243135582,829.0,766.0,0.633686295104496,0.03502108563298875,888.0,829.0,0.6362974430481145,0.035105834843695706,,,,
920,772,307,0.9999984253806866,0.04549299243135582,829.0,766.0,0.633686295104496,0.03502108563298875,888.0,829.0,0.6362974430481145,0.035105834843695706,,,,
921,772,307,0.9999984253806866,0.04549299243135582,829.0,766.0,0.633686295104496,0.03502108563298875,888.0,829.0,0.6362974430481145,0.035105834843695706,,,,
922,772,307,0.9999984253806866,0.04549299243135582,829.0,766.0,0.633686295104496,0.03502108563298875,888.0,829.0,0.6362974430481145,0.035105834843695706,,,,
923,772,307,0.9999984253806866,0.04549299243135582,829.0,766.0,0.633686295104496,0.03502108563298875,888.0,829.0,0.6362974430481145,0.035105834843695706,,,,
924,772,307,0.9999984253806866,0.04549299243135582,829.0,766.0,0.633686295104496,0.03502108563298875,888.0,829.0,0.6362974430481145,0.035105834843695706,,,,
925,772,307,0.9999984253806866,0.04549299243135582,829.0,766.0,0.633686295104496,0.03502108563298875,888.0,829.0,0.6362974430481145,0.035105834843695706,,,,
926,772,307,0.9999984253806866,0.04549299243135582,829.0,766.0,0.633686295104496,0.03502108563298875,888.0,829.0,0.6362974430481145,0.035105834843695706,,,,
927,772,307,0.9999984253806866,0.04549299243135582,829.0,766.0,0.633686295104496,0.03502108563298875,888.0,829.0,0.6362974430481145,0.035105834843695706,,,,
928,772,307,0.9999984253806866,0.04549299243135582,829.0,766.0,0.633686295104496,0.03502108563298875,888.0,829.0,0.6362974430481145,0.035105834843695706,,,,
929,772,307,0.9999984253806866,0.04549299243135582,829.0,766.0,0.633686295104496,0.03502108563298875,888.0,829.0,0.6362974430481145,0.035105834843695706,,,,
930,772,307,0.9999984253806866,0.04549299243135582,888.0,829.0,0.6362974430481145,0.035105834843695706,931.0,772.0,0.9996556254888568,0.04720964083880362,,,,
931,772,307,0.9999984253806866,0.04549299243135582,888.0,829.0,0.6362974430481145,0.035105834843695706,931.0,772.0,0.9996556254888568,0.04720964083880362,,,,
932,772,307,0.9999984253806866,0.04549299243135582,888.0,829.0,0.6362974430481145,0.035105834843695706,931.0,772.0,0.9996556254888568,0.04720964083880362,,,,
933,772,307,0.9999984253806866,0.04549299243135582,888.0,829.0,0.6362974430481145,0.035105834843695706,931.0,772.0,0.9996556254888568,0.04720964083880362,,,,
934,772,307,0.9999984253806866,0.04549299243135582,888.0,829.0,0.6362974430481145,0.035105834843695706,931.0,772.0,0.9996556254888568,0.04720964083880362,,,,
935,772,307,0.9999984253806866,0.04549299243135582,888.0,829.0,0.6362974430481145,0.035105834843695706,931.0,772.0,0.9996556254888568,0.04720964083880362,,,,
936,772,307,0.9999984253806866,0.04549299243135582,888.0,829.0,0.6362974430481145,0.035105834843695706,931.0,772.0,0.9996556254888568,0.04720964083880362,,,,
937,772,307,0.9999984253806866,0.04549299243135582,888.0,829.0,0.6362974430481145,0.035105834843695706,931.0,772.0,0.9996556254888568,0.04720964083880362,,,,
938,772,307,0.9999984253806866,0.04549299243135582,888.0,829.0,0.6362974430481145,0.035105834843695706,931.0,772.0,0.9996556254888568,0.04720964083880362,,,,
939,772,307,0.9999984253806866,0.04549299243135582,888.0,829.0,0.6362974430481145,0.035105834843695706,931.0,772.0,0.9996556254888568,0.04720964083880362,,,,
940,772,307,0.9999984253806866,0.04549299243135582,888.0,829.0,0.6362974430481145,0.035105834843695706,931.0,772.0,0.9996556254888568,0.04720964083880362,,,,
941,772,307,0.9999984253806866,0.04549299243135582,888.0,829.0,0.6362974430481145,0.035105834843695706,931.0,772.0,0.9996556254888568,0.04720964083880362,,,,
942,772,307,0.9999984253806866,0.04549299243135582,888.0,829.0,0.6362974430481145,0.035105834843695706,931.0,772.0,0.9996556254888568,0.04720964083880362,,,,
943,772,307,0.9999984253806866,0.04549299243135582,888.0,829.0,0.6362974430481145,0.035105834843695706,931.0,772.0,0.9996556254888568,0.04720964083880362,,,,
944,772,307,0.9999984253806866,0.04549299243135582,888.0,829.0,0.6362974430481145,0.035105834843695706,931.0,772.0,0.9996556254888568,0.04720964083880362,,,,
945,772,307,0.9999984253806866,0.04549299243135582,888.0,829.0,0.6362974430481145,0.035105834843695706,931.0,772.0,0.9996556254888568,0.04720964083880362,,,,
946,772,307,0.9999984253806866,0.04549299243135582,888.0,829.0,0.6362974430481145,0.035105834843695706,931.0,772.0,0.9996556254888568,0.04720964083880362,,,,
947,772,307,0.9999984253806866,0.04549299243135582,888.0,829.0,0.6362974430481145,0.035105834843695706,931.0,772.0,0.9996556254888568,0.04720964083880362,,,,
948,772,307,0.9999984253806866,0.04549299243135582,888.0,829.0,0.6362974430481145,0.035105834843695706,931.0,772.0,0.9996556254888568,0.04720964083880362,,,,
949,772,307,0.9999984253806866,0.04549299243135582,888.0,829.0,0.6362974430481145,0.035105834843695706,931.0,772.0,0.9996556254888568,0.04720964083880362,,,,
950,772,307,0.9999984253806866,0.04549299243135582,888.0,829.0,0.6362974430481145,0.035105834843695706,931.0,772.0,0.9996556254888568,0.04720964083880362,,,,
951,772,307,0.9999984253806866,0.04549299243135582,888.0,829.0,0.6362974430481145,0.035105834843695706,931.0,772.0,0.9996556254888568,0.04720964083880362,,,,
952,772,307,0.9999984253806866,0.04549299243135582,888.0,829.0,0.6362974430481145,0.035105834843695706,931.0,772.0,0.9996556254888568,0.04720964083880362,,,,
953,772,307,0.9999984253806866,0.04549299243135582,888.0,829.0,0.6362974430481145,0.035105834843695706,931.0,772.0,0.9996556254888568,0.04720964083880362,,,,
954,772,307,0.9999984253806866,0.04549299243135582,888.0,829.0,0.6362974430481145,0.035105834843695706,931.0,772.0,0.9996556254888568,0.04720964083880362,,,,
955,772,307,0.9999984253806866,0.04549299243135582,888.0,829.0,0.6362974430481145,0.035105834843695706,931.0,772.0,0.9996556254888568,0.04720964083880362,,,,
956,772,307,0.9999984253806866,0.04549299243135582,888.0,829.0,0.6362974430481145,0.035105834843695706,931.0,772.0,0.9996556254888568,0.04720964083880362,,,,
957,772,307,0.9999984253806866,0.04549299243135582,888.0,829.0,0.6362974430481145,0.035105834843695706,931.0,772.0,0.9996556254888568,0.04720964083880362,,,,
958,772,307,0.9999984253806866,0.04549299243135582,888.0,829.0,0.6362974430481145,0.035105834843695706,931.0,772.0,0.9996556254888568,0.04720964083880362,,,,
959,772,307,0.9999984253806866,0.04549299243135582,888.0,829.0,0.6362974430481145,0.035105834843695706,931.0,772.0,0.9996556254888568,0.04720964083880362,,,,
960,772,307,0.9999984253806866,0.04549299243135582,888.0,829.0,0.6362974430481145,0.035105834843695706,931.0,772.0,0.9996556254888568,0.04720964083880362,,,,
961,772,307,0.9999984253806866,0.04549299243135582,888.0,829.0,0.6362974430481145,0.035105834843695706,931.0,772.0,0.9996556254888568,0.04720964083880362,,,,
962,772,307,0.9999984253806866,0.04549299243135582,888.0,829.0,0.6362974430481145,0.035105834843695706,931.0,772.0,0.9996556254888568,0.04720964083880362,,,,
963,772,307,0.9999984253806866,0.04549299243135582,888.0,829.0,0.6362974430481145,0.035105834843695706,931.0,772.0,0.9996556254888568,0.04720964083880362,,,,
964,772,307,0.9999984253806866,0.04549299243135582,888.0,829.0,0.6362974430481145,0.035105834843695706,931.0,772.0,0.9996556254888568,0.04720964083880362,,,,
965,772,307,0.9999984253806866,0.04549299243135582,888.0,829.0,0.6362974430481145,0.035105834843695706,931.0,772.0,0.9996556254888568,0.04720964083880362,,,,
966,772,307,0.9999984253806866,0.04549299243135582,888.0,829.0,0.6362974430481145,0.035105834843695706,931.0,772.0,0.9996556254888568,0.04720964083880362,,,,
967,772,307,0.9999984253806866,0.04549299243135582,888.0,829.0,0.6362974430481145,0.035105834843695706,931.0,772.0,0.9996556254888568,0.04720964083880362,,,,
968,772,307,0.9999984253806866,0.04549299243135582,888.0,829.0,0.6362974430481145,0.035105834843695706,931.0,772.0,0.9996556254888568,0.04720964083880362,,,,
969,772,307,0.9999984253806866,0.04549299243135582,888.0,829.0,0.6362974430481145,0.035105834843695706,931.0,772.0,0.9996556254888568,0.04720964083880362,,,,
970,772,307,0.9999984253806866,0.04549299243135582,888.0,829.0,0.6362974430481145,0.035105834843695706,931.0,772.0,0.9996556254888568,0.04720964083880362,,,,
971,772,307,0.9999984253806866,0.04549299243135582,888.0,829.0,0.6362974430481145,0.035105834843695706,931.0,772.0,0.9996556254888568,0.04720964083880362,,,,
972,772,307,0.9999984253806866,0.04549299243135582,888.0,829.0,0.6362974430481145,0.035105834843695706,931.0,772.0,0.9996556254888568,0.04720964083880362,,,,
973,772,307,0.9999984253806866,0.04549299243135582,888.0,829.0,0.6362974430481145,0.035105834843695706,931.0,772.0,0.9996556254888568,0.04720964083880362,,,,
974,772,307,0.9999984253806866,0.04549299243135582,888.0,829.0,0.6362974430481145,0.035105834843695706,931.0,772.0,0.9996556254888568,0.04720964083880362,,,,
975,772,307,0.9999984253806866,0.04549299243135582,888.0,829.0,0.6362974430481145,0.035105834843695706,931.0,772.0,0.9996556254888568,0.04720964083880362,,,,
976,772,307,0.9999984253806866,0.04549299243135582,888.0,829.0,0.6362974430481145,0.035105834843695706,931.0,772.0,0.9996556254888568,0.04720964083880362,,,,
977,772,307,0.9999984253806866,0.04549299243135582,888.0,829.0,0.6362974430481145,0.035105834843695706,931.0,772.0,0.9996556254888568,0.04720964083880362,,,,
978,772,307,0.9999984253806866,0.04549299243135582,888.0,829.0,0.6362974430481145,0.035105834843695706,931.0,772.0,0.9996556254888568,0.04720964083880362,,,,
979,772,307,0.9999984253806866,0.04549299243135582,888.0,829.0,0.6362974430481145,0.035105834843695706,931.0,772.0,0.9996556254888568,0.04720964083880362,,,,
980,772,307,0.9999984253806866,0.04549299243135582,888.0,829.0,0.6362974430481145,0.035105834843695706,931.0,772.0,0.9996556254888568,0.04720964083880362,,,,
981,772,307,0.9999984253806866,0.04549299243135582,888.0,829.0,0.6362974430481145,0.035105834843695706,931.0,772.0,0.9996556254888568,0.04720964083880362,,,,
982,772,307,0.9999984253806866,0.04549299243135582,888.0,829.0,0.6362974430481145,0.035105834843695706,931.0,772.0,0.9996556254888568,0.04720964083880362,,,,
983,772,307,0.9999984253806866,0.04549299243135582,888.0,829.0,0.6362974430481145,0.035105834843695706,931.0,772.0,0.9996556254888568,0.04720964083880362,,,,
984,772,307,0.9999984253806866,0.04549299243135582,888.0,829.0,0.6362974430481145,0.035105834843695706,931.0,772.0,0.9996556254888568,0.04720964083880362,,,,
985,772,307,0.9999984253806866,0.04549299243135582,888.0,829.0,0.6362974430481145,0.035105834843695706,931.0,772.0,0.9996556254888568,0.04720964083880362,,,,
986,772,307,0.9999984253806866,0.04549299243135582,888.0,829.0,0.6362974430481145,0.035105834843695706,931.0,772.0,0.9996556254888568,0.04720964083880362,,,,
987,772,307,0.9999984253806866,0.04549299243135582,888.0,829.0,0.6362974430481145,0.035105834843695706,931.0,772.0,0.9996556254888568,0.04720964083880362,,,,
988,772,307,0.9999984253806866,0.04549299243135582,888.0,829.0,0.6362974430481145,0.035105834843695706,931.0,772.0,0.9996556254888568,0.04720964083880362,,,,
989,772,307,0.9999984253806866,0.04549299243135582,888.0,829.0,0.6362974430481145,0.035105834843695706,931.0,772.0,0.9996556254888568,0.04720964083880362,,,,
990,772,307,0.9999984253806866,0.04549299243135582,888.0,829.0,0.6362974430481145,0.035105834843695706,931.0,772.0,0.9996556254888568,0.04720964083880362,,,,
991,772,307,0.9999984253806866,0.04549299243135582,888.0,829.0,0.6362974430481145,0.035105834843695706,931.0,772.0,0.9996556254888568,0.04720964083880362,,,,
992,772,307,0.9999984253806866,0.04549299243135582,888.0,829.0,0.6362974430481145,0.035105834843695706,931.0,772.0,0.9996556254888568,0.04720964083880362,,,,
993,772,307,0.9999984253806866,0.04549299243135582,888.0,829.0,0.6362974430481145,0.035105834843695706,931.0,772.0,0.9996556254888568,0.04720964083880362,,,,
994,772,307,0.9999984253806866,0.04549299243135582,888.0,829.0,0.6362974430481145,0.035105834843695706,931.0,772.0,0.9996556254888568,0.04720964083880362,,,,
995,772,307,0.9999984253806866,0.04549299243135582,888.0,829.0,0.6362974430481145,0.035105834843695706,931.0,772.0,0.9996556254888568,0.04720964083880362,,,,
996,772,307,0.9999984253806866,0.04549299243135582,888.0,829.0,0.6362974430481145,0.035105834843695706,931.0,772.0,0.9996556254888568,0.04720964083880362,,,,
997,772,307,0.9999984253806866,0.04549299243135582,888.0,829.0,0.6362974430481145,0.035105834843695706,931.0,772.0,0.9996556254888568,0.04720964083880362,,,,
998,772,307,0.9999984253806866,0.04549299243135582,888.0,829.0,0.6362974430481145,0.035105834843695706,931.0,772.0,0.9996556254888568,0.04720964083880362,,,,
999,772,307,0.9999984253806866,0.04549299243135582,888.0,829.0,0.6362974430481145,0.035105834843695706,931.0,772.0,0.9996556254888568,0.04720964083880362,,,,
