mutation_step,id_1,parent_1,f_r_1,phi_1,id_2,parent_2,f_r_2,phi_2,id_3,parent_3,f_r_3,phi_3,id_4,parent_4,f_r_4,phi_4
0,1,0,0.9871649746221064,0.0029419998916619507,,,,,,,,,,,,
1,2,1,0.9658939992668357,0.00791290363734569,,,,,,,,,,,,
2,2,1,0.9658939992668357,0.00791290363734569,,,,,,,,,,,,
3,2,1,0.9658939992668357,0.00791290363734569,,,,,,,,,,,,
4,5,2,0.9370582539676712,0.011338135591755734,,,,,,,,,,,,
5,6,5,0.9063709380909541,0.032210693051611075,,,,,,,,,,,,
6,6,5,0.9063709380909541,0.032210693051611075,,,,,,,,,,,,
7,6,5,0.9063709380909541,0.032210693051611075,,,,,,,,,,,,
8,9,6,0.9058161404388667,0.029813918587251853,,,,,,,,,,,,
9,10,9,0.898158023608047,0.04077164213737437,,,,,,,,,,,,
10,11,10,0.8623930026936595,0.05474114919222434,,,,,,,,,,,,
11,12,11,0.8523507136049416,0.028961799963383095,,,,,,,,,,,,
12,13,12,0.8489026369285523,0.03426483345359477,,,,,,,,,,,,
13,13,12,0.8489026369285523,0.03426483345359477,,,,,,,,,,,,
14,13,12,0.8489026369285523,0.03426483345359477,,,,,,,,,,,,
15,13,12,0.8489026369285523,0.03426483345359477,,,,,,,,,,,,
16,13,12,0.8489026369285523,0.03426483345359477,,,,,,,,,,,,
17,13,12,0.8489026369285523,0.03426483345359477,,,,,,,,,,,,
18,19,13,0.8363691295790235,0.039980207998999526,,,,,,,,,,,,
19,19,13,0.8363691295790235,0.039980207998999526,,,,,,,,,,,,
20,19,13,0.8363691295790235,0.039980207998999526,,,,,,,,,,,,
21,22,19,0.8327100406316171,0.037872496593522445,,,,,,,,,,,,
22,22,19,0.8327100406316171,0.037872496593522445,,,,,,,,,,,,
23,22,19,0.8327100406316171,0.037872496593522445,24.0,22.0,0.7936241484886503,0.036642409775980225,,,,,,,,
24,24,22,0.7936241484886503,0.036642409775980225,25.0,22.0,0.8363249751944563,0.05397953450433393,,,,,,,,
25,24,22,0.7936241484886503,0.036642409775980225,25.0,22.0,0.8363249751944563,0.05397953450433393,,,,,,,,
26,24,22,0.7936241484886503,0.036642409775980225,25.0,22.0,0.8363249751944563,0.05397953450433393,,,,,,,,
27,24,22,0.7936241484886503,0.036642409775980225,25.0,22.0,0.8363249751944563,0.05397953450433393,,,,,,,,
28,24,22,0.7936241484886503,0.036642409775980225,25.0,22.0,0.8363249751944563,0.05397953450433393,,,,,,,,
29,24,22,0.7936241484886503,0.036642409775980225,25.0,22.0,0.8363249751944563,0.05397953450433393,,,,,,,,
30,24,22,0.7936241484886503,0.036642409775980225,25.0,22.0,0.8363249751944563,0.05397953450433393,,,,,,,,
31,24,22,0.7936241484886503,0.036642409775980225,25.0,22.0,0.8363249751944563,0.05397953450433393,,,,,,,,
32,24,22,0.7936241484886503,0.036642409775980225,25.0,22.0,0.8363249751944563,0.05397953450433393,,,,,,,,
33,24,22,0.7936241484886503,0.036642409775980225,25.0,22.0,0.8363249751944563,0.05397953450433393,,,,,,,,
34,24,22,0.7936241484886503,0.036642409775980225,25.0,22.0,0.8363249751944563,0.05397953450433393,,,,,,,,
35,24,22,0.7936241484886503,0.036642409775980225,25.0,22.0,0.8363249751944563,0.05397953450433393,,,,,,,,
36,24,22,0.7936241484886503,0.036642409775980225,25.0,22.0,0.8363249751944563,0.05397953450433393,,,,,,,,
37,24,22,0.7936241484886503,0.036642409775980225,38.0,25.0,0.8469641865473929,0.03352116427307955,,,,,,,,
38,38,25,0.8469641865473929,0.03352116427307955,39.0,24.0,0.7922649018610503,0.031138086830330636,,,,,,,,
39,38,25,0.8469641865473929,0.03352116427307955,39.0,24.0,0.7922649018610503,0.031138086830330636,,,,,,,,
40,39,24,0.7922649018610503,0.031138086830330636,41.0,38.0,0.8419488794857631,0.045940626729871654,,,,,,,,
41,39,24,0.7922649018610503,0.031138086830330636,41.0,38.0,0.8419488794857631,0.045940626729871654,,,,,,,,
42,39,24,0.7922649018610503,0.031138086830330636,41.0,38.0,0.8419488794857631,0.045940626729871654,,,,,,,,
43,39,24,0.7922649018610503,0.031138086830330636,41.0,38.0,0.8419488794857631,0.045940626729871654,44.0,41.0,0.8424975141738295,0.052306035174406844,,,,
44,39,24,0.7922649018610503,0.031138086830330636,41.0,38.0,0.8419488794857631,0.045940626729871654,44.0,41.0,0.8424975141738295,0.052306035174406844,,,,
45,39,24,0.7922649018610503,0.031138086830330636,44.0,41.0,0.8424975141738295,0.052306035174406844,46.0,44.0,0.8601611752704702,0.028656519736112242,,,,
46,39,24,0.7922649018610503,0.031138086830330636,44.0,41.0,0.8424975141738295,0.052306035174406844,46.0,44.0,0.8601611752704702,0.028656519736112242,,,,
47,39,24,0.7922649018610503,0.031138086830330636,44.0,41.0,0.8424975141738295,0.052306035174406844,46.0,44.0,0.8601611752704702,0.028656519736112242,,,,
48,39,24,0.7922649018610503,0.031138086830330636,44.0,41.0,0.8424975141738295,0.052306035174406844,46.0,44.0,0.8601611752704702,0.028656519736112242,,,,
49,39,24,0.7922649018610503,0.031138086830330636,50.0,46.0,0.9038046499552335,0.024811467183280134,,,,,,,,
50,39,24,0.7922649018610503,0.031138086830330636,51.0,50.0,0.9175824276357074,0.03104780117131009,,,,,,,,
51,39,24,0.7922649018610503,0.031138086830330636,51.0,50.0,0.9175824276357074,0.03104780117131009,,,,,,,,
52,39,24,0.7922649018610503,0.031138086830330636,53.0,51.0,0.9280472219184775,0.02730641249734781,,,,,,,,
53,39,24,0.7922649018610503,0.031138086830330636,53.0,51.0,0.9280472219184775,0.02730641249734781,,,,,,,,
54,39,24,0.7922649018610503,0.031138086830330636,53.0,51.0,0.9280472219184775,0.02730641249734781,,,,,,,,
55,39,24,0.7922649018610503,0.031138086830330636,56.0,53.0,0.977076102309518,0.030466709109081242,,,,,,,,
56,39,24,0.7922649018610503,0.031138086830330636,56.0,53.0,0.977076102309518,0.030466709109081242,,,,,,,,
57,39,24,0.7922649018610503,0.031138086830330636,56.0,53.0,0.977076102309518,0.030466709109081242,,,,,,,,
58,39,24,0.7922649018610503,0.031138086830330636,56.0,53.0,0.977076102309518,0.030466709109081242,,,,,,,,
59,39,24,0.7922649018610503,0.031138086830330636,56.0,53.0,0.977076102309518,0.030466709109081242,60.0,56.0,0.9895832458178648,0.025749498135853515,,,,
60,39,24,0.7922649018610503,0.031138086830330636,56.0,53.0,0.977076102309518,0.030466709109081242,,,,,,,,
61,39,24,0.7922649018610503,0.031138086830330636,56.0,53.0,0.977076102309518,0.030466709109081242,,,,,,,,
62,39,24,0.7922649018610503,0.031138086830330636,56.0,53.0,0.977076102309518,0.030466709109081242,,,,,,,,
63,39,24,0.7922649018610503,0.031138086830330636,56.0,53.0,0.977076102309518,0.030466709109081242,,,,,,,,
64,56,53,0.977076102309518,0.030466709109081242,65.0,39.0,0.7706024647165782,0.025584673955758218,,,,,,,,
65,56,53,0.977076102309518,0.030466709109081242,65.0,39.0,0.7706024647165782,0.025584673955758218,,,,,,,,
66,56,53,0.977076102309518,0.030466709109081242,67.0,65.0,0.7454708442229429,0.043114055465111906,,,,,,,,
67,56,53,0.977076102309518,0.030466709109081242,67.0,65.0,0.7454708442229429,0.043114055465111906,,,,,,,,
68,56,53,0.977076102309518,0.030466709109081242,69.0,67.0,0.7280428866035732,0.038088905038371375,,,,,,,,
69,56,53,0.977076102309518,0.030466709109081242,69.0,67.0,0.7280428866035732,0.038088905038371375,,,,,,,,
70,69,67,0.7280428866035732,0.038088905038371375,71.0,56.0,0.9778766680751986,0.04201502185576331,,,,,,,,
71,69,67,0.7280428866035732,0.038088905038371375,71.0,56.0,0.9778766680751986,0.04201502185576331,,,,,,,,
72,69,67,0.7280428866035732,0.038088905038371375,73.0,71.0,0.9851501865761992,0.051383377723552,,,,,,,,
73,69,67,0.7280428866035732,0.038088905038371375,73.0,71.0,0.9851501865761992,0.051383377723552,,,,,,,,
74,69,67,0.7280428866035732,0.038088905038371375,73.0,71.0,0.9851501865761992,0.051383377723552,,,,,,,,
75,69,67,0.7280428866035732,0.038088905038371375,73.0,71.0,0.9851501865761992,0.051383377723552,,,,,,,,
76,69,67,0.7280428866035732,0.038088905038371375,73.0,71.0,0.9851501865761992,0.051383377723552,,,,,,,,
77,69,67,0.7280428866035732,0.038088905038371375,73.0,71.0,0.9851501865761992,0.051383377723552,,,,,,,,
78,69,67,0.7280428866035732,0.038088905038371375,73.0,71.0,0.9851501865761992,0.051383377723552,,,,,,,,
79,69,67,0.7280428866035732,0.038088905038371375,73.0,71.0,0.9851501865761992,0.051383377723552,,,,,,,,
80,73,71,0.9851501865761992,0.051383377723552,81.0,69.0,0.7114076572872431,0.042308577459404695,,,,,,,,
81,73,71,0.9851501865761992,0.051383377723552,81.0,69.0,0.7114076572872431,0.042308577459404695,,,,,,,,
82,73,71,0.9851501865761992,0.051383377723552,81.0,69.0,0.7114076572872431,0.042308577459404695,,,,,,,,
83,73,71,0.9851501865761992,0.051383377723552,81.0,69.0,0.7114076572872431,0.042308577459404695,,,,,,,,
84,73,71,0.9851501865761992,0.051383377723552,81.0,69.0,0.7114076572872431,0.042308577459404695,,,,,,,,
85,73,71,0.9851501865761992,0.051383377723552,81.0,69.0,0.7114076572872431,0.042308577459404695,,,,,,,,
86,73,71,0.9851501865761992,0.051383377723552,81.0,69.0,0.7114076572872431,0.042308577459404695,,,,,,,,
87,73,71,0.9851501865761992,0.051383377723552,81.0,69.0,0.7114076572872431,0.042308577459404695,,,,,,,,
88,73,71,0.9851501865761992,0.051383377723552,81.0,69.0,0.7114076572872431,0.042308577459404695,,,,,,,,
89,73,71,0.9851501865761992,0.051383377723552,81.0,69.0,0.7114076572872431,0.042308577459404695,,,,,,,,
90,73,71,0.9851501865761992,0.051383377723552,81.0,69.0,0.7114076572872431,0.042308577459404695,,,,,,,,
91,73,71,0.9851501865761992,0.051383377723552,92.0,81.0,0.7221642549061694,0.032843146668600935,,,,,,,,
92,73,71,0.9851501865761992,0.051383377723552,92.0,81.0,0.7221642549061694,0.032843146668600935,,,,,,,,
93,73,71,0.9851501865761992,0.051383377723552,92.0,81.0,0.7221642549061694,0.032843146668600935,,,,,,,,
94,73,71,0.9851501865761992,0.051383377723552,92.0,81.0,0.7221642549061694,0.032843146668600935,,,,,,,,
95,73,71,0.9851501865761992,0.051383377723552,92.0,81.0,0.7221642549061694,0.032843146668600935,,,,,,,,
96,92,81,0.7221642549061694,0.032843146668600935,97.0,73.0,0.9924000569764481,0.051417384577434236,,,,,,,,
97,92,81,0.7221642549061694,0.032843146668600935,97.0,73.0,0.9924000569764481,0.051417384577434236,,,,,,,,
98,92,81,0.7221642549061694,0.032843146668600935,97.0,73.0,0.9924000569764481,0.051417384577434236,,,,,,,,
99,92,81,0.7221642549061694,0.032843146668600935,97.0,73.0,0.9924000569764481,0.051417384577434236,,,,,,,,
100,92,81,0.7221642549061694,0.032843146668600935,97.0,73.0,0.9924000569764481,0.051417384577434236,,,,,,,,
101,92,81,0.7221642549061694,0.032843146668600935,97.0,73.0,0.9924000569764481,0.051417384577434236,,,,,,,,
102,97,73,0.9924000569764481,0.051417384577434236,103.0,92.0,0.7166877690416223,0.03623621949153545,,,,,,,,
103,97,73,0.9924000569764481,0.051417384577434236,103.0,92.0,0.7166877690416223,0.03623621949153545,,,,,,,,
104,97,73,0.9924000569764481,0.051417384577434236,103.0,92.0,0.7166877690416223,0.03623621949153545,,,,,,,,
105,97,73,0.9924000569764481,0.051417384577434236,106.0,103.0,0.6982728595598602,0.02981354927200441,,,,,,,,
106,97,73,0.9924000569764481,0.051417384577434236,106.0,103.0,0.6982728595598602,0.02981354927200441,,,,,,,,
107,97,73,0.9924000569764481,0.051417384577434236,106.0,103.0,0.6982728595598602,0.02981354927200441,,,,,,,,
108,97,73,0.9924000569764481,0.051417384577434236,106.0,103.0,0.6982728595598602,0.02981354927200441,,,,,,,,
109,97,73,0.9924000569764481,0.051417384577434236,106.0,103.0,0.6982728595598602,0.02981354927200441,,,,,,,,
110,97,73,0.9924000569764481,0.051417384577434236,106.0,103.0,0.6982728595598602,0.02981354927200441,,,,,,,,
111,106,103,0.6982728595598602,0.02981354927200441,112.0,97.0,0.9975652454560113,0.050881868067769405,,,,,,,,
112,106,103,0.6982728595598602,0.02981354927200441,112.0,97.0,0.9975652454560113,0.050881868067769405,113.0,106.0,0.6936316801846907,0.027803839966187738,,,,
113,106,103,0.6982728595598602,0.02981354927200441,112.0,97.0,0.9975652454560113,0.050881868067769405,113.0,106.0,0.6936316801846907,0.027803839966187738,,,,
114,106,103,0.6982728595598602,0.02981354927200441,112.0,97.0,0.9975652454560113,0.050881868067769405,113.0,106.0,0.6936316801846907,0.027803839966187738,,,,
115,106,103,0.6982728595598602,0.02981354927200441,112.0,97.0,0.9975652454560113,0.050881868067769405,113.0,106.0,0.6936316801846907,0.027803839966187738,,,,
116,106,103,0.6982728595598602,0.02981354927200441,112.0,97.0,0.9975652454560113,0.050881868067769405,113.0,106.0,0.6936316801846907,0.027803839966187738,,,,
117,106,103,0.6982728595598602,0.02981354927200441,112.0,97.0,0.9975652454560113,0.050881868067769405,113.0,106.0,0.6936316801846907,0.027803839966187738,,,,
118,106,103,0.6982728595598602,0.02981354927200441,112.0,97.0,0.9975652454560113,0.050881868067769405,113.0,106.0,0.6936316801846907,0.027803839966187738,,,,
119,106,103,0.6982728595598602,0.02981354927200441,112.0,97.0,0.9975652454560113,0.050881868067769405,113.0,106.0,0.6936316801846907,0.027803839966187738,,,,
120,106,103,0.6982728595598602,0.02981354927200441,112.0,97.0,0.9975652454560113,0.050881868067769405,113.0,106.0,0.6936316801846907,0.027803839966187738,,,,
121,106,103,0.6982728595598602,0.02981354927200441,112.0,97.0,0.9975652454560113,0.050881868067769405,122.0,106.0,0.6815604834244764,0.042680341092468675,,,,
122,106,103,0.6982728595598602,0.02981354927200441,112.0,97.0,0.9975652454560113,0.050881868067769405,122.0,106.0,0.6815604834244764,0.042680341092468675,,,,
123,106,103,0.6982728595598602,0.02981354927200441,112.0,97.0,0.9975652454560113,0.050881868067769405,122.0,106.0,0.6815604834244764,0.042680341092468675,,,,
124,112,97,0.9975652454560113,0.050881868067769405,122.0,106.0,0.6815604834244764,0.042680341092468675,,,,,,,,
125,112,97,0.9975652454560113,0.050881868067769405,122.0,106.0,0.6815604834244764,0.042680341092468675,,,,,,,,
126,112,97,0.9975652454560113,0.050881868067769405,122.0,106.0,0.6815604834244764,0.042680341092468675,,,,,,,,
127,112,97,0.9975652454560113,0.050881868067769405,122.0,106.0,0.6815604834244764,0.042680341092468675,,,,,,,,
128,112,97,0.9975652454560113,0.050881868067769405,122.0,106.0,0.6815604834244764,0.042680341092468675,,,,,,,,
129,112,97,0.9975652454560113,0.050881868067769405,122.0,106.0,0.6815604834244764,0.042680341092468675,,,,,,,,
130,112,97,0.9975652454560113,0.050881868067769405,131.0,122.0,0.6819922404416268,0.03138956342492344,,,,,,,,
131,112,97,0.9975652454560113,0.050881868067769405,131.0,122.0,0.6819922404416268,0.03138956342492344,,,,,,,,
132,112,97,0.9975652454560113,0.050881868067769405,131.0,122.0,0.6819922404416268,0.03138956342492344,,,,,,,,
133,112,97,0.9975652454560113,0.050881868067769405,131.0,122.0,0.6819922404416268,0.03138956342492344,,,,,,,,
134,112,97,0.9975652454560113,0.050881868067769405,131.0,122.0,0.6819922404416268,0.03138956342492344,,,,,,,,
135,112,97,0.9975652454560113,0.050881868067769405,131.0,122.0,0.6819922404416268,0.03138956342492344,136.0,131.0,0.6561782594618342,0.026320213286346858,,,,
136,112,97,0.9975652454560113,0.050881868067769405,131.0,122.0,0.6819922404416268,0.03138956342492344,,,,,,,,
137,112,97,0.9975652454560113,0.050881868067769405,131.0,122.0,0.6819922404416268,0.03138956342492344,,,,,,,,
138,112,97,0.9975652454560113,0.050881868067769405,131.0,122.0,0.6819922404416268,0.03138956342492344,,,,,,,,
139,112,97,0.9975652454560113,0.050881868067769405,131.0,122.0,0.6819922404416268,0.03138956342492344,,,,,,,,
140,112,97,0.9975652454560113,0.050881868067769405,131.0,122.0,0.6819922404416268,0.03138956342492344,,,,,,,,
141,112,97,0.9975652454560113,0.050881868067769405,131.0,122.0,0.6819922404416268,0.03138956342492344,,,,,,,,
142,112,97,0.9975652454560113,0.050881868067769405,131.0,122.0,0.6819922404416268,0.03138956342492344,,,,,,,,
143,112,97,0.9975652454560113,0.050881868067769405,131.0,122.0,0.6819922404416268,0.03138956342492344,,,,,,,,
144,112,97,0.9975652454560113,0.050881868067769405,131.0,122.0,0.6819922404416268,0.03138956342492344,,,,,,,,
145,112,97,0.9975652454560113,0.050881868067769405,131.0,122.0,0.6819922404416268,0.03138956342492344,,,,,,,,
146,112,97,0.9975652454560113,0.050881868067769405,131.0,122.0,0.6819922404416268,0.03138956342492344,,,,,,,,
147,112,97,0.9975652454560113,0.050881868067769405,131.0,122.0,0.6819922404416268,0.03138956342492344,,,,,,,,
148,112,97,0.9975652454560113,0.050881868067769405,131.0,122.0,0.6819922404416268,0.03138956342492344,,,,,,,,
149,112,97,0.9975652454560113,0.050881868067769405,131.0,122.0,0.6819922404416268,0.03138956342492344,,,,,,,,
150,112,97,0.9975652454560113,0.050881868067769405,131.0,122.0,0.6819922404416268,0.03138956342492344,,,,,,,,
151,112,97,0.9975652454560113,0.050881868067769405,131.0,122.0,0.6819922404416268,0.03138956342492344,,,,,,,,
152,112,97,0.9975652454560113,0.050881868067769405,131.0,122.0,0.6819922404416268,0.03138956342492344,,,,,,,,
153,112,97,0.9975652454560113,0.050881868067769405,131.0,122.0,0.6819922404416268,0.03138956342492344,,,,,,,,
154,112,97,0.9975652454560113,0.050881868067769405,131.0,122.0,0.6819922404416268,0.03138956342492344,,,,,,,,
155,112,97,0.9975652454560113,0.050881868067769405,131.0,122.0,0.6819922404416268,0.03138956342492344,,,,,,,,
156,112,97,0.9975652454560113,0.050881868067769405,131.0,122.0,0.6819922404416268,0.03138956342492344,,,,,,,,
157,112,97,0.9975652454560113,0.050881868067769405,131.0,122.0,0.6819922404416268,0.03138956342492344,,,,,,,,
158,112,97,0.9975652454560113,0.050881868067769405,131.0,122.0,0.6819922404416268,0.03138956342492344,159.0,131.0,0.6879724699995761,0.03374411432177684,,,,
159,112,97,0.9975652454560113,0.050881868067769405,131.0,122.0,0.6819922404416268,0.03138956342492344,,,,,,,,
160,112,97,0.9975652454560113,0.050881868067769405,131.0,122.0,0.6819922404416268,0.03138956342492344,,,,,,,,
161,112,97,0.9975652454560113,0.050881868067769405,131.0,122.0,0.6819922404416268,0.03138956342492344,,,,,,,,
162,112,97,0.9975652454560113,0.050881868067769405,131.0,122.0,0.6819922404416268,0.03138956342492344,,,,,,,,
163,112,97,0.9975652454560113,0.050881868067769405,131.0,122.0,0.6819922404416268,0.03138956342492344,,,,,,,,
164,112,97,0.9975652454560113,0.050881868067769405,131.0,122.0,0.6819922404416268,0.03138956342492344,,,,,,,,
165,112,97,0.9975652454560113,0.050881868067769405,131.0,122.0,0.6819922404416268,0.03138956342492344,,,,,,,,
166,112,97,0.9975652454560113,0.050881868067769405,131.0,122.0,0.6819922404416268,0.03138956342492344,,,,,,,,
167,131,122,0.6819922404416268,0.03138956342492344,168.0,112.0,0.9995897867626794,0.05201190232692096,,,,,,,,
168,131,122,0.6819922404416268,0.03138956342492344,168.0,112.0,0.9995897867626794,0.05201190232692096,,,,,,,,
169,131,122,0.6819922404416268,0.03138956342492344,168.0,112.0,0.9995897867626794,0.05201190232692096,,,,,,,,
170,131,122,0.6819922404416268,0.03138956342492344,168.0,112.0,0.9995897867626794,0.05201190232692096,,,,,,,,
171,131,122,0.6819922404416268,0.03138956342492344,168.0,112.0,0.9995897867626794,0.05201190232692096,,,,,,,,
172,131,122,0.6819922404416268,0.03138956342492344,168.0,112.0,0.9995897867626794,0.05201190232692096,173.0,131.0,0.6581397897247879,0.04224102986141656,,,,
173,168,112,0.9995897867626794,0.05201190232692096,173.0,131.0,0.6581397897247879,0.04224102986141656,,,,,,,,
174,168,112,0.9995897867626794,0.05201190232692096,175.0,173.0,0.6716773916071027,0.03770750472911734,,,,,,,,
175,168,112,0.9995897867626794,0.05201190232692096,175.0,173.0,0.6716773916071027,0.03770750472911734,,,,,,,,
176,168,112,0.9995897867626794,0.05201190232692096,175.0,173.0,0.6716773916071027,0.03770750472911734,,,,,,,,
177,168,112,0.9995897867626794,0.05201190232692096,175.0,173.0,0.6716773916071027,0.03770750472911734,,,,,,,,
178,168,112,0.9995897867626794,0.05201190232692096,175.0,173.0,0.6716773916071027,0.03770750472911734,,,,,,,,
179,168,112,0.9995897867626794,0.05201190232692096,175.0,173.0,0.6716773916071027,0.03770750472911734,,,,,,,,
180,168,112,0.9995897867626794,0.05201190232692096,175.0,173.0,0.6716773916071027,0.03770750472911734,,,,,,,,
181,168,112,0.9995897867626794,0.05201190232692096,175.0,173.0,0.6716773916071027,0.03770750472911734,,,,,,,,
182,168,112,0.9995897867626794,0.05201190232692096,175.0,173.0,0.6716773916071027,0.03770750472911734,,,,,,,,
183,168,112,0.9995897867626794,0.05201190232692096,175.0,173.0,0.6716773916071027,0.03770750472911734,,,,,,,,
184,168,112,0.9995897867626794,0.05201190232692096,175.0,173.0,0.6716773916071027,0.03770750472911734,,,,,,,,
185,168,112,0.9995897867626794,0.05201190232692096,175.0,173.0,0.6716773916071027,0.03770750472911734,,,,,,,,
186,168,112,0.9995897867626794,0.05201190232692096,175.0,173.0,0.6716773916071027,0.03770750472911734,,,,,,,,
187,168,112,0.9995897867626794,0.05201190232692096,175.0,173.0,0.6716773916071027,0.03770750472911734,,,,,,,,
188,168,112,0.9995897867626794,0.05201190232692096,175.0,173.0,0.6716773916071027,0.03770750472911734,,,,,,,,
189,168,112,0.9995897867626794,0.05201190232692096,175.0,173.0,0.6716773916071027,0.03770750472911734,,,,,,,,
190,168,112,0.9995897867626794,0.05201190232692096,175.0,173.0,0.6716773916071027,0.03770750472911734,,,,,,,,
191,168,112,0.9995897867626794,0.05201190232692096,175.0,173.0,0.6716773916071027,0.03770750472911734,,,,,,,,
192,168,112,0.9995897867626794,0.05201190232692096,175.0,173.0,0.6716773916071027,0.03770750472911734,,,,,,,,
193,168,112,0.9995897867626794,0.05201190232692096,175.0,173.0,0.6716773916071027,0.03770750472911734,,,,,,,,
194,168,112,0.9995897867626794,0.05201190232692096,175.0,173.0,0.6716773916071027,0.03770750472911734,,,,,,,,
195,168,112,0.9995897867626794,0.05201190232692096,175.0,173.0,0.6716773916071027,0.03770750472911734,,,,,,,,
196,168,112,0.9995897867626794,0.05201190232692096,175.0,173.0,0.6716773916071027,0.03770750472911734,,,,,,,,
197,168,112,0.9995897867626794,0.05201190232692096,175.0,173.0,0.6716773916071027,0.03770750472911734,,,,,,,,
198,168,112,0.9995897867626794,0.05201190232692096,175.0,173.0,0.6716773916071027,0.03770750472911734,,,,,,,,
199,168,112,0.9995897867626794,0.05201190232692096,175.0,173.0,0.6716773916071027,0.03770750472911734,,,,,,,,
200,168,112,0.9995897867626794,0.05201190232692096,175.0,173.0,0.6716773916071027,0.03770750472911734,,,,,,,,
201,168,112,0.9995897867626794,0.05201190232692096,175.0,173.0,0.6716773916071027,0.03770750472911734,,,,,,,,
202,168,112,0.9995897867626794,0.05201190232692096,175.0,173.0,0.6716773916071027,0.03770750472911734,,,,,,,,
203,168,112,0.9995897867626794,0.05201190232692096,175.0,173.0,0.6716773916071027,0.03770750472911734,,,,,,,,
204,168,112,0.9995897867626794,0.05201190232692096,175.0,173.0,0.6716773916071027,0.03770750472911734,,,,,,,,
205,168,112,0.9995897867626794,0.05201190232692096,175.0,173.0,0.6716773916071027,0.03770750472911734,,,,,,,,
206,168,112,0.9995897867626794,0.05201190232692096,175.0,173.0,0.6716773916071027,0.03770750472911734,,,,,,,,
207,168,112,0.9995897867626794,0.05201190232692096,175.0,173.0,0.6716773916071027,0.03770750472911734,,,,,,,,
208,168,112,0.9995897867626794,0.05201190232692096,175.0,173.0,0.6716773916071027,0.03770750472911734,,,,,,,,
209,168,112,0.9995897867626794,0.05201190232692096,175.0,173.0,0.6716773916071027,0.03770750472911734,,,,,,,,
210,168,112,0.9995897867626794,0.05201190232692096,175.0,173.0,0.6716773916071027,0.03770750472911734,,,,,,,,
211,168,112,0.9995897867626794,0.05201190232692096,175.0,173.0,0.6716773916071027,0.03770750472911734,,,,,,,,
212,168,112,0.9995897867626794,0.05201190232692096,175.0,173.0,0.6716773916071027,0.03770750472911734,,,,,,,,
213,168,112,0.9995897867626794,0.05201190232692096,175.0,173.0,0.6716773916071027,0.03770750472911734,,,,,,,,
214,168,112,0.9995897867626794,0.05201190232692096,175.0,173.0,0.6716773916071027,0.03770750472911734,,,,,,,,
215,168,112,0.9995897867626794,0.05201190232692096,175.0,173.0,0.6716773916071027,0.03770750472911734,,,,,,,,
216,168,112,0.9995897867626794,0.05201190232692096,175.0,173.0,0.6716773916071027,0.03770750472911734,,,,,,,,
217,168,112,0.9995897867626794,0.05201190232692096,175.0,173.0,0.6716773916071027,0.03770750472911734,,,,,,,,
218,168,112,0.9995897867626794,0.05201190232692096,175.0,173.0,0.6716773916071027,0.03770750472911734,,,,,,,,
219,168,112,0.9995897867626794,0.05201190232692096,175.0,173.0,0.6716773916071027,0.03770750472911734,,,,,,,,
220,168,112,0.9995897867626794,0.05201190232692096,175.0,173.0,0.6716773916071027,0.03770750472911734,,,,,,,,
221,168,112,0.9995897867626794,0.05201190232692096,175.0,173.0,0.6716773916071027,0.03770750472911734,,,,,,,,
222,168,112,0.9995897867626794,0.05201190232692096,175.0,173.0,0.6716773916071027,0.03770750472911734,,,,,,,,
223,168,112,0.9995897867626794,0.05201190232692096,175.0,173.0,0.6716773916071027,0.03770750472911734,,,,,,,,
224,168,112,0.9995897867626794,0.05201190232692096,175.0,173.0,0.6716773916071027,0.03770750472911734,,,,,,,,
225,168,112,0.9995897867626794,0.05201190232692096,175.0,173.0,0.6716773916071027,0.03770750472911734,,,,,,,,
226,168,112,0.9995897867626794,0.05201190232692096,175.0,173.0,0.6716773916071027,0.03770750472911734,,,,,,,,
227,168,112,0.9995897867626794,0.05201190232692096,175.0,173.0,0.6716773916071027,0.03770750472911734,,,,,,,,
228,168,112,0.9995897867626794,0.05201190232692096,175.0,173.0,0.6716773916071027,0.03770750472911734,,,,,,,,
229,168,112,0.9995897867626794,0.05201190232692096,175.0,173.0,0.6716773916071027,0.03770750472911734,230.0,175.0,0.6644043896455193,0.03867981789867724,,,,
230,168,112,0.9995897867626794,0.05201190232692096,230.0,175.0,0.6644043896455193,0.03867981789867724,,,,,,,,
231,168,112,0.9995897867626794,0.05201190232692096,230.0,175.0,0.6644043896455193,0.03867981789867724,,,,,,,,
232,168,112,0.9995897867626794,0.05201190232692096,230.0,175.0,0.6644043896455193,0.03867981789867724,,,,,,,,
233,168,112,0.9995897867626794,0.05201190232692096,230.0,175.0,0.6644043896455193,0.03867981789867724,,,,,,,,
234,168,112,0.9995897867626794,0.05201190232692096,235.0,230.0,0.6533644353977902,0.0363779996316193,,,,,,,,
235,168,112,0.9995897867626794,0.05201190232692096,235.0,230.0,0.6533644353977902,0.0363779996316193,,,,,,,,
236,168,112,0.9995897867626794,0.05201190232692096,235.0,230.0,0.6533644353977902,0.0363779996316193,,,,,,,,
237,168,112,0.9995897867626794,0.05201190232692096,235.0,230.0,0.6533644353977902,0.0363779996316193,238.0,235.0,0.6372693003910396,0.037477410043838935,,,,
238,168,112,0.9995897867626794,0.05201190232692096,235.0,230.0,0.6533644353977902,0.0363779996316193,238.0,235.0,0.6372693003910396,0.037477410043838935,,,,
239,168,112,0.9995897867626794,0.05201190232692096,235.0,230.0,0.6533644353977902,0.0363779996316193,238.0,235.0,0.6372693003910396,0.037477410043838935,,,,
240,168,112,0.9995897867626794,0.05201190232692096,235.0,230.0,0.6533644353977902,0.0363779996316193,238.0,235.0,0.6372693003910396,0.037477410043838935,,,,
241,168,112,0.9995897867626794,0.05201190232692096,238.0,235.0,0.6372693003910396,0.037477410043838935,242.0,238.0,0.6351397889009472,0.037986923241229605,,,,
242,168,112,0.9995897867626794,0.05201190232692096,238.0,235.0,0.6372693003910396,0.037477410043838935,242.0,238.0,0.6351397889009472,0.037986923241229605,,,,
243,168,112,0.9995897867626794,0.05201190232692096,238.0,235.0,0.6372693003910396,0.037477410043838935,242.0,238.0,0.6351397889009472,0.037986923241229605,,,,
244,168,112,0.9995897867626794,0.05201190232692096,238.0,235.0,0.6372693003910396,0.037477410043838935,242.0,238.0,0.6351397889009472,0.037986923241229605,,,,
245,168,112,0.9995897867626794,0.05201190232692096,238.0,235.0,0.6372693003910396,0.037477410043838935,242.0,238.0,0.6351397889009472,0.037986923241229605,,,,
246,168,112,0.9995897867626794,0.05201190232692096,238.0,235.0,0.6372693003910396,0.037477410043838935,242.0,238.0,0.6351397889009472,0.037986923241229605,,,,
247,168,112,0.9995897867626794,0.05201190232692096,238.0,235.0,0.6372693003910396,0.037477410043838935,,,,,,,,
248,168,112,0.9995897867626794,0.05201190232692096,238.0,235.0,0.6372693003910396,0.037477410043838935,,,,,,,,
249,168,112,0.9995897867626794,0.05201190232692096,238.0,235.0,0.6372693003910396,0.037477410043838935,,,,,,,,
250,168,112,0.9995897867626794,0.05201190232692096,238.0,235.0,0.6372693003910396,0.037477410043838935,,,,,,,,
251,168,112,0.9995897867626794,0.05201190232692096,238.0,235.0,0.6372693003910396,0.037477410043838935,,,,,,,,
252,168,112,0.9995897867626794,0.05201190232692096,238.0,235.0,0.6372693003910396,0.037477410043838935,253.0,238.0,0.6374438697214121,0.03110851882019356,,,,
253,168,112,0.9995897867626794,0.05201190232692096,238.0,235.0,0.6372693003910396,0.037477410043838935,253.0,238.0,0.6374438697214121,0.03110851882019356,,,,
254,168,112,0.9995897867626794,0.05201190232692096,238.0,235.0,0.6372693003910396,0.037477410043838935,253.0,238.0,0.6374438697214121,0.03110851882019356,,,,
255,168,112,0.9995897867626794,0.05201190232692096,238.0,235.0,0.6372693003910396,0.037477410043838935,253.0,238.0,0.6374438697214121,0.03110851882019356,,,,
256,168,112,0.9995897867626794,0.05201190232692096,238.0,235.0,0.6372693003910396,0.037477410043838935,,,,,,,,
257,168,112,0.9995897867626794,0.05201190232692096,238.0,235.0,0.6372693003910396,0.037477410043838935,,,,,,,,
258,168,112,0.9995897867626794,0.05201190232692096,238.0,235.0,0.6372693003910396,0.037477410043838935,,,,,,,,
259,168,112,0.9995897867626794,0.05201190232692096,238.0,235.0,0.6372693003910396,0.037477410043838935,,,,,,,,
260,168,112,0.9995897867626794,0.05201190232692096,238.0,235.0,0.6372693003910396,0.037477410043838935,,,,,,,,
261,168,112,0.9995897867626794,0.05201190232692096,238.0,235.0,0.6372693003910396,0.037477410043838935,,,,,,,,
262,168,112,0.9995897867626794,0.05201190232692096,238.0,235.0,0.6372693003910396,0.037477410043838935,,,,,,,,
263,168,112,0.9995897867626794,0.05201190232692096,238.0,235.0,0.6372693003910396,0.037477410043838935,,,,,,,,
264,168,112,0.9995897867626794,0.05201190232692096,238.0,235.0,0.6372693003910396,0.037477410043838935,,,,,,,,
265,168,112,0.9995897867626794,0.05201190232692096,238.0,235.0,0.6372693003910396,0.037477410043838935,,,,,,,,
266,168,112,0.9995897867626794,0.05201190232692096,238.0,235.0,0.6372693003910396,0.037477410043838935,,,,,,,,
267,168,112,0.9995897867626794,0.05201190232692096,238.0,235.0,0.6372693003910396,0.037477410043838935,,,,,,,,
268,168,112,0.9995897867626794,0.05201190232692096,238.0,235.0,0.6372693003910396,0.037477410043838935,,,,,,,,
269,168,112,0.9995897867626794,0.05201190232692096,238.0,235.0,0.6372693003910396,0.037477410043838935,,,,,,,,
270,168,112,0.9995897867626794,0.05201190232692096,238.0,235.0,0.6372693003910396,0.037477410043838935,,,,,,,,
271,168,112,0.9995897867626794,0.05201190232692096,238.0,235.0,0.6372693003910396,0.037477410043838935,,,,,,,,
272,168,112,0.9995897867626794,0.05201190232692096,238.0,235.0,0.6372693003910396,0.037477410043838935,,,,,,,,
273,168,112,0.9995897867626794,0.05201190232692096,238.0,235.0,0.6372693003910396,0.037477410043838935,,,,,,,,
274,168,112,0.9995897867626794,0.05201190232692096,238.0,235.0,0.6372693003910396,0.037477410043838935,275.0,238.0,0.6363766405758774,0.034059129055622486,,,,
275,168,112,0.9995897867626794,0.05201190232692096,238.0,235.0,0.6372693003910396,0.037477410043838935,275.0,238.0,0.6363766405758774,0.034059129055622486,,,,
276,168,112,0.9995897867626794,0.05201190232692096,238.0,235.0,0.6372693003910396,0.037477410043838935,275.0,238.0,0.6363766405758774,0.034059129055622486,,,,
277,168,112,0.9995897867626794,0.05201190232692096,275.0,238.0,0.6363766405758774,0.034059129055622486,,,,,,,,
278,168,112,0.9995897867626794,0.05201190232692096,275.0,238.0,0.6363766405758774,0.034059129055622486,,,,,,,,
279,168,112,0.9995897867626794,0.05201190232692096,275.0,238.0,0.6363766405758774,0.034059129055622486,,,,,,,,
280,168,112,0.9995897867626794,0.05201190232692096,275.0,238.0,0.6363766405758774,0.034059129055622486,,,,,,,,
281,168,112,0.9995897867626794,0.05201190232692096,275.0,238.0,0.6363766405758774,0.034059129055622486,,,,,,,,
282,168,112,0.9995897867626794,0.05201190232692096,275.0,238.0,0.6363766405758774,0.034059129055622486,,,,,,,,
283,168,112,0.9995897867626794,0.05201190232692096,275.0,238.0,0.6363766405758774,0.034059129055622486,,,,,,,,
284,168,112,0.9995897867626794,0.05201190232692096,275.0,238.0,0.6363766405758774,0.034059129055622486,,,,,,,,
285,168,112,0.9995897867626794,0.05201190232692096,275.0,238.0,0.6363766405758774,0.034059129055622486,,,,,,,,
286,168,112,0.9995897867626794,0.05201190232692096,275.0,238.0,0.6363766405758774,0.034059129055622486,287.0,275.0,0.6428534303430932,0.033094732282845984,,,,
287,168,112,0.9995897867626794,0.05201190232692096,275.0,238.0,0.6363766405758774,0.034059129055622486,287.0,275.0,0.6428534303430932,0.033094732282845984,,,,
288,168,112,0.9995897867626794,0.05201190232692096,275.0,238.0,0.6363766405758774,0.034059129055622486,287.0,275.0,0.6428534303430932,0.033094732282845984,,,,
289,168,112,0.9995897867626794,0.05201190232692096,275.0,238.0,0.6363766405758774,0.034059129055622486,287.0,275.0,0.6428534303430932,0.033094732282845984,,,,
290,168,112,0.9995897867626794,0.05201190232692096,275.0,238.0,0.6363766405758774,0.034059129055622486,287.0,275.0,0.6428534303430932,0.033094732282845984,,,,
291,168,112,0.9995897867626794,0.05201190232692096,275.0,238.0,0.6363766405758774,0.034059129055622486,287.0,275.0,0.6428534303430932,0.033094732282845984,,,,
292,168,112,0.9995897867626794,0.05201190232692096,275.0,238.0,0.6363766405758774,0.034059129055622486,287.0,275.0,0.6428534303430932,0.033094732282845984,,,,
293,168,112,0.9995897867626794,0.05201190232692096,275.0,238.0,0.6363766405758774,0.034059129055622486,287.0,275.0,0.6428534303430932,0.033094732282845984,,,,
294,168,112,0.9995897867626794,0.05201190232692096,275.0,238.0,0.6363766405758774,0.034059129055622486,287.0,275.0,0.6428534303430932,0.033094732282845984,,,,
295,168,112,0.9995897867626794,0.05201190232692096,275.0,238.0,0.6363766405758774,0.034059129055622486,287.0,275.0,0.6428534303430932,0.033094732282845984,,,,
296,168,112,0.9995897867626794,0.05201190232692096,275.0,238.0,0.6363766405758774,0.034059129055622486,287.0,275.0,0.6428534303430932,0.033094732282845984,,,,
297,168,112,0.9995897867626794,0.05201190232692096,275.0,238.0,0.6363766405758774,0.034059129055622486,287.0,275.0,0.6428534303430932,0.033094732282845984,,,,
298,168,112,0.9995897867626794,0.05201190232692096,275.0,238.0,0.6363766405758774,0.034059129055622486,,,,,,,,
299,168,112,0.9995897867626794,0.05201190232692096,275.0,238.0,0.6363766405758774,0.034059129055622486,,,,,,,,
300,168,112,0.9995897867626794,0.05201190232692096,275.0,238.0,0.6363766405758774,0.034059129055622486,,,,,,,,
301,168,112,0.9995897867626794,0.05201190232692096,275.0,238.0,0.6363766405758774,0.034059129055622486,,,,,,,,
302,168,112,0.9995897867626794,0.05201190232692096,275.0,238.0,0.6363766405758774,0.034059129055622486,,,,,,,,
303,168,112,0.9995897867626794,0.05201190232692096,275.0,238.0,0.6363766405758774,0.034059129055622486,,,,,,,,
304,168,112,0.9995897867626794,0.05201190232692096,275.0,238.0,0.6363766405758774,0.034059129055622486,,,,,,,,
305,168,112,0.9995897867626794,0.05201190232692096,275.0,238.0,0.6363766405758774,0.034059129055622486,,,,,,,,
306,168,112,0.9995897867626794,0.05201190232692096,275.0,238.0,0.6363766405758774,0.034059129055622486,,,,,,,,
307,168,112,0.9995897867626794,0.05201190232692096,275.0,238.0,0.6363766405758774,0.034059129055622486,,,,,,,,
308,168,112,0.9995897867626794,0.05201190232692096,275.0,238.0,0.6363766405758774,0.034059129055622486,,,,,,,,
309,168,112,0.9995897867626794,0.05201190232692096,275.0,238.0,0.6363766405758774,0.034059129055622486,,,,,,,,
310,168,112,0.9995897867626794,0.05201190232692096,275.0,238.0,0.6363766405758774,0.034059129055622486,,,,,,,,
311,168,112,0.9995897867626794,0.05201190232692096,275.0,238.0,0.6363766405758774,0.034059129055622486,,,,,,,,
312,168,112,0.9995897867626794,0.05201190232692096,275.0,238.0,0.6363766405758774,0.034059129055622486,,,,,,,,
313,168,112,0.9995897867626794,0.05201190232692096,275.0,238.0,0.6363766405758774,0.034059129055622486,,,,,,,,
314,168,112,0.9995897867626794,0.05201190232692096,275.0,238.0,0.6363766405758774,0.034059129055622486,,,,,,,,
315,168,112,0.9995897867626794,0.05201190232692096,275.0,238.0,0.6363766405758774,0.034059129055622486,,,,,,,,
316,168,112,0.9995897867626794,0.05201190232692096,275.0,238.0,0.6363766405758774,0.034059129055622486,,,,,,,,
317,168,112,0.9995897867626794,0.05201190232692096,275.0,238.0,0.6363766405758774,0.034059129055622486,,,,,,,,
318,168,112,0.9995897867626794,0.05201190232692096,275.0,238.0,0.6363766405758774,0.034059129055622486,,,,,,,,
319,168,112,0.9995897867626794,0.05201190232692096,275.0,238.0,0.6363766405758774,0.034059129055622486,,,,,,,,
320,168,112,0.9995897867626794,0.05201190232692096,275.0,238.0,0.6363766405758774,0.034059129055622486,,,,,,,,
321,168,112,0.9995897867626794,0.05201190232692096,275.0,238.0,0.6363766405758774,0.034059129055622486,,,,,,,,
322,168,112,0.9995897867626794,0.05201190232692096,275.0,238.0,0.6363766405758774,0.034059129055622486,,,,,,,,
323,168,112,0.9995897867626794,0.05201190232692096,275.0,238.0,0.6363766405758774,0.034059129055622486,324.0,275.0,0.6364458696979839,0.03483424716906922,,,,
324,168,112,0.9995897867626794,0.05201190232692096,275.0,238.0,0.6363766405758774,0.034059129055622486,324.0,275.0,0.6364458696979839,0.03483424716906922,,,,
325,168,112,0.9995897867626794,0.05201190232692096,275.0,238.0,0.6363766405758774,0.034059129055622486,324.0,275.0,0.6364458696979839,0.03483424716906922,326.0,324.0,0.6367460222623773,0.03732546858160027
326,168,112,0.9995897867626794,0.05201190232692096,275.0,238.0,0.6363766405758774,0.034059129055622486,324.0,275.0,0.6364458696979839,0.03483424716906922,326.0,324.0,0.6367460222623773,0.03732546858160027
327,168,112,0.9995897867626794,0.05201190232692096,275.0,238.0,0.6363766405758774,0.034059129055622486,324.0,275.0,0.6364458696979839,0.03483424716906922,326.0,324.0,0.6367460222623773,0.03732546858160027
328,168,112,0.9995897867626794,0.05201190232692096,275.0,238.0,0.6363766405758774,0.034059129055622486,324.0,275.0,0.6364458696979839,0.03483424716906922,326.0,324.0,0.6367460222623773,0.03732546858160027
329,168,112,0.9995897867626794,0.05201190232692096,275.0,238.0,0.6363766405758774,0.034059129055622486,324.0,275.0,0.6364458696979839,0.03483424716906922,326.0,324.0,0.6367460222623773,0.03732546858160027
330,168,112,0.9995897867626794,0.05201190232692096,275.0,238.0,0.6363766405758774,0.034059129055622486,324.0,275.0,0.6364458696979839,0.03483424716906922,326.0,324.0,0.6367460222623773,0.03732546858160027
331,168,112,0.9995897867626794,0.05201190232692096,275.0,238.0,0.6363766405758774,0.034059129055622486,324.0,275.0,0.6364458696979839,0.03483424716906922,326.0,324.0,0.6367460222623773,0.03732546858160027
332,168,112,0.9995897867626794,0.05201190232692096,275.0,238.0,0.6363766405758774,0.034059129055622486,324.0,275.0,0.6364458696979839,0.03483424716906922,326.0,324.0,0.6367460222623773,0.03732546858160027
333,168,112,0.9995897867626794,0.05201190232692096,275.0,238.0,0.6363766405758774,0.034059129055622486,324.0,275.0,0.6364458696979839,0.03483424716906922,,,,
334,168,112,0.9995897867626794,0.05201190232692096,275.0,238.0,0.6363766405758774,0.034059129055622486,324.0,275.0,0.6364458696979839,0.03483424716906922,,,,
335,168,112,0.9995897867626794,0.05201190232692096,275.0,238.0,0.6363766405758774,0.034059129055622486,324.0,275.0,0.6364458696979839,0.03483424716906922,,,,
336,168,112,0.9995897867626794,0.05201190232692096,275.0,238.0,0.6363766405758774,0.034059129055622486,324.0,275.0,0.6364458696979839,0.03483424716906922,,,,
337,168,112,0.9995897867626794,0.05201190232692096,275.0,238.0,0.6363766405758774,0.034059129055622486,324.0,275.0,0.6364458696979839,0.03483424716906922,,,,
338,168,112,0.9995897867626794,0.05201190232692096,275.0,238.0,0.6363766405758774,0.034059129055622486,324.0,275.0,0.6364458696979839,0.03483424716906922,,,,
339,168,112,0.9995897867626794,0.05201190232692096,275.0,238.0,0.6363766405758774,0.034059129055622486,324.0,275.0,0.6364458696979839,0.03483424716906922,,,,
340,168,112,0.9995897867626794,0.05201190232692096,275.0,238.0,0.6363766405758774,0.034059129055622486,324.0,275.0,0.6364458696979839,0.03483424716906922,,,,
341,168,112,0.9995897867626794,0.05201190232692096,275.0,238.0,0.6363766405758774,0.034059129055622486,324.0,275.0,0.6364458696979839,0.03483424716906922,,,,
342,168,112,0.9995897867626794,0.05201190232692096,275.0,238.0,0.6363766405758774,0.034059129055622486,324.0,275.0,0.6364458696979839,0.03483424716906922,,,,
343,168,112,0.9995897867626794,0.05201190232692096,275.0,238.0,0.6363766405758774,0.034059129055622486,324.0,275.0,0.6364458696979839,0.03483424716906922,,,,
344,168,112,0.9995897867626794,0.05201190232692096,275.0,238.0,0.6363766405758774,0.034059129055622486,324.0,275.0,0.6364458696979839,0.03483424716906922,,,,
345,168,112,0.9995897867626794,0.05201190232692096,275.0,238.0,0.6363766405758774,0.034059129055622486,324.0,275.0,0.6364458696979839,0.03483424716906922,,,,
346,168,112,0.9995897867626794,0.05201190232692096,275.0,238.0,0.6363766405758774,0.034059129055622486,324.0,275.0,0.6364458696979839,0.03483424716906922,,,,
347,168,112,0.9995897867626794,0.05201190232692096,275.0,238.0,0.6363766405758774,0.034059129055622486,324.0,275.0,0.6364458696979839,0.03483424716906922,,,,
348,168,112,0.9995897867626794,0.05201190232692096,275.0,238.0,0.6363766405758774,0.034059129055622486,324.0,275.0,0.6364458696979839,0.03483424716906922,,,,
349,168,112,0.9995897867626794,0.05201190232692096,275.0,238.0,0.6363766405758774,0.034059129055622486,324.0,275.0,0.6364458696979839,0.03483424716906922,,,,
350,168,112,0.9995897867626794,0.05201190232692096,275.0,238.0,0.6363766405758774,0.034059129055622486,324.0,275.0,0.6364458696979839,0.03483424716906922,,,,
351,168,112,0.9995897867626794,0.05201190232692096,275.0,238.0,0.6363766405758774,0.034059129055622486,324.0,275.0,0.6364458696979839,0.03483424716906922,,,,
352,168,112,0.9995897867626794,0.05201190232692096,275.0,238.0,0.6363766405758774,0.034059129055622486,324.0,275.0,0.6364458696979839,0.03483424716906922,,,,
353,168,112,0.9995897867626794,0.05201190232692096,275.0,238.0,0.6363766405758774,0.034059129055622486,324.0,275.0,0.6364458696979839,0.03483424716906922,,,,
354,168,112,0.9995897867626794,0.05201190232692096,275.0,238.0,0.6363766405758774,0.034059129055622486,324.0,275.0,0.6364458696979839,0.03483424716906922,,,,
355,168,112,0.9995897867626794,0.05201190232692096,275.0,238.0,0.6363766405758774,0.034059129055622486,324.0,275.0,0.6364458696979839,0.03483424716906922,,,,
356,168,112,0.9995897867626794,0.05201190232692096,275.0,238.0,0.6363766405758774,0.034059129055622486,324.0,275.0,0.6364458696979839,0.03483424716906922,,,,
357,168,112,0.9995897867626794,0.05201190232692096,275.0,238.0,0.6363766405758774,0.034059129055622486,324.0,275.0,0.6364458696979839,0.03483424716906922,,,,
358,168,112,0.9995897867626794,0.05201190232692096,275.0,238.0,0.6363766405758774,0.034059129055622486,324.0,275.0,0.6364458696979839,0.03483424716906922,,,,
359,168,112,0.9995897867626794,0.05201190232692096,275.0,238.0,0.6363766405758774,0.034059129055622486,324.0,275.0,0.6364458696979839,0.03483424716906922,,,,
360,168,112,0.9995897867626794,0.05201190232692096,275.0,238.0,0.6363766405758774,0.034059129055622486,324.0,275.0,0.6364458696979839,0.03483424716906922,,,,
361,168,112,0.9995897867626794,0.05201190232692096,275.0,238.0,0.6363766405758774,0.034059129055622486,324.0,275.0,0.6364458696979839,0.03483424716906922,,,,
362,168,112,0.9995897867626794,0.05201190232692096,275.0,238.0,0.6363766405758774,0.034059129055622486,324.0,275.0,0.6364458696979839,0.03483424716906922,,,,
363,168,112,0.9995897867626794,0.05201190232692096,275.0,238.0,0.6363766405758774,0.034059129055622486,324.0,275.0,0.6364458696979839,0.03483424716906922,,,,
364,168,112,0.9995897867626794,0.05201190232692096,275.0,238.0,0.6363766405758774,0.034059129055622486,324.0,275.0,0.6364458696979839,0.03483424716906922,,,,
365,168,112,0.9995897867626794,0.05201190232692096,275.0,238.0,0.6363766405758774,0.034059129055622486,324.0,275.0,0.6364458696979839,0.03483424716906922,,,,
366,168,112,0.9995897867626794,0.05201190232692096,275.0,238.0,0.6363766405758774,0.034059129055622486,324.0,275.0,0.6364458696979839,0.03483424716906922,,,,
367,168,112,0.9995897867626794,0.05201190232692096,275.0,238.0,0.6363766405758774,0.034059129055622486,324.0,275.0,0.6364458696979839,0.03483424716906922,,,,
368,168,112,0.9995897867626794,0.05201190232692096,275.0,238.0,0.6363766405758774,0.034059129055622486,324.0,275.0,0.6364458696979839,0.03483424716906922,,,,
369,168,112,0.9995897867626794,0.05201190232692096,275.0,238.0,0.6363766405758774,0.034059129055622486,324.0,275.0,0.6364458696979839,0.03483424716906922,,,,
370,168,112,0.9995897867626794,0.05201190232692096,275.0,238.0,0.6363766405758774,0.034059129055622486,324.0,275.0,0.6364458696979839,0.03483424716906922,,,,
371,168,112,0.9995897867626794,0.05201190232692096,275.0,238.0,0.6363766405758774,0.034059129055622486,324.0,275.0,0.6364458696979839,0.03483424716906922,,,,
372,168,112,0.9995897867626794,0.05201190232692096,275.0,238.0,0.6363766405758774,0.034059129055622486,324.0,275.0,0.6364458696979839,0.03483424716906922,,,,
373,168,112,0.9995897867626794,0.05201190232692096,275.0,238.0,0.6363766405758774,0.034059129055622486,324.0,275.0,0.6364458696979839,0.03483424716906922,374.0,324.0,0.6310768950641731,0.03174230669490245
374,168,112,0.9995897867626794,0.05201190232692096,275.0,238.0,0.6363766405758774,0.034059129055622486,324.0,275.0,0.6364458696979839,0.03483424716906922,374.0,324.0,0.6310768950641731,0.03174230669490245
375,168,112,0.9995897867626794,0.05201190232692096,275.0,238.0,0.6363766405758774,0.034059129055622486,324.0,275.0,0.6364458696979839,0.03483424716906922,,,,
376,168,112,0.9995897867626794,0.05201190232692096,275.0,238.0,0.6363766405758774,0.034059129055622486,324.0,275.0,0.6364458696979839,0.03483424716906922,,,,
377,168,112,0.9995897867626794,0.05201190232692096,275.0,238.0,0.6363766405758774,0.034059129055622486,324.0,275.0,0.6364458696979839,0.03483424716906922,,,,
378,168,112,0.9995897867626794,0.05201190232692096,275.0,238.0,0.6363766405758774,0.034059129055622486,324.0,275.0,0.6364458696979839,0.03483424716906922,,,,
379,168,112,0.9995897867626794,0.05201190232692096,275.0,238.0,0.6363766405758774,0.034059129055622486,324.0,275.0,0.6364458696979839,0.03483424716906922,,,,
380,168,112,0.9995897867626794,0.05201190232692096,275.0,238.0,0.6363766405758774,0.034059129055622486,324.0,275.0,0.6364458696979839,0.03483424716906922,,,,
381,168,112,0.9995897867626794,0.05201190232692096,275.0,238.0,0.6363766405758774,0.034059129055622486,324.0,275.0,0.6364458696979839,0.03483424716906922,,,,
382,168,112,0.9995897867626794,0.05201190232692096,275.0,238.0,0.6363766405758774,0.034059129055622486,324.0,275.0,0.6364458696979839,0.03483424716906922,,,,
383,168,112,0.9995897867626794,0.05201190232692096,275.0,238.0,0.6363766405758774,0.034059129055622486,324.0,275.0,0.6364458696979839,0.03483424716906922,,,,
384,168,112,0.9995897867626794,0.05201190232692096,275.0,238.0,0.6363766405758774,0.034059129055622486,324.0,275.0,0.6364458696979839,0.03483424716906922,,,,
385,168,112,0.9995897867626794,0.05201190232692096,275.0,238.0,0.6363766405758774,0.034059129055622486,324.0,275.0,0.6364458696979839,0.03483424716906922,,,,
386,168,112,0.9995897867626794,0.05201190232692096,275.0,238.0,0.6363766405758774,0.034059129055622486,324.0,275.0,0.6364458696979839,0.03483424716906922,,,,
387,168,112,0.9995897867626794,0.05201190232692096,275.0,238.0,0.6363766405758774,0.034059129055622486,324.0,275.0,0.6364458696979839,0.03483424716906922,,,,
388,168,112,0.9995897867626794,0.05201190232692096,275.0,238.0,0.6363766405758774,0.034059129055622486,324.0,275.0,0.6364458696979839,0.03483424716906922,,,,
389,168,112,0.9995897867626794,0.05201190232692096,275.0,238.0,0.6363766405758774,0.034059129055622486,324.0,275.0,0.6364458696979839,0.03483424716906922,,,,
390,168,112,0.9995897867626794,0.05201190232692096,324.0,275.0,0.6364458696979839,0.03483424716906922,,,,,,,,
391,168,112,0.9995897867626794,0.05201190232692096,324.0,275.0,0.6364458696979839,0.03483424716906922,,,,,,,,
392,168,112,0.9995897867626794,0.05201190232692096,324.0,275.0,0.6364458696979839,0.03483424716906922,,,,,,,,
393,168,112,0.9995897867626794,0.05201190232692096,324.0,275.0,0.6364458696979839,0.03483424716906922,,,,,,,,
394,168,112,0.9995897867626794,0.05201190232692096,324.0,275.0,0.6364458696979839,0.03483424716906922,395.0,324.0,0.6321863356236687,0.03693682041451508,,,,
395,168,112,0.9995897867626794,0.05201190232692096,324.0,275.0,0.6364458696979839,0.03483424716906922,395.0,324.0,0.6321863356236687,0.03693682041451508,,,,
396,168,112,0.9995897867626794,0.05201190232692096,324.0,275.0,0.6364458696979839,0.03483424716906922,395.0,324.0,0.6321863356236687,0.03693682041451508,,,,
397,168,112,0.9995897867626794,0.05201190232692096,324.0,275.0,0.6364458696979839,0.03483424716906922,395.0,324.0,0.6321863356236687,0.03693682041451508,,,,
398,168,112,0.9995897867626794,0.05201190232692096,324.0,275.0,0.6364458696979839,0.03483424716906922,395.0,324.0,0.6321863356236687,0.03693682041451508,,,,
399,168,112,0.9995897867626794,0.05201190232692096,324.0,275.0,0.6364458696979839,0.03483424716906922,,,,,,,,
400,168,112,0.9995897867626794,0.05201190232692096,324.0,275.0,0.6364458696979839,0.03483424716906922,,,,,,,,
401,168,112,0.9995897867626794,0.05201190232692096,324.0,275.0,0.6364458696979839,0.03483424716906922,,,,,,,,
402,168,112,0.9995897867626794,0.05201190232692096,324.0,275.0,0.6364458696979839,0.03483424716906922,,,,,,,,
403,168,112,0.9995897867626794,0.05201190232692096,324.0,275.0,0.6364458696979839,0.03483424716906922,,,,,,,,
404,168,112,0.9995897867626794,0.05201190232692096,324.0,275.0,0.6364458696979839,0.03483424716906922,,,,,,,,
405,168,112,0.9995897867626794,0.05201190232692096,324.0,275.0,0.6364458696979839,0.03483424716906922,,,,,,,,
406,168,112,0.9995897867626794,0.05201190232692096,324.0,275.0,0.6364458696979839,0.03483424716906922,,,,,,,,
407,168,112,0.9995897867626794,0.05201190232692096,324.0,275.0,0.6364458696979839,0.03483424716906922,,,,,,,,
408,168,112,0.9995897867626794,0.05201190232692096,324.0,275.0,0.6364458696979839,0.03483424716906922,,,,,,,,
409,168,112,0.9995897867626794,0.05201190232692096,324.0,275.0,0.6364458696979839,0.03483424716906922,,,,,,,,
410,168,112,0.9995897867626794,0.05201190232692096,324.0,275.0,0.6364458696979839,0.03483424716906922,,,,,,,,
411,168,112,0.9995897867626794,0.05201190232692096,324.0,275.0,0.6364458696979839,0.03483424716906922,,,,,,,,
412,168,112,0.9995897867626794,0.05201190232692096,324.0,275.0,0.6364458696979839,0.03483424716906922,,,,,,,,
413,168,112,0.9995897867626794,0.05201190232692096,324.0,275.0,0.6364458696979839,0.03483424716906922,,,,,,,,
414,168,112,0.9995897867626794,0.05201190232692096,324.0,275.0,0.6364458696979839,0.03483424716906922,,,,,,,,
415,168,112,0.9995897867626794,0.05201190232692096,324.0,275.0,0.6364458696979839,0.03483424716906922,,,,,,,,
416,168,112,0.9995897867626794,0.05201190232692096,324.0,275.0,0.6364458696979839,0.03483424716906922,,,,,,,,
417,168,112,0.9995897867626794,0.05201190232692096,324.0,275.0,0.6364458696979839,0.03483424716906922,,,,,,,,
418,168,112,0.9995897867626794,0.05201190232692096,324.0,275.0,0.6364458696979839,0.03483424716906922,,,,,,,,
419,168,112,0.9995897867626794,0.05201190232692096,324.0,275.0,0.6364458696979839,0.03483424716906922,,,,,,,,
420,168,112,0.9995897867626794,0.05201190232692096,324.0,275.0,0.6364458696979839,0.03483424716906922,,,,,,,,
421,168,112,0.9995897867626794,0.05201190232692096,324.0,275.0,0.6364458696979839,0.03483424716906922,,,,,,,,
422,168,112,0.9995897867626794,0.05201190232692096,324.0,275.0,0.6364458696979839,0.03483424716906922,,,,,,,,
423,168,112,0.9995897867626794,0.05201190232692096,324.0,275.0,0.6364458696979839,0.03483424716906922,,,,,,,,
424,168,112,0.9995897867626794,0.05201190232692096,324.0,275.0,0.6364458696979839,0.03483424716906922,,,,,,,,
425,168,112,0.9995897867626794,0.05201190232692096,324.0,275.0,0.6364458696979839,0.03483424716906922,,,,,,,,
426,168,112,0.9995897867626794,0.05201190232692096,324.0,275.0,0.6364458696979839,0.03483424716906922,,,,,,,,
427,168,112,0.9995897867626794,0.05201190232692096,324.0,275.0,0.6364458696979839,0.03483424716906922,,,,,,,,
428,168,112,0.9995897867626794,0.05201190232692096,324.0,275.0,0.6364458696979839,0.03483424716906922,,,,,,,,
429,168,112,0.9995897867626794,0.05201190232692096,324.0,275.0,0.6364458696979839,0.03483424716906922,,,,,,,,
430,168,112,0.9995897867626794,0.05201190232692096,324.0,275.0,0.6364458696979839,0.03483424716906922,,,,,,,,
431,168,112,0.9995897867626794,0.05201190232692096,324.0,275.0,0.6364458696979839,0.03483424716906922,,,,,,,,
432,168,112,0.9995897867626794,0.05201190232692096,324.0,275.0,0.6364458696979839,0.03483424716906922,433.0,324.0,0.6475633879052098,0.03191471932198991,,,,
433,168,112,0.9995897867626794,0.05201190232692096,324.0,275.0,0.6364458696979839,0.03483424716906922,433.0,324.0,0.6475633879052098,0.03191471932198991,,,,
434,168,112,0.9995897867626794,0.05201190232692096,324.0,275.0,0.6364458696979839,0.03483424716906922,,,,,,,,
435,168,112,0.9995897867626794,0.05201190232692096,324.0,275.0,0.6364458696979839,0.03483424716906922,,,,,,,,
436,168,112,0.9995897867626794,0.05201190232692096,324.0,275.0,0.6364458696979839,0.03483424716906922,,,,,,,,
437,168,112,0.9995897867626794,0.05201190232692096,324.0,275.0,0.6364458696979839,0.03483424716906922,,,,,,,,
438,168,112,0.9995897867626794,0.05201190232692096,324.0,275.0,0.6364458696979839,0.03483424716906922,,,,,,,,
439,168,112,0.9995897867626794,0.05201190232692096,324.0,275.0,0.6364458696979839,0.03483424716906922,,,,,,,,
440,168,112,0.9995897867626794,0.05201190232692096,324.0,275.0,0.6364458696979839,0.03483424716906922,,,,,,,,
441,168,112,0.9995897867626794,0.05201190232692096,324.0,275.0,0.6364458696979839,0.03483424716906922,,,,,,,,
442,168,112,0.9995897867626794,0.05201190232692096,324.0,275.0,0.6364458696979839,0.03483424716906922,,,,,,,,
443,168,112,0.9995897867626794,0.05201190232692096,324.0,275.0,0.6364458696979839,0.03483424716906922,444.0,324.0,0.6276182080599177,0.03332385411445867,,,,
444,168,112,0.9995897867626794,0.05201190232692096,324.0,275.0,0.6364458696979839,0.03483424716906922,,,,,,,,
445,168,112,0.9995897867626794,0.05201190232692096,324.0,275.0,0.6364458696979839,0.03483424716906922,,,,,,,,
446,168,112,0.9995897867626794,0.05201190232692096,324.0,275.0,0.6364458696979839,0.03483424716906922,,,,,,,,
447,168,112,0.9995897867626794,0.05201190232692096,324.0,275.0,0.6364458696979839,0.03483424716906922,,,,,,,,
448,168,112,0.9995897867626794,0.05201190232692096,324.0,275.0,0.6364458696979839,0.03483424716906922,,,,,,,,
449,168,112,0.9995897867626794,0.05201190232692096,324.0,275.0,0.6364458696979839,0.03483424716906922,,,,,,,,
450,168,112,0.9995897867626794,0.05201190232692096,324.0,275.0,0.6364458696979839,0.03483424716906922,,,,,,,,
451,168,112,0.9995897867626794,0.05201190232692096,324.0,275.0,0.6364458696979839,0.03483424716906922,,,,,,,,
452,168,112,0.9995897867626794,0.05201190232692096,324.0,275.0,0.6364458696979839,0.03483424716906922,,,,,,,,
453,168,112,0.9995897867626794,0.05201190232692096,324.0,275.0,0.6364458696979839,0.03483424716906922,,,,,,,,
454,168,112,0.9995897867626794,0.05201190232692096,324.0,275.0,0.6364458696979839,0.03483424716906922,,,,,,,,
455,168,112,0.9995897867626794,0.05201190232692096,324.0,275.0,0.6364458696979839,0.03483424716906922,,,,,,,,
456,168,112,0.9995897867626794,0.05201190232692096,324.0,275.0,0.6364458696979839,0.03483424716906922,,,,,,,,
457,168,112,0.9995897867626794,0.05201190232692096,324.0,275.0,0.6364458696979839,0.03483424716906922,,,,,,,,
458,168,112,0.9995897867626794,0.05201190232692096,324.0,275.0,0.6364458696979839,0.03483424716906922,,,,,,,,
459,168,112,0.9995897867626794,0.05201190232692096,324.0,275.0,0.6364458696979839,0.03483424716906922,,,,,,,,
460,168,112,0.9995897867626794,0.05201190232692096,324.0,275.0,0.6364458696979839,0.03483424716906922,,,,,,,,
461,168,112,0.9995897867626794,0.05201190232692096,324.0,275.0,0.6364458696979839,0.03483424716906922,,,,,,,,
462,168,112,0.9995897867626794,0.05201190232692096,324.0,275.0,0.6364458696979839,0.03483424716906922,,,,,,,,
463,168,112,0.9995897867626794,0.05201190232692096,324.0,275.0,0.6364458696979839,0.03483424716906922,,,,,,,,
464,168,112,0.9995897867626794,0.05201190232692096,324.0,275.0,0.6364458696979839,0.03483424716906922,,,,,,,,
465,168,112,0.9995897867626794,0.05201190232692096,324.0,275.0,0.6364458696979839,0.03483424716906922,,,,,,,,
466,168,112,0.9995897867626794,0.05201190232692096,324.0,275.0,0.6364458696979839,0.03483424716906922,,,,,,,,
467,168,112,0.9995897867626794,0.05201190232692096,324.0,275.0,0.6364458696979839,0.03483424716906922,,,,,,,,
468,168,112,0.9995897867626794,0.05201190232692096,324.0,275.0,0.6364458696979839,0.03483424716906922,,,,,,,,
469,168,112,0.9995897867626794,0.05201190232692096,324.0,275.0,0.6364458696979839,0.03483424716906922,,,,,,,,
470,168,112,0.9995897867626794,0.05201190232692096,324.0,275.0,0.6364458696979839,0.03483424716906922,,,,,,,,
471,168,112,0.9995897867626794,0.05201190232692096,324.0,275.0,0.6364458696979839,0.03483424716906922,,,,,,,,
472,168,112,0.9995897867626794,0.05201190232692096,324.0,275.0,0.6364458696979839,0.03483424716906922,473.0,324.0,0.6396065087180048,0.03348918183211653,,,,
473,168,112,0.9995897867626794,0.05201190232692096,324.0,275.0,0.6364458696979839,0.03483424716906922,473.0,324.0,0.6396065087180048,0.03348918183211653,,,,
474,168,112,0.9995897867626794,0.05201190232692096,324.0,275.0,0.6364458696979839,0.03483424716906922,473.0,324.0,0.6396065087180048,0.03348918183211653,,,,
475,168,112,0.9995897867626794,0.05201190232692096,324.0,275.0,0.6364458696979839,0.03483424716906922,473.0,324.0,0.6396065087180048,0.03348918183211653,,,,
476,168,112,0.9995897867626794,0.05201190232692096,324.0,275.0,0.6364458696979839,0.03483424716906922,473.0,324.0,0.6396065087180048,0.03348918183211653,,,,
477,168,112,0.9995897867626794,0.05201190232692096,324.0,275.0,0.6364458696979839,0.03483424716906922,473.0,324.0,0.6396065087180048,0.03348918183211653,,,,
478,168,112,0.9995897867626794,0.05201190232692096,324.0,275.0,0.6364458696979839,0.03483424716906922,473.0,324.0,0.6396065087180048,0.03348918183211653,,,,
479,168,112,0.9995897867626794,0.05201190232692096,324.0,275.0,0.6364458696979839,0.03483424716906922,473.0,324.0,0.6396065087180048,0.03348918183211653,,,,
480,168,112,0.9995897867626794,0.05201190232692096,324.0,275.0,0.6364458696979839,0.03483424716906922,473.0,324.0,0.6396065087180048,0.03348918183211653,,,,
481,168,112,0.9995897867626794,0.05201190232692096,324.0,275.0,0.6364458696979839,0.03483424716906922,473.0,324.0,0.6396065087180048,0.03348918183211653,,,,
482,168,112,0.9995897867626794,0.05201190232692096,324.0,275.0,0.6364458696979839,0.03483424716906922,473.0,324.0,0.6396065087180048,0.03348918183211653,,,,
483,168,112,0.9995897867626794,0.05201190232692096,324.0,275.0,0.6364458696979839,0.03483424716906922,473.0,324.0,0.6396065087180048,0.03348918183211653,,,,
484,168,112,0.9995897867626794,0.05201190232692096,324.0,275.0,0.6364458696979839,0.03483424716906922,473.0,324.0,0.6396065087180048,0.03348918183211653,,,,
485,168,112,0.9995897867626794,0.05201190232692096,324.0,275.0,0.6364458696979839,0.03483424716906922,473.0,324.0,0.6396065087180048,0.03348918183211653,,,,
486,168,112,0.9995897867626794,0.05201190232692096,324.0,275.0,0.6364458696979839,0.03483424716906922,473.0,324.0,0.6396065087180048,0.03348918183211653,,,,
487,168,112,0.9995897867626794,0.05201190232692096,324.0,275.0,0.6364458696979839,0.03483424716906922,473.0,324.0,0.6396065087180048,0.03348918183211653,,,,
488,168,112,0.9995897867626794,0.05201190232692096,324.0,275.0,0.6364458696979839,0.03483424716906922,473.0,324.0,0.6396065087180048,0.03348918183211653,,,,
489,168,112,0.9995897867626794,0.05201190232692096,324.0,275.0,0.6364458696979839,0.03483424716906922,473.0,324.0,0.6396065087180048,0.03348918183211653,,,,
490,168,112,0.9995897867626794,0.05201190232692096,324.0,275.0,0.6364458696979839,0.03483424716906922,473.0,324.0,0.6396065087180048,0.03348918183211653,,,,
491,168,112,0.9995897867626794,0.05201190232692096,324.0,275.0,0.6364458696979839,0.03483424716906922,473.0,324.0,0.6396065087180048,0.03348918183211653,,,,
492,168,112,0.9995897867626794,0.05201190232692096,324.0,275.0,0.6364458696979839,0.03483424716906922,473.0,324.0,0.6396065087180048,0.03348918183211653,,,,
493,168,112,0.9995897867626794,0.05201190232692096,324.0,275.0,0.6364458696979839,0.03483424716906922,473.0,324.0,0.6396065087180048,0.03348918183211653,,,,
494,168,112,0.9995897867626794,0.05201190232692096,324.0,275.0,0.6364458696979839,0.03483424716906922,473.0,324.0,0.6396065087180048,0.03348918183211653,,,,
495,168,112,0.9995897867626794,0.05201190232692096,324.0,275.0,0.6364458696979839,0.03483424716906922,473.0,324.0,0.6396065087180048,0.03348918183211653,,,,
496,168,112,0.9995897867626794,0.05201190232692096,324.0,275.0,0.6364458696979839,0.03483424716906922,473.0,324.0,0.6396065087180048,0.03348918183211653,,,,
497,168,112,0.9995897867626794,0.05201190232692096,324.0,275.0,0.6364458696979839,0.03483424716906922,,,,,,,,
498,168,112,0.9995897867626794,0.05201190232692096,324.0,275.0,0.6364458696979839,0.03483424716906922,,,,,,,,
499,168,112,0.9995897867626794,0.05201190232692096,324.0,275.0,0.6364458696979839,0.03483424716906922,,,,,,,,
500,168,112,0.9995897867626794,0.05201190232692096,324.0,275.0,0.6364458696979839,0.03483424716906922,,,,,,,,
501,168,112,0.9995897867626794,0.05201190232692096,324.0,275.0,0.6364458696979839,0.03483424716906922,,,,,,,,
502,168,112,0.9995897867626794,0.05201190232692096,324.0,275.0,0.6364458696979839,0.03483424716906922,,,,,,,,
503,168,112,0.9995897867626794,0.05201190232692096,324.0,275.0,0.6364458696979839,0.03483424716906922,,,,,,,,
504,168,112,0.9995897867626794,0.05201190232692096,324.0,275.0,0.6364458696979839,0.03483424716906922,,,,,,,,
505,168,112,0.9995897867626794,0.05201190232692096,324.0,275.0,0.6364458696979839,0.03483424716906922,,,,,,,,
506,168,112,0.9995897867626794,0.05201190232692096,324.0,275.0,0.6364458696979839,0.03483424716906922,,,,,,,,
507,168,112,0.9995897867626794,0.05201190232692096,324.0,275.0,0.6364458696979839,0.03483424716906922,,,,,,,,
508,168,112,0.9995897867626794,0.05201190232692096,324.0,275.0,0.6364458696979839,0.03483424716906922,,,,,,,,
509,168,112,0.9995897867626794,0.05201190232692096,324.0,275.0,0.6364458696979839,0.03483424716906922,,,,,,,,
510,168,112,0.9995897867626794,0.05201190232692096,324.0,275.0,0.6364458696979839,0.03483424716906922,,,,,,,,
511,324,275,0.6364458696979839,0.03483424716906922,512.0,168.0,0.9996581981443274,0.046376510623227486,,,,,,,,
512,324,275,0.6364458696979839,0.03483424716906922,512.0,168.0,0.9996581981443274,0.046376510623227486,,,,,,,,
513,324,275,0.6364458696979839,0.03483424716906922,512.0,168.0,0.9996581981443274,0.046376510623227486,,,,,,,,
514,324,275,0.6364458696979839,0.03483424716906922,512.0,168.0,0.9996581981443274,0.046376510623227486,,,,,,,,
515,324,275,0.6364458696979839,0.03483424716906922,512.0,168.0,0.9996581981443274,0.046376510623227486,,,,,,,,
516,324,275,0.6364458696979839,0.03483424716906922,512.0,168.0,0.9996581981443274,0.046376510623227486,,,,,,,,
517,324,275,0.6364458696979839,0.03483424716906922,512.0,168.0,0.9996581981443274,0.046376510623227486,,,,,,,,
518,324,275,0.6364458696979839,0.03483424716906922,512.0,168.0,0.9996581981443274,0.046376510623227486,,,,,,,,
519,324,275,0.6364458696979839,0.03483424716906922,512.0,168.0,0.9996581981443274,0.046376510623227486,,,,,,,,
520,324,275,0.6364458696979839,0.03483424716906922,512.0,168.0,0.9996581981443274,0.046376510623227486,521.0,324.0,0.6390554574015839,0.0337264669101505,,,,
521,324,275,0.6364458696979839,0.03483424716906922,512.0,168.0,0.9996581981443274,0.046376510623227486,521.0,324.0,0.6390554574015839,0.0337264669101505,,,,
522,324,275,0.6364458696979839,0.03483424716906922,512.0,168.0,0.9996581981443274,0.046376510623227486,521.0,324.0,0.6390554574015839,0.0337264669101505,,,,
523,324,275,0.6364458696979839,0.03483424716906922,512.0,168.0,0.9996581981443274,0.046376510623227486,521.0,324.0,0.6390554574015839,0.0337264669101505,,,,
524,324,275,0.6364458696979839,0.03483424716906922,512.0,168.0,0.9996581981443274,0.046376510623227486,521.0,324.0,0.6390554574015839,0.0337264669101505,,,,
525,324,275,0.6364458696979839,0.03483424716906922,512.0,168.0,0.9996581981443274,0.046376510623227486,521.0,324.0,0.6390554574015839,0.0337264669101505,,,,
526,324,275,0.6364458696979839,0.03483424716906922,512.0,168.0,0.9996581981443274,0.046376510623227486,521.0,324.0,0.6390554574015839,0.0337264669101505,,,,
527,324,275,0.6364458696979839,0.03483424716906922,512.0,168.0,0.9996581981443274,0.046376510623227486,521.0,324.0,0.6390554574015839,0.0337264669101505,,,,
528,324,275,0.6364458696979839,0.03483424716906922,512.0,168.0,0.9996581981443274,0.046376510623227486,521.0,324.0,0.6390554574015839,0.0337264669101505,,,,
529,324,275,0.6364458696979839,0.03483424716906922,512.0,168.0,0.9996581981443274,0.046376510623227486,521.0,324.0,0.6390554574015839,0.0337264669101505,,,,
530,324,275,0.6364458696979839,0.03483424716906922,512.0,168.0,0.9996581981443274,0.046376510623227486,531.0,324.0,0.6396049260773664,0.03431986081857953,,,,
531,324,275,0.6364458696979839,0.03483424716906922,512.0,168.0,0.9996581981443274,0.046376510623227486,531.0,324.0,0.6396049260773664,0.03431986081857953,,,,
532,324,275,0.6364458696979839,0.03483424716906922,512.0,168.0,0.9996581981443274,0.046376510623227486,531.0,324.0,0.6396049260773664,0.03431986081857953,,,,
533,324,275,0.6364458696979839,0.03483424716906922,512.0,168.0,0.9996581981443274,0.046376510623227486,531.0,324.0,0.6396049260773664,0.03431986081857953,,,,
534,324,275,0.6364458696979839,0.03483424716906922,512.0,168.0,0.9996581981443274,0.046376510623227486,531.0,324.0,0.6396049260773664,0.03431986081857953,,,,
535,324,275,0.6364458696979839,0.03483424716906922,512.0,168.0,0.9996581981443274,0.046376510623227486,531.0,324.0,0.6396049260773664,0.03431986081857953,,,,
536,324,275,0.6364458696979839,0.03483424716906922,512.0,168.0,0.9996581981443274,0.046376510623227486,531.0,324.0,0.6396049260773664,0.03431986081857953,,,,
537,324,275,0.6364458696979839,0.03483424716906922,512.0,168.0,0.9996581981443274,0.046376510623227486,531.0,324.0,0.6396049260773664,0.03431986081857953,,,,
538,324,275,0.6364458696979839,0.03483424716906922,512.0,168.0,0.9996581981443274,0.046376510623227486,531.0,324.0,0.6396049260773664,0.03431986081857953,,,,
539,324,275,0.6364458696979839,0.03483424716906922,512.0,168.0,0.9996581981443274,0.046376510623227486,531.0,324.0,0.6396049260773664,0.03431986081857953,,,,
540,324,275,0.6364458696979839,0.03483424716906922,512.0,168.0,0.9996581981443274,0.046376510623227486,531.0,324.0,0.6396049260773664,0.03431986081857953,,,,
541,324,275,0.6364458696979839,0.03483424716906922,512.0,168.0,0.9996581981443274,0.046376510623227486,531.0,324.0,0.6396049260773664,0.03431986081857953,,,,
542,324,275,0.6364458696979839,0.03483424716906922,512.0,168.0,0.9996581981443274,0.046376510623227486,531.0,324.0,0.6396049260773664,0.03431986081857953,,,,
543,324,275,0.6364458696979839,0.03483424716906922,512.0,168.0,0.9996581981443274,0.046376510623227486,531.0,324.0,0.6396049260773664,0.03431986081857953,,,,
544,324,275,0.6364458696979839,0.03483424716906922,512.0,168.0,0.9996581981443274,0.046376510623227486,531.0,324.0,0.6396049260773664,0.03431986081857953,,,,
545,324,275,0.6364458696979839,0.03483424716906922,512.0,168.0,0.9996581981443274,0.046376510623227486,531.0,324.0,0.6396049260773664,0.03431986081857953,,,,
546,324,275,0.6364458696979839,0.03483424716906922,512.0,168.0,0.9996581981443274,0.046376510623227486,531.0,324.0,0.6396049260773664,0.03431986081857953,,,,
547,324,275,0.6364458696979839,0.03483424716906922,512.0,168.0,0.9996581981443274,0.046376510623227486,531.0,324.0,0.6396049260773664,0.03431986081857953,,,,
548,324,275,0.6364458696979839,0.03483424716906922,512.0,168.0,0.9996581981443274,0.046376510623227486,531.0,324.0,0.6396049260773664,0.03431986081857953,,,,
549,324,275,0.6364458696979839,0.03483424716906922,512.0,168.0,0.9996581981443274,0.046376510623227486,531.0,324.0,0.6396049260773664,0.03431986081857953,,,,
550,324,275,0.6364458696979839,0.03483424716906922,512.0,168.0,0.9996581981443274,0.046376510623227486,531.0,324.0,0.6396049260773664,0.03431986081857953,,,,
551,324,275,0.6364458696979839,0.03483424716906922,512.0,168.0,0.9996581981443274,0.046376510623227486,531.0,324.0,0.6396049260773664,0.03431986081857953,,,,
552,324,275,0.6364458696979839,0.03483424716906922,512.0,168.0,0.9996581981443274,0.046376510623227486,531.0,324.0,0.6396049260773664,0.03431986081857953,,,,
553,324,275,0.6364458696979839,0.03483424716906922,512.0,168.0,0.9996581981443274,0.046376510623227486,531.0,324.0,0.6396049260773664,0.03431986081857953,,,,
554,324,275,0.6364458696979839,0.03483424716906922,512.0,168.0,0.9996581981443274,0.046376510623227486,531.0,324.0,0.6396049260773664,0.03431986081857953,,,,
555,324,275,0.6364458696979839,0.03483424716906922,512.0,168.0,0.9996581981443274,0.046376510623227486,531.0,324.0,0.6396049260773664,0.03431986081857953,,,,
556,324,275,0.6364458696979839,0.03483424716906922,512.0,168.0,0.9996581981443274,0.046376510623227486,531.0,324.0,0.6396049260773664,0.03431986081857953,,,,
557,324,275,0.6364458696979839,0.03483424716906922,512.0,168.0,0.9996581981443274,0.046376510623227486,531.0,324.0,0.6396049260773664,0.03431986081857953,,,,
558,324,275,0.6364458696979839,0.03483424716906922,512.0,168.0,0.9996581981443274,0.046376510623227486,531.0,324.0,0.6396049260773664,0.03431986081857953,,,,
559,324,275,0.6364458696979839,0.03483424716906922,512.0,168.0,0.9996581981443274,0.046376510623227486,531.0,324.0,0.6396049260773664,0.03431986081857953,,,,
560,324,275,0.6364458696979839,0.03483424716906922,512.0,168.0,0.9996581981443274,0.046376510623227486,531.0,324.0,0.6396049260773664,0.03431986081857953,,,,
561,324,275,0.6364458696979839,0.03483424716906922,512.0,168.0,0.9996581981443274,0.046376510623227486,531.0,324.0,0.6396049260773664,0.03431986081857953,,,,
562,324,275,0.6364458696979839,0.03483424716906922,512.0,168.0,0.9996581981443274,0.046376510623227486,531.0,324.0,0.6396049260773664,0.03431986081857953,,,,
563,324,275,0.6364458696979839,0.03483424716906922,512.0,168.0,0.9996581981443274,0.046376510623227486,531.0,324.0,0.6396049260773664,0.03431986081857953,,,,
564,324,275,0.6364458696979839,0.03483424716906922,512.0,168.0,0.9996581981443274,0.046376510623227486,531.0,324.0,0.6396049260773664,0.03431986081857953,,,,
565,324,275,0.6364458696979839,0.03483424716906922,512.0,168.0,0.9996581981443274,0.046376510623227486,531.0,324.0,0.6396049260773664,0.03431986081857953,,,,
566,324,275,0.6364458696979839,0.03483424716906922,512.0,168.0,0.9996581981443274,0.046376510623227486,531.0,324.0,0.6396049260773664,0.03431986081857953,,,,
567,324,275,0.6364458696979839,0.03483424716906922,512.0,168.0,0.9996581981443274,0.046376510623227486,531.0,324.0,0.6396049260773664,0.03431986081857953,,,,
568,324,275,0.6364458696979839,0.03483424716906922,512.0,168.0,0.9996581981443274,0.046376510623227486,531.0,324.0,0.6396049260773664,0.03431986081857953,,,,
569,324,275,0.6364458696979839,0.03483424716906922,512.0,168.0,0.9996581981443274,0.046376510623227486,531.0,324.0,0.6396049260773664,0.03431986081857953,,,,
570,324,275,0.6364458696979839,0.03483424716906922,512.0,168.0,0.9996581981443274,0.046376510623227486,531.0,324.0,0.6396049260773664,0.03431986081857953,,,,
571,324,275,0.6364458696979839,0.03483424716906922,512.0,168.0,0.9996581981443274,0.046376510623227486,531.0,324.0,0.6396049260773664,0.03431986081857953,,,,
572,324,275,0.6364458696979839,0.03483424716906922,512.0,168.0,0.9996581981443274,0.046376510623227486,531.0,324.0,0.6396049260773664,0.03431986081857953,,,,
573,324,275,0.6364458696979839,0.03483424716906922,512.0,168.0,0.9996581981443274,0.046376510623227486,531.0,324.0,0.6396049260773664,0.03431986081857953,,,,
574,324,275,0.6364458696979839,0.03483424716906922,512.0,168.0,0.9996581981443274,0.046376510623227486,531.0,324.0,0.6396049260773664,0.03431986081857953,,,,
575,324,275,0.6364458696979839,0.03483424716906922,512.0,168.0,0.9996581981443274,0.046376510623227486,531.0,324.0,0.6396049260773664,0.03431986081857953,,,,
576,324,275,0.6364458696979839,0.03483424716906922,512.0,168.0,0.9996581981443274,0.046376510623227486,531.0,324.0,0.6396049260773664,0.03431986081857953,,,,
577,324,275,0.6364458696979839,0.03483424716906922,512.0,168.0,0.9996581981443274,0.046376510623227486,531.0,324.0,0.6396049260773664,0.03431986081857953,,,,
578,324,275,0.6364458696979839,0.03483424716906922,512.0,168.0,0.9996581981443274,0.046376510623227486,531.0,324.0,0.6396049260773664,0.03431986081857953,,,,
579,324,275,0.6364458696979839,0.03483424716906922,512.0,168.0,0.9996581981443274,0.046376510623227486,531.0,324.0,0.6396049260773664,0.03431986081857953,,,,
580,324,275,0.6364458696979839,0.03483424716906922,512.0,168.0,0.9996581981443274,0.046376510623227486,531.0,324.0,0.6396049260773664,0.03431986081857953,,,,
581,324,275,0.6364458696979839,0.03483424716906922,512.0,168.0,0.9996581981443274,0.046376510623227486,531.0,324.0,0.6396049260773664,0.03431986081857953,,,,
582,324,275,0.6364458696979839,0.03483424716906922,512.0,168.0,0.9996581981443274,0.046376510623227486,531.0,324.0,0.6396049260773664,0.03431986081857953,,,,
583,324,275,0.6364458696979839,0.03483424716906922,512.0,168.0,0.9996581981443274,0.046376510623227486,531.0,324.0,0.6396049260773664,0.03431986081857953,584.0,324.0,0.6524364067114141,0.03323184073880213
584,324,275,0.6364458696979839,0.03483424716906922,512.0,168.0,0.9996581981443274,0.046376510623227486,531.0,324.0,0.6396049260773664,0.03431986081857953,584.0,324.0,0.6524364067114141,0.03323184073880213
585,324,275,0.6364458696979839,0.03483424716906922,512.0,168.0,0.9996581981443274,0.046376510623227486,531.0,324.0,0.6396049260773664,0.03431986081857953,584.0,324.0,0.6524364067114141,0.03323184073880213
586,324,275,0.6364458696979839,0.03483424716906922,512.0,168.0,0.9996581981443274,0.046376510623227486,531.0,324.0,0.6396049260773664,0.03431986081857953,,,,
587,324,275,0.6364458696979839,0.03483424716906922,512.0,168.0,0.9996581981443274,0.046376510623227486,531.0,324.0,0.6396049260773664,0.03431986081857953,,,,
588,324,275,0.6364458696979839,0.03483424716906922,512.0,168.0,0.9996581981443274,0.046376510623227486,531.0,324.0,0.6396049260773664,0.03431986081857953,,,,
589,324,275,0.6364458696979839,0.03483424716906922,512.0,168.0,0.9996581981443274,0.046376510623227486,531.0,324.0,0.6396049260773664,0.03431986081857953,,,,
590,324,275,0.6364458696979839,0.03483424716906922,512.0,168.0,0.9996581981443274,0.046376510623227486,531.0,324.0,0.6396049260773664,0.03431986081857953,591.0,324.0,0.6339431402233662,0.038094274653162105
591,324,275,0.6364458696979839,0.03483424716906922,512.0,168.0,0.9996581981443274,0.046376510623227486,531.0,324.0,0.6396049260773664,0.03431986081857953,591.0,324.0,0.6339431402233662,0.038094274653162105
592,324,275,0.6364458696979839,0.03483424716906922,512.0,168.0,0.9996581981443274,0.046376510623227486,531.0,324.0,0.6396049260773664,0.03431986081857953,,,,
593,324,275,0.6364458696979839,0.03483424716906922,512.0,168.0,0.9996581981443274,0.046376510623227486,531.0,324.0,0.6396049260773664,0.03431986081857953,,,,
594,324,275,0.6364458696979839,0.03483424716906922,512.0,168.0,0.9996581981443274,0.046376510623227486,531.0,324.0,0.6396049260773664,0.03431986081857953,,,,
595,324,275,0.6364458696979839,0.03483424716906922,512.0,168.0,0.9996581981443274,0.046376510623227486,531.0,324.0,0.6396049260773664,0.03431986081857953,,,,
596,324,275,0.6364458696979839,0.03483424716906922,512.0,168.0,0.9996581981443274,0.046376510623227486,531.0,324.0,0.6396049260773664,0.03431986081857953,,,,
597,324,275,0.6364458696979839,0.03483424716906922,512.0,168.0,0.9996581981443274,0.046376510623227486,531.0,324.0,0.6396049260773664,0.03431986081857953,,,,
598,324,275,0.6364458696979839,0.03483424716906922,512.0,168.0,0.9996581981443274,0.046376510623227486,531.0,324.0,0.6396049260773664,0.03431986081857953,,,,
599,324,275,0.6364458696979839,0.03483424716906922,512.0,168.0,0.9996581981443274,0.046376510623227486,531.0,324.0,0.6396049260773664,0.03431986081857953,,,,
600,324,275,0.6364458696979839,0.03483424716906922,512.0,168.0,0.9996581981443274,0.046376510623227486,531.0,324.0,0.6396049260773664,0.03431986081857953,,,,
601,324,275,0.6364458696979839,0.03483424716906922,512.0,168.0,0.9996581981443274,0.046376510623227486,531.0,324.0,0.6396049260773664,0.03431986081857953,,,,
602,324,275,0.6364458696979839,0.03483424716906922,512.0,168.0,0.9996581981443274,0.046376510623227486,531.0,324.0,0.6396049260773664,0.03431986081857953,,,,
603,324,275,0.6364458696979839,0.03483424716906922,512.0,168.0,0.9996581981443274,0.046376510623227486,531.0,324.0,0.6396049260773664,0.03431986081857953,,,,
604,324,275,0.6364458696979839,0.03483424716906922,512.0,168.0,0.9996581981443274,0.046376510623227486,531.0,324.0,0.6396049260773664,0.03431986081857953,,,,
605,324,275,0.6364458696979839,0.03483424716906922,512.0,168.0,0.9996581981443274,0.046376510623227486,531.0,324.0,0.6396049260773664,0.03431986081857953,,,,
606,324,275,0.6364458696979839,0.03483424716906922,512.0,168.0,0.9996581981443274,0.046376510623227486,531.0,324.0,0.6396049260773664,0.03431986081857953,,,,
607,324,275,0.6364458696979839,0.03483424716906922,512.0,168.0,0.9996581981443274,0.046376510623227486,531.0,324.0,0.6396049260773664,0.03431986081857953,,,,
608,324,275,0.6364458696979839,0.03483424716906922,512.0,168.0,0.9996581981443274,0.046376510623227486,531.0,324.0,0.6396049260773664,0.03431986081857953,,,,
609,324,275,0.6364458696979839,0.03483424716906922,512.0,168.0,0.9996581981443274,0.046376510623227486,531.0,324.0,0.6396049260773664,0.03431986081857953,,,,
610,324,275,0.6364458696979839,0.03483424716906922,512.0,168.0,0.9996581981443274,0.046376510623227486,531.0,324.0,0.6396049260773664,0.03431986081857953,,,,
611,324,275,0.6364458696979839,0.03483424716906922,512.0,168.0,0.9996581981443274,0.046376510623227486,531.0,324.0,0.6396049260773664,0.03431986081857953,,,,
612,324,275,0.6364458696979839,0.03483424716906922,512.0,168.0,0.9996581981443274,0.046376510623227486,531.0,324.0,0.6396049260773664,0.03431986081857953,,,,
613,324,275,0.6364458696979839,0.03483424716906922,512.0,168.0,0.9996581981443274,0.046376510623227486,531.0,324.0,0.6396049260773664,0.03431986081857953,,,,
614,324,275,0.6364458696979839,0.03483424716906922,512.0,168.0,0.9996581981443274,0.046376510623227486,531.0,324.0,0.6396049260773664,0.03431986081857953,,,,
615,324,275,0.6364458696979839,0.03483424716906922,512.0,168.0,0.9996581981443274,0.046376510623227486,531.0,324.0,0.6396049260773664,0.03431986081857953,,,,
616,324,275,0.6364458696979839,0.03483424716906922,512.0,168.0,0.9996581981443274,0.046376510623227486,531.0,324.0,0.6396049260773664,0.03431986081857953,,,,
617,324,275,0.6364458696979839,0.03483424716906922,512.0,168.0,0.9996581981443274,0.046376510623227486,531.0,324.0,0.6396049260773664,0.03431986081857953,,,,
618,324,275,0.6364458696979839,0.03483424716906922,512.0,168.0,0.9996581981443274,0.046376510623227486,531.0,324.0,0.6396049260773664,0.03431986081857953,,,,
619,324,275,0.6364458696979839,0.03483424716906922,512.0,168.0,0.9996581981443274,0.046376510623227486,531.0,324.0,0.6396049260773664,0.03431986081857953,,,,
620,324,275,0.6364458696979839,0.03483424716906922,512.0,168.0,0.9996581981443274,0.046376510623227486,531.0,324.0,0.6396049260773664,0.03431986081857953,,,,
621,324,275,0.6364458696979839,0.03483424716906922,512.0,168.0,0.9996581981443274,0.046376510623227486,531.0,324.0,0.6396049260773664,0.03431986081857953,,,,
622,324,275,0.6364458696979839,0.03483424716906922,512.0,168.0,0.9996581981443274,0.046376510623227486,531.0,324.0,0.6396049260773664,0.03431986081857953,,,,
623,324,275,0.6364458696979839,0.03483424716906922,512.0,168.0,0.9996581981443274,0.046376510623227486,531.0,324.0,0.6396049260773664,0.03431986081857953,,,,
624,324,275,0.6364458696979839,0.03483424716906922,512.0,168.0,0.9996581981443274,0.046376510623227486,531.0,324.0,0.6396049260773664,0.03431986081857953,625.0,324.0,0.6511606871793683,0.03321047274914497
625,324,275,0.6364458696979839,0.03483424716906922,512.0,168.0,0.9996581981443274,0.046376510623227486,531.0,324.0,0.6396049260773664,0.03431986081857953,625.0,324.0,0.6511606871793683,0.03321047274914497
626,324,275,0.6364458696979839,0.03483424716906922,512.0,168.0,0.9996581981443274,0.046376510623227486,531.0,324.0,0.6396049260773664,0.03431986081857953,625.0,324.0,0.6511606871793683,0.03321047274914497
627,324,275,0.6364458696979839,0.03483424716906922,512.0,168.0,0.9996581981443274,0.046376510623227486,531.0,324.0,0.6396049260773664,0.03431986081857953,,,,
628,324,275,0.6364458696979839,0.03483424716906922,512.0,168.0,0.9996581981443274,0.046376510623227486,531.0,324.0,0.6396049260773664,0.03431986081857953,,,,
629,324,275,0.6364458696979839,0.03483424716906922,512.0,168.0,0.9996581981443274,0.046376510623227486,531.0,324.0,0.6396049260773664,0.03431986081857953,,,,
630,324,275,0.6364458696979839,0.03483424716906922,512.0,168.0,0.9996581981443274,0.046376510623227486,531.0,324.0,0.6396049260773664,0.03431986081857953,,,,
631,324,275,0.6364458696979839,0.03483424716906922,512.0,168.0,0.9996581981443274,0.046376510623227486,531.0,324.0,0.6396049260773664,0.03431986081857953,632.0,324.0,0.6420348226385164,0.03244683032839429
632,324,275,0.6364458696979839,0.03483424716906922,512.0,168.0,0.9996581981443274,0.046376510623227486,531.0,324.0,0.6396049260773664,0.03431986081857953,632.0,324.0,0.6420348226385164,0.03244683032839429
633,324,275,0.6364458696979839,0.03483424716906922,512.0,168.0,0.9996581981443274,0.046376510623227486,531.0,324.0,0.6396049260773664,0.03431986081857953,632.0,324.0,0.6420348226385164,0.03244683032839429
634,324,275,0.6364458696979839,0.03483424716906922,512.0,168.0,0.9996581981443274,0.046376510623227486,531.0,324.0,0.6396049260773664,0.03431986081857953,632.0,324.0,0.6420348226385164,0.03244683032839429
635,324,275,0.6364458696979839,0.03483424716906922,512.0,168.0,0.9996581981443274,0.046376510623227486,531.0,324.0,0.6396049260773664,0.03431986081857953,,,,
636,324,275,0.6364458696979839,0.03483424716906922,512.0,168.0,0.9996581981443274,0.046376510623227486,531.0,324.0,0.6396049260773664,0.03431986081857953,,,,
637,324,275,0.6364458696979839,0.03483424716906922,512.0,168.0,0.9996581981443274,0.046376510623227486,531.0,324.0,0.6396049260773664,0.03431986081857953,,,,
638,324,275,0.6364458696979839,0.03483424716906922,512.0,168.0,0.9996581981443274,0.046376510623227486,531.0,324.0,0.6396049260773664,0.03431986081857953,,,,
639,324,275,0.6364458696979839,0.03483424716906922,512.0,168.0,0.9996581981443274,0.046376510623227486,531.0,324.0,0.6396049260773664,0.03431986081857953,,,,
640,324,275,0.6364458696979839,0.03483424716906922,512.0,168.0,0.9996581981443274,0.046376510623227486,531.0,324.0,0.6396049260773664,0.03431986081857953,,,,
641,324,275,0.6364458696979839,0.03483424716906922,512.0,168.0,0.9996581981443274,0.046376510623227486,531.0,324.0,0.6396049260773664,0.03431986081857953,,,,
642,324,275,0.6364458696979839,0.03483424716906922,512.0,168.0,0.9996581981443274,0.046376510623227486,531.0,324.0,0.6396049260773664,0.03431986081857953,,,,
643,324,275,0.6364458696979839,0.03483424716906922,512.0,168.0,0.9996581981443274,0.046376510623227486,531.0,324.0,0.6396049260773664,0.03431986081857953,,,,
644,324,275,0.6364458696979839,0.03483424716906922,512.0,168.0,0.9996581981443274,0.046376510623227486,531.0,324.0,0.6396049260773664,0.03431986081857953,645.0,324.0,0.6372173793099969,0.03194588133101849
645,324,275,0.6364458696979839,0.03483424716906922,512.0,168.0,0.9996581981443274,0.046376510623227486,531.0,324.0,0.6396049260773664,0.03431986081857953,645.0,324.0,0.6372173793099969,0.03194588133101849
646,324,275,0.6364458696979839,0.03483424716906922,512.0,168.0,0.9996581981443274,0.046376510623227486,531.0,324.0,0.6396049260773664,0.03431986081857953,645.0,324.0,0.6372173793099969,0.03194588133101849
647,324,275,0.6364458696979839,0.03483424716906922,512.0,168.0,0.9996581981443274,0.046376510623227486,531.0,324.0,0.6396049260773664,0.03431986081857953,645.0,324.0,0.6372173793099969,0.03194588133101849
648,324,275,0.6364458696979839,0.03483424716906922,512.0,168.0,0.9996581981443274,0.046376510623227486,531.0,324.0,0.6396049260773664,0.03431986081857953,645.0,324.0,0.6372173793099969,0.03194588133101849
649,324,275,0.6364458696979839,0.03483424716906922,512.0,168.0,0.9996581981443274,0.046376510623227486,531.0,324.0,0.6396049260773664,0.03431986081857953,,,,
650,324,275,0.6364458696979839,0.03483424716906922,512.0,168.0,0.9996581981443274,0.046376510623227486,531.0,324.0,0.6396049260773664,0.03431986081857953,,,,
651,324,275,0.6364458696979839,0.03483424716906922,512.0,168.0,0.9996581981443274,0.046376510623227486,531.0,324.0,0.6396049260773664,0.03431986081857953,,,,
652,324,275,0.6364458696979839,0.03483424716906922,512.0,168.0,0.9996581981443274,0.046376510623227486,531.0,324.0,0.6396049260773664,0.03431986081857953,,,,
653,324,275,0.6364458696979839,0.03483424716906922,512.0,168.0,0.9996581981443274,0.046376510623227486,531.0,324.0,0.6396049260773664,0.03431986081857953,,,,
654,324,275,0.6364458696979839,0.03483424716906922,512.0,168.0,0.9996581981443274,0.046376510623227486,531.0,324.0,0.6396049260773664,0.03431986081857953,,,,
655,324,275,0.6364458696979839,0.03483424716906922,512.0,168.0,0.9996581981443274,0.046376510623227486,531.0,324.0,0.6396049260773664,0.03431986081857953,,,,
656,324,275,0.6364458696979839,0.03483424716906922,512.0,168.0,0.9996581981443274,0.046376510623227486,531.0,324.0,0.6396049260773664,0.03431986081857953,,,,
657,324,275,0.6364458696979839,0.03483424716906922,512.0,168.0,0.9996581981443274,0.046376510623227486,531.0,324.0,0.6396049260773664,0.03431986081857953,,,,
658,324,275,0.6364458696979839,0.03483424716906922,512.0,168.0,0.9996581981443274,0.046376510623227486,531.0,324.0,0.6396049260773664,0.03431986081857953,,,,
659,324,275,0.6364458696979839,0.03483424716906922,512.0,168.0,0.9996581981443274,0.046376510623227486,531.0,324.0,0.6396049260773664,0.03431986081857953,,,,
660,324,275,0.6364458696979839,0.03483424716906922,512.0,168.0,0.9996581981443274,0.046376510623227486,531.0,324.0,0.6396049260773664,0.03431986081857953,,,,
661,324,275,0.6364458696979839,0.03483424716906922,512.0,168.0,0.9996581981443274,0.046376510623227486,531.0,324.0,0.6396049260773664,0.03431986081857953,,,,
662,324,275,0.6364458696979839,0.03483424716906922,512.0,168.0,0.9996581981443274,0.046376510623227486,531.0,324.0,0.6396049260773664,0.03431986081857953,,,,
663,324,275,0.6364458696979839,0.03483424716906922,512.0,168.0,0.9996581981443274,0.046376510623227486,531.0,324.0,0.6396049260773664,0.03431986081857953,,,,
664,324,275,0.6364458696979839,0.03483424716906922,512.0,168.0,0.9996581981443274,0.046376510623227486,531.0,324.0,0.6396049260773664,0.03431986081857953,,,,
665,324,275,0.6364458696979839,0.03483424716906922,512.0,168.0,0.9996581981443274,0.046376510623227486,531.0,324.0,0.6396049260773664,0.03431986081857953,,,,
666,324,275,0.6364458696979839,0.03483424716906922,512.0,168.0,0.9996581981443274,0.046376510623227486,531.0,324.0,0.6396049260773664,0.03431986081857953,,,,
667,324,275,0.6364458696979839,0.03483424716906922,512.0,168.0,0.9996581981443274,0.046376510623227486,531.0,324.0,0.6396049260773664,0.03431986081857953,,,,
668,324,275,0.6364458696979839,0.03483424716906922,512.0,168.0,0.9996581981443274,0.046376510623227486,531.0,324.0,0.6396049260773664,0.03431986081857953,,,,
669,324,275,0.6364458696979839,0.03483424716906922,512.0,168.0,0.9996581981443274,0.046376510623227486,531.0,324.0,0.6396049260773664,0.03431986081857953,,,,
670,324,275,0.6364458696979839,0.03483424716906922,512.0,168.0,0.9996581981443274,0.046376510623227486,531.0,324.0,0.6396049260773664,0.03431986081857953,,,,
671,324,275,0.6364458696979839,0.03483424716906922,512.0,168.0,0.9996581981443274,0.046376510623227486,531.0,324.0,0.6396049260773664,0.03431986081857953,,,,
672,324,275,0.6364458696979839,0.03483424716906922,512.0,168.0,0.9996581981443274,0.046376510623227486,531.0,324.0,0.6396049260773664,0.03431986081857953,,,,
673,324,275,0.6364458696979839,0.03483424716906922,512.0,168.0,0.9996581981443274,0.046376510623227486,531.0,324.0,0.6396049260773664,0.03431986081857953,,,,
674,324,275,0.6364458696979839,0.03483424716906922,512.0,168.0,0.9996581981443274,0.046376510623227486,531.0,324.0,0.6396049260773664,0.03431986081857953,,,,
675,324,275,0.6364458696979839,0.03483424716906922,512.0,168.0,0.9996581981443274,0.046376510623227486,531.0,324.0,0.6396049260773664,0.03431986081857953,676.0,324.0,0.6266671948667499,0.0318839333432041
676,324,275,0.6364458696979839,0.03483424716906922,512.0,168.0,0.9996581981443274,0.046376510623227486,531.0,324.0,0.6396049260773664,0.03431986081857953,,,,
677,324,275,0.6364458696979839,0.03483424716906922,512.0,168.0,0.9996581981443274,0.046376510623227486,531.0,324.0,0.6396049260773664,0.03431986081857953,,,,
678,324,275,0.6364458696979839,0.03483424716906922,512.0,168.0,0.9996581981443274,0.046376510623227486,531.0,324.0,0.6396049260773664,0.03431986081857953,,,,
679,324,275,0.6364458696979839,0.03483424716906922,512.0,168.0,0.9996581981443274,0.046376510623227486,531.0,324.0,0.6396049260773664,0.03431986081857953,,,,
680,324,275,0.6364458696979839,0.03483424716906922,512.0,168.0,0.9996581981443274,0.046376510623227486,531.0,324.0,0.6396049260773664,0.03431986081857953,,,,
681,324,275,0.6364458696979839,0.03483424716906922,512.0,168.0,0.9996581981443274,0.046376510623227486,531.0,324.0,0.6396049260773664,0.03431986081857953,,,,
682,324,275,0.6364458696979839,0.03483424716906922,512.0,168.0,0.9996581981443274,0.046376510623227486,531.0,324.0,0.6396049260773664,0.03431986081857953,,,,
683,324,275,0.6364458696979839,0.03483424716906922,512.0,168.0,0.9996581981443274,0.046376510623227486,531.0,324.0,0.6396049260773664,0.03431986081857953,,,,
684,324,275,0.6364458696979839,0.03483424716906922,512.0,168.0,0.9996581981443274,0.046376510623227486,531.0,324.0,0.6396049260773664,0.03431986081857953,,,,
685,324,275,0.6364458696979839,0.03483424716906922,512.0,168.0,0.9996581981443274,0.046376510623227486,531.0,324.0,0.6396049260773664,0.03431986081857953,,,,
686,324,275,0.6364458696979839,0.03483424716906922,512.0,168.0,0.9996581981443274,0.046376510623227486,531.0,324.0,0.6396049260773664,0.03431986081857953,,,,
687,324,275,0.6364458696979839,0.03483424716906922,512.0,168.0,0.9996581981443274,0.046376510623227486,531.0,324.0,0.6396049260773664,0.03431986081857953,,,,
688,324,275,0.6364458696979839,0.03483424716906922,512.0,168.0,0.9996581981443274,0.046376510623227486,531.0,324.0,0.6396049260773664,0.03431986081857953,,,,
689,324,275,0.6364458696979839,0.03483424716906922,512.0,168.0,0.9996581981443274,0.046376510623227486,531.0,324.0,0.6396049260773664,0.03431986081857953,,,,
690,324,275,0.6364458696979839,0.03483424716906922,512.0,168.0,0.9996581981443274,0.046376510623227486,531.0,324.0,0.6396049260773664,0.03431986081857953,,,,
691,324,275,0.6364458696979839,0.03483424716906922,512.0,168.0,0.9996581981443274,0.046376510623227486,531.0,324.0,0.6396049260773664,0.03431986081857953,,,,
692,324,275,0.6364458696979839,0.03483424716906922,512.0,168.0,0.9996581981443274,0.046376510623227486,531.0,324.0,0.6396049260773664,0.03431986081857953,,,,
693,324,275,0.6364458696979839,0.03483424716906922,512.0,168.0,0.9996581981443274,0.046376510623227486,531.0,324.0,0.6396049260773664,0.03431986081857953,,,,
694,324,275,0.6364458696979839,0.03483424716906922,512.0,168.0,0.9996581981443274,0.046376510623227486,531.0,324.0,0.6396049260773664,0.03431986081857953,,,,
695,324,275,0.6364458696979839,0.03483424716906922,512.0,168.0,0.9996581981443274,0.046376510623227486,531.0,324.0,0.6396049260773664,0.03431986081857953,,,,
696,324,275,0.6364458696979839,0.03483424716906922,512.0,168.0,0.9996581981443274,0.046376510623227486,,,,,,,,
697,324,275,0.6364458696979839,0.03483424716906922,512.0,168.0,0.9996581981443274,0.046376510623227486,,,,,,,,
698,324,275,0.6364458696979839,0.03483424716906922,512.0,168.0,0.9996581981443274,0.046376510623227486,,,,,,,,
699,324,275,0.6364458696979839,0.03483424716906922,512.0,168.0,0.9996581981443274,0.046376510623227486,,,,,,,,
700,324,275,0.6364458696979839,0.03483424716906922,512.0,168.0,0.9996581981443274,0.046376510623227486,,,,,,,,
701,324,275,0.6364458696979839,0.03483424716906922,512.0,168.0,0.9996581981443274,0.046376510623227486,,,,,,,,
702,324,275,0.6364458696979839,0.03483424716906922,512.0,168.0,0.9996581981443274,0.046376510623227486,,,,,,,,
703,324,275,0.6364458696979839,0.03483424716906922,512.0,168.0,0.9996581981443274,0.046376510623227486,704.0,324.0,0.6441075475072402,0.035593745868361386,,,,
704,324,275,0.6364458696979839,0.03483424716906922,512.0,168.0,0.9996581981443274,0.046376510623227486,704.0,324.0,0.6441075475072402,0.035593745868361386,,,,
705,324,275,0.6364458696979839,0.03483424716906922,512.0,168.0,0.9996581981443274,0.046376510623227486,704.0,324.0,0.6441075475072402,0.035593745868361386,,,,
706,324,275,0.6364458696979839,0.03483424716906922,512.0,168.0,0.9996581981443274,0.046376510623227486,704.0,324.0,0.6441075475072402,0.035593745868361386,,,,
707,324,275,0.6364458696979839,0.03483424716906922,512.0,168.0,0.9996581981443274,0.046376510623227486,704.0,324.0,0.6441075475072402,0.035593745868361386,,,,
708,324,275,0.6364458696979839,0.03483424716906922,512.0,168.0,0.9996581981443274,0.046376510623227486,704.0,324.0,0.6441075475072402,0.035593745868361386,,,,
709,324,275,0.6364458696979839,0.03483424716906922,512.0,168.0,0.9996581981443274,0.046376510623227486,704.0,324.0,0.6441075475072402,0.035593745868361386,,,,
710,324,275,0.6364458696979839,0.03483424716906922,512.0,168.0,0.9996581981443274,0.046376510623227486,704.0,324.0,0.6441075475072402,0.035593745868361386,,,,
711,324,275,0.6364458696979839,0.03483424716906922,512.0,168.0,0.9996581981443274,0.046376510623227486,704.0,324.0,0.6441075475072402,0.035593745868361386,,,,
712,324,275,0.6364458696979839,0.03483424716906922,512.0,168.0,0.9996581981443274,0.046376510623227486,704.0,324.0,0.6441075475072402,0.035593745868361386,,,,
713,324,275,0.6364458696979839,0.03483424716906922,512.0,168.0,0.9996581981443274,0.046376510623227486,704.0,324.0,0.6441075475072402,0.035593745868361386,,,,
714,324,275,0.6364458696979839,0.03483424716906922,512.0,168.0,0.9996581981443274,0.046376510623227486,704.0,324.0,0.6441075475072402,0.035593745868361386,,,,
715,324,275,0.6364458696979839,0.03483424716906922,512.0,168.0,0.9996581981443274,0.046376510623227486,,,,,,,,
716,324,275,0.6364458696979839,0.03483424716906922,512.0,168.0,0.9996581981443274,0.046376510623227486,,,,,,,,
717,324,275,0.6364458696979839,0.03483424716906922,512.0,168.0,0.9996581981443274,0.046376510623227486,,,,,,,,
718,324,275,0.6364458696979839,0.03483424716906922,512.0,168.0,0.9996581981443274,0.046376510623227486,,,,,,,,
719,324,275,0.6364458696979839,0.03483424716906922,512.0,168.0,0.9996581981443274,0.046376510623227486,,,,,,,,
720,324,275,0.6364458696979839,0.03483424716906922,512.0,168.0,0.9996581981443274,0.046376510623227486,,,,,,,,
721,324,275,0.6364458696979839,0.03483424716906922,512.0,168.0,0.9996581981443274,0.046376510623227486,,,,,,,,
722,324,275,0.6364458696979839,0.03483424716906922,512.0,168.0,0.9996581981443274,0.046376510623227486,,,,,,,,
723,324,275,0.6364458696979839,0.03483424716906922,512.0,168.0,0.9996581981443274,0.046376510623227486,,,,,,,,
724,324,275,0.6364458696979839,0.03483424716906922,512.0,168.0,0.9996581981443274,0.046376510623227486,,,,,,,,
725,324,275,0.6364458696979839,0.03483424716906922,512.0,168.0,0.9996581981443274,0.046376510623227486,,,,,,,,
726,324,275,0.6364458696979839,0.03483424716906922,512.0,168.0,0.9996581981443274,0.046376510623227486,,,,,,,,
727,324,275,0.6364458696979839,0.03483424716906922,512.0,168.0,0.9996581981443274,0.046376510623227486,,,,,,,,
728,324,275,0.6364458696979839,0.03483424716906922,512.0,168.0,0.9996581981443274,0.046376510623227486,,,,,,,,
729,324,275,0.6364458696979839,0.03483424716906922,512.0,168.0,0.9996581981443274,0.046376510623227486,,,,,,,,
730,324,275,0.6364458696979839,0.03483424716906922,512.0,168.0,0.9996581981443274,0.046376510623227486,,,,,,,,
731,324,275,0.6364458696979839,0.03483424716906922,512.0,168.0,0.9996581981443274,0.046376510623227486,,,,,,,,
732,324,275,0.6364458696979839,0.03483424716906922,512.0,168.0,0.9996581981443274,0.046376510623227486,,,,,,,,
733,324,275,0.6364458696979839,0.03483424716906922,512.0,168.0,0.9996581981443274,0.046376510623227486,,,,,,,,
734,324,275,0.6364458696979839,0.03483424716906922,512.0,168.0,0.9996581981443274,0.046376510623227486,,,,,,,,
735,324,275,0.6364458696979839,0.03483424716906922,512.0,168.0,0.9996581981443274,0.046376510623227486,736.0,324.0,0.6391249213645503,0.03355194763285459,,,,
736,324,275,0.6364458696979839,0.03483424716906922,512.0,168.0,0.9996581981443274,0.046376510623227486,736.0,324.0,0.6391249213645503,0.03355194763285459,,,,
737,324,275,0.6364458696979839,0.03483424716906922,512.0,168.0,0.9996581981443274,0.046376510623227486,736.0,324.0,0.6391249213645503,0.03355194763285459,,,,
738,324,275,0.6364458696979839,0.03483424716906922,512.0,168.0,0.9996581981443274,0.046376510623227486,736.0,324.0,0.6391249213645503,0.03355194763285459,,,,
739,324,275,0.6364458696979839,0.03483424716906922,512.0,168.0,0.9996581981443274,0.046376510623227486,736.0,324.0,0.6391249213645503,0.03355194763285459,,,,
740,324,275,0.6364458696979839,0.03483424716906922,512.0,168.0,0.9996581981443274,0.046376510623227486,736.0,324.0,0.6391249213645503,0.03355194763285459,,,,
741,324,275,0.6364458696979839,0.03483424716906922,512.0,168.0,0.9996581981443274,0.046376510623227486,742.0,324.0,0.6256582271971171,0.03372748289793361,,,,
742,324,275,0.6364458696979839,0.03483424716906922,512.0,168.0,0.9996581981443274,0.046376510623227486,742.0,324.0,0.6256582271971171,0.03372748289793361,,,,
743,324,275,0.6364458696979839,0.03483424716906922,512.0,168.0,0.9996581981443274,0.046376510623227486,742.0,324.0,0.6256582271971171,0.03372748289793361,,,,
744,324,275,0.6364458696979839,0.03483424716906922,512.0,168.0,0.9996581981443274,0.046376510623227486,742.0,324.0,0.6256582271971171,0.03372748289793361,,,,
745,324,275,0.6364458696979839,0.03483424716906922,512.0,168.0,0.9996581981443274,0.046376510623227486,742.0,324.0,0.6256582271971171,0.03372748289793361,,,,
746,324,275,0.6364458696979839,0.03483424716906922,512.0,168.0,0.9996581981443274,0.046376510623227486,742.0,324.0,0.6256582271971171,0.03372748289793361,,,,
747,324,275,0.6364458696979839,0.03483424716906922,512.0,168.0,0.9996581981443274,0.046376510623227486,742.0,324.0,0.6256582271971171,0.03372748289793361,,,,
748,324,275,0.6364458696979839,0.03483424716906922,512.0,168.0,0.9996581981443274,0.046376510623227486,,,,,,,,
749,324,275,0.6364458696979839,0.03483424716906922,512.0,168.0,0.9996581981443274,0.046376510623227486,,,,,,,,
750,324,275,0.6364458696979839,0.03483424716906922,512.0,168.0,0.9996581981443274,0.046376510623227486,,,,,,,,
751,324,275,0.6364458696979839,0.03483424716906922,512.0,168.0,0.9996581981443274,0.046376510623227486,,,,,,,,
752,324,275,0.6364458696979839,0.03483424716906922,512.0,168.0,0.9996581981443274,0.046376510623227486,,,,,,,,
753,324,275,0.6364458696979839,0.03483424716906922,512.0,168.0,0.9996581981443274,0.046376510623227486,,,,,,,,
754,324,275,0.6364458696979839,0.03483424716906922,512.0,168.0,0.9996581981443274,0.046376510623227486,,,,,,,,
755,324,275,0.6364458696979839,0.03483424716906922,512.0,168.0,0.9996581981443274,0.046376510623227486,756.0,512.0,0.9997477521206759,0.05157585987847357,,,,
756,324,275,0.6364458696979839,0.03483424716906922,512.0,168.0,0.9996581981443274,0.046376510623227486,756.0,512.0,0.9997477521206759,0.05157585987847357,,,,
757,324,275,0.6364458696979839,0.03483424716906922,512.0,168.0,0.9996581981443274,0.046376510623227486,758.0,324.0,0.6508033471062559,0.03738157499301059,,,,
758,324,275,0.6364458696979839,0.03483424716906922,512.0,168.0,0.9996581981443274,0.046376510623227486,,,,,,,,
759,324,275,0.6364458696979839,0.03483424716906922,512.0,168.0,0.9996581981443274,0.046376510623227486,,,,,,,,
760,324,275,0.6364458696979839,0.03483424716906922,512.0,168.0,0.9996581981443274,0.046376510623227486,,,,,,,,
761,324,275,0.6364458696979839,0.03483424716906922,512.0,168.0,0.9996581981443274,0.046376510623227486,,,,,,,,
762,324,275,0.6364458696979839,0.03483424716906922,512.0,168.0,0.9996581981443274,0.046376510623227486,,,,,,,,
763,324,275,0.6364458696979839,0.03483424716906922,512.0,168.0,0.9996581981443274,0.046376510623227486,,,,,,,,
764,324,275,0.6364458696979839,0.03483424716906922,512.0,168.0,0.9996581981443274,0.046376510623227486,,,,,,,,
765,324,275,0.6364458696979839,0.03483424716906922,512.0,168.0,0.9996581981443274,0.046376510623227486,,,,,,,,
766,324,275,0.6364458696979839,0.03483424716906922,512.0,168.0,0.9996581981443274,0.046376510623227486,,,,,,,,
767,324,275,0.6364458696979839,0.03483424716906922,512.0,168.0,0.9996581981443274,0.046376510623227486,,,,,,,,
768,324,275,0.6364458696979839,0.03483424716906922,512.0,168.0,0.9996581981443274,0.046376510623227486,,,,,,,,
769,324,275,0.6364458696979839,0.03483424716906922,512.0,168.0,0.9996581981443274,0.046376510623227486,770.0,324.0,0.6528795007637391,0.03604234933550425,,,,
770,324,275,0.6364458696979839,0.03483424716906922,512.0,168.0,0.9996581981443274,0.046376510623227486,770.0,324.0,0.6528795007637391,0.03604234933550425,,,,
771,324,275,0.6364458696979839,0.03483424716906922,512.0,168.0,0.9996581981443274,0.046376510623227486,,,,,,,,
772,324,275,0.6364458696979839,0.03483424716906922,512.0,168.0,0.9996581981443274,0.046376510623227486,,,,,,,,
773,324,275,0.6364458696979839,0.03483424716906922,512.0,168.0,0.9996581981443274,0.046376510623227486,,,,,,,,
774,324,275,0.6364458696979839,0.03483424716906922,512.0,168.0,0.9996581981443274,0.046376510623227486,,,,,,,,
775,324,275,0.6364458696979839,0.03483424716906922,512.0,168.0,0.9996581981443274,0.046376510623227486,,,,,,,,
776,324,275,0.6364458696979839,0.03483424716906922,512.0,168.0,0.9996581981443274,0.046376510623227486,,,,,,,,
777,324,275,0.6364458696979839,0.03483424716906922,512.0,168.0,0.9996581981443274,0.046376510623227486,,,,,,,,
778,324,275,0.6364458696979839,0.03483424716906922,512.0,168.0,0.9996581981443274,0.046376510623227486,,,,,,,,
779,324,275,0.6364458696979839,0.03483424716906922,512.0,168.0,0.9996581981443274,0.046376510623227486,,,,,,,,
780,324,275,0.6364458696979839,0.03483424716906922,512.0,168.0,0.9996581981443274,0.046376510623227486,,,,,,,,
781,324,275,0.6364458696979839,0.03483424716906922,512.0,168.0,0.9996581981443274,0.046376510623227486,,,,,,,,
782,324,275,0.6364458696979839,0.03483424716906922,512.0,168.0,0.9996581981443274,0.046376510623227486,,,,,,,,
783,324,275,0.6364458696979839,0.03483424716906922,512.0,168.0,0.9996581981443274,0.046376510623227486,784.0,324.0,0.6336276166223525,0.03753371157725429,,,,
784,324,275,0.6364458696979839,0.03483424716906922,512.0,168.0,0.9996581981443274,0.046376510623227486,784.0,324.0,0.6336276166223525,0.03753371157725429,,,,
785,324,275,0.6364458696979839,0.03483424716906922,512.0,168.0,0.9996581981443274,0.046376510623227486,784.0,324.0,0.6336276166223525,0.03753371157725429,,,,
786,324,275,0.6364458696979839,0.03483424716906922,512.0,168.0,0.9996581981443274,0.046376510623227486,784.0,324.0,0.6336276166223525,0.03753371157725429,,,,
787,324,275,0.6364458696979839,0.03483424716906922,512.0,168.0,0.9996581981443274,0.046376510623227486,784.0,324.0,0.6336276166223525,0.03753371157725429,,,,
788,324,275,0.6364458696979839,0.03483424716906922,512.0,168.0,0.9996581981443274,0.046376510623227486,,,,,,,,
789,324,275,0.6364458696979839,0.03483424716906922,512.0,168.0,0.9996581981443274,0.046376510623227486,,,,,,,,
790,324,275,0.6364458696979839,0.03483424716906922,512.0,168.0,0.9996581981443274,0.046376510623227486,,,,,,,,
791,324,275,0.6364458696979839,0.03483424716906922,512.0,168.0,0.9996581981443274,0.046376510623227486,,,,,,,,
792,324,275,0.6364458696979839,0.03483424716906922,512.0,168.0,0.9996581981443274,0.046376510623227486,,,,,,,,
793,324,275,0.6364458696979839,0.03483424716906922,512.0,168.0,0.9996581981443274,0.046376510623227486,,,,,,,,
794,324,275,0.6364458696979839,0.03483424716906922,512.0,168.0,0.9996581981443274,0.046376510623227486,,,,,,,,
795,324,275,0.6364458696979839,0.03483424716906922,512.0,168.0,0.9996581981443274,0.046376510623227486,796.0,324.0,0.6285318848438053,0.035155954335104225,,,,
796,324,275,0.6364458696979839,0.03483424716906922,512.0,168.0,0.9996581981443274,0.046376510623227486,796.0,324.0,0.6285318848438053,0.035155954335104225,,,,
797,324,275,0.6364458696979839,0.03483424716906922,512.0,168.0,0.9996581981443274,0.046376510623227486,796.0,324.0,0.6285318848438053,0.035155954335104225,,,,
798,324,275,0.6364458696979839,0.03483424716906922,512.0,168.0,0.9996581981443274,0.046376510623227486,796.0,324.0,0.6285318848438053,0.035155954335104225,,,,
799,324,275,0.6364458696979839,0.03483424716906922,512.0,168.0,0.9996581981443274,0.046376510623227486,800.0,324.0,0.6484523573580824,0.03380866175252507,,,,
800,324,275,0.6364458696979839,0.03483424716906922,512.0,168.0,0.9996581981443274,0.046376510623227486,800.0,324.0,0.6484523573580824,0.03380866175252507,,,,
801,324,275,0.6364458696979839,0.03483424716906922,512.0,168.0,0.9996581981443274,0.046376510623227486,800.0,324.0,0.6484523573580824,0.03380866175252507,,,,
802,324,275,0.6364458696979839,0.03483424716906922,512.0,168.0,0.9996581981443274,0.046376510623227486,800.0,324.0,0.6484523573580824,0.03380866175252507,,,,
803,324,275,0.6364458696979839,0.03483424716906922,512.0,168.0,0.9996581981443274,0.046376510623227486,800.0,324.0,0.6484523573580824,0.03380866175252507,,,,
804,324,275,0.6364458696979839,0.03483424716906922,512.0,168.0,0.9996581981443274,0.046376510623227486,800.0,324.0,0.6484523573580824,0.03380866175252507,,,,
805,324,275,0.6364458696979839,0.03483424716906922,512.0,168.0,0.9996581981443274,0.046376510623227486,,,,,,,,
806,324,275,0.6364458696979839,0.03483424716906922,512.0,168.0,0.9996581981443274,0.046376510623227486,,,,,,,,
807,324,275,0.6364458696979839,0.03483424716906922,512.0,168.0,0.9996581981443274,0.046376510623227486,,,,,,,,
808,324,275,0.6364458696979839,0.03483424716906922,512.0,168.0,0.9996581981443274,0.046376510623227486,,,,,,,,
809,324,275,0.6364458696979839,0.03483424716906922,512.0,168.0,0.9996581981443274,0.046376510623227486,810.0,324.0,0.6484406262836915,0.033622615798933254,,,,
810,324,275,0.6364458696979839,0.03483424716906922,512.0,168.0,0.9996581981443274,0.046376510623227486,810.0,324.0,0.6484406262836915,0.033622615798933254,,,,
811,324,275,0.6364458696979839,0.03483424716906922,512.0,168.0,0.9996581981443274,0.046376510623227486,,,,,,,,
812,324,275,0.6364458696979839,0.03483424716906922,512.0,168.0,0.9996581981443274,0.046376510623227486,,,,,,,,
813,324,275,0.6364458696979839,0.03483424716906922,512.0,168.0,0.9996581981443274,0.046376510623227486,,,,,,,,
814,324,275,0.6364458696979839,0.03483424716906922,512.0,168.0,0.9996581981443274,0.046376510623227486,,,,,,,,
815,324,275,0.6364458696979839,0.03483424716906922,512.0,168.0,0.9996581981443274,0.046376510623227486,,,,,,,,
816,324,275,0.6364458696979839,0.03483424716906922,512.0,168.0,0.9996581981443274,0.046376510623227486,,,,,,,,
817,324,275,0.6364458696979839,0.03483424716906922,512.0,168.0,0.9996581981443274,0.046376510623227486,818.0,324.0,0.651304191385933,0.031529818220172215,,,,
818,324,275,0.6364458696979839,0.03483424716906922,512.0,168.0,0.9996581981443274,0.046376510623227486,,,,,,,,
819,324,275,0.6364458696979839,0.03483424716906922,512.0,168.0,0.9996581981443274,0.046376510623227486,,,,,,,,
820,324,275,0.6364458696979839,0.03483424716906922,512.0,168.0,0.9996581981443274,0.046376510623227486,,,,,,,,
821,324,275,0.6364458696979839,0.03483424716906922,512.0,168.0,0.9996581981443274,0.046376510623227486,,,,,,,,
822,324,275,0.6364458696979839,0.03483424716906922,512.0,168.0,0.9996581981443274,0.046376510623227486,,,,,,,,
823,324,275,0.6364458696979839,0.03483424716906922,512.0,168.0,0.9996581981443274,0.046376510623227486,,,,,,,,
824,324,275,0.6364458696979839,0.03483424716906922,512.0,168.0,0.9996581981443274,0.046376510623227486,,,,,,,,
825,324,275,0.6364458696979839,0.03483424716906922,512.0,168.0,0.9996581981443274,0.046376510623227486,826.0,324.0,0.6223206182675021,0.03679937630743907,,,,
826,324,275,0.6364458696979839,0.03483424716906922,512.0,168.0,0.9996581981443274,0.046376510623227486,826.0,324.0,0.6223206182675021,0.03679937630743907,,,,
827,324,275,0.6364458696979839,0.03483424716906922,512.0,168.0,0.9996581981443274,0.046376510623227486,,,,,,,,
828,324,275,0.6364458696979839,0.03483424716906922,512.0,168.0,0.9996581981443274,0.046376510623227486,,,,,,,,
829,324,275,0.6364458696979839,0.03483424716906922,512.0,168.0,0.9996581981443274,0.046376510623227486,830.0,324.0,0.6438473713453513,0.03459911731645161,,,,
830,324,275,0.6364458696979839,0.03483424716906922,512.0,168.0,0.9996581981443274,0.046376510623227486,830.0,324.0,0.6438473713453513,0.03459911731645161,,,,
831,324,275,0.6364458696979839,0.03483424716906922,512.0,168.0,0.9996581981443274,0.046376510623227486,830.0,324.0,0.6438473713453513,0.03459911731645161,,,,
832,324,275,0.6364458696979839,0.03483424716906922,512.0,168.0,0.9996581981443274,0.046376510623227486,830.0,324.0,0.6438473713453513,0.03459911731645161,,,,
833,324,275,0.6364458696979839,0.03483424716906922,512.0,168.0,0.9996581981443274,0.046376510623227486,830.0,324.0,0.6438473713453513,0.03459911731645161,,,,
834,324,275,0.6364458696979839,0.03483424716906922,512.0,168.0,0.9996581981443274,0.046376510623227486,830.0,324.0,0.6438473713453513,0.03459911731645161,,,,
835,324,275,0.6364458696979839,0.03483424716906922,512.0,168.0,0.9996581981443274,0.046376510623227486,830.0,324.0,0.6438473713453513,0.03459911731645161,836.0,324.0,0.6192992214770977,0.03375115179228552
836,324,275,0.6364458696979839,0.03483424716906922,512.0,168.0,0.9996581981443274,0.046376510623227486,830.0,324.0,0.6438473713453513,0.03459911731645161,836.0,324.0,0.6192992214770977,0.03375115179228552
837,324,275,0.6364458696979839,0.03483424716906922,512.0,168.0,0.9996581981443274,0.046376510623227486,830.0,324.0,0.6438473713453513,0.03459911731645161,,,,
838,324,275,0.6364458696979839,0.03483424716906922,512.0,168.0,0.9996581981443274,0.046376510623227486,830.0,324.0,0.6438473713453513,0.03459911731645161,,,,
839,324,275,0.6364458696979839,0.03483424716906922,512.0,168.0,0.9996581981443274,0.046376510623227486,830.0,324.0,0.6438473713453513,0.03459911731645161,,,,
840,324,275,0.6364458696979839,0.03483424716906922,512.0,168.0,0.9996581981443274,0.046376510623227486,830.0,324.0,0.6438473713453513,0.03459911731645161,,,,
841,324,275,0.6364458696979839,0.03483424716906922,512.0,168.0,0.9996581981443274,0.046376510623227486,830.0,324.0,0.6438473713453513,0.03459911731645161,,,,
842,324,275,0.6364458696979839,0.03483424716906922,512.0,168.0,0.9996581981443274,0.046376510623227486,830.0,324.0,0.6438473713453513,0.03459911731645161,,,,
843,324,275,0.6364458696979839,0.03483424716906922,512.0,168.0,0.9996581981443274,0.046376510623227486,830.0,324.0,0.6438473713453513,0.03459911731645161,,,,
844,324,275,0.6364458696979839,0.03483424716906922,512.0,168.0,0.9996581981443274,0.046376510623227486,830.0,324.0,0.6438473713453513,0.03459911731645161,,,,
845,324,275,0.6364458696979839,0.03483424716906922,512.0,168.0,0.9996581981443274,0.046376510623227486,830.0,324.0,0.6438473713453513,0.03459911731645161,,,,
846,324,275,0.6364458696979839,0.03483424716906922,512.0,168.0,0.9996581981443274,0.046376510623227486,830.0,324.0,0.6438473713453513,0.03459911731645161,,,,
847,324,275,0.6364458696979839,0.03483424716906922,512.0,168.0,0.9996581981443274,0.046376510623227486,830.0,324.0,0.6438473713453513,0.03459911731645161,,,,
848,324,275,0.6364458696979839,0.03483424716906922,512.0,168.0,0.9996581981443274,0.046376510623227486,830.0,324.0,0.6438473713453513,0.03459911731645161,,,,
849,324,275,0.6364458696979839,0.03483424716906922,512.0,168.0,0.9996581981443274,0.046376510623227486,830.0,324.0,0.6438473713453513,0.03459911731645161,,,,
850,324,275,0.6364458696979839,0.03483424716906922,512.0,168.0,0.9996581981443274,0.046376510623227486,830.0,324.0,0.6438473713453513,0.03459911731645161,,,,
851,324,275,0.6364458696979839,0.03483424716906922,512.0,168.0,0.9996581981443274,0.046376510623227486,830.0,324.0,0.6438473713453513,0.03459911731645161,,,,
852,324,275,0.6364458696979839,0.03483424716906922,512.0,168.0,0.9996581981443274,0.046376510623227486,830.0,324.0,0.6438473713453513,0.03459911731645161,,,,
853,324,275,0.6364458696979839,0.03483424716906922,512.0,168.0,0.9996581981443274,0.046376510623227486,,,,,,,,
854,324,275,0.6364458696979839,0.03483424716906922,512.0,168.0,0.9996581981443274,0.046376510623227486,,,,,,,,
855,324,275,0.6364458696979839,0.03483424716906922,512.0,168.0,0.9996581981443274,0.046376510623227486,,,,,,,,
856,324,275,0.6364458696979839,0.03483424716906922,512.0,168.0,0.9996581981443274,0.046376510623227486,,,,,,,,
857,324,275,0.6364458696979839,0.03483424716906922,512.0,168.0,0.9996581981443274,0.046376510623227486,,,,,,,,
858,324,275,0.6364458696979839,0.03483424716906922,512.0,168.0,0.9996581981443274,0.046376510623227486,,,,,,,,
859,324,275,0.6364458696979839,0.03483424716906922,512.0,168.0,0.9996581981443274,0.046376510623227486,,,,,,,,
860,324,275,0.6364458696979839,0.03483424716906922,512.0,168.0,0.9996581981443274,0.046376510623227486,,,,,,,,
861,324,275,0.6364458696979839,0.03483424716906922,512.0,168.0,0.9996581981443274,0.046376510623227486,,,,,,,,
862,324,275,0.6364458696979839,0.03483424716906922,512.0,168.0,0.9996581981443274,0.046376510623227486,863.0,324.0,0.6565168860888058,0.03333505907104073,,,,
863,324,275,0.6364458696979839,0.03483424716906922,512.0,168.0,0.9996581981443274,0.046376510623227486,,,,,,,,
864,324,275,0.6364458696979839,0.03483424716906922,512.0,168.0,0.9996581981443274,0.046376510623227486,,,,,,,,
865,324,275,0.6364458696979839,0.03483424716906922,512.0,168.0,0.9996581981443274,0.046376510623227486,866.0,324.0,0.6470050767245377,0.03462925289699968,,,,
866,324,275,0.6364458696979839,0.03483424716906922,512.0,168.0,0.9996581981443274,0.046376510623227486,866.0,324.0,0.6470050767245377,0.03462925289699968,,,,
867,324,275,0.6364458696979839,0.03483424716906922,512.0,168.0,0.9996581981443274,0.046376510623227486,866.0,324.0,0.6470050767245377,0.03462925289699968,,,,
868,324,275,0.6364458696979839,0.03483424716906922,512.0,168.0,0.9996581981443274,0.046376510623227486,866.0,324.0,0.6470050767245377,0.03462925289699968,,,,
869,324,275,0.6364458696979839,0.03483424716906922,512.0,168.0,0.9996581981443274,0.046376510623227486,866.0,324.0,0.6470050767245377,0.03462925289699968,,,,
870,324,275,0.6364458696979839,0.03483424716906922,512.0,168.0,0.9996581981443274,0.046376510623227486,866.0,324.0,0.6470050767245377,0.03462925289699968,,,,
871,324,275,0.6364458696979839,0.03483424716906922,512.0,168.0,0.9996581981443274,0.046376510623227486,,,,,,,,
872,324,275,0.6364458696979839,0.03483424716906922,512.0,168.0,0.9996581981443274,0.046376510623227486,,,,,,,,
873,324,275,0.6364458696979839,0.03483424716906922,512.0,168.0,0.9996581981443274,0.046376510623227486,874.0,324.0,0.651732395572778,0.03381165745922299,,,,
874,324,275,0.6364458696979839,0.03483424716906922,512.0,168.0,0.9996581981443274,0.046376510623227486,874.0,324.0,0.651732395572778,0.03381165745922299,,,,
875,324,275,0.6364458696979839,0.03483424716906922,512.0,168.0,0.9996581981443274,0.046376510623227486,874.0,324.0,0.651732395572778,0.03381165745922299,,,,
876,324,275,0.6364458696979839,0.03483424716906922,512.0,168.0,0.9996581981443274,0.046376510623227486,,,,,,,,
877,324,275,0.6364458696979839,0.03483424716906922,512.0,168.0,0.9996581981443274,0.046376510623227486,,,,,,,,
878,324,275,0.6364458696979839,0.03483424716906922,512.0,168.0,0.9996581981443274,0.046376510623227486,,,,,,,,
879,324,275,0.6364458696979839,0.03483424716906922,512.0,168.0,0.9996581981443274,0.046376510623227486,,,,,,,,
880,324,275,0.6364458696979839,0.03483424716906922,512.0,168.0,0.9996581981443274,0.046376510623227486,,,,,,,,
881,324,275,0.6364458696979839,0.03483424716906922,512.0,168.0,0.9996581981443274,0.046376510623227486,,,,,,,,
882,324,275,0.6364458696979839,0.03483424716906922,512.0,168.0,0.9996581981443274,0.046376510623227486,,,,,,,,
883,324,275,0.6364458696979839,0.03483424716906922,512.0,168.0,0.9996581981443274,0.046376510623227486,,,,,,,,
884,324,275,0.6364458696979839,0.03483424716906922,512.0,168.0,0.9996581981443274,0.046376510623227486,,,,,,,,
885,324,275,0.6364458696979839,0.03483424716906922,512.0,168.0,0.9996581981443274,0.046376510623227486,,,,,,,,
886,324,275,0.6364458696979839,0.03483424716906922,512.0,168.0,0.9996581981443274,0.046376510623227486,,,,,,,,
887,324,275,0.6364458696979839,0.03483424716906922,512.0,168.0,0.9996581981443274,0.046376510623227486,,,,,,,,
888,324,275,0.6364458696979839,0.03483424716906922,512.0,168.0,0.9996581981443274,0.046376510623227486,,,,,,,,
889,324,275,0.6364458696979839,0.03483424716906922,512.0,168.0,0.9996581981443274,0.046376510623227486,,,,,,,,
890,324,275,0.6364458696979839,0.03483424716906922,512.0,168.0,0.9996581981443274,0.046376510623227486,,,,,,,,
891,324,275,0.6364458696979839,0.03483424716906922,512.0,168.0,0.9996581981443274,0.046376510623227486,,,,,,,,
892,324,275,0.6364458696979839,0.03483424716906922,512.0,168.0,0.9996581981443274,0.046376510623227486,,,,,,,,
893,324,275,0.6364458696979839,0.03483424716906922,512.0,168.0,0.9996581981443274,0.046376510623227486,894.0,324.0,0.6284414907407133,0.035389875995567185,,,,
894,324,275,0.6364458696979839,0.03483424716906922,512.0,168.0,0.9996581981443274,0.046376510623227486,894.0,324.0,0.6284414907407133,0.035389875995567185,,,,
895,324,275,0.6364458696979839,0.03483424716906922,512.0,168.0,0.9996581981443274,0.046376510623227486,894.0,324.0,0.6284414907407133,0.035389875995567185,,,,
896,324,275,0.6364458696979839,0.03483424716906922,512.0,168.0,0.9996581981443274,0.046376510623227486,894.0,324.0,0.6284414907407133,0.035389875995567185,,,,
897,324,275,0.6364458696979839,0.03483424716906922,512.0,168.0,0.9996581981443274,0.046376510623227486,894.0,324.0,0.6284414907407133,0.035389875995567185,,,,
898,324,275,0.6364458696979839,0.03483424716906922,512.0,168.0,0.9996581981443274,0.046376510623227486,894.0,324.0,0.6284414907407133,0.035389875995567185,,,,
899,324,275,0.6364458696979839,0.03483424716906922,512.0,168.0,0.9996581981443274,0.046376510623227486,894.0,324.0,0.6284414907407133,0.035389875995567185,,,,
900,324,275,0.6364458696979839,0.03483424716906922,512.0,168.0,0.9996581981443274,0.046376510623227486,894.0,324.0,0.6284414907407133,0.035389875995567185,,,,
901,324,275,0.6364458696979839,0.03483424716906922,512.0,168.0,0.9996581981443274,0.046376510623227486,894.0,324.0,0.6284414907407133,0.035389875995567185,,,,
902,324,275,0.6364458696979839,0.03483424716906922,512.0,168.0,0.9996581981443274,0.046376510623227486,894.0,324.0,0.6284414907407133,0.035389875995567185,,,,
903,324,275,0.6364458696979839,0.03483424716906922,512.0,168.0,0.9996581981443274,0.046376510623227486,894.0,324.0,0.6284414907407133,0.035389875995567185,,,,
904,324,275,0.6364458696979839,0.03483424716906922,512.0,168.0,0.9996581981443274,0.046376510623227486,894.0,324.0,0.6284414907407133,0.035389875995567185,,,,
905,324,275,0.6364458696979839,0.03483424716906922,512.0,168.0,0.9996581981443274,0.046376510623227486,894.0,324.0,0.6284414907407133,0.035389875995567185,,,,
906,324,275,0.6364458696979839,0.03483424716906922,512.0,168.0,0.9996581981443274,0.046376510623227486,894.0,324.0,0.6284414907407133,0.035389875995567185,,,,
907,324,275,0.6364458696979839,0.03483424716906922,512.0,168.0,0.9996581981443274,0.046376510623227486,894.0,324.0,0.6284414907407133,0.035389875995567185,,,,
908,324,275,0.6364458696979839,0.03483424716906922,512.0,168.0,0.9996581981443274,0.046376510623227486,894.0,324.0,0.6284414907407133,0.035389875995567185,,,,
909,324,275,0.6364458696979839,0.03483424716906922,512.0,168.0,0.9996581981443274,0.046376510623227486,910.0,324.0,0.6270284607689919,0.03226936496154516,,,,
910,324,275,0.6364458696979839,0.03483424716906922,512.0,168.0,0.9996581981443274,0.046376510623227486,,,,,,,,
911,324,275,0.6364458696979839,0.03483424716906922,512.0,168.0,0.9996581981443274,0.046376510623227486,,,,,,,,
912,324,275,0.6364458696979839,0.03483424716906922,512.0,168.0,0.9996581981443274,0.046376510623227486,,,,,,,,
913,324,275,0.6364458696979839,0.03483424716906922,512.0,168.0,0.9996581981443274,0.046376510623227486,,,,,,,,
914,324,275,0.6364458696979839,0.03483424716906922,512.0,168.0,0.9996581981443274,0.046376510623227486,,,,,,,,
915,324,275,0.6364458696979839,0.03483424716906922,512.0,168.0,0.9996581981443274,0.046376510623227486,916.0,324.0,0.6228998153528422,0.03380559253705089,,,,
916,324,275,0.6364458696979839,0.03483424716906922,512.0,168.0,0.9996581981443274,0.046376510623227486,,,,,,,,
917,324,275,0.6364458696979839,0.03483424716906922,512.0,168.0,0.9996581981443274,0.046376510623227486,,,,,,,,
918,324,275,0.6364458696979839,0.03483424716906922,512.0,168.0,0.9996581981443274,0.046376510623227486,,,,,,,,
919,324,275,0.6364458696979839,0.03483424716906922,512.0,168.0,0.9996581981443274,0.046376510623227486,,,,,,,,
920,324,275,0.6364458696979839,0.03483424716906922,512.0,168.0,0.9996581981443274,0.046376510623227486,,,,,,,,
921,324,275,0.6364458696979839,0.03483424716906922,512.0,168.0,0.9996581981443274,0.046376510623227486,,,,,,,,
922,324,275,0.6364458696979839,0.03483424716906922,512.0,168.0,0.9996581981443274,0.046376510623227486,,,,,,,,
923,324,275,0.6364458696979839,0.03483424716906922,512.0,168.0,0.9996581981443274,0.046376510623227486,,,,,,,,
924,324,275,0.6364458696979839,0.03483424716906922,512.0,168.0,0.9996581981443274,0.046376510623227486,,,,,,,,
925,324,275,0.6364458696979839,0.03483424716906922,512.0,168.0,0.9996581981443274,0.046376510623227486,,,,,,,,
926,324,275,0.6364458696979839,0.03483424716906922,512.0,168.0,0.9996581981443274,0.046376510623227486,,,,,,,,
927,324,275,0.6364458696979839,0.03483424716906922,512.0,168.0,0.9996581981443274,0.046376510623227486,,,,,,,,
928,324,275,0.6364458696979839,0.03483424716906922,512.0,168.0,0.9996581981443274,0.046376510623227486,,,,,,,,
929,324,275,0.6364458696979839,0.03483424716906922,512.0,168.0,0.9996581981443274,0.046376510623227486,,,,,,,,
930,324,275,0.6364458696979839,0.03483424716906922,512.0,168.0,0.9996581981443274,0.046376510623227486,,,,,,,,
931,324,275,0.6364458696979839,0.03483424716906922,512.0,168.0,0.9996581981443274,0.046376510623227486,,,,,,,,
932,324,275,0.6364458696979839,0.03483424716906922,512.0,168.0,0.9996581981443274,0.046376510623227486,,,,,,,,
933,324,275,0.6364458696979839,0.03483424716906922,512.0,168.0,0.9996581981443274,0.046376510623227486,,,,,,,,
934,324,275,0.6364458696979839,0.03483424716906922,512.0,168.0,0.9996581981443274,0.046376510623227486,,,,,,,,
935,324,275,0.6364458696979839,0.03483424716906922,512.0,168.0,0.9996581981443274,0.046376510623227486,,,,,,,,
936,324,275,0.6364458696979839,0.03483424716906922,512.0,168.0,0.9996581981443274,0.046376510623227486,,,,,,,,
937,324,275,0.6364458696979839,0.03483424716906922,512.0,168.0,0.9996581981443274,0.046376510623227486,,,,,,,,
938,324,275,0.6364458696979839,0.03483424716906922,512.0,168.0,0.9996581981443274,0.046376510623227486,,,,,,,,
939,324,275,0.6364458696979839,0.03483424716906922,512.0,168.0,0.9996581981443274,0.046376510623227486,,,,,,,,
940,324,275,0.6364458696979839,0.03483424716906922,512.0,168.0,0.9996581981443274,0.046376510623227486,,,,,,,,
941,324,275,0.6364458696979839,0.03483424716906922,512.0,168.0,0.9996581981443274,0.046376510623227486,,,,,,,,
942,324,275,0.6364458696979839,0.03483424716906922,512.0,168.0,0.9996581981443274,0.046376510623227486,,,,,,,,
943,324,275,0.6364458696979839,0.03483424716906922,512.0,168.0,0.9996581981443274,0.046376510623227486,,,,,,,,
944,324,275,0.6364458696979839,0.03483424716906922,512.0,168.0,0.9996581981443274,0.046376510623227486,,,,,,,,
945,324,275,0.6364458696979839,0.03483424716906922,512.0,168.0,0.9996581981443274,0.046376510623227486,,,,,,,,
946,324,275,0.6364458696979839,0.03483424716906922,512.0,168.0,0.9996581981443274,0.046376510623227486,,,,,,,,
947,324,275,0.6364458696979839,0.03483424716906922,512.0,168.0,0.9996581981443274,0.046376510623227486,,,,,,,,
948,324,275,0.6364458696979839,0.03483424716906922,512.0,168.0,0.9996581981443274,0.046376510623227486,,,,,,,,
949,324,275,0.6364458696979839,0.03483424716906922,512.0,168.0,0.9996581981443274,0.046376510623227486,,,,,,,,
950,324,275,0.6364458696979839,0.03483424716906922,512.0,168.0,0.9996581981443274,0.046376510623227486,,,,,,,,
951,324,275,0.6364458696979839,0.03483424716906922,512.0,168.0,0.9996581981443274,0.046376510623227486,,,,,,,,
952,324,275,0.6364458696979839,0.03483424716906922,512.0,168.0,0.9996581981443274,0.046376510623227486,,,,,,,,
953,324,275,0.6364458696979839,0.03483424716906922,512.0,168.0,0.9996581981443274,0.046376510623227486,,,,,,,,
954,324,275,0.6364458696979839,0.03483424716906922,512.0,168.0,0.9996581981443274,0.046376510623227486,,,,,,,,
955,324,275,0.6364458696979839,0.03483424716906922,512.0,168.0,0.9996581981443274,0.046376510623227486,,,,,,,,
956,324,275,0.6364458696979839,0.03483424716906922,512.0,168.0,0.9996581981443274,0.046376510623227486,,,,,,,,
957,324,275,0.6364458696979839,0.03483424716906922,512.0,168.0,0.9996581981443274,0.046376510623227486,,,,,,,,
958,324,275,0.6364458696979839,0.03483424716906922,512.0,168.0,0.9996581981443274,0.046376510623227486,,,,,,,,
959,324,275,0.6364458696979839,0.03483424716906922,512.0,168.0,0.9996581981443274,0.046376510623227486,,,,,,,,
960,324,275,0.6364458696979839,0.03483424716906922,512.0,168.0,0.9996581981443274,0.046376510623227486,,,,,,,,
961,324,275,0.6364458696979839,0.03483424716906922,512.0,168.0,0.9996581981443274,0.046376510623227486,,,,,,,,
962,324,275,0.6364458696979839,0.03483424716906922,512.0,168.0,0.9996581981443274,0.046376510623227486,,,,,,,,
963,324,275,0.6364458696979839,0.03483424716906922,512.0,168.0,0.9996581981443274,0.046376510623227486,964.0,324.0,0.6431936182895919,0.03584653629603893,,,,
964,324,275,0.6364458696979839,0.03483424716906922,512.0,168.0,0.9996581981443274,0.046376510623227486,964.0,324.0,0.6431936182895919,0.03584653629603893,,,,
965,324,275,0.6364458696979839,0.03483424716906922,512.0,168.0,0.9996581981443274,0.046376510623227486,964.0,324.0,0.6431936182895919,0.03584653629603893,,,,
966,324,275,0.6364458696979839,0.03483424716906922,512.0,168.0,0.9996581981443274,0.046376510623227486,964.0,324.0,0.6431936182895919,0.03584653629603893,,,,
967,324,275,0.6364458696979839,0.03483424716906922,512.0,168.0,0.9996581981443274,0.046376510623227486,964.0,324.0,0.6431936182895919,0.03584653629603893,,,,
968,324,275,0.6364458696979839,0.03483424716906922,512.0,168.0,0.9996581981443274,0.046376510623227486,964.0,324.0,0.6431936182895919,0.03584653629603893,,,,
969,324,275,0.6364458696979839,0.03483424716906922,512.0,168.0,0.9996581981443274,0.046376510623227486,964.0,324.0,0.6431936182895919,0.03584653629603893,,,,
970,324,275,0.6364458696979839,0.03483424716906922,512.0,168.0,0.9996581981443274,0.046376510623227486,964.0,324.0,0.6431936182895919,0.03584653629603893,,,,
971,324,275,0.6364458696979839,0.03483424716906922,512.0,168.0,0.9996581981443274,0.046376510623227486,,,,,,,,
972,324,275,0.6364458696979839,0.03483424716906922,512.0,168.0,0.9996581981443274,0.046376510623227486,,,,,,,,
973,324,275,0.6364458696979839,0.03483424716906922,512.0,168.0,0.9996581981443274,0.046376510623227486,,,,,,,,
974,324,275,0.6364458696979839,0.03483424716906922,512.0,168.0,0.9996581981443274,0.046376510623227486,,,,,,,,
975,324,275,0.6364458696979839,0.03483424716906922,512.0,168.0,0.9996581981443274,0.046376510623227486,,,,,,,,
976,324,275,0.6364458696979839,0.03483424716906922,512.0,168.0,0.9996581981443274,0.046376510623227486,,,,,,,,
977,324,275,0.6364458696979839,0.03483424716906922,512.0,168.0,0.9996581981443274,0.046376510623227486,,,,,,,,
978,324,275,0.6364458696979839,0.03483424716906922,512.0,168.0,0.9996581981443274,0.046376510623227486,,,,,,,,
979,324,275,0.6364458696979839,0.03483424716906922,512.0,168.0,0.9996581981443274,0.046376510623227486,,,,,,,,
980,324,275,0.6364458696979839,0.03483424716906922,512.0,168.0,0.9996581981443274,0.046376510623227486,,,,,,,,
981,324,275,0.6364458696979839,0.03483424716906922,512.0,168.0,0.9996581981443274,0.046376510623227486,,,,,,,,
982,324,275,0.6364458696979839,0.03483424716906922,512.0,168.0,0.9996581981443274,0.046376510623227486,,,,,,,,
983,324,275,0.6364458696979839,0.03483424716906922,512.0,168.0,0.9996581981443274,0.046376510623227486,,,,,,,,
984,324,275,0.6364458696979839,0.03483424716906922,512.0,168.0,0.9996581981443274,0.046376510623227486,,,,,,,,
985,324,275,0.6364458696979839,0.03483424716906922,512.0,168.0,0.9996581981443274,0.046376510623227486,,,,,,,,
986,324,275,0.6364458696979839,0.03483424716906922,512.0,168.0,0.9996581981443274,0.046376510623227486,,,,,,,,
987,324,275,0.6364458696979839,0.03483424716906922,512.0,168.0,0.9996581981443274,0.046376510623227486,,,,,,,,
988,324,275,0.6364458696979839,0.03483424716906922,512.0,168.0,0.9996581981443274,0.046376510623227486,,,,,,,,
989,324,275,0.6364458696979839,0.03483424716906922,512.0,168.0,0.9996581981443274,0.046376510623227486,,,,,,,,
990,324,275,0.6364458696979839,0.03483424716906922,512.0,168.0,0.9996581981443274,0.046376510623227486,,,,,,,,
991,324,275,0.6364458696979839,0.03483424716906922,512.0,168.0,0.9996581981443274,0.046376510623227486,,,,,,,,
992,324,275,0.6364458696979839,0.03483424716906922,512.0,168.0,0.9996581981443274,0.046376510623227486,,,,,,,,
993,324,275,0.6364458696979839,0.03483424716906922,512.0,168.0,0.9996581981443274,0.046376510623227486,,,,,,,,
994,324,275,0.6364458696979839,0.03483424716906922,512.0,168.0,0.9996581981443274,0.046376510623227486,,,,,,,,
995,324,275,0.6364458696979839,0.03483424716906922,512.0,168.0,0.9996581981443274,0.046376510623227486,,,,,,,,
996,324,275,0.6364458696979839,0.03483424716906922,512.0,168.0,0.9996581981443274,0.046376510623227486,,,,,,,,
997,324,275,0.6364458696979839,0.03483424716906922,512.0,168.0,0.9996581981443274,0.046376510623227486,,,,,,,,
998,324,275,0.6364458696979839,0.03483424716906922,512.0,168.0,0.9996581981443274,0.046376510623227486,,,,,,,,
999,324,275,0.6364458696979839,0.03483424716906922,512.0,168.0,0.9996581981443274,0.046376510623227486,,,,,,,,
