f_r,phi_R0max
0.9999,0.0001
0.9999,0.00014389724020375512
0.9999,0.00014389724020375512
0.9999,0.00014389724020375512
0.9999,0.00014389724020375512
0.9954460487447283,0.00014389724020375512
0.9902425294491249,0.0024010182902005402
0.9902425294491249,0.0024010182902005402
0.9902425294491249,0.0024010182902005402
0.9902425294491249,0.0024010182902005402
0.9883856928175496,0.002227569324888023
0.9883856928175496,0.002227569324888023
0.9853892416797674,0.0008964252114432175
0.9853892416797674,0.0008964252114432175
0.9795462179352133,0.0008964252114432175
0.9795462179352133,0.004065963048044877
0.9770706182758341,0.004066061916104419
0.9770706182758341,0.004841085078090187
0.9770706182758341,0.004841085078090187
0.9724025027182396,0.0054491715455179755
0.9724025027182396,0.006553835920785194
0.9724025027182396,0.006553835920785194
0.9668268894531448,0.006553835920785194
0.9668268894531448,0.006553835920785194
0.957250766069781,0.006553835920785194
0.957250766069781,0.006553835920785194
0.945272695106426,0.006553835920785194
0.945272695106426,0.006553835920785194
0.945272695106426,0.006553835920785194
0.945272695106426,0.006553835920785194
0.945272695106426,0.006553835920785194
0.9447075934257886,0.006553835920785194
0.9447075934257886,0.006553835920785194
0.9349207698408903,0.006553835920785194
0.9349207698408903,0.006553835920785194
0.9349207698408903,0.006553835920785194
0.9293704416863197,0.004671868321827991
0.9293704416863197,0.004671868321827991
0.9293704416863197,0.004671868321827991
0.9293704416863197,0.005396512211109551
0.9293704416863197,0.005396512211109551
0.9299228831680887,0.0076405663559005535
0.9299228831680887,0.0076405663559005535
0.9299228831680887,0.0076405663559005535
0.9299228831680887,0.0076405663559005535
0.9299228831680887,0.0076405663559005535
0.9207143073171468,0.006174461204024451
0.9207143073171468,0.009774671860167304
0.9207143073171468,0.009774671860167304
0.9207143073171468,0.009774671860167304
0.9206788865538877,0.009774671860167304
0.9151754032489474,0.009774671860167304
0.914042749360262,0.009883342669668053
0.914042749360262,0.009883342669668053
0.914042749360262,0.009883342669668053
0.914042749360262,0.01239616725338315
0.9104636842228,0.01239616725338315
0.9082378824702606,0.01239616725338315
0.9082378824702606,0.01239616725338315
0.9082378824702606,0.01239616725338315
0.9082378824702606,0.01239616725338315
0.9082378824702606,0.01239616725338315
0.9082378824702606,0.01239616725338315
0.9082378824702606,0.01239616725338315
0.9082378824702606,0.01239616725338315
0.9082378824702606,0.01239616725338315
0.9082378824702606,0.012630498587996912
0.9082378824702606,0.01773418785108438
0.9082378824702606,0.01773418785108438
0.9082378824702606,0.01773418785108438
0.8997052818291975,0.01773418785108438
0.8997052818291975,0.01773418785108438
0.8997052818291975,0.022193127157734388
0.8986742230664664,0.022193127157734388
0.8944077327485151,0.022193127157734388
0.8944077327485151,0.02368634134789487
0.8944077327485151,0.02368634134789487
0.8944077327485151,0.02368634134789487
0.8940097149941035,0.02368634134789487
0.8940097149941035,0.02368634134789487
0.8940097149941035,0.026996131570229565
0.8891519464937272,0.0275292420287121
0.8891519464937272,0.0275292420287121
0.8806497143753506,0.021107178260429474
0.8735290697925294,0.021107178260429474
0.8735290697925294,0.021107178260429474
0.8706577833899665,0.0224409311152285
0.8706577833899665,0.0224409311152285
0.8706577833899665,0.0224409311152285
0.8706577833899665,0.0224409311152285
0.8706577833899665,0.0224409311152285
0.8584973931810481,0.0224409311152285
0.8584973931810481,0.0224409311152285
0.8547592284049281,0.0224409311152285
0.8547592284049281,0.0224409311152285
0.8547592284049281,0.0224409311152285
0.8547592284049281,0.02960287532729878
0.852989849494473,0.02960287532729878
0.852989849494473,0.02960287532729878
0.8468947556597021,0.02960287532729878
0.8445656550802718,0.02960287532729878
0.8445656550802718,0.02960287532729878
0.8445656550802718,0.02960287532729878
0.8445656550802718,0.02960287532729878
0.8445656550802718,0.02960287532729878
0.8415937550096042,0.02960287532729878
0.8415937550096042,0.02960287532729878
0.8415937550096042,0.02960287532729878
0.8415937550096042,0.02960287532729878
0.8415937550096042,0.02960287532729878
0.8415937550096042,0.02960287532729878
0.8338289425981685,0.02960287532729878
0.8338289425981685,0.02960287532729878
0.8338289425981685,0.02960287532729878
0.8338289425981685,0.02960287532729878
0.819571792206883,0.027752957139661322
0.8176203410621325,0.027752957139661322
0.8073104297445057,0.02416897040257536
0.8073104297445057,0.02416897040257536
0.8041318723928277,0.02416897040257536
0.8041318723928277,0.02416897040257536
0.8041318723928277,0.02416897040257536
0.8027425349616777,0.027539597764307727
0.8027425349616777,0.027539597764307727
0.8018726747788534,0.027539597764307727
0.8018726747788534,0.027539597764307727
0.7956619942709396,0.02846952765133108
0.7956619942709396,0.02846952765133108
0.7956619942709396,0.02846952765133108
0.790223401586508,0.0298437540777338
0.790223401586508,0.0298437540777338
0.790223401586508,0.0298437540777338
0.790223401586508,0.0298437540777338
0.790223401586508,0.0298437540777338
0.790223401586508,0.0298437540777338
0.7867014693655733,0.0298437540777338
0.7850313035151268,0.026658953089125147
0.7850313035151268,0.026658953089125147
0.7850313035151268,0.026658953089125147
0.7850313035151268,0.026658953089125147
0.7850313035151268,0.026658953089125147
0.7827542462663655,0.02679087923819937
0.7827542462663655,0.02679087923819937
0.7827542462663655,0.02679087923819937
0.776217928682267,0.02679087923819937
0.776217928682267,0.02679087923819937
0.7707619189968996,0.02679087923819937
0.7685025690824795,0.02679087923819937
0.7685025690824795,0.02679087923819937
0.7685025690824795,0.02679087923819937
0.7685025690824795,0.028786940313857406
0.7685025690824795,0.028786940313857406
0.7655431186548931,0.028786940313857406
0.7647214550018117,0.030575026592699926
0.7647214550018117,0.030575026592699926
0.7647214550018117,0.030575026592699926
0.7635893548339604,0.030575026592699926
0.7635893548339604,0.030575026592699926
0.7558862207442003,0.030575026592699926
0.7558862207442003,0.03319293187913993
0.7541903037829526,0.033307291712726624
0.7504631607558114,0.033307291712726624
0.7504631607558114,0.03325943072935141
0.7504631607558114,0.03325943072935141
0.7504631607558114,0.03325943072935141
0.7504631607558114,0.03325943072935141
0.7504631607558114,0.03325943072935141
0.7475298534389323,0.0361682994239102
0.7475298534389323,0.0361682994239102
0.7475298534389323,0.030544781778649135
0.7475298534389323,0.030544781778649135
0.7459731749943409,0.030544781778649135
0.7408171756282461,0.030544781778649135
0.7408171756282461,0.030544781778649135
0.7408171756282461,0.030544781778649135
0.7408171756282461,0.030544781778649135
0.7408171756282461,0.03156416210378063
0.7408171756282461,0.03156416210378063
0.7408171756282461,0.03156416210378063
0.7408171756282461,0.03257069076010199
0.7348407960928767,0.029267622982437437
0.7348407960928767,0.030286671050253847
0.7348407960928767,0.030286671050253847
0.733563543645856,0.030286671050253847
0.733563543645856,0.030286671050253847
0.7249745351245003,0.030286671050253847
0.7249745351245003,0.030286671050253847
0.7249745351245003,0.030286671050253847
0.7249745351245003,0.030286671050253847
0.7203405342731212,0.033483787678187917
0.717111873013376,0.033483787678187917
0.7149508401331625,0.033483787678187917
0.7135956138369546,0.033483787678187917
0.7135956138369546,0.033483787678187917
0.7135956138369546,0.033483787678187917
0.7135956138369546,0.033483787678187917
0.7135956138369546,0.033483787678187917
0.7135956138369546,0.033483787678187917
0.7104822455960026,0.033483787678187917
0.7104822455960026,0.033483787678187917
0.7050091084840565,0.033483787678187917
0.6985958676085842,0.033483787678187917
0.6985958676085842,0.033483787678187917
0.6985958676085842,0.033483787678187917
0.6893428136639425,0.0361684874352204
0.6879448428415218,0.0361684874352204
0.6819109972177348,0.036244470345811526
0.6804267751376402,0.036244470345811526
0.6804267751376402,0.036244470345811526
0.6804267751376402,0.03505383016710069
0.6804267751376402,0.034057331877478156
0.6804267751376402,0.034057331877478156
0.6792255740351159,0.034057331877478156
0.6792255740351159,0.034057331877478156
0.6792255740351159,0.034057331877478156
0.6792255740351159,0.034057331877478156
0.6767315586856698,0.034057331877478156
0.6767315586856698,0.034057331877478156
0.6767315586856698,0.034057331877478156
0.6715170669820454,0.034057331877478156
0.6715170669820454,0.034057331877478156
0.6715170669820454,0.034057331877478156
0.6715170669820454,0.034057331877478156
0.6679095410738624,0.03620082964712305
0.6611305922610723,0.03774991097794134
0.6611305922610723,0.035022030656805835
0.6610035478620998,0.035022030656805835
0.6578540287055806,0.035022030656805835
0.6578540287055806,0.035022030656805835
0.6578540287055806,0.035022030656805835
0.6578540287055806,0.035022030656805835
0.6549634813109048,0.035022030656805835
0.6549634813109048,0.035022030656805835
0.6488598826249474,0.031172866215329928
0.6448285592823093,0.03058418322043344
0.6448285592823093,0.03058418322043344
0.6448285592823093,0.03058418322043344
0.6442812042423504,0.03058418322043344
0.6442812042423504,0.03275096990860758
0.6439411104429936,0.03340706707317722
0.6339425433791576,0.03340706707317722
0.6339425433791576,0.03340706707317722
0.6339425433791576,0.03340706707317722
0.6330487883621534,0.033836515545613545
0.6313211496031185,0.037469694769323124
0.6313211496031185,0.037469694769323124
0.6269552207785974,0.037469694769323124
0.6223142536940734,0.037469694769323124
0.6190159362494864,0.03969076194520335
0.6190159362494864,0.03704424850979916
0.6084824464723049,0.03704424850979916
0.6084824464723049,0.03704424850979916
0.6084824464723049,0.03478917618192761
0.6084824464723049,0.03478917618192761
0.6084824464723049,0.03478917618192761
0.6084824464723049,0.03478917618192761
0.6084824464723049,0.03478917618192761
0.6084824464723049,0.03478917618192761
0.6084824464723049,0.03478917618192761
0.6080535642337523,0.03478917618192761
0.6080535642337523,0.03478917618192761
0.6080535642337523,0.03478917618192761
0.6077941608226272,0.03478917618192761
0.6077941608226272,0.03478917618192761
0.5980739423983202,0.033984984158903386
0.5980739423983202,0.033984984158903386
0.5972385209225256,0.033984984158903386
0.5968276475629707,0.033984984158903386
0.5968276475629707,0.033984984158903386
0.5968276475629707,0.033984984158903386
0.5968276475629707,0.033984984158903386
0.5968276475629707,0.033984984158903386
0.5929176394905458,0.033984984158903386
0.5929176394905458,0.033984984158903386
0.5929176394905458,0.033984984158903386
0.5929176394905458,0.033984984158903386
0.5929176394905458,0.033984984158903386
0.5929176394905458,0.033984984158903386
0.5929176394905458,0.033984984158903386
0.5929176394905458,0.033984984158903386
0.5929176394905458,0.033984984158903386
0.5924693885780431,0.03416567712626335
0.5924693885780431,0.03416567712626335
0.5924693885780431,0.03416567712626335
0.5836528829735662,0.03416567712626335
0.5836528829735662,0.03416567712626335
0.5836528829735662,0.03416567712626335
0.5836528829735662,0.03416567712626335
0.5836528829735662,0.03416567712626335
0.5836528829735662,0.03416567712626335
0.5832503955097021,0.03416567712626335
0.5832503955097021,0.03416567712626335
0.5832503955097021,0.03416567712626335
0.5744920637138587,0.03416567712626335
0.5744920637138587,0.03416567712626335
0.5744920637138587,0.03416567712626335
0.5744920637138587,0.03416567712626335
0.5744920637138587,0.03416567712626335
0.5744920637138587,0.03416567712626335
0.5713997714850767,0.03416567712626335
0.5659188087165783,0.03446250927038286
0.5604022530740653,0.03695875711249527
0.5592305591675395,0.03695875711249527
0.5545838046270297,0.03527124106989367
0.5545838046270297,0.03527124106989367
0.5545838046270297,0.03527124106989367
0.5545838046270297,0.03527124106989367
0.5545838046270297,0.03527124106989367
0.5545838046270297,0.03527124106989367
0.5545838046270297,0.03527124106989367
0.5545838046270297,0.03527124106989367
0.5545838046270297,0.03527124106989367
0.5545838046270297,0.03527124106989367
0.5545838046270297,0.03668619529987578
0.5545838046270297,0.03668619529987578
0.5544497899713792,0.03668619529987578
0.5544497899713792,0.03668619529987578
0.5544497899713792,0.03668619529987578
0.5544497899713792,0.03668619529987578
0.5544497899713792,0.03668619529987578
0.5544497899713792,0.03668619529987578
0.5544497899713792,0.03668619529987578
0.5544497899713792,0.03668619529987578
0.5544497899713792,0.03668619529987578
0.5544497899713792,0.03668619529987578
0.5544497899713792,0.03668619529987578
0.5544497899713792,0.03668619529987578
0.5475807354283143,0.03668619529987578
0.5475807354283143,0.03668619529987578
0.5473392620358278,0.03628450269679253
0.5473392620358278,0.03628450269679253
0.5473392620358278,0.03628450269679253
0.5473392620358278,0.03628450269679253
0.5473392620358278,0.03628450269679253
0.5473392620358278,0.03628450269679253
0.5473392620358278,0.03628450269679253
0.5473392620358278,0.03628450269679253
0.5473392620358278,0.03628450269679253
0.5473392620358278,0.03628450269679253
0.5473392620358278,0.03628450269679253
0.5473392620358278,0.03628450269679253
0.5473392620358278,0.03628450269679253
0.5473392620358278,0.03628450269679253
0.5473392620358278,0.03628450269679253
0.5473392620358278,0.03628450269679253
0.5473392620358278,0.03628450269679253
0.5473392620358278,0.03628450269679253
0.5473392620358278,0.03628450269679253
0.5473392620358278,0.03628450269679253
0.5473392620358278,0.03628450269679253
0.5473392620358278,0.03628450269679253
0.5486568562746713,0.03628450269679253
0.5486568562746713,0.03628450269679253
0.5486568562746713,0.03628450269679253
0.5486568562746713,0.03628450269679253
0.5486568562746713,0.03628450269679253
0.5486568562746713,0.03628450269679253
0.5486568562746713,0.03628450269679253
0.5486568562746713,0.03628450269679253
0.5486568562746713,0.03628450269679253
0.5486568562746713,0.03628450269679253
0.5486568562746713,0.03628450269679253
0.5486568562746713,0.03628450269679253
0.5486568562746713,0.03628450269679253
0.5486568562746713,0.03628450269679253
0.5486568562746713,0.03628450269679253
0.5486568562746713,0.03628450269679253
0.5486568562746713,0.03628450269679253
0.5486568562746713,0.03628450269679253
0.5486568562746713,0.03628450269679253
0.5486568562746713,0.03628450269679253
0.5486568562746713,0.03628450269679253
0.5486568562746713,0.03628450269679253
0.5486568562746713,0.03628450269679253
0.5486568562746713,0.03628450269679253
0.5486568562746713,0.03628450269679253
0.5486568562746713,0.03628450269679253
0.5486568562746713,0.03628450269679253
0.5486568562746713,0.03628450269679253
0.5473718828628404,0.03628450269679253
0.5473718828628404,0.03628450269679253
0.5473718828628404,0.03628450269679253
0.5473718828628404,0.03628450269679253
0.5489410317972943,0.03628450269679253
0.5489410317972943,0.03628450269679253
0.5489410317972943,0.03628450269679253
0.5489410317972943,0.03628450269679253
0.5489410317972943,0.03628450269679253
0.5489410317972943,0.03628450269679253
0.5489410317972943,0.03628450269679253
0.5489410317972943,0.03628450269679253
0.5489410317972943,0.03628450269679253
0.5489410317972943,0.03628450269679253
0.5489410317972943,0.03628450269679253
0.5489410317972943,0.03628450269679253
0.5489410317972943,0.03628450269679253
0.5489410317972943,0.03628450269679253
0.5489410317972943,0.03628450269679253
0.5489410317972943,0.03628450269679253
0.5489410317972943,0.03628450269679253
0.5489410317972943,0.03628450269679253
0.5489410317972943,0.03628450269679253
0.5489410317972943,0.03628450269679253
0.5489410317972943,0.03628450269679253
0.5484292177961648,0.03628450269679253
0.5484292177961648,0.03628450269679253
0.5484292177961648,0.03628450269679253
0.5484292177961648,0.03628450269679253
0.5484292177961648,0.03628450269679253
0.5484292177961648,0.03628450269679253
0.5484292177961648,0.03628450269679253
0.5484292177961648,0.03628450269679253
0.5484292177961648,0.03628450269679253
0.5484292177961648,0.03628450269679253
0.5484292177961648,0.03628450269679253
0.5484292177961648,0.03628450269679253
0.5484292177961648,0.03628450269679253
0.5484292177961648,0.03628450269679253
0.5484292177961648,0.03628450269679253
0.5484292177961648,0.03628450269679253
0.5484292177961648,0.03628450269679253
0.5484292177961648,0.03628450269679253
0.5484292177961648,0.03628450269679253
0.5484292177961648,0.03628450269679253
0.5484292177961648,0.03628450269679253
0.5484292177961648,0.03628450269679253
0.5484292177961648,0.03628450269679253
0.5484292177961648,0.03628450269679253
0.5484292177961648,0.03628450269679253
0.5484292177961648,0.03628450269679253
0.5484292177961648,0.03628450269679253
0.5484292177961648,0.03628450269679253
0.5484292177961648,0.036269238211678226
0.5484292177961648,0.036269238211678226
0.5484292177961648,0.036269238211678226
0.5484292177961648,0.036269238211678226
0.5484292177961648,0.036269238211678226
0.5484292177961648,0.036269238211678226
0.5484292177961648,0.036269238211678226
0.5484292177961648,0.036269238211678226
0.5484292177961648,0.036269238211678226
0.5484292177961648,0.036269238211678226
0.547908145534272,0.036269238211678226
0.547908145534272,0.036269238211678226
0.547908145534272,0.036269238211678226
0.547908145534272,0.036269238211678226
0.547908145534272,0.036269238211678226
0.548461498175369,0.036269238211678226
0.548461498175369,0.036269238211678226
0.548461498175369,0.036269238211678226
0.548461498175369,0.036269238211678226
0.548461498175369,0.036269238211678226
0.548461498175369,0.036269238211678226
0.548461498175369,0.036269238211678226
0.548461498175369,0.036269238211678226
0.548461498175369,0.036269238211678226
0.548461498175369,0.036269238211678226
0.548461498175369,0.036269238211678226
0.548461498175369,0.036269238211678226
0.548461498175369,0.036269238211678226
0.548461498175369,0.036269238211678226
0.548461498175369,0.036269238211678226
0.548461498175369,0.036269238211678226
0.548461498175369,0.036269238211678226
0.548461498175369,0.036269238211678226
0.548461498175369,0.036269238211678226
0.548461498175369,0.036269238211678226
0.548461498175369,0.036269238211678226
0.548461498175369,0.036269238211678226
0.548461498175369,0.036269238211678226
0.548461498175369,0.036269238211678226
0.548461498175369,0.036269238211678226
0.548461498175369,0.036269238211678226
0.548461498175369,0.036269238211678226
0.548461498175369,0.036269238211678226
0.548461498175369,0.036269238211678226
0.548461498175369,0.036269238211678226
0.548461498175369,0.036269238211678226
0.548461498175369,0.036269238211678226
0.548461498175369,0.036269238211678226
0.548461498175369,0.036269238211678226
0.548461498175369,0.036269238211678226
0.548461498175369,0.036269238211678226
0.548461498175369,0.036269238211678226
0.548461498175369,0.036269238211678226
0.548461498175369,0.036269238211678226
0.548461498175369,0.036269238211678226
0.548461498175369,0.036269238211678226
0.5478604030504984,0.036269238211678226
0.5478604030504984,0.036269238211678226
0.5478604030504984,0.036269238211678226
0.5478604030504984,0.036269238211678226
0.5478604030504984,0.036269238211678226
0.5478604030504984,0.036269238211678226
0.5478604030504984,0.036269238211678226
0.5478604030504984,0.036269238211678226
0.5478604030504984,0.036269238211678226
0.5478604030504984,0.036269238211678226
0.5478604030504984,0.036269238211678226
0.5478604030504984,0.036269238211678226
0.5478604030504984,0.036269238211678226
0.5478604030504984,0.036269238211678226
0.5478604030504984,0.036269238211678226
0.5478604030504984,0.036269238211678226
0.5478604030504984,0.036269238211678226
0.5478604030504984,0.036269238211678226
0.5478604030504984,0.036269238211678226
0.5478604030504984,0.036269238211678226
0.5478604030504984,0.036269238211678226
0.5478604030504984,0.036269238211678226
0.5478604030504984,0.036269238211678226
0.5478604030504984,0.036269238211678226
0.5478604030504984,0.036269238211678226
0.5478604030504984,0.036269238211678226
0.5478604030504984,0.036269238211678226
0.5478604030504984,0.036269238211678226
0.5478604030504984,0.036269238211678226
0.5478604030504984,0.036269238211678226
0.5478604030504984,0.036269238211678226
0.5478604030504984,0.036269238211678226
0.5478604030504984,0.036269238211678226
0.5478604030504984,0.036269238211678226
0.5478604030504984,0.036269238211678226
0.5478604030504984,0.036269238211678226
0.5478604030504984,0.036269238211678226
0.5478604030504984,0.036269238211678226
0.5478604030504984,0.036269238211678226
0.5478604030504984,0.036269238211678226
0.5478604030504984,0.036269238211678226
0.5478604030504984,0.036269238211678226
0.5478604030504984,0.036269238211678226
0.5478604030504984,0.036269238211678226
0.5478604030504984,0.036269238211678226
0.5478604030504984,0.036269238211678226
0.5478604030504984,0.036269238211678226
0.5478604030504984,0.036269238211678226
0.5478604030504984,0.036269238211678226
0.5478604030504984,0.036269238211678226
0.5478604030504984,0.036269238211678226
0.5478604030504984,0.036269238211678226
0.5478604030504984,0.036269238211678226
0.5478604030504984,0.036269238211678226
0.5478604030504984,0.036269238211678226
0.5478604030504984,0.036269238211678226
0.5478604030504984,0.036269238211678226
0.5478604030504984,0.036269238211678226
0.5478604030504984,0.036269238211678226
0.5478604030504984,0.036269238211678226
0.5478604030504984,0.036269238211678226
0.5478604030504984,0.036269238211678226
0.5478604030504984,0.036269238211678226
0.5478604030504984,0.036269238211678226
0.5478604030504984,0.036269238211678226
0.5486900065432421,0.036269238211678226
0.5486900065432421,0.036269238211678226
0.5486900065432421,0.036269238211678226
0.5486900065432421,0.036269238211678226
0.5486900065432421,0.036269238211678226
0.5486900065432421,0.036269238211678226
0.5486900065432421,0.036269238211678226
0.5486900065432421,0.036269238211678226
0.5486900065432421,0.036269238211678226
0.5486900065432421,0.036269238211678226
0.5486900065432421,0.036269238211678226
0.5486900065432421,0.036269238211678226
0.5486900065432421,0.036269238211678226
0.5486900065432421,0.036269238211678226
0.5486900065432421,0.036269238211678226
0.5486900065432421,0.036269238211678226
0.5486900065432421,0.036269238211678226
0.5486900065432421,0.036269238211678226
0.5486900065432421,0.036269238211678226
0.5486900065432421,0.036269238211678226
0.5486900065432421,0.036269238211678226
0.5486900065432421,0.036269238211678226
0.5486900065432421,0.036269238211678226
0.5486900065432421,0.036269238211678226
0.5486900065432421,0.036269238211678226
0.5486900065432421,0.036269238211678226
0.5486900065432421,0.036269238211678226
0.5486900065432421,0.036269238211678226
0.5486900065432421,0.036269238211678226
0.5486900065432421,0.036269238211678226
0.5486900065432421,0.036269238211678226
0.5486900065432421,0.036269238211678226
0.5486900065432421,0.036269238211678226
0.5486900065432421,0.036269238211678226
0.5486900065432421,0.036269238211678226
0.5486900065432421,0.036269238211678226
0.5486900065432421,0.036269238211678226
0.5486900065432421,0.036269238211678226
0.5486900065432421,0.036269238211678226
0.5486900065432421,0.036269238211678226
0.5486900065432421,0.036269238211678226
0.5486900065432421,0.036269238211678226
0.5486900065432421,0.036269238211678226
0.5486900065432421,0.036269238211678226
0.5486900065432421,0.036269238211678226
0.5486900065432421,0.036269238211678226
0.5486900065432421,0.03619047369475937
0.5486900065432421,0.03619047369475937
0.5486900065432421,0.03619047369475937
0.5486900065432421,0.03619047369475937
0.5486900065432421,0.03619047369475937
0.5486900065432421,0.03619047369475937
0.5486900065432421,0.03619047369475937
0.5486900065432421,0.03619047369475937
0.5486900065432421,0.03619047369475937
0.5486900065432421,0.03619047369475937
0.5486900065432421,0.03619047369475937
0.5486900065432421,0.03619047369475937
0.5486900065432421,0.03619047369475937
0.5486900065432421,0.03619047369475937
0.5486900065432421,0.03619047369475937
0.5486900065432421,0.03619047369475937
0.5486900065432421,0.03619047369475937
0.5486900065432421,0.03619047369475937
0.5486900065432421,0.03619047369475937
0.5486900065432421,0.03619047369475937
0.5486900065432421,0.03619047369475937
0.5486900065432421,0.03619047369475937
0.5486900065432421,0.03619047369475937
0.5486900065432421,0.03619047369475937
0.5486900065432421,0.03619047369475937
0.5486900065432421,0.03619047369475937
0.5486900065432421,0.03619047369475937
0.5486900065432421,0.03619047369475937
0.5486900065432421,0.03619047369475937
0.5486900065432421,0.03619047369475937
0.5486900065432421,0.03619047369475937
0.5486900065432421,0.03619047369475937
0.5486900065432421,0.03619047369475937
0.5486900065432421,0.03619047369475937
0.5486900065432421,0.03619047369475937
0.5486900065432421,0.03619047369475937
0.5486900065432421,0.03619047369475937
0.5486900065432421,0.03619047369475937
0.5486900065432421,0.03619047369475937
0.5486900065432421,0.03619047369475937
0.5486900065432421,0.03619047369475937
0.5486900065432421,0.03619047369475937
0.5486900065432421,0.03619047369475937
0.5486900065432421,0.03619047369475937
0.5486900065432421,0.03619047369475937
0.5486900065432421,0.03619047369475937
0.5486900065432421,0.03619047369475937
0.5484337653976262,0.03619047369475937
0.5484337653976262,0.03619047369475937
0.5484337653976262,0.03619047369475937
0.5484337653976262,0.03619047369475937
0.5484337653976262,0.03619047369475937
0.5484337653976262,0.03619047369475937
0.5484337653976262,0.03619047369475937
0.5484337653976262,0.03619047369475937
0.5484337653976262,0.03619047369475937
0.5484337653976262,0.03619047369475937
0.5484337653976262,0.03619047369475937
0.5484337653976262,0.03619047369475937
0.5484337653976262,0.03619047369475937
0.5484337653976262,0.03619047369475937
0.5484337653976262,0.03619047369475937
0.5484337653976262,0.03619047369475937
0.5484337653976262,0.03619047369475937
0.5484337653976262,0.03619047369475937
0.5484337653976262,0.03619047369475937
0.5484337653976262,0.03619047369475937
0.5484337653976262,0.03619047369475937
0.5484337653976262,0.03619047369475937
0.5484337653976262,0.03619047369475937
0.5484337653976262,0.03619047369475937
0.5484337653976262,0.03619047369475937
0.5484337653976262,0.03619047369475937
0.5484337653976262,0.03619047369475937
0.5484337653976262,0.03619047369475937
0.5484337653976262,0.03619047369475937
0.5484337653976262,0.03619047369475937
0.5484337653976262,0.03619047369475937
0.5484337653976262,0.03619047369475937
0.5484337653976262,0.03619047369475937
0.5484337653976262,0.03619047369475937
0.5484337653976262,0.03619047369475937
0.5484337653976262,0.03619047369475937
0.5484337653976262,0.03619047369475937
0.5484337653976262,0.03619047369475937
0.5484337653976262,0.03619047369475937
0.5484337653976262,0.03619047369475937
0.5484337653976262,0.03619047369475937
0.5484337653976262,0.03619047369475937
0.5484337653976262,0.03619047369475937
0.5484337653976262,0.03619047369475937
0.5484337653976262,0.03619047369475937
0.5484337653976262,0.03619047369475937
0.5484337653976262,0.03619047369475937
0.5484337653976262,0.03619047369475937
0.5484337653976262,0.03619047369475937
0.5484337653976262,0.03619047369475937
0.5484337653976262,0.03619047369475937
0.5484337653976262,0.03619047369475937
0.5484337653976262,0.03619047369475937
0.5484337653976262,0.03619047369475937
0.5484337653976262,0.03619047369475937
0.5484337653976262,0.03619047369475937
0.5484337653976262,0.03619047369475937
0.5481677381783532,0.03619047369475937
0.5481677381783532,0.03619047369475937
0.5481677381783532,0.03619047369475937
0.5481677381783532,0.03619047369475937
0.5481677381783532,0.03619047369475937
0.5481677381783532,0.03619047369475937
0.5481677381783532,0.03619047369475937
0.5481677381783532,0.03619047369475937
0.5481677381783532,0.03619047369475937
0.5481677381783532,0.03619047369475937
0.5481677381783532,0.03619047369475937
0.5481677381783532,0.03619047369475937
0.5481677381783532,0.03619047369475937
0.5481677381783532,0.03619047369475937
0.5481677381783532,0.03619047369475937
0.5481677381783532,0.03619047369475937
0.5481677381783532,0.03619047369475937
0.5481677381783532,0.03619047369475937
0.5481677381783532,0.03619047369475937
0.5481677381783532,0.03619047369475937
0.5481677381783532,0.03619047369475937
0.5481677381783532,0.03619047369475937
0.5481677381783532,0.03619047369475937
0.5481677381783532,0.03619047369475937
0.5481677381783532,0.03619047369475937
0.5481677381783532,0.03619047369475937
0.5481677381783532,0.03619047369475937
0.5481677381783532,0.03619047369475937
0.5481677381783532,0.03619047369475937
0.5481677381783532,0.03619047369475937
0.5481677381783532,0.03619047369475937
0.5481677381783532,0.03619047369475937
0.5481677381783532,0.03619047369475937
0.5481677381783532,0.03619047369475937
0.5481677381783532,0.03619047369475937
0.5481677381783532,0.03619047369475937
0.5481677381783532,0.03619047369475937
0.5481677381783532,0.03619047369475937
0.5481677381783532,0.03619047369475937
0.5481677381783532,0.03619047369475937
0.5481677381783532,0.03619047369475937
0.5481677381783532,0.03619047369475937
0.5481677381783532,0.03619047369475937
0.5481677381783532,0.03619047369475937
0.5481677381783532,0.03619047369475937
0.5481677381783532,0.03619047369475937
0.5481677381783532,0.03619047369475937
0.5481677381783532,0.03619047369475937
0.5481677381783532,0.03619047369475937
0.5481677381783532,0.03619047369475937
0.5481677381783532,0.03619047369475937
0.5481677381783532,0.03619047369475937
0.5481677381783532,0.03619047369475937
0.5481677381783532,0.03619047369475937
0.5481677381783532,0.03619047369475937
0.5481677381783532,0.03619047369475937
0.5481677381783532,0.03619047369475937
0.5481677381783532,0.03619047369475937
0.5481677381783532,0.03619047369475937
0.5481677381783532,0.03619047369475937
0.5481677381783532,0.03619047369475937
0.5481677381783532,0.03619047369475937
0.5481677381783532,0.03619047369475937
0.5481677381783532,0.03619047369475937
0.5481677381783532,0.03619047369475937
0.5481677381783532,0.03619047369475937
0.5481677381783532,0.03619047369475937
0.548447752436737,0.03619047369475937
0.548447752436737,0.03619047369475937
0.548447752436737,0.03619047369475937
0.548447752436737,0.03619047369475937
0.548447752436737,0.03619047369475937
0.548447752436737,0.03619047369475937
0.548447752436737,0.03619047369475937
0.548447752436737,0.03619047369475937
0.548447752436737,0.03619047369475937
0.548447752436737,0.03619047369475937
0.548447752436737,0.03619047369475937
0.548447752436737,0.03619047369475937
0.548447752436737,0.03619047369475937
0.548447752436737,0.03619047369475937
0.548447752436737,0.03619047369475937
0.548447752436737,0.03619047369475937
0.548447752436737,0.03619047369475937
0.548447752436737,0.03619047369475937
0.548447752436737,0.03619047369475937
0.548447752436737,0.03619047369475937
0.548447752436737,0.03619047369475937
0.548447752436737,0.03619047369475937
0.548447752436737,0.03619047369475937
0.548447752436737,0.03619047369475937
0.548447752436737,0.03619047369475937
0.548447752436737,0.03619047369475937
0.548447752436737,0.03619047369475937
0.548447752436737,0.03619047369475937
0.548447752436737,0.03619047369475937
0.548447752436737,0.03619047369475937
0.548447752436737,0.03619047369475937
0.548447752436737,0.03619047369475937
0.548447752436737,0.03619047369475937
0.548447752436737,0.03619047369475937
0.548447752436737,0.03619047369475937
0.548447752436737,0.03619047369475937
0.548447752436737,0.03619047369475937
0.548447752436737,0.03619047369475937
0.548447752436737,0.03619047369475937
0.548447752436737,0.03619047369475937
0.548447752436737,0.03619047369475937
0.548447752436737,0.03619047369475937
0.548447752436737,0.03619047369475937
0.548447752436737,0.03619047369475937
0.548447752436737,0.03619047369475937
0.548447752436737,0.03619047369475937
0.548447752436737,0.03619047369475937
0.548447752436737,0.03619047369475937
0.548447752436737,0.03619047369475937
0.548447752436737,0.03619047369475937
0.548447752436737,0.03619047369475937
0.548447752436737,0.03619047369475937
0.548447752436737,0.03619047369475937
0.548447752436737,0.03619047369475937
0.548447752436737,0.03619047369475937
0.548447752436737,0.03619047369475937
0.548447752436737,0.03619047369475937
0.548447752436737,0.03619047369475937
0.548447752436737,0.03619047369475937
0.548447752436737,0.03619047369475937
0.548447752436737,0.03619047369475937
0.548447752436737,0.03619047369475937
0.548447752436737,0.03619047369475937
0.548447752436737,0.03619047369475937
0.548447752436737,0.03619047369475937
0.548447752436737,0.03619047369475937
0.548447752436737,0.03619047369475937
0.548447752436737,0.03619047369475937
0.548447752436737,0.03619047369475937
0.548447752436737,0.03619047369475937
0.548447752436737,0.03619047369475937
0.548447752436737,0.03619047369475937
0.548447752436737,0.03619047369475937
0.548447752436737,0.03619047369475937
0.548447752436737,0.03619047369475937
0.548447752436737,0.03619047369475937
0.548447752436737,0.03619047369475937
0.548447752436737,0.03619047369475937
0.548447752436737,0.03619047369475937
0.548447752436737,0.03619047369475937
0.548447752436737,0.03619047369475937
0.548447752436737,0.03619047369475937
0.548447752436737,0.03619047369475937
0.548447752436737,0.03619047369475937
0.548447752436737,0.03619047369475937
0.548447752436737,0.03619047369475937
0.548447752436737,0.03619047369475937
0.548447752436737,0.03619047369475937
0.548447752436737,0.03619047369475937
0.548447752436737,0.03619047369475937
0.548447752436737,0.03619047369475937
0.548447752436737,0.03619047369475937
0.548447752436737,0.03619047369475937
0.548447752436737,0.03619047369475937
0.548447752436737,0.03619047369475937
0.548447752436737,0.03619047369475937
0.548447752436737,0.03619047369475937
0.548447752436737,0.03619047369475937
0.548447752436737,0.03619047369475937
0.548447752436737,0.03619047369475937
0.548447752436737,0.03619047369475937
0.548447752436737,0.03619047369475937
0.548447752436737,0.03619047369475937
0.548447752436737,0.03619047369475937
0.5479946162283914,0.03619047369475937
0.5479946162283914,0.03619047369475937
0.5479946162283914,0.03619047369475937
0.5479946162283914,0.03619047369475937
0.5479946162283914,0.03619047369475937
0.5479946162283914,0.03619047369475937
0.5479946162283914,0.03619047369475937
0.5479946162283914,0.03619047369475937
0.5479946162283914,0.03619047369475937
0.5479946162283914,0.03619047369475937
0.5479946162283914,0.03619047369475937
0.5479946162283914,0.03619047369475937
0.5479946162283914,0.03619047369475937
0.5479946162283914,0.03619047369475937
0.5479946162283914,0.03619047369475937
0.5479946162283914,0.03619047369475937
0.5479946162283914,0.03619047369475937
0.5479946162283914,0.03619047369475937
0.5479946162283914,0.03619047369475937
0.5486911961183278,0.03619047369475937
0.5486911961183278,0.03619047369475937
0.5486911961183278,0.03619047369475937
0.5486911961183278,0.03619047369475937
0.5486911961183278,0.03619047369475937
0.5486911961183278,0.03619047369475937
0.5475790204810795,0.03619047369475937
0.5475790204810795,0.03619047369475937
0.5475790204810795,0.03619047369475937
0.5475790204810795,0.03619047369475937
0.5475790204810795,0.03619047369475937
0.5475790204810795,0.03619047369475937
0.5475790204810795,0.03619047369475937
0.5475790204810795,0.03619047369475937
0.5475790204810795,0.03619047369475937
0.5475790204810795,0.03619047369475937
0.5475790204810795,0.03619047369475937
0.5475790204810795,0.03619047369475937
0.5475790204810795,0.03619047369475937
0.5475790204810795,0.03619047369475937
0.5475790204810795,0.03619047369475937
0.5475790204810795,0.03619047369475937
0.5475790204810795,0.03619047369475937
0.5475790204810795,0.03619047369475937
0.5475790204810795,0.03619047369475937
0.5475790204810795,0.03619047369475937
0.5475790204810795,0.03619047369475937
0.5475790204810795,0.03619047369475937
0.5475790204810795,0.03619047369475937
0.5475790204810795,0.03619047369475937
0.5475790204810795,0.03619047369475937
0.5475790204810795,0.03619047369475937
0.5475790204810795,0.03619047369475937
0.5475790204810795,0.03619047369475937
0.5490631864335207,0.03619047369475937
0.5490631864335207,0.03619047369475937
0.5490631864335207,0.03619047369475937
0.5490631864335207,0.03619047369475937
0.5490631864335207,0.03619047369475937
0.5490631864335207,0.03619047369475937
0.5471089679791872,0.03619047369475937
0.5471089679791872,0.03619047369475937
0.5471089679791872,0.03619047369475937
0.5471089679791872,0.03619047369475937
0.5471089679791872,0.03619047369475937
0.5471089679791872,0.03619047369475937
0.5471089679791872,0.03619047369475937
0.5471089679791872,0.03619047369475937
0.5471089679791872,0.03619047369475937
0.5471089679791872,0.03619047369475937
0.5471089679791872,0.03619047369475937
0.5471089679791872,0.03619047369475937
0.5471089679791872,0.03619047369475937
0.5471089679791872,0.03619047369475937
0.5502018729951994,0.03619047369475937
0.5502018729951994,0.03619047369475937
0.5487390728031867,0.03619047369475937
0.5487390728031867,0.03619047369475937
0.5487390728031867,0.03619047369475937
0.5487390728031867,0.03619047369475937
0.5487390728031867,0.03619047369475937
0.5487390728031867,0.03619047369475937
0.5487390728031867,0.03619047369475937
0.5487390728031867,0.03619047369475937
0.5487390728031867,0.03619047369475937
0.5487390728031867,0.03619047369475937
0.5487390728031867,0.03619047369475937
0.5487390728031867,0.03619047369475937
0.5487390728031867,0.03619047369475937
0.5487390728031867,0.03619047369475937
0.5487390728031867,0.03619047369475937
0.5487390728031867,0.03619047369475937
0.5487390728031867,0.03619047369475937
0.5487390728031867,0.03619047369475937
0.5487390728031867,0.03619047369475937
0.5487390728031867,0.03619047369475937
0.5487390728031867,0.03619047369475937
0.5487390728031867,0.03619047369475937
0.5487390728031867,0.03619047369475937
0.5487390728031867,0.03619047369475937
0.5487390728031867,0.03619047369475937
0.5487390728031867,0.03619047369475937
0.5487390728031867,0.03619047369475937
0.5487390728031867,0.03619047369475937
0.5487390728031867,0.03619047369475937
0.5487390728031867,0.03619047369475937
0.5487390728031867,0.03619047369475937
0.5487390728031867,0.03619047369475937
0.5487390728031867,0.03619047369475937
0.5487390728031867,0.03619047369475937
0.5487390728031867,0.03619047369475937
0.5487390728031867,0.03619047369475937
0.5487390728031867,0.03619047369475937
0.5487390728031867,0.03619047369475937
0.5487390728031867,0.03619047369475937
0.5487390728031867,0.03619047369475937
0.5487390728031867,0.03619047369475937
0.5487390728031867,0.03619047369475937
0.5487390728031867,0.03619047369475937
0.5487390728031867,0.03619047369475937
0.5487390728031867,0.03619047369475937
0.5487390728031867,0.03619047369475937
0.5487390728031867,0.03619047369475937
0.5487390728031867,0.03619047369475937
0.5487390728031867,0.03619047369475937
0.5487390728031867,0.03619047369475937
0.5487390728031867,0.03619047369475937
0.5487390728031867,0.03619047369475937
0.5487390728031867,0.03619047369475937
0.5487390728031867,0.03619047369475937
0.5487390728031867,0.03619047369475937
0.5487390728031867,0.03619047369475937
0.5487390728031867,0.03619047369475937
0.5487390728031867,0.03619047369475937
0.5487390728031867,0.03619047369475937
0.5487390728031867,0.03619047369475937
0.5487390728031867,0.03619047369475937
0.5487390728031867,0.03619047369475937
0.5487390728031867,0.03619047369475937
0.5487390728031867,0.03619047369475937
0.5487390728031867,0.03619047369475937
0.5487390728031867,0.03619047369475937
0.5487390728031867,0.03619047369475937
0.5487390728031867,0.03619047369475937
0.5487390728031867,0.03619047369475937
0.5487390728031867,0.03619047369475937
0.5487390728031867,0.03619047369475937
0.5487390728031867,0.03619047369475937
0.5487390728031867,0.03619047369475937
0.5487390728031867,0.03619047369475937
0.5487390728031867,0.03619047369475937
0.5487390728031867,0.03619047369475937
0.5487390728031867,0.03619047369475937
0.5487390728031867,0.03619047369475937
0.5487390728031867,0.03619047369475937
0.5487390728031867,0.03619047369475937
0.5487390728031867,0.03619047369475937
0.5487390728031867,0.03619047369475937
0.5487390728031867,0.03619047369475937
0.5487390728031867,0.03619047369475937
0.5487390728031867,0.03619047369475937
0.5487390728031867,0.03619047369475937
0.5487390728031867,0.03619047369475937
0.5487390728031867,0.03619047369475937
0.5487390728031867,0.03619047369475937
0.5487390728031867,0.03619047369475937
0.5487390728031867,0.03619047369475937
0.5487390728031867,0.03619047369475937
0.548029973531196,0.03613393277458487
0.548029973531196,0.03613393277458487
0.548029973531196,0.03613393277458487
0.548029973531196,0.03613393277458487
0.548029973531196,0.03613393277458487
0.548029973531196,0.03613393277458487
0.548029973531196,0.03613393277458487
0.548029973531196,0.03613393277458487
0.548029973531196,0.03613393277458487
0.548029973531196,0.03618091345737527
0.548029973531196,0.03618091345737527
0.548029973531196,0.03618091345737527
0.548029973531196,0.03618091345737527
0.548029973531196,0.03618091345737527
0.548029973531196,0.03618091345737527
0.548029973531196,0.03618091345737527
0.548029973531196,0.03618091345737527
0.548029973531196,0.03618091345737527
0.548029973531196,0.03618091345737527
0.548029973531196,0.03618091345737527
0.548029973531196,0.03618091345737527
0.548029973531196,0.03618091345737527
0.548029973531196,0.03618091345737527
0.548029973531196,0.03618091345737527
0.548029973531196,0.03618091345737527
0.548029973531196,0.03618091345737527
0.548029973531196,0.03618091345737527
0.548029973531196,0.03618091345737527
0.548029973531196,0.03618091345737527
0.548029973531196,0.03618091345737527
0.5480844975246819,0.03618091345737527
0.5480844975246819,0.03618091345737527
0.5480844975246819,0.03618091345737527
0.5480844975246819,0.03618091345737527
0.5480844975246819,0.03618091345737527
0.5480844975246819,0.03618091345737527
0.5480844975246819,0.03618091345737527
0.5480844975246819,0.03618091345737527
0.5480844975246819,0.03618091345737527
0.5480844975246819,0.03618091345737527
0.5480844975246819,0.03618091345737527
0.5480844975246819,0.03618091345737527
0.5480844975246819,0.03618091345737527
0.5480844975246819,0.03618091345737527
0.5480844975246819,0.03618091345737527
0.5480844975246819,0.03618091345737527
0.5480844975246819,0.03618091345737527
0.5480844975246819,0.03618091345737527
0.5480844975246819,0.03618091345737527
0.5480844975246819,0.03618091345737527
0.5480844975246819,0.03618091345737527
0.5480844975246819,0.03618091345737527
0.5480844975246819,0.03618091345737527
0.5480844975246819,0.03618091345737527
0.5480844975246819,0.03618091345737527
0.5480844975246819,0.03618091345737527
0.5480844975246819,0.03618091345737527
0.5480844975246819,0.03618091345737527
0.5480844975246819,0.03618091345737527
0.5480844975246819,0.03618091345737527
0.5480844975246819,0.03618091345737527
0.5480844975246819,0.03618091345737527
0.5480844975246819,0.03618091345737527
0.5480844975246819,0.03618091345737527
0.5480844975246819,0.03618091345737527
0.5480844975246819,0.03618091345737527
0.5480844975246819,0.03618091345737527
0.5480844975246819,0.03618091345737527
0.5480844975246819,0.03618091345737527
0.5480844975246819,0.03618091345737527
0.5480844975246819,0.03618091345737527
0.5480844975246819,0.03618091345737527
0.5480844975246819,0.03618091345737527
0.5480844975246819,0.03618091345737527
0.5480844975246819,0.03618091345737527
0.5480844975246819,0.03618091345737527
0.5480844975246819,0.03618091345737527
0.5480844975246819,0.03618091345737527
0.5480844975246819,0.03618091345737527
0.5480844975246819,0.03618091345737527
0.5480844975246819,0.03618091345737527
0.5480844975246819,0.03618091345737527
0.5480844975246819,0.03618091345737527
0.5480844975246819,0.03618091345737527
0.5480844975246819,0.03618091345737527
0.5480844975246819,0.03618091345737527
0.5480844975246819,0.03618091345737527
0.5480844975246819,0.03618091345737527
0.5480844975246819,0.03618091345737527
0.5480844975246819,0.03618091345737527
0.5480844975246819,0.03618091345737527
0.5480844975246819,0.03618091345737527
0.5480844975246819,0.03618091345737527
0.5480844975246819,0.03618091345737527
0.5480844975246819,0.03618091345737527
0.5480844975246819,0.03618091345737527
0.5480844975246819,0.03618091345737527
0.5480844975246819,0.03618091345737527
0.5480844975246819,0.03618091345737527
0.5480844975246819,0.03618091345737527
0.5480844975246819,0.03618091345737527
0.5480844975246819,0.03618091345737527
0.5480844975246819,0.03618091345737527
0.5480844975246819,0.03618091345737527
0.5480844975246819,0.03618091345737527
0.5480844975246819,0.03618091345737527
0.5480844975246819,0.03618091345737527
0.5480844975246819,0.03618091345737527
0.5480844975246819,0.03618091345737527
0.5480844975246819,0.03618091345737527
0.5480844975246819,0.03618091345737527
0.5480844975246819,0.03618091345737527
0.5480844975246819,0.03618091345737527
0.5480844975246819,0.03618091345737527
0.5480844975246819,0.03618091345737527
0.5480844975246819,0.03618091345737527
0.5480844975246819,0.03618091345737527
0.5480844975246819,0.03618091345737527
0.5480844975246819,0.03618091345737527
0.5480844975246819,0.03618091345737527
0.5480844975246819,0.03618091345737527
0.5480844975246819,0.03618091345737527
0.5480844975246819,0.03618091345737527
0.5480844975246819,0.03618091345737527
0.5480844975246819,0.03618091345737527
0.5480844975246819,0.03618091345737527
0.5480844975246819,0.03618091345737527
0.5480844975246819,0.03618091345737527
0.5480844975246819,0.03618091345737527
0.5480844975246819,0.03618091345737527
0.5480844975246819,0.03618091345737527
0.5480844975246819,0.03618091345737527
0.5480844975246819,0.03618091345737527
0.5480844975246819,0.03618091345737527
0.5480844975246819,0.03618091345737527
0.5480844975246819,0.03618091345737527
0.5480844975246819,0.03618091345737527
0.5480844975246819,0.03618091345737527
0.5480844975246819,0.03618091345737527
0.5480844975246819,0.03618091345737527
0.5480844975246819,0.03618091345737527
0.5480844975246819,0.03618091345737527
0.5480844975246819,0.03618091345737527
0.5480844975246819,0.03618091345737527
0.5480844975246819,0.03618091345737527
0.5480844975246819,0.03618091345737527
0.5480844975246819,0.03618091345737527
0.5480844975246819,0.03618091345737527
0.5480844975246819,0.03618091345737527
0.5480844975246819,0.03618091345737527
0.5480844975246819,0.03618091345737527
0.5480844975246819,0.03618091345737527
0.5480844975246819,0.03618091345737527
0.5480844975246819,0.03618091345737527
0.5480844975246819,0.03618091345737527
0.5480844975246819,0.03618091345737527
0.5480844975246819,0.03618091345737527
0.5480844975246819,0.03618091345737527
0.5480844975246819,0.03618946556987484
0.5480844975246819,0.03618946556987484
0.5480844975246819,0.03618946556987484
0.5480844975246819,0.03618946556987484
0.5480844975246819,0.03618946556987484
0.5480844975246819,0.03618946556987484
0.5480844975246819,0.03618946556987484
0.5480844975246819,0.03618946556987484
0.5480844975246819,0.03618946556987484
0.5480844975246819,0.03618946556987484
0.5480844975246819,0.03618946556987484
0.5480844975246819,0.03618946556987484
0.5480844975246819,0.03618946556987484
0.5480844975246819,0.03618946556987484
0.5480844975246819,0.03618946556987484
0.5480844975246819,0.03618946556987484
0.5480844975246819,0.03618946556987484
0.5480844975246819,0.03618946556987484
0.5480844975246819,0.03618946556987484
0.5480844975246819,0.03618946556987484
0.5480844975246819,0.03618946556987484
0.5480844975246819,0.03618946556987484
0.5480844975246819,0.03618946556987484
0.5480844975246819,0.03618946556987484
0.5480844975246819,0.03618946556987484
0.5480844975246819,0.03618946556987484
0.5480844975246819,0.03618946556987484
0.5480844975246819,0.03618946556987484
0.5480844975246819,0.03618946556987484
0.5480844975246819,0.03618946556987484
0.5480844975246819,0.03618946556987484
0.5480844975246819,0.03618946556987484
0.5480844975246819,0.03618946556987484
0.5480844975246819,0.03618946556987484
0.5480844975246819,0.03618946556987484
0.5480844975246819,0.03618946556987484
0.5480844975246819,0.03618946556987484
0.5480844975246819,0.03618946556987484
0.5480844975246819,0.03618946556987484
0.5480844975246819,0.03618946556987484
0.5480844975246819,0.03618946556987484
0.5480844975246819,0.03618946556987484
0.5480844975246819,0.03618946556987484
0.5480844975246819,0.03618946556987484
0.5480844975246819,0.03618946556987484
0.5480844975246819,0.03618946556987484
0.5480844975246819,0.03618946556987484
0.5480844975246819,0.03618946556987484
0.5480844975246819,0.03618946556987484
0.5480844975246819,0.03618946556987484
0.5480844975246819,0.03618946556987484
0.5480844975246819,0.03618946556987484
0.5480844975246819,0.03618946556987484
0.5480844975246819,0.03618946556987484
0.5480844975246819,0.03618946556987484
0.5480844975246819,0.03618946556987484
0.5480844975246819,0.03618946556987484
0.5480844975246819,0.03618946556987484
0.5480844975246819,0.03618946556987484
0.5480844975246819,0.03618946556987484
0.5480844975246819,0.03618946556987484
0.5480844975246819,0.03618946556987484
0.5480844975246819,0.03618946556987484
0.5480844975246819,0.03618946556987484
0.5480844975246819,0.03618946556987484
0.5480844975246819,0.03618946556987484
0.5480844975246819,0.03618946556987484
0.5485287791844734,0.03618946556987484
0.5485287791844734,0.03618946556987484
0.5485287791844734,0.03618946556987484
0.5485287791844734,0.03618946556987484
0.5485287791844734,0.03618946556987484
0.5485287791844734,0.03618946556987484
0.5485287791844734,0.03618946556987484
0.5485287791844734,0.03618946556987484
0.5485287791844734,0.03618946556987484
0.5485287791844734,0.03618946556987484
0.5485287791844734,0.03618946556987484
0.5485287791844734,0.03618946556987484
0.5485287791844734,0.03618946556987484
0.5485287791844734,0.03618946556987484
0.5485287791844734,0.03618946556987484
0.5485287791844734,0.03618946556987484
0.5485287791844734,0.03618946556987484
0.5485287791844734,0.03618946556987484
0.5485287791844734,0.03618946556987484
0.5485287791844734,0.03618946556987484
0.5485287791844734,0.03618946556987484
0.5485287791844734,0.03618946556987484
0.5485287791844734,0.03618946556987484
0.5485287791844734,0.03618946556987484
0.5485287791844734,0.03618946556987484
0.5485287791844734,0.03618946556987484
0.5485287791844734,0.03618946556987484
0.5485287791844734,0.03618946556987484
0.5485287791844734,0.03618946556987484
0.5485287791844734,0.03618946556987484
0.5485287791844734,0.03618946556987484
0.5485287791844734,0.03618946556987484
0.5485287791844734,0.03618946556987484
0.5485287791844734,0.03618946556987484
0.5483929559894251,0.03618946556987484
0.5483929559894251,0.03618946556987484
0.5483929559894251,0.03618946556987484
0.5483929559894251,0.03618946556987484
0.5483929559894251,0.03618946556987484
0.5483929559894251,0.03618946556987484
0.5483929559894251,0.03618946556987484
0.5483929559894251,0.03618946556987484
0.5483929559894251,0.03618946556987484
0.5483929559894251,0.03618946556987484
0.5483929559894251,0.03618946556987484
0.5483929559894251,0.03618946556987484
0.5483929559894251,0.03618946556987484
0.5483929559894251,0.03618946556987484
0.5483929559894251,0.03618946556987484
0.5483929559894251,0.03618946556987484
0.5483929559894251,0.03618946556987484
0.5483929559894251,0.03618946556987484
0.5483929559894251,0.03618946556987484
0.5483929559894251,0.03618946556987484
0.5483929559894251,0.03618946556987484
0.5483929559894251,0.03618946556987484
0.5483929559894251,0.03618946556987484
0.5483929559894251,0.03618946556987484
0.5483929559894251,0.03618946556987484
0.5483929559894251,0.03618946556987484
0.5483929559894251,0.03618946556987484
0.5483929559894251,0.03618946556987484
0.5483929559894251,0.03618946556987484
0.5483929559894251,0.03618946556987484
0.5483929559894251,0.03618946556987484
0.5483929559894251,0.03618946556987484
0.5483929559894251,0.03618946556987484
0.5483929559894251,0.03618946556987484
0.548202674888762,0.03618946556987484
0.548202674888762,0.03618946556987484
0.548202674888762,0.03618946556987484
0.548202674888762,0.03618946556987484
0.548202674888762,0.03618946556987484
0.548202674888762,0.03618946556987484
0.548202674888762,0.03618946556987484
0.548202674888762,0.03618946556987484
0.548202674888762,0.03618946556987484
0.548202674888762,0.03618946556987484
0.548202674888762,0.03618946556987484
0.548202674888762,0.03618946556987484
0.548202674888762,0.03618946556987484
0.548202674888762,0.03618946556987484
0.548202674888762,0.03618946556987484
0.548202674888762,0.03618946556987484
0.548202674888762,0.03618946556987484
0.548202674888762,0.03618946556987484
0.548202674888762,0.03618946556987484
0.548202674888762,0.03618946556987484
0.548202674888762,0.03618946556987484
0.548202674888762,0.03618946556987484
0.548202674888762,0.03618946556987484
0.548202674888762,0.03618946556987484
0.548202674888762,0.03618946556987484
0.548202674888762,0.03618946556987484
0.548202674888762,0.03618946556987484
0.548202674888762,0.03618946556987484
0.548202674888762,0.03618946556987484
0.548202674888762,0.03618946556987484
0.548202674888762,0.03618946556987484
0.548202674888762,0.03618946556987484
0.548202674888762,0.03618946556987484
0.548202674888762,0.03618946556987484
0.548202674888762,0.03618946556987484
0.548202674888762,0.03618946556987484
0.548202674888762,0.03618946556987484
0.548202674888762,0.03618946556987484
0.548202674888762,0.03618946556987484
0.548202674888762,0.03618946556987484
0.548202674888762,0.03618946556987484
0.548202674888762,0.03618946556987484
0.548202674888762,0.03618946556987484
0.548202674888762,0.03618946556987484
0.548202674888762,0.03618946556987484
0.548202674888762,0.03618946556987484
0.548202674888762,0.03618946556987484
0.548202674888762,0.03618946556987484
0.548202674888762,0.03618946556987484
0.548202674888762,0.03618946556987484
0.548202674888762,0.03618946556987484
0.548202674888762,0.03618946556987484
0.548202674888762,0.03618946556987484
0.548202674888762,0.03618946556987484
0.548202674888762,0.03618946556987484
0.548202674888762,0.03618946556987484
0.548202674888762,0.03618946556987484
0.548202674888762,0.03618946556987484
0.548202674888762,0.03618946556987484
0.548202674888762,0.03618946556987484
0.548202674888762,0.03618946556987484
0.548202674888762,0.03618946556987484
0.548202674888762,0.03618946556987484
0.548202674888762,0.03618946556987484
0.548202674888762,0.03618946556987484
0.548202674888762,0.03618946556987484
0.548202674888762,0.03618946556987484
0.548202674888762,0.03618946556987484
0.548202674888762,0.03618946556987484
0.548202674888762,0.03618946556987484
0.548202674888762,0.03618946556987484
0.548202674888762,0.03618946556987484
0.548202674888762,0.03618946556987484
0.548202674888762,0.03618946556987484
0.548202674888762,0.03618946556987484
0.548202674888762,0.03618946556987484
0.548202674888762,0.03618946556987484
0.548202674888762,0.03618946556987484
0.548202674888762,0.03618946556987484
0.548202674888762,0.03618946556987484
0.548202674888762,0.03618946556987484
0.548202674888762,0.03618946556987484
0.548202674888762,0.03618946556987484
0.548202674888762,0.03618946556987484
0.548202674888762,0.03618946556987484
0.548202674888762,0.03618946556987484
0.548202674888762,0.03618946556987484
0.548202674888762,0.03618946556987484
0.548202674888762,0.03618946556987484
0.548202674888762,0.03618946556987484
0.548202674888762,0.03618946556987484
0.548202674888762,0.03618946556987484
0.548202674888762,0.03618946556987484
0.548202674888762,0.03618946556987484
0.548202674888762,0.03618946556987484
0.548202674888762,0.03618946556987484
0.548202674888762,0.03618946556987484
0.548202674888762,0.03618946556987484
0.548202674888762,0.03618946556987484
0.548202674888762,0.03618946556987484
0.548202674888762,0.03618946556987484
0.548202674888762,0.03618946556987484
0.548202674888762,0.03618946556987484
0.548202674888762,0.03618946556987484
0.548202674888762,0.03618946556987484
0.548202674888762,0.03618946556987484
0.548202674888762,0.03618946556987484
0.548202674888762,0.03618946556987484
0.548202674888762,0.03618946556987484
0.548202674888762,0.03618946556987484
0.548202674888762,0.03618946556987484
0.548202674888762,0.03618946556987484
0.548202674888762,0.03618946556987484
0.548202674888762,0.03618946556987484
0.548202674888762,0.03618946556987484
0.548202674888762,0.03618946556987484
0.548202674888762,0.03618946556987484
0.548202674888762,0.03618946556987484
0.548202674888762,0.03618946556987484
0.548202674888762,0.03618946556987484
0.548202674888762,0.03618946556987484
0.548202674888762,0.03618946556987484
0.548202674888762,0.03618946556987484
0.548202674888762,0.03618946556987484
0.548202674888762,0.03618946556987484
0.548202674888762,0.03618946556987484
0.548202674888762,0.03618946556987484
0.548202674888762,0.03618946556987484
0.548202674888762,0.03618946556987484
0.548202674888762,0.03618946556987484
0.548202674888762,0.03618946556987484
0.548202674888762,0.03618946556987484
0.548202674888762,0.03618946556987484
0.548202674888762,0.03618946556987484
0.548202674888762,0.03618946556987484
0.548202674888762,0.03618946556987484
0.548202674888762,0.03618946556987484
0.548202674888762,0.03618946556987484
0.548202674888762,0.03618946556987484
0.548202674888762,0.03618946556987484
0.548202674888762,0.03618946556987484
0.548202674888762,0.03618946556987484
0.548202674888762,0.03618946556987484
0.548202674888762,0.03618946556987484
0.548202674888762,0.03618946556987484
0.548202674888762,0.03618946556987484
0.548202674888762,0.03618946556987484
0.548202674888762,0.03618946556987484
0.548202674888762,0.03618946556987484
0.548202674888762,0.03618946556987484
0.548202674888762,0.03618946556987484
0.548202674888762,0.03618946556987484
0.548202674888762,0.03618946556987484
0.548202674888762,0.03618946556987484
0.548202674888762,0.03618946556987484
0.548202674888762,0.03618946556987484
0.548202674888762,0.03618946556987484
0.548202674888762,0.03618946556987484
0.548202674888762,0.03618946556987484
0.548202674888762,0.03618946556987484
0.548202674888762,0.03618946556987484
0.548202674888762,0.03618946556987484
0.548202674888762,0.03618946556987484
0.548202674888762,0.03618946556987484
0.548202674888762,0.03618946556987484
0.548202674888762,0.03618946556987484
0.548202674888762,0.03618946556987484
0.548202674888762,0.03618946556987484
0.548202674888762,0.03618946556987484
0.548202674888762,0.03618946556987484
0.548202674888762,0.03618946556987484
0.548202674888762,0.03618946556987484
0.548202674888762,0.03618946556987484
0.548202674888762,0.03618946556987484
0.548202674888762,0.03618946556987484
0.548202674888762,0.03618946556987484
0.548202674888762,0.03618946556987484
0.548202674888762,0.03618946556987484
0.548202674888762,0.03618946556987484
0.548202674888762,0.03618946556987484
0.548202674888762,0.03618946556987484
0.548202674888762,0.03618946556987484
0.548202674888762,0.03618946556987484
0.548202674888762,0.03618946556987484
0.548202674888762,0.03618946556987484
0.548202674888762,0.03618946556987484
0.548202674888762,0.03618946556987484
0.548202674888762,0.03618946556987484
0.548202674888762,0.03618946556987484
0.548202674888762,0.03618946556987484
0.548202674888762,0.03618946556987484
0.548202674888762,0.03618946556987484
0.548202674888762,0.03618946556987484
0.548202674888762,0.03618946556987484
0.548202674888762,0.03618946556987484
0.548202674888762,0.03618946556987484
0.548202674888762,0.03618946556987484
0.548202674888762,0.03618946556987484
0.548202674888762,0.03618946556987484
0.548202674888762,0.03618946556987484
0.548202674888762,0.03618946556987484
0.548202674888762,0.03618946556987484
0.548202674888762,0.03618946556987484
0.548202674888762,0.03618946556987484
0.548202674888762,0.03618946556987484
0.548202674888762,0.03618946556987484
0.548202674888762,0.03618946556987484
0.548202674888762,0.03618946556987484
0.548202674888762,0.03618946556987484
0.548202674888762,0.03618946556987484
0.548202674888762,0.03618946556987484
0.548202674888762,0.03618946556987484
0.548202674888762,0.03618946556987484
0.548202674888762,0.03618946556987484
0.548202674888762,0.03618946556987484
0.548202674888762,0.03618946556987484
0.548202674888762,0.03618946556987484
0.548202674888762,0.03618946556987484
0.548202674888762,0.03618946556987484
0.548202674888762,0.03618946556987484
0.548202674888762,0.03618946556987484
0.548202674888762,0.03618946556987484
0.548202674888762,0.03618946556987484
0.548202674888762,0.03618946556987484
0.548202674888762,0.03618946556987484
0.548202674888762,0.03618946556987484
0.548202674888762,0.03618946556987484
0.548202674888762,0.03618946556987484
0.548202674888762,0.03618946556987484
0.548202674888762,0.03618946556987484
0.548202674888762,0.03618946556987484
0.548202674888762,0.03618946556987484
0.548202674888762,0.03618946556987484
0.548202674888762,0.03618946556987484
0.548202674888762,0.03618946556987484
0.548202674888762,0.03618946556987484
0.548202674888762,0.03618946556987484
0.548202674888762,0.03618946556987484
0.548202674888762,0.03618946556987484
0.548202674888762,0.03618946556987484
0.548202674888762,0.03618946556987484
0.548202674888762,0.03618946556987484
0.548202674888762,0.03618946556987484
0.548202674888762,0.03618946556987484
0.548202674888762,0.03618946556987484
0.548202674888762,0.03618946556987484
0.548202674888762,0.03618946556987484
0.548202674888762,0.03618946556987484
0.548202674888762,0.03618946556987484
0.548202674888762,0.03618946556987484
0.548202674888762,0.03618946556987484
0.548202674888762,0.03618946556987484
0.548202674888762,0.03618946556987484
0.548202674888762,0.03618946556987484
0.548202674888762,0.03618946556987484
0.548202674888762,0.03618946556987484
0.548202674888762,0.03618946556987484
0.548202674888762,0.03618946556987484
0.548202674888762,0.03618946556987484
0.548202674888762,0.03618946556987484
0.548202674888762,0.03618946556987484
0.548202674888762,0.03618946556987484
0.548202674888762,0.03618946556987484
0.548202674888762,0.03618946556987484
0.548202674888762,0.03618946556987484
0.548202674888762,0.03618946556987484
0.548202674888762,0.03618946556987484
0.548202674888762,0.03618946556987484
0.548202674888762,0.03618946556987484
0.548202674888762,0.03618946556987484
0.548202674888762,0.03618946556987484
0.548202674888762,0.03618946556987484
0.548202674888762,0.03618946556987484
0.548202674888762,0.03618946556987484
0.548202674888762,0.03618946556987484
0.548202674888762,0.03618946556987484
0.548202674888762,0.03618946556987484
0.548202674888762,0.03618946556987484
0.548202674888762,0.03618946556987484
0.548202674888762,0.03618946556987484
0.548202674888762,0.03618946556987484
0.548202674888762,0.03618946556987484
0.548202674888762,0.03618946556987484
0.548202674888762,0.03618946556987484
0.548202674888762,0.03618946556987484
0.548202674888762,0.03618946556987484
0.548202674888762,0.03618946556987484
0.548202674888762,0.03618946556987484
0.548202674888762,0.03618946556987484
0.548202674888762,0.03618946556987484
0.548202674888762,0.03618946556987484
0.548202674888762,0.03618946556987484
0.548202674888762,0.03618946556987484
0.548202674888762,0.03618946556987484
0.548202674888762,0.03618946556987484
0.548202674888762,0.03618946556987484
0.548202674888762,0.03618946556987484
0.548202674888762,0.03618946556987484
0.548202674888762,0.03618946556987484
0.548202674888762,0.03618946556987484
0.548202674888762,0.03618946556987484
0.548202674888762,0.03618946556987484
0.548202674888762,0.03618946556987484
0.548202674888762,0.03618946556987484
0.548202674888762,0.03618946556987484
0.548202674888762,0.03618946556987484
0.548202674888762,0.03618946556987484
0.548202674888762,0.03618946556987484
0.548202674888762,0.03618946556987484
0.548202674888762,0.03618946556987484
0.548202674888762,0.03618946556987484
0.548202674888762,0.03618946556987484
0.548202674888762,0.03618946556987484
0.548202674888762,0.03618946556987484
0.548202674888762,0.03618946556987484
0.548202674888762,0.03618946556987484
0.548202674888762,0.03618946556987484
0.548202674888762,0.03618946556987484
0.548202674888762,0.03618946556987484
0.548202674888762,0.03618946556987484
0.548202674888762,0.03618946556987484
0.548202674888762,0.03618946556987484
0.548202674888762,0.03618946556987484
0.548202674888762,0.03618946556987484
0.548202674888762,0.03618946556987484
0.548202674888762,0.03618946556987484
0.548202674888762,0.03618946556987484
0.548202674888762,0.03618946556987484
0.548202674888762,0.03618946556987484
0.548202674888762,0.03618946556987484
0.548202674888762,0.03618946556987484
0.548202674888762,0.03618946556987484
0.548202674888762,0.03618946556987484
0.548202674888762,0.03618946556987484
0.548202674888762,0.03618946556987484
0.548202674888762,0.03618946556987484
0.548202674888762,0.03618946556987484
0.548202674888762,0.03618946556987484
0.548202674888762,0.03618946556987484
0.548202674888762,0.03618946556987484
0.548202674888762,0.03618946556987484
0.548202674888762,0.03618946556987484
0.548202674888762,0.03618946556987484
0.548202674888762,0.03618946556987484
0.548202674888762,0.03618946556987484
0.548202674888762,0.03618946556987484
0.548202674888762,0.03618946556987484
0.548202674888762,0.03618946556987484
0.548202674888762,0.03618946556987484
0.548202674888762,0.03618946556987484
0.548202674888762,0.03618946556987484
0.548202674888762,0.03618946556987484
0.548202674888762,0.03618946556987484
0.548202674888762,0.03618946556987484
0.548202674888762,0.03618946556987484
0.548202674888762,0.03618946556987484
0.548202674888762,0.03618946556987484
0.548202674888762,0.03618946556987484
0.548202674888762,0.03618946556987484
0.548202674888762,0.03618946556987484
0.548202674888762,0.03618946556987484
0.548202674888762,0.03618946556987484
0.548202674888762,0.03618946556987484
0.548202674888762,0.03618946556987484
0.548202674888762,0.03618946556987484
0.548202674888762,0.03618946556987484
0.548202674888762,0.03618946556987484
0.548202674888762,0.03618946556987484
0.548202674888762,0.03618946556987484
0.548202674888762,0.03618946556987484
0.548202674888762,0.03618946556987484
0.548202674888762,0.03618946556987484
0.548202674888762,0.03618946556987484
0.548202674888762,0.03618946556987484
0.548202674888762,0.03618946556987484
0.548202674888762,0.03618946556987484
0.548202674888762,0.03618946556987484
0.548202674888762,0.03618946556987484
0.548202674888762,0.03618946556987484
0.548202674888762,0.03618946556987484
0.548202674888762,0.03618946556987484
0.548202674888762,0.03618946556987484
0.548202674888762,0.03618946556987484
0.548202674888762,0.03618946556987484
0.548202674888762,0.03618946556987484
0.548202674888762,0.03618946556987484
0.548202674888762,0.03618946556987484
0.548202674888762,0.03618946556987484
0.548202674888762,0.03618946556987484
0.548202674888762,0.03618946556987484
0.548202674888762,0.03618946556987484
0.548202674888762,0.03618946556987484
0.548202674888762,0.03618946556987484
0.548202674888762,0.03618946556987484
0.548202674888762,0.03618946556987484
0.548202674888762,0.03618946556987484
0.548202674888762,0.03618946556987484
0.548202674888762,0.03618946556987484
0.548202674888762,0.03618946556987484
0.548202674888762,0.03618946556987484
0.548202674888762,0.03618946556987484
0.548202674888762,0.03618946556987484
0.548202674888762,0.03618946556987484
0.548202674888762,0.03618946556987484
0.548202674888762,0.03618946556987484
0.548202674888762,0.03618946556987484
0.548202674888762,0.03618946556987484
0.548202674888762,0.03618946556987484
0.548202674888762,0.03618946556987484
0.548202674888762,0.03618946556987484
0.548202674888762,0.03618946556987484
0.548202674888762,0.03618946556987484
0.548202674888762,0.03618946556987484
0.548202674888762,0.03618946556987484
0.548202674888762,0.03618946556987484
0.548202674888762,0.03618946556987484
0.548202674888762,0.03618946556987484
0.548202674888762,0.03618946556987484
0.548202674888762,0.03618946556987484
0.548202674888762,0.03618946556987484
0.548202674888762,0.03618946556987484
0.548202674888762,0.03618946556987484
0.548202674888762,0.03618946556987484
0.548202674888762,0.03618946556987484
0.548202674888762,0.03618946556987484
0.548202674888762,0.03618946556987484
0.548202674888762,0.03618946556987484
0.548202674888762,0.03618946556987484
0.548202674888762,0.03618946556987484
0.548202674888762,0.03618946556987484
0.548202674888762,0.03618946556987484
0.548202674888762,0.03618946556987484
0.548202674888762,0.03618946556987484
0.548202674888762,0.03618946556987484
0.548202674888762,0.03618946556987484
0.548202674888762,0.03618946556987484
0.548202674888762,0.03618946556987484
0.548202674888762,0.03618946556987484
0.548202674888762,0.03618946556987484
0.548202674888762,0.03618946556987484
0.548202674888762,0.03618946556987484
0.548202674888762,0.036211572807775816
0.548202674888762,0.036211572807775816
0.548202674888762,0.036211572807775816
0.548202674888762,0.036211572807775816
0.548202674888762,0.036211572807775816
0.548202674888762,0.036211572807775816
0.548202674888762,0.036211572807775816
0.548202674888762,0.036211572807775816
0.548202674888762,0.036211572807775816
0.548202674888762,0.036211572807775816
0.548202674888762,0.036211572807775816
0.548202674888762,0.036211572807775816
0.548202674888762,0.036211572807775816
0.548202674888762,0.036211572807775816
0.548202674888762,0.036211572807775816
0.548202674888762,0.036211572807775816
0.548202674888762,0.036211572807775816
0.548202674888762,0.036211572807775816
0.548202674888762,0.036211572807775816
0.548202674888762,0.036211572807775816
0.548202674888762,0.036211572807775816
0.548202674888762,0.036211572807775816
0.548202674888762,0.036211572807775816
0.548202674888762,0.036211572807775816
0.548202674888762,0.036211572807775816
0.548202674888762,0.036211572807775816
0.548202674888762,0.036211572807775816
0.548202674888762,0.036211572807775816
0.548202674888762,0.036211572807775816
0.548202674888762,0.036211572807775816
0.548202674888762,0.036211572807775816
0.548202674888762,0.036211572807775816
0.548202674888762,0.036211572807775816
0.548202674888762,0.036211572807775816
0.548202674888762,0.036211572807775816
0.548202674888762,0.036211572807775816
0.548202674888762,0.036211572807775816
0.548202674888762,0.036211572807775816
0.548202674888762,0.036211572807775816
0.548202674888762,0.036211572807775816
0.548202674888762,0.036211572807775816
0.548202674888762,0.036211572807775816
0.548202674888762,0.036211572807775816
0.5482745418919956,0.036211572807775816
0.5482745418919956,0.036211572807775816
0.5482745418919956,0.036211572807775816
0.5482745418919956,0.036211572807775816
0.5482745418919956,0.036211572807775816
0.5482745418919956,0.036211572807775816
0.5482745418919956,0.036211572807775816
0.5482745418919956,0.036211572807775816
0.5482745418919956,0.036211572807775816
0.5482745418919956,0.036211572807775816
0.5482745418919956,0.036211572807775816
0.5482745418919956,0.036211572807775816
0.5482745418919956,0.036211572807775816
0.5482745418919956,0.036211572807775816
0.5482745418919956,0.036211572807775816
0.5482745418919956,0.036211572807775816
0.5482745418919956,0.036211572807775816
0.5482745418919956,0.036211572807775816
0.5482745418919956,0.036211572807775816
0.5482745418919956,0.036211572807775816
0.5482745418919956,0.036211572807775816
0.5482745418919956,0.036211572807775816
0.5482745418919956,0.036211572807775816
0.5482745418919956,0.036211572807775816
0.5482745418919956,0.036211572807775816
0.5482745418919956,0.036211572807775816
0.5482745418919956,0.036211572807775816
0.5482745418919956,0.036211572807775816
0.5482745418919956,0.036211572807775816
0.5482745418919956,0.036211572807775816
0.5482745418919956,0.036211572807775816
0.5482745418919956,0.036211572807775816
0.5482745418919956,0.036211572807775816
0.5482745418919956,0.036211572807775816
0.5482745418919956,0.036211572807775816
0.5482745418919956,0.036211572807775816
0.5482745418919956,0.036211572807775816
0.5482745418919956,0.036211572807775816
0.5482745418919956,0.036211572807775816
0.5482745418919956,0.036211572807775816
0.5482745418919956,0.036211572807775816
0.5482745418919956,0.036211572807775816
0.5482745418919956,0.036211572807775816
0.5482745418919956,0.036211572807775816
0.5482745418919956,0.036211572807775816
0.5482745418919956,0.036211572807775816
0.5482745418919956,0.036211572807775816
0.5482745418919956,0.036211572807775816
0.5482745418919956,0.036211572807775816
0.5482745418919956,0.036211572807775816
0.5482745418919956,0.036211572807775816
0.5482745418919956,0.036211572807775816
0.5482745418919956,0.036211572807775816
0.5482745418919956,0.036211572807775816
0.5482745418919956,0.036211572807775816
0.5482745418919956,0.036211572807775816
0.5482745418919956,0.036211572807775816
0.5482745418919956,0.036211572807775816
0.5482745418919956,0.036211572807775816
0.5482745418919956,0.036211572807775816
0.5482745418919956,0.036211572807775816
0.5482745418919956,0.036211572807775816
0.5482745418919956,0.036211572807775816
0.5482745418919956,0.036211572807775816
0.5482745418919956,0.036211572807775816
0.5482745418919956,0.036211572807775816
0.5482745418919956,0.036211572807775816
0.5482745418919956,0.036211572807775816
0.5482745418919956,0.036211572807775816
0.5482745418919956,0.036211572807775816
0.5482745418919956,0.036211572807775816
0.5482745418919956,0.036211572807775816
0.5482745418919956,0.036211572807775816
0.5482745418919956,0.036211572807775816
0.5482745418919956,0.036211572807775816
0.5482745418919956,0.036211572807775816
0.5482745418919956,0.036211572807775816
0.5482745418919956,0.036211572807775816
0.5482745418919956,0.036211572807775816
0.5482745418919956,0.036211572807775816
0.5482745418919956,0.036211572807775816
0.5482745418919956,0.036211572807775816
0.5482745418919956,0.036211572807775816
0.5482745418919956,0.036211572807775816
0.5482745418919956,0.036211572807775816
0.5482745418919956,0.036211572807775816
0.5482745418919956,0.036211572807775816
0.5482745418919956,0.036211572807775816
0.5482745418919956,0.036211572807775816
0.5482745418919956,0.036211572807775816
0.5482745418919956,0.036211572807775816
0.5482745418919956,0.036211572807775816
0.5482745418919956,0.036211572807775816
0.5482745418919956,0.036211572807775816
0.5482745418919956,0.036211572807775816
0.5482745418919956,0.036211572807775816
0.5482745418919956,0.036211572807775816
0.5482745418919956,0.036211572807775816
0.5482745418919956,0.036211572807775816
0.5482745418919956,0.036211572807775816
0.5482745418919956,0.036211572807775816
0.5482745418919956,0.036211572807775816
0.5482745418919956,0.036211572807775816
0.5482745418919956,0.036211572807775816
0.5482745418919956,0.036211572807775816
0.5482745418919956,0.036211572807775816
0.5482745418919956,0.036211572807775816
0.5482745418919956,0.036211572807775816
0.5482745418919956,0.036211572807775816
0.5482745418919956,0.036211572807775816
0.5482745418919956,0.036211572807775816
0.5482745418919956,0.036211572807775816
0.5482745418919956,0.036211572807775816
0.5482745418919956,0.036211572807775816
0.5482745418919956,0.036211572807775816
0.5482745418919956,0.036211572807775816
0.5482745418919956,0.036211572807775816
0.5482745418919956,0.036211572807775816
0.5482745418919956,0.036211572807775816
0.5482745418919956,0.036211572807775816
0.5482745418919956,0.036211572807775816
0.5482745418919956,0.036211572807775816
0.5482745418919956,0.036211572807775816
0.5482745418919956,0.036211572807775816
0.5482745418919956,0.036211572807775816
0.5482745418919956,0.036211572807775816
0.5482745418919956,0.036211572807775816
0.5482745418919956,0.036211572807775816
0.5482745418919956,0.036211572807775816
0.5482745418919956,0.036211572807775816
0.5482745418919956,0.036211572807775816
0.5482745418919956,0.036211572807775816
0.5482745418919956,0.036211572807775816
0.5482745418919956,0.036211572807775816
0.5482745418919956,0.036211572807775816
0.5482745418919956,0.036211572807775816
0.5482745418919956,0.036211572807775816
0.5482745418919956,0.036211572807775816
0.5482745418919956,0.036211572807775816
0.5482745418919956,0.036211572807775816
0.5482745418919956,0.036211572807775816
0.5482745418919956,0.036211572807775816
0.5482745418919956,0.036211572807775816
0.5482745418919956,0.036211572807775816
0.5482745418919956,0.036211572807775816
0.5482745418919956,0.036211572807775816
0.5482745418919956,0.036211572807775816
0.5482745418919956,0.036211572807775816
0.5482745418919956,0.036211572807775816
0.5482745418919956,0.036211572807775816
0.5482745418919956,0.036211572807775816
0.5482745418919956,0.036211572807775816
0.5482745418919956,0.036211572807775816
0.5482745418919956,0.036211572807775816
0.5482745418919956,0.036211572807775816
0.5482745418919956,0.036211572807775816
0.5482745418919956,0.036211572807775816
0.5482745418919956,0.036211572807775816
0.5482745418919956,0.036211572807775816
0.5482745418919956,0.036211572807775816
0.5482745418919956,0.036211572807775816
0.5482745418919956,0.036211572807775816
0.5482745418919956,0.036211572807775816
0.5482745418919956,0.036211572807775816
0.5482745418919956,0.036211572807775816
0.5482745418919956,0.036211572807775816
0.5482745418919956,0.036211572807775816
0.5482745418919956,0.036211572807775816
0.5482745418919956,0.036211572807775816
0.5482745418919956,0.036211572807775816
0.5482745418919956,0.036211572807775816
0.5482745418919956,0.036211572807775816
0.5482745418919956,0.036211572807775816
0.5482745418919956,0.036211572807775816
0.5482745418919956,0.036211572807775816
0.5482745418919956,0.036211572807775816
0.5482745418919956,0.036211572807775816
0.5482745418919956,0.036211572807775816
0.5482745418919956,0.036211572807775816
0.5482745418919956,0.036211572807775816
0.5482745418919956,0.036211572807775816
0.5482745418919956,0.036211572807775816
0.5482745418919956,0.036211572807775816
0.5482745418919956,0.036211572807775816
0.5482745418919956,0.036211572807775816
0.5482745418919956,0.036211572807775816
0.5482745418919956,0.036211572807775816
0.5482745418919956,0.036211572807775816
0.5482745418919956,0.036211572807775816
0.5482745418919956,0.036211572807775816
0.5482745418919956,0.036211572807775816
0.5482745418919956,0.036211572807775816
0.5482745418919956,0.036211572807775816
0.5482745418919956,0.036211572807775816
0.5482745418919956,0.036211572807775816
0.5482745418919956,0.036211572807775816
0.5482745418919956,0.036211572807775816
0.5482745418919956,0.036211572807775816
0.5482745418919956,0.036211572807775816
0.5482745418919956,0.036211572807775816
0.5482745418919956,0.036211572807775816
0.5482745418919956,0.036211572807775816
0.5482745418919956,0.036211572807775816
0.5482745418919956,0.036211572807775816
0.5482745418919956,0.036211572807775816
0.5482745418919956,0.036211572807775816
0.5482745418919956,0.036211572807775816
0.5482745418919956,0.036211572807775816
0.5482745418919956,0.036211572807775816
0.5482745418919956,0.036211572807775816
0.5482745418919956,0.036211572807775816
0.5482745418919956,0.036211572807775816
0.5482745418919956,0.036211572807775816
0.5482745418919956,0.036211572807775816
0.5482745418919956,0.036211572807775816
0.5482745418919956,0.036211572807775816
0.5482745418919956,0.036211572807775816
0.5482745418919956,0.036211572807775816
0.5482745418919956,0.036211572807775816
0.5482745418919956,0.036211572807775816
0.5482745418919956,0.036211572807775816
0.5482745418919956,0.036211572807775816
0.5482745418919956,0.036211572807775816
0.5482745418919956,0.036211572807775816
0.5482745418919956,0.036211572807775816
0.5482745418919956,0.036211572807775816
0.5482745418919956,0.036211572807775816
0.5482745418919956,0.036211572807775816
0.5482745418919956,0.036211572807775816
0.5482745418919956,0.036211572807775816
0.5482745418919956,0.036211572807775816
0.5482745418919956,0.036211572807775816
0.5482745418919956,0.036211572807775816
0.5482745418919956,0.036211572807775816
0.5482745418919956,0.036211572807775816
0.5482745418919956,0.036211572807775816
0.5482745418919956,0.036211572807775816
0.5482745418919956,0.036211572807775816
0.5482745418919956,0.036211572807775816
0.5482745418919956,0.036211572807775816
0.5482745418919956,0.036211572807775816
0.5482745418919956,0.036211572807775816
0.5482745418919956,0.036211572807775816
0.5482745418919956,0.036211572807775816
0.5482745418919956,0.036211572807775816
0.5482745418919956,0.036211572807775816
0.5482745418919956,0.036211572807775816
0.5482745418919956,0.036211572807775816
0.5482745418919956,0.036211572807775816
0.5482745418919956,0.036211572807775816
0.5482745418919956,0.036211572807775816
0.5482745418919956,0.036211572807775816
0.5482745418919956,0.036211572807775816
0.5482745418919956,0.036211572807775816
0.5482745418919956,0.036211572807775816
0.5482745418919956,0.036211572807775816
0.5482745418919956,0.036211572807775816
0.5482745418919956,0.036211572807775816
0.5482745418919956,0.036211572807775816
0.5482745418919956,0.036211572807775816
0.5482745418919956,0.036211572807775816
0.5482745418919956,0.036211572807775816
0.5482745418919956,0.036211572807775816
0.5482745418919956,0.036211572807775816
0.5482745418919956,0.036211572807775816
0.5482745418919956,0.036211572807775816
0.5482745418919956,0.036211572807775816
0.5482745418919956,0.036211572807775816
0.5482745418919956,0.036211572807775816
0.5482745418919956,0.036211572807775816
0.5482745418919956,0.036211572807775816
0.5482745418919956,0.036211572807775816
0.5482745418919956,0.036211572807775816
0.5482745418919956,0.036211572807775816
0.5482745418919956,0.036211572807775816
0.5482745418919956,0.036211572807775816
0.5482745418919956,0.036211572807775816
0.5482745418919956,0.036211572807775816
0.5482745418919956,0.036211572807775816
0.5482745418919956,0.036211572807775816
0.5482745418919956,0.036211572807775816
0.5482745418919956,0.036211572807775816
0.5482745418919956,0.036211572807775816
0.5482745418919956,0.036211572807775816
0.5482745418919956,0.036211572807775816
0.5482745418919956,0.036211572807775816
0.5482745418919956,0.036211572807775816
0.5482745418919956,0.036211572807775816
0.5482745418919956,0.036211572807775816
0.5482745418919956,0.036211572807775816
0.5482745418919956,0.036211572807775816
0.5482745418919956,0.036211572807775816
0.5482745418919956,0.036211572807775816
0.5482745418919956,0.036211572807775816
0.5482745418919956,0.036211572807775816
0.5482745418919956,0.036211572807775816
0.5482745418919956,0.036211572807775816
0.5482745418919956,0.036211572807775816
0.5482745418919956,0.036211572807775816
0.5482745418919956,0.036211572807775816
0.5482745418919956,0.036211572807775816
0.5482745418919956,0.036211572807775816
0.5482745418919956,0.036211572807775816
0.5482745418919956,0.036211572807775816
0.5482745418919956,0.036211572807775816
0.5482745418919956,0.036211572807775816
0.5482745418919956,0.036211572807775816
0.5482745418919956,0.036211572807775816
0.5482745418919956,0.036211572807775816
0.5482745418919956,0.036211572807775816
0.5482745418919956,0.036211572807775816
0.5482745418919956,0.036211572807775816
0.5482745418919956,0.036211572807775816
0.5482745418919956,0.036211572807775816
0.5482745418919956,0.036211572807775816
0.5482745418919956,0.036211572807775816
0.5482745418919956,0.036211572807775816
0.5482745418919956,0.036211572807775816
0.5482745418919956,0.036211572807775816
0.5482745418919956,0.036211572807775816
0.5482745418919956,0.036211572807775816
0.5482745418919956,0.036211572807775816
0.5482745418919956,0.036211572807775816
0.5482745418919956,0.036211572807775816
0.5482745418919956,0.036211572807775816
0.5482745418919956,0.036211572807775816
0.5482745418919956,0.036211572807775816
0.5482745418919956,0.036211572807775816
0.5482745418919956,0.036211572807775816
0.5482745418919956,0.036211572807775816
0.5482745418919956,0.036211572807775816
0.5482745418919956,0.036211572807775816
0.5482745418919956,0.036211572807775816
0.5482745418919956,0.036211572807775816
0.5482745418919956,0.036211572807775816
0.5482745418919956,0.036211572807775816
0.5482745418919956,0.036211572807775816
0.5482745418919956,0.036211572807775816
0.5482745418919956,0.036211572807775816
0.5482745418919956,0.036211572807775816
0.5482745418919956,0.036211572807775816
0.5482745418919956,0.036211572807775816
0.5482745418919956,0.036211572807775816
0.5482745418919956,0.036211572807775816
0.5482745418919956,0.036211572807775816
0.5482745418919956,0.036211572807775816
0.5482745418919956,0.036211572807775816
0.5482745418919956,0.036211572807775816
0.5482745418919956,0.036211572807775816
0.5482745418919956,0.036211572807775816
0.5482745418919956,0.036211572807775816
0.5482745418919956,0.036211572807775816
0.5482745418919956,0.036211572807775816
0.5482745418919956,0.036211572807775816
0.5482745418919956,0.036211572807775816
0.5482745418919956,0.036211572807775816
0.5482745418919956,0.036211572807775816
0.5482745418919956,0.036211572807775816
0.5482745418919956,0.036211572807775816
0.5482745418919956,0.036211572807775816
0.5482745418919956,0.036211572807775816
0.5482745418919956,0.036211572807775816
0.5482745418919956,0.036211572807775816
0.5482745418919956,0.036211572807775816
0.5482745418919956,0.036211572807775816
0.5482745418919956,0.036211572807775816
0.5482745418919956,0.036211572807775816
0.5482745418919956,0.036211572807775816
0.5482745418919956,0.036211572807775816
0.5482745418919956,0.036211572807775816
0.5482745418919956,0.036211572807775816
0.5482745418919956,0.036211572807775816
0.5482745418919956,0.036211572807775816
0.5482745418919956,0.036211572807775816
0.5482745418919956,0.036211572807775816
0.5482745418919956,0.036211572807775816
0.5482745418919956,0.036211572807775816
0.5482745418919956,0.036211572807775816
0.5482745418919956,0.036211572807775816
0.5482745418919956,0.036211572807775816
0.5482745418919956,0.036211572807775816
0.5482745418919956,0.036211572807775816
0.5482745418919956,0.036211572807775816
0.5482745418919956,0.036211572807775816
0.5482745418919956,0.036211572807775816
0.5482745418919956,0.036211572807775816
0.5482745418919956,0.036211572807775816
0.5482745418919956,0.036211572807775816
0.5482745418919956,0.036211572807775816
0.5482745418919956,0.036211572807775816
0.5482745418919956,0.036211572807775816
0.5482745418919956,0.036211572807775816
0.5482745418919956,0.036211572807775816
0.5482745418919956,0.036211572807775816
0.5482745418919956,0.036211572807775816
0.5482745418919956,0.036211572807775816
0.5482745418919956,0.036211572807775816
0.5482745418919956,0.036211572807775816
0.5482745418919956,0.036211572807775816
0.5482745418919956,0.036211572807775816
0.5482745418919956,0.036211572807775816
0.5482745418919956,0.036211572807775816
0.5482745418919956,0.036211572807775816
0.5482745418919956,0.036211572807775816
0.5482745418919956,0.036211572807775816
0.5482745418919956,0.036211572807775816
0.5482745418919956,0.036211572807775816
0.5482745418919956,0.036211572807775816
0.5482745418919956,0.036211572807775816
0.5482745418919956,0.036211572807775816
0.5482745418919956,0.036211572807775816
0.5482745418919956,0.036211572807775816
0.5482745418919956,0.036211572807775816
0.5482745418919956,0.036211572807775816
0.5482745418919956,0.036211572807775816
0.5482745418919956,0.036211572807775816
0.5482745418919956,0.036211572807775816
0.5482745418919956,0.036211572807775816
0.5482745418919956,0.036211572807775816
0.5482745418919956,0.036211572807775816
0.5482745418919956,0.036211572807775816
0.5482745418919956,0.036211572807775816
0.5482745418919956,0.036211572807775816
0.5482745418919956,0.036211572807775816
0.5482745418919956,0.036211572807775816
0.5482745418919956,0.036211572807775816
0.5482745418919956,0.036211572807775816
0.5482745418919956,0.036211572807775816
0.5482745418919956,0.036211572807775816
0.5482745418919956,0.036211572807775816
0.5482745418919956,0.036211572807775816
0.5482745418919956,0.036211572807775816
0.5482745418919956,0.036211572807775816
0.5482745418919956,0.036211572807775816
0.5482745418919956,0.036211572807775816
0.5482745418919956,0.036211572807775816
0.5482745418919956,0.036211572807775816
0.5482745418919956,0.036211572807775816
0.5482745418919956,0.036211572807775816
0.5482745418919956,0.036211572807775816
0.5482745418919956,0.036211572807775816
0.5482745418919956,0.036211572807775816
0.5482745418919956,0.036211572807775816
0.5482745418919956,0.036211572807775816
0.5482745418919956,0.036211572807775816
0.5482745418919956,0.036211572807775816
0.5482745418919956,0.036211572807775816
0.5482745418919956,0.036211572807775816
0.5482745418919956,0.036211572807775816
0.5482745418919956,0.036211572807775816
0.5482745418919956,0.036211572807775816
0.5482745418919956,0.036211572807775816
0.5482745418919956,0.036211572807775816
0.5482745418919956,0.036211572807775816
0.5482745418919956,0.036211572807775816
0.5482745418919956,0.036211572807775816
0.5482745418919956,0.036211572807775816
0.5482745418919956,0.036211572807775816
0.5482745418919956,0.036211572807775816
0.5482745418919956,0.036211572807775816
0.5482745418919956,0.036211572807775816
0.5482745418919956,0.036211572807775816
0.5482745418919956,0.036211572807775816
0.5482745418919956,0.036211572807775816
0.5482745418919956,0.036211572807775816
0.5482745418919956,0.036211572807775816
0.5482745418919956,0.036211572807775816
0.5482745418919956,0.036211572807775816
0.5482745418919956,0.036211572807775816
0.5482745418919956,0.036211572807775816
0.5482745418919956,0.036211572807775816
0.5482745418919956,0.036211572807775816
0.5482745418919956,0.036211572807775816
0.5482745418919956,0.036211572807775816
0.5482745418919956,0.036211572807775816
0.5482745418919956,0.036211572807775816
0.5482745418919956,0.036211572807775816
0.5482745418919956,0.036211572807775816
0.5482745418919956,0.036211572807775816
0.5482745418919956,0.036211572807775816
0.5482745418919956,0.036211572807775816
0.5482745418919956,0.036211572807775816
0.5482745418919956,0.036211572807775816
0.5482745418919956,0.036211572807775816
0.5482745418919956,0.036211572807775816
0.5482745418919956,0.036211572807775816
0.5482745418919956,0.036211572807775816
0.5482745418919956,0.036211572807775816
0.5482745418919956,0.036211572807775816
0.5482745418919956,0.036211572807775816
0.5482745418919956,0.036211572807775816
0.5482745418919956,0.036211572807775816
0.5482745418919956,0.036211572807775816
0.5482745418919956,0.036211572807775816
0.5482745418919956,0.036211572807775816
0.5482745418919956,0.036211572807775816
0.5482745418919956,0.036211572807775816
0.5482745418919956,0.036211572807775816
0.5482745418919956,0.036211572807775816
0.5482745418919956,0.036211572807775816
0.5482745418919956,0.036211572807775816
0.5482745418919956,0.036211572807775816
0.5482745418919956,0.036211572807775816
0.5482745418919956,0.036211572807775816
0.5482745418919956,0.036211572807775816
0.5482745418919956,0.036211572807775816
0.5482745418919956,0.036211572807775816
0.5482745418919956,0.036211572807775816
0.5482745418919956,0.036211572807775816
0.5482745418919956,0.036211572807775816
0.5482745418919956,0.036211572807775816
0.5482745418919956,0.036211572807775816
0.5482745418919956,0.036211572807775816
0.5482745418919956,0.036211572807775816
0.5482745418919956,0.036211572807775816
0.5482745418919956,0.036211572807775816
0.5482745418919956,0.036211572807775816
0.5482745418919956,0.036211572807775816
0.5482745418919956,0.036211572807775816
0.5482745418919956,0.036211572807775816
0.5482745418919956,0.036211572807775816
0.5482745418919956,0.036211572807775816
0.5482745418919956,0.036211572807775816
0.5482745418919956,0.036211572807775816
0.5482745418919956,0.036211572807775816
0.5482745418919956,0.036211572807775816
0.5482745418919956,0.036211572807775816
0.5482745418919956,0.036211572807775816
0.5482745418919956,0.036211572807775816
0.5482745418919956,0.036211572807775816
0.5482745418919956,0.036211572807775816
0.5482745418919956,0.036211572807775816
0.5482745418919956,0.036211572807775816
0.5482745418919956,0.036211572807775816
0.5482745418919956,0.036211572807775816
0.5482745418919956,0.036211572807775816
0.5482745418919956,0.036211572807775816
0.5482745418919956,0.036211572807775816
0.5482745418919956,0.036211572807775816
0.5482745418919956,0.036211572807775816
0.5482745418919956,0.036211572807775816
0.5482745418919956,0.036211572807775816
0.5482745418919956,0.036211572807775816
0.5482745418919956,0.036211572807775816
0.5482745418919956,0.036211572807775816
0.5482745418919956,0.036211572807775816
0.5482745418919956,0.036211572807775816
0.5482745418919956,0.036211572807775816
0.5482745418919956,0.036211572807775816
0.5482745418919956,0.036211572807775816
0.5482745418919956,0.036211572807775816
0.5482745418919956,0.036211572807775816
0.5482745418919956,0.036211572807775816
0.5482745418919956,0.036211572807775816
0.5482745418919956,0.036211572807775816
0.5482745418919956,0.036211572807775816
0.5482745418919956,0.036211572807775816
0.5482745418919956,0.036211572807775816
0.5482745418919956,0.036211572807775816
0.5482745418919956,0.036211572807775816
0.5482745418919956,0.036211572807775816
0.5482745418919956,0.036211572807775816
0.5482745418919956,0.036211572807775816
0.5482745418919956,0.036211572807775816
0.5482745418919956,0.036211572807775816
0.5482745418919956,0.036211572807775816
0.5482745418919956,0.036211572807775816
0.5482745418919956,0.036211572807775816
0.5482745418919956,0.036211572807775816
0.5482745418919956,0.036211572807775816
0.5482745418919956,0.036211572807775816
0.5482745418919956,0.036211572807775816
0.5482745418919956,0.036211572807775816
0.5482745418919956,0.036211572807775816
0.5482745418919956,0.036211572807775816
0.5482745418919956,0.036211572807775816
0.5482745418919956,0.036211572807775816
0.5482745418919956,0.036211572807775816
0.5482745418919956,0.036211572807775816
0.5482745418919956,0.036211572807775816
0.5482745418919956,0.036211572807775816
0.5482745418919956,0.036211572807775816
0.5482745418919956,0.036211572807775816
0.5482745418919956,0.036211572807775816
0.5482745418919956,0.036211572807775816
0.5482745418919956,0.036211572807775816
0.5482745418919956,0.036211572807775816
0.5482745418919956,0.036211572807775816
0.5482745418919956,0.036211572807775816
0.5482745418919956,0.036211572807775816
0.5482745418919956,0.036211572807775816
0.5482745418919956,0.036211572807775816
0.5482745418919956,0.036211572807775816
0.5482745418919956,0.036211572807775816
0.5482745418919956,0.036211572807775816
0.5482745418919956,0.036211572807775816
0.5482745418919956,0.036211572807775816
0.5482745418919956,0.036211572807775816
0.5482745418919956,0.036211572807775816
0.5482745418919956,0.036211572807775816
0.5482745418919956,0.036211572807775816
0.5482745418919956,0.036211572807775816
0.5482745418919956,0.036211572807775816
0.5482745418919956,0.036211572807775816
0.5482745418919956,0.036211572807775816
0.5482745418919956,0.036211572807775816
0.5482745418919956,0.036211572807775816
0.5482745418919956,0.036211572807775816
0.5482745418919956,0.036211572807775816
0.5482745418919956,0.036211572807775816
0.5482745418919956,0.036211572807775816
0.5482745418919956,0.036211572807775816
0.5482745418919956,0.036211572807775816
0.5482745418919956,0.036211572807775816
0.5482745418919956,0.036211572807775816
0.5482745418919956,0.036211572807775816
0.5482745418919956,0.036211572807775816
0.5482745418919956,0.036211572807775816
0.5482745418919956,0.036211572807775816
0.5482745418919956,0.036211572807775816
0.5482745418919956,0.036211572807775816
0.5482745418919956,0.036211572807775816
0.5482745418919956,0.036211572807775816
0.5482745418919956,0.036211572807775816
0.5482745418919956,0.036211572807775816
0.5482745418919956,0.036211572807775816
0.5482745418919956,0.036211572807775816
0.5482745418919956,0.036211572807775816
0.5482745418919956,0.036211572807775816
0.5482745418919956,0.036211572807775816
0.5482745418919956,0.036211572807775816
0.5482745418919956,0.036211572807775816
0.5482745418919956,0.036211572807775816
0.5482745418919956,0.036211572807775816
0.5482745418919956,0.036211572807775816
0.5482745418919956,0.036211572807775816
0.5482745418919956,0.036211572807775816
0.5482745418919956,0.036211572807775816
0.5482745418919956,0.036211572807775816
0.5482745418919956,0.036211572807775816
0.5482745418919956,0.036211572807775816
0.5482745418919956,0.036211572807775816
0.5482745418919956,0.036211572807775816
0.5482745418919956,0.036211572807775816
0.5482745418919956,0.036211572807775816
0.5482745418919956,0.036211572807775816
0.5482745418919956,0.036211572807775816
0.5482745418919956,0.036211572807775816
0.5482745418919956,0.036211572807775816
0.5482745418919956,0.036211572807775816
0.5482745418919956,0.036211572807775816
0.5482745418919956,0.036211572807775816
0.5482745418919956,0.036211572807775816
0.5482745418919956,0.036211572807775816
0.5482745418919956,0.036211572807775816
0.5482745418919956,0.036211572807775816
0.5482745418919956,0.036211572807775816
0.5482745418919956,0.036211572807775816
0.5482745418919956,0.036211572807775816
0.5482745418919956,0.036211572807775816
0.5482745418919956,0.036211572807775816
0.5482745418919956,0.036211572807775816
0.5482745418919956,0.036211572807775816
0.5482745418919956,0.036211572807775816
0.5482745418919956,0.036211572807775816
0.5482745418919956,0.036211572807775816
0.5482745418919956,0.036211572807775816
0.5482745418919956,0.036211572807775816
0.5482745418919956,0.036211572807775816
0.5482745418919956,0.036211572807775816
0.5482745418919956,0.036211572807775816
0.5482745418919956,0.036211572807775816
0.5482745418919956,0.036211572807775816
0.5482745418919956,0.036211572807775816
0.5482745418919956,0.036211572807775816
0.5482745418919956,0.036211572807775816
0.5482745418919956,0.036211572807775816
0.5482745418919956,0.036211572807775816
0.5482745418919956,0.036211572807775816
0.5482745418919956,0.036211572807775816
0.5482745418919956,0.036211572807775816
0.5482745418919956,0.036211572807775816
0.5482745418919956,0.036211572807775816
0.5482745418919956,0.036211572807775816
0.5482745418919956,0.036211572807775816
0.5482745418919956,0.036211572807775816
0.5482745418919956,0.036211572807775816
0.5482745418919956,0.036211572807775816
0.5482745418919956,0.036211572807775816
0.5482745418919956,0.036211572807775816
0.5482745418919956,0.036211572807775816
0.5482745418919956,0.036211572807775816
0.5482745418919956,0.036211572807775816
0.5482745418919956,0.036211572807775816
0.5482745418919956,0.036211572807775816
0.5482745418919956,0.036211572807775816
0.5482745418919956,0.036211572807775816
0.5482745418919956,0.036211572807775816
0.5482745418919956,0.036211572807775816
0.5482745418919956,0.036211572807775816
0.5482745418919956,0.036211572807775816
0.5482745418919956,0.036211572807775816
0.5482745418919956,0.036211572807775816
0.5482745418919956,0.036211572807775816
0.5482745418919956,0.036211572807775816
0.5482745418919956,0.036211572807775816
0.5482745418919956,0.036211572807775816
0.5482745418919956,0.036211572807775816
0.5482745418919956,0.036211572807775816
0.5482745418919956,0.036211572807775816
0.5482745418919956,0.036211572807775816
0.5482745418919956,0.036211572807775816
0.5482745418919956,0.036211572807775816
0.5482745418919956,0.036211572807775816
0.5482745418919956,0.036211572807775816
0.5482745418919956,0.036211572807775816
0.5482745418919956,0.036211572807775816
0.5482745418919956,0.036211572807775816
0.5482745418919956,0.036211572807775816
0.5482745418919956,0.036211572807775816
0.5482745418919956,0.036211572807775816
0.5482745418919956,0.036211572807775816
0.5482745418919956,0.036211572807775816
0.5482745418919956,0.036211572807775816
0.5482745418919956,0.036211572807775816
0.5482745418919956,0.036211572807775816
0.5482745418919956,0.036211572807775816
0.5482745418919956,0.036211572807775816
0.5482745418919956,0.036211572807775816
0.5482745418919956,0.036211572807775816
0.5482745418919956,0.036211572807775816
0.5482745418919956,0.036211572807775816
0.5482745418919956,0.036211572807775816
0.5482745418919956,0.036211572807775816
0.5482745418919956,0.036211572807775816
0.5482745418919956,0.036211572807775816
0.5482745418919956,0.036211572807775816
0.5482745418919956,0.036211572807775816
0.5482745418919956,0.036211572807775816
0.5482745418919956,0.036211572807775816
0.5482745418919956,0.036211572807775816
0.5482745418919956,0.036211572807775816
0.5482745418919956,0.036211572807775816
0.5482745418919956,0.036211572807775816
0.5482745418919956,0.036211572807775816
0.5482745418919956,0.036211572807775816
0.5482745418919956,0.036211572807775816
0.5482745418919956,0.036211572807775816
0.5482745418919956,0.036211572807775816
0.5482745418919956,0.036211572807775816
0.5482745418919956,0.036211572807775816
0.5482745418919956,0.036211572807775816
0.5482745418919956,0.036211572807775816
0.5482745418919956,0.036211572807775816
0.5482745418919956,0.036211572807775816
0.5482745418919956,0.036211572807775816
0.5482745418919956,0.036211572807775816
0.5482745418919956,0.036211572807775816
0.5482745418919956,0.036211572807775816
0.5482745418919956,0.036211572807775816
0.5482745418919956,0.036211572807775816
0.5482745418919956,0.036211572807775816
0.5482745418919956,0.036211572807775816
0.5482745418919956,0.036211572807775816
0.5482745418919956,0.036211572807775816
0.5482745418919956,0.036211572807775816
0.5482745418919956,0.036211572807775816
0.5482745418919956,0.036211572807775816
0.5482745418919956,0.036211572807775816
0.5482745418919956,0.036211572807775816
0.5482745418919956,0.036211572807775816
0.5482745418919956,0.036211572807775816
0.5482745418919956,0.036211572807775816
0.5482745418919956,0.036211572807775816
0.5482745418919956,0.036211572807775816
0.5482745418919956,0.036211572807775816
0.5482745418919956,0.036211572807775816
0.5482745418919956,0.036211572807775816
0.5482745418919956,0.036211572807775816
0.5482745418919956,0.036211572807775816
0.5482745418919956,0.036211572807775816
0.5482745418919956,0.036211572807775816
0.5482745418919956,0.036211572807775816
0.5482745418919956,0.036211572807775816
0.5482745418919956,0.036211572807775816
0.5482745418919956,0.036211572807775816
0.5482745418919956,0.036211572807775816
0.5482745418919956,0.036211572807775816
0.5482745418919956,0.036211572807775816
0.5482745418919956,0.036211572807775816
0.5482745418919956,0.036211572807775816
0.5482745418919956,0.036211572807775816
0.5482745418919956,0.036211572807775816
0.5482745418919956,0.036211572807775816
0.5482745418919956,0.036211572807775816
0.5482745418919956,0.036211572807775816
0.5482745418919956,0.036211572807775816
0.5482745418919956,0.036211572807775816
0.5482745418919956,0.036211572807775816
0.5482745418919956,0.036211572807775816
0.5482745418919956,0.036211572807775816
0.5482745418919956,0.036211572807775816
0.5482745418919956,0.036211572807775816
0.5482745418919956,0.036211572807775816
0.5482745418919956,0.036211572807775816
0.5482745418919956,0.036211572807775816
0.5482745418919956,0.036211572807775816
0.5482745418919956,0.036211572807775816
0.5482745418919956,0.036211572807775816
0.5482745418919956,0.036211572807775816
0.5482745418919956,0.036211572807775816
0.5482745418919956,0.036211572807775816
0.5482745418919956,0.036211572807775816
0.5482745418919956,0.036211572807775816
0.5482745418919956,0.036211572807775816
0.5482745418919956,0.036211572807775816
0.5482745418919956,0.036211572807775816
0.5482745418919956,0.036211572807775816
0.5482745418919956,0.036211572807775816
0.5482745418919956,0.036211572807775816
0.5482745418919956,0.036211572807775816
0.5482745418919956,0.036211572807775816
0.5482745418919956,0.036211572807775816
0.5482745418919956,0.036211572807775816
0.5482745418919956,0.036211572807775816
0.5482745418919956,0.036211572807775816
0.5482745418919956,0.036211572807775816
0.5482745418919956,0.036211572807775816
0.5482745418919956,0.036211572807775816
0.5482745418919956,0.036211572807775816
0.5482745418919956,0.036211572807775816
0.5482745418919956,0.036211572807775816
0.5482745418919956,0.036211572807775816
0.5482745418919956,0.036211572807775816
0.5482745418919956,0.036211572807775816
0.5482745418919956,0.036211572807775816
0.5482745418919956,0.036211572807775816
0.5482745418919956,0.036211572807775816
0.5482745418919956,0.036211572807775816
0.5482745418919956,0.036211572807775816
0.5482745418919956,0.036211572807775816
0.5482745418919956,0.036211572807775816
0.5482745418919956,0.036211572807775816
0.5482745418919956,0.036211572807775816
0.5482745418919956,0.036211572807775816
0.5482745418919956,0.036211572807775816
0.5482745418919956,0.036211572807775816
0.5482745418919956,0.036211572807775816
0.5482745418919956,0.036211572807775816
0.5482745418919956,0.036211572807775816
0.5482745418919956,0.036211572807775816
0.5482745418919956,0.036211572807775816
0.5482745418919956,0.036211572807775816
0.5482745418919956,0.036211572807775816
0.5482745418919956,0.036211572807775816
0.5482745418919956,0.036211572807775816
0.5482745418919956,0.036211572807775816
0.5482745418919956,0.036211572807775816
0.5482745418919956,0.036211572807775816
0.5482745418919956,0.036211572807775816
0.5482745418919956,0.036211572807775816
0.5482745418919956,0.036211572807775816
0.5482745418919956,0.036211572807775816
0.5482745418919956,0.036211572807775816
0.5482745418919956,0.036211572807775816
0.5482745418919956,0.036211572807775816
0.5482745418919956,0.036211572807775816
0.5482745418919956,0.036211572807775816
0.5482745418919956,0.036211572807775816
0.5482745418919956,0.036211572807775816
0.5482745418919956,0.036211572807775816
0.5482745418919956,0.036211572807775816
0.5482745418919956,0.036211572807775816
0.5482745418919956,0.036211572807775816
0.5482745418919956,0.036211572807775816
0.5482745418919956,0.036211572807775816
0.5482745418919956,0.036211572807775816
0.5482745418919956,0.036211572807775816
0.5482745418919956,0.036211572807775816
0.5482745418919956,0.036211572807775816
0.5482745418919956,0.036211572807775816
0.5482745418919956,0.036211572807775816
0.5482745418919956,0.036211572807775816
0.5482745418919956,0.036211572807775816
0.5482745418919956,0.036211572807775816
0.5482745418919956,0.036211572807775816
0.5482745418919956,0.036211572807775816
0.5482745418919956,0.036211572807775816
0.5482745418919956,0.036211572807775816
0.5482745418919956,0.036211572807775816
0.5482745418919956,0.036211572807775816
0.5482745418919956,0.036211572807775816
0.5482745418919956,0.036211572807775816
0.5482745418919956,0.036211572807775816
0.5482745418919956,0.036211572807775816
0.5482745418919956,0.036211572807775816
0.5482745418919956,0.036211572807775816
0.5482745418919956,0.036211572807775816
0.5482745418919956,0.036211572807775816
0.5482745418919956,0.036211572807775816
0.5482745418919956,0.036211572807775816
0.5482745418919956,0.036211572807775816
0.5482745418919956,0.036211572807775816
0.5482745418919956,0.036211572807775816
0.5482745418919956,0.036211572807775816
0.5482745418919956,0.036211572807775816
0.5482745418919956,0.036211572807775816
0.5482745418919956,0.036211572807775816
0.5482745418919956,0.036211572807775816
0.5482745418919956,0.036211572807775816
0.5482745418919956,0.036211572807775816
0.5482745418919956,0.036211572807775816
0.5482745418919956,0.036211572807775816
0.5482745418919956,0.036211572807775816
0.5482745418919956,0.036211572807775816
0.5482745418919956,0.036211572807775816
0.5482745418919956,0.036211572807775816
0.5482745418919956,0.036211572807775816
0.5482745418919956,0.036211572807775816
0.5482745418919956,0.036211572807775816
0.5482745418919956,0.036211572807775816
0.5482745418919956,0.036211572807775816
0.5482745418919956,0.036211572807775816
0.5482745418919956,0.036211572807775816
0.5482745418919956,0.036211572807775816
0.5482745418919956,0.036211572807775816
0.5482745418919956,0.036211572807775816
0.5482745418919956,0.036211572807775816
0.5482745418919956,0.036211572807775816
0.5482745418919956,0.036211572807775816
0.5482745418919956,0.036211572807775816
0.5482745418919956,0.036211572807775816
0.5482745418919956,0.036211572807775816
0.5482745418919956,0.036211572807775816
0.5482745418919956,0.036211572807775816
0.5482745418919956,0.036211572807775816
0.5482745418919956,0.036211572807775816
0.5482745418919956,0.036211572807775816
0.5482745418919956,0.036211572807775816
0.5482745418919956,0.036211572807775816
0.5482745418919956,0.036211572807775816
0.5482745418919956,0.036211572807775816
0.5482745418919956,0.036211572807775816
0.5482745418919956,0.036211572807775816
0.5482745418919956,0.036211572807775816
0.5482745418919956,0.036211572807775816
0.5482745418919956,0.036211572807775816
0.5482745418919956,0.036211572807775816
0.5482745418919956,0.036211572807775816
0.5482745418919956,0.036211572807775816
0.5482745418919956,0.036211572807775816
0.5482745418919956,0.036211572807775816
0.5482745418919956,0.036211572807775816
0.5482745418919956,0.036211572807775816
0.5482745418919956,0.036211572807775816
0.5482745418919956,0.036211572807775816
0.5482745418919956,0.036211572807775816
0.5482745418919956,0.036211572807775816
0.5482745418919956,0.036211572807775816
0.5482745418919956,0.036211572807775816
0.5482745418919956,0.036211572807775816
0.5482745418919956,0.036211572807775816
0.5482745418919956,0.036211572807775816
0.5482745418919956,0.036211572807775816
0.5482745418919956,0.036211572807775816
0.5482745418919956,0.036211572807775816
0.5482745418919956,0.036211572807775816
0.5482745418919956,0.036211572807775816
0.5482745418919956,0.036211572807775816
0.5482745418919956,0.036211572807775816
0.5482745418919956,0.036211572807775816
0.5482745418919956,0.036211572807775816
0.5482745418919956,0.036211572807775816
0.5482745418919956,0.036211572807775816
0.5482745418919956,0.036211572807775816
0.5482745418919956,0.036211572807775816
0.5482745418919956,0.036211572807775816
0.5482745418919956,0.036211572807775816
0.5482745418919956,0.036211572807775816
0.5482745418919956,0.036211572807775816
0.5482745418919956,0.036211572807775816
0.5482745418919956,0.036211572807775816
0.5482745418919956,0.036211572807775816
0.5482745418919956,0.036211572807775816
0.5482745418919956,0.036211572807775816
0.5482745418919956,0.036211572807775816
0.5482745418919956,0.036211572807775816
0.5482745418919956,0.036211572807775816
0.5482745418919956,0.036211572807775816
0.5482745418919956,0.036211572807775816
0.5482745418919956,0.036211572807775816
0.5482745418919956,0.036211572807775816
0.5482745418919956,0.036211572807775816
0.5482745418919956,0.036211572807775816
0.5482745418919956,0.036211572807775816
0.5482745418919956,0.036211572807775816
0.5482745418919956,0.036211572807775816
0.5482745418919956,0.036211572807775816
0.5482745418919956,0.036211572807775816
0.5482745418919956,0.036211572807775816
0.5482745418919956,0.036211572807775816
0.5482745418919956,0.036211572807775816
0.5482745418919956,0.036211572807775816
0.5482745418919956,0.036211572807775816
0.5482745418919956,0.036211572807775816
0.5482745418919956,0.036211572807775816
0.5482745418919956,0.036211572807775816
0.5482745418919956,0.036211572807775816
0.5482745418919956,0.036211572807775816
0.5482745418919956,0.036211572807775816
0.5482745418919956,0.036211572807775816
0.5482745418919956,0.036211572807775816
0.5482745418919956,0.036211572807775816
0.5482745418919956,0.036211572807775816
0.5482745418919956,0.036211572807775816
0.5482745418919956,0.036211572807775816
0.5482745418919956,0.036211572807775816
0.5482745418919956,0.036211572807775816
0.5482745418919956,0.036211572807775816
0.5482745418919956,0.036211572807775816
0.5482745418919956,0.036211572807775816
0.5482745418919956,0.036211572807775816
0.5482745418919956,0.036211572807775816
0.5482745418919956,0.036211572807775816
0.5482745418919956,0.036211572807775816
0.5482745418919956,0.036211572807775816
0.5482745418919956,0.036211572807775816
0.5482745418919956,0.036211572807775816
0.5482745418919956,0.036211572807775816
0.5482745418919956,0.036211572807775816
0.5482745418919956,0.036211572807775816
0.5482745418919956,0.036211572807775816
0.5482745418919956,0.036211572807775816
0.5482745418919956,0.036211572807775816
0.5482745418919956,0.036211572807775816
0.5482745418919956,0.036211572807775816
0.5482745418919956,0.036211572807775816
0.5482745418919956,0.036211572807775816
0.5482745418919956,0.036211572807775816
0.5482745418919956,0.036211572807775816
0.5482745418919956,0.036211572807775816
0.5482745418919956,0.036211572807775816
0.5482745418919956,0.036211572807775816
0.5482745418919956,0.036211572807775816
0.5482745418919956,0.036211572807775816
0.5482745418919956,0.036211572807775816
0.5482745418919956,0.036211572807775816
0.5482745418919956,0.036211572807775816
0.5482745418919956,0.036211572807775816
0.5482745418919956,0.036211572807775816
0.5482745418919956,0.036211572807775816
0.5482745418919956,0.036211572807775816
0.5482745418919956,0.036211572807775816
0.5482745418919956,0.036211572807775816
0.5482745418919956,0.036211572807775816
0.5482745418919956,0.036211572807775816
0.5482745418919956,0.036211572807775816
0.5482745418919956,0.036211572807775816
0.5482745418919956,0.036211572807775816
0.5482745418919956,0.036211572807775816
0.5482745418919956,0.036211572807775816
0.5482745418919956,0.036211572807775816
0.5482745418919956,0.036211572807775816
0.5482745418919956,0.036211572807775816
0.5482745418919956,0.036211572807775816
0.5482745418919956,0.036211572807775816
0.5482745418919956,0.036211572807775816
0.5482745418919956,0.036211572807775816
0.5482745418919956,0.036211572807775816
0.5482745418919956,0.036211572807775816
0.5482745418919956,0.036211572807775816
0.5482745418919956,0.036211572807775816
0.5482745418919956,0.036211572807775816
0.5482745418919956,0.036211572807775816
0.5482745418919956,0.036211572807775816
0.5482745418919956,0.036211572807775816
0.5482745418919956,0.036211572807775816
0.5482745418919956,0.036211572807775816
0.5482745418919956,0.036211572807775816
0.5482745418919956,0.036211572807775816
0.5482745418919956,0.036211572807775816
0.5482745418919956,0.036211572807775816
0.5482745418919956,0.036211572807775816
0.5482745418919956,0.036211572807775816
0.5482745418919956,0.036211572807775816
0.5482745418919956,0.036211572807775816
0.5482745418919956,0.036211572807775816
0.5482745418919956,0.036211572807775816
0.5482745418919956,0.036211572807775816
0.5482745418919956,0.036211572807775816
0.5482745418919956,0.036211572807775816
0.5482745418919956,0.036211572807775816
0.5482745418919956,0.036211572807775816
0.5482745418919956,0.036211572807775816
0.5482745418919956,0.036211572807775816
0.5482745418919956,0.036211572807775816
0.5482745418919956,0.036211572807775816
0.5482745418919956,0.036211572807775816
0.5482745418919956,0.036211572807775816
0.5482745418919956,0.036211572807775816
0.5482745418919956,0.036211572807775816
0.5482745418919956,0.036211572807775816
0.5482745418919956,0.036211572807775816
0.5482745418919956,0.036211572807775816
0.5482745418919956,0.036211572807775816
0.5482745418919956,0.036211572807775816
0.5482745418919956,0.036211572807775816
0.5482745418919956,0.036211572807775816
0.5482745418919956,0.036211572807775816
0.5482745418919956,0.036211572807775816
0.5482745418919956,0.036211572807775816
0.5482745418919956,0.036211572807775816
0.5482745418919956,0.036211572807775816
0.5482745418919956,0.036211572807775816
0.5482745418919956,0.036211572807775816
0.5482745418919956,0.036211572807775816
0.5482745418919956,0.036211572807775816
0.5482745418919956,0.036211572807775816
0.5482745418919956,0.036211572807775816
0.5482745418919956,0.036211572807775816
0.5482745418919956,0.036211572807775816
0.5482745418919956,0.036211572807775816
0.5482745418919956,0.036211572807775816
0.5482745418919956,0.036211572807775816
0.5482745418919956,0.036211572807775816
0.5482745418919956,0.036211572807775816
0.5482745418919956,0.036211572807775816
0.5482745418919956,0.036211572807775816
0.5482745418919956,0.036211572807775816
0.5482745418919956,0.036211572807775816
0.5482745418919956,0.036211572807775816
0.5482745418919956,0.036211572807775816
0.5482745418919956,0.036211572807775816
0.5482745418919956,0.036211572807775816
0.5482745418919956,0.036211572807775816
0.5482745418919956,0.036211572807775816
0.5482745418919956,0.036211572807775816
0.5482745418919956,0.036211572807775816
0.5482745418919956,0.036211572807775816
0.5482745418919956,0.036211572807775816
0.5482745418919956,0.036211572807775816
0.5482745418919956,0.036211572807775816
0.5482745418919956,0.036211572807775816
0.5482745418919956,0.036211572807775816
0.5482745418919956,0.036211572807775816
0.5482745418919956,0.036211572807775816
0.5482745418919956,0.036211572807775816
0.5482745418919956,0.036211572807775816
0.5482745418919956,0.036211572807775816
0.5482745418919956,0.036211572807775816
0.5482745418919956,0.036211572807775816
0.5482745418919956,0.036211572807775816
0.5482745418919956,0.036211572807775816
0.5482745418919956,0.036211572807775816
0.5482745418919956,0.036211572807775816
0.5482745418919956,0.036211572807775816
0.5482745418919956,0.036211572807775816
0.5482745418919956,0.036211572807775816
0.5482745418919956,0.036211572807775816
0.5482745418919956,0.036211572807775816
0.5482745418919956,0.036211572807775816
0.5482745418919956,0.036211572807775816
0.5482745418919956,0.036211572807775816
0.5482745418919956,0.036211572807775816
0.5482745418919956,0.036211572807775816
0.5482745418919956,0.036211572807775816
0.5482745418919956,0.036211572807775816
0.5482745418919956,0.036211572807775816
0.5482745418919956,0.036211572807775816
0.5482745418919956,0.036211572807775816
0.5482745418919956,0.036211572807775816
0.5482745418919956,0.036211572807775816
0.5482745418919956,0.036211572807775816
0.5482745418919956,0.036211572807775816
0.5482745418919956,0.036211572807775816
0.5482745418919956,0.036211572807775816
0.5482745418919956,0.036211572807775816
0.5482745418919956,0.036211572807775816
0.5482745418919956,0.036211572807775816
0.5482745418919956,0.036211572807775816
0.5482745418919956,0.036211572807775816
0.5482745418919956,0.036211572807775816
0.5482745418919956,0.036211572807775816
0.5482745418919956,0.036211572807775816
0.5482745418919956,0.036211572807775816
0.5482745418919956,0.036211572807775816
0.5482745418919956,0.036211572807775816
0.5482745418919956,0.036211572807775816
0.5482745418919956,0.036211572807775816
0.5482745418919956,0.036211572807775816
0.5482745418919956,0.036211572807775816
0.5482745418919956,0.036211572807775816
0.5482745418919956,0.036211572807775816
0.5482745418919956,0.036211572807775816
0.5482745418919956,0.036211572807775816
0.5482745418919956,0.036211572807775816
0.5482745418919956,0.036211572807775816
0.5482745418919956,0.036211572807775816
0.5482745418919956,0.036211572807775816
0.5482745418919956,0.036211572807775816
0.5482745418919956,0.036211572807775816
0.5482745418919956,0.036211572807775816
0.5482745418919956,0.036211572807775816
0.5482745418919956,0.036211572807775816
0.5482745418919956,0.036211572807775816
0.5482745418919956,0.036211572807775816
0.5482745418919956,0.036211572807775816
0.5482745418919956,0.036211572807775816
0.5482745418919956,0.036211572807775816
0.5482745418919956,0.036211572807775816
0.5482745418919956,0.036211572807775816
0.5482745418919956,0.036211572807775816
0.5482745418919956,0.036211572807775816
0.5482745418919956,0.036211572807775816
0.5482745418919956,0.036211572807775816
0.5482745418919956,0.036211572807775816
0.5482745418919956,0.036211572807775816
0.5482745418919956,0.036211572807775816
0.5482745418919956,0.036211572807775816
0.5482745418919956,0.036211572807775816
0.5482745418919956,0.036211572807775816
0.5482745418919956,0.036211572807775816
0.5482745418919956,0.036211572807775816
0.5482745418919956,0.036211572807775816
0.5482745418919956,0.036211572807775816
0.5482745418919956,0.036211572807775816
0.5482745418919956,0.036211572807775816
0.5482745418919956,0.036211572807775816
0.5482745418919956,0.036211572807775816
0.5482745418919956,0.036211572807775816
0.5482745418919956,0.036211572807775816
0.5482745418919956,0.036211572807775816
0.5482745418919956,0.036211572807775816
0.5482745418919956,0.036211572807775816
0.5482745418919956,0.036211572807775816
0.5482745418919956,0.036211572807775816
0.5482745418919956,0.036211572807775816
0.5482745418919956,0.036211572807775816
0.5482745418919956,0.036211572807775816
0.5482745418919956,0.036211572807775816
0.5482745418919956,0.036211572807775816
0.5482745418919956,0.036211572807775816
0.5482745418919956,0.036211572807775816
0.5482745418919956,0.036211572807775816
0.5482745418919956,0.036211572807775816
0.5482745418919956,0.036211572807775816
0.5482745418919956,0.036211572807775816
0.5482745418919956,0.036211572807775816
0.5482745418919956,0.036211572807775816
0.5482745418919956,0.036211572807775816
0.5482745418919956,0.036211572807775816
0.5482745418919956,0.036211572807775816
0.5482745418919956,0.036211572807775816
0.5482745418919956,0.036211572807775816
0.5482745418919956,0.036211572807775816
0.5482745418919956,0.036211572807775816
0.5482745418919956,0.036211572807775816
0.5482745418919956,0.036211572807775816
0.5482745418919956,0.036211572807775816
0.5482745418919956,0.036211572807775816
0.5482745418919956,0.036211572807775816
0.5482745418919956,0.036211572807775816
0.5482745418919956,0.036211572807775816
0.5482745418919956,0.036211572807775816
0.5482745418919956,0.036211572807775816
0.5482745418919956,0.036211572807775816
0.5482745418919956,0.036211572807775816
0.5482745418919956,0.036211572807775816
0.5482745418919956,0.036211572807775816
0.5482745418919956,0.036211572807775816
0.5482745418919956,0.036211572807775816
0.5482745418919956,0.036211572807775816
0.5482745418919956,0.036211572807775816
0.5482745418919956,0.036211572807775816
0.5482745418919956,0.036211572807775816
0.5482745418919956,0.036211572807775816
0.5482745418919956,0.036211572807775816
0.5482745418919956,0.036211572807775816
0.5482745418919956,0.036211572807775816
0.5482745418919956,0.036211572807775816
0.5482745418919956,0.036211572807775816
0.5482745418919956,0.036211572807775816
0.5482745418919956,0.036211572807775816
0.5482745418919956,0.036211572807775816
0.5482745418919956,0.036211572807775816
0.5482745418919956,0.036211572807775816
0.5482745418919956,0.036211572807775816
0.5482745418919956,0.036211572807775816
0.5482745418919956,0.036211572807775816
0.5482745418919956,0.036211572807775816
0.5482745418919956,0.036211572807775816
0.5482745418919956,0.036211572807775816
0.5482745418919956,0.036211572807775816
0.5482745418919956,0.036211572807775816
0.5482745418919956,0.036211572807775816
0.5482745418919956,0.036211572807775816
0.5482745418919956,0.036211572807775816
0.5482745418919956,0.036211572807775816
0.5482745418919956,0.036211572807775816
0.5482745418919956,0.036211572807775816
0.5482745418919956,0.036211572807775816
0.5482745418919956,0.036211572807775816
0.5482745418919956,0.036211572807775816
0.5482745418919956,0.036211572807775816
0.5482745418919956,0.036211572807775816
0.5482745418919956,0.036211572807775816
0.5482745418919956,0.036211572807775816
0.5482745418919956,0.036211572807775816
0.5482745418919956,0.036211572807775816
0.5482745418919956,0.036211572807775816
0.5482745418919956,0.036211572807775816
0.5482745418919956,0.036211572807775816
0.5482745418919956,0.036211572807775816
0.5482745418919956,0.036211572807775816
0.5482745418919956,0.036211572807775816
0.5482745418919956,0.036211572807775816
0.5482745418919956,0.036211572807775816
0.5482745418919956,0.036211572807775816
0.5482745418919956,0.036211572807775816
0.5482745418919956,0.036211572807775816
0.5482745418919956,0.036211572807775816
0.5482745418919956,0.036211572807775816
0.5482745418919956,0.036211572807775816
0.5482745418919956,0.036211572807775816
0.5482745418919956,0.036211572807775816
0.5482745418919956,0.036211572807775816
0.5482745418919956,0.036211572807775816
0.5482745418919956,0.036211572807775816
0.5482745418919956,0.036211572807775816
0.5482745418919956,0.036211572807775816
0.5482745418919956,0.036211572807775816
0.5482745418919956,0.036211572807775816
0.5482745418919956,0.036211572807775816
0.5482745418919956,0.036211572807775816
0.5482745418919956,0.036211572807775816
0.5482745418919956,0.036211572807775816
0.5482745418919956,0.036211572807775816
0.5482745418919956,0.036211572807775816
0.5482745418919956,0.036211572807775816
0.5482745418919956,0.036211572807775816
0.5482745418919956,0.036211572807775816
0.5482745418919956,0.036211572807775816
0.5482745418919956,0.036211572807775816
0.5482745418919956,0.036211572807775816
0.5482745418919956,0.036211572807775816
0.5482745418919956,0.036211572807775816
0.5482745418919956,0.036211572807775816
0.5482745418919956,0.036211572807775816
0.5482745418919956,0.036211572807775816
0.5482745418919956,0.036211572807775816
0.5482745418919956,0.036211572807775816
0.5482745418919956,0.036211572807775816
0.5482745418919956,0.036211572807775816
0.5482745418919956,0.036211572807775816
0.5482745418919956,0.036211572807775816
0.5482745418919956,0.036211572807775816
0.5482745418919956,0.036211572807775816
0.5482745418919956,0.036211572807775816
0.5482745418919956,0.036211572807775816
0.5482745418919956,0.036211572807775816
0.5482745418919956,0.036211572807775816
0.5482745418919956,0.036211572807775816
0.5482745418919956,0.036211572807775816
0.5482745418919956,0.036211572807775816
0.5482745418919956,0.036211572807775816
0.5482745418919956,0.036211572807775816
0.5482745418919956,0.036211572807775816
0.5482745418919956,0.036211572807775816
0.5482745418919956,0.036211572807775816
0.5482745418919956,0.036211572807775816
0.5482745418919956,0.036211572807775816
0.5482745418919956,0.036211572807775816
0.5482745418919956,0.036211572807775816
0.5482745418919956,0.036211572807775816
0.5482745418919956,0.036211572807775816
0.5482745418919956,0.036211572807775816
0.5482745418919956,0.036211572807775816
0.5482745418919956,0.036211572807775816
0.5482745418919956,0.036211572807775816
0.5482745418919956,0.036211572807775816
0.5482745418919956,0.036211572807775816
0.5482745418919956,0.036211572807775816
0.5482745418919956,0.036211572807775816
0.5482745418919956,0.036211572807775816
0.5482745418919956,0.036211572807775816
0.5482745418919956,0.036211572807775816
0.5482745418919956,0.036211572807775816
0.5482745418919956,0.036211572807775816
0.5482745418919956,0.036211572807775816
0.5482745418919956,0.036211572807775816
0.5482745418919956,0.036211572807775816
0.5482745418919956,0.036211572807775816
0.5482745418919956,0.036211572807775816
0.5482745418919956,0.036211572807775816
0.5482745418919956,0.036211572807775816
0.5482745418919956,0.036211572807775816
0.5482745418919956,0.036211572807775816
0.5482745418919956,0.036211572807775816
0.5482745418919956,0.036211572807775816
0.5482745418919956,0.036211572807775816
0.5482745418919956,0.036211572807775816
0.5482745418919956,0.036211572807775816
0.5482745418919956,0.036211572807775816
0.5482745418919956,0.036211572807775816
0.5482745418919956,0.036211572807775816
0.5482745418919956,0.036211572807775816
0.5482745418919956,0.036211572807775816
0.5482745418919956,0.036211572807775816
0.5482745418919956,0.036211572807775816
0.5482745418919956,0.036211572807775816
0.5482745418919956,0.036211572807775816
0.5482745418919956,0.036211572807775816
0.5482745418919956,0.036211572807775816
0.5482745418919956,0.036211572807775816
0.5482745418919956,0.036211572807775816
0.5482745418919956,0.036211572807775816
0.5482745418919956,0.036211572807775816
0.5482745418919956,0.036211572807775816
0.5482745418919956,0.036211572807775816
0.5482745418919956,0.036211572807775816
0.5482745418919956,0.036211572807775816
0.5482745418919956,0.036211572807775816
0.5482745418919956,0.036211572807775816
0.5482745418919956,0.036211572807775816
0.5482745418919956,0.036211572807775816
0.5482745418919956,0.036211572807775816
0.5482745418919956,0.036211572807775816
0.5482745418919956,0.036211572807775816
0.5482745418919956,0.036211572807775816
0.5482745418919956,0.036211572807775816
0.5482745418919956,0.036211572807775816
0.5482745418919956,0.036211572807775816
0.5482745418919956,0.036211572807775816
0.5482745418919956,0.036211572807775816
0.5482745418919956,0.036211572807775816
0.5482745418919956,0.036211572807775816
0.5482669635611193,0.036211572807775816
0.5482669635611193,0.036211572807775816
0.5482669635611193,0.036211572807775816
0.5482669635611193,0.036211572807775816
0.5482669635611193,0.036211572807775816
0.5482669635611193,0.036211572807775816
0.5482669635611193,0.036211572807775816
0.5482669635611193,0.036211572807775816
0.5482669635611193,0.036211572807775816
0.5482669635611193,0.036211572807775816
0.5482669635611193,0.036211572807775816
0.5482669635611193,0.036211572807775816
0.5482669635611193,0.036211572807775816
0.5482669635611193,0.036211572807775816
0.5482669635611193,0.036211572807775816
0.5482669635611193,0.036211572807775816
0.5482669635611193,0.036211572807775816
0.5482669635611193,0.036211572807775816
0.5482669635611193,0.036211572807775816
0.5482669635611193,0.036211572807775816
0.5482669635611193,0.036211572807775816
0.5482669635611193,0.036211572807775816
0.5482669635611193,0.036211572807775816
0.5482669635611193,0.036211572807775816
0.5482669635611193,0.036211572807775816
0.5482669635611193,0.036211572807775816
0.5482669635611193,0.036211572807775816
0.5482669635611193,0.036211572807775816
0.5482669635611193,0.036211572807775816
0.5482669635611193,0.036211572807775816
0.5482669635611193,0.036211572807775816
0.5482669635611193,0.036211572807775816
0.5482669635611193,0.036211572807775816
0.5482669635611193,0.036211572807775816
0.5482669635611193,0.036211572807775816
0.5482669635611193,0.036211572807775816
0.5482669635611193,0.036211572807775816
0.5482669635611193,0.036211572807775816
0.5482669635611193,0.036211572807775816
0.5482669635611193,0.036211572807775816
0.5482669635611193,0.036211572807775816
0.5482669635611193,0.036211572807775816
0.5482669635611193,0.036211572807775816
0.5482669635611193,0.036211572807775816
0.5482669635611193,0.036211572807775816
0.5482669635611193,0.036211572807775816
0.5482669635611193,0.036211572807775816
0.5482669635611193,0.036211572807775816
0.5482669635611193,0.036211572807775816
0.5482669635611193,0.036211572807775816
0.5482669635611193,0.036211572807775816
0.5482669635611193,0.036211572807775816
0.5482669635611193,0.036211572807775816
0.5482669635611193,0.036211572807775816
0.5482669635611193,0.036211572807775816
0.5482669635611193,0.036211572807775816
0.5482669635611193,0.036211572807775816
0.5482669635611193,0.036211572807775816
0.5482669635611193,0.036211572807775816
0.5482669635611193,0.036211572807775816
0.5482669635611193,0.036211572807775816
0.5482669635611193,0.036211572807775816
0.5482669635611193,0.036211572807775816
0.5482669635611193,0.036211572807775816
0.5482669635611193,0.036211572807775816
0.5482669635611193,0.036211572807775816
0.5482669635611193,0.036211572807775816
0.5482669635611193,0.036211572807775816
0.5482669635611193,0.036211572807775816
0.5482669635611193,0.036211572807775816
0.5482669635611193,0.036211572807775816
0.5482669635611193,0.036211572807775816
0.5482669635611193,0.036211572807775816
0.5482669635611193,0.036211572807775816
0.5482669635611193,0.036211572807775816
0.5482669635611193,0.036211572807775816
0.5482669635611193,0.036211572807775816
0.5482669635611193,0.036211572807775816
0.5482669635611193,0.036211572807775816
0.5482669635611193,0.036211572807775816
0.5482669635611193,0.036211572807775816
0.5482669635611193,0.036211572807775816
0.5482669635611193,0.036211572807775816
0.5482669635611193,0.036211572807775816
0.5482669635611193,0.036211572807775816
0.5482669635611193,0.036211572807775816
0.5482669635611193,0.036211572807775816
0.5482669635611193,0.036211572807775816
0.5482669635611193,0.036211572807775816
0.5482669635611193,0.036211572807775816
0.5482669635611193,0.036211572807775816
0.5482669635611193,0.036211572807775816
0.5482669635611193,0.036211572807775816
0.5482669635611193,0.036211572807775816
0.5482669635611193,0.036211572807775816
0.5482669635611193,0.036211572807775816
0.5482669635611193,0.036211572807775816
0.5482669635611193,0.036211572807775816
0.5482669635611193,0.036211572807775816
0.5482669635611193,0.036211572807775816
0.5482669635611193,0.036211572807775816
0.5482669635611193,0.036211572807775816
0.5482669635611193,0.036211572807775816
0.5482669635611193,0.036211572807775816
0.5482669635611193,0.036211572807775816
0.5482669635611193,0.036211572807775816
0.5482669635611193,0.036211572807775816
0.5482669635611193,0.036211572807775816
0.5482669635611193,0.036211572807775816
0.5482669635611193,0.036211572807775816
0.5482669635611193,0.036211572807775816
0.5482669635611193,0.036211572807775816
0.5482669635611193,0.036211572807775816
0.5482669635611193,0.036211572807775816
0.5482669635611193,0.036211572807775816
0.5482669635611193,0.036211572807775816
0.5482669635611193,0.036211572807775816
0.5482669635611193,0.036211572807775816
0.5482669635611193,0.036211572807775816
0.5482669635611193,0.036211572807775816
0.5482669635611193,0.036211572807775816
0.5482669635611193,0.036211572807775816
0.5482669635611193,0.036211572807775816
0.5482669635611193,0.036211572807775816
0.5482669635611193,0.036211572807775816
0.5482669635611193,0.036211572807775816
0.5482669635611193,0.036211572807775816
0.5482669635611193,0.036211572807775816
0.5482669635611193,0.036211572807775816
0.5482669635611193,0.036211572807775816
0.5482669635611193,0.036211572807775816
0.5482669635611193,0.036211572807775816
0.5482669635611193,0.036211572807775816
0.5482669635611193,0.036211572807775816
0.5482669635611193,0.036211572807775816
0.5482669635611193,0.036211572807775816
0.5482669635611193,0.036211572807775816
0.5482669635611193,0.036211572807775816
0.5482669635611193,0.036211572807775816
0.5482669635611193,0.036211572807775816
0.5482669635611193,0.036211572807775816
0.5482669635611193,0.036211572807775816
0.5482669635611193,0.036211572807775816
0.5482669635611193,0.036211572807775816
0.5482669635611193,0.036211572807775816
0.5482669635611193,0.036211572807775816
0.5482669635611193,0.036211572807775816
0.5482669635611193,0.036211572807775816
0.5482669635611193,0.036211572807775816
0.5482669635611193,0.036211572807775816
0.5482669635611193,0.036211572807775816
0.5482669635611193,0.036211572807775816
0.5482669635611193,0.036211572807775816
0.5482669635611193,0.036211572807775816
0.5482669635611193,0.036211572807775816
0.5482669635611193,0.036211572807775816
0.5482669635611193,0.036211572807775816
0.5482669635611193,0.036211572807775816
0.5482669635611193,0.036211572807775816
0.5482669635611193,0.036211572807775816
0.5482669635611193,0.036211572807775816
0.5482669635611193,0.036211572807775816
0.5482669635611193,0.036211572807775816
0.5482669635611193,0.036211572807775816
0.5482669635611193,0.036211572807775816
0.5482669635611193,0.036211572807775816
0.5482669635611193,0.036211572807775816
0.5482669635611193,0.036211572807775816
0.5482669635611193,0.036211572807775816
0.5482669635611193,0.036211572807775816
0.5482669635611193,0.036211572807775816
0.5482669635611193,0.036211572807775816
0.5482669635611193,0.036211572807775816
0.5482669635611193,0.036211572807775816
0.5482669635611193,0.036211572807775816
0.5482669635611193,0.036211572807775816
0.5482669635611193,0.036211572807775816
0.5482669635611193,0.036211572807775816
0.5482669635611193,0.036211572807775816
0.5482669635611193,0.036211572807775816
0.5482669635611193,0.036211572807775816
0.5482669635611193,0.036211572807775816
0.5482669635611193,0.036211572807775816
0.5482669635611193,0.036211572807775816
0.5482669635611193,0.036211572807775816
0.5482669635611193,0.036211572807775816
0.5482669635611193,0.036211572807775816
0.5482669635611193,0.036211572807775816
0.5482669635611193,0.036211572807775816
0.5482669635611193,0.036211572807775816
0.5482669635611193,0.036211572807775816
0.5482669635611193,0.036211572807775816
0.5482669635611193,0.036211572807775816
0.5482669635611193,0.036211572807775816
0.5482669635611193,0.036211572807775816
0.5482669635611193,0.036211572807775816
0.5482669635611193,0.036211572807775816
0.5482669635611193,0.036211572807775816
0.5482669635611193,0.036211572807775816
0.5482669635611193,0.036211572807775816
0.5482669635611193,0.036211572807775816
0.5482669635611193,0.036211572807775816
0.5482669635611193,0.036211572807775816
0.5482669635611193,0.036211572807775816
0.5482669635611193,0.036211572807775816
0.5482669635611193,0.036211572807775816
0.5482669635611193,0.036211572807775816
0.5482669635611193,0.036211572807775816
0.5482669635611193,0.036211572807775816
0.5482669635611193,0.036211572807775816
0.5482669635611193,0.036211572807775816
0.5482669635611193,0.036211572807775816
0.5482669635611193,0.036211572807775816
0.5482669635611193,0.036211572807775816
0.5482669635611193,0.036211572807775816
0.5482669635611193,0.036211572807775816
0.5482669635611193,0.036211572807775816
0.5482669635611193,0.036211572807775816
0.5482669635611193,0.036211572807775816
0.5482669635611193,0.036211572807775816
0.5482669635611193,0.036211572807775816
0.5482669635611193,0.036211572807775816
0.5482669635611193,0.036211572807775816
0.5482669635611193,0.036211572807775816
0.5482669635611193,0.036211572807775816
0.5482669635611193,0.036211572807775816
0.5482669635611193,0.036211572807775816
0.5482669635611193,0.036211572807775816
0.5482669635611193,0.036211572807775816
0.5482669635611193,0.036211572807775816
0.5482669635611193,0.036211572807775816
0.5482669635611193,0.036211572807775816
0.5482669635611193,0.036211572807775816
0.5482669635611193,0.036211572807775816
0.5482669635611193,0.036211572807775816
0.5482669635611193,0.036211572807775816
0.5482669635611193,0.036211572807775816
0.5482669635611193,0.036211572807775816
0.5482669635611193,0.036211572807775816
0.5482669635611193,0.036211572807775816
0.5482669635611193,0.036211572807775816
0.5482669635611193,0.036211572807775816
0.5482669635611193,0.036211572807775816
0.5482669635611193,0.036211572807775816
0.5482669635611193,0.036211572807775816
0.5482669635611193,0.036211572807775816
0.5482669635611193,0.036211572807775816
0.5482669635611193,0.036211572807775816
0.5482669635611193,0.036211572807775816
0.5482669635611193,0.036211572807775816
0.5482669635611193,0.036211572807775816
0.5482669635611193,0.036211572807775816
0.5482669635611193,0.036211572807775816
0.5482669635611193,0.036211572807775816
0.5482669635611193,0.036211572807775816
0.5482669635611193,0.036211572807775816
0.5482669635611193,0.036211572807775816
0.5482669635611193,0.036211572807775816
0.5482669635611193,0.036211572807775816
0.5482669635611193,0.036211572807775816
0.5482669635611193,0.036211572807775816
0.5482669635611193,0.036211572807775816
0.5482669635611193,0.036211572807775816
0.5482669635611193,0.036211572807775816
0.5482669635611193,0.036211572807775816
0.5482669635611193,0.036211572807775816
0.5482669635611193,0.036211572807775816
0.5482669635611193,0.036211572807775816
0.5482669635611193,0.036211572807775816
0.5482669635611193,0.036211572807775816
0.5482669635611193,0.036211572807775816
0.5482669635611193,0.036211572807775816
0.5482669635611193,0.036211572807775816
0.5482669635611193,0.036211572807775816
0.5482669635611193,0.036211572807775816
0.5482669635611193,0.036211572807775816
0.5482669635611193,0.036211572807775816
0.5482669635611193,0.036211572807775816
0.5482669635611193,0.036211572807775816
0.5482669635611193,0.036211572807775816
0.5482669635611193,0.036211572807775816
0.5482669635611193,0.036211572807775816
0.5482669635611193,0.036211572807775816
0.5482515113489522,0.036211572807775816
0.5482515113489522,0.036211572807775816
0.5482515113489522,0.036211572807775816
0.5482515113489522,0.036211572807775816
0.5482515113489522,0.036211572807775816
0.5482515113489522,0.036211572807775816
0.5482515113489522,0.036211572807775816
0.5482515113489522,0.036211572807775816
0.5482515113489522,0.036211572807775816
0.5482515113489522,0.036211572807775816
0.5482515113489522,0.036211572807775816
0.5482515113489522,0.036211572807775816
0.5482515113489522,0.036211572807775816
0.5482515113489522,0.036211572807775816
0.5482515113489522,0.036211572807775816
0.5482515113489522,0.036211572807775816
0.5482515113489522,0.036211572807775816
0.5482515113489522,0.036211572807775816
0.5482515113489522,0.036211572807775816
0.5482515113489522,0.036211572807775816
0.5482515113489522,0.036211572807775816
0.5482515113489522,0.036211572807775816
0.5482515113489522,0.036211572807775816
0.5482515113489522,0.036211572807775816
0.5482515113489522,0.036211572807775816
0.5482515113489522,0.036211572807775816
0.5482515113489522,0.036211572807775816
0.5482515113489522,0.036211572807775816
0.5482515113489522,0.036211572807775816
0.5482515113489522,0.036211572807775816
0.5482515113489522,0.036211572807775816
0.5482515113489522,0.036211572807775816
0.5482515113489522,0.036211572807775816
0.5482515113489522,0.036211572807775816
0.5482515113489522,0.036211572807775816
0.5482515113489522,0.036211572807775816
0.5482515113489522,0.036211572807775816
0.5482515113489522,0.036211572807775816
0.5482515113489522,0.036211572807775816
0.5482515113489522,0.036211572807775816
0.5482515113489522,0.036211572807775816
0.5482515113489522,0.036211572807775816
0.5482515113489522,0.036211572807775816
0.5482515113489522,0.036211572807775816
0.5482515113489522,0.036211572807775816
0.5482515113489522,0.036211572807775816
0.5482515113489522,0.036211572807775816
0.5482515113489522,0.036211572807775816
0.5482515113489522,0.036211572807775816
0.5482515113489522,0.036211572807775816
0.5482515113489522,0.036211572807775816
0.5482515113489522,0.036211572807775816
0.5482515113489522,0.036211572807775816
0.5482515113489522,0.036211572807775816
0.5482515113489522,0.036211572807775816
0.5482515113489522,0.036211572807775816
0.5482515113489522,0.036211572807775816
0.5482515113489522,0.036211572807775816
0.5482515113489522,0.036211572807775816
0.5482515113489522,0.036211572807775816
0.5482515113489522,0.036211572807775816
0.5482515113489522,0.036211572807775816
0.5482515113489522,0.036211572807775816
0.5482515113489522,0.036211572807775816
0.5482515113489522,0.036211572807775816
0.5482515113489522,0.036211572807775816
0.5482515113489522,0.036211572807775816
0.5482515113489522,0.036211572807775816
0.5482515113489522,0.036211572807775816
0.5482515113489522,0.036211572807775816
0.5482515113489522,0.036211572807775816
0.5482515113489522,0.036211572807775816
0.5482515113489522,0.036211572807775816
0.5482515113489522,0.036211572807775816
0.5482515113489522,0.036211572807775816
0.5482515113489522,0.036211572807775816
0.5482515113489522,0.036211572807775816
0.5482515113489522,0.036211572807775816
0.5482515113489522,0.036211572807775816
0.5482515113489522,0.036211572807775816
0.5482515113489522,0.036211572807775816
0.5482515113489522,0.036211572807775816
0.5482515113489522,0.036211572807775816
0.5482515113489522,0.036211572807775816
0.5482515113489522,0.036211572807775816
0.5482515113489522,0.036211572807775816
0.5482515113489522,0.036211572807775816
0.5482515113489522,0.036211572807775816
0.5482515113489522,0.036211572807775816
0.5482515113489522,0.036211572807775816
0.5482515113489522,0.036211572807775816
0.5482515113489522,0.036211572807775816
0.5482515113489522,0.036211572807775816
0.5482515113489522,0.036211572807775816
0.5482515113489522,0.036211572807775816
0.5482515113489522,0.036211572807775816
0.5482515113489522,0.036211572807775816
0.5482515113489522,0.036211572807775816
0.5482515113489522,0.036211572807775816
0.5482515113489522,0.036211572807775816
0.5482515113489522,0.036211572807775816
0.5482515113489522,0.036211572807775816
0.5482515113489522,0.036211572807775816
0.5482515113489522,0.036211572807775816
0.5482515113489522,0.036211572807775816
0.5482515113489522,0.036211572807775816
0.5482515113489522,0.036211572807775816
0.5482515113489522,0.036211572807775816
0.5482515113489522,0.036211572807775816
0.5482515113489522,0.036211572807775816
0.5482515113489522,0.036211572807775816
0.5482515113489522,0.036211572807775816
0.5482515113489522,0.036211572807775816
0.5482515113489522,0.036211572807775816
0.5482515113489522,0.036211572807775816
0.5482515113489522,0.036211572807775816
0.5482515113489522,0.036211572807775816
0.5482515113489522,0.036211572807775816
0.5482515113489522,0.036211572807775816
0.5482515113489522,0.036211572807775816
0.5482515113489522,0.036211572807775816
0.5482515113489522,0.036211572807775816
0.5482515113489522,0.036211572807775816
0.5482515113489522,0.036211572807775816
0.5482515113489522,0.036211572807775816
0.5482515113489522,0.036211572807775816
0.5482515113489522,0.036211572807775816
0.5482515113489522,0.036211572807775816
0.5482515113489522,0.036211572807775816
0.5482515113489522,0.036211572807775816
0.5482515113489522,0.036211572807775816
0.5482515113489522,0.036211572807775816
0.5482515113489522,0.036211572807775816
0.5482515113489522,0.036211572807775816
0.5482515113489522,0.036211572807775816
0.5482515113489522,0.036211572807775816
0.5482515113489522,0.036211572807775816
0.5482515113489522,0.036211572807775816
0.5482515113489522,0.036211572807775816
0.5482515113489522,0.036211572807775816
0.5482515113489522,0.036211572807775816
0.5482515113489522,0.036211572807775816
0.5482515113489522,0.036211572807775816
0.5482515113489522,0.036211572807775816
0.5482515113489522,0.036211572807775816
0.5482515113489522,0.036211572807775816
0.5482515113489522,0.036211572807775816
0.5482515113489522,0.036211572807775816
0.5482515113489522,0.036211572807775816
0.5482515113489522,0.036211572807775816
0.5482515113489522,0.036211572807775816
0.5482515113489522,0.036211572807775816
0.5482515113489522,0.036211572807775816
0.5482515113489522,0.036211572807775816
0.5482515113489522,0.036211572807775816
0.5482515113489522,0.036211572807775816
0.5482515113489522,0.036211572807775816
0.5482515113489522,0.036211572807775816
0.5482515113489522,0.036211572807775816
0.5482515113489522,0.036211572807775816
0.5482515113489522,0.036211572807775816
0.5482515113489522,0.036211572807775816
0.5482515113489522,0.036211572807775816
0.5482515113489522,0.036211572807775816
0.5482515113489522,0.036211572807775816
0.5482515113489522,0.036211572807775816
0.5482515113489522,0.036211572807775816
0.5482515113489522,0.036211572807775816
0.5482515113489522,0.036211572807775816
0.5482515113489522,0.036211572807775816
0.5482515113489522,0.036211572807775816
0.5482515113489522,0.036211572807775816
0.5482515113489522,0.036211572807775816
0.5482515113489522,0.036211572807775816
0.5482515113489522,0.036211572807775816
0.5482515113489522,0.036211572807775816
0.5482515113489522,0.036211572807775816
0.5482515113489522,0.036211572807775816
0.5482515113489522,0.036211572807775816
0.5482515113489522,0.036211572807775816
0.5482515113489522,0.036211572807775816
0.5482515113489522,0.036211572807775816
0.5482515113489522,0.036211572807775816
0.5482515113489522,0.036211572807775816
0.5482515113489522,0.036211572807775816
0.5482515113489522,0.036211572807775816
0.5482515113489522,0.036211572807775816
0.5482515113489522,0.036211572807775816
0.5482515113489522,0.036211572807775816
0.5482515113489522,0.036211572807775816
0.5482515113489522,0.036211572807775816
0.5482515113489522,0.036211572807775816
0.5482515113489522,0.036211572807775816
0.5482515113489522,0.036211572807775816
0.5482515113489522,0.036211572807775816
0.5482515113489522,0.036211572807775816
0.5482515113489522,0.036211572807775816
0.5482515113489522,0.036211572807775816
0.5482515113489522,0.036211572807775816
0.5482515113489522,0.036211572807775816
0.5482515113489522,0.036211572807775816
0.5482515113489522,0.036211572807775816
0.5482515113489522,0.036211572807775816
0.5482515113489522,0.036211572807775816
0.5482515113489522,0.036211572807775816
0.5482515113489522,0.036211572807775816
0.5482515113489522,0.036211572807775816
0.5482515113489522,0.036211572807775816
0.5482515113489522,0.036211572807775816
0.5482515113489522,0.036211572807775816
0.5482515113489522,0.036211572807775816
0.5482515113489522,0.036211572807775816
0.5482515113489522,0.036211572807775816
0.5482515113489522,0.036211572807775816
0.5482515113489522,0.036211572807775816
0.5482515113489522,0.036211572807775816
0.5482515113489522,0.036211572807775816
0.5482515113489522,0.036211572807775816
0.5482515113489522,0.036211572807775816
0.5482515113489522,0.036211572807775816
0.5482515113489522,0.036211572807775816
0.5482515113489522,0.036211572807775816
0.5482515113489522,0.036211572807775816
0.5482515113489522,0.036211572807775816
0.5482515113489522,0.036211572807775816
0.5482515113489522,0.036211572807775816
0.5482515113489522,0.036211572807775816
0.5482515113489522,0.036211572807775816
0.5482515113489522,0.036211572807775816
0.5482515113489522,0.036211572807775816
0.5482515113489522,0.036211572807775816
0.5482515113489522,0.036211572807775816
0.5482515113489522,0.036211572807775816
0.5482515113489522,0.036211572807775816
0.5482515113489522,0.036211572807775816
0.5482515113489522,0.036211572807775816
0.5482515113489522,0.036211572807775816
0.5482515113489522,0.036211572807775816
0.5482515113489522,0.036211572807775816
0.5482515113489522,0.036211572807775816
0.5482515113489522,0.036211572807775816
0.5482515113489522,0.036211572807775816
0.5482515113489522,0.036211572807775816
0.5482515113489522,0.036211572807775816
0.5482515113489522,0.036211572807775816
0.5482515113489522,0.036211572807775816
0.5482515113489522,0.036211572807775816
0.5482515113489522,0.036211572807775816
0.5482515113489522,0.036211572807775816
0.5482515113489522,0.036211572807775816
0.5482515113489522,0.036211572807775816
0.5482515113489522,0.036211572807775816
0.5482515113489522,0.036211572807775816
0.5482515113489522,0.036211572807775816
0.5482515113489522,0.036211572807775816
0.5482515113489522,0.036211572807775816
0.5482515113489522,0.036211572807775816
0.5482515113489522,0.036211572807775816
0.5482515113489522,0.036211572807775816
0.5482515113489522,0.036211572807775816
0.5482515113489522,0.036211572807775816
0.5482515113489522,0.036211572807775816
0.5482515113489522,0.036211572807775816
0.5482515113489522,0.036211572807775816
0.5482515113489522,0.036211572807775816
0.5482515113489522,0.036211572807775816
0.5482515113489522,0.036211572807775816
0.5482515113489522,0.036211572807775816
0.5482515113489522,0.036211572807775816
0.5482515113489522,0.036211572807775816
0.5482515113489522,0.036211572807775816
0.5482515113489522,0.036211572807775816
0.5482515113489522,0.036211572807775816
0.5482515113489522,0.036211572807775816
0.5482515113489522,0.036211572807775816
0.5482515113489522,0.036211572807775816
0.5482515113489522,0.036211572807775816
0.5482515113489522,0.036211572807775816
0.5482515113489522,0.036211572807775816
0.5482515113489522,0.036211572807775816
0.5482515113489522,0.036211572807775816
0.5482515113489522,0.036211572807775816
0.5482515113489522,0.036211572807775816
0.5482515113489522,0.036211572807775816
0.5482515113489522,0.036211572807775816
0.5482515113489522,0.036211572807775816
0.5482515113489522,0.036211572807775816
0.5482515113489522,0.036211572807775816
0.5482515113489522,0.036211572807775816
0.5482515113489522,0.036211572807775816
0.5482515113489522,0.036211572807775816
0.5482515113489522,0.036211572807775816
0.5482515113489522,0.036211572807775816
0.5482515113489522,0.036211572807775816
0.5482515113489522,0.036211572807775816
0.5482515113489522,0.036211572807775816
0.5482515113489522,0.036211572807775816
0.5482515113489522,0.036211572807775816
0.5482515113489522,0.036211572807775816
0.5482515113489522,0.036211572807775816
0.5482515113489522,0.036211572807775816
0.5482515113489522,0.036211572807775816
0.5482515113489522,0.036211572807775816
0.5482515113489522,0.036211572807775816
0.5482515113489522,0.036211572807775816
0.5482515113489522,0.036211572807775816
0.5482515113489522,0.036211572807775816
0.5482515113489522,0.036211572807775816
0.5482515113489522,0.036211572807775816
0.5482515113489522,0.036211572807775816
0.5482515113489522,0.036211572807775816
0.5482515113489522,0.036211572807775816
0.5482515113489522,0.036211572807775816
0.5482515113489522,0.036211572807775816
0.5482515113489522,0.036211572807775816
0.5482515113489522,0.036211572807775816
0.5482515113489522,0.036211572807775816
0.5482515113489522,0.036211572807775816
0.5482515113489522,0.036211572807775816
0.5482515113489522,0.036211572807775816
0.5482515113489522,0.036211572807775816
0.5482515113489522,0.036211572807775816
0.5482515113489522,0.036211572807775816
0.5482515113489522,0.036211572807775816
0.5482515113489522,0.036211572807775816
0.5482515113489522,0.036211572807775816
0.5482515113489522,0.036211572807775816
0.5482515113489522,0.036211572807775816
0.5482515113489522,0.036211572807775816
0.5482515113489522,0.036211572807775816
0.5482515113489522,0.036211572807775816
0.5482515113489522,0.036211572807775816
0.5482515113489522,0.036211572807775816
0.5482515113489522,0.036211572807775816
0.5482515113489522,0.036211572807775816
0.5482515113489522,0.036211572807775816
0.5482515113489522,0.036211572807775816
0.5482515113489522,0.036211572807775816
0.5482515113489522,0.036211572807775816
0.5482515113489522,0.036211572807775816
0.5482515113489522,0.036211572807775816
0.5482515113489522,0.036211572807775816
0.5482515113489522,0.036211572807775816
0.5482515113489522,0.036211572807775816
0.5482515113489522,0.036211572807775816
0.5482515113489522,0.036211572807775816
0.5482515113489522,0.036211572807775816
0.5482515113489522,0.036211572807775816
0.5482515113489522,0.036211572807775816
0.5482515113489522,0.036211572807775816
0.5482515113489522,0.036211572807775816
0.5482515113489522,0.036211572807775816
0.5482515113489522,0.036211572807775816
0.5482515113489522,0.036211572807775816
0.5482515113489522,0.036211572807775816
0.5482515113489522,0.036211572807775816
0.5482515113489522,0.036211572807775816
0.5482515113489522,0.036211572807775816
0.5482515113489522,0.036211572807775816
0.5482515113489522,0.036211572807775816
0.5482515113489522,0.036211572807775816
0.5482515113489522,0.036211572807775816
0.5482515113489522,0.036211572807775816
0.5482515113489522,0.036211572807775816
0.5482515113489522,0.036211572807775816
0.5482515113489522,0.036211572807775816
0.5482515113489522,0.036211572807775816
0.5482515113489522,0.036211572807775816
0.5482515113489522,0.036211572807775816
0.5482515113489522,0.036211572807775816
0.5482515113489522,0.036211572807775816
0.5482515113489522,0.036211572807775816
0.5482515113489522,0.036211572807775816
0.5482515113489522,0.036211572807775816
0.5482515113489522,0.036211572807775816
0.5482515113489522,0.036211572807775816
0.5482515113489522,0.036211572807775816
0.5482515113489522,0.036211572807775816
0.5482515113489522,0.036211572807775816
0.5482515113489522,0.036211572807775816
0.5482515113489522,0.036211572807775816
0.5482515113489522,0.036211572807775816
0.5482515113489522,0.036211572807775816
0.5482515113489522,0.036211572807775816
0.5482515113489522,0.036211572807775816
0.5482515113489522,0.036211572807775816
0.5482515113489522,0.036211572807775816
0.5482515113489522,0.036211572807775816
0.5482515113489522,0.036211572807775816
0.5482515113489522,0.036211572807775816
0.5482515113489522,0.036211572807775816
0.5482515113489522,0.036211572807775816
0.5482515113489522,0.036211572807775816
0.5482515113489522,0.036211572807775816
0.5482515113489522,0.036211572807775816
0.5482515113489522,0.036211572807775816
0.5482515113489522,0.036211572807775816
0.5482515113489522,0.036211572807775816
0.5482515113489522,0.036211572807775816
0.5482515113489522,0.036211572807775816
0.5482515113489522,0.036211572807775816
0.5482515113489522,0.036211572807775816
0.5482515113489522,0.036211572807775816
0.5482515113489522,0.036211572807775816
0.5482515113489522,0.036211572807775816
0.5482515113489522,0.036211572807775816
0.5482515113489522,0.036211572807775816
0.5482515113489522,0.036211572807775816
0.5482515113489522,0.036211572807775816
0.5482515113489522,0.036211572807775816
0.5482515113489522,0.036211572807775816
0.5482515113489522,0.036211572807775816
0.5482515113489522,0.036211572807775816
0.5482515113489522,0.036211572807775816
0.5482515113489522,0.036211572807775816
0.5482515113489522,0.036211572807775816
0.5482515113489522,0.036211572807775816
0.5482515113489522,0.036211572807775816
0.5482515113489522,0.036211572807775816
0.5482515113489522,0.036211572807775816
0.5482515113489522,0.036211572807775816
0.5482515113489522,0.036211572807775816
0.5482515113489522,0.036211572807775816
0.5482515113489522,0.036211572807775816
0.5482515113489522,0.036211572807775816
0.5482515113489522,0.036211572807775816
0.5482515113489522,0.036211572807775816
0.5482515113489522,0.036211572807775816
0.5482515113489522,0.036211572807775816
0.5482515113489522,0.036211572807775816
0.5482515113489522,0.036211572807775816
0.5482515113489522,0.036211572807775816
0.5482515113489522,0.036211572807775816
0.5482515113489522,0.036211572807775816
0.5482515113489522,0.036211572807775816
0.5482515113489522,0.036211572807775816
0.5482515113489522,0.036211572807775816
0.5482515113489522,0.036211572807775816
0.5482515113489522,0.036211572807775816
0.5482515113489522,0.036211572807775816
0.5482515113489522,0.036211572807775816
0.5482515113489522,0.036211572807775816
0.5482515113489522,0.036211572807775816
0.5482515113489522,0.036211572807775816
0.5482515113489522,0.036211572807775816
0.5482515113489522,0.036211572807775816
0.5482515113489522,0.036211572807775816
0.5482515113489522,0.036211572807775816
0.5482515113489522,0.036211572807775816
0.5482515113489522,0.036211572807775816
0.5482515113489522,0.036211572807775816
0.5482515113489522,0.036211572807775816
0.5482515113489522,0.036211572807775816
0.5482515113489522,0.036211572807775816
0.5482515113489522,0.036211572807775816
0.5482515113489522,0.036211572807775816
0.5482515113489522,0.036211572807775816
0.5482515113489522,0.036211572807775816
0.5482515113489522,0.036211572807775816
0.5482515113489522,0.036211572807775816
0.5482515113489522,0.036211572807775816
0.5482515113489522,0.036211572807775816
0.5482515113489522,0.036211572807775816
0.5482515113489522,0.036211572807775816
0.5482515113489522,0.036211572807775816
0.5482515113489522,0.036211572807775816
0.5482515113489522,0.036211572807775816
0.5482515113489522,0.036211572807775816
0.5482515113489522,0.036211572807775816
0.5482515113489522,0.036211572807775816
0.5482515113489522,0.036211572807775816
0.5482515113489522,0.036211572807775816
0.5482515113489522,0.036211572807775816
0.5482515113489522,0.036211572807775816
0.5482515113489522,0.036211572807775816
0.5482515113489522,0.036211572807775816
0.5482515113489522,0.036211572807775816
0.5482515113489522,0.036211572807775816
0.5482515113489522,0.036211572807775816
0.5482515113489522,0.036211572807775816
0.5482515113489522,0.036211572807775816
0.5482515113489522,0.036211572807775816
0.5482515113489522,0.036211572807775816
0.5482515113489522,0.036211572807775816
0.5482515113489522,0.036211572807775816
0.5482515113489522,0.036211572807775816
0.5482515113489522,0.036211572807775816
0.5482515113489522,0.036211572807775816
0.5482515113489522,0.036211572807775816
0.5482515113489522,0.036211572807775816
0.5482515113489522,0.036211572807775816
0.5482515113489522,0.036211572807775816
0.5482515113489522,0.036211572807775816
0.5482515113489522,0.036211572807775816
0.5482515113489522,0.036211572807775816
0.5482515113489522,0.036211572807775816
0.5482515113489522,0.036211572807775816
0.5482515113489522,0.036211572807775816
0.5482515113489522,0.036211572807775816
0.5482515113489522,0.036211572807775816
0.5482515113489522,0.036211572807775816
0.5482515113489522,0.036211572807775816
0.5482515113489522,0.036211572807775816
0.5482515113489522,0.036211572807775816
0.5482515113489522,0.036211572807775816
0.5482515113489522,0.036211572807775816
0.5482515113489522,0.036211572807775816
0.5482515113489522,0.036211572807775816
0.5482515113489522,0.036211572807775816
0.5482515113489522,0.036211572807775816
0.5482515113489522,0.036211572807775816
0.5482515113489522,0.036211572807775816
0.5482515113489522,0.036211572807775816
0.5482515113489522,0.036211572807775816
0.5482515113489522,0.036211572807775816
0.5482515113489522,0.036211572807775816
0.5482515113489522,0.036211572807775816
0.5482515113489522,0.036211572807775816
0.5482515113489522,0.036211572807775816
0.5482515113489522,0.036211572807775816
0.5482515113489522,0.036211572807775816
0.5482515113489522,0.036211572807775816
0.5482515113489522,0.036211572807775816
0.5482515113489522,0.036211572807775816
0.5482515113489522,0.036211572807775816
0.5482515113489522,0.036211572807775816
0.5482515113489522,0.036211572807775816
0.5482515113489522,0.036211572807775816
0.5482515113489522,0.036211572807775816
0.5482515113489522,0.036211572807775816
0.5482515113489522,0.036211572807775816
0.5482515113489522,0.036211572807775816
0.5482515113489522,0.036211572807775816
0.5482515113489522,0.036211572807775816
0.5482515113489522,0.036211572807775816
0.5482515113489522,0.036211572807775816
0.5482515113489522,0.036211572807775816
0.5482515113489522,0.036211572807775816
0.5482515113489522,0.036211572807775816
0.5482515113489522,0.036211572807775816
0.5482515113489522,0.036211572807775816
0.5482515113489522,0.036211572807775816
0.5482515113489522,0.036211572807775816
0.5482515113489522,0.036211572807775816
0.5482515113489522,0.036211572807775816
0.5482515113489522,0.036211572807775816
0.5482515113489522,0.036211572807775816
0.5482515113489522,0.036211572807775816
0.5482515113489522,0.036211572807775816
0.5482515113489522,0.036211572807775816
0.5482515113489522,0.036211572807775816
0.5482515113489522,0.036211572807775816
0.5482515113489522,0.036211572807775816
0.5482515113489522,0.036211572807775816
0.5482515113489522,0.036211572807775816
0.5482515113489522,0.036211572807775816
0.5482515113489522,0.036211572807775816
0.5482515113489522,0.036211572807775816
0.5482515113489522,0.036211572807775816
0.5482515113489522,0.036211572807775816
0.5482515113489522,0.036211572807775816
0.5482515113489522,0.036211572807775816
0.5482515113489522,0.036211572807775816
0.5482515113489522,0.036211572807775816
0.5482515113489522,0.036211572807775816
0.5482515113489522,0.036211572807775816
0.5482515113489522,0.036211572807775816
0.5482515113489522,0.036211572807775816
0.5482515113489522,0.036211572807775816
0.5482515113489522,0.036211572807775816
0.5482515113489522,0.036211572807775816
0.5482515113489522,0.036211572807775816
0.5482515113489522,0.036211572807775816
0.5482515113489522,0.036211572807775816
0.5482515113489522,0.036211572807775816
0.5482515113489522,0.036211572807775816
0.5482515113489522,0.036211572807775816
0.5482515113489522,0.036211572807775816
0.5482515113489522,0.036211572807775816
0.5482515113489522,0.036211572807775816
0.5482515113489522,0.036211572807775816
0.5482515113489522,0.036211572807775816
0.5482515113489522,0.036211572807775816
0.5482515113489522,0.036211572807775816
0.5482515113489522,0.036211572807775816
0.5482515113489522,0.036211572807775816
0.5482515113489522,0.036211572807775816
0.5482515113489522,0.036211572807775816
0.5482515113489522,0.036211572807775816
0.5482515113489522,0.036211572807775816
0.5482515113489522,0.036211572807775816
0.5482515113489522,0.036211572807775816
0.5482515113489522,0.036211572807775816
0.5482515113489522,0.036211572807775816
0.5482515113489522,0.036211572807775816
0.5482515113489522,0.036211572807775816
0.5482515113489522,0.036211572807775816
0.5482515113489522,0.036211572807775816
0.5482515113489522,0.036211572807775816
0.5482515113489522,0.036211572807775816
0.5482515113489522,0.036211572807775816
0.5482515113489522,0.036211572807775816
0.5482515113489522,0.036211572807775816
0.5482515113489522,0.036211572807775816
0.5482515113489522,0.036211572807775816
0.5482515113489522,0.036211572807775816
0.5482515113489522,0.036211572807775816
0.5482515113489522,0.036211572807775816
0.5482515113489522,0.036211572807775816
0.5482515113489522,0.036211572807775816
0.5482515113489522,0.036211572807775816
0.5482515113489522,0.036211572807775816
0.5482515113489522,0.036211572807775816
0.5482515113489522,0.036211572807775816
0.5482515113489522,0.036211572807775816
0.5482515113489522,0.036211572807775816
0.5482515113489522,0.036211572807775816
0.5482515113489522,0.036211572807775816
0.5482515113489522,0.036211572807775816
0.5482515113489522,0.036211572807775816
0.5482515113489522,0.036211572807775816
0.5482515113489522,0.036211572807775816
0.5482515113489522,0.036211572807775816
0.5482515113489522,0.036211572807775816
0.5482515113489522,0.036211572807775816
0.5482515113489522,0.036211572807775816
0.5482515113489522,0.036211572807775816
0.5482515113489522,0.036211572807775816
0.5482515113489522,0.036211572807775816
0.5482515113489522,0.036211572807775816
0.5482515113489522,0.036211572807775816
0.5482515113489522,0.036211572807775816
0.5482515113489522,0.036211572807775816
0.5482515113489522,0.036211572807775816
0.5482515113489522,0.036211572807775816
0.5482515113489522,0.036211572807775816
0.5482515113489522,0.036211572807775816
0.5482515113489522,0.036211572807775816
0.5482515113489522,0.036211572807775816
0.5482515113489522,0.036211572807775816
0.5482515113489522,0.036211572807775816
0.5482515113489522,0.036211572807775816
0.5482515113489522,0.036211572807775816
0.5482515113489522,0.036211572807775816
0.5482515113489522,0.036211572807775816
0.5482515113489522,0.036211572807775816
0.5482515113489522,0.036211572807775816
0.5482515113489522,0.036211572807775816
0.5482515113489522,0.036211572807775816
0.5482515113489522,0.036211572807775816
0.5482515113489522,0.036211572807775816
0.5482515113489522,0.036211572807775816
0.5482515113489522,0.036211572807775816
0.5482515113489522,0.036211572807775816
0.5482515113489522,0.036211572807775816
0.5482515113489522,0.036211572807775816
0.5482515113489522,0.036211572807775816
0.5482515113489522,0.036211572807775816
0.5482515113489522,0.036211572807775816
0.5482515113489522,0.036211572807775816
0.5482515113489522,0.036211572807775816
0.5482515113489522,0.036211572807775816
0.5482515113489522,0.036211572807775816
0.5482515113489522,0.036211572807775816
0.5482515113489522,0.036211572807775816
0.5482515113489522,0.036211572807775816
0.5482515113489522,0.036211572807775816
0.5482515113489522,0.036211572807775816
0.5482515113489522,0.036211572807775816
0.5482515113489522,0.036211572807775816
0.5482515113489522,0.036211572807775816
0.5482515113489522,0.036211572807775816
0.5482515113489522,0.036211572807775816
0.5482515113489522,0.036211572807775816
0.5482515113489522,0.036211572807775816
0.5482515113489522,0.036211572807775816
0.5482515113489522,0.036211572807775816
0.5482515113489522,0.036211572807775816
0.5482515113489522,0.036211572807775816
0.5482515113489522,0.036211572807775816
0.5482515113489522,0.036211572807775816
0.5482515113489522,0.036211572807775816
0.5482515113489522,0.036211572807775816
0.5482515113489522,0.036211572807775816
0.5482515113489522,0.036211572807775816
0.5482515113489522,0.036211572807775816
0.5482515113489522,0.036211572807775816
0.5482515113489522,0.036211572807775816
0.5482515113489522,0.036211572807775816
0.5482515113489522,0.036211572807775816
0.5482515113489522,0.036211572807775816
0.5482515113489522,0.036211572807775816
0.5482515113489522,0.036211572807775816
0.5482515113489522,0.036211572807775816
0.5482515113489522,0.036211572807775816
0.5482515113489522,0.036211572807775816
0.5482515113489522,0.036211572807775816
0.5482515113489522,0.036211572807775816
0.5482515113489522,0.036211572807775816
0.5482515113489522,0.036211572807775816
0.5482515113489522,0.036211572807775816
0.5482515113489522,0.036211572807775816
0.5482515113489522,0.036211572807775816
0.5482515113489522,0.036211572807775816
0.5482515113489522,0.036211572807775816
0.5482515113489522,0.036211572807775816
0.5482515113489522,0.036211572807775816
0.5482515113489522,0.036211572807775816
0.5482515113489522,0.036211572807775816
0.5482515113489522,0.036211572807775816
0.5482515113489522,0.036211572807775816
0.5482515113489522,0.036211572807775816
0.5482515113489522,0.036211572807775816
0.5482515113489522,0.036211572807775816
0.5482515113489522,0.036211572807775816
0.5482515113489522,0.036211572807775816
0.5482515113489522,0.036211572807775816
0.5482515113489522,0.036211572807775816
0.5482515113489522,0.036211572807775816
0.5482515113489522,0.036211572807775816
0.5482515113489522,0.036211572807775816
0.5482515113489522,0.036211572807775816
0.5482515113489522,0.036211572807775816
0.5482515113489522,0.036211572807775816
0.5482515113489522,0.036211572807775816
0.5482515113489522,0.036211572807775816
0.5482515113489522,0.036211572807775816
0.5482515113489522,0.036211572807775816
0.5482515113489522,0.036211572807775816
0.5482515113489522,0.036211572807775816
0.5482515113489522,0.036211572807775816
0.5482515113489522,0.036211572807775816
0.5482515113489522,0.036211572807775816
0.5482515113489522,0.036211572807775816
0.5482515113489522,0.036211572807775816
0.5482515113489522,0.036211572807775816
0.5482515113489522,0.036211572807775816
0.5482515113489522,0.036211572807775816
0.5482515113489522,0.036211572807775816
0.5482515113489522,0.036211572807775816
0.5482515113489522,0.036211572807775816
0.5482515113489522,0.036211572807775816
0.5482515113489522,0.036211572807775816
0.5482515113489522,0.036211572807775816
0.5482515113489522,0.036211572807775816
0.5482515113489522,0.036211572807775816
0.5482515113489522,0.036211572807775816
0.5482515113489522,0.036211572807775816
0.5482515113489522,0.036211572807775816
0.5482515113489522,0.036211572807775816
0.5482515113489522,0.036211572807775816
0.5482515113489522,0.036211572807775816
0.5482515113489522,0.036211572807775816
0.5482515113489522,0.036211572807775816
0.5482515113489522,0.036211572807775816
0.5482515113489522,0.036211572807775816
0.5482515113489522,0.036211572807775816
0.5482515113489522,0.036211572807775816
0.5482515113489522,0.036211572807775816
0.5482515113489522,0.036211572807775816
0.5482515113489522,0.036211572807775816
0.5482515113489522,0.036211572807775816
0.5482515113489522,0.036211572807775816
0.5482515113489522,0.036211572807775816
0.5482515113489522,0.036211572807775816
0.5482515113489522,0.036211572807775816
0.5482515113489522,0.036211572807775816
0.5482515113489522,0.036211572807775816
0.5482515113489522,0.036211572807775816
0.5482515113489522,0.036211572807775816
0.5482515113489522,0.036211572807775816
0.5482515113489522,0.036211572807775816
0.5482515113489522,0.036211572807775816
0.5482515113489522,0.036211572807775816
0.5482515113489522,0.036211572807775816
0.5482515113489522,0.036211572807775816
0.5482515113489522,0.036211572807775816
0.5482515113489522,0.036211572807775816
0.5482515113489522,0.036211572807775816
0.5482515113489522,0.036211572807775816
0.5482515113489522,0.036211572807775816
0.5482515113489522,0.036211572807775816
0.5482515113489522,0.036211572807775816
0.5482515113489522,0.036211572807775816
0.5482515113489522,0.036211572807775816
0.5482515113489522,0.036211572807775816
0.5482515113489522,0.036211572807775816
0.5482515113489522,0.036211572807775816
0.5482515113489522,0.036211572807775816
0.5482515113489522,0.036211572807775816
0.5482515113489522,0.036211572807775816
0.5482515113489522,0.036211572807775816
0.5482515113489522,0.036211572807775816
0.5482515113489522,0.036211572807775816
0.5482515113489522,0.036211572807775816
0.5482515113489522,0.036211572807775816
0.5482515113489522,0.036211572807775816
0.5482515113489522,0.036211572807775816
0.5482515113489522,0.036211572807775816
0.5482515113489522,0.036211572807775816
0.5482515113489522,0.036211572807775816
0.5482515113489522,0.036211572807775816
0.5482515113489522,0.036211572807775816
0.5482515113489522,0.036211572807775816
0.5482515113489522,0.036211572807775816
0.5482515113489522,0.036211572807775816
0.5482515113489522,0.036211572807775816
0.5482515113489522,0.036211572807775816
0.5482515113489522,0.036211572807775816
0.5482515113489522,0.036211572807775816
0.5482515113489522,0.036211572807775816
0.5482515113489522,0.036211572807775816
0.5482515113489522,0.036211572807775816
0.5482515113489522,0.036211572807775816
0.5482515113489522,0.036211572807775816
0.5482515113489522,0.036211572807775816
0.5482515113489522,0.036211572807775816
0.5482515113489522,0.036211572807775816
0.5482515113489522,0.036211572807775816
0.5482515113489522,0.036211572807775816
0.5482515113489522,0.036211572807775816
0.5482515113489522,0.036211572807775816
0.5482515113489522,0.036211572807775816
0.5482515113489522,0.036211572807775816
0.5482515113489522,0.036211572807775816
0.5482515113489522,0.036211572807775816
0.5482515113489522,0.036211572807775816
0.5482515113489522,0.036211572807775816
0.5482515113489522,0.036211572807775816
0.5482515113489522,0.036211572807775816
0.5482515113489522,0.036211572807775816
0.5482515113489522,0.036211572807775816
0.5482515113489522,0.036211572807775816
0.5482515113489522,0.036211572807775816
0.5482515113489522,0.036211572807775816
0.5482515113489522,0.036211572807775816
0.5482515113489522,0.036211572807775816
0.5482515113489522,0.036211572807775816
0.5482515113489522,0.036211572807775816
0.5482515113489522,0.036211572807775816
0.5482515113489522,0.036211572807775816
0.5482515113489522,0.036211572807775816
0.5482515113489522,0.036211572807775816
0.5482515113489522,0.036211572807775816
0.5482515113489522,0.036211572807775816
0.5482515113489522,0.036211572807775816
0.5482515113489522,0.036211572807775816
0.5482515113489522,0.036211572807775816
0.5482515113489522,0.036211572807775816
0.5482515113489522,0.036211572807775816
0.5482515113489522,0.036211572807775816
0.5482515113489522,0.036211572807775816
0.5482515113489522,0.036211572807775816
0.5482515113489522,0.036211572807775816
0.5482515113489522,0.036211572807775816
0.5482515113489522,0.036211572807775816
0.5482515113489522,0.036211572807775816
0.5482515113489522,0.036211572807775816
0.5482515113489522,0.036211572807775816
0.5482515113489522,0.036211572807775816
0.5482515113489522,0.036211572807775816
0.5482515113489522,0.036211572807775816
0.5482515113489522,0.036211572807775816
0.5482515113489522,0.036211572807775816
0.5482515113489522,0.036211572807775816
0.5482515113489522,0.036211572807775816
0.5482515113489522,0.036211572807775816
0.5482515113489522,0.036211572807775816
0.5482515113489522,0.036211572807775816
0.5482515113489522,0.036211572807775816
0.5482515113489522,0.036211572807775816
0.5482515113489522,0.036211572807775816
0.5482515113489522,0.036211572807775816
0.5482515113489522,0.036211572807775816
0.5482515113489522,0.036211572807775816
0.5482515113489522,0.036211572807775816
0.5482515113489522,0.036211572807775816
0.5482515113489522,0.036211572807775816
0.5482515113489522,0.036211572807775816
0.5482515113489522,0.036211572807775816
0.5482515113489522,0.036211572807775816
0.5482515113489522,0.036211572807775816
0.5482515113489522,0.036211572807775816
0.5482515113489522,0.036211572807775816
0.5482515113489522,0.036211572807775816
0.5482515113489522,0.036211572807775816
0.5482515113489522,0.036211572807775816
0.5482515113489522,0.036211572807775816
0.5482515113489522,0.036211572807775816
0.5482515113489522,0.036211572807775816
0.5482515113489522,0.036211572807775816
0.5482515113489522,0.036211572807775816
0.5482515113489522,0.036211572807775816
0.5482515113489522,0.036211572807775816
0.5482515113489522,0.036211572807775816
0.5482515113489522,0.036211572807775816
0.5482515113489522,0.036211572807775816
0.5482515113489522,0.036211572807775816
0.5482515113489522,0.036211572807775816
0.5482515113489522,0.036211572807775816
0.5482515113489522,0.036211572807775816
0.5482515113489522,0.036211572807775816
0.5482515113489522,0.036211572807775816
0.5482515113489522,0.036211572807775816
0.5482515113489522,0.036211572807775816
0.5482515113489522,0.036211572807775816
0.5482515113489522,0.036211572807775816
0.5482515113489522,0.036211572807775816
0.5482515113489522,0.036211572807775816
0.5482515113489522,0.036211572807775816
0.5482515113489522,0.036211572807775816
0.5482515113489522,0.036211572807775816
0.5482515113489522,0.036211572807775816
0.5482515113489522,0.036211572807775816
0.5482515113489522,0.036211572807775816
0.5482515113489522,0.036211572807775816
0.5482515113489522,0.036211572807775816
0.5482515113489522,0.036211572807775816
0.5482515113489522,0.036211572807775816
0.5482515113489522,0.036211572807775816
0.5482515113489522,0.036211572807775816
0.5482515113489522,0.036211572807775816
0.5482515113489522,0.036211572807775816
0.5482515113489522,0.036211572807775816
0.5482515113489522,0.036211572807775816
0.5482515113489522,0.036211572807775816
0.5482515113489522,0.036211572807775816
0.5482515113489522,0.036211572807775816
0.5482515113489522,0.036211572807775816
0.5482515113489522,0.036211572807775816
0.5482515113489522,0.036211572807775816
0.5482515113489522,0.036211572807775816
0.5482515113489522,0.036211572807775816
0.5482515113489522,0.036211572807775816
0.5482515113489522,0.036211572807775816
0.5482515113489522,0.036211572807775816
0.5482515113489522,0.036211572807775816
0.5482515113489522,0.036211572807775816
0.5482515113489522,0.036211572807775816
0.5482515113489522,0.036211572807775816
0.5482515113489522,0.036211572807775816
0.5482515113489522,0.036211572807775816
0.5482515113489522,0.036211572807775816
0.5482515113489522,0.036211572807775816
0.5482515113489522,0.036211572807775816
0.5482515113489522,0.036211572807775816
0.5482515113489522,0.036211572807775816
0.5482515113489522,0.036211572807775816
0.5482515113489522,0.036211572807775816
0.5482515113489522,0.036211572807775816
0.5482515113489522,0.036211572807775816
0.5482515113489522,0.036211572807775816
0.5482515113489522,0.036211572807775816
0.5482515113489522,0.036211572807775816
0.5482515113489522,0.036211572807775816
0.5482515113489522,0.036211572807775816
0.5482515113489522,0.036211572807775816
0.5482515113489522,0.036211572807775816
0.5482515113489522,0.036211572807775816
0.5482515113489522,0.036211572807775816
0.5482515113489522,0.036211572807775816
0.5482515113489522,0.036211572807775816
0.5482515113489522,0.036211572807775816
0.5482515113489522,0.036211572807775816
0.5482515113489522,0.036211572807775816
0.5482515113489522,0.036211572807775816
0.5482515113489522,0.036211572807775816
0.5482515113489522,0.036211572807775816
0.5482515113489522,0.036211572807775816
0.5482515113489522,0.036211572807775816
0.5482515113489522,0.036211572807775816
0.5482515113489522,0.036211572807775816
0.5482515113489522,0.036211572807775816
0.5482515113489522,0.036211572807775816
0.5482515113489522,0.036211572807775816
0.5482515113489522,0.036211572807775816
0.5482515113489522,0.036211572807775816
0.5482515113489522,0.036211572807775816
0.5482515113489522,0.036211572807775816
0.5482515113489522,0.036211572807775816
0.5482515113489522,0.036211572807775816
0.5482515113489522,0.036211572807775816
0.5482515113489522,0.036211572807775816
0.5482515113489522,0.036211572807775816
0.5482515113489522,0.036211572807775816
0.5482515113489522,0.036211572807775816
0.5482515113489522,0.036211572807775816
0.5482515113489522,0.036211572807775816
0.5482515113489522,0.036211572807775816
0.5482515113489522,0.036211572807775816
0.5482515113489522,0.036211572807775816
0.5482515113489522,0.036211572807775816
0.5482515113489522,0.036211572807775816
0.5482515113489522,0.036211572807775816
0.5482515113489522,0.036211572807775816
0.5482515113489522,0.036211572807775816
0.5482515113489522,0.036211572807775816
0.5482515113489522,0.036211572807775816
0.5482515113489522,0.036211572807775816
0.5482515113489522,0.036211572807775816
0.5482515113489522,0.036211572807775816
0.5482515113489522,0.036211572807775816
0.5482515113489522,0.036211572807775816
0.5482515113489522,0.036211572807775816
0.5482515113489522,0.036211572807775816
0.5482515113489522,0.036211572807775816
0.5482515113489522,0.036211572807775816
0.5482515113489522,0.036211572807775816
0.5482515113489522,0.036211572807775816
0.5482515113489522,0.036211572807775816
0.5482515113489522,0.036211572807775816
0.5482515113489522,0.036211572807775816
0.5482515113489522,0.036211572807775816
0.5482515113489522,0.036211572807775816
0.5482515113489522,0.036211572807775816
0.5482515113489522,0.036211572807775816
0.5482515113489522,0.036211572807775816
0.5482515113489522,0.036211572807775816
0.5482515113489522,0.036211572807775816
0.5482515113489522,0.036211572807775816
0.5482515113489522,0.036211572807775816
0.5482515113489522,0.036211572807775816
0.5482515113489522,0.036211572807775816
0.5482515113489522,0.036211572807775816
0.5482515113489522,0.036211572807775816
0.5482515113489522,0.036211572807775816
0.5482515113489522,0.036211572807775816
0.5482515113489522,0.036211572807775816
0.5482515113489522,0.036211572807775816
0.5482515113489522,0.036211572807775816
0.5482515113489522,0.036211572807775816
0.5482515113489522,0.036211572807775816
0.5482515113489522,0.036211572807775816
0.5482515113489522,0.036211572807775816
0.5482515113489522,0.036211572807775816
0.5482515113489522,0.036211572807775816
0.5482515113489522,0.036211572807775816
0.5482515113489522,0.036211572807775816
0.5482515113489522,0.036211572807775816
0.5482515113489522,0.036211572807775816
0.5482515113489522,0.036211572807775816
0.5482515113489522,0.036211572807775816
0.5482515113489522,0.036211572807775816
0.5482515113489522,0.036211572807775816
0.5482515113489522,0.036211572807775816
0.5482515113489522,0.036211572807775816
0.5482515113489522,0.036211572807775816
0.5482515113489522,0.036211572807775816
0.5482515113489522,0.036211572807775816
0.5482515113489522,0.036211572807775816
0.5482515113489522,0.036211572807775816
0.5482515113489522,0.036211572807775816
0.5482515113489522,0.036211572807775816
0.5482515113489522,0.036211572807775816
0.5482515113489522,0.036211572807775816
0.5482515113489522,0.036211572807775816
0.5482515113489522,0.036211572807775816
0.5482515113489522,0.036211572807775816
0.5482515113489522,0.036211572807775816
0.5482515113489522,0.036211572807775816
0.5482515113489522,0.036211572807775816
0.5482515113489522,0.036211572807775816
0.5482515113489522,0.036211572807775816
0.5482515113489522,0.036211572807775816
0.5482515113489522,0.036211572807775816
0.5482515113489522,0.036211572807775816
0.5482515113489522,0.036211572807775816
0.5482515113489522,0.036211572807775816
0.5482515113489522,0.036211572807775816
0.5482515113489522,0.036211572807775816
0.5482515113489522,0.036211572807775816
0.5482515113489522,0.036211572807775816
0.5482515113489522,0.036211572807775816
0.5482515113489522,0.036211572807775816
0.5482515113489522,0.036211572807775816
0.5482515113489522,0.036211572807775816
0.5482515113489522,0.036211572807775816
0.5482515113489522,0.036211572807775816
0.5482515113489522,0.036211572807775816
0.5482515113489522,0.036211572807775816
0.5482515113489522,0.036211572807775816
0.5482515113489522,0.036211572807775816
0.5482515113489522,0.036211572807775816
0.5482515113489522,0.036211572807775816
0.5482515113489522,0.036211572807775816
0.5482515113489522,0.036211572807775816
0.5482515113489522,0.036211572807775816
0.5482515113489522,0.036211572807775816
0.5482515113489522,0.036211572807775816
0.5482515113489522,0.036211572807775816
0.5482515113489522,0.036211572807775816
0.5482515113489522,0.036211572807775816
0.5482515113489522,0.036211572807775816
0.5482515113489522,0.036211572807775816
0.5482515113489522,0.036211572807775816
0.5482515113489522,0.036211572807775816
0.5482515113489522,0.036211572807775816
0.5482515113489522,0.036211572807775816
0.5482515113489522,0.036211572807775816
0.5482515113489522,0.036211572807775816
0.5482515113489522,0.036211572807775816
0.5482515113489522,0.036211572807775816
0.5482515113489522,0.036211572807775816
0.5482515113489522,0.036211572807775816
0.5482515113489522,0.036211572807775816
0.5482515113489522,0.036211572807775816
0.5482515113489522,0.036211572807775816
0.5482515113489522,0.036211572807775816
0.5482515113489522,0.036211572807775816
0.5482515113489522,0.036211572807775816
0.5482515113489522,0.036211572807775816
0.5482515113489522,0.036211572807775816
0.5482515113489522,0.036211572807775816
0.5482515113489522,0.036211572807775816
0.5482515113489522,0.036211572807775816
0.5482515113489522,0.036211572807775816
0.5482515113489522,0.036211572807775816
0.5482515113489522,0.036211572807775816
0.5482515113489522,0.036211572807775816
0.5482515113489522,0.036211572807775816
0.5482515113489522,0.036211572807775816
0.5482515113489522,0.036211572807775816
0.5482515113489522,0.036211572807775816
0.5482515113489522,0.036211572807775816
0.5482515113489522,0.036211572807775816
0.5482515113489522,0.036211572807775816
0.5482515113489522,0.036211572807775816
0.5482515113489522,0.036211572807775816
0.5482515113489522,0.036211572807775816
0.5482515113489522,0.036211572807775816
0.5482515113489522,0.036211572807775816
0.5482515113489522,0.036211572807775816
0.5482515113489522,0.036211572807775816
0.5482515113489522,0.036211572807775816
0.5482515113489522,0.036211572807775816
0.5482515113489522,0.036211572807775816
0.5482515113489522,0.036211572807775816
0.5482515113489522,0.036211572807775816
0.5482515113489522,0.036211572807775816
0.5482515113489522,0.036211572807775816
0.5482515113489522,0.036211572807775816
0.5482515113489522,0.036211572807775816
0.5482515113489522,0.036211572807775816
0.5482515113489522,0.036211572807775816
0.5482515113489522,0.036211572807775816
0.5482515113489522,0.036211572807775816
0.5482515113489522,0.036211572807775816
0.5482515113489522,0.036211572807775816
0.5482515113489522,0.036211572807775816
0.5482515113489522,0.036211572807775816
0.5482515113489522,0.036211572807775816
0.5482515113489522,0.036211572807775816
0.5482515113489522,0.036211572807775816
0.5482515113489522,0.036211572807775816
0.5482515113489522,0.036211572807775816
0.5482515113489522,0.036211572807775816
0.5482515113489522,0.036211572807775816
0.5482515113489522,0.036211572807775816
0.5482515113489522,0.036211572807775816
0.5482515113489522,0.036211572807775816
0.5482515113489522,0.036211572807775816
0.5482515113489522,0.036211572807775816
0.5482515113489522,0.036211572807775816
0.5482515113489522,0.036211572807775816
0.5482515113489522,0.036211572807775816
0.5482515113489522,0.036211572807775816
0.5482515113489522,0.036211572807775816
0.5482515113489522,0.036211572807775816
0.5482515113489522,0.036211572807775816
0.5482515113489522,0.036211572807775816
0.5482515113489522,0.036211572807775816
0.5482515113489522,0.036211572807775816
0.5482515113489522,0.036211572807775816
0.5482515113489522,0.036211572807775816
0.5482515113489522,0.036211572807775816
0.5482515113489522,0.036211572807775816
0.5482515113489522,0.036211572807775816
0.5482515113489522,0.036211572807775816
0.5482515113489522,0.036211572807775816
0.5482515113489522,0.036211572807775816
0.5482515113489522,0.036211572807775816
0.5482515113489522,0.036211572807775816
0.5482515113489522,0.036211572807775816
0.5482515113489522,0.036211572807775816
0.5482515113489522,0.036211572807775816
0.5482515113489522,0.036211572807775816
0.5482515113489522,0.036211572807775816
0.5482515113489522,0.036211572807775816
0.5482515113489522,0.036211572807775816
0.5482515113489522,0.036211572807775816
0.5482515113489522,0.036211572807775816
0.5482515113489522,0.036211572807775816
0.5482515113489522,0.036211572807775816
0.5482515113489522,0.036211572807775816
0.5482515113489522,0.036211572807775816
0.5482515113489522,0.036211572807775816
0.5482515113489522,0.036211572807775816
0.5482515113489522,0.036211572807775816
0.5482515113489522,0.036211572807775816
0.5482515113489522,0.036211572807775816
0.5482515113489522,0.03620512995326185
0.5482515113489522,0.03620512995326185
0.5482515113489522,0.03620512995326185
0.5482515113489522,0.03620512995326185
0.5482515113489522,0.03620512995326185
0.5482515113489522,0.03620512995326185
0.5482515113489522,0.03620512995326185
0.5482515113489522,0.03620512995326185
0.5482515113489522,0.03620512995326185
0.5482515113489522,0.03620512995326185
0.5482515113489522,0.03620512995326185
0.5482515113489522,0.03620512995326185
0.5482515113489522,0.03620512995326185
0.5482515113489522,0.03620512995326185
0.5482515113489522,0.03620512995326185
0.5482515113489522,0.03620512995326185
0.5482515113489522,0.03620512995326185
0.5482515113489522,0.03620512995326185
0.5482515113489522,0.03620512995326185
0.5482515113489522,0.03620512995326185
0.5482515113489522,0.03620512995326185
0.5482515113489522,0.03620512995326185
0.5482515113489522,0.03620512995326185
0.5482515113489522,0.03620512995326185
0.5482515113489522,0.03620512995326185
0.5482515113489522,0.03620512995326185
0.5482515113489522,0.03620512995326185
0.5482515113489522,0.03620512995326185
0.5482515113489522,0.03620512995326185
0.5482515113489522,0.03620512995326185
0.5482515113489522,0.03620512995326185
0.5482515113489522,0.03620512995326185
0.5482515113489522,0.03620512995326185
0.5482515113489522,0.03620512995326185
0.5482515113489522,0.03620512995326185
0.5482515113489522,0.03620512995326185
0.5482515113489522,0.03620512995326185
0.5482515113489522,0.03620512995326185
0.5482515113489522,0.03620512995326185
0.5482515113489522,0.03620512995326185
0.5482515113489522,0.03620512995326185
0.5482515113489522,0.03620512995326185
0.5482515113489522,0.03620512995326185
0.5482515113489522,0.03620512995326185
0.5482515113489522,0.03620512995326185
0.5482515113489522,0.03620512995326185
0.5482515113489522,0.03620512995326185
0.5482515113489522,0.03620512995326185
0.5482515113489522,0.03620512995326185
0.5482515113489522,0.03620512995326185
0.5482515113489522,0.03620512995326185
0.5482515113489522,0.03620512995326185
0.5482515113489522,0.03620512995326185
0.5482515113489522,0.03620512995326185
0.5482515113489522,0.03620512995326185
0.5482515113489522,0.03620512995326185
0.5482515113489522,0.03620512995326185
0.5482515113489522,0.03620512995326185
0.5482515113489522,0.03620512995326185
0.5482515113489522,0.03620512995326185
0.5482515113489522,0.03620512995326185
0.5482515113489522,0.03620512995326185
0.5482515113489522,0.03620512995326185
0.5482515113489522,0.03620512995326185
0.5482515113489522,0.03620512995326185
0.5482515113489522,0.03620512995326185
0.5482515113489522,0.03620512995326185
0.5482515113489522,0.03620512995326185
0.5482515113489522,0.03620512995326185
0.5482515113489522,0.03620512995326185
0.5482515113489522,0.03620512995326185
0.5482515113489522,0.03620512995326185
0.5482515113489522,0.03620512995326185
0.5482515113489522,0.03620512995326185
0.5482515113489522,0.03620512995326185
0.5482515113489522,0.03620512995326185
0.5482515113489522,0.03620512995326185
0.5482515113489522,0.03620512995326185
0.5482515113489522,0.03620512995326185
0.5482515113489522,0.03620512995326185
0.5482515113489522,0.03620512995326185
0.5482515113489522,0.03620512995326185
0.5482515113489522,0.03620512995326185
0.5482515113489522,0.03620512995326185
0.5482515113489522,0.03620512995326185
0.5482515113489522,0.03620512995326185
0.5482515113489522,0.03620512995326185
0.5482515113489522,0.03620512995326185
0.5482515113489522,0.03620512995326185
0.5482515113489522,0.03620512995326185
0.5482515113489522,0.03620512995326185
0.5482515113489522,0.03620512995326185
0.5482515113489522,0.03620512995326185
0.5482515113489522,0.03620512995326185
0.5482515113489522,0.03620512995326185
0.5482515113489522,0.03620512995326185
0.5482515113489522,0.03620512995326185
0.5482515113489522,0.03620512995326185
0.5482515113489522,0.03620512995326185
0.5482515113489522,0.03620512995326185
0.5482515113489522,0.03620512995326185
0.5482515113489522,0.03620512995326185
0.5482515113489522,0.03620512995326185
0.5482515113489522,0.03620512995326185
0.5482515113489522,0.03620512995326185
0.5482515113489522,0.03620512995326185
0.5482515113489522,0.03620512995326185
0.5482515113489522,0.03620512995326185
0.5482515113489522,0.03620512995326185
0.5482515113489522,0.03620512995326185
0.5482515113489522,0.03620512995326185
0.5482515113489522,0.03620512995326185
0.5482515113489522,0.03620512995326185
0.5482515113489522,0.03620512995326185
0.5482515113489522,0.03620512995326185
0.5482515113489522,0.03620512995326185
0.5482515113489522,0.03620512995326185
0.5482515113489522,0.03620512995326185
0.5482515113489522,0.03620512995326185
0.5482515113489522,0.03620512995326185
0.5482515113489522,0.03620512995326185
0.5482515113489522,0.03620512995326185
0.5482515113489522,0.03620512995326185
0.5482515113489522,0.03620512995326185
0.5482515113489522,0.03620512995326185
0.5482515113489522,0.03620512995326185
0.5482515113489522,0.03620512995326185
0.5482515113489522,0.03620512995326185
0.5482515113489522,0.03620512995326185
0.5482515113489522,0.03620512995326185
0.5482515113489522,0.03620512995326185
0.5482515113489522,0.03620512995326185
0.5482515113489522,0.03620512995326185
0.5482515113489522,0.03620512995326185
0.5482515113489522,0.03620512995326185
0.5482515113489522,0.03620512995326185
0.5482515113489522,0.03620512995326185
0.5482515113489522,0.03620512995326185
0.5482515113489522,0.03620512995326185
0.5482515113489522,0.03620512995326185
0.5482515113489522,0.03620512995326185
0.5482515113489522,0.03620512995326185
0.5482515113489522,0.03620512995326185
0.5482515113489522,0.03620512995326185
0.5482515113489522,0.03620512995326185
0.5482515113489522,0.03620512995326185
0.5482515113489522,0.03620512995326185
0.5482515113489522,0.03620512995326185
0.5482515113489522,0.03620512995326185
0.5482515113489522,0.03620512995326185
0.5482515113489522,0.03620512995326185
0.5482515113489522,0.03620512995326185
0.5482515113489522,0.03620512995326185
0.5482515113489522,0.03620512995326185
0.5482515113489522,0.03620512995326185
0.5482515113489522,0.03620512995326185
0.5482515113489522,0.03620512995326185
0.5482515113489522,0.03620512995326185
0.5482515113489522,0.03620512995326185
0.5482515113489522,0.03620512995326185
0.5482515113489522,0.03620512995326185
0.5482515113489522,0.03620512995326185
0.5482515113489522,0.03620512995326185
0.5482515113489522,0.03620512995326185
0.5482515113489522,0.03620512995326185
0.5482515113489522,0.03620512995326185
0.5482515113489522,0.03620512995326185
0.5482515113489522,0.03620512995326185
0.5482515113489522,0.03620512995326185
0.5482515113489522,0.03620512995326185
0.5482515113489522,0.03620512995326185
0.5482515113489522,0.03620512995326185
0.5482515113489522,0.03620512995326185
0.5482515113489522,0.03620512995326185
0.5482515113489522,0.03620512995326185
0.5482515113489522,0.03620512995326185
0.5482515113489522,0.03620512995326185
0.5482515113489522,0.03620512995326185
0.5482515113489522,0.03620512995326185
0.5482515113489522,0.03620512995326185
0.5482515113489522,0.03620512995326185
0.5482515113489522,0.03620512995326185
0.5482515113489522,0.03620512995326185
0.5482515113489522,0.03620512995326185
0.5482515113489522,0.03620512995326185
0.5482515113489522,0.03620512995326185
0.5482515113489522,0.03620512995326185
0.5482515113489522,0.03620512995326185
0.5482515113489522,0.03620512995326185
0.5482515113489522,0.03620512995326185
0.5482515113489522,0.03620512995326185
0.5482515113489522,0.03620512995326185
0.5482515113489522,0.03620512995326185
0.5482515113489522,0.03620512995326185
0.5482515113489522,0.03620512995326185
0.5482515113489522,0.03620512995326185
0.5482515113489522,0.03620512995326185
0.5482515113489522,0.03620512995326185
0.5482515113489522,0.03620512995326185
0.5482515113489522,0.03620512995326185
0.5482515113489522,0.03620512995326185
0.5482515113489522,0.03620512995326185
0.5482515113489522,0.03620512995326185
0.5482515113489522,0.03620512995326185
0.5482515113489522,0.03620512995326185
0.5482515113489522,0.03620512995326185
0.5482515113489522,0.03620512995326185
0.5482515113489522,0.03620512995326185
0.5482515113489522,0.03620512995326185
0.5482515113489522,0.03620512995326185
0.5482515113489522,0.03620512995326185
0.5482515113489522,0.03620512995326185
0.5482515113489522,0.03620512995326185
0.5482515113489522,0.03620512995326185
0.5482515113489522,0.03620512995326185
0.5482515113489522,0.03620512995326185
0.5482515113489522,0.03620512995326185
0.5482515113489522,0.03620512995326185
0.5482515113489522,0.03620512995326185
0.5482515113489522,0.03620512995326185
0.5482515113489522,0.03620512995326185
0.5482515113489522,0.03620512995326185
0.5482515113489522,0.03620512995326185
0.5482515113489522,0.03620512995326185
0.5482515113489522,0.03620512995326185
0.5482515113489522,0.03620512995326185
0.5482515113489522,0.03620512995326185
0.5482515113489522,0.03620512995326185
0.5482515113489522,0.03620512995326185
0.5482515113489522,0.03620512995326185
0.5482515113489522,0.03620512995326185
0.5482515113489522,0.03620512995326185
0.5482515113489522,0.03620512995326185
0.5482515113489522,0.03620512995326185
0.5482515113489522,0.03620512995326185
0.5482515113489522,0.03620512995326185
0.5482515113489522,0.03620512995326185
0.5482515113489522,0.03620512995326185
0.5482515113489522,0.03620512995326185
0.5482515113489522,0.03620512995326185
0.5482515113489522,0.03620512995326185
0.5482515113489522,0.03620512995326185
0.5482515113489522,0.03620512995326185
0.5482515113489522,0.03620512995326185
0.5482515113489522,0.03620512995326185
0.5482515113489522,0.03620512995326185
0.5482515113489522,0.03620512995326185
0.5482515113489522,0.03620512995326185
0.5482515113489522,0.03620512995326185
0.5482515113489522,0.03620512995326185
0.5482515113489522,0.03620512995326185
0.5482515113489522,0.03620512995326185
0.5482515113489522,0.03620512995326185
0.5482515113489522,0.03620512995326185
0.5482515113489522,0.03620512995326185
0.5482515113489522,0.03620512995326185
0.5482515113489522,0.03620512995326185
0.5482515113489522,0.03620512995326185
0.5482515113489522,0.03620512995326185
0.5482515113489522,0.03620512995326185
0.5482515113489522,0.03620512995326185
0.5482515113489522,0.03620512995326185
0.5482515113489522,0.03620512995326185
0.5482515113489522,0.03620512995326185
