f_r,phi_R0max
0.9999,0.0001
0.9999,0.0001
0.998167643103155,0.0001
0.998167643103155,0.0001
0.9971062673390384,0.0001
0.9971062673390384,0.0001
0.9914761351292655,0.0001
0.9914761351292655,0.0001
0.9914761351292655,0.0001
0.9914761351292655,0.0001
0.9850071901813522,0.0001
0.9850071901813522,0.0001
0.9861599489418434,0.004751829098288543
0.9861599489418434,0.006584163368135879
0.9861599489418434,0.006584163368135879
0.9846671026694284,0.005172473008456734
0.9750025178667278,0.005172473008456734
0.9750025178667278,0.006092264694536774
0.9750025178667278,0.006092264694536774
0.9750025178667278,0.006092264694536774
0.9700342350317921,0.006092264694536774
0.9700342350317921,0.006092264694536774
0.9635128711305989,0.006092264694536774
0.958447973417306,0.004494836836682612
0.958447973417306,0.0076656478457735565
0.9541610714936997,0.0076656478457735565
0.9541610714936997,0.0076656478457735565
0.9541610714936997,0.0076656478457735565
0.9514300987143737,0.0076656478457735565
0.949723009717051,0.013190777050140563
0.949723009717051,0.015226464263700067
0.949723009717051,0.015226464263700067
0.949723009717051,0.016018521017580917
0.949723009717051,0.016018521017580917
0.949723009717051,0.016018521017580917
0.949723009717051,0.016018521017580917
0.9465396150168406,0.011686561648747295
0.9465396150168406,0.011686561648747295
0.9465396150168406,0.013425428564546977
0.9465396150168406,0.013425428564546977
0.9453219107210007,0.014989464912163632
0.9411467013894311,0.017449939058827812
0.9411467013894311,0.017449939058827812
0.9411467013894311,0.017449939058827812
0.9322971297334708,0.017449939058827812
0.9322971297334708,0.017449939058827812
0.9322971297334708,0.017449939058827812
0.9322971297334708,0.017449939058827812
0.9322971297334708,0.017449939058827812
0.9322971297334708,0.017449939058827812
0.9322971297334708,0.017449939058827812
0.9322971297334708,0.017449939058827812
0.9277765991907302,0.016652134739533222
0.9277765991907302,0.016652134739533222
0.9261811967669574,0.016259414127303598
0.9261811967669574,0.016259414127303598
0.9261811967669574,0.016259414127303598
0.9259120055263002,0.016259414127303598
0.9259120055263002,0.016259414127303598
0.9259120055263002,0.016900775676329586
0.9259120055263002,0.017252452342004038
0.9259120055263002,0.017252452342004038
0.9182035420214462,0.012494310526295925
0.913059790731371,0.013166470478225388
0.913059790731371,0.013166470478225388
0.913059790731371,0.013166470478225388
0.9005360562613123,0.013166470478225388
0.9005360562613123,0.013166470478225388
0.9005360562613123,0.013166470478225388
0.9005360562613123,0.013166470478225388
0.8948408406303041,0.009509814707283692
0.8948408406303041,0.009509814707283692
0.8948408406303041,0.009509814707283692
0.8948408406303041,0.009509814707283692
0.8908999241754813,0.011811600080908645
0.8908999241754813,0.011811600080908645
0.8895894631986327,0.01479453593191309
0.8895894631986327,0.01479453593191309
0.8895894631986327,0.01479453593191309
0.8812922255375863,0.01479453593191309
0.8756843299437439,0.013914499706488904
0.8756843299437439,0.014853631710052813
0.8756843299437439,0.018193183129792748
0.8720588597990332,0.018193183129792748
0.8633517035153674,0.0171184014977377
0.8565322518167642,0.014917380144786644
0.8565322518167642,0.014917380144786644
0.8565322518167642,0.014917380144786644
0.8565322518167642,0.01655301754643076
0.8565322518167642,0.01655301754643076
0.8565322518167642,0.01655301754643076
0.8553087241896549,0.017503179749058295
0.8495642198429629,0.01547298437631431
0.8495642198429629,0.01547298437631431
0.8495448719067508,0.01547298437631431
0.8495448719067508,0.01594519579657627
0.8495448719067508,0.01594519579657627
0.8466332502013271,0.01594519579657627
0.8466332502013271,0.01594519579657627
0.8466332502013271,0.01594519579657627
0.8466332502013271,0.02165132985448036
0.8452990854054463,0.02165132985448036
0.8452990854054463,0.02165132985448036
0.8452990854054463,0.02165132985448036
0.8452990854054463,0.02165132985448036
0.8452990854054463,0.02165132985448036
0.8452990854054463,0.02165132985448036
0.8452990854054463,0.02165132985448036
0.8416166477225162,0.020226984413035276
0.8405429991825163,0.020226984413035276
0.8394124116487306,0.020226984413035276
0.837863792592578,0.019868784467995136
0.8294252156928518,0.019868784467995136
0.8294252156928518,0.023469620812928443
0.8294252156928518,0.023469620812928443
0.8294252156928518,0.023469620812928443
0.8294252156928518,0.02542472092483202
0.8250655938771312,0.02645643260462354
0.8124958514773404,0.02645643260462354
0.8080326809439924,0.02645643260462354
0.8080326809439924,0.028384717192847932
0.8080326809439924,0.03185945350586895
0.8080326809439924,0.03185945350586895
0.8004481191124588,0.03185945350586895
0.8004481191124588,0.03185945350586895
0.7967514961708311,0.029463898087949605
0.7967514961708311,0.029463898087949605
0.7922218380411541,0.029463898087949605
0.7922218380411541,0.03070713405389278
0.7866264951439442,0.03070713405389278
0.7774268936533694,0.03270178759172969
0.7774268936533694,0.03270178759172969
0.7718592625376791,0.03341953033802585
0.7718592625376791,0.03328841931947526
0.7655349472578805,0.03701578989320463
0.7655349472578805,0.03701578989320463
0.7655349472578805,0.03701578989320463
0.7660761922661448,0.03488501848688116
0.7630093331871572,0.033624031715441996
0.7591341673694084,0.033624031715441996
0.7591341673694084,0.033624031715441996
0.7540166382325139,0.03638147740335604
0.7540166382325139,0.03638147740335604
0.7540166382325139,0.03638147740335604
0.7540166382325139,0.03638147740335604
0.7540166382325139,0.034177629030199934
0.7540166382325139,0.034177629030199934
0.7540166382325139,0.033750114877766815
0.7540166382325139,0.033750114877766815
0.7540166382325139,0.033750114877766815
0.7540166382325139,0.0317146542628903
0.7540166382325139,0.0317146542628903
0.7540166382325139,0.0317146542628903
0.7540166382325139,0.0317146542628903
0.7540166382325139,0.032908500132618666
0.745791198109076,0.032908500132618666
0.7414895676038623,0.03282526107243195
0.7340172384552547,0.03336922743050385
0.72857926490313,0.031685345569274985
0.72857926490313,0.031685345569274985
0.7213376845737186,0.03207545894629283
0.7213376845737186,0.03207545894629283
0.7213376845737186,0.03207545894629283
0.7213376845737186,0.03207545894629283
0.7199224656633859,0.03207545894629283
0.7199224656633859,0.03207545894629283
0.7140163155573909,0.03304710490579868
0.7140163155573909,0.03304710490579868
0.7121240676219821,0.028982939769270293
0.7092434961043291,0.03267250259550616
0.7092434961043291,0.03267250259550616
0.7090119267932282,0.032059990865626234
0.7090119267932282,0.032059990865626234
0.7090119267932282,0.032059990865626234
0.7090119267932282,0.032059990865626234
0.7090119267932282,0.032059990865626234
0.7090119267932282,0.032059990865626234
0.7090119267932282,0.032059990865626234
0.707876154466714,0.032059990865626234
0.707876154466714,0.032059990865626234
0.707876154466714,0.032059990865626234
0.7049116799952801,0.032059990865626234
0.7018695496481633,0.032059990865626234
0.7003268416177212,0.032059990865626234
0.7003268416177212,0.035048352946029704
0.7003268416177212,0.035048352946029704
0.7003268416177212,0.03387482042126395
0.7003268416177212,0.03387482042126395
0.7003268416177212,0.03387482042126395
0.6878900551659245,0.03387482042126395
0.675535733074402,0.03387482042126395
0.675535733074402,0.03387482042126395
0.6711671782072147,0.03428019321240186
0.6690916787592529,0.03428019321240186
0.6622436864097918,0.03293843733608569
0.6622436864097918,0.03293843733608569
0.6622436864097918,0.03540069795871072
0.6622436864097918,0.03540069795871072
0.6622436864097918,0.03540069795871072
0.6622436864097918,0.03540069795871072
0.6618541576859698,0.03540069795871072
0.6618541576859698,0.03391166159474524
0.6592035951225679,0.03391166159474524
0.6567220729251938,0.031892558963106304
0.6438834311976588,0.031892558963106304
0.6425618409453904,0.031892558963106304
0.6425618409453904,0.031892558963106304
0.6425618409453904,0.03306080354353804
0.6394001356299884,0.03306080354353804
0.6380201780918244,0.03306080354353804
0.6380201780918244,0.03306080354353804
0.6380201780918244,0.03306080354353804
0.6380201780918244,0.03306080354353804
0.6380201780918244,0.0362393079568785
0.6333215111803643,0.033931683497190265
0.6284894660261855,0.033931683497190265
0.6284894660261855,0.033931683497190265
0.6284894660261855,0.033931683497190265
0.625898096908258,0.03325192220726422
0.625898096908258,0.03325192220726422
0.6208108048928785,0.035946189978351126
0.6144850607737112,0.03981913322951469
0.6144850607737112,0.03981913322951469
0.6144850607737112,0.03981913322951469
0.6127973915608316,0.03981913322951469
0.6127973915608316,0.03981913322951469
0.6100818091790231,0.03981913322951469
0.6100818091790231,0.03981913322951469
0.6100818091790231,0.03981913322951469
0.6100818091790231,0.03974589111311816
0.6018290849293222,0.03974589111311816
0.6018290849293222,0.03974589111311816
0.6018290849293222,0.03974589111311816
0.6018290849293222,0.03974589111311816
0.6018290849293222,0.03974589111311816
0.6018290849293222,0.03974589111311816
0.6018290849293222,0.03974589111311816
0.6018290849293222,0.03974589111311816
0.6018290849293222,0.03974589111311816
0.6018290849293222,0.03736361849932818
0.6018290849293222,0.03736361849932818
0.6018290849293222,0.0351232681937337
0.6018290849293222,0.0351232681937337
0.5942111972629263,0.0351232681937337
0.5865523463234338,0.0351232681937337
0.5865523463234338,0.0351232681937337
0.5865523463234338,0.0351232681937337
0.5865523463234338,0.0351232681937337
0.5865523463234338,0.0351232681937337
0.5774719806135714,0.0351232681937337
0.5774495456636767,0.0351232681937337
0.5774495456636767,0.0351232681937337
0.5764893349674215,0.0351232681937337
0.5745189136252256,0.034213074057018886
0.5745189136252256,0.034213074057018886
0.5745189136252256,0.034213074057018886
0.5716721806145341,0.034213074057018886
0.5670555798306157,0.034213074057018886
0.5649015878424966,0.034213074057018886
0.5649015878424966,0.034213074057018886
0.5649015878424966,0.034274911274562
0.5649015878424966,0.034274911274562
0.5649015878424966,0.034274911274562
0.5649015878424966,0.034274911274562
0.5646275567453155,0.034274911274562
0.5646275567453155,0.034274911274562
0.5611746243512431,0.03639802971422252
0.5611746243512431,0.03639802971422252
0.5611746243512431,0.03639802971422252
0.5611746243512431,0.03639802971422252
0.5611746243512431,0.03639802971422252
0.5522304275445087,0.03639802971422252
0.5522304275445087,0.03639802971422252
0.5522304275445087,0.03639802971422252
0.5449131042045481,0.03639802971422252
0.5449131042045481,0.03639802971422252
0.5449131042045481,0.03639802971422252
0.5449131042045481,0.03639802971422252
0.5522168373105634,0.03639802971422252
0.5509131097322645,0.03639802971422252
0.5509131097322645,0.03639802971422252
0.5439363990280573,0.03608286114718166
0.5439363990280573,0.03608286114718166
0.5439363990280573,0.03608286114718166
0.5458748197175608,0.03608286114718166
0.5458748197175608,0.03608286114718166
0.5458748197175608,0.03608286114718166
0.5458748197175608,0.03608286114718166
0.5458748197175608,0.03608286114718166
0.5458748197175608,0.03608286114718166
0.5458748197175608,0.03608286114718166
0.5458748197175608,0.03608286114718166
0.5458748197175608,0.03608286114718166
0.5458748197175608,0.03608286114718166
0.5458748197175608,0.03608286114718166
0.5458748197175608,0.03608286114718166
0.5458748197175608,0.03608286114718166
0.5503300953407231,0.03608286114718166
0.5503300953407231,0.03608286114718166
0.5503095495097768,0.03608286114718166
0.5503095495097768,0.03608286114718166
0.5503095495097768,0.03608286114718166
0.5483777936323329,0.03608286114718166
0.5483777936323329,0.03608286114718166
0.5483777936323329,0.03608286114718166
0.5483777936323329,0.03608286114718166
0.5483777936323329,0.03608286114718166
0.5483777936323329,0.03608286114718166
0.5483777936323329,0.03608286114718166
0.5483777936323329,0.03608286114718166
0.5483777936323329,0.03608286114718166
0.5483777936323329,0.03608286114718166
0.5483777936323329,0.03608286114718166
0.5483777936323329,0.03608286114718166
0.5483777936323329,0.03608286114718166
0.5483777936323329,0.03608286114718166
0.5483777936323329,0.03608286114718166
0.5483777936323329,0.03608286114718166
0.5483777936323329,0.03608286114718166
0.5483777936323329,0.03608286114718166
0.5483777936323329,0.03608286114718166
0.5483777936323329,0.03608286114718166
0.5483777936323329,0.03608286114718166
0.5483777936323329,0.03608286114718166
0.5483777936323329,0.03608286114718166
0.5483777936323329,0.03608286114718166
0.5483777936323329,0.03608286114718166
0.5483777936323329,0.03608286114718166
0.5483777936323329,0.03608286114718166
0.5483777936323329,0.03608286114718166
0.5483777936323329,0.03608286114718166
0.5483777936323329,0.03608286114718166
0.5483777936323329,0.03608286114718166
0.5483777936323329,0.03608286114718166
0.5483777936323329,0.03608286114718166
0.5483777936323329,0.03608286114718166
0.5483777936323329,0.03608286114718166
0.5483777936323329,0.03608286114718166
0.5483777936323329,0.03608286114718166
0.5483777936323329,0.03608286114718166
0.5483777936323329,0.03608286114718166
0.5483777936323329,0.03608286114718166
0.5483777936323329,0.03608286114718166
0.5483777936323329,0.03608286114718166
0.5483777936323329,0.03608286114718166
0.5483777936323329,0.03608286114718166
0.5483777936323329,0.03608286114718166
0.5483777936323329,0.03608286114718166
0.5483777936323329,0.03608286114718166
0.5483777936323329,0.03608286114718166
0.5483777936323329,0.03608286114718166
0.5483777936323329,0.03608286114718166
0.5483777936323329,0.03608286114718166
0.5483777936323329,0.03608286114718166
0.5483777936323329,0.03608286114718166
0.5483777936323329,0.03608286114718166
0.5483777936323329,0.03608286114718166
0.5483777936323329,0.03608286114718166
0.5483777936323329,0.03608286114718166
0.5483777936323329,0.03608286114718166
0.5483777936323329,0.03608286114718166
0.5483777936323329,0.03608286114718166
0.5483777936323329,0.03608286114718166
0.5483777936323329,0.03608286114718166
0.5483777936323329,0.03608286114718166
0.5483777936323329,0.03608286114718166
0.5483777936323329,0.03608286114718166
0.5483777936323329,0.03608286114718166
0.5483777936323329,0.03608286114718166
0.5483777936323329,0.03608286114718166
0.5483777936323329,0.03608286114718166
0.5483777936323329,0.03608286114718166
0.5483777936323329,0.03608286114718166
0.5483777936323329,0.03608286114718166
0.5483777936323329,0.03608286114718166
0.5483777936323329,0.03608286114718166
0.5483777936323329,0.03608286114718166
0.5483777936323329,0.03608286114718166
0.5483777936323329,0.03608286114718166
0.5483777936323329,0.03608286114718166
0.5483777936323329,0.03608286114718166
0.5483777936323329,0.03608286114718166
0.5483777936323329,0.03608286114718166
0.5483777936323329,0.03608286114718166
0.5483777936323329,0.03608286114718166
0.5483777936323329,0.03608286114718166
0.5483777936323329,0.03608286114718166
0.5483777936323329,0.03608286114718166
0.5483777936323329,0.03608286114718166
0.5483777936323329,0.03608286114718166
0.5483777936323329,0.03608286114718166
0.5483777936323329,0.03608286114718166
0.5483777936323329,0.03608286114718166
0.5483777936323329,0.03608286114718166
0.5483777936323329,0.03608286114718166
0.5483777936323329,0.03608286114718166
0.5483777936323329,0.03608286114718166
0.5483777936323329,0.03608286114718166
0.5483777936323329,0.03608286114718166
0.5483777936323329,0.03608286114718166
0.5483777936323329,0.03608286114718166
0.5483777936323329,0.03608286114718166
0.5483777936323329,0.03608286114718166
0.5483777936323329,0.03608286114718166
0.5483777936323329,0.03608286114718166
0.5483777936323329,0.03608286114718166
0.5483777936323329,0.03608286114718166
0.5483777936323329,0.03608286114718166
0.5483777936323329,0.03608286114718166
0.5483777936323329,0.03608286114718166
0.5483777936323329,0.03608286114718166
0.5483777936323329,0.036291463851497396
0.5483777936323329,0.036291463851497396
0.5483777936323329,0.036291463851497396
0.5483777936323329,0.036291463851497396
0.5483777936323329,0.036291463851497396
0.5483777936323329,0.036291463851497396
0.5483777936323329,0.036291463851497396
0.5483777936323329,0.036291463851497396
0.5483777936323329,0.036291463851497396
0.5483777936323329,0.036291463851497396
0.5483777936323329,0.036291463851497396
0.5483777936323329,0.036291463851497396
0.5483777936323329,0.036291463851497396
0.5483777936323329,0.036291463851497396
0.5480155275408028,0.036291463851497396
0.5480155275408028,0.036291463851497396
0.5480155275408028,0.036291463851497396
0.5480155275408028,0.036291463851497396
0.5480155275408028,0.036291463851497396
0.5480155275408028,0.036291463851497396
0.5480155275408028,0.036291463851497396
0.5480155275408028,0.036291463851497396
0.5480155275408028,0.036291463851497396
0.5480155275408028,0.036291463851497396
0.5480155275408028,0.036291463851497396
0.5480155275408028,0.036291463851497396
0.5480155275408028,0.036291463851497396
0.5480155275408028,0.036291463851497396
0.5480155275408028,0.036291463851497396
0.5480155275408028,0.036291463851497396
0.5480155275408028,0.036291463851497396
0.5480155275408028,0.036291463851497396
0.5480155275408028,0.036291463851497396
0.5480155275408028,0.036291463851497396
0.5480155275408028,0.036291463851497396
0.5480155275408028,0.036291463851497396
0.5480155275408028,0.036291463851497396
0.5480155275408028,0.036291463851497396
0.5480155275408028,0.036291463851497396
0.5480155275408028,0.036291463851497396
0.5480155275408028,0.036291463851497396
0.5480155275408028,0.036291463851497396
0.5480155275408028,0.036291463851497396
0.5480155275408028,0.036291463851497396
0.5480155275408028,0.036291463851497396
0.5480155275408028,0.036291463851497396
0.5480155275408028,0.036291463851497396
0.5480155275408028,0.036291463851497396
0.5480155275408028,0.036291463851497396
0.5480155275408028,0.036291463851497396
0.5480155275408028,0.036291463851497396
0.5480155275408028,0.036291463851497396
0.5480155275408028,0.036291463851497396
0.5480155275408028,0.036291463851497396
0.5480155275408028,0.036291463851497396
0.5480155275408028,0.036291463851497396
0.5480155275408028,0.036291463851497396
0.5480155275408028,0.036291463851497396
0.5480155275408028,0.036291463851497396
0.5480155275408028,0.036291463851497396
0.5480155275408028,0.036291463851497396
0.5480155275408028,0.036291463851497396
0.5480155275408028,0.036291463851497396
0.5480155275408028,0.036291463851497396
0.5480155275408028,0.036291463851497396
0.5480155275408028,0.036291463851497396
0.5480155275408028,0.03626412928982172
0.5480155275408028,0.03626412928982172
0.5480155275408028,0.03626412928982172
0.5480155275408028,0.03626412928982172
0.5480155275408028,0.03626412928982172
0.5480155275408028,0.03626412928982172
0.5480155275408028,0.03626412928982172
0.5480155275408028,0.03626412928982172
0.5480155275408028,0.03626412928982172
0.5480155275408028,0.03626412928982172
0.5480155275408028,0.03626412928982172
0.5480155275408028,0.03626412928982172
0.5480155275408028,0.03626412928982172
0.5480155275408028,0.03626412928982172
0.5480155275408028,0.03626412928982172
0.5480155275408028,0.03626412928982172
0.5480155275408028,0.03626412928982172
0.5480155275408028,0.03626412928982172
0.5480155275408028,0.03626412928982172
0.5480155275408028,0.03626412928982172
0.5480155275408028,0.03626412928982172
0.5480155275408028,0.03626412928982172
0.5480155275408028,0.03626412928982172
0.5480155275408028,0.03626412928982172
0.5480155275408028,0.03626412928982172
0.5480155275408028,0.03626412928982172
0.5480155275408028,0.03626412928982172
0.5480155275408028,0.03626412928982172
0.5480155275408028,0.03626412928982172
0.5480155275408028,0.03626412928982172
0.5480155275408028,0.03626412928982172
0.5480155275408028,0.03626412928982172
0.5480155275408028,0.03626412928982172
0.5480155275408028,0.03626412928982172
0.5480155275408028,0.03626412928982172
0.5480155275408028,0.03626412928982172
0.5480155275408028,0.03626412928982172
0.5480155275408028,0.03626412928982172
0.5480155275408028,0.03626412928982172
0.5480155275408028,0.03626412928982172
0.5480155275408028,0.03626412928982172
0.5480155275408028,0.03626412928982172
0.5480155275408028,0.03626412928982172
0.5480155275408028,0.03626412928982172
0.5480155275408028,0.03626412928982172
0.5480155275408028,0.03626412928982172
0.5480155275408028,0.03626412928982172
0.5480155275408028,0.03626412928982172
0.5480155275408028,0.03626412928982172
0.5480155275408028,0.03626412928982172
0.5480155275408028,0.03626412928982172
0.5480155275408028,0.03626412928982172
0.5480155275408028,0.03626412928982172
0.5480155275408028,0.03626412928982172
0.5480155275408028,0.03626412928982172
0.5480155275408028,0.03626412928982172
0.5480155275408028,0.03626412928982172
0.5480155275408028,0.03626412928982172
0.5480155275408028,0.03626412928982172
0.5480155275408028,0.03626412928982172
0.5480155275408028,0.03626412928982172
0.5480155275408028,0.03626412928982172
0.5480155275408028,0.03626412928982172
0.5480155275408028,0.03626412928982172
0.5480155275408028,0.03626412928982172
0.5480155275408028,0.03626412928982172
0.5480155275408028,0.03626412928982172
0.5480155275408028,0.03626412928982172
0.5480155275408028,0.03626412928982172
0.5480155275408028,0.03626412928982172
0.5480155275408028,0.03626412928982172
0.5480155275408028,0.03626412928982172
0.5480155275408028,0.03626412928982172
0.5480155275408028,0.03626412928982172
0.5480155275408028,0.03626412928982172
0.5480155275408028,0.03626412928982172
0.5480155275408028,0.03626412928982172
0.5480155275408028,0.03626412928982172
0.5480155275408028,0.03626412928982172
0.5480155275408028,0.03626412928982172
0.5480155275408028,0.03626412928982172
0.5480155275408028,0.03626412928982172
0.5480155275408028,0.03626412928982172
0.5480155275408028,0.03626412928982172
0.5480155275408028,0.03626412928982172
0.5480155275408028,0.03626412928982172
0.5480155275408028,0.03626412928982172
0.5480155275408028,0.03626412928982172
0.5480155275408028,0.03626412928982172
0.5480155275408028,0.03626412928982172
0.5480155275408028,0.03626412928982172
0.5480155275408028,0.03626412928982172
0.5480155275408028,0.03626412928982172
0.5480155275408028,0.03626412928982172
0.5480155275408028,0.03626412928982172
0.5480155275408028,0.03626412928982172
0.5480155275408028,0.03626412928982172
0.5480155275408028,0.03626412928982172
0.5480155275408028,0.03626412928982172
0.5480155275408028,0.03626412928982172
0.5480155275408028,0.03626412928982172
0.5480155275408028,0.03626412928982172
0.5480155275408028,0.03626412928982172
0.5480155275408028,0.03626412928982172
0.5480155275408028,0.03626412928982172
0.5480155275408028,0.03626412928982172
0.5480155275408028,0.03626412928982172
0.5480155275408028,0.03626412928982172
0.5480155275408028,0.03626412928982172
0.5480155275408028,0.03626412928982172
0.5480155275408028,0.03626412928982172
0.5480155275408028,0.03626412928982172
0.5480155275408028,0.03626412928982172
0.5480155275408028,0.03626412928982172
0.5480155275408028,0.03626412928982172
0.5480155275408028,0.03626412928982172
0.5480155275408028,0.03626412928982172
0.5480155275408028,0.03626412928982172
0.5480155275408028,0.03626412928982172
0.5480155275408028,0.03626412928982172
0.5480155275408028,0.03626412928982172
0.5480155275408028,0.03626412928982172
0.5480155275408028,0.03626412928982172
0.5480155275408028,0.03626412928982172
0.5480155275408028,0.03626412928982172
0.5480155275408028,0.03626412928982172
0.5480155275408028,0.03626412928982172
0.5480155275408028,0.03626412928982172
0.5480155275408028,0.03626412928982172
0.5480155275408028,0.03626412928982172
0.5480155275408028,0.03626412928982172
0.5480155275408028,0.03626412928982172
0.5480155275408028,0.03626412928982172
0.5480155275408028,0.03626412928982172
0.5480155275408028,0.03626412928982172
0.5480155275408028,0.03626412928982172
0.5480155275408028,0.03626412928982172
0.5480155275408028,0.03626412928982172
0.5480155275408028,0.03626412928982172
0.5480155275408028,0.03626412928982172
0.5480155275408028,0.03626412928982172
0.5480155275408028,0.03626412928982172
0.5480155275408028,0.03626412928982172
0.5480155275408028,0.03626412928982172
0.5480155275408028,0.03626412928982172
0.5480155275408028,0.03626412928982172
0.5480155275408028,0.03626412928982172
0.5480155275408028,0.03626412928982172
0.5480155275408028,0.03626412928982172
0.5480155275408028,0.03626412928982172
0.5480155275408028,0.03626412928982172
0.5480155275408028,0.03626412928982172
0.5480155275408028,0.03626412928982172
0.5480155275408028,0.03626412928982172
0.5480155275408028,0.03626412928982172
0.5480155275408028,0.03626412928982172
0.5480155275408028,0.03626412928982172
0.5480155275408028,0.03626412928982172
0.5480155275408028,0.03626412928982172
0.5480155275408028,0.03626412928982172
0.5480155275408028,0.03626412928982172
0.5480155275408028,0.03626412928982172
0.5480155275408028,0.03626412928982172
0.5480155275408028,0.03626412928982172
0.5480155275408028,0.03626412928982172
0.5480155275408028,0.03626412928982172
0.5480155275408028,0.03626412928982172
0.5480155275408028,0.03626412928982172
0.5480155275408028,0.03626412928982172
0.5480155275408028,0.03626412928982172
0.5480155275408028,0.03626412928982172
0.5480155275408028,0.03626412928982172
0.5480155275408028,0.03626412928982172
0.5480155275408028,0.03626412928982172
0.5480155275408028,0.03626412928982172
0.5480155275408028,0.03626412928982172
0.5480155275408028,0.03626412928982172
0.5480155275408028,0.03626412928982172
0.5480155275408028,0.03626412928982172
0.5480155275408028,0.03626412928982172
0.5480155275408028,0.03624938599347042
0.5480155275408028,0.03624938599347042
0.5480155275408028,0.03624938599347042
0.5480155275408028,0.03624938599347042
0.5480155275408028,0.03624938599347042
0.5480155275408028,0.03624938599347042
0.5480155275408028,0.03624938599347042
0.5480155275408028,0.03624938599347042
0.5480155275408028,0.03624938599347042
0.5480155275408028,0.03624938599347042
0.5480155275408028,0.03624938599347042
0.5480155275408028,0.03624938599347042
0.5480155275408028,0.03624938599347042
0.5480155275408028,0.03624938599347042
0.5480155275408028,0.03624938599347042
0.5480155275408028,0.03624938599347042
0.5480155275408028,0.03624938599347042
0.5480155275408028,0.03624938599347042
0.5480155275408028,0.03624938599347042
0.5480155275408028,0.03624938599347042
0.5480155275408028,0.03624938599347042
0.5480155275408028,0.03624938599347042
0.5480155275408028,0.03624938599347042
0.5480155275408028,0.03624938599347042
0.5480155275408028,0.03624938599347042
0.5480155275408028,0.03624938599347042
0.5480155275408028,0.03624938599347042
0.5480155275408028,0.03624938599347042
0.5480155275408028,0.03624938599347042
0.5480155275408028,0.03624938599347042
0.5480155275408028,0.03624938599347042
0.5480155275408028,0.03624938599347042
0.5480155275408028,0.03624938599347042
0.5480155275408028,0.03624938599347042
0.5480155275408028,0.03624938599347042
0.5480155275408028,0.03624938599347042
0.5480155275408028,0.03624938599347042
0.5480155275408028,0.03624938599347042
0.5480155275408028,0.03624938599347042
0.5480155275408028,0.03624938599347042
0.5480155275408028,0.03624938599347042
0.5480155275408028,0.03624938599347042
0.5480155275408028,0.03624938599347042
0.5480155275408028,0.03624938599347042
0.5480155275408028,0.03624938599347042
0.5480155275408028,0.03624938599347042
0.5480155275408028,0.03624938599347042
0.5480155275408028,0.03624938599347042
0.5480155275408028,0.03624938599347042
0.5480155275408028,0.03624938599347042
0.5480155275408028,0.03624938599347042
0.5480155275408028,0.03624938599347042
0.5480155275408028,0.03624938599347042
0.5480155275408028,0.03624938599347042
0.5480155275408028,0.03624938599347042
0.5480155275408028,0.03624938599347042
0.5480155275408028,0.03624938599347042
0.5480155275408028,0.03624938599347042
0.5480155275408028,0.03624938599347042
0.5480155275408028,0.03624938599347042
0.5480155275408028,0.03624938599347042
0.5480155275408028,0.03624938599347042
0.5480155275408028,0.03624938599347042
0.5480155275408028,0.03624938599347042
0.5480155275408028,0.03624938599347042
0.5480155275408028,0.03624938599347042
0.5480155275408028,0.03624938599347042
0.5483482569275079,0.03619907597206499
0.5483482569275079,0.03619907597206499
0.5483482569275079,0.03619907597206499
0.5483482569275079,0.03619907597206499
0.5483482569275079,0.03619907597206499
0.5483482569275079,0.03619907597206499
0.5483482569275079,0.03619907597206499
0.5483482569275079,0.03619907597206499
0.5483482569275079,0.03619907597206499
0.5483482569275079,0.03619907597206499
0.5483482569275079,0.03619907597206499
0.5483482569275079,0.03619907597206499
0.5483482569275079,0.03619907597206499
0.5483482569275079,0.03619907597206499
0.5483482569275079,0.03619907597206499
0.5483482569275079,0.03619907597206499
0.5483482569275079,0.03619907597206499
0.5483482569275079,0.03619907597206499
0.5483482569275079,0.03619907597206499
0.5483482569275079,0.03619907597206499
0.5483482569275079,0.03619907597206499
0.5483482569275079,0.03619907597206499
0.5483482569275079,0.03619907597206499
0.5483482569275079,0.03619907597206499
0.5483482569275079,0.03619907597206499
0.5483482569275079,0.03619907597206499
0.5483482569275079,0.03619907597206499
0.5482824191411406,0.03619907597206499
0.5482824191411406,0.03619907597206499
0.5482824191411406,0.03619907597206499
0.5482824191411406,0.03619907597206499
0.5482824191411406,0.03619907597206499
0.5482824191411406,0.03619907597206499
0.5482824191411406,0.03619907597206499
0.5482824191411406,0.03619907597206499
0.5482824191411406,0.03619907597206499
0.5482824191411406,0.03619907597206499
0.5482824191411406,0.03619907597206499
0.5482824191411406,0.03619907597206499
0.5482824191411406,0.03619907597206499
0.5482824191411406,0.03619907597206499
0.5482824191411406,0.03619907597206499
0.5482824191411406,0.03619907597206499
0.5482824191411406,0.03619907597206499
0.5482824191411406,0.03619907597206499
0.5482824191411406,0.03619907597206499
0.5482824191411406,0.03619907597206499
0.5482824191411406,0.03619907597206499
0.5482824191411406,0.03619907597206499
0.5482824191411406,0.03619907597206499
0.5482824191411406,0.03619907597206499
0.5482824191411406,0.03619907597206499
0.5482824191411406,0.03619907597206499
0.5482824191411406,0.03619907597206499
0.5482824191411406,0.03619907597206499
0.5482824191411406,0.03619907597206499
0.5482824191411406,0.03619907597206499
0.5482824191411406,0.03619907597206499
0.5482824191411406,0.03619907597206499
0.5482824191411406,0.03619907597206499
0.5482824191411406,0.03619907597206499
0.5482824191411406,0.03619907597206499
0.5482824191411406,0.03619907597206499
0.5482824191411406,0.03619907597206499
0.5482824191411406,0.03619907597206499
0.5482824191411406,0.03619907597206499
0.5482824191411406,0.03619907597206499
0.5482824191411406,0.03619907597206499
0.5482824191411406,0.03619907597206499
0.5482824191411406,0.03619907597206499
0.5482824191411406,0.03619907597206499
0.5482824191411406,0.03619907597206499
0.5482824191411406,0.03619907597206499
0.5482824191411406,0.03619907597206499
0.5482824191411406,0.03619907597206499
0.5482824191411406,0.03619907597206499
0.5482824191411406,0.03619907597206499
0.5482824191411406,0.03619907597206499
0.5482824191411406,0.03619907597206499
0.5482824191411406,0.03619907597206499
0.5482824191411406,0.03619907597206499
0.5482824191411406,0.03619907597206499
0.5482824191411406,0.03619907597206499
0.5482824191411406,0.03619907597206499
0.5482824191411406,0.03619907597206499
0.5482824191411406,0.03619907597206499
0.5482824191411406,0.03619907597206499
0.5482824191411406,0.03619907597206499
0.5482824191411406,0.03619907597206499
0.5482824191411406,0.03619907597206499
0.5482824191411406,0.03619907597206499
0.5482824191411406,0.03619907597206499
0.5482824191411406,0.03619907597206499
0.5482824191411406,0.03619907597206499
0.5482824191411406,0.03619907597206499
0.5482824191411406,0.03619907597206499
0.5482824191411406,0.03619907597206499
0.5482824191411406,0.03619907597206499
0.5482824191411406,0.03619907597206499
0.5482824191411406,0.03619907597206499
0.5482824191411406,0.03619907597206499
0.5482824191411406,0.03619907597206499
0.5482824191411406,0.03619907597206499
0.5482824191411406,0.03619907597206499
0.5482824191411406,0.03619907597206499
0.5482824191411406,0.03619907597206499
0.5482824191411406,0.03619907597206499
0.5482824191411406,0.03619907597206499
0.5482824191411406,0.03619907597206499
0.5482824191411406,0.03619907597206499
0.5482824191411406,0.03619907597206499
0.5482824191411406,0.03619907597206499
0.5482824191411406,0.03619907597206499
0.5482824191411406,0.03619907597206499
0.5482824191411406,0.03619907597206499
0.5482824191411406,0.03619907597206499
0.5482824191411406,0.03619907597206499
0.5482824191411406,0.03619907597206499
0.5482824191411406,0.03619907597206499
0.5482824191411406,0.03619907597206499
0.5482824191411406,0.03619907597206499
0.5482824191411406,0.03619907597206499
0.5482824191411406,0.03619907597206499
0.5482824191411406,0.03619907597206499
0.5482824191411406,0.03619907597206499
0.5482824191411406,0.03619907597206499
0.5482824191411406,0.03619907597206499
0.5482824191411406,0.03619907597206499
0.5482824191411406,0.03619907597206499
0.5482824191411406,0.03619907597206499
0.5482824191411406,0.03619907597206499
0.5482824191411406,0.03619907597206499
0.5482824191411406,0.03619907597206499
0.5482824191411406,0.03619907597206499
0.5482824191411406,0.03619907597206499
0.5482824191411406,0.03619907597206499
0.5482824191411406,0.03619907597206499
0.5482824191411406,0.03619907597206499
0.5482824191411406,0.03619907597206499
0.5482824191411406,0.03619907597206499
0.5482824191411406,0.03619907597206499
0.5482824191411406,0.03619907597206499
0.5482824191411406,0.03619907597206499
0.5482824191411406,0.03619907597206499
0.5482824191411406,0.03619907597206499
0.5482824191411406,0.03619907597206499
0.5482824191411406,0.03619907597206499
0.5482824191411406,0.03619907597206499
0.5482824191411406,0.03619907597206499
0.5482824191411406,0.03619907597206499
0.5482824191411406,0.03619907597206499
0.5482824191411406,0.03619907597206499
0.5482824191411406,0.03619907597206499
0.5482824191411406,0.03619907597206499
0.5482824191411406,0.03619907597206499
0.5482824191411406,0.03619907597206499
0.5482824191411406,0.03619907597206499
0.5482824191411406,0.03619907597206499
0.5482824191411406,0.03619907597206499
0.5482824191411406,0.03619907597206499
0.5482824191411406,0.03619907597206499
0.5482824191411406,0.03619907597206499
0.5482824191411406,0.03619907597206499
0.5482824191411406,0.03619907597206499
0.5482824191411406,0.03619907597206499
0.5482824191411406,0.03619907597206499
0.5482824191411406,0.03619907597206499
0.5482824191411406,0.03619907597206499
0.5482824191411406,0.03619907597206499
0.5482824191411406,0.03619907597206499
0.5482824191411406,0.03619907597206499
0.5482824191411406,0.03619907597206499
0.5482824191411406,0.03619907597206499
0.5482824191411406,0.03619907597206499
0.5482824191411406,0.03619907597206499
0.5482824191411406,0.03619907597206499
0.5482824191411406,0.03619907597206499
0.5482824191411406,0.03619907597206499
0.5482824191411406,0.03619907597206499
0.5482824191411406,0.03619907597206499
0.5482824191411406,0.03619907597206499
0.5482824191411406,0.03619907597206499
0.5482824191411406,0.03619907597206499
0.5482824191411406,0.03619907597206499
0.5482824191411406,0.03619907597206499
0.5482824191411406,0.03619907597206499
0.5482824191411406,0.03619907597206499
0.5482824191411406,0.03619907597206499
0.5482824191411406,0.03619907597206499
0.5482824191411406,0.03619907597206499
0.5482824191411406,0.03619907597206499
0.5482824191411406,0.03619907597206499
0.5482824191411406,0.03619907597206499
0.5482824191411406,0.03619907597206499
0.5482824191411406,0.03619907597206499
0.5482824191411406,0.03619907597206499
0.5482824191411406,0.03619907597206499
0.5482824191411406,0.03619907597206499
0.5482824191411406,0.03619907597206499
0.5482824191411406,0.03619907597206499
0.5482824191411406,0.03619907597206499
0.5482824191411406,0.03619907597206499
0.5482824191411406,0.03619907597206499
0.5482824191411406,0.03619907597206499
0.5482824191411406,0.03619907597206499
0.5482824191411406,0.03619907597206499
0.5482824191411406,0.03619907597206499
0.5482824191411406,0.03619907597206499
0.5482824191411406,0.03619907597206499
0.5482824191411406,0.03619907597206499
0.5482824191411406,0.03619907597206499
0.5482824191411406,0.03619907597206499
0.5482824191411406,0.03619907597206499
0.5482824191411406,0.03619907597206499
0.5482824191411406,0.03619907597206499
0.5482824191411406,0.03619907597206499
0.5482824191411406,0.03619907597206499
0.5482824191411406,0.03619907597206499
0.5482824191411406,0.03619907597206499
0.5482824191411406,0.03619907597206499
0.5482824191411406,0.03619907597206499
0.5482824191411406,0.03619907597206499
0.5482824191411406,0.03619907597206499
0.5482824191411406,0.03619907597206499
0.5482824191411406,0.03619907597206499
0.5482824191411406,0.03619907597206499
0.5482824191411406,0.03619907597206499
0.5482824191411406,0.03619907597206499
0.5482824191411406,0.03619907597206499
0.5482824191411406,0.03619907597206499
0.5482824191411406,0.03619907597206499
0.5482824191411406,0.03619907597206499
0.5482824191411406,0.03619907597206499
0.5482824191411406,0.03619907597206499
0.5482824191411406,0.03619907597206499
0.5482824191411406,0.03619907597206499
0.5482824191411406,0.03619907597206499
0.5482824191411406,0.03619907597206499
0.5482824191411406,0.03619907597206499
0.5482824191411406,0.03619907597206499
0.5482824191411406,0.03619907597206499
0.5482824191411406,0.03619907597206499
0.5482824191411406,0.03619907597206499
0.5482824191411406,0.03619907597206499
0.5482824191411406,0.03619907597206499
0.5482824191411406,0.03619907597206499
0.5482824191411406,0.03619907597206499
0.5482824191411406,0.03619907597206499
0.5482824191411406,0.03619907597206499
0.5482824191411406,0.03619907597206499
0.5482824191411406,0.03619907597206499
0.5482824191411406,0.03619907597206499
0.5482824191411406,0.03619907597206499
0.5482824191411406,0.03619907597206499
0.5482824191411406,0.03619907597206499
0.5482824191411406,0.03619907597206499
0.5482824191411406,0.03619907597206499
0.5482824191411406,0.03619907597206499
0.5482824191411406,0.03619907597206499
0.5482824191411406,0.03619907597206499
0.5482824191411406,0.03619907597206499
0.5482824191411406,0.03619907597206499
0.5482824191411406,0.03619907597206499
0.5482824191411406,0.03619907597206499
0.5482824191411406,0.03619907597206499
0.5482824191411406,0.03619907597206499
0.5482824191411406,0.03619907597206499
0.5482824191411406,0.03619907597206499
0.5482824191411406,0.03619907597206499
0.5482824191411406,0.03619907597206499
0.5482824191411406,0.03619907597206499
0.5482824191411406,0.03619907597206499
0.5482824191411406,0.03619907597206499
0.5482824191411406,0.03619907597206499
0.5482824191411406,0.03619907597206499
0.5482824191411406,0.03619907597206499
0.5482824191411406,0.03619907597206499
0.5482824191411406,0.03619907597206499
0.5482824191411406,0.03619907597206499
0.5482824191411406,0.03619907597206499
0.5482824191411406,0.03619907597206499
0.5482824191411406,0.03619907597206499
0.5482824191411406,0.03619907597206499
0.5482824191411406,0.03619907597206499
0.5482824191411406,0.03619907597206499
0.5482824191411406,0.03619907597206499
0.5482824191411406,0.03619907597206499
0.5482824191411406,0.03619907597206499
0.5482824191411406,0.03619907597206499
0.5482824191411406,0.03619907597206499
0.5482824191411406,0.03619907597206499
0.5482824191411406,0.03619907597206499
0.5482824191411406,0.03619907597206499
0.5482824191411406,0.03619907597206499
0.5482824191411406,0.03619907597206499
0.5482824191411406,0.03619907597206499
0.5482824191411406,0.03619907597206499
0.5482824191411406,0.03619907597206499
0.5482824191411406,0.03619907597206499
0.5482824191411406,0.03619907597206499
0.5482824191411406,0.03619907597206499
0.5482824191411406,0.03619907597206499
0.5482824191411406,0.03619907597206499
0.5482824191411406,0.03619907597206499
0.5482824191411406,0.03619907597206499
0.5482824191411406,0.03619907597206499
0.5482824191411406,0.03619907597206499
0.5482824191411406,0.03619907597206499
0.5482824191411406,0.03619907597206499
0.5482824191411406,0.03619907597206499
0.5482824191411406,0.03619907597206499
0.5482824191411406,0.03619907597206499
0.5482824191411406,0.03619907597206499
0.5482824191411406,0.03619907597206499
0.5482824191411406,0.03619907597206499
0.5482824191411406,0.03619907597206499
0.5482824191411406,0.03619907597206499
0.5482824191411406,0.03619907597206499
0.5482824191411406,0.03619907597206499
0.5482824191411406,0.03619907597206499
0.5482824191411406,0.03619907597206499
0.5482824191411406,0.03619907597206499
0.5482824191411406,0.03619907597206499
0.5482824191411406,0.03619907597206499
0.5482824191411406,0.03619907597206499
0.5482824191411406,0.03619907597206499
0.5482824191411406,0.03619907597206499
0.5482824191411406,0.03619907597206499
0.5482824191411406,0.03619907597206499
0.5482824191411406,0.03619907597206499
0.5482824191411406,0.03619907597206499
0.5482824191411406,0.03619907597206499
0.5482824191411406,0.03619907597206499
0.5482824191411406,0.03619907597206499
0.5482824191411406,0.03619907597206499
0.5482824191411406,0.03619907597206499
0.5482824191411406,0.03619907597206499
0.5482824191411406,0.03619907597206499
0.5482824191411406,0.03619907597206499
0.5482824191411406,0.03619907597206499
0.5482824191411406,0.03619907597206499
0.5482824191411406,0.03619907597206499
0.5482824191411406,0.03619907597206499
0.5482824191411406,0.03619907597206499
0.5482824191411406,0.03619907597206499
0.5482824191411406,0.03619907597206499
0.5482824191411406,0.03619907597206499
0.5482824191411406,0.03619907597206499
0.5482824191411406,0.03619907597206499
0.5482824191411406,0.03619907597206499
0.5482824191411406,0.03619907597206499
0.5482824191411406,0.03619907597206499
0.5482824191411406,0.03619907597206499
0.5482824191411406,0.03619907597206499
0.5482824191411406,0.03619907597206499
0.5482824191411406,0.03619907597206499
0.5482824191411406,0.03619907597206499
0.5482824191411406,0.03619907597206499
0.5482824191411406,0.03619907597206499
0.5482824191411406,0.03619907597206499
0.5482824191411406,0.03619907597206499
0.5482824191411406,0.03619907597206499
0.5482824191411406,0.03619907597206499
0.5482824191411406,0.03619907597206499
0.5482824191411406,0.03619907597206499
0.5482824191411406,0.03619907597206499
0.5482824191411406,0.03619907597206499
0.5482824191411406,0.03619907597206499
0.5482824191411406,0.03619907597206499
0.5482824191411406,0.03619907597206499
0.5482824191411406,0.03619907597206499
0.5482824191411406,0.03619907597206499
0.5482824191411406,0.03619907597206499
0.5482824191411406,0.03619907597206499
0.5482824191411406,0.03619907597206499
0.5482824191411406,0.03619907597206499
0.5482824191411406,0.03619907597206499
0.5482824191411406,0.03619907597206499
0.5482824191411406,0.03619907597206499
0.5482824191411406,0.03619907597206499
0.5482824191411406,0.03619907597206499
0.5482824191411406,0.03619907597206499
0.5482824191411406,0.03619907597206499
0.5482824191411406,0.03619907597206499
0.5482824191411406,0.03619907597206499
0.5482824191411406,0.03619907597206499
0.5482824191411406,0.03619907597206499
0.5482824191411406,0.03619907597206499
0.5482824191411406,0.03619907597206499
0.5482824191411406,0.03619907597206499
0.5482824191411406,0.03619907597206499
0.5482824191411406,0.03619907597206499
0.5482824191411406,0.03619907597206499
0.5482824191411406,0.03619907597206499
0.5482824191411406,0.03619907597206499
0.5482824191411406,0.03619907597206499
0.5482824191411406,0.03619907597206499
0.5482824191411406,0.03619907597206499
0.5482824191411406,0.03619907597206499
0.5482824191411406,0.03619907597206499
0.5482824191411406,0.03619907597206499
0.5482824191411406,0.03619907597206499
0.5482824191411406,0.03619907597206499
0.5482824191411406,0.03619907597206499
0.5482824191411406,0.03619907597206499
0.5482824191411406,0.03619907597206499
0.5482824191411406,0.03619907597206499
0.5482824191411406,0.03619907597206499
0.5482824191411406,0.03619907597206499
0.5482824191411406,0.03619907597206499
0.5482824191411406,0.03619907597206499
0.5482824191411406,0.03619907597206499
0.5482824191411406,0.03619907597206499
0.5482824191411406,0.03619907597206499
0.5482824191411406,0.03619907597206499
0.5482824191411406,0.03619907597206499
0.5482824191411406,0.03619907597206499
0.5482824191411406,0.03619907597206499
0.5482824191411406,0.03619907597206499
0.5482824191411406,0.03619907597206499
0.5482824191411406,0.03619907597206499
0.5482824191411406,0.03619907597206499
0.5482824191411406,0.03619907597206499
0.5482824191411406,0.03619907597206499
0.5482824191411406,0.03619907597206499
0.5482824191411406,0.03619907597206499
0.5482824191411406,0.03619907597206499
0.5482824191411406,0.03619907597206499
0.5482824191411406,0.03619907597206499
0.5482824191411406,0.03619907597206499
0.5482824191411406,0.03619907597206499
0.5482824191411406,0.03619907597206499
0.5482824191411406,0.03619907597206499
0.5482824191411406,0.03619907597206499
0.5482824191411406,0.03619907597206499
0.5482824191411406,0.03619907597206499
0.5482824191411406,0.03619907597206499
0.5482824191411406,0.03619907597206499
0.5482824191411406,0.03619907597206499
0.5482824191411406,0.03619907597206499
0.5482824191411406,0.03619907597206499
0.5482824191411406,0.03619907597206499
0.5482824191411406,0.03619907597206499
0.5482824191411406,0.03619907597206499
0.5482824191411406,0.03619907597206499
0.5482824191411406,0.03619907597206499
0.5482824191411406,0.03619907597206499
0.5482824191411406,0.03619907597206499
0.5482824191411406,0.03619907597206499
0.5482824191411406,0.03619907597206499
0.5482824191411406,0.03619907597206499
0.5482824191411406,0.03619907597206499
0.5482824191411406,0.03619907597206499
0.5482824191411406,0.03619907597206499
0.5482824191411406,0.03619907597206499
0.5482824191411406,0.03619907597206499
0.5482824191411406,0.03619907597206499
0.5482824191411406,0.03619907597206499
0.5482824191411406,0.03619907597206499
0.5482824191411406,0.03619907597206499
0.5482824191411406,0.03619907597206499
0.5482824191411406,0.03619907597206499
0.5482824191411406,0.03619907597206499
0.5482824191411406,0.03619907597206499
0.5482824191411406,0.03619907597206499
0.5482824191411406,0.03619907597206499
0.5482824191411406,0.03619907597206499
0.5482824191411406,0.03619907597206499
0.5482824191411406,0.03619907597206499
0.5482824191411406,0.03619907597206499
0.5482824191411406,0.03619907597206499
0.5482824191411406,0.03619907597206499
0.5482824191411406,0.03619907597206499
0.5482824191411406,0.03619907597206499
0.5482824191411406,0.03619907597206499
0.5482824191411406,0.03619907597206499
0.5482824191411406,0.03619907597206499
0.5482824191411406,0.03619907597206499
0.5482824191411406,0.03619907597206499
0.5482824191411406,0.03619907597206499
0.5482824191411406,0.03619907597206499
0.5482824191411406,0.03619907597206499
0.5482824191411406,0.03619907597206499
0.5482824191411406,0.03619907597206499
0.5482824191411406,0.03619907597206499
0.5482824191411406,0.03619907597206499
0.5482824191411406,0.03619907597206499
0.5482824191411406,0.03619907597206499
0.5482824191411406,0.03619907597206499
0.5482824191411406,0.03619907597206499
0.5482824191411406,0.03619907597206499
0.5482824191411406,0.03619907597206499
0.5482824191411406,0.03619907597206499
0.5482824191411406,0.03619907597206499
0.5482824191411406,0.03619907597206499
0.5482824191411406,0.03619907597206499
0.5482824191411406,0.03619907597206499
0.5482824191411406,0.03619907597206499
0.5482824191411406,0.03619907597206499
0.5482824191411406,0.03619907597206499
0.5482824191411406,0.03619907597206499
0.5482824191411406,0.03619907597206499
0.5482824191411406,0.03619907597206499
0.5482824191411406,0.03619907597206499
0.5482824191411406,0.03619907597206499
0.5482824191411406,0.03619907597206499
0.5482824191411406,0.03619907597206499
0.5482824191411406,0.03619907597206499
0.5482824191411406,0.03619907597206499
0.5482824191411406,0.03619907597206499
0.5482824191411406,0.03619907597206499
0.5482824191411406,0.03619907597206499
0.5482824191411406,0.03619907597206499
0.5482824191411406,0.03619907597206499
0.5482824191411406,0.03619907597206499
0.5482824191411406,0.03619907597206499
0.5482824191411406,0.03619907597206499
0.5482824191411406,0.03619907597206499
0.5482824191411406,0.03619907597206499
0.5482824191411406,0.03619907597206499
0.5482824191411406,0.03619907597206499
0.5482824191411406,0.03619907597206499
0.5482824191411406,0.03619907597206499
0.5482824191411406,0.03619907597206499
0.5482824191411406,0.03619907597206499
0.5482824191411406,0.03619907597206499
0.5482824191411406,0.03619907597206499
0.5482824191411406,0.03619907597206499
0.5482824191411406,0.03619907597206499
0.5482824191411406,0.03619907597206499
0.5482824191411406,0.03619907597206499
0.5482824191411406,0.03619907597206499
0.5482824191411406,0.03619907597206499
0.5482824191411406,0.03619907597206499
0.5482824191411406,0.03619907597206499
0.5482824191411406,0.03619907597206499
0.5482824191411406,0.03619907597206499
0.5482824191411406,0.03619907597206499
0.5482824191411406,0.03619907597206499
0.5482824191411406,0.03619907597206499
0.5482824191411406,0.03619907597206499
0.5482824191411406,0.03619907597206499
0.5482824191411406,0.03619907597206499
0.5482824191411406,0.03619907597206499
0.5482824191411406,0.03619907597206499
0.5482824191411406,0.03619907597206499
0.5482824191411406,0.03619907597206499
0.5482824191411406,0.03619907597206499
0.5482824191411406,0.03619907597206499
0.5482824191411406,0.03619907597206499
0.5482824191411406,0.03619907597206499
0.5482824191411406,0.03619907597206499
0.5482824191411406,0.03619907597206499
0.5482824191411406,0.03619907597206499
0.5482824191411406,0.03619907597206499
0.5482824191411406,0.03619907597206499
0.5482824191411406,0.03619907597206499
0.5482824191411406,0.03619907597206499
0.5482824191411406,0.03619907597206499
0.5482824191411406,0.03619907597206499
0.5482824191411406,0.03619907597206499
0.5482824191411406,0.03619907597206499
0.5482824191411406,0.03619907597206499
0.5482824191411406,0.03619907597206499
0.5482824191411406,0.03619907597206499
0.5482824191411406,0.03619907597206499
0.5482824191411406,0.03619907597206499
0.5482824191411406,0.03619907597206499
0.5482824191411406,0.03619907597206499
0.5482824191411406,0.03619907597206499
0.5482824191411406,0.03619907597206499
0.5482824191411406,0.03619907597206499
0.5482824191411406,0.03619907597206499
0.5482824191411406,0.03619907597206499
0.5482824191411406,0.03619907597206499
0.5482824191411406,0.03619907597206499
0.5482824191411406,0.03619907597206499
0.5482824191411406,0.03619907597206499
0.5482824191411406,0.03619907597206499
0.5482824191411406,0.03619907597206499
0.5482824191411406,0.03619907597206499
0.5482824191411406,0.03619907597206499
0.5482824191411406,0.03619907597206499
0.5482824191411406,0.03619907597206499
0.5482824191411406,0.03619907597206499
0.5482824191411406,0.03619907597206499
0.5482824191411406,0.03619907597206499
0.5482824191411406,0.03619907597206499
0.5482824191411406,0.03619907597206499
0.5482824191411406,0.03619907597206499
0.5482824191411406,0.03619907597206499
0.5482824191411406,0.03619907597206499
0.5482824191411406,0.03619907597206499
0.5482824191411406,0.03619907597206499
0.5482824191411406,0.03619907597206499
0.5482824191411406,0.03619907597206499
0.5482824191411406,0.03619907597206499
0.5482824191411406,0.03619907597206499
0.5482824191411406,0.03619907597206499
0.5482824191411406,0.03619907597206499
0.5482824191411406,0.03619907597206499
0.5482824191411406,0.03619907597206499
0.5482824191411406,0.03619907597206499
0.5482824191411406,0.03619907597206499
0.5482824191411406,0.03619907597206499
0.5482824191411406,0.03619907597206499
0.5482824191411406,0.03619907597206499
0.5482824191411406,0.03619907597206499
0.5482824191411406,0.03619907597206499
0.5482824191411406,0.03619907597206499
0.5482824191411406,0.03619907597206499
0.5482824191411406,0.03619907597206499
0.5482824191411406,0.03619907597206499
0.5482824191411406,0.03619907597206499
0.5482824191411406,0.03619907597206499
0.5482824191411406,0.03619907597206499
0.5482824191411406,0.03619907597206499
0.5482824191411406,0.03619907597206499
0.5482824191411406,0.03619907597206499
0.5482824191411406,0.03619907597206499
0.5482824191411406,0.03619907597206499
0.5482824191411406,0.03619907597206499
0.5482824191411406,0.03619907597206499
0.5482824191411406,0.03619907597206499
0.5482824191411406,0.03619907597206499
0.5482824191411406,0.03619907597206499
0.5482824191411406,0.03619907597206499
0.5482824191411406,0.03619907597206499
0.5482824191411406,0.03619907597206499
0.5482824191411406,0.03619907597206499
0.5482824191411406,0.03619907597206499
0.5482824191411406,0.03619907597206499
0.5482824191411406,0.03619907597206499
0.5482824191411406,0.03619907597206499
0.5482824191411406,0.03619907597206499
0.5482824191411406,0.03619907597206499
0.5482792650924286,0.03619907597206499
0.5482792650924286,0.03619907597206499
0.5482792650924286,0.03619907597206499
0.5482792650924286,0.03619907597206499
0.5482792650924286,0.03619907597206499
0.5482792650924286,0.03619907597206499
0.5482792650924286,0.03619907597206499
0.5482792650924286,0.03619907597206499
0.5482792650924286,0.03619907597206499
0.5482792650924286,0.03619907597206499
0.5482792650924286,0.03619907597206499
0.5482792650924286,0.03619907597206499
0.5482792650924286,0.03619907597206499
0.5482792650924286,0.03619907597206499
0.5482792650924286,0.03619907597206499
0.5482792650924286,0.03619907597206499
0.5482792650924286,0.03619907597206499
0.5482792650924286,0.03619907597206499
0.5482792650924286,0.03619907597206499
0.5482792650924286,0.03619907597206499
0.5482792650924286,0.03619907597206499
0.5482792650924286,0.03619907597206499
0.5482792650924286,0.03619907597206499
0.5482792650924286,0.03619907597206499
0.5482792650924286,0.03619907597206499
0.5482792650924286,0.03619907597206499
0.5482792650924286,0.03619907597206499
0.5482792650924286,0.03619907597206499
0.5482792650924286,0.03619907597206499
0.5482792650924286,0.03619907597206499
0.5482792650924286,0.03619907597206499
0.5482792650924286,0.03619907597206499
0.5482792650924286,0.03619907597206499
0.5482792650924286,0.03619907597206499
0.5482792650924286,0.03619907597206499
0.5482792650924286,0.03619907597206499
0.5482792650924286,0.03619907597206499
0.5482792650924286,0.03619907597206499
0.5482792650924286,0.03619907597206499
0.5482792650924286,0.03619907597206499
0.5482792650924286,0.03619907597206499
0.5482792650924286,0.03619907597206499
0.5482792650924286,0.03619907597206499
0.5482792650924286,0.03619907597206499
0.5482792650924286,0.03619907597206499
0.5482792650924286,0.03619907597206499
0.5482792650924286,0.03619907597206499
0.5482792650924286,0.03619907597206499
0.5482792650924286,0.03619907597206499
0.5482792650924286,0.03619907597206499
0.5482792650924286,0.03619907597206499
0.5482792650924286,0.03619907597206499
0.5482792650924286,0.03619907597206499
0.5482792650924286,0.03619907597206499
0.5482792650924286,0.03619907597206499
0.5482792650924286,0.03619907597206499
0.5482792650924286,0.03619907597206499
0.5482792650924286,0.03619907597206499
0.5482792650924286,0.03619907597206499
0.5482792650924286,0.03619907597206499
0.5482792650924286,0.03619907597206499
0.5482792650924286,0.03619907597206499
0.5482792650924286,0.03619907597206499
0.5482792650924286,0.03619907597206499
0.5482792650924286,0.03619907597206499
0.5482792650924286,0.03619907597206499
0.5482792650924286,0.03619907597206499
0.5482792650924286,0.03619907597206499
0.5482792650924286,0.03619907597206499
0.5482792650924286,0.03619907597206499
0.5482792650924286,0.03619907597206499
0.5482792650924286,0.03619907597206499
0.5482792650924286,0.03619907597206499
0.5482792650924286,0.03619907597206499
0.5482792650924286,0.03619907597206499
0.5482792650924286,0.03619907597206499
0.5482792650924286,0.03619907597206499
0.5482792650924286,0.03619907597206499
0.5482792650924286,0.03619907597206499
0.5482792650924286,0.03619907597206499
0.5482792650924286,0.03619907597206499
0.5482792650924286,0.03619907597206499
0.5482792650924286,0.03619907597206499
0.5482792650924286,0.03619907597206499
0.5482792650924286,0.03619907597206499
0.5482792650924286,0.03619907597206499
0.5482792650924286,0.03619907597206499
0.5482792650924286,0.03619907597206499
0.5482792650924286,0.03619907597206499
0.5482792650924286,0.03619907597206499
0.5482792650924286,0.03619907597206499
0.5482792650924286,0.03619907597206499
0.5482792650924286,0.03619907597206499
0.5482792650924286,0.03619907597206499
0.5482792650924286,0.03619907597206499
0.5482792650924286,0.03619907597206499
0.5482792650924286,0.03619907597206499
0.5482792650924286,0.03619907597206499
0.5482792650924286,0.03619907597206499
0.5482792650924286,0.03619907597206499
0.5482792650924286,0.03619907597206499
0.5482792650924286,0.03619907597206499
0.5482792650924286,0.03619907597206499
0.5482792650924286,0.03619907597206499
0.5482792650924286,0.03619907597206499
0.5482792650924286,0.03619907597206499
0.5482792650924286,0.03619907597206499
0.5482792650924286,0.03619907597206499
0.5482792650924286,0.03619907597206499
0.5482792650924286,0.03619907597206499
0.5482792650924286,0.03619907597206499
0.5482792650924286,0.03619907597206499
0.5482792650924286,0.03619907597206499
0.5482792650924286,0.03619907597206499
0.5482792650924286,0.03619907597206499
0.5482792650924286,0.03619907597206499
0.5482792650924286,0.03619907597206499
0.5482792650924286,0.03619907597206499
0.5482792650924286,0.03619907597206499
0.5482792650924286,0.03619907597206499
0.5482792650924286,0.03619907597206499
0.5482792650924286,0.03619907597206499
0.5482792650924286,0.03619907597206499
0.5482792650924286,0.03619907597206499
0.5482792650924286,0.03619907597206499
0.5482792650924286,0.03619907597206499
0.5482792650924286,0.03619907597206499
0.5482792650924286,0.03619907597206499
0.5482792650924286,0.03619907597206499
0.5482792650924286,0.03619907597206499
0.5482792650924286,0.03619907597206499
0.5482792650924286,0.03619907597206499
0.5482792650924286,0.03619907597206499
0.5482792650924286,0.03619907597206499
0.5482792650924286,0.03619907597206499
0.5482792650924286,0.03619907597206499
0.5482792650924286,0.03619907597206499
0.5482792650924286,0.03619907597206499
0.5482792650924286,0.03619907597206499
0.5482792650924286,0.03619907597206499
0.5482792650924286,0.03619907597206499
0.5482792650924286,0.03619907597206499
0.5482792650924286,0.03619907597206499
0.5482792650924286,0.03619907597206499
0.5482792650924286,0.03619907597206499
0.5482792650924286,0.03619907597206499
0.5482792650924286,0.03619907597206499
0.5482792650924286,0.03619907597206499
0.5482792650924286,0.03619907597206499
0.5482792650924286,0.03619907597206499
0.5482792650924286,0.03619907597206499
0.5482792650924286,0.03619907597206499
0.5482792650924286,0.03619907597206499
0.5482792650924286,0.03619907597206499
0.5482792650924286,0.03619907597206499
0.5482792650924286,0.03619907597206499
0.5482792650924286,0.03619907597206499
0.5482792650924286,0.03619907597206499
0.5482792650924286,0.03619907597206499
0.5482792650924286,0.03619907597206499
0.5482792650924286,0.03619907597206499
0.5482792650924286,0.03619907597206499
0.5482792650924286,0.03619907597206499
0.5482792650924286,0.03619907597206499
0.5482792650924286,0.03619907597206499
0.5482792650924286,0.03619907597206499
0.5482792650924286,0.03619907597206499
0.5482792650924286,0.03619907597206499
0.5482792650924286,0.03619907597206499
0.5482792650924286,0.03619907597206499
0.5482792650924286,0.03619907597206499
0.5482792650924286,0.03619907597206499
0.5482792650924286,0.03619907597206499
0.5482792650924286,0.03619907597206499
0.5482792650924286,0.03619907597206499
0.5482792650924286,0.03619907597206499
0.5482792650924286,0.03619907597206499
0.5482792650924286,0.03619907597206499
0.5482792650924286,0.03619907597206499
0.5482792650924286,0.03619907597206499
0.5482792650924286,0.03619907597206499
0.5482792650924286,0.03619907597206499
0.5482792650924286,0.03619907597206499
0.5482792650924286,0.03619907597206499
0.5482792650924286,0.03619907597206499
0.5482792650924286,0.03619907597206499
0.5482792650924286,0.03619907597206499
0.5482792650924286,0.03619907597206499
0.5482792650924286,0.03619907597206499
0.5482792650924286,0.03619907597206499
0.5482792650924286,0.03619907597206499
0.5482792650924286,0.03619907597206499
0.5482792650924286,0.03619907597206499
0.5482792650924286,0.03619907597206499
0.5482792650924286,0.03619907597206499
0.5482792650924286,0.03619907597206499
0.5482792650924286,0.03619907597206499
0.5482792650924286,0.03619907597206499
0.5482792650924286,0.03619907597206499
0.5482792650924286,0.03619907597206499
0.5482792650924286,0.03619907597206499
0.5482792650924286,0.03619907597206499
0.5482792650924286,0.03619907597206499
0.5482792650924286,0.03619907597206499
0.5482792650924286,0.03619907597206499
0.5482792650924286,0.03619907597206499
0.5482792650924286,0.03619907597206499
0.5482792650924286,0.03619907597206499
0.5482792650924286,0.03619907597206499
0.5482792650924286,0.03619907597206499
0.5482792650924286,0.03619907597206499
0.5482792650924286,0.03619907597206499
0.5482792650924286,0.03619907597206499
0.5482792650924286,0.03619907597206499
0.5482792650924286,0.03619907597206499
0.5482792650924286,0.03619907597206499
0.5482792650924286,0.03619907597206499
0.5482792650924286,0.03619907597206499
0.5482792650924286,0.03619907597206499
0.5482792650924286,0.03619907597206499
0.5482792650924286,0.03619907597206499
0.5482792650924286,0.03619907597206499
0.5482792650924286,0.03619907597206499
0.5482792650924286,0.03619907597206499
0.5482792650924286,0.03619907597206499
0.5482792650924286,0.03619907597206499
0.5482792650924286,0.03619907597206499
0.5482792650924286,0.03619907597206499
0.5482792650924286,0.03619907597206499
0.5482792650924286,0.03619907597206499
0.5482792650924286,0.03619907597206499
0.5482792650924286,0.03619907597206499
0.5482792650924286,0.03619907597206499
0.5482792650924286,0.03619907597206499
0.5482792650924286,0.03619907597206499
0.5482792650924286,0.03619907597206499
0.5482792650924286,0.03619907597206499
0.5482792650924286,0.03619907597206499
0.5482792650924286,0.03619907597206499
0.5482792650924286,0.03619907597206499
0.5482792650924286,0.03619907597206499
0.5482792650924286,0.03619907597206499
0.5482792650924286,0.03619907597206499
0.5482792650924286,0.03619907597206499
0.5482792650924286,0.03619907597206499
0.5482792650924286,0.03619907597206499
0.5482792650924286,0.03619907597206499
0.5482792650924286,0.03619907597206499
0.5482792650924286,0.03619907597206499
0.5482792650924286,0.03619907597206499
0.5482792650924286,0.03619907597206499
0.5482792650924286,0.03619907597206499
0.5482792650924286,0.03619907597206499
0.5482792650924286,0.03619907597206499
0.5482792650924286,0.03619907597206499
0.5482792650924286,0.03619907597206499
0.5482792650924286,0.03619907597206499
0.5482792650924286,0.03619907597206499
0.5482792650924286,0.03619907597206499
0.5482792650924286,0.03619907597206499
0.5482792650924286,0.03619907597206499
0.5482792650924286,0.03619907597206499
0.5482792650924286,0.03619907597206499
0.5482792650924286,0.03619907597206499
0.5482792650924286,0.03619907597206499
0.5482792650924286,0.03619907597206499
0.5482792650924286,0.03619907597206499
0.5482792650924286,0.03619907597206499
0.5482792650924286,0.03619907597206499
0.5482792650924286,0.03619907597206499
0.5482792650924286,0.03619907597206499
0.5482792650924286,0.03619907597206499
0.5482792650924286,0.03619907597206499
0.5482792650924286,0.03619907597206499
0.5482792650924286,0.03619907597206499
0.5482792650924286,0.03619907597206499
0.5482792650924286,0.03619907597206499
0.5482792650924286,0.03619907597206499
0.5482792650924286,0.03619907597206499
0.5482792650924286,0.03619907597206499
0.5482792650924286,0.03619907597206499
0.5482792650924286,0.03619907597206499
0.5482792650924286,0.03619907597206499
0.5482792650924286,0.03619907597206499
0.5482792650924286,0.03619907597206499
0.5482792650924286,0.03619907597206499
0.5482792650924286,0.03619907597206499
0.5482792650924286,0.03619907597206499
0.5482792650924286,0.03619907597206499
0.5482792650924286,0.03619907597206499
0.5482792650924286,0.03619907597206499
0.5482792650924286,0.03619907597206499
0.5482792650924286,0.03619907597206499
0.5482792650924286,0.03619907597206499
0.5482792650924286,0.03619907597206499
0.5482792650924286,0.03619907597206499
0.5482792650924286,0.03619907597206499
0.5482792650924286,0.03619907597206499
0.5482792650924286,0.03619907597206499
0.5482792650924286,0.03619907597206499
0.5482792650924286,0.03619907597206499
0.5482792650924286,0.03619907597206499
0.5482792650924286,0.03619907597206499
0.5482792650924286,0.03619907597206499
0.5482792650924286,0.03619907597206499
0.5482792650924286,0.03619907597206499
0.5482792650924286,0.03619907597206499
0.5482792650924286,0.03619907597206499
0.5482792650924286,0.03619907597206499
0.5482792650924286,0.03619907597206499
0.5482792650924286,0.03619907597206499
0.5482792650924286,0.03619907597206499
0.5482792650924286,0.03619907597206499
0.5482792650924286,0.03619907597206499
0.5482792650924286,0.03619907597206499
0.5482792650924286,0.03619907597206499
0.5482792650924286,0.03619907597206499
0.5482792650924286,0.03619907597206499
0.5482792650924286,0.03619907597206499
0.5482792650924286,0.03619907597206499
0.5482792650924286,0.03619907597206499
0.5482792650924286,0.03619907597206499
0.5482792650924286,0.03619907597206499
0.5482792650924286,0.03619907597206499
0.5482792650924286,0.03619907597206499
0.5482792650924286,0.03619907597206499
0.5482792650924286,0.03619907597206499
0.5482792650924286,0.03619907597206499
0.5482792650924286,0.03619907597206499
0.5482792650924286,0.03619907597206499
0.5482792650924286,0.03619907597206499
0.5482792650924286,0.03619907597206499
0.5482792650924286,0.03619907597206499
0.5482792650924286,0.03619907597206499
0.5482792650924286,0.03619907597206499
0.5482792650924286,0.03619907597206499
0.5482792650924286,0.03619907597206499
0.5482792650924286,0.03619907597206499
0.5482792650924286,0.03619907597206499
0.5482792650924286,0.03619907597206499
0.5482792650924286,0.03619907597206499
0.5482792650924286,0.03619907597206499
0.5482792650924286,0.03619907597206499
0.5482792650924286,0.03619907597206499
0.5482792650924286,0.03619907597206499
0.5482792650924286,0.03619907597206499
0.5482792650924286,0.03619907597206499
0.5482792650924286,0.03619907597206499
0.5482792650924286,0.03619907597206499
0.5482792650924286,0.03619907597206499
0.5482792650924286,0.03619907597206499
0.5482792650924286,0.03619907597206499
0.5482792650924286,0.03619907597206499
0.5482792650924286,0.03619907597206499
0.5482792650924286,0.03619907597206499
0.5482792650924286,0.03619907597206499
0.5482792650924286,0.03619907597206499
0.5482792650924286,0.03619907597206499
0.5482792650924286,0.03619907597206499
0.5482792650924286,0.03619907597206499
0.5482792650924286,0.03619907597206499
0.5482792650924286,0.03619907597206499
0.5482792650924286,0.03619907597206499
0.5482792650924286,0.03619907597206499
0.5482792650924286,0.03619907597206499
0.5482792650924286,0.03619907597206499
0.5482792650924286,0.03619907597206499
0.5482792650924286,0.03619907597206499
0.5482792650924286,0.03619907597206499
0.5482792650924286,0.03619907597206499
0.5482792650924286,0.03619907597206499
0.5482792650924286,0.03619907597206499
0.5482792650924286,0.03619907597206499
0.5482792650924286,0.03619907597206499
0.5482792650924286,0.03619907597206499
0.5482792650924286,0.03619907597206499
0.5482792650924286,0.03619907597206499
0.5482792650924286,0.03619907597206499
0.5482792650924286,0.03619907597206499
0.5482792650924286,0.03619907597206499
0.5482792650924286,0.03619907597206499
0.5482792650924286,0.03619907597206499
0.5482792650924286,0.03619907597206499
0.5482792650924286,0.03619907597206499
0.5482792650924286,0.03619907597206499
0.5482792650924286,0.03619907597206499
0.5482792650924286,0.03619907597206499
0.5482792650924286,0.03619907597206499
0.5482792650924286,0.03619907597206499
0.5482792650924286,0.03619907597206499
0.5482792650924286,0.03619907597206499
0.5482792650924286,0.03619907597206499
0.5482792650924286,0.03619907597206499
0.5482792650924286,0.03619907597206499
0.5482792650924286,0.03619907597206499
0.5482792650924286,0.03619907597206499
0.5482792650924286,0.03619907597206499
0.5482792650924286,0.03619907597206499
0.5482792650924286,0.03619907597206499
0.5482792650924286,0.03619907597206499
0.5482792650924286,0.03619907597206499
0.5482792650924286,0.03619907597206499
0.5482792650924286,0.03619907597206499
0.5482792650924286,0.03619907597206499
0.5482792650924286,0.03619907597206499
0.5482792650924286,0.03619907597206499
0.5482792650924286,0.03619907597206499
0.5482792650924286,0.03619907597206499
0.5482792650924286,0.03619907597206499
0.5482792650924286,0.03619907597206499
0.5482792650924286,0.03619907597206499
0.5482792650924286,0.03619907597206499
0.5482792650924286,0.03619907597206499
0.5482792650924286,0.03619907597206499
0.5482792650924286,0.03619907597206499
0.5482792650924286,0.03619907597206499
0.5482792650924286,0.03619907597206499
0.5482792650924286,0.03619907597206499
0.5482792650924286,0.03619907597206499
0.5482792650924286,0.03619907597206499
0.5482792650924286,0.03619907597206499
0.5482792650924286,0.03619907597206499
0.5482792650924286,0.03619907597206499
0.5482792650924286,0.03619907597206499
0.5482792650924286,0.03619907597206499
0.5482792650924286,0.03619907597206499
0.5482792650924286,0.03619907597206499
0.5482792650924286,0.03619907597206499
0.5482792650924286,0.03619907597206499
0.5482792650924286,0.03619907597206499
0.5482792650924286,0.03619907597206499
0.5482792650924286,0.03619907597206499
0.5482792650924286,0.03619907597206499
0.5482792650924286,0.03619907597206499
0.5482792650924286,0.03619907597206499
0.5482792650924286,0.03619907597206499
0.5482792650924286,0.03619907597206499
0.5482792650924286,0.03619907597206499
0.5482792650924286,0.03619907597206499
0.5482792650924286,0.03619907597206499
0.5482792650924286,0.03619907597206499
0.5482792650924286,0.03619907597206499
0.5482792650924286,0.03619907597206499
0.5482792650924286,0.03619907597206499
0.5482792650924286,0.03619907597206499
0.5482792650924286,0.03619907597206499
0.5482792650924286,0.03619907597206499
0.5482792650924286,0.03619907597206499
0.5482792650924286,0.03619907597206499
0.5482792650924286,0.03619907597206499
0.5482792650924286,0.03619907597206499
0.5482792650924286,0.03619907597206499
0.5482792650924286,0.03619907597206499
0.5482792650924286,0.03619907597206499
0.5482792650924286,0.03619907597206499
0.5482792650924286,0.03619907597206499
0.5482792650924286,0.03619907597206499
0.5482792650924286,0.03619907597206499
0.5482792650924286,0.03619907597206499
0.5482792650924286,0.03619907597206499
0.5482792650924286,0.03619907597206499
0.5482792650924286,0.03619907597206499
0.5482792650924286,0.03619907597206499
0.5482792650924286,0.03619907597206499
0.5482792650924286,0.03619907597206499
0.5482792650924286,0.03619907597206499
0.5482792650924286,0.03619907597206499
0.5482792650924286,0.03619907597206499
0.5482792650924286,0.03619907597206499
0.5482792650924286,0.03619907597206499
0.5482792650924286,0.03619907597206499
0.5482792650924286,0.03619907597206499
0.5482792650924286,0.03619907597206499
0.5482792650924286,0.03619907597206499
0.5482792650924286,0.03619907597206499
0.5482792650924286,0.03619907597206499
0.5482792650924286,0.03619907597206499
0.5482792650924286,0.03619907597206499
0.5482792650924286,0.03619907597206499
0.5482792650924286,0.03619907597206499
0.5482792650924286,0.03619907597206499
0.5482792650924286,0.03619907597206499
0.5482792650924286,0.03619907597206499
0.5482792650924286,0.03619907597206499
0.5482792650924286,0.03619907597206499
0.5482792650924286,0.03619907597206499
0.5482792650924286,0.03619907597206499
0.5482792650924286,0.03619907597206499
0.5482792650924286,0.03619907597206499
0.5482792650924286,0.03619907597206499
0.5482792650924286,0.03619907597206499
0.5482792650924286,0.03619907597206499
0.5482792650924286,0.03619907597206499
0.5482792650924286,0.03619907597206499
0.5482792650924286,0.03619907597206499
0.5482792650924286,0.03619907597206499
0.5482792650924286,0.03619907597206499
0.5482792650924286,0.03619907597206499
0.5482792650924286,0.03619907597206499
0.5482792650924286,0.03619907597206499
0.5482792650924286,0.03619907597206499
0.5482792650924286,0.03619907597206499
0.5482792650924286,0.03619907597206499
0.5482792650924286,0.03619907597206499
0.5482792650924286,0.03619907597206499
0.5482792650924286,0.03619907597206499
0.5482792650924286,0.03619907597206499
0.5482792650924286,0.03619907597206499
0.5482792650924286,0.03619907597206499
0.5482792650924286,0.03619907597206499
0.5482792650924286,0.03619907597206499
0.5482792650924286,0.03619907597206499
0.5482792650924286,0.03619907597206499
0.5482792650924286,0.03619907597206499
0.5482792650924286,0.03619907597206499
0.5482792650924286,0.03619907597206499
0.5482792650924286,0.03619907597206499
0.5482792650924286,0.03619907597206499
0.5482792650924286,0.03619907597206499
0.5482792650924286,0.03619907597206499
0.5482792650924286,0.03619907597206499
0.5482792650924286,0.03619907597206499
0.5482792650924286,0.03619907597206499
0.5482792650924286,0.03619907597206499
0.5482792650924286,0.03619907597206499
0.5482792650924286,0.03619907597206499
0.5482792650924286,0.03619907597206499
0.5482792650924286,0.03619907597206499
0.5482792650924286,0.03619907597206499
0.5482792650924286,0.03619907597206499
0.5482792650924286,0.03619907597206499
0.5482792650924286,0.03619907597206499
0.5482792650924286,0.03619907597206499
0.5482792650924286,0.03619907597206499
0.5482792650924286,0.03619907597206499
0.5482792650924286,0.03619907597206499
0.5482792650924286,0.03619907597206499
0.5482792650924286,0.03619907597206499
0.5482792650924286,0.03619907597206499
0.5482792650924286,0.03619907597206499
0.5482792650924286,0.03619907597206499
0.5482792650924286,0.03619907597206499
0.5482792650924286,0.03619907597206499
0.5482792650924286,0.03619907597206499
0.5482792650924286,0.03619907597206499
0.5482792650924286,0.03619907597206499
0.5482792650924286,0.03619907597206499
0.5482792650924286,0.03619907597206499
0.5482792650924286,0.03619907597206499
0.5482792650924286,0.03619907597206499
0.5482792650924286,0.03619907597206499
0.5482792650924286,0.03619907597206499
0.5482792650924286,0.03619907597206499
0.5482792650924286,0.03619907597206499
0.5482792650924286,0.03619907597206499
0.5482792650924286,0.03619907597206499
0.5482792650924286,0.03619907597206499
0.5482792650924286,0.03619907597206499
0.5482792650924286,0.03619907597206499
0.5482792650924286,0.03619907597206499
0.5482792650924286,0.03619907597206499
0.5482792650924286,0.03619907597206499
0.5482792650924286,0.03619907597206499
0.5482792650924286,0.03619907597206499
0.5482792650924286,0.03619907597206499
0.5482792650924286,0.03619907597206499
0.5482792650924286,0.03619907597206499
0.5482792650924286,0.03619907597206499
0.5482792650924286,0.03619907597206499
0.5482792650924286,0.03619907597206499
0.5482792650924286,0.03619907597206499
0.5482792650924286,0.03619907597206499
0.5482792650924286,0.03619907597206499
0.5482792650924286,0.03619907597206499
0.5482792650924286,0.03619907597206499
0.5482792650924286,0.03619907597206499
0.5482792650924286,0.03619907597206499
0.5482792650924286,0.03619907597206499
0.5482792650924286,0.03619907597206499
0.5482792650924286,0.03619907597206499
0.5482792650924286,0.03619907597206499
0.5482792650924286,0.03619907597206499
0.5482792650924286,0.03619907597206499
0.5482792650924286,0.03619907597206499
0.5482792650924286,0.03619907597206499
0.5482792650924286,0.03619907597206499
0.5482792650924286,0.03619907597206499
0.5482792650924286,0.03619907597206499
0.5482792650924286,0.03619907597206499
0.5482792650924286,0.03619907597206499
0.5482792650924286,0.03619907597206499
0.5482792650924286,0.03619907597206499
0.5482792650924286,0.03619907597206499
0.5482792650924286,0.03619907597206499
0.5482792650924286,0.03619907597206499
0.5482792650924286,0.03619907597206499
0.5482792650924286,0.03619907597206499
0.5482792650924286,0.03619907597206499
0.5482792650924286,0.03619907597206499
0.5482792650924286,0.03619907597206499
0.5482792650924286,0.03619907597206499
0.5482792650924286,0.03619907597206499
0.5482792650924286,0.03619907597206499
0.5482792650924286,0.03619907597206499
0.5482792650924286,0.03619907597206499
0.5482792650924286,0.03619907597206499
0.5482792650924286,0.03619907597206499
0.5482792650924286,0.03619907597206499
0.5482792650924286,0.03619907597206499
0.5482792650924286,0.03619907597206499
0.5482792650924286,0.03619907597206499
0.5482792650924286,0.03619907597206499
0.5482792650924286,0.03619907597206499
0.5482792650924286,0.03619907597206499
0.5482792650924286,0.03619907597206499
0.5482792650924286,0.03619907597206499
0.5482792650924286,0.03619907597206499
0.5482792650924286,0.03619907597206499
0.5482792650924286,0.03619907597206499
0.5482792650924286,0.03619907597206499
0.5482792650924286,0.03619907597206499
0.5482792650924286,0.03619907597206499
0.5482792650924286,0.03619907597206499
0.5482792650924286,0.03619907597206499
0.5482792650924286,0.03619907597206499
0.5482792650924286,0.03619907597206499
0.5482792650924286,0.03619907597206499
0.5482792650924286,0.03619907597206499
0.5482792650924286,0.03619907597206499
0.5482792650924286,0.03619907597206499
0.5482792650924286,0.03619907597206499
0.5482792650924286,0.03619907597206499
0.5482792650924286,0.03619907597206499
0.5482792650924286,0.03619907597206499
0.5482792650924286,0.03619907597206499
0.5482792650924286,0.03619907597206499
0.5482792650924286,0.03619907597206499
0.5482792650924286,0.03619907597206499
0.5482792650924286,0.03619907597206499
0.5482792650924286,0.03619907597206499
0.5482792650924286,0.03619907597206499
0.5482792650924286,0.03619907597206499
0.5482792650924286,0.03619907597206499
0.5482792650924286,0.03619907597206499
0.5482792650924286,0.03619907597206499
0.5482792650924286,0.03619907597206499
0.5482792650924286,0.03619907597206499
0.5482792650924286,0.03619907597206499
0.5482792650924286,0.03619907597206499
0.5482792650924286,0.03619907597206499
0.5482792650924286,0.03619907597206499
0.5482792650924286,0.03619907597206499
0.5482792650924286,0.03619907597206499
0.5482792650924286,0.03619907597206499
0.5482792650924286,0.03619907597206499
0.5482792650924286,0.03619907597206499
0.5482792650924286,0.03619907597206499
0.5482792650924286,0.03619907597206499
0.5482792650924286,0.03619907597206499
0.5482792650924286,0.03619907597206499
0.5482792650924286,0.03619907597206499
0.5482792650924286,0.03619907597206499
0.5482792650924286,0.03619907597206499
0.5482792650924286,0.03619907597206499
0.5482792650924286,0.03619907597206499
0.5482792650924286,0.03619907597206499
0.5482792650924286,0.03619907597206499
0.5482792650924286,0.03619907597206499
0.5482792650924286,0.03619907597206499
0.5482792650924286,0.03619907597206499
0.5482792650924286,0.03619907597206499
0.5482792650924286,0.03619907597206499
0.5482792650924286,0.03619907597206499
0.5482792650924286,0.03619907597206499
0.5482792650924286,0.03619907597206499
0.5482792650924286,0.03619907597206499
0.5482792650924286,0.03619907597206499
0.5482792650924286,0.03619907597206499
0.5482792650924286,0.03619907597206499
0.5482792650924286,0.03619907597206499
0.5482792650924286,0.03619907597206499
0.5482792650924286,0.03619907597206499
0.5482792650924286,0.03619907597206499
0.5482792650924286,0.03619907597206499
0.5482792650924286,0.03619907597206499
0.5482792650924286,0.03619907597206499
0.5482792650924286,0.03619907597206499
0.5482792650924286,0.03619907597206499
0.5482792650924286,0.03619907597206499
0.5482792650924286,0.03619907597206499
0.5482792650924286,0.03619907597206499
0.5482792650924286,0.03619907597206499
0.5482792650924286,0.03619907597206499
0.5482792650924286,0.03619907597206499
0.5482792650924286,0.03619907597206499
0.5482792650924286,0.03619907597206499
0.5482792650924286,0.03619907597206499
0.5482792650924286,0.03619907597206499
0.5482792650924286,0.03619907597206499
0.5482792650924286,0.03619907597206499
0.5482792650924286,0.03619907597206499
0.5482792650924286,0.03619907597206499
0.5482792650924286,0.03619907597206499
0.5482792650924286,0.03619907597206499
0.5482792650924286,0.03619907597206499
0.5482792650924286,0.03619907597206499
0.5482792650924286,0.03619907597206499
0.5482792650924286,0.03619907597206499
0.5482792650924286,0.03619907597206499
0.5482792650924286,0.03619907597206499
0.5482792650924286,0.03619907597206499
0.5482792650924286,0.03619907597206499
0.5482792650924286,0.03619907597206499
0.5482792650924286,0.03619907597206499
0.5482792650924286,0.03619907597206499
0.5482792650924286,0.03619907597206499
0.5482792650924286,0.03619907597206499
0.5482792650924286,0.03619907597206499
0.5482792650924286,0.03619907597206499
0.5482792650924286,0.03619907597206499
0.5482792650924286,0.03619907597206499
0.5482792650924286,0.03619907597206499
0.5482792650924286,0.03619907597206499
0.5482792650924286,0.03619907597206499
0.5482792650924286,0.03619907597206499
0.5482792650924286,0.03619907597206499
0.5482792650924286,0.03619907597206499
0.5482792650924286,0.03619907597206499
0.5482792650924286,0.03619907597206499
0.5482792650924286,0.03619907597206499
0.5482792650924286,0.03619907597206499
0.5482792650924286,0.03619907597206499
0.5482792650924286,0.03619907597206499
0.5482792650924286,0.03619907597206499
0.5482792650924286,0.03619907597206499
0.5482792650924286,0.03619907597206499
0.5482792650924286,0.03619907597206499
0.5482792650924286,0.03619907597206499
0.5482792650924286,0.03619907597206499
0.5482792650924286,0.03619907597206499
0.5482792650924286,0.03619907597206499
0.5482792650924286,0.03619907597206499
0.5482792650924286,0.03619907597206499
0.5482792650924286,0.03619907597206499
0.5482792650924286,0.03619907597206499
0.5482792650924286,0.03619907597206499
0.5482792650924286,0.03619907597206499
0.5482792650924286,0.03619907597206499
0.5482792650924286,0.03619907597206499
0.5482792650924286,0.03619907597206499
0.5482792650924286,0.03619907597206499
0.5482792650924286,0.03619907597206499
0.5482792650924286,0.03619907597206499
0.5482792650924286,0.03619907597206499
0.5482792650924286,0.03619907597206499
0.5482792650924286,0.03619907597206499
0.5482792650924286,0.03619907597206499
0.5482792650924286,0.03619907597206499
0.5482792650924286,0.03619907597206499
0.5482792650924286,0.03619907597206499
0.5482792650924286,0.03619907597206499
0.5482792650924286,0.03619907597206499
0.5482792650924286,0.03619907597206499
0.5482792650924286,0.03619907597206499
0.5482792650924286,0.03619907597206499
0.5482792650924286,0.03619907597206499
0.5482792650924286,0.03619907597206499
0.5482792650924286,0.03619907597206499
0.5482792650924286,0.03619907597206499
0.5482792650924286,0.03619907597206499
0.5482792650924286,0.03619907597206499
0.5482792650924286,0.03619907597206499
0.5482792650924286,0.03619907597206499
0.5482792650924286,0.03619907597206499
0.5482792650924286,0.03619907597206499
0.5482792650924286,0.03619907597206499
0.5482792650924286,0.03619907597206499
0.5482792650924286,0.03619907597206499
0.5482792650924286,0.03619907597206499
0.5482792650924286,0.03619907597206499
0.5482792650924286,0.03619907597206499
0.5482792650924286,0.03619907597206499
0.5482792650924286,0.03619907597206499
0.5482792650924286,0.03619907597206499
0.5482792650924286,0.03619907597206499
0.5482792650924286,0.03619907597206499
0.5482792650924286,0.03619907597206499
0.5482792650924286,0.03619907597206499
0.5482792650924286,0.03619907597206499
0.5482792650924286,0.03619907597206499
0.5482792650924286,0.03619907597206499
0.5482792650924286,0.03619907597206499
0.5482792650924286,0.03619907597206499
0.5482792650924286,0.03619907597206499
0.5482792650924286,0.03619907597206499
0.5482792650924286,0.03619907597206499
0.5482792650924286,0.03619907597206499
0.5482792650924286,0.03619907597206499
0.5482792650924286,0.03619907597206499
0.5482792650924286,0.03619907597206499
0.5482792650924286,0.03619907597206499
0.5482792650924286,0.03619907597206499
0.5482792650924286,0.03619907597206499
0.5482792650924286,0.03619907597206499
0.5482792650924286,0.03619907597206499
0.5482792650924286,0.03619907597206499
0.5482792650924286,0.03619907597206499
0.5482792650924286,0.03619907597206499
0.5482792650924286,0.03619907597206499
0.5482792650924286,0.03619907597206499
0.5482792650924286,0.03619907597206499
0.5482792650924286,0.03619907597206499
0.5482792650924286,0.03619907597206499
0.5482792650924286,0.03619907597206499
0.5482792650924286,0.03619907597206499
0.5482792650924286,0.03619907597206499
0.5482792650924286,0.03619907597206499
0.5482792650924286,0.03619907597206499
0.5482792650924286,0.03619907597206499
0.5482792650924286,0.03619907597206499
0.5482792650924286,0.03619907597206499
0.5482792650924286,0.03619907597206499
0.5482792650924286,0.03619907597206499
0.5482792650924286,0.03619907597206499
0.5482792650924286,0.03619907597206499
0.5482792650924286,0.03619907597206499
0.5482792650924286,0.03619907597206499
0.5482792650924286,0.03619907597206499
0.5482792650924286,0.03619907597206499
0.5482792650924286,0.03619907597206499
0.5482792650924286,0.03619907597206499
0.5482792650924286,0.03619907597206499
0.5482792650924286,0.03619907597206499
0.5482792650924286,0.03619907597206499
0.5482792650924286,0.03619907597206499
0.5482792650924286,0.03619907597206499
0.5482792650924286,0.03619907597206499
0.5482792650924286,0.03619907597206499
0.5482792650924286,0.03619907597206499
0.5482792650924286,0.03619907597206499
0.5482792650924286,0.03619907597206499
0.5482792650924286,0.03619907597206499
0.5482792650924286,0.03619907597206499
0.5482792650924286,0.03619907597206499
0.5482792650924286,0.03619907597206499
0.5482792650924286,0.03619907597206499
0.5482792650924286,0.03619907597206499
0.5482792650924286,0.03619907597206499
0.5482792650924286,0.03619907597206499
0.5482792650924286,0.03619907597206499
0.5482792650924286,0.03619907597206499
0.5482792650924286,0.03619907597206499
0.5482792650924286,0.03619907597206499
0.5482792650924286,0.03619907597206499
0.5482792650924286,0.03619907597206499
0.5482792650924286,0.03619907597206499
0.5482792650924286,0.03619907597206499
0.5482792650924286,0.03619907597206499
0.5482792650924286,0.03619907597206499
0.5482792650924286,0.03619907597206499
0.5482792650924286,0.03619907597206499
0.5482792650924286,0.03619907597206499
0.5482792650924286,0.03619907597206499
0.5482792650924286,0.03619907597206499
0.5482792650924286,0.03619907597206499
0.5482792650924286,0.03619907597206499
0.5482792650924286,0.03619907597206499
0.5482792650924286,0.03619907597206499
0.5482792650924286,0.03619907597206499
0.5482792650924286,0.03619907597206499
0.5482792650924286,0.03619907597206499
0.5482792650924286,0.03619907597206499
0.5482792650924286,0.03619907597206499
0.5482792650924286,0.03619907597206499
0.5482792650924286,0.03619907597206499
0.5482792650924286,0.03619907597206499
0.5482792650924286,0.03619907597206499
0.5482792650924286,0.03619907597206499
0.5482792650924286,0.03619907597206499
0.5482792650924286,0.03619907597206499
0.5482792650924286,0.03619907597206499
0.5482792650924286,0.03619907597206499
0.5482792650924286,0.03619907597206499
0.5482792650924286,0.03619907597206499
0.5482792650924286,0.03619907597206499
0.5482792650924286,0.03619907597206499
0.5482792650924286,0.03619907597206499
0.5482792650924286,0.03619907597206499
0.5482792650924286,0.03619907597206499
0.5482792650924286,0.03619907597206499
0.5482792650924286,0.03619907597206499
0.5482792650924286,0.03619907597206499
0.5482792650924286,0.03619907597206499
0.5482792650924286,0.03619907597206499
0.5482792650924286,0.03619907597206499
0.5482792650924286,0.03619907597206499
0.5482792650924286,0.03619907597206499
0.5482792650924286,0.03619907597206499
0.5482792650924286,0.03619907597206499
0.5482792650924286,0.03619907597206499
0.5482792650924286,0.03619907597206499
0.5482792650924286,0.03619907597206499
0.5482792650924286,0.03619907597206499
0.5482792650924286,0.03619907597206499
0.5482792650924286,0.03619907597206499
0.5482792650924286,0.03619907597206499
0.5482792650924286,0.03619907597206499
0.5482792650924286,0.03619907597206499
0.5482792650924286,0.03619907597206499
0.5482792650924286,0.03619907597206499
0.5482792650924286,0.03619907597206499
0.5482792650924286,0.03619907597206499
0.5482792650924286,0.03619907597206499
0.5482792650924286,0.03619907597206499
0.5482792650924286,0.03619907597206499
0.5482792650924286,0.03619907597206499
0.5482792650924286,0.03619907597206499
0.5482792650924286,0.03619907597206499
0.5482792650924286,0.03619907597206499
0.5482792650924286,0.03619907597206499
0.5482792650924286,0.03619907597206499
0.5482792650924286,0.03619907597206499
0.5482792650924286,0.03619907597206499
0.5482792650924286,0.03619907597206499
0.5482792650924286,0.03619907597206499
0.5482792650924286,0.03619907597206499
0.5482792650924286,0.03619907597206499
0.5482792650924286,0.03619907597206499
0.5482792650924286,0.03619907597206499
0.5482792650924286,0.03619907597206499
0.5482792650924286,0.03619907597206499
0.5482792650924286,0.03619907597206499
0.5482792650924286,0.03619907597206499
0.5482792650924286,0.03619907597206499
0.5482792650924286,0.03619907597206499
0.5482792650924286,0.03619907597206499
0.5482792650924286,0.03619907597206499
0.5482792650924286,0.03619907597206499
0.5482792650924286,0.03619907597206499
0.5482792650924286,0.03619907597206499
0.5482792650924286,0.03619907597206499
0.5482792650924286,0.03619907597206499
0.5482792650924286,0.03619907597206499
0.5482792650924286,0.03619907597206499
0.5482792650924286,0.03619907597206499
0.5482792650924286,0.03619907597206499
0.5482792650924286,0.03619907597206499
0.5482792650924286,0.03619907597206499
0.5482792650924286,0.03619907597206499
0.5482792650924286,0.03619907597206499
0.5482792650924286,0.03619907597206499
0.5482792650924286,0.03619907597206499
0.5482792650924286,0.03619907597206499
0.5482792650924286,0.03619907597206499
0.5482792650924286,0.03619907597206499
0.5482792650924286,0.03619907597206499
0.5482792650924286,0.03619907597206499
0.5482792650924286,0.03619907597206499
0.5482792650924286,0.03619907597206499
0.5482792650924286,0.03619907597206499
0.5482792650924286,0.03619907597206499
0.5482792650924286,0.03619907597206499
0.5482792650924286,0.03619907597206499
0.5482792650924286,0.03619907597206499
0.5482792650924286,0.03619907597206499
0.5482792650924286,0.03619907597206499
0.5482792650924286,0.03619907597206499
0.5482792650924286,0.03619907597206499
0.5482792650924286,0.03619907597206499
0.5482792650924286,0.03619907597206499
0.5482792650924286,0.03619907597206499
0.5482792650924286,0.03619907597206499
0.5482792650924286,0.03619907597206499
0.5482792650924286,0.03619907597206499
0.5482792650924286,0.03619907597206499
0.5482792650924286,0.03619907597206499
0.5482792650924286,0.03619907597206499
0.5482792650924286,0.03619907597206499
0.5482792650924286,0.03619907597206499
0.5482792650924286,0.03619907597206499
0.5482792650924286,0.03619907597206499
0.5482792650924286,0.03619907597206499
0.5482792650924286,0.03619907597206499
0.5482792650924286,0.03619907597206499
0.5482792650924286,0.03619907597206499
0.5482792650924286,0.03619907597206499
0.5482792650924286,0.03619907597206499
0.5482792650924286,0.03619907597206499
0.5482792650924286,0.03619907597206499
0.5482792650924286,0.03619907597206499
0.5482792650924286,0.03619907597206499
0.5482792650924286,0.03619907597206499
0.5482792650924286,0.03619907597206499
0.5482792650924286,0.03619907597206499
0.5482792650924286,0.03619907597206499
0.5482792650924286,0.03619907597206499
0.5482792650924286,0.03619907597206499
0.5482792650924286,0.03619907597206499
0.5482792650924286,0.03619907597206499
0.5482792650924286,0.03619907597206499
0.5482792650924286,0.03619907597206499
0.5482792650924286,0.03619907597206499
0.5482792650924286,0.03619907597206499
0.5482792650924286,0.03619907597206499
0.5482792650924286,0.03619907597206499
0.5482792650924286,0.03619907597206499
0.5482792650924286,0.03619907597206499
0.5482792650924286,0.03619907597206499
0.5482792650924286,0.03619907597206499
0.5482792650924286,0.03619907597206499
0.5482792650924286,0.03619907597206499
0.5482792650924286,0.03619907597206499
0.5482792650924286,0.03619907597206499
0.5482792650924286,0.03619907597206499
0.5482792650924286,0.03619907597206499
0.5482792650924286,0.03619907597206499
0.5482792650924286,0.03619907597206499
0.5482792650924286,0.03619907597206499
0.5482792650924286,0.03619907597206499
0.5482792650924286,0.03619907597206499
0.5482792650924286,0.03619907597206499
0.5482792650924286,0.03619907597206499
0.5482792650924286,0.03619907597206499
0.5482792650924286,0.03619907597206499
0.5482792650924286,0.03619907597206499
0.5482792650924286,0.03619907597206499
0.5482792650924286,0.03619907597206499
0.5482792650924286,0.03619907597206499
0.5482792650924286,0.03619907597206499
0.5482792650924286,0.03619907597206499
0.5482792650924286,0.03619907597206499
0.5482792650924286,0.03619907597206499
0.5482792650924286,0.03619907597206499
0.5482792650924286,0.03619907597206499
0.5482792650924286,0.03619907597206499
0.5482792650924286,0.03619907597206499
0.5482792650924286,0.03619907597206499
0.5482792650924286,0.03619907597206499
0.5482792650924286,0.03619907597206499
0.5482792650924286,0.03619907597206499
0.5482792650924286,0.03619907597206499
0.5482792650924286,0.03619907597206499
0.5482792650924286,0.03619907597206499
0.5482792650924286,0.03619907597206499
0.5482792650924286,0.03619907597206499
0.5482792650924286,0.03619907597206499
0.5482792650924286,0.03619907597206499
0.5482792650924286,0.03619907597206499
0.5482792650924286,0.03619907597206499
0.5482792650924286,0.03619907597206499
0.5482792650924286,0.03619907597206499
0.5482792650924286,0.03619907597206499
0.5482792650924286,0.03619907597206499
0.5482792650924286,0.03619907597206499
0.5482792650924286,0.03619907597206499
0.5482792650924286,0.03619907597206499
0.5482792650924286,0.03619907597206499
0.5482792650924286,0.03619907597206499
0.5482792650924286,0.03619907597206499
0.5482792650924286,0.03619907597206499
0.5482792650924286,0.03619907597206499
0.5482792650924286,0.03619907597206499
0.5482792650924286,0.03619907597206499
0.5482792650924286,0.03619907597206499
0.5482792650924286,0.03619907597206499
0.5482792650924286,0.03619907597206499
0.5482792650924286,0.03619907597206499
0.5482792650924286,0.03619907597206499
0.5482792650924286,0.03619907597206499
0.5482792650924286,0.03619907597206499
0.5482792650924286,0.03619907597206499
0.5482792650924286,0.03619907597206499
0.5482792650924286,0.03619907597206499
0.5482792650924286,0.03619907597206499
0.5482792650924286,0.03619907597206499
0.5482792650924286,0.03619907597206499
0.5482792650924286,0.03619907597206499
0.5482792650924286,0.03619907597206499
0.5482792650924286,0.03619907597206499
0.5482792650924286,0.03619907597206499
0.5482792650924286,0.03619907597206499
0.5482792650924286,0.03619907597206499
0.5482792650924286,0.03619907597206499
0.5482792650924286,0.03619907597206499
0.5482792650924286,0.03619907597206499
0.5482792650924286,0.03619907597206499
0.5482792650924286,0.03619907597206499
0.5482792650924286,0.03619907597206499
0.5482792650924286,0.03619907597206499
0.5482792650924286,0.03619907597206499
0.5482792650924286,0.03619907597206499
0.5482792650924286,0.03619907597206499
0.5482792650924286,0.03619907597206499
0.5482792650924286,0.03619907597206499
0.5482792650924286,0.03619907597206499
0.5482792650924286,0.03619907597206499
0.5482792650924286,0.03619907597206499
0.5482792650924286,0.03619907597206499
0.5482792650924286,0.03619907597206499
0.5482792650924286,0.03619907597206499
0.5482792650924286,0.03619907597206499
0.5482792650924286,0.03619907597206499
0.5482792650924286,0.03619907597206499
0.5482792650924286,0.03619907597206499
0.5482792650924286,0.03619907597206499
0.5482792650924286,0.03619907597206499
0.5482792650924286,0.03619907597206499
0.5482792650924286,0.03619907597206499
0.5482792650924286,0.03619907597206499
0.5482792650924286,0.03619907597206499
0.5482792650924286,0.03619907597206499
0.5482792650924286,0.03619907597206499
0.5482792650924286,0.03619907597206499
0.5482792650924286,0.03619907597206499
0.5482792650924286,0.03619907597206499
0.5482792650924286,0.03619907597206499
0.5482792650924286,0.03619907597206499
0.5482792650924286,0.03619907597206499
0.5482792650924286,0.03619907597206499
0.5482792650924286,0.03619907597206499
0.5482792650924286,0.03619907597206499
0.5482792650924286,0.03619907597206499
0.5482792650924286,0.03619907597206499
0.5482792650924286,0.03619907597206499
0.5482792650924286,0.03619907597206499
0.5482792650924286,0.03619907597206499
0.5482792650924286,0.03619907597206499
0.5482792650924286,0.03619907597206499
0.5482792650924286,0.03619907597206499
0.5482792650924286,0.03619907597206499
0.5482792650924286,0.03619907597206499
0.5482792650924286,0.03619907597206499
0.5482792650924286,0.03619907597206499
0.5482792650924286,0.03619907597206499
0.5482792650924286,0.03619907597206499
0.5482792650924286,0.03619907597206499
0.5482792650924286,0.03619907597206499
0.5482792650924286,0.03619907597206499
0.5482792650924286,0.03619907597206499
0.5482792650924286,0.03619907597206499
0.5482792650924286,0.03619907597206499
0.5482792650924286,0.03619907597206499
0.5482792650924286,0.03619907597206499
0.5482792650924286,0.03619907597206499
0.5482792650924286,0.03619907597206499
0.5482792650924286,0.03619907597206499
0.5482792650924286,0.03619907597206499
0.5482792650924286,0.03619907597206499
0.5482792650924286,0.03619907597206499
0.5482792650924286,0.03619907597206499
0.5482792650924286,0.03619907597206499
0.5482792650924286,0.03619907597206499
0.5482792650924286,0.03619907597206499
0.5482792650924286,0.03619907597206499
0.5482792650924286,0.03619907597206499
0.5482792650924286,0.03619907597206499
0.5482792650924286,0.03619907597206499
0.5482792650924286,0.03619907597206499
0.5482792650924286,0.03619907597206499
0.5482792650924286,0.03619907597206499
0.5482792650924286,0.03619907597206499
0.5482792650924286,0.03619907597206499
0.5482792650924286,0.03619907597206499
0.5482792650924286,0.03619907597206499
0.5482792650924286,0.03619907597206499
0.5482792650924286,0.03619907597206499
0.5482792650924286,0.03619907597206499
0.5482792650924286,0.03619907597206499
0.5482792650924286,0.03619907597206499
0.5482792650924286,0.03619907597206499
0.5482792650924286,0.03619907597206499
0.5482792650924286,0.03619907597206499
0.5482792650924286,0.03619907597206499
0.5482792650924286,0.03619907597206499
0.5482792650924286,0.03619907597206499
0.5482792650924286,0.03619907597206499
0.5482792650924286,0.03619907597206499
0.5482792650924286,0.03619907597206499
0.5482792650924286,0.03619907597206499
0.5482792650924286,0.03619907597206499
0.5482792650924286,0.03619907597206499
0.5482792650924286,0.03619907597206499
0.5482792650924286,0.03619907597206499
0.5482792650924286,0.03619907597206499
0.5482792650924286,0.03619907597206499
0.5482792650924286,0.03619907597206499
0.5482792650924286,0.03619907597206499
0.5482792650924286,0.03619907597206499
0.5482792650924286,0.03619907597206499
0.5482792650924286,0.03619907597206499
0.5482792650924286,0.03619907597206499
0.5482792650924286,0.03619907597206499
0.5482792650924286,0.03619907597206499
0.5482792650924286,0.03619907597206499
0.5482792650924286,0.03619907597206499
0.5482792650924286,0.03619907597206499
0.5482792650924286,0.03619907597206499
0.5482792650924286,0.03619907597206499
0.5482792650924286,0.03619907597206499
0.5482792650924286,0.03619907597206499
0.5482792650924286,0.03619907597206499
0.5482792650924286,0.03619907597206499
0.5482792650924286,0.03619907597206499
0.5482792650924286,0.03619907597206499
0.5482792650924286,0.03619907597206499
0.5482792650924286,0.03619907597206499
0.5482792650924286,0.03619907597206499
0.5482792650924286,0.03619907597206499
0.5482792650924286,0.03619907597206499
0.5482792650924286,0.03619907597206499
0.5482792650924286,0.03619907597206499
0.5482792650924286,0.03619907597206499
0.5482792650924286,0.03619907597206499
0.5482792650924286,0.03619907597206499
0.5482792650924286,0.03619907597206499
0.5482792650924286,0.03619907597206499
0.5482792650924286,0.03619907597206499
0.5482792650924286,0.03619907597206499
0.5482792650924286,0.03619907597206499
0.5482792650924286,0.03619907597206499
0.5482792650924286,0.03619907597206499
0.5482792650924286,0.03619907597206499
0.5482792650924286,0.03619907597206499
0.5482792650924286,0.03619907597206499
0.5482792650924286,0.03619907597206499
0.5482792650924286,0.03619907597206499
0.5482792650924286,0.03619907597206499
0.5482792650924286,0.03619907597206499
0.5482792650924286,0.03619907597206499
0.5482792650924286,0.03619907597206499
0.5482792650924286,0.03619907597206499
0.5482792650924286,0.03619907597206499
0.5482792650924286,0.03619907597206499
0.5482792650924286,0.03619907597206499
0.5482792650924286,0.03619907597206499
0.5482792650924286,0.03619907597206499
0.5482792650924286,0.03619907597206499
0.5482792650924286,0.03619907597206499
0.5482792650924286,0.03619907597206499
0.5482792650924286,0.03619907597206499
0.5482792650924286,0.03619907597206499
0.5482792650924286,0.03619907597206499
0.5482792650924286,0.03619907597206499
0.5482792650924286,0.03619907597206499
0.5482792650924286,0.03619907597206499
0.5482792650924286,0.03619907597206499
0.5482792650924286,0.03619907597206499
0.5482792650924286,0.03619907597206499
0.5482792650924286,0.03619907597206499
0.5482792650924286,0.03619907597206499
0.5482792650924286,0.03619907597206499
0.5482792650924286,0.03619907597206499
0.5482792650924286,0.03619907597206499
0.5482792650924286,0.03619907597206499
0.5482792650924286,0.03619907597206499
0.5482792650924286,0.03619907597206499
0.5482792650924286,0.03619907597206499
0.5482792650924286,0.03619907597206499
0.5482792650924286,0.03619907597206499
0.5482792650924286,0.03619907597206499
0.5482792650924286,0.03619907597206499
0.5482792650924286,0.03619907597206499
0.5482792650924286,0.03619907597206499
0.5482792650924286,0.03619907597206499
0.5482792650924286,0.03619907597206499
0.5482792650924286,0.03619907597206499
0.5482792650924286,0.03619907597206499
0.5482792650924286,0.03619907597206499
0.5482792650924286,0.03619907597206499
0.5482792650924286,0.03619907597206499
0.5482792650924286,0.03619907597206499
0.5482792650924286,0.03619907597206499
0.5482792650924286,0.03619907597206499
0.5482792650924286,0.03619907597206499
0.5482792650924286,0.03619907597206499
0.5482792650924286,0.03619907597206499
0.5482792650924286,0.03619907597206499
0.5482792650924286,0.03619907597206499
0.5482792650924286,0.03619907597206499
0.5482792650924286,0.03619907597206499
0.5482792650924286,0.03619907597206499
0.5482792650924286,0.03619907597206499
0.5482792650924286,0.03619907597206499
0.5482792650924286,0.03619907597206499
0.5482792650924286,0.03619907597206499
0.5482792650924286,0.03619907597206499
0.5482792650924286,0.03619907597206499
0.5482792650924286,0.03619907597206499
0.5482792650924286,0.03619907597206499
0.5482792650924286,0.03619907597206499
0.5482792650924286,0.03619907597206499
0.5482792650924286,0.03619907597206499
0.5482792650924286,0.03619907597206499
0.5482792650924286,0.03619907597206499
0.5482792650924286,0.03619907597206499
0.5482792650924286,0.03619907597206499
0.5482792650924286,0.03619907597206499
0.5482792650924286,0.03619907597206499
0.5482792650924286,0.03619907597206499
0.5482792650924286,0.03619907597206499
0.5482792650924286,0.03619907597206499
0.5482792650924286,0.03619907597206499
0.5482792650924286,0.03619907597206499
0.5482792650924286,0.03619907597206499
0.5482792650924286,0.03619907597206499
0.5482792650924286,0.03619907597206499
0.5482792650924286,0.03619907597206499
0.5482792650924286,0.03619907597206499
0.5482792650924286,0.03619907597206499
0.5482792650924286,0.03619907597206499
0.5482792650924286,0.03619907597206499
0.5482792650924286,0.03619907597206499
0.5482792650924286,0.03619907597206499
0.5482792650924286,0.03619907597206499
0.5482792650924286,0.03619907597206499
0.5482792650924286,0.03619907597206499
0.5482792650924286,0.03619907597206499
0.5482792650924286,0.03619907597206499
0.5482792650924286,0.03619907597206499
0.5482792650924286,0.03619907597206499
0.5482792650924286,0.03619907597206499
0.5482792650924286,0.03619907597206499
0.5482792650924286,0.03619907597206499
0.5482792650924286,0.03619907597206499
0.5482792650924286,0.03619907597206499
0.5482792650924286,0.03619907597206499
0.5482792650924286,0.03619907597206499
0.5482792650924286,0.03619907597206499
0.5482792650924286,0.03619907597206499
0.5482792650924286,0.03619907597206499
0.5482792650924286,0.03619907597206499
0.5482792650924286,0.03619907597206499
0.5482792650924286,0.03619907597206499
0.5482792650924286,0.03619907597206499
0.5482792650924286,0.03619907597206499
0.5482792650924286,0.03619907597206499
0.5482792650924286,0.03619907597206499
0.5482792650924286,0.03619907597206499
0.5482792650924286,0.03619907597206499
0.5482792650924286,0.03619907597206499
0.5482792650924286,0.03619907597206499
0.5482792650924286,0.03619907597206499
0.5482792650924286,0.03619907597206499
0.5482792650924286,0.03619907597206499
0.5482792650924286,0.03619907597206499
0.5482792650924286,0.03619907597206499
0.5482792650924286,0.03619907597206499
0.5482792650924286,0.03619907597206499
0.5482792650924286,0.03619907597206499
0.5482792650924286,0.03619907597206499
0.5482792650924286,0.03619907597206499
0.5482792650924286,0.03619907597206499
0.5482792650924286,0.03619907597206499
0.5482792650924286,0.03619907597206499
0.5482792650924286,0.03619907597206499
0.5482792650924286,0.03619907597206499
0.5482792650924286,0.03619907597206499
0.5482792650924286,0.03619907597206499
0.5482792650924286,0.03619907597206499
0.5482792650924286,0.03619907597206499
0.5482792650924286,0.03619907597206499
0.5482792650924286,0.03619907597206499
0.5482792650924286,0.03619907597206499
0.5482792650924286,0.03619907597206499
0.5482792650924286,0.03619907597206499
0.5482792650924286,0.03619907597206499
0.5482792650924286,0.03619907597206499
0.5482792650924286,0.03619907597206499
0.5482792650924286,0.03619907597206499
0.5482792650924286,0.03619907597206499
0.5482792650924286,0.03619907597206499
0.5482792650924286,0.03619907597206499
0.5482792650924286,0.03619907597206499
0.5482792650924286,0.03619907597206499
0.5482792650924286,0.03619907597206499
0.5482792650924286,0.03619907597206499
0.5482792650924286,0.03619907597206499
0.5482792650924286,0.03619907597206499
0.5482792650924286,0.03619907597206499
0.5482792650924286,0.03619907597206499
0.5482792650924286,0.03619907597206499
0.5482792650924286,0.03619907597206499
0.5482792650924286,0.03619907597206499
0.5482792650924286,0.03619907597206499
0.5482792650924286,0.03619907597206499
0.5482792650924286,0.03619907597206499
0.5482792650924286,0.03619907597206499
0.5482792650924286,0.03619907597206499
0.5482792650924286,0.03619907597206499
0.5482792650924286,0.03619907597206499
0.5482792650924286,0.03619907597206499
0.5482792650924286,0.03619907597206499
0.5482792650924286,0.03619907597206499
0.5482792650924286,0.03619907597206499
0.5482792650924286,0.03619907597206499
0.5482792650924286,0.03619907597206499
0.5482792650924286,0.03619907597206499
0.5482792650924286,0.03619907597206499
0.5482792650924286,0.03619907597206499
0.5482792650924286,0.03619907597206499
0.5482792650924286,0.03619907597206499
0.5482792650924286,0.03619907597206499
0.5482792650924286,0.03619907597206499
0.5482792650924286,0.03619907597206499
0.5482792650924286,0.03619907597206499
0.5482792650924286,0.03619907597206499
0.5482792650924286,0.03619907597206499
0.5482792650924286,0.03619907597206499
0.5482792650924286,0.03619907597206499
0.5482792650924286,0.03619907597206499
0.5482792650924286,0.03619907597206499
0.5482792650924286,0.03619907597206499
0.5482792650924286,0.03619907597206499
0.5482792650924286,0.03619907597206499
0.5482792650924286,0.03619907597206499
0.5482792650924286,0.03619907597206499
0.5482792650924286,0.03619907597206499
0.5482792650924286,0.03619907597206499
0.5482792650924286,0.03619907597206499
0.5482792650924286,0.03619907597206499
0.5482792650924286,0.03619907597206499
0.5482792650924286,0.03619907597206499
0.5482792650924286,0.03619907597206499
0.5482792650924286,0.03619907597206499
0.5482792650924286,0.03619907597206499
0.5482792650924286,0.03619907597206499
0.5482792650924286,0.03619907597206499
0.5482792650924286,0.03619907597206499
0.5482792650924286,0.03619907597206499
0.5482792650924286,0.03619907597206499
0.5482792650924286,0.03619907597206499
0.5482792650924286,0.03619907597206499
0.5482792650924286,0.03619907597206499
0.5482792650924286,0.03619907597206499
0.5482792650924286,0.03619907597206499
0.5482792650924286,0.03619907597206499
0.5482792650924286,0.03619907597206499
0.5482792650924286,0.03619907597206499
0.5482792650924286,0.03619907597206499
0.5482792650924286,0.03619907597206499
0.5482792650924286,0.03619907597206499
0.5482792650924286,0.03619907597206499
0.5482792650924286,0.03619907597206499
0.5482792650924286,0.03619907597206499
0.5482792650924286,0.03619907597206499
0.5482792650924286,0.03619907597206499
0.5482792650924286,0.03619907597206499
0.5482792650924286,0.03619907597206499
0.5482792650924286,0.03619907597206499
0.5482792650924286,0.03619907597206499
0.5482792650924286,0.03619907597206499
0.5482792650924286,0.03619907597206499
0.5482792650924286,0.03619907597206499
0.5482792650924286,0.03619907597206499
0.5482792650924286,0.03619907597206499
0.5482792650924286,0.03619907597206499
0.5482792650924286,0.03619907597206499
0.5482792650924286,0.03619907597206499
0.5482792650924286,0.03619907597206499
0.5482792650924286,0.03619907597206499
0.5482792650924286,0.03619907597206499
0.5482792650924286,0.03619907597206499
0.5482792650924286,0.03619907597206499
0.5482792650924286,0.03619907597206499
0.5482792650924286,0.03619907597206499
0.5482792650924286,0.03619907597206499
0.5482792650924286,0.03619907597206499
0.5482792650924286,0.03619907597206499
0.5482792650924286,0.03619907597206499
0.5482792650924286,0.03619907597206499
0.5482792650924286,0.03619907597206499
0.5482792650924286,0.03619907597206499
0.5482792650924286,0.03619907597206499
0.5482792650924286,0.03619907597206499
0.5482792650924286,0.03619907597206499
0.5482792650924286,0.03619907597206499
0.5482792650924286,0.03619907597206499
0.5482792650924286,0.03619907597206499
0.5482792650924286,0.03619907597206499
0.5482792650924286,0.03619907597206499
0.5482792650924286,0.03619907597206499
0.5482792650924286,0.03619907597206499
0.5482792650924286,0.03619907597206499
0.5482792650924286,0.03619907597206499
0.5482792650924286,0.03619907597206499
0.5482792650924286,0.03619907597206499
0.5482792650924286,0.03619907597206499
0.5482792650924286,0.03619907597206499
0.5482792650924286,0.03619907597206499
0.5482792650924286,0.03619907597206499
0.5482792650924286,0.03619907597206499
0.5482792650924286,0.03619907597206499
0.5482792650924286,0.03619907597206499
0.5482792650924286,0.03619907597206499
0.5482792650924286,0.03619907597206499
0.5482792650924286,0.03619907597206499
0.5482792650924286,0.03619907597206499
0.5482792650924286,0.03619907597206499
0.5482792650924286,0.03619907597206499
0.5482792650924286,0.03619907597206499
0.5482792650924286,0.03619907597206499
0.5482792650924286,0.03619907597206499
0.5482792650924286,0.03619907597206499
0.5482792650924286,0.03619907597206499
0.5482792650924286,0.03619907597206499
0.5482792650924286,0.03619907597206499
0.5482792650924286,0.03619907597206499
0.5482792650924286,0.03619907597206499
0.5482792650924286,0.03619907597206499
0.5482792650924286,0.03619907597206499
0.5482792650924286,0.03619907597206499
0.5482792650924286,0.03619907597206499
0.5482792650924286,0.03619907597206499
0.5482792650924286,0.03619907597206499
0.5482792650924286,0.03619907597206499
0.5482792650924286,0.03619907597206499
0.5482792650924286,0.03619907597206499
0.5482792650924286,0.03619907597206499
0.5482792650924286,0.03619907597206499
0.5482792650924286,0.03619907597206499
0.5482792650924286,0.03619907597206499
0.5482792650924286,0.03619907597206499
0.5482792650924286,0.03619907597206499
0.5482792650924286,0.03619907597206499
0.5482792650924286,0.03619907597206499
0.5482792650924286,0.03619907597206499
0.5482792650924286,0.03619907597206499
0.5482792650924286,0.03619907597206499
0.5482792650924286,0.03619907597206499
0.5482792650924286,0.03619907597206499
0.5482792650924286,0.03619907597206499
0.5482792650924286,0.03619907597206499
0.5482792650924286,0.03619907597206499
0.5482792650924286,0.03619907597206499
0.5482792650924286,0.03619907597206499
0.5482792650924286,0.03619907597206499
0.5482792650924286,0.03619907597206499
0.5482792650924286,0.03619907597206499
0.5482792650924286,0.03619907597206499
0.5482792650924286,0.03619907597206499
0.5482792650924286,0.03619907597206499
0.5482792650924286,0.03619907597206499
0.5482792650924286,0.03619907597206499
0.5482792650924286,0.03619907597206499
0.5482792650924286,0.03619907597206499
0.5482792650924286,0.03619907597206499
0.5482792650924286,0.03619907597206499
0.5482792650924286,0.03619907597206499
0.5482792650924286,0.03619907597206499
0.5482792650924286,0.03619907597206499
0.5482792650924286,0.03619907597206499
0.5482792650924286,0.03619907597206499
0.5482792650924286,0.03619907597206499
0.5482792650924286,0.03619907597206499
0.5482792650924286,0.03619907597206499
0.5482792650924286,0.03619907597206499
0.5482792650924286,0.03619907597206499
0.5482792650924286,0.03619907597206499
0.5482792650924286,0.03619907597206499
0.5482792650924286,0.03619907597206499
0.5482792650924286,0.03619907597206499
0.5482792650924286,0.03619907597206499
0.5482792650924286,0.03619907597206499
0.5482792650924286,0.03619907597206499
0.5482792650924286,0.03619907597206499
0.5482792650924286,0.03619907597206499
0.5482792650924286,0.03619907597206499
0.5482792650924286,0.03619907597206499
0.5482792650924286,0.03619907597206499
0.5482792650924286,0.03619907597206499
0.5482792650924286,0.03619907597206499
0.5482792650924286,0.03619907597206499
0.5482792650924286,0.03619907597206499
0.5482792650924286,0.03619907597206499
0.5482792650924286,0.03619907597206499
0.5482792650924286,0.03619907597206499
0.5482792650924286,0.03619907597206499
0.5482792650924286,0.03619907597206499
0.5482792650924286,0.03619907597206499
0.5482792650924286,0.03619907597206499
0.5482792650924286,0.03619907597206499
0.5482792650924286,0.03619907597206499
0.5482792650924286,0.03619907597206499
0.5482792650924286,0.03619907597206499
0.5482792650924286,0.03619907597206499
0.5482792650924286,0.03619907597206499
0.5482792650924286,0.03619907597206499
0.5482792650924286,0.03619907597206499
0.5482792650924286,0.03619907597206499
0.5482792650924286,0.03619907597206499
0.5482792650924286,0.03619907597206499
0.5482792650924286,0.03619907597206499
0.5482792650924286,0.03619907597206499
0.5482792650924286,0.03619907597206499
0.5482792650924286,0.03619907597206499
0.5482792650924286,0.03619907597206499
0.5482792650924286,0.03619907597206499
0.5482792650924286,0.03619907597206499
0.5482792650924286,0.03619907597206499
0.5482792650924286,0.03619907597206499
0.5482792650924286,0.03619907597206499
0.5482792650924286,0.03619907597206499
0.5482792650924286,0.03619907597206499
0.5482792650924286,0.03619907597206499
0.5482792650924286,0.03619907597206499
0.5482792650924286,0.03619907597206499
0.5482792650924286,0.03619907597206499
0.5482792650924286,0.03619907597206499
0.5482792650924286,0.03619907597206499
0.5482792650924286,0.03619907597206499
0.5482792650924286,0.03619907597206499
0.5482792650924286,0.03619907597206499
0.5482792650924286,0.03619907597206499
0.5482792650924286,0.03619907597206499
0.5482792650924286,0.03619907597206499
0.5482792650924286,0.03619907597206499
0.5482792650924286,0.03619907597206499
0.5482792650924286,0.03619907597206499
0.5482792650924286,0.03619907597206499
0.5482792650924286,0.03619907597206499
0.5482792650924286,0.03619907597206499
0.5482792650924286,0.03619907597206499
0.5482792650924286,0.03619907597206499
0.5482792650924286,0.03619907597206499
0.5482792650924286,0.03619907597206499
0.5482792650924286,0.03619907597206499
0.5482792650924286,0.03619907597206499
0.5482792650924286,0.03619907597206499
0.5482792650924286,0.03619907597206499
0.5482792650924286,0.03619907597206499
0.5482792650924286,0.03619907597206499
0.5482792650924286,0.03619907597206499
0.5482792650924286,0.03619907597206499
0.5482792650924286,0.03619907597206499
0.5482792650924286,0.03619907597206499
0.5482792650924286,0.03619907597206499
0.5482792650924286,0.03619907597206499
0.5482792650924286,0.03619907597206499
0.5482792650924286,0.03619907597206499
0.5482792650924286,0.03619907597206499
0.5482792650924286,0.03619907597206499
0.5482792650924286,0.03619907597206499
0.5482792650924286,0.03619907597206499
0.5482792650924286,0.03619907597206499
0.5482792650924286,0.03619907597206499
0.5482792650924286,0.03619907597206499
0.5482792650924286,0.03619907597206499
0.5482792650924286,0.03619907597206499
0.5482792650924286,0.03619907597206499
0.5482792650924286,0.03619907597206499
0.5482792650924286,0.03619907597206499
0.5482792650924286,0.03619907597206499
0.5482792650924286,0.03619907597206499
0.5482792650924286,0.03619907597206499
0.5482792650924286,0.03619907597206499
0.5482792650924286,0.03619907597206499
0.5482792650924286,0.03619907597206499
0.5482792650924286,0.03619907597206499
0.5482792650924286,0.03619907597206499
0.5482792650924286,0.03619907597206499
0.5482792650924286,0.03619907597206499
0.5482792650924286,0.03619907597206499
0.5482792650924286,0.03619907597206499
0.5482792650924286,0.03619907597206499
0.5482792650924286,0.03619907597206499
0.5482792650924286,0.03619907597206499
0.5482792650924286,0.03619907597206499
0.5482792650924286,0.03619907597206499
0.5482792650924286,0.03619907597206499
0.5482792650924286,0.03619907597206499
0.5482792650924286,0.03619907597206499
0.5482792650924286,0.03619907597206499
0.5482792650924286,0.03619907597206499
0.5482792650924286,0.03619907597206499
0.5482792650924286,0.03619907597206499
0.5482792650924286,0.03619907597206499
0.5482792650924286,0.03619907597206499
0.5482792650924286,0.03619907597206499
0.5482792650924286,0.03619907597206499
0.5482792650924286,0.03619907597206499
0.5482792650924286,0.03619907597206499
0.5482792650924286,0.03619907597206499
0.5482792650924286,0.03619907597206499
0.5482792650924286,0.03619907597206499
0.5482792650924286,0.03619907597206499
0.5482792650924286,0.03619907597206499
0.5482792650924286,0.03619907597206499
0.5482792650924286,0.03619907597206499
0.5482792650924286,0.03619907597206499
0.5482792650924286,0.03619907597206499
0.5482792650924286,0.03619907597206499
0.5482792650924286,0.03619907597206499
0.5482792650924286,0.03619907597206499
0.5482792650924286,0.03619907597206499
0.5482792650924286,0.03619907597206499
0.5482792650924286,0.03619907597206499
0.5482792650924286,0.03619907597206499
0.5482792650924286,0.03619907597206499
0.5482792650924286,0.03619907597206499
0.5482792650924286,0.03619907597206499
0.5482792650924286,0.03619907597206499
0.5482792650924286,0.03619907597206499
0.5482792650924286,0.03619907597206499
0.5482792650924286,0.03619907597206499
0.5482792650924286,0.03619907597206499
0.5482792650924286,0.03619907597206499
0.5482792650924286,0.03619907597206499
0.5482792650924286,0.03619907597206499
0.5482792650924286,0.03619907597206499
0.5482792650924286,0.03619907597206499
0.5482792650924286,0.03619907597206499
0.5482792650924286,0.03619907597206499
0.5482792650924286,0.03619907597206499
0.5482792650924286,0.03619907597206499
0.5482792650924286,0.03619907597206499
0.5482792650924286,0.03619907597206499
0.5482792650924286,0.03619907597206499
0.5482792650924286,0.03619907597206499
0.5482792650924286,0.03619907597206499
0.5482792650924286,0.03619907597206499
0.5482792650924286,0.03619907597206499
0.5482792650924286,0.03619907597206499
0.5482792650924286,0.03619907597206499
0.5482792650924286,0.03619907597206499
0.5482792650924286,0.03619907597206499
0.5482792650924286,0.03619907597206499
0.5482792650924286,0.03619907597206499
0.5482792650924286,0.03619907597206499
0.5482792650924286,0.03619907597206499
0.5482792650924286,0.03619907597206499
0.5482792650924286,0.03619907597206499
0.5482792650924286,0.03619907597206499
0.5482792650924286,0.03619907597206499
0.5482543928809707,0.03619907597206499
0.5482543928809707,0.03619907597206499
0.5482543928809707,0.03619907597206499
0.5482543928809707,0.03619907597206499
0.5482543928809707,0.03619907597206499
0.5482543928809707,0.03619907597206499
0.5482543928809707,0.03619907597206499
0.5482543928809707,0.03619907597206499
0.5482543928809707,0.03619907597206499
0.5482543928809707,0.03619907597206499
0.5482543928809707,0.03619907597206499
0.5482543928809707,0.03619907597206499
0.5482543928809707,0.03619907597206499
0.5482543928809707,0.03619907597206499
0.5482543928809707,0.03619907597206499
0.5482543928809707,0.03619907597206499
0.5482543928809707,0.03619907597206499
0.5482543928809707,0.03619907597206499
0.5482543928809707,0.03619907597206499
0.5482543928809707,0.03619907597206499
0.5482543928809707,0.03619907597206499
0.5482543928809707,0.03619907597206499
0.5482543928809707,0.03619907597206499
0.5482543928809707,0.03619907597206499
0.5482543928809707,0.03619907597206499
0.5482543928809707,0.03619907597206499
0.5482543928809707,0.03619907597206499
0.5482543928809707,0.03619907597206499
0.5482543928809707,0.03619907597206499
0.5482543928809707,0.03619907597206499
0.5482543928809707,0.03619907597206499
0.5482543928809707,0.03619907597206499
0.5482543928809707,0.03619907597206499
0.5482543928809707,0.03619907597206499
0.5482543928809707,0.03619907597206499
0.5482543928809707,0.03619907597206499
0.5482543928809707,0.03619907597206499
0.5482543928809707,0.03619907597206499
0.5482543928809707,0.03619907597206499
0.5482543928809707,0.03619907597206499
0.5482543928809707,0.03619907597206499
0.5482543928809707,0.03619907597206499
0.5482543928809707,0.03619907597206499
0.5482543928809707,0.03619907597206499
0.5482543928809707,0.03619907597206499
0.5482543928809707,0.03619907597206499
0.5482543928809707,0.03619907597206499
0.5482543928809707,0.03619907597206499
0.5482543928809707,0.03619907597206499
0.5482543928809707,0.03619907597206499
0.5482543928809707,0.03619907597206499
0.5482543928809707,0.03619907597206499
0.5482543928809707,0.03619907597206499
0.5482543928809707,0.03619907597206499
0.5482543928809707,0.03619907597206499
0.5482543928809707,0.03619907597206499
0.5482543928809707,0.03619907597206499
0.5482543928809707,0.03619907597206499
0.5482543928809707,0.03619907597206499
0.5482543928809707,0.03619907597206499
0.5482543928809707,0.03619907597206499
0.5482543928809707,0.03619907597206499
0.5482543928809707,0.03619907597206499
0.5482543928809707,0.03619907597206499
0.5482543928809707,0.03619907597206499
0.5482543928809707,0.03619907597206499
0.5482543928809707,0.03619907597206499
0.5482543928809707,0.03619907597206499
0.5482543928809707,0.03619907597206499
0.5482543928809707,0.03619907597206499
0.5482543928809707,0.03619907597206499
0.5482543928809707,0.03619907597206499
0.5482543928809707,0.03619907597206499
0.5482543928809707,0.03619907597206499
0.5482543928809707,0.03619907597206499
0.5482543928809707,0.03619907597206499
0.5482543928809707,0.03619907597206499
0.5482543928809707,0.03619907597206499
0.5482543928809707,0.03619907597206499
0.5482543928809707,0.03619907597206499
0.5482543928809707,0.03619907597206499
0.5482543928809707,0.03619907597206499
0.5482543928809707,0.03619907597206499
0.5482543928809707,0.03619907597206499
0.5482543928809707,0.03619907597206499
0.5482543928809707,0.03619907597206499
0.5482543928809707,0.03619907597206499
0.5482543928809707,0.03619907597206499
0.5482543928809707,0.03619907597206499
0.5482543928809707,0.03619907597206499
0.5482543928809707,0.03619907597206499
0.5482543928809707,0.03619907597206499
0.5482543928809707,0.03619907597206499
0.5482543928809707,0.03619907597206499
0.5482543928809707,0.03619907597206499
0.5482543928809707,0.03619907597206499
0.5482543928809707,0.03619907597206499
0.5482543928809707,0.03619907597206499
0.5482543928809707,0.03619907597206499
0.5482543928809707,0.03619907597206499
0.5482543928809707,0.03619907597206499
0.5482543928809707,0.03619907597206499
0.5482543928809707,0.03619907597206499
0.5482543928809707,0.03619907597206499
0.5482543928809707,0.03619907597206499
0.5482543928809707,0.03619907597206499
0.5482543928809707,0.03619907597206499
0.5482543928809707,0.03619907597206499
0.5482543928809707,0.03619907597206499
0.5482543928809707,0.03619907597206499
0.5482543928809707,0.03619907597206499
0.5482543928809707,0.03619907597206499
0.5482543928809707,0.03619907597206499
0.5482543928809707,0.03619907597206499
0.5482543928809707,0.03619907597206499
0.5482543928809707,0.03619907597206499
0.5482543928809707,0.03619907597206499
0.5482543928809707,0.03619907597206499
0.5482543928809707,0.03619907597206499
0.5482543928809707,0.03619907597206499
0.5482543928809707,0.03619907597206499
0.5482543928809707,0.03619907597206499
0.5482543928809707,0.03619907597206499
0.5482543928809707,0.03619907597206499
0.5482543928809707,0.03619907597206499
0.5482543928809707,0.03619907597206499
0.5482543928809707,0.03619907597206499
0.5482543928809707,0.03619907597206499
0.5482543928809707,0.03619907597206499
0.5482543928809707,0.03619907597206499
0.5482543928809707,0.03619907597206499
0.5482543928809707,0.03619907597206499
0.5482543928809707,0.03619907597206499
0.5482543928809707,0.03619907597206499
0.5482543928809707,0.03619907597206499
0.5482543928809707,0.03619907597206499
0.5482543928809707,0.03619907597206499
0.5482543928809707,0.03619907597206499
0.5482543928809707,0.03619907597206499
0.5482543928809707,0.03619907597206499
0.5482543928809707,0.03619907597206499
0.5482543928809707,0.03619907597206499
0.5482543928809707,0.03619907597206499
0.5482543928809707,0.03619907597206499
0.5482543928809707,0.03619907597206499
0.5482543928809707,0.03619907597206499
0.5482543928809707,0.03619907597206499
0.5482543928809707,0.03619907597206499
0.5482543928809707,0.03619907597206499
0.5482543928809707,0.03619907597206499
0.5482543928809707,0.03619907597206499
0.5482543928809707,0.03619907597206499
0.5482543928809707,0.03619907597206499
0.5482543928809707,0.03619907597206499
0.5482543928809707,0.03619907597206499
0.5482543928809707,0.03619907597206499
0.5482543928809707,0.03619907597206499
0.5482543928809707,0.03619907597206499
0.5482543928809707,0.03619907597206499
0.5482543928809707,0.03619907597206499
0.5482543928809707,0.03619907597206499
0.5482543928809707,0.03619907597206499
0.5482543928809707,0.03619907597206499
0.5482543928809707,0.03619907597206499
0.5482543928809707,0.03619907597206499
0.5482543928809707,0.03619907597206499
0.5482543928809707,0.03619907597206499
0.5482543928809707,0.03619907597206499
0.5482543928809707,0.03619907597206499
0.5482543928809707,0.03619907597206499
0.5482543928809707,0.03619907597206499
0.5482543928809707,0.03619907597206499
0.5482543928809707,0.03619907597206499
0.5482543928809707,0.03619907597206499
0.5482543928809707,0.03619907597206499
0.5482543928809707,0.03619907597206499
0.5482543928809707,0.03619907597206499
0.5482543928809707,0.03619907597206499
0.5482543928809707,0.03619907597206499
0.5482543928809707,0.03619907597206499
0.5482543928809707,0.03619907597206499
0.5482543928809707,0.03619907597206499
0.5482543928809707,0.03619907597206499
0.5482543928809707,0.03619907597206499
0.5482543928809707,0.03619907597206499
0.5482543928809707,0.03619907597206499
0.5482543928809707,0.03619907597206499
0.5482543928809707,0.03619907597206499
0.5482543928809707,0.03619907597206499
0.5482543928809707,0.03619907597206499
0.5482543928809707,0.03619907597206499
0.5482543928809707,0.03619907597206499
0.5482543928809707,0.03619907597206499
0.5482543928809707,0.03619907597206499
0.5482543928809707,0.03619907597206499
0.5482543928809707,0.03619907597206499
0.5482543928809707,0.03619907597206499
0.5482543928809707,0.03619907597206499
0.5482543928809707,0.03619907597206499
0.5482543928809707,0.03619907597206499
0.5482543928809707,0.03619907597206499
0.5482543928809707,0.03619907597206499
0.5482543928809707,0.03619907597206499
0.5482543928809707,0.03619907597206499
0.5482543928809707,0.03619907597206499
0.5482543928809707,0.03619907597206499
0.5482543928809707,0.03619907597206499
0.5482543928809707,0.03619907597206499
0.5482543928809707,0.03619907597206499
0.5482543928809707,0.03619907597206499
0.5482543928809707,0.03619907597206499
0.5482543928809707,0.03619907597206499
0.5482543928809707,0.03619907597206499
0.5482543928809707,0.03619907597206499
0.5482543928809707,0.03619907597206499
0.5482543928809707,0.03619907597206499
0.5482543928809707,0.03619907597206499
0.5482543928809707,0.03619907597206499
0.5482543928809707,0.03619907597206499
0.5482543928809707,0.03619907597206499
0.5482543928809707,0.03619907597206499
0.5482543928809707,0.03619907597206499
0.5482543928809707,0.03619907597206499
0.5482543928809707,0.03619907597206499
0.5482543928809707,0.03619907597206499
0.5482543928809707,0.03619907597206499
0.5482543928809707,0.03619907597206499
0.5482543928809707,0.03619907597206499
0.5482543928809707,0.03619907597206499
0.5482543928809707,0.03619907597206499
0.5482543928809707,0.03619907597206499
0.5482543928809707,0.03619907597206499
0.5482543928809707,0.03619907597206499
0.5482543928809707,0.03619907597206499
0.5482543928809707,0.03619907597206499
0.5482543928809707,0.03619907597206499
0.5482543928809707,0.03619907597206499
0.5482543928809707,0.03619907597206499
0.5482543928809707,0.03619907597206499
0.5482543928809707,0.03619907597206499
0.5482543928809707,0.03619907597206499
0.5482543928809707,0.03619907597206499
0.5482543928809707,0.03619907597206499
0.5482543928809707,0.03619907597206499
0.5482543928809707,0.03619907597206499
0.5482543928809707,0.03619907597206499
0.5482543928809707,0.03619907597206499
0.5482543928809707,0.03619907597206499
0.5482543928809707,0.03619907597206499
0.5482543928809707,0.03619907597206499
0.5482543928809707,0.03619907597206499
0.5482543928809707,0.03619907597206499
0.5482543928809707,0.03619907597206499
0.5482543928809707,0.03619907597206499
0.5482543928809707,0.03619907597206499
0.5482543928809707,0.03619907597206499
0.5482543928809707,0.03619907597206499
0.5482543928809707,0.03619907597206499
0.5482543928809707,0.03619907597206499
0.5482543928809707,0.03619907597206499
0.5482543928809707,0.03619907597206499
0.5482543928809707,0.03619907597206499
0.5482543928809707,0.03619907597206499
0.5482543928809707,0.03619907597206499
0.5482543928809707,0.03619907597206499
0.5482543928809707,0.03619907597206499
0.5482543928809707,0.03619907597206499
0.5482543928809707,0.03619907597206499
0.5482543928809707,0.03619907597206499
0.5482543928809707,0.03619907597206499
0.5482543928809707,0.03619907597206499
0.5482543928809707,0.03619907597206499
0.5482543928809707,0.03619907597206499
0.5482543928809707,0.03619907597206499
0.5482543928809707,0.03619907597206499
0.5482543928809707,0.03619907597206499
0.5482543928809707,0.03619907597206499
0.5482543928809707,0.03619907597206499
0.5482543928809707,0.03619907597206499
0.5482543928809707,0.03619907597206499
0.5482543928809707,0.03619907597206499
0.5482543928809707,0.03619907597206499
0.5482543928809707,0.03619907597206499
0.5482543928809707,0.03619907597206499
0.5482543928809707,0.03619907597206499
0.5482543928809707,0.03619907597206499
0.5482543928809707,0.03619907597206499
0.5482543928809707,0.03619907597206499
0.5482543928809707,0.03619907597206499
0.5482543928809707,0.03619907597206499
0.5482543928809707,0.03619907597206499
0.5482543928809707,0.03619907597206499
0.5482543928809707,0.03619907597206499
0.5482543928809707,0.03619907597206499
0.5482543928809707,0.03619907597206499
0.5482543928809707,0.03619907597206499
0.5482543928809707,0.03619907597206499
0.5482543928809707,0.03619907597206499
0.5482543928809707,0.03619907597206499
0.5482543928809707,0.03619907597206499
0.5482543928809707,0.03619907597206499
0.5482543928809707,0.03619907597206499
0.5482543928809707,0.03619907597206499
0.5482543928809707,0.03619907597206499
0.5482543928809707,0.03619907597206499
0.5482543928809707,0.03619907597206499
0.5482543928809707,0.03619907597206499
0.5482543928809707,0.03619907597206499
0.5482543928809707,0.03619907597206499
0.5482543928809707,0.03619907597206499
0.5482543928809707,0.03619907597206499
0.5482543928809707,0.03619907597206499
0.5482543928809707,0.03619907597206499
0.5482543928809707,0.03619907597206499
0.5482543928809707,0.03619907597206499
0.5482543928809707,0.03619907597206499
0.5482543928809707,0.03619907597206499
0.5482543928809707,0.03619907597206499
0.5482543928809707,0.03619907597206499
0.5482543928809707,0.03619907597206499
0.5482543928809707,0.03619907597206499
0.5482543928809707,0.03619907597206499
0.5482543928809707,0.03619907597206499
0.5482543928809707,0.03619907597206499
0.5482543928809707,0.03619907597206499
0.5482543928809707,0.03619907597206499
0.5482543928809707,0.03619907597206499
0.5482543928809707,0.03619907597206499
0.5482543928809707,0.03619907597206499
0.5482543928809707,0.03619907597206499
0.5482543928809707,0.03619907597206499
0.5482543928809707,0.03619907597206499
0.5482543928809707,0.03619907597206499
0.5482543928809707,0.03619907597206499
0.5482543928809707,0.03619907597206499
0.5482543928809707,0.03619907597206499
0.5482543928809707,0.03619907597206499
0.5482543928809707,0.03619907597206499
0.5482543928809707,0.03619907597206499
0.5482543928809707,0.03619907597206499
0.5482543928809707,0.03619907597206499
0.5482543928809707,0.03619907597206499
0.5482543928809707,0.03619907597206499
0.5482543928809707,0.03619907597206499
0.5482543928809707,0.03619907597206499
0.5482543928809707,0.03619907597206499
0.5482543928809707,0.03619907597206499
0.5482543928809707,0.03619907597206499
0.5482543928809707,0.03619907597206499
0.5482543928809707,0.03619907597206499
0.5482543928809707,0.03619907597206499
0.5482543928809707,0.03619907597206499
0.5482543928809707,0.03619907597206499
0.5482543928809707,0.03619907597206499
0.5482543928809707,0.03619907597206499
0.5482543928809707,0.03619907597206499
0.5482543928809707,0.03619907597206499
0.5482543928809707,0.03619907597206499
0.5482543928809707,0.03619907597206499
0.5482543928809707,0.03619907597206499
0.5482543928809707,0.03619907597206499
0.5482543928809707,0.03619907597206499
0.5482543928809707,0.03619907597206499
0.5482543928809707,0.03619907597206499
0.5482543928809707,0.03619907597206499
0.5482543928809707,0.03619907597206499
0.5482543928809707,0.03619907597206499
0.5482543928809707,0.03619907597206499
0.5482543928809707,0.03619907597206499
0.5482543928809707,0.03619907597206499
0.5482543928809707,0.03619907597206499
0.5482543928809707,0.03619907597206499
0.5482543928809707,0.03619907597206499
0.5482543928809707,0.03619907597206499
0.5482543928809707,0.03619907597206499
0.5482543928809707,0.03619907597206499
0.5482543928809707,0.03619907597206499
0.5482543928809707,0.03619907597206499
0.5482543928809707,0.03619907597206499
0.5482543928809707,0.03619907597206499
0.5482543928809707,0.03619907597206499
0.5482543928809707,0.03619907597206499
0.5482543928809707,0.03619907597206499
0.5482543928809707,0.03619907597206499
0.5482543928809707,0.03619907597206499
0.5482543928809707,0.03619907597206499
0.5482543928809707,0.03619907597206499
0.5482543928809707,0.03619907597206499
0.5482543928809707,0.03619907597206499
0.5482543928809707,0.03619907597206499
0.5482543928809707,0.03619907597206499
0.5482543928809707,0.03619907597206499
0.5482543928809707,0.03619907597206499
0.5482543928809707,0.03619907597206499
0.5482543928809707,0.03619907597206499
0.5482543928809707,0.03619907597206499
0.5482543928809707,0.03619907597206499
0.5482543928809707,0.03619907597206499
0.5482543928809707,0.03619907597206499
0.5482543928809707,0.03619907597206499
0.5482543928809707,0.03619907597206499
0.5482543928809707,0.03619907597206499
0.5482543928809707,0.03619907597206499
0.5482543928809707,0.03619907597206499
0.5482543928809707,0.03619907597206499
0.5482543928809707,0.03619907597206499
0.5482543928809707,0.03619907597206499
0.5482543928809707,0.03619907597206499
0.5482543928809707,0.03619907597206499
0.5482543928809707,0.03619907597206499
0.5482543928809707,0.03619907597206499
0.5482543928809707,0.03619907597206499
0.5482543928809707,0.03619907597206499
0.5482543928809707,0.03619907597206499
0.5482543928809707,0.03619907597206499
0.5482543928809707,0.03619907597206499
0.5482543928809707,0.03619907597206499
0.5482543928809707,0.03619907597206499
0.5482543928809707,0.03619907597206499
0.5482543928809707,0.03619907597206499
0.5482543928809707,0.03619907597206499
0.5482543928809707,0.03619907597206499
0.5482543928809707,0.03619907597206499
0.5482543928809707,0.03619907597206499
0.5482543928809707,0.03619907597206499
0.5482543928809707,0.03619907597206499
0.5482543928809707,0.03619907597206499
0.5482543928809707,0.03619907597206499
0.5482543928809707,0.03619907597206499
0.5482543928809707,0.03619907597206499
0.5482543928809707,0.03619907597206499
0.5482543928809707,0.03619907597206499
0.5482543928809707,0.03619907597206499
0.5482543928809707,0.03619907597206499
0.5482543928809707,0.03619907597206499
0.5482543928809707,0.03619907597206499
0.5482543928809707,0.03619907597206499
0.5482543928809707,0.03619907597206499
0.5482543928809707,0.03619907597206499
0.5482543928809707,0.03619907597206499
0.5482543928809707,0.03619907597206499
0.5482543928809707,0.03619907597206499
0.5482543928809707,0.03619907597206499
0.5482543928809707,0.03619907597206499
0.5482543928809707,0.03619907597206499
0.5482543928809707,0.03619907597206499
0.5482543928809707,0.03619907597206499
0.5482543928809707,0.03619907597206499
0.5482543928809707,0.03619907597206499
0.5482543928809707,0.03619907597206499
0.5482543928809707,0.03619907597206499
0.5482543928809707,0.03619907597206499
0.5482543928809707,0.03619907597206499
0.5482543928809707,0.03619907597206499
0.5482543928809707,0.03619907597206499
0.5482543928809707,0.03619907597206499
0.5482543928809707,0.03619907597206499
0.5482543928809707,0.03619907597206499
0.5482543928809707,0.03619907597206499
0.5482543928809707,0.03619907597206499
0.5482543928809707,0.03619907597206499
0.5482543928809707,0.03619907597206499
0.5482543928809707,0.03619907597206499
0.5482543928809707,0.03619907597206499
0.5482543928809707,0.03619907597206499
0.5482543928809707,0.03619907597206499
0.5482543928809707,0.03619907597206499
0.5482543928809707,0.03619907597206499
0.5482543928809707,0.03619907597206499
0.5482543928809707,0.03619907597206499
0.5482543928809707,0.03619907597206499
0.5482543928809707,0.03619907597206499
0.5482543928809707,0.03619907597206499
0.5482543928809707,0.03619907597206499
0.5482543928809707,0.03619907597206499
0.5482543928809707,0.03619907597206499
0.5482543928809707,0.03619907597206499
0.5482543928809707,0.03619907597206499
0.5482543928809707,0.03619907597206499
0.5482543928809707,0.03619907597206499
0.5482543928809707,0.03619907597206499
0.5482543928809707,0.03619907597206499
0.5482543928809707,0.03619907597206499
0.5482543928809707,0.03619907597206499
0.5482543928809707,0.03619907597206499
0.5482543928809707,0.03619907597206499
0.5482543928809707,0.03619907597206499
0.5482543928809707,0.03619907597206499
0.5482543928809707,0.03619907597206499
0.5482543928809707,0.03619907597206499
0.5482543928809707,0.03619907597206499
0.5482543928809707,0.03619907597206499
0.5482543928809707,0.03619907597206499
0.5482543928809707,0.03619907597206499
0.5482543928809707,0.03619907597206499
0.5482543928809707,0.03619907597206499
0.5482543928809707,0.03619907597206499
0.5482543928809707,0.03619907597206499
0.5482543928809707,0.03619907597206499
0.5482543928809707,0.03619907597206499
0.5482543928809707,0.03619907597206499
0.5482543928809707,0.03619907597206499
0.5482543928809707,0.03619907597206499
0.5482543928809707,0.03619907597206499
0.5482543928809707,0.03619907597206499
0.5482543928809707,0.03619907597206499
0.5482543928809707,0.03619907597206499
0.5482543928809707,0.03619907597206499
0.5482543928809707,0.03619907597206499
0.5482543928809707,0.03619907597206499
0.5482543928809707,0.03619907597206499
0.5482543928809707,0.03619907597206499
0.5482543928809707,0.03619907597206499
0.5482543928809707,0.03619907597206499
0.5482543928809707,0.03619907597206499
0.5482543928809707,0.03619907597206499
0.5482543928809707,0.03619907597206499
0.5482543928809707,0.03619907597206499
0.5482543928809707,0.03619907597206499
0.5482543928809707,0.03619907597206499
0.5482543928809707,0.03619907597206499
0.5482543928809707,0.03619907597206499
0.5482543928809707,0.03619907597206499
0.5482543928809707,0.03619907597206499
0.5482543928809707,0.03619907597206499
0.5482543928809707,0.03619907597206499
0.5482543928809707,0.03619907597206499
0.5482543928809707,0.03619907597206499
0.5482543928809707,0.03619907597206499
0.5482543928809707,0.03619907597206499
0.5482543928809707,0.03619907597206499
0.5482543928809707,0.03619907597206499
0.5482543928809707,0.03619907597206499
0.5482543928809707,0.03619907597206499
0.5482543928809707,0.03619907597206499
0.5482543928809707,0.03619907597206499
0.5482543928809707,0.03619907597206499
0.5482543928809707,0.03619907597206499
0.5482543928809707,0.03619907597206499
0.5482543928809707,0.03619907597206499
0.5482543928809707,0.03619907597206499
0.5482543928809707,0.03619907597206499
0.5482543928809707,0.03619907597206499
0.5482543928809707,0.03619907597206499
0.5482543928809707,0.03619907597206499
0.5482543928809707,0.03619907597206499
0.5482543928809707,0.03619907597206499
0.5482543928809707,0.03619907597206499
0.5482543928809707,0.03619907597206499
0.5482543928809707,0.03619907597206499
0.5482543928809707,0.03619907597206499
0.5482543928809707,0.03619907597206499
0.5482543928809707,0.03619907597206499
0.5482543928809707,0.03619907597206499
0.5482543928809707,0.03619907597206499
0.5482543928809707,0.03619907597206499
0.5482543928809707,0.03619907597206499
0.5482543928809707,0.03619907597206499
0.5482543928809707,0.03619907597206499
0.5482543928809707,0.03619907597206499
0.5482543928809707,0.03619907597206499
0.5482543928809707,0.03619907597206499
0.5482543928809707,0.03619907597206499
0.5482543928809707,0.03619907597206499
0.5482543928809707,0.03619907597206499
0.5482543928809707,0.03619907597206499
0.5482543928809707,0.03619907597206499
0.5482543928809707,0.03619907597206499
0.5482543928809707,0.03619907597206499
0.5482543928809707,0.03619907597206499
0.5482543928809707,0.03619907597206499
0.5482543928809707,0.03619907597206499
0.5482543928809707,0.03619907597206499
0.5482543928809707,0.03619907597206499
0.5482543928809707,0.03619907597206499
0.5482543928809707,0.03619907597206499
0.5482543928809707,0.03619907597206499
0.5482543928809707,0.03619907597206499
0.5482543928809707,0.03619907597206499
0.5482543928809707,0.03619907597206499
0.5482543928809707,0.03619907597206499
0.5482543928809707,0.03619907597206499
0.5482543928809707,0.03619907597206499
0.5482543928809707,0.03619907597206499
0.5482543928809707,0.03619907597206499
0.5482543928809707,0.03619907597206499
0.5482543928809707,0.03619907597206499
0.5482543928809707,0.03619907597206499
0.5482543928809707,0.03619907597206499
0.5482543928809707,0.03619907597206499
0.5482543928809707,0.03619907597206499
0.5482543928809707,0.03619907597206499
0.5482543928809707,0.03619907597206499
0.5482543928809707,0.03619907597206499
0.5482543928809707,0.03619907597206499
0.5482543928809707,0.03619907597206499
0.5482543928809707,0.03619907597206499
0.5482543928809707,0.03619907597206499
0.5482543928809707,0.03619907597206499
0.5482543928809707,0.03619907597206499
0.5482543928809707,0.03619907597206499
0.5482543928809707,0.03619907597206499
0.5482543928809707,0.03619907597206499
0.5482543928809707,0.03619907597206499
0.5482543928809707,0.03619907597206499
0.5482543928809707,0.03619907597206499
0.5482543928809707,0.03619907597206499
0.5482543928809707,0.03619907597206499
0.5482543928809707,0.03619907597206499
0.5482543928809707,0.03619907597206499
0.5482543928809707,0.03619907597206499
0.5482543928809707,0.03619907597206499
0.5482543928809707,0.03619907597206499
0.5482543928809707,0.03619907597206499
0.5482543928809707,0.03619907597206499
0.5482543928809707,0.03619907597206499
0.5482543928809707,0.03619907597206499
0.5482543928809707,0.03619907597206499
0.5482543928809707,0.03619907597206499
0.5482543928809707,0.03619907597206499
0.5482543928809707,0.03619907597206499
0.5482543928809707,0.03619907597206499
0.5482543928809707,0.03619907597206499
0.5482543928809707,0.03619907597206499
0.5482543928809707,0.03619907597206499
0.5482543928809707,0.03619907597206499
0.5482543928809707,0.03619907597206499
0.5482543928809707,0.03619907597206499
0.5482543928809707,0.03619907597206499
0.5482543928809707,0.03619907597206499
0.5482543928809707,0.03619907597206499
0.5482543928809707,0.03619907597206499
0.5482543928809707,0.03619907597206499
0.5482543928809707,0.03619907597206499
0.5482543928809707,0.03619907597206499
0.5482543928809707,0.03619907597206499
0.5482543928809707,0.03619907597206499
0.5482543928809707,0.03619907597206499
0.5482543928809707,0.03619907597206499
0.5482543928809707,0.03619907597206499
0.5482543928809707,0.03619907597206499
0.5482543928809707,0.03619907597206499
0.5482543928809707,0.03619907597206499
0.5482543928809707,0.03619907597206499
0.5482543928809707,0.03619907597206499
0.5482543928809707,0.03619907597206499
0.5482543928809707,0.03619907597206499
0.5482543928809707,0.03619907597206499
0.5482543928809707,0.03619907597206499
0.5482543928809707,0.03619907597206499
0.5482543928809707,0.03619907597206499
0.5482543928809707,0.03619907597206499
0.5482543928809707,0.03619907597206499
0.5482543928809707,0.03619907597206499
0.5482543928809707,0.03619907597206499
0.5482543928809707,0.03619907597206499
0.5482543928809707,0.03619907597206499
0.5482543928809707,0.03619907597206499
0.5482543928809707,0.03619907597206499
0.5482543928809707,0.03619907597206499
0.5482543928809707,0.03619907597206499
0.5482543928809707,0.03619907597206499
0.5482543928809707,0.03619907597206499
0.5482543928809707,0.03619907597206499
0.5482543928809707,0.03619907597206499
0.5482543928809707,0.03619907597206499
0.5482543928809707,0.03619907597206499
0.5482543928809707,0.03619907597206499
0.5482543928809707,0.03619907597206499
0.5482543928809707,0.03619907597206499
0.5482543928809707,0.03619907597206499
0.5482543928809707,0.03619907597206499
0.5482543928809707,0.03619907597206499
0.5482543928809707,0.03619907597206499
0.5482543928809707,0.03619907597206499
0.5482543928809707,0.03619907597206499
0.5482543928809707,0.03619907597206499
0.5482543928809707,0.03619907597206499
0.5482543928809707,0.03619907597206499
0.5482543928809707,0.03619907597206499
0.5482543928809707,0.03619907597206499
0.5482543928809707,0.03619907597206499
0.5482543928809707,0.03619907597206499
0.5482543928809707,0.03619907597206499
0.5482543928809707,0.03619907597206499
0.5482543928809707,0.03619907597206499
0.5482543928809707,0.03619907597206499
0.5482543928809707,0.03619907597206499
0.5482543928809707,0.03619907597206499
0.5482543928809707,0.03619907597206499
0.5482543928809707,0.03619907597206499
0.5482543928809707,0.03619907597206499
0.5482543928809707,0.03619907597206499
0.5482543928809707,0.03619907597206499
0.5482543928809707,0.03619907597206499
0.5482543928809707,0.03619907597206499
0.5482543928809707,0.03619907597206499
0.5482543928809707,0.03619907597206499
0.5482543928809707,0.03619907597206499
0.5482543928809707,0.03619907597206499
0.5482543928809707,0.03619907597206499
0.5482543928809707,0.03619907597206499
0.5482543928809707,0.03619907597206499
0.5482543928809707,0.03619907597206499
0.5482543928809707,0.03619907597206499
0.5482543928809707,0.03619907597206499
0.5482543928809707,0.03619907597206499
0.5482543928809707,0.03619907597206499
0.5482543928809707,0.03619907597206499
0.5482543928809707,0.03619907597206499
0.5482543928809707,0.03619907597206499
0.5482543928809707,0.03619907597206499
0.5482543928809707,0.03619907597206499
0.5482543928809707,0.03619907597206499
0.5482543928809707,0.03619907597206499
0.5482543928809707,0.03619907597206499
0.5482543928809707,0.03619907597206499
0.5482543928809707,0.03619907597206499
0.5482543928809707,0.03619907597206499
0.5482543928809707,0.03619907597206499
0.5482543928809707,0.03619907597206499
0.5482543928809707,0.03619907597206499
0.5482543928809707,0.03619907597206499
0.5482543928809707,0.03619907597206499
0.5482543928809707,0.03619907597206499
0.5482543928809707,0.03619907597206499
0.5482543928809707,0.03619907597206499
0.5482543928809707,0.03619907597206499
0.5482543928809707,0.03619907597206499
0.5482543928809707,0.03619907597206499
0.5482543928809707,0.03619907597206499
0.5482543928809707,0.03619907597206499
0.5482543928809707,0.03619907597206499
0.5482543928809707,0.03619907597206499
0.5482543928809707,0.03619907597206499
0.5482543928809707,0.03619907597206499
0.5482543928809707,0.03619907597206499
0.5482543928809707,0.03619907597206499
0.5482543928809707,0.03619907597206499
0.5482543928809707,0.03619907597206499
0.5482543928809707,0.03619907597206499
0.5482543928809707,0.03619907597206499
0.5482543928809707,0.03619907597206499
0.5482543928809707,0.03619907597206499
0.5482543928809707,0.03619907597206499
0.5482543928809707,0.03619907597206499
0.5482543928809707,0.03619907597206499
0.5482543928809707,0.03619907597206499
0.5482543928809707,0.03619907597206499
0.5482543928809707,0.03619907597206499
0.5482543928809707,0.03619907597206499
0.5482543928809707,0.03619907597206499
0.5482543928809707,0.03619907597206499
0.5482543928809707,0.03619907597206499
0.5482543928809707,0.03619907597206499
0.5482543928809707,0.03619907597206499
0.5482543928809707,0.03619907597206499
0.5482543928809707,0.03619907597206499
0.5482543928809707,0.03619907597206499
0.5482543928809707,0.03619907597206499
0.5482543928809707,0.03619907597206499
0.5482543928809707,0.03619907597206499
0.5482543928809707,0.03619907597206499
0.5482543928809707,0.03619907597206499
0.5482543928809707,0.03619907597206499
0.5482543928809707,0.03619907597206499
0.5482543928809707,0.03619907597206499
0.5482543928809707,0.03619907597206499
0.5482543928809707,0.03619907597206499
0.5482543928809707,0.03619907597206499
0.5482543928809707,0.03619907597206499
0.5482543928809707,0.03619907597206499
0.5482543928809707,0.03619907597206499
0.5482543928809707,0.03619907597206499
0.5482543928809707,0.03619907597206499
0.5482543928809707,0.03619907597206499
0.5482543928809707,0.03619907597206499
0.5482543928809707,0.03619907597206499
0.5482543928809707,0.03619907597206499
0.5482543928809707,0.03619907597206499
0.5482543928809707,0.03619907597206499
0.5482543928809707,0.03619907597206499
0.5482543928809707,0.03619907597206499
0.5482543928809707,0.03619907597206499
0.5482543928809707,0.03619907597206499
0.5482543928809707,0.03619907597206499
0.5482543928809707,0.03619907597206499
0.5482543928809707,0.03619907597206499
0.5482543928809707,0.03619907597206499
0.5482543928809707,0.03619907597206499
0.5482543928809707,0.03619907597206499
0.5482543928809707,0.03619907597206499
0.5482543928809707,0.03619907597206499
0.5482543928809707,0.03619907597206499
0.5482543928809707,0.03619907597206499
0.5482543928809707,0.03619907597206499
0.5482543928809707,0.03619907597206499
0.5482543928809707,0.03619907597206499
0.5482543928809707,0.03619907597206499
0.5482543928809707,0.03619907597206499
0.5482543928809707,0.03619907597206499
0.5482543928809707,0.03619907597206499
0.5482543928809707,0.03619907597206499
0.5482543928809707,0.03619907597206499
0.5482543928809707,0.03619907597206499
0.5482543928809707,0.03619907597206499
0.5482543928809707,0.03619907597206499
0.5482543928809707,0.03619907597206499
0.5482543928809707,0.03619907597206499
0.5482543928809707,0.03619907597206499
0.5482543928809707,0.03619907597206499
0.5482543928809707,0.03619907597206499
0.5482543928809707,0.03619907597206499
0.5482543928809707,0.03619907597206499
0.5482543928809707,0.03619907597206499
0.5482543928809707,0.03619907597206499
0.5482543928809707,0.03619907597206499
0.5482543928809707,0.03619907597206499
0.5482543928809707,0.03619907597206499
0.5482543928809707,0.03619907597206499
0.5482543928809707,0.03619907597206499
0.5482543928809707,0.03619907597206499
0.5482543928809707,0.03619907597206499
0.5482543928809707,0.03619907597206499
0.5482543928809707,0.03619907597206499
0.5482543928809707,0.03619907597206499
0.5482543928809707,0.03619907597206499
0.5482543928809707,0.03619907597206499
0.5482543928809707,0.03619907597206499
0.5482543928809707,0.03619907597206499
0.5482543928809707,0.03619907597206499
0.5482543928809707,0.03619907597206499
0.5482543928809707,0.03619907597206499
0.5482543928809707,0.03619907597206499
0.5482543928809707,0.03619907597206499
0.5482543928809707,0.03619907597206499
0.5482543928809707,0.03619907597206499
0.5482543928809707,0.03619907597206499
0.5482543928809707,0.03619907597206499
0.5482543928809707,0.03619907597206499
0.5482543928809707,0.03619907597206499
0.5482543928809707,0.03619907597206499
0.5482543928809707,0.03619907597206499
0.5482543928809707,0.03619907597206499
0.5482543928809707,0.03619907597206499
0.5482543928809707,0.03619907597206499
0.5482543928809707,0.03619907597206499
0.5482543928809707,0.03619907597206499
0.5482543928809707,0.03619907597206499
0.5482543928809707,0.03619907597206499
0.5482543928809707,0.03619907597206499
0.5482543928809707,0.03619907597206499
0.5482543928809707,0.03619907597206499
0.5482543928809707,0.03619907597206499
0.5482543928809707,0.03619907597206499
0.5482543928809707,0.03619907597206499
0.5482543928809707,0.03619907597206499
0.5482543928809707,0.03619907597206499
0.5482543928809707,0.03619907597206499
0.5482543928809707,0.03619907597206499
0.5482543928809707,0.03619907597206499
0.5482543928809707,0.03619907597206499
0.5482543928809707,0.03619907597206499
0.5482543928809707,0.03619907597206499
0.5482543928809707,0.03619907597206499
0.5482543928809707,0.03619907597206499
0.5482543928809707,0.03619907597206499
0.5482543928809707,0.03619907597206499
0.5482543928809707,0.03619907597206499
0.5482543928809707,0.03619907597206499
0.5482543928809707,0.03619907597206499
0.5482543928809707,0.03619907597206499
0.5482543928809707,0.03619907597206499
0.5482543928809707,0.03619907597206499
0.5482543928809707,0.03619907597206499
0.5482543928809707,0.03619907597206499
0.5482543928809707,0.03619907597206499
0.5482543928809707,0.03619907597206499
0.5482543928809707,0.03619907597206499
0.5482543928809707,0.03619907597206499
0.5482543928809707,0.03619907597206499
0.5482543928809707,0.03619907597206499
0.5482543928809707,0.03619907597206499
0.5482543928809707,0.03619907597206499
0.5482543928809707,0.03619907597206499
0.5482543928809707,0.03619907597206499
0.5482543928809707,0.03619907597206499
0.5482543928809707,0.03619907597206499
0.5482543928809707,0.03619907597206499
0.5482543928809707,0.03619907597206499
0.5482543928809707,0.03619907597206499
0.5482543928809707,0.03619907597206499
0.5482543928809707,0.03619907597206499
0.5482543928809707,0.03619907597206499
0.5482543928809707,0.03619907597206499
0.5482543928809707,0.03619907597206499
0.5482543928809707,0.03619907597206499
0.5482543928809707,0.03619907597206499
0.5482543928809707,0.03619907597206499
0.5482543928809707,0.03619907597206499
0.5482543928809707,0.03619907597206499
0.5482543928809707,0.03619907597206499
0.5482543928809707,0.03619907597206499
0.5482543928809707,0.03619907597206499
0.5482543928809707,0.03619907597206499
0.5482543928809707,0.03619907597206499
0.5482543928809707,0.03619907597206499
0.5482543928809707,0.03619907597206499
0.5482543928809707,0.03619907597206499
0.5482543928809707,0.03619907597206499
0.5482543928809707,0.03619907597206499
0.5482543928809707,0.03619907597206499
0.5482543928809707,0.03619907597206499
0.5482543928809707,0.03619907597206499
0.5482543928809707,0.03619907597206499
0.5482543928809707,0.03619907597206499
0.5482543928809707,0.03619907597206499
0.5482543928809707,0.03619907597206499
0.5482543928809707,0.03619907597206499
0.5482543928809707,0.03619907597206499
0.5482543928809707,0.03619907597206499
0.5482543928809707,0.03619907597206499
0.5482543928809707,0.03619907597206499
0.5482543928809707,0.03619907597206499
0.5482543928809707,0.03619907597206499
0.5482543928809707,0.03619907597206499
0.5482543928809707,0.03619907597206499
0.5482543928809707,0.03619907597206499
0.5482543928809707,0.03619907597206499
0.5482543928809707,0.03619907597206499
0.5482543928809707,0.03619907597206499
0.5482543928809707,0.03619907597206499
0.5482543928809707,0.03619907597206499
0.5482543928809707,0.03619907597206499
0.5482543928809707,0.03619907597206499
0.5482543928809707,0.03619907597206499
0.5482543928809707,0.03619907597206499
0.5482543928809707,0.03619907597206499
0.5482543928809707,0.03619907597206499
0.5482543928809707,0.03619907597206499
0.5482543928809707,0.03619907597206499
0.5482543928809707,0.03619907597206499
0.5482543928809707,0.03619907597206499
0.5482543928809707,0.03619907597206499
0.5482543928809707,0.03619907597206499
0.5482543928809707,0.03619907597206499
0.5482543928809707,0.03619907597206499
0.5482543928809707,0.03619907597206499
0.5482543928809707,0.03619907597206499
0.5482543928809707,0.03619907597206499
0.5482543928809707,0.03619907597206499
0.5482543928809707,0.03619907597206499
0.5482543928809707,0.03619907597206499
0.5482543928809707,0.03619907597206499
0.5482543928809707,0.03619907597206499
0.5482543928809707,0.03619907597206499
0.5482543928809707,0.03619907597206499
0.5482543928809707,0.03619907597206499
0.5482543928809707,0.03619907597206499
0.5482543928809707,0.03619907597206499
0.5482543928809707,0.03619907597206499
0.5482543928809707,0.03619907597206499
0.5482543928809707,0.03619907597206499
0.5482543928809707,0.03619907597206499
0.5482543928809707,0.03619907597206499
0.5482543928809707,0.03619907597206499
0.5482543928809707,0.03619907597206499
0.5482543928809707,0.03619907597206499
0.5482543928809707,0.03619907597206499
0.5482543928809707,0.03619907597206499
0.5482543928809707,0.03619907597206499
0.5482543928809707,0.03619907597206499
0.5482543928809707,0.03619907597206499
0.5482543928809707,0.03619907597206499
0.5482543928809707,0.03619907597206499
0.5482543928809707,0.03619907597206499
0.5482543928809707,0.03619907597206499
0.5482543928809707,0.03619907597206499
0.5482543928809707,0.03619907597206499
0.5482543928809707,0.03619907597206499
0.5482543928809707,0.03619907597206499
0.5482543928809707,0.03619907597206499
0.5482543928809707,0.03619907597206499
0.5482543928809707,0.03619907597206499
0.5482543928809707,0.03619907597206499
0.5482543928809707,0.03619907597206499
0.5482543928809707,0.03619907597206499
0.5482543928809707,0.03619907597206499
0.5482543928809707,0.03619907597206499
0.5482543928809707,0.03619907597206499
0.5482543928809707,0.03619907597206499
0.5482543928809707,0.03619907597206499
0.5482543928809707,0.03619907597206499
0.5482543928809707,0.03619907597206499
0.5482543928809707,0.03619907597206499
0.5482543928809707,0.03619907597206499
0.5482543928809707,0.03619907597206499
0.5482543928809707,0.03619907597206499
0.5482543928809707,0.03619907597206499
0.5482543928809707,0.03619907597206499
0.5482543928809707,0.03619907597206499
0.5482543928809707,0.03619907597206499
0.5482543928809707,0.03619907597206499
0.5482543928809707,0.03619907597206499
0.5482543928809707,0.03619907597206499
0.5482543928809707,0.03619907597206499
0.5482543928809707,0.03619907597206499
0.5482543928809707,0.03619907597206499
0.5482543928809707,0.03619907597206499
0.5482543928809707,0.03619907597206499
0.5482543928809707,0.03619907597206499
0.5482543928809707,0.03619907597206499
0.5482543928809707,0.03619907597206499
0.5482543928809707,0.03619907597206499
0.5482543928809707,0.03619907597206499
0.5482543928809707,0.03619907597206499
0.5482543928809707,0.03619907597206499
0.5482543928809707,0.03619907597206499
0.5482543928809707,0.03619907597206499
0.5482543928809707,0.03619907597206499
0.5482543928809707,0.03619907597206499
0.5482543928809707,0.03619907597206499
0.5482543928809707,0.03619907597206499
0.5482543928809707,0.03619907597206499
0.5482543928809707,0.03619907597206499
0.5482543928809707,0.03619907597206499
0.5482543928809707,0.03619907597206499
0.5482543928809707,0.03619907597206499
0.5482543928809707,0.03619907597206499
0.5482543928809707,0.03619907597206499
0.5482543928809707,0.03619907597206499
0.5482543928809707,0.03619907597206499
0.5482543928809707,0.03619907597206499
0.5482543928809707,0.03619907597206499
0.5482543928809707,0.03619907597206499
0.5482543928809707,0.03619907597206499
0.5482543928809707,0.03619907597206499
0.5482543928809707,0.03619907597206499
0.5482543928809707,0.03619907597206499
0.5482543928809707,0.03619907597206499
0.5482543928809707,0.03619907597206499
0.5482543928809707,0.03619907597206499
0.5482543928809707,0.03619907597206499
0.5482543928809707,0.03619907597206499
0.5482543928809707,0.03619907597206499
0.5482543928809707,0.03619907597206499
0.5482543928809707,0.03619907597206499
0.5482543928809707,0.03619907597206499
0.5482543928809707,0.03619907597206499
0.5482543928809707,0.03619907597206499
0.5482543928809707,0.03619907597206499
0.5482543928809707,0.03619907597206499
0.5482543928809707,0.03619907597206499
0.5482543928809707,0.03619907597206499
0.5482543928809707,0.03619907597206499
0.5482543928809707,0.03619907597206499
0.5482543928809707,0.03619907597206499
0.5482543928809707,0.03619907597206499
0.5482543928809707,0.03619907597206499
0.5482543928809707,0.03619907597206499
0.5482543928809707,0.03619907597206499
0.5482543928809707,0.03619907597206499
0.5482543928809707,0.03619907597206499
0.5482543928809707,0.03619907597206499
0.5482543928809707,0.03619907597206499
0.5482543928809707,0.03619907597206499
0.5482543928809707,0.03619907597206499
0.5482543928809707,0.03619907597206499
0.5482543928809707,0.03619907597206499
0.5482543928809707,0.03619907597206499
0.5482543928809707,0.03619907597206499
0.5482543928809707,0.03619907597206499
0.5482543928809707,0.03620484520456997
0.5482543928809707,0.03620484520456997
0.5482543928809707,0.03620484520456997
0.5482543928809707,0.03620484520456997
0.5482543928809707,0.03620484520456997
0.5482543928809707,0.03620484520456997
0.5482543928809707,0.03620484520456997
0.5482543928809707,0.03620484520456997
0.5482543928809707,0.03620484520456997
0.5482543928809707,0.03620484520456997
0.5482543928809707,0.03620484520456997
0.5482543928809707,0.03620484520456997
0.5482543928809707,0.03620484520456997
0.5482543928809707,0.03620484520456997
0.5482543928809707,0.03620484520456997
0.5482543928809707,0.03620484520456997
0.5482543928809707,0.03620484520456997
0.5482543928809707,0.03620484520456997
0.5482543928809707,0.03620484520456997
0.5482543928809707,0.03620484520456997
0.5482543928809707,0.03620484520456997
0.5482543928809707,0.03620484520456997
0.5482543928809707,0.03620484520456997
0.5482543928809707,0.03620484520456997
0.5482543928809707,0.03620484520456997
0.5482543928809707,0.03620484520456997
0.5482543928809707,0.03620484520456997
0.5482543928809707,0.03620484520456997
0.5482543928809707,0.03620484520456997
0.5482543928809707,0.03620484520456997
0.5482543928809707,0.03620484520456997
0.5482543928809707,0.03620484520456997
0.5482543928809707,0.03620484520456997
0.5482543928809707,0.03620484520456997
0.5482543928809707,0.03620484520456997
0.5482543928809707,0.03620484520456997
0.5482543928809707,0.03620484520456997
0.5482543928809707,0.03620484520456997
0.5482543928809707,0.03620484520456997
0.5482543928809707,0.03620484520456997
0.5482543928809707,0.03620484520456997
0.5482543928809707,0.03620484520456997
0.5482543928809707,0.03620484520456997
0.5482543928809707,0.03620484520456997
0.5482543928809707,0.03620484520456997
0.5482543928809707,0.03620484520456997
0.5482543928809707,0.03620484520456997
0.5482543928809707,0.03620484520456997
0.5482543928809707,0.03620484520456997
0.5482543928809707,0.03620484520456997
0.5482543928809707,0.03620484520456997
0.5482543928809707,0.03620484520456997
0.5482543928809707,0.03620484520456997
0.5482543928809707,0.03620484520456997
0.5482543928809707,0.03620484520456997
0.5482543928809707,0.03620484520456997
0.5482543928809707,0.03620484520456997
0.5482543928809707,0.03620484520456997
0.5482543928809707,0.03620484520456997
0.5482543928809707,0.03620484520456997
0.5482543928809707,0.03620484520456997
0.5482543928809707,0.03620484520456997
0.5482543928809707,0.03620484520456997
0.5482543928809707,0.03620484520456997
0.5482543928809707,0.03620484520456997
0.5482543928809707,0.03620484520456997
0.5482543928809707,0.03620484520456997
0.5482543928809707,0.03620484520456997
0.5482543928809707,0.03620484520456997
0.5482543928809707,0.03620484520456997
0.5482543928809707,0.03620484520456997
0.5482543928809707,0.03620484520456997
0.5482543928809707,0.03620484520456997
0.5482543928809707,0.03620484520456997
0.5482543928809707,0.03620484520456997
0.5482543928809707,0.03620484520456997
0.5482543928809707,0.03620484520456997
0.5482543928809707,0.03620484520456997
0.5482543928809707,0.03620484520456997
0.5482543928809707,0.03620484520456997
0.5482543928809707,0.03620484520456997
0.5482543928809707,0.03620484520456997
0.5482543928809707,0.03620484520456997
0.5482543928809707,0.03620484520456997
0.5482543928809707,0.03620484520456997
0.5482543928809707,0.03620484520456997
0.5482543928809707,0.03620484520456997
0.5482543928809707,0.03620484520456997
0.5482543928809707,0.03620484520456997
0.5482543928809707,0.03620484520456997
0.5482543928809707,0.03620484520456997
0.5482543928809707,0.03620484520456997
0.5482543928809707,0.03620484520456997
0.5482543928809707,0.03620484520456997
0.5482543928809707,0.03620484520456997
0.5482543928809707,0.03620484520456997
0.5482543928809707,0.03620484520456997
0.5482543928809707,0.03620484520456997
0.5482543928809707,0.03620484520456997
0.5482543928809707,0.03620484520456997
0.5482543928809707,0.03620484520456997
0.5482543928809707,0.03620484520456997
0.5482543928809707,0.03620484520456997
0.5482543928809707,0.03620484520456997
0.5482543928809707,0.03620484520456997
0.5482543928809707,0.03620484520456997
0.5482543928809707,0.03620484520456997
0.5482543928809707,0.03620484520456997
0.5482543928809707,0.03620484520456997
0.5482543928809707,0.03620484520456997
0.5482543928809707,0.03620484520456997
0.5482543928809707,0.03620484520456997
0.5482543928809707,0.03620484520456997
0.5482543928809707,0.03620484520456997
0.5482543928809707,0.03620484520456997
0.5482543928809707,0.03620484520456997
0.5482543928809707,0.03620484520456997
0.5482543928809707,0.03620484520456997
0.5482543928809707,0.03620484520456997
0.5482543928809707,0.03620484520456997
0.5482543928809707,0.03620484520456997
0.5482543928809707,0.03620484520456997
0.5482543928809707,0.03620484520456997
0.5482543928809707,0.03620484520456997
0.5482543928809707,0.03620484520456997
0.5482543928809707,0.03620484520456997
0.5482543928809707,0.03620484520456997
0.5482543928809707,0.03620484520456997
0.5482543928809707,0.03620484520456997
0.5482543928809707,0.03620484520456997
0.5482543928809707,0.03620484520456997
0.5482543928809707,0.03620484520456997
0.5482543928809707,0.03620484520456997
0.5482543928809707,0.03620484520456997
0.5482543928809707,0.03620484520456997
0.5482543928809707,0.03620484520456997
0.5482543928809707,0.03620484520456997
0.5482543928809707,0.03620484520456997
0.5482543928809707,0.03620484520456997
0.5482543928809707,0.03620484520456997
0.5482543928809707,0.03620484520456997
0.5482543928809707,0.03620484520456997
0.5482543928809707,0.03620484520456997
0.5482543928809707,0.03620484520456997
0.5482543928809707,0.03620484520456997
0.5482543928809707,0.03620484520456997
0.5482543928809707,0.03620484520456997
0.5482543928809707,0.03620484520456997
0.5482543928809707,0.03620484520456997
0.5482543928809707,0.03620484520456997
0.5482543928809707,0.03620484520456997
0.5482543928809707,0.03620484520456997
0.5482543928809707,0.03620484520456997
0.5482543928809707,0.03620484520456997
0.5482543928809707,0.03620484520456997
0.5482543928809707,0.03620484520456997
0.5482543928809707,0.03620484520456997
0.5482543928809707,0.03620484520456997
0.5482543928809707,0.03620484520456997
0.5482543928809707,0.03620484520456997
0.5482543928809707,0.03620484520456997
0.5482543928809707,0.03620484520456997
0.5482543928809707,0.03620484520456997
0.5482543928809707,0.03620484520456997
0.5482543928809707,0.03620484520456997
0.5482543928809707,0.03620484520456997
0.5482543928809707,0.03620484520456997
0.5482543928809707,0.03620484520456997
0.5482543928809707,0.03620484520456997
0.5482543928809707,0.03620484520456997
0.5482543928809707,0.03620484520456997
0.5482543928809707,0.03620484520456997
0.5482543928809707,0.03620484520456997
0.5482543928809707,0.03620484520456997
0.5482543928809707,0.03620484520456997
0.5482543928809707,0.03620484520456997
0.5482543928809707,0.03620484520456997
0.5482543928809707,0.03620484520456997
0.5482543928809707,0.03620484520456997
0.5482543928809707,0.03620484520456997
0.5482543928809707,0.03620484520456997
0.5482543928809707,0.03620484520456997
0.5482543928809707,0.03620484520456997
0.5482543928809707,0.03620484520456997
0.5482543928809707,0.03620484520456997
0.5482543928809707,0.03620484520456997
0.5482543928809707,0.03620484520456997
0.5482543928809707,0.03620484520456997
0.5482543928809707,0.03620484520456997
0.5482543928809707,0.03620484520456997
0.5482543928809707,0.03620484520456997
0.5482543928809707,0.03620484520456997
0.5482543928809707,0.03620484520456997
0.5482543928809707,0.03620484520456997
0.5482543928809707,0.03620484520456997
0.5482543928809707,0.03620484520456997
0.5482543928809707,0.03620484520456997
0.5482543928809707,0.03620484520456997
0.5482543928809707,0.03620484520456997
0.5482543928809707,0.03620484520456997
0.5482543928809707,0.03620484520456997
0.5482543928809707,0.03620484520456997
0.5482543928809707,0.03620484520456997
0.5482543928809707,0.03620484520456997
0.5482543928809707,0.03620484520456997
0.5482543928809707,0.03620484520456997
0.5482543928809707,0.03620484520456997
0.5482543928809707,0.03620484520456997
0.5482543928809707,0.03620484520456997
0.5482543928809707,0.03620484520456997
0.5482543928809707,0.03620484520456997
0.5482543928809707,0.03620484520456997
0.5482543928809707,0.03620484520456997
0.5482543928809707,0.03620484520456997
0.5482543928809707,0.03620484520456997
0.5482543928809707,0.03620484520456997
0.5482543928809707,0.03620484520456997
0.5482543928809707,0.03620484520456997
0.5482543928809707,0.03620484520456997
0.5482543928809707,0.03620484520456997
0.5482543928809707,0.03620484520456997
0.5482543928809707,0.03620484520456997
0.5482543928809707,0.03620484520456997
0.5482543928809707,0.03620484520456997
0.5482543928809707,0.03620484520456997
0.5482543928809707,0.03620484520456997
0.5482543928809707,0.03620484520456997
0.5482543928809707,0.03620484520456997
0.5482543928809707,0.03620484520456997
0.5482543928809707,0.03620484520456997
0.5482543928809707,0.03620484520456997
0.5482543928809707,0.03620484520456997
0.5482543928809707,0.03620484520456997
0.5482543928809707,0.03620484520456997
0.5482543928809707,0.03620484520456997
0.5482543928809707,0.03620484520456997
0.5482543928809707,0.03620484520456997
0.5482543928809707,0.03620484520456997
0.5482543928809707,0.03620484520456997
0.5482543928809707,0.03620484520456997
0.5482543928809707,0.03620484520456997
0.5482543928809707,0.03620484520456997
0.5482543928809707,0.03620484520456997
0.5482543928809707,0.03620484520456997
0.5482543928809707,0.03620484520456997
0.5482543928809707,0.03620484520456997
0.5482543928809707,0.03620484520456997
0.5482543928809707,0.03620484520456997
0.5482543928809707,0.03620484520456997
0.5482543928809707,0.03620484520456997
0.5482543928809707,0.03620484520456997
0.5482543928809707,0.03620484520456997
0.5482543928809707,0.03620484520456997
0.5482543928809707,0.03620484520456997
0.5482543928809707,0.03620484520456997
0.5482543928809707,0.03620484520456997
0.5482543928809707,0.03620484520456997
0.5482543928809707,0.03620484520456997
0.5482543928809707,0.03620484520456997
0.5482543928809707,0.03620484520456997
0.5482543928809707,0.03620484520456997
0.5482543928809707,0.03620484520456997
0.5482543928809707,0.03620484520456997
0.5482543928809707,0.03620484520456997
0.5482543928809707,0.03620484520456997
0.5482543928809707,0.03620484520456997
0.5482543928809707,0.03620484520456997
0.5482543928809707,0.03620484520456997
0.5482543928809707,0.03620484520456997
0.5482543928809707,0.03620484520456997
0.5482543928809707,0.03620484520456997
0.5482543928809707,0.03620484520456997
0.5482543928809707,0.03620484520456997
0.5482543928809707,0.03620484520456997
0.5482543928809707,0.03620484520456997
0.5482543928809707,0.03620484520456997
0.5482543928809707,0.03620484520456997
0.5482543928809707,0.03620484520456997
0.5482543928809707,0.03620484520456997
0.5482543928809707,0.03620484520456997
0.5482543928809707,0.03620484520456997
0.5482543928809707,0.03620484520456997
0.5482543928809707,0.03620484520456997
0.5482543928809707,0.03620484520456997
0.5482543928809707,0.03620484520456997
0.5482543928809707,0.03620484520456997
0.5482543928809707,0.03620484520456997
0.5482543928809707,0.03620484520456997
0.5482543928809707,0.03620484520456997
0.5482543928809707,0.03620484520456997
0.5482543928809707,0.03620484520456997
0.5482543928809707,0.03620484520456997
0.5482543928809707,0.03620484520456997
0.5482543928809707,0.03620484520456997
0.5482543928809707,0.03620484520456997
0.5482543928809707,0.03620484520456997
0.5482543928809707,0.03620484520456997
0.5482543928809707,0.03620484520456997
0.5482543928809707,0.03620484520456997
0.5482543928809707,0.03620484520456997
0.5482543928809707,0.03620484520456997
0.5482543928809707,0.03620484520456997
0.5482543928809707,0.03620484520456997
0.5482543928809707,0.03620484520456997
0.5482543928809707,0.03620484520456997
0.5482543928809707,0.03620484520456997
0.5482543928809707,0.03620484520456997
0.5482543928809707,0.03620484520456997
0.5482543928809707,0.03620484520456997
0.5482543928809707,0.03620484520456997
0.5482543928809707,0.03620484520456997
0.5482543928809707,0.03620484520456997
0.5482543928809707,0.03620484520456997
0.5482543928809707,0.03620484520456997
0.5482543928809707,0.03620484520456997
0.5482543928809707,0.03620484520456997
0.5482543928809707,0.03620484520456997
0.5482543928809707,0.03620484520456997
0.5482543928809707,0.03620484520456997
0.5482543928809707,0.03620484520456997
0.5482543928809707,0.03620484520456997
0.5482543928809707,0.03620484520456997
0.5482543928809707,0.03620484520456997
0.5482543928809707,0.03620484520456997
0.5482543928809707,0.03620484520456997
0.5482543928809707,0.03620484520456997
0.5482543928809707,0.03620484520456997
0.5482543928809707,0.03620484520456997
0.5482543928809707,0.03620484520456997
0.5482543928809707,0.03620484520456997
0.5482543928809707,0.03620484520456997
0.5482543928809707,0.03620484520456997
0.5482543928809707,0.03620484520456997
0.5482543928809707,0.03620484520456997
0.5482543928809707,0.03620484520456997
0.5482543928809707,0.03620484520456997
0.5482543928809707,0.03620484520456997
0.5482543928809707,0.03620484520456997
0.5482543928809707,0.03620484520456997
0.5482543928809707,0.03620484520456997
0.5482543928809707,0.03620484520456997
0.5482543928809707,0.03620484520456997
0.5482543928809707,0.03620484520456997
0.5482543928809707,0.03620484520456997
0.5482543928809707,0.03620484520456997
0.5482543928809707,0.03620484520456997
0.5482543928809707,0.03620484520456997
0.5482543928809707,0.03620484520456997
0.5482543928809707,0.03620484520456997
0.5482543928809707,0.03620484520456997
0.5482543928809707,0.03620484520456997
0.5482543928809707,0.03620484520456997
0.5482543928809707,0.03620484520456997
0.5482543928809707,0.03620484520456997
0.5482543928809707,0.03620484520456997
0.5482543928809707,0.03620484520456997
0.5482543928809707,0.03620484520456997
0.5482543928809707,0.03620484520456997
0.5482543928809707,0.03620484520456997
0.5482543928809707,0.03620484520456997
0.5482543928809707,0.03620484520456997
0.5482543928809707,0.03620484520456997
0.5482543928809707,0.03620484520456997
0.5482543928809707,0.03620484520456997
0.5482543928809707,0.03620484520456997
0.5482543928809707,0.03620484520456997
0.5482543928809707,0.03620484520456997
0.5482543928809707,0.03620484520456997
0.5482543928809707,0.03620484520456997
0.5482543928809707,0.03620484520456997
0.5482543928809707,0.03620484520456997
0.5482543928809707,0.03620484520456997
0.5482543928809707,0.03620484520456997
0.5482543928809707,0.03620484520456997
0.5482543928809707,0.03620484520456997
0.5482543928809707,0.03620484520456997
0.5482543928809707,0.03620484520456997
0.5482543928809707,0.03620484520456997
0.5482543928809707,0.03620484520456997
0.5482543928809707,0.03620484520456997
0.5482543928809707,0.03620484520456997
0.5482543928809707,0.03620484520456997
0.5482543928809707,0.03620484520456997
0.5482543928809707,0.03620484520456997
0.5482543928809707,0.03620484520456997
0.5482543928809707,0.03620484520456997
0.5482543928809707,0.03620484520456997
0.5482543928809707,0.03620484520456997
0.5482543928809707,0.03620484520456997
0.5482543928809707,0.03620484520456997
0.5482543928809707,0.03620484520456997
0.5482543928809707,0.03620484520456997
0.5482543928809707,0.03620484520456997
0.5482543928809707,0.03620484520456997
0.5482543928809707,0.03620484520456997
0.5482543928809707,0.03620484520456997
0.5482543928809707,0.03620484520456997
0.5482543928809707,0.03620484520456997
0.5482543928809707,0.03620484520456997
0.5482543928809707,0.03620484520456997
0.5482543928809707,0.03620484520456997
0.5482543928809707,0.03620484520456997
0.5482543928809707,0.03620484520456997
0.5482543928809707,0.03620484520456997
0.5482543928809707,0.03620484520456997
0.5482543928809707,0.03620484520456997
0.5482543928809707,0.03620484520456997
0.5482543928809707,0.03620484520456997
0.5482543928809707,0.03620484520456997
0.5482543928809707,0.03620484520456997
0.5482543928809707,0.03620484520456997
0.5482543928809707,0.03620484520456997
0.5482543928809707,0.03620484520456997
0.5482543928809707,0.03620484520456997
0.5482543928809707,0.03620484520456997
0.5482543928809707,0.03620484520456997
0.5482543928809707,0.03620484520456997
0.5482543928809707,0.03620484520456997
0.5482543928809707,0.03620484520456997
0.5482543928809707,0.03620484520456997
0.5482543928809707,0.03620484520456997
0.5482543928809707,0.03620484520456997
0.5482543928809707,0.03620484520456997
0.5482543928809707,0.03620484520456997
0.5482543928809707,0.03620484520456997
0.5482543928809707,0.03620484520456997
0.5482543928809707,0.03620484520456997
0.5482543928809707,0.03620484520456997
0.5482543928809707,0.03620484520456997
0.5482543928809707,0.03620484520456997
0.5482543928809707,0.03620484520456997
0.5482543928809707,0.03620484520456997
0.5482543928809707,0.03620484520456997
0.5482543928809707,0.03620484520456997
0.5482543928809707,0.03620484520456997
0.5482543928809707,0.03620484520456997
0.5482543928809707,0.03620484520456997
0.5482543928809707,0.03620484520456997
0.5482543928809707,0.03620484520456997
0.5482543928809707,0.03620484520456997
0.5482543928809707,0.03620484520456997
0.5482543928809707,0.03620484520456997
0.5482543928809707,0.03620484520456997
0.5482543928809707,0.03620484520456997
0.5482543928809707,0.03620484520456997
0.5482543928809707,0.03620484520456997
0.5482543928809707,0.03620484520456997
0.5482543928809707,0.03620484520456997
0.5482543928809707,0.03620484520456997
0.5482543928809707,0.03620484520456997
0.5482543928809707,0.03620484520456997
0.5482543928809707,0.03620484520456997
0.5482543928809707,0.03620484520456997
0.5482543928809707,0.03620484520456997
0.5482543928809707,0.03620484520456997
0.5482543928809707,0.03620484520456997
0.5482543928809707,0.03620484520456997
0.5482543928809707,0.03620484520456997
0.5482543928809707,0.03620484520456997
0.5482543928809707,0.03620484520456997
0.5482543928809707,0.03620484520456997
0.5482543928809707,0.03620484520456997
0.5482543928809707,0.03620484520456997
0.5482543928809707,0.03620484520456997
0.5482543928809707,0.03620484520456997
0.5482543928809707,0.03620484520456997
0.5482543928809707,0.03620484520456997
0.5482543928809707,0.03620484520456997
0.5482543928809707,0.03620484520456997
0.5482543928809707,0.03620484520456997
0.5482543928809707,0.03620484520456997
0.5482543928809707,0.03620484520456997
0.5482543928809707,0.03620484520456997
0.5482543928809707,0.03620484520456997
0.5482543928809707,0.03620484520456997
0.5482543928809707,0.03620484520456997
0.5482543928809707,0.03620484520456997
0.5482543928809707,0.03620484520456997
0.5482543928809707,0.03620484520456997
0.5482543928809707,0.03620484520456997
0.5482543928809707,0.03620484520456997
0.5482543928809707,0.03620484520456997
0.5482543928809707,0.03620484520456997
0.5482543928809707,0.03620484520456997
0.5482543928809707,0.03620484520456997
0.5482543928809707,0.03620484520456997
0.5482543928809707,0.03620484520456997
0.5482543928809707,0.03620484520456997
0.5482543928809707,0.03620484520456997
0.5482543928809707,0.03620484520456997
0.5482543928809707,0.03620484520456997
0.5482543928809707,0.03620484520456997
0.5482543928809707,0.03620484520456997
0.5482543928809707,0.03620484520456997
0.5482543928809707,0.03620484520456997
0.5482543928809707,0.03620484520456997
0.5482543928809707,0.03620484520456997
0.5482543928809707,0.03620484520456997
0.5482543928809707,0.03620484520456997
0.5482543928809707,0.03620484520456997
0.5482543928809707,0.03620484520456997
0.5482543928809707,0.03620484520456997
0.5482543928809707,0.03620484520456997
0.5482543928809707,0.03620484520456997
0.5482543928809707,0.03620484520456997
0.5482543928809707,0.03620484520456997
0.5482543928809707,0.03620484520456997
0.5482543928809707,0.03620484520456997
0.5482543928809707,0.03620484520456997
0.5482543928809707,0.03620484520456997
0.5482543928809707,0.03620484520456997
0.5482543928809707,0.03620484520456997
0.5482543928809707,0.03620484520456997
0.5482543928809707,0.03620484520456997
0.5482543928809707,0.03620484520456997
0.5482543928809707,0.03620484520456997
0.5482543928809707,0.03620484520456997
0.5482543928809707,0.03620484520456997
0.5482543928809707,0.03620484520456997
0.5482543928809707,0.03620484520456997
0.5482543928809707,0.03620484520456997
0.5482543928809707,0.03620484520456997
0.5482543928809707,0.03620484520456997
0.5482543928809707,0.03620484520456997
0.5482543928809707,0.03620484520456997
0.5482543928809707,0.03620484520456997
0.5482543928809707,0.03620484520456997
0.5482543928809707,0.03620484520456997
0.5482543928809707,0.03620484520456997
0.5482543928809707,0.03620484520456997
0.5482543928809707,0.03620484520456997
0.5482543928809707,0.03620484520456997
0.5482543928809707,0.03620484520456997
0.5482543928809707,0.03620484520456997
0.5482543928809707,0.03620484520456997
0.5482543928809707,0.03620484520456997
0.5482543928809707,0.03620484520456997
0.5482543928809707,0.03620484520456997
0.5482543928809707,0.03620484520456997
0.5482543928809707,0.03620484520456997
0.5482543928809707,0.03620484520456997
0.5482543928809707,0.03620484520456997
0.5482543928809707,0.03620484520456997
0.5482543928809707,0.03620484520456997
0.5482543928809707,0.03620484520456997
0.5482543928809707,0.03620484520456997
0.5482543928809707,0.03620484520456997
0.5482543928809707,0.03620484520456997
0.5482543928809707,0.03620484520456997
0.5482543928809707,0.03620484520456997
0.5482543928809707,0.03620484520456997
0.5482543928809707,0.03620484520456997
0.5482543928809707,0.03620484520456997
0.5482543928809707,0.03620484520456997
0.5482543928809707,0.03620484520456997
0.5482543928809707,0.03620484520456997
0.5482543928809707,0.03620484520456997
0.5482543928809707,0.03620484520456997
0.5482543928809707,0.03620484520456997
0.5482543928809707,0.03620484520456997
0.5482543928809707,0.03620484520456997
0.5482543928809707,0.03620484520456997
0.5482543928809707,0.03620484520456997
0.5482543928809707,0.03620484520456997
0.5482543928809707,0.03620484520456997
0.5482543928809707,0.03620484520456997
0.5482543928809707,0.03620484520456997
0.5482543928809707,0.03620484520456997
0.5482543928809707,0.03620484520456997
0.5482543928809707,0.03620484520456997
0.5482543928809707,0.03620484520456997
0.5482543928809707,0.03620484520456997
0.5482543928809707,0.03620484520456997
0.5482543928809707,0.03620484520456997
0.5482543928809707,0.03620484520456997
0.5482543928809707,0.03620484520456997
0.5482543928809707,0.03620484520456997
0.5482543928809707,0.03620484520456997
0.5482543928809707,0.03620484520456997
0.5482543928809707,0.03620484520456997
0.5482543928809707,0.03620484520456997
0.5482543928809707,0.03620484520456997
0.5482543928809707,0.03620484520456997
0.5482543928809707,0.03620484520456997
0.5482543928809707,0.03620484520456997
0.5482543928809707,0.03620484520456997
0.5482543928809707,0.03620484520456997
0.5482543928809707,0.03620484520456997
0.5482543928809707,0.03620484520456997
0.5482543928809707,0.03620484520456997
0.5482543928809707,0.03620484520456997
0.5482543928809707,0.03620484520456997
0.5482543928809707,0.03620484520456997
0.5482543928809707,0.03620484520456997
0.5482543928809707,0.03620484520456997
0.5482543928809707,0.03620484520456997
0.5482543928809707,0.03620484520456997
0.5482543928809707,0.03620484520456997
0.5482543928809707,0.03620484520456997
0.5482543928809707,0.03620484520456997
0.5482543928809707,0.03620484520456997
0.5482543928809707,0.03620484520456997
0.5482543928809707,0.03620484520456997
0.5482543928809707,0.03620484520456997
0.5482543928809707,0.03620484520456997
0.5482543928809707,0.03620484520456997
0.5482543928809707,0.03620484520456997
0.5482543928809707,0.03620484520456997
0.5482543928809707,0.03620484520456997
0.5482543928809707,0.03620484520456997
0.5482543928809707,0.03620484520456997
0.5482543928809707,0.03620484520456997
0.5482543928809707,0.03620484520456997
0.5482543928809707,0.03620484520456997
0.5482543928809707,0.03620484520456997
0.5482543928809707,0.03620484520456997
0.5482543928809707,0.03620484520456997
0.5482543928809707,0.03620484520456997
0.5482543928809707,0.03620484520456997
0.5482543928809707,0.03620484520456997
0.5482543928809707,0.03620484520456997
0.5482543928809707,0.03620484520456997
0.5482543928809707,0.03620484520456997
0.5482543928809707,0.03620484520456997
0.5482543928809707,0.03620484520456997
0.5482543928809707,0.03620484520456997
0.5482543928809707,0.03620484520456997
0.5482543928809707,0.03620484520456997
0.5482543928809707,0.03620484520456997
0.5482543928809707,0.03620484520456997
0.5482543928809707,0.03620484520456997
0.5482543928809707,0.03620484520456997
0.5482543928809707,0.03620484520456997
0.5482543928809707,0.03620484520456997
0.5482543928809707,0.03620484520456997
0.5482543928809707,0.03620484520456997
0.5482543928809707,0.03620484520456997
0.5482543928809707,0.03620484520456997
0.5482543928809707,0.03620484520456997
0.5482543928809707,0.03620484520456997
0.5482543928809707,0.03620484520456997
0.5482543928809707,0.03620484520456997
0.5482543928809707,0.03620484520456997
0.5482543928809707,0.03620484520456997
0.5482543928809707,0.03620484520456997
0.5482543928809707,0.03620484520456997
0.5482543928809707,0.03620484520456997
0.5482543928809707,0.03620484520456997
0.5482543928809707,0.03620484520456997
0.5482543928809707,0.03620484520456997
0.5482543928809707,0.03620484520456997
0.5482543928809707,0.03620484520456997
0.5482543928809707,0.03620484520456997
0.5482543928809707,0.03620484520456997
0.5482543928809707,0.03620484520456997
0.5482543928809707,0.03620484520456997
0.5482543928809707,0.03620484520456997
0.5482543928809707,0.03620484520456997
0.5482543928809707,0.03620484520456997
0.5482543928809707,0.03620484520456997
0.5482543928809707,0.03620484520456997
0.5482543928809707,0.03620484520456997
0.5482543928809707,0.03620484520456997
0.5482543928809707,0.03620484520456997
0.5482543928809707,0.03620484520456997
0.5482543928809707,0.03620484520456997
0.5482543928809707,0.03620484520456997
0.5482543928809707,0.03620484520456997
0.5482543928809707,0.03620484520456997
0.5482543928809707,0.03620484520456997
0.5482543928809707,0.03620484520456997
0.5482543928809707,0.03620484520456997
0.5482543928809707,0.03620484520456997
0.5482543928809707,0.03620484520456997
0.5482543928809707,0.03620484520456997
0.5482543928809707,0.03620484520456997
0.5482543928809707,0.03620484520456997
0.5482543928809707,0.03620484520456997
0.5482543928809707,0.03620484520456997
0.5482543928809707,0.03620484520456997
0.5482543928809707,0.03620484520456997
0.5482543928809707,0.03620484520456997
0.5482543928809707,0.03620484520456997
0.5482543928809707,0.03620484520456997
0.5482543928809707,0.03620484520456997
0.5482543928809707,0.03620484520456997
0.5482543928809707,0.03620484520456997
0.5482543928809707,0.03620484520456997
0.5482543928809707,0.03620484520456997
0.5482543928809707,0.03620484520456997
0.5482543928809707,0.03620484520456997
0.5482543928809707,0.03620484520456997
0.5482543928809707,0.03620484520456997
0.5482543928809707,0.03620484520456997
0.5482543928809707,0.03620484520456997
0.5482543928809707,0.03620484520456997
0.5482543928809707,0.03620484520456997
0.5482543928809707,0.03620484520456997
0.5482543928809707,0.03620484520456997
0.5482543928809707,0.03620484520456997
0.5482543928809707,0.03620484520456997
0.5482543928809707,0.03620484520456997
0.5482543928809707,0.03620484520456997
0.5482543928809707,0.03620484520456997
0.5482543928809707,0.03620484520456997
0.5482543928809707,0.03620484520456997
0.5482543928809707,0.03620484520456997
0.5482543928809707,0.03620484520456997
0.5482543928809707,0.03620484520456997
0.5482543928809707,0.03620484520456997
0.5482543928809707,0.03620484520456997
0.5482543928809707,0.03620484520456997
0.5482543928809707,0.03620484520456997
0.5482543928809707,0.03620484520456997
0.5482543928809707,0.03620484520456997
0.5482543928809707,0.03620484520456997
0.5482543928809707,0.03620484520456997
0.5482543928809707,0.03620484520456997
0.5482543928809707,0.03620484520456997
0.5482543928809707,0.03620484520456997
0.5482543928809707,0.03620484520456997
0.5482543928809707,0.03620484520456997
0.5482543928809707,0.03620484520456997
0.5482543928809707,0.03620484520456997
0.5482543928809707,0.03620484520456997
0.5482543928809707,0.03620484520456997
0.5482543928809707,0.03620484520456997
0.5482543928809707,0.03620484520456997
0.5482543928809707,0.03620484520456997
0.5482543928809707,0.03620484520456997
0.5482543928809707,0.03620484520456997
0.5482543928809707,0.03620484520456997
0.5482543928809707,0.03620484520456997
0.5482543928809707,0.03620484520456997
0.5482543928809707,0.03620484520456997
0.5482543928809707,0.03620484520456997
0.5482543928809707,0.03620484520456997
0.5482543928809707,0.03620484520456997
0.5482543928809707,0.03620484520456997
0.5482543928809707,0.03620484520456997
0.5482543928809707,0.03620484520456997
0.5482543928809707,0.03620484520456997
0.5482543928809707,0.03620484520456997
0.5482543928809707,0.03620484520456997
0.5482543928809707,0.03620484520456997
0.5482543928809707,0.03620484520456997
0.5482543928809707,0.03620484520456997
0.5482543928809707,0.03620484520456997
0.5482543928809707,0.03620484520456997
0.5482543928809707,0.03620484520456997
0.5482543928809707,0.03620484520456997
0.5482543928809707,0.03620484520456997
0.5482543928809707,0.03620484520456997
0.5482543928809707,0.03620484520456997
0.5482543928809707,0.03620484520456997
0.5482543928809707,0.03620484520456997
0.5482543928809707,0.03620484520456997
0.5482543928809707,0.03620484520456997
0.5482543928809707,0.03620484520456997
0.5482543928809707,0.03620484520456997
0.5482543928809707,0.03620484520456997
0.5482543928809707,0.03620484520456997
0.5482543928809707,0.03620484520456997
0.5482543928809707,0.03620484520456997
0.5482543928809707,0.03620484520456997
0.5482543928809707,0.03620484520456997
0.5482543928809707,0.03620484520456997
0.5482543928809707,0.03620484520456997
0.5482543928809707,0.03620484520456997
0.5482543928809707,0.03620484520456997
0.5482543928809707,0.03620484520456997
0.5482543928809707,0.03620484520456997
0.5482543928809707,0.03620484520456997
0.5482543928809707,0.03620484520456997
0.5482543928809707,0.03620484520456997
0.5482543928809707,0.03620484520456997
0.5482543928809707,0.03620484520456997
0.5482543928809707,0.03620484520456997
0.5482543928809707,0.03620484520456997
0.5482543928809707,0.03620484520456997
0.5482543928809707,0.03620484520456997
0.5482543928809707,0.03620484520456997
0.5482543928809707,0.03620484520456997
0.5482543928809707,0.03620484520456997
0.5482543928809707,0.03620484520456997
0.5482543928809707,0.03620484520456997
0.5482543928809707,0.03620484520456997
0.5482543928809707,0.03620484520456997
0.5482543928809707,0.03620484520456997
0.5482543928809707,0.03620484520456997
0.5482543928809707,0.03620484520456997
0.5482543928809707,0.03620484520456997
0.5482543928809707,0.03620484520456997
0.5482543928809707,0.03620484520456997
0.5482543928809707,0.03620484520456997
0.5482543928809707,0.03620484520456997
0.5482543928809707,0.03620484520456997
0.5482543928809707,0.03620484520456997
0.5482543928809707,0.03620484520456997
0.5482543928809707,0.03620484520456997
0.5482543928809707,0.03620484520456997
0.5482543928809707,0.03620484520456997
0.5482543928809707,0.03620484520456997
0.5482543928809707,0.03620484520456997
0.5482543928809707,0.03620484520456997
0.5482543928809707,0.03620484520456997
0.5482543928809707,0.03620484520456997
0.5482543928809707,0.03620484520456997
0.5482543928809707,0.03620484520456997
0.5482543928809707,0.03620484520456997
0.5482543928809707,0.03620484520456997
0.5482543928809707,0.03620484520456997
0.5482543928809707,0.03620484520456997
0.5482543928809707,0.03620484520456997
0.5482543928809707,0.03620484520456997
0.5482543928809707,0.03620484520456997
0.5482543928809707,0.03620484520456997
0.5482543928809707,0.03620484520456997
0.5482543928809707,0.03620484520456997
0.5482543928809707,0.03620484520456997
0.5482543928809707,0.03620484520456997
0.5482543928809707,0.03620484520456997
0.5482543928809707,0.03620484520456997
0.5482543928809707,0.03620484520456997
0.5482543928809707,0.03620484520456997
0.5482543928809707,0.03620484520456997
0.5482543928809707,0.03620484520456997
0.5482543928809707,0.03620484520456997
0.5482543928809707,0.03620484520456997
0.5482543928809707,0.03620484520456997
0.5482543928809707,0.03620484520456997
0.5482543928809707,0.03620484520456997
0.5482543928809707,0.03620484520456997
0.5482543928809707,0.03620484520456997
0.5482543928809707,0.03620484520456997
0.5482543928809707,0.03620484520456997
