mutation_step,id_1,parent_1,phi_1,r1_1,r2_1,p1_1,p2_1,r1r2_1,r1p1_1,r2r1_1,r2p2_1,id_2,parent_2,phi_2,r1_2,r2_2,p1_2,p2_2,r1r2_2,r1p1_2,r2r1_2,r2p2_2,id_3,parent_3,phi_3,r1_3,r2_3,p1_3,p2_3,r1r2_3,r1p1_3,r2r1_3,r2p2_3,id_4,parent_4,phi_4,r1_4,r2_4,p1_4,p2_4,r1r2_4,r1p1_4,r2r1_4,r2p2_4
0,0,-1,0.001,0.990,0.990,0.990,0.990,0.005,0.005,0.005,0.005,1,0,0.002,0.991,0.980,0.980,1.000,0.008,0.001,0.000,0.020,,,,,,,,,,,,,,,,,,,,,,
1,0,-1,0.001,0.990,0.990,0.990,0.990,0.005,0.005,0.005,0.005,1,0,0.002,0.991,0.980,0.980,1.000,0.008,0.001,0.000,0.020,2.000,1.000,0.005,0.998,0.957,0.984,0.999,0.000,0.002,0.020,0.023,,,,,,,,,,,
2,0,-1,0.001,0.990,0.990,0.990,0.990,0.005,0.005,0.005,0.005,1,0,0.002,0.991,0.980,0.980,1.000,0.008,0.001,0.000,0.020,2.000,1.000,0.005,0.998,0.957,0.984,0.999,0.000,0.002,0.020,0.023,3.000,0.000,0.008,1.000,0.977,0.971,1.000,0.000,0.000,0.008,0.015
3,0,-1,0.001,0.990,0.990,0.990,0.990,0.005,0.005,0.005,0.005,1,0,0.002,0.991,0.980,0.980,1.000,0.008,0.001,0.000,0.020,2.000,1.000,0.005,0.998,0.957,0.984,0.999,0.000,0.002,0.020,0.023,3.000,0.000,0.008,1.000,0.977,0.971,1.000,0.000,0.000,0.008,0.015
4,0,-1,0.001,0.990,0.990,0.990,0.990,0.005,0.005,0.005,0.005,1,0,0.002,0.991,0.980,0.980,1.000,0.008,0.001,0.000,0.020,3.000,0.000,0.008,1.000,0.977,0.971,1.000,0.000,0.000,0.008,0.015,4.000,2.000,0.003,0.992,0.959,0.971,0.995,0.007,0.001,0.018,0.024
5,0,-1,0.001,0.990,0.990,0.990,0.990,0.005,0.005,0.005,0.005,1,0,0.002,0.991,0.980,0.980,1.000,0.008,0.001,0.000,0.020,4.000,2.000,0.003,0.992,0.959,0.971,0.995,0.007,0.001,0.018,0.024,5.000,3.000,0.000,1.000,0.962,0.985,1.000,0.000,0.000,0.008,0.030
6,0,-1,0.001,0.990,0.990,0.990,0.990,0.005,0.005,0.005,0.005,1,0,0.002,0.991,0.980,0.980,1.000,0.008,0.001,0.000,0.020,5.000,3.000,0.000,1.000,0.962,0.985,1.000,0.000,0.000,0.008,0.030,6.000,4.000,0.008,0.983,0.962,0.971,0.980,0.017,0.000,0.011,0.027
7,0,-1,0.001,0.990,0.990,0.990,0.990,0.005,0.005,0.005,0.005,1,0,0.002,0.991,0.980,0.980,1.000,0.008,0.001,0.000,0.020,5.000,3.000,0.000,1.000,0.962,0.985,1.000,0.000,0.000,0.008,0.030,7.000,5.000,0.001,1.000,0.954,0.970,0.987,0.000,0.000,0.007,0.039
8,0,-1,0.001,0.990,0.990,0.990,0.990,0.005,0.005,0.005,0.005,1,0,0.002,0.991,0.980,0.980,1.000,0.008,0.001,0.000,0.020,7.000,5.000,0.001,1.000,0.954,0.970,0.987,0.000,0.000,0.007,0.039,8.000,6.000,0.008,0.977,0.954,0.983,0.979,0.023,0.000,0.020,0.027
9,0,-1,0.001,0.990,0.990,0.990,0.990,0.005,0.005,0.005,0.005,1,0,0.002,0.991,0.980,0.980,1.000,0.008,0.001,0.000,0.020,9.000,7.000,0.003,1.000,0.950,0.966,0.987,0.000,0.000,0.014,0.036,10.000,7.000,0.000,1.000,0.951,0.967,0.997,0.000,0.000,0.005,0.045
10,0,-1,0.001,0.990,0.990,0.990,0.990,0.005,0.005,0.005,0.005,10,7,0.000,1.000,0.951,0.967,0.997,0.000,0.000,0.005,0.045,11.000,10.000,0.001,0.993,0.946,0.971,1.000,0.001,0.006,0.012,0.042,,,,,,,,,,,
11,0,-1,0.001,0.990,0.990,0.990,0.990,0.005,0.005,0.005,0.005,10,7,0.000,1.000,0.951,0.967,0.997,0.000,0.000,0.005,0.045,11.000,10.000,0.001,0.993,0.946,0.971,1.000,0.001,0.006,0.012,0.042,12.000,10.000,0.008,0.996,0.953,0.971,0.999,0.004,0.000,0.000,0.047
12,0,-1,0.001,0.990,0.990,0.990,0.990,0.005,0.005,0.005,0.005,11,10,0.001,0.993,0.946,0.971,1.000,0.001,0.006,0.012,0.042,12.000,10.000,0.008,0.996,0.953,0.971,0.999,0.004,0.000,0.000,0.047,13.000,12.000,0.010,0.981,0.954,0.955,0.998,0.009,0.010,0.000,0.046
13,0,-1,0.001,0.990,0.990,0.990,0.990,0.005,0.005,0.005,0.005,13,12,0.010,0.981,0.954,0.955,0.998,0.009,0.010,0.000,0.046,14.000,11.000,0.010,0.982,0.948,0.964,1.000,0.000,0.018,0.010,0.042,,,,,,,,,,,
14,0,-1,0.001,0.990,0.990,0.990,0.990,0.005,0.005,0.005,0.005,14,11,0.010,0.982,0.948,0.964,1.000,0.000,0.018,0.010,0.042,15.000,0.000,0.001,0.989,0.984,1.000,1.000,0.009,0.002,0.000,0.016,,,,,,,,,,,
15,0,-1,0.001,0.990,0.990,0.990,0.990,0.005,0.005,0.005,0.005,15,0,0.001,0.989,0.984,1.000,1.000,0.009,0.002,0.000,0.016,16.000,0.000,0.004,0.997,0.977,0.989,1.000,0.003,0.000,0.023,0.000,,,,,,,,,,,
16,0,-1,0.001,0.990,0.990,0.990,0.990,0.005,0.005,0.005,0.005,15,0,0.001,0.989,0.984,1.000,1.000,0.009,0.002,0.000,0.016,16.000,0.000,0.004,0.997,0.977,0.989,1.000,0.003,0.000,0.023,0.000,17.000,16.000,0.000,0.985,0.984,0.986,1.000,0.000,0.015,0.014,0.002
17,0,-1,0.001,0.990,0.990,0.990,0.990,0.005,0.005,0.005,0.005,15,0,0.001,0.989,0.984,1.000,1.000,0.009,0.002,0.000,0.016,16.000,0.000,0.004,0.997,0.977,0.989,1.000,0.003,0.000,0.023,0.000,17.000,16.000,0.000,0.985,0.984,0.986,1.000,0.000,0.015,0.014,0.002
18,0,-1,0.001,0.990,0.990,0.990,0.990,0.005,0.005,0.005,0.005,15,0,0.001,0.989,0.984,1.000,1.000,0.009,0.002,0.000,0.016,16.000,0.000,0.004,0.997,0.977,0.989,1.000,0.003,0.000,0.023,0.000,17.000,16.000,0.000,0.985,0.984,0.986,1.000,0.000,0.015,0.014,0.002
19,0,-1,0.001,0.990,0.990,0.990,0.990,0.005,0.005,0.005,0.005,15,0,0.001,0.989,0.984,1.000,1.000,0.009,0.002,0.000,0.016,16.000,0.000,0.004,0.997,0.977,0.989,1.000,0.003,0.000,0.023,0.000,17.000,16.000,0.000,0.985,0.984,0.986,1.000,0.000,0.015,0.014,0.002
20,0,-1,0.001,0.990,0.990,0.990,0.990,0.005,0.005,0.005,0.005,15,0,0.001,0.989,0.984,1.000,1.000,0.009,0.002,0.000,0.016,16.000,0.000,0.004,0.997,0.977,0.989,1.000,0.003,0.000,0.023,0.000,17.000,16.000,0.000,0.985,0.984,0.986,1.000,0.000,0.015,0.014,0.002
21,0,-1,0.001,0.990,0.990,0.990,0.990,0.005,0.005,0.005,0.005,15,0,0.001,0.989,0.984,1.000,1.000,0.009,0.002,0.000,0.016,16.000,0.000,0.004,0.997,0.977,0.989,1.000,0.003,0.000,0.023,0.000,17.000,16.000,0.000,0.985,0.984,0.986,1.000,0.000,0.015,0.014,0.002
22,0,-1,0.001,0.990,0.990,0.990,0.990,0.005,0.005,0.005,0.005,15,0,0.001,0.989,0.984,1.000,1.000,0.009,0.002,0.000,0.016,17.000,16.000,0.000,0.985,0.984,0.986,1.000,0.000,0.015,0.014,0.002,18.000,16.000,0.000,0.998,0.989,0.987,1.000,0.002,0.000,0.011,0.000
23,0,-1,0.001,0.990,0.990,0.990,0.990,0.005,0.005,0.005,0.005,15,0,0.001,0.989,0.984,1.000,1.000,0.009,0.002,0.000,0.016,17.000,16.000,0.000,0.985,0.984,0.986,1.000,0.000,0.015,0.014,0.002,18.000,16.000,0.000,0.998,0.989,0.987,1.000,0.002,0.000,0.011,0.000
24,0,-1,0.001,0.990,0.990,0.990,0.990,0.005,0.005,0.005,0.005,15,0,0.001,0.989,0.984,1.000,1.000,0.009,0.002,0.000,0.016,17.000,16.000,0.000,0.985,0.984,0.986,1.000,0.000,0.015,0.014,0.002,18.000,16.000,0.000,0.998,0.989,0.987,1.000,0.002,0.000,0.011,0.000
25,0,-1,0.001,0.990,0.990,0.990,0.990,0.005,0.005,0.005,0.005,18,16,0.000,0.998,0.989,0.987,1.000,0.002,0.000,0.011,0.000,26.000,18.000,0.000,0.986,1.000,0.980,0.997,0.006,0.008,0.000,0.000,,,,,,,,,,,
26,0,-1,0.001,0.990,0.990,0.990,0.990,0.005,0.005,0.005,0.005,18,16,0.000,0.998,0.989,0.987,1.000,0.002,0.000,0.011,0.000,26.000,18.000,0.000,0.986,1.000,0.980,0.997,0.006,0.008,0.000,0.000,27.000,26.000,0.001,0.972,1.000,0.976,1.000,0.011,0.017,0.000,0.000
27,0,-1,0.001,0.990,0.990,0.990,0.990,0.005,0.005,0.005,0.005,18,16,0.000,0.998,0.989,0.987,1.000,0.002,0.000,0.011,0.000,26.000,18.000,0.000,0.986,1.000,0.980,0.997,0.006,0.008,0.000,0.000,27.000,26.000,0.001,0.972,1.000,0.976,1.000,0.011,0.017,0.000,0.000
28,0,-1,0.001,0.990,0.990,0.990,0.990,0.005,0.005,0.005,0.005,18,16,0.000,0.998,0.989,0.987,1.000,0.002,0.000,0.011,0.000,26.000,18.000,0.000,0.986,1.000,0.980,0.997,0.006,0.008,0.000,0.000,27.000,26.000,0.001,0.972,1.000,0.976,1.000,0.011,0.017,0.000,0.000
29,0,-1,0.001,0.990,0.990,0.990,0.990,0.005,0.005,0.005,0.005,18,16,0.000,0.998,0.989,0.987,1.000,0.002,0.000,0.011,0.000,26.000,18.000,0.000,0.986,1.000,0.980,0.997,0.006,0.008,0.000,0.000,27.000,26.000,0.001,0.972,1.000,0.976,1.000,0.011,0.017,0.000,0.000
30,0,-1,0.001,0.990,0.990,0.990,0.990,0.005,0.005,0.005,0.005,18,16,0.000,0.998,0.989,0.987,1.000,0.002,0.000,0.011,0.000,26.000,18.000,0.000,0.986,1.000,0.980,0.997,0.006,0.008,0.000,0.000,27.000,26.000,0.001,0.972,1.000,0.976,1.000,0.011,0.017,0.000,0.000
31,0,-1,0.001,0.990,0.990,0.990,0.990,0.005,0.005,0.005,0.005,18,16,0.000,0.998,0.989,0.987,1.000,0.002,0.000,0.011,0.000,26.000,18.000,0.000,0.986,1.000,0.980,0.997,0.006,0.008,0.000,0.000,27.000,26.000,0.001,0.972,1.000,0.976,1.000,0.011,0.017,0.000,0.000
32,0,-1,0.001,0.990,0.990,0.990,0.990,0.005,0.005,0.005,0.005,18,16,0.000,0.998,0.989,0.987,1.000,0.002,0.000,0.011,0.000,26.000,18.000,0.000,0.986,1.000,0.980,0.997,0.006,0.008,0.000,0.000,27.000,26.000,0.001,0.972,1.000,0.976,1.000,0.011,0.017,0.000,0.000
33,0,-1,0.001,0.990,0.990,0.990,0.990,0.005,0.005,0.005,0.005,18,16,0.000,0.998,0.989,0.987,1.000,0.002,0.000,0.011,0.000,26.000,18.000,0.000,0.986,1.000,0.980,0.997,0.006,0.008,0.000,0.000,27.000,26.000,0.001,0.972,1.000,0.976,1.000,0.011,0.017,0.000,0.000
34,0,-1,0.001,0.990,0.990,0.990,0.990,0.005,0.005,0.005,0.005,18,16,0.000,0.998,0.989,0.987,1.000,0.002,0.000,0.011,0.000,26.000,18.000,0.000,0.986,1.000,0.980,0.997,0.006,0.008,0.000,0.000,27.000,26.000,0.001,0.972,1.000,0.976,1.000,0.011,0.017,0.000,0.000
35,0,-1,0.001,0.990,0.990,0.990,0.990,0.005,0.005,0.005,0.005,18,16,0.000,0.998,0.989,0.987,1.000,0.002,0.000,0.011,0.000,26.000,18.000,0.000,0.986,1.000,0.980,0.997,0.006,0.008,0.000,0.000,27.000,26.000,0.001,0.972,1.000,0.976,1.000,0.011,0.017,0.000,0.000
36,0,-1,0.001,0.990,0.990,0.990,0.990,0.005,0.005,0.005,0.005,18,16,0.000,0.998,0.989,0.987,1.000,0.002,0.000,0.011,0.000,26.000,18.000,0.000,0.986,1.000,0.980,0.997,0.006,0.008,0.000,0.000,27.000,26.000,0.001,0.972,1.000,0.976,1.000,0.011,0.017,0.000,0.000
37,18,16,0.000,0.998,0.989,0.987,1.000,0.002,0.000,0.011,0.000,26,18,0.000,0.986,1.000,0.980,0.997,0.006,0.008,0.000,0.000,27.000,26.000,0.001,0.972,1.000,0.976,1.000,0.011,0.017,0.000,0.000,28.000,27.000,0.000,0.987,0.998,0.984,0.998,0.000,0.013,0.000,0.002
38,18,16,0.000,0.998,0.989,0.987,1.000,0.002,0.000,0.011,0.000,26,18,0.000,0.986,1.000,0.980,0.997,0.006,0.008,0.000,0.000,27.000,26.000,0.001,0.972,1.000,0.976,1.000,0.011,0.017,0.000,0.000,28.000,27.000,0.000,0.987,0.998,0.984,0.998,0.000,0.013,0.000,0.002
39,18,16,0.000,0.998,0.989,0.987,1.000,0.002,0.000,0.011,0.000,26,18,0.000,0.986,1.000,0.980,0.997,0.006,0.008,0.000,0.000,27.000,26.000,0.001,0.972,1.000,0.976,1.000,0.011,0.017,0.000,0.000,28.000,27.000,0.000,0.987,0.998,0.984,0.998,0.000,0.013,0.000,0.002
40,18,16,0.000,0.998,0.989,0.987,1.000,0.002,0.000,0.011,0.000,26,18,0.000,0.986,1.000,0.980,0.997,0.006,0.008,0.000,0.000,27.000,26.000,0.001,0.972,1.000,0.976,1.000,0.011,0.017,0.000,0.000,28.000,27.000,0.000,0.987,0.998,0.984,0.998,0.000,0.013,0.000,0.002
41,18,16,0.000,0.998,0.989,0.987,1.000,0.002,0.000,0.011,0.000,26,18,0.000,0.986,1.000,0.980,0.997,0.006,0.008,0.000,0.000,27.000,26.000,0.001,0.972,1.000,0.976,1.000,0.011,0.017,0.000,0.000,28.000,27.000,0.000,0.987,0.998,0.984,0.998,0.000,0.013,0.000,0.002
42,26,18,0.000,0.986,1.000,0.980,0.997,0.006,0.008,0.000,0.000,27,26,0.001,0.972,1.000,0.976,1.000,0.011,0.017,0.000,0.000,28.000,27.000,0.000,0.987,0.998,0.984,0.998,0.000,0.013,0.000,0.002,32.000,30.000,0.000,0.950,0.994,0.986,1.000,0.035,0.015,0.000,0.006
43,26,18,0.000,0.986,1.000,0.980,0.997,0.006,0.008,0.000,0.000,27,26,0.001,0.972,1.000,0.976,1.000,0.011,0.017,0.000,0.000,28.000,27.000,0.000,0.987,0.998,0.984,0.998,0.000,0.013,0.000,0.002,32.000,30.000,0.000,0.950,0.994,0.986,1.000,0.035,0.015,0.000,0.006
44,26,18,0.000,0.986,1.000,0.980,0.997,0.006,0.008,0.000,0.000,27,26,0.001,0.972,1.000,0.976,1.000,0.011,0.017,0.000,0.000,28.000,27.000,0.000,0.987,0.998,0.984,0.998,0.000,0.013,0.000,0.002,32.000,30.000,0.000,0.950,0.994,0.986,1.000,0.035,0.015,0.000,0.006
45,26,18,0.000,0.986,1.000,0.980,0.997,0.006,0.008,0.000,0.000,27,26,0.001,0.972,1.000,0.976,1.000,0.011,0.017,0.000,0.000,28.000,27.000,0.000,0.987,0.998,0.984,0.998,0.000,0.013,0.000,0.002,32.000,30.000,0.000,0.950,0.994,0.986,1.000,0.035,0.015,0.000,0.006
46,26,18,0.000,0.986,1.000,0.980,0.997,0.006,0.008,0.000,0.000,27,26,0.001,0.972,1.000,0.976,1.000,0.011,0.017,0.000,0.000,28.000,27.000,0.000,0.987,0.998,0.984,0.998,0.000,0.013,0.000,0.002,32.000,30.000,0.000,0.950,0.994,0.986,1.000,0.035,0.015,0.000,0.006
47,26,18,0.000,0.986,1.000,0.980,0.997,0.006,0.008,0.000,0.000,27,26,0.001,0.972,1.000,0.976,1.000,0.011,0.017,0.000,0.000,28.000,27.000,0.000,0.987,0.998,0.984,0.998,0.000,0.013,0.000,0.002,32.000,30.000,0.000,0.950,0.994,0.986,1.000,0.035,0.015,0.000,0.006
48,26,18,0.000,0.986,1.000,0.980,0.997,0.006,0.008,0.000,0.000,27,26,0.001,0.972,1.000,0.976,1.000,0.011,0.017,0.000,0.000,28.000,27.000,0.000,0.987,0.998,0.984,0.998,0.000,0.013,0.000,0.002,32.000,30.000,0.000,0.950,0.994,0.986,1.000,0.035,0.015,0.000,0.006
49,26,18,0.000,0.986,1.000,0.980,0.997,0.006,0.008,0.000,0.000,27,26,0.001,0.972,1.000,0.976,1.000,0.011,0.017,0.000,0.000,28.000,27.000,0.000,0.987,0.998,0.984,0.998,0.000,0.013,0.000,0.002,32.000,30.000,0.000,0.950,0.994,0.986,1.000,0.035,0.015,0.000,0.006
50,26,18,0.000,0.986,1.000,0.980,0.997,0.006,0.008,0.000,0.000,27,26,0.001,0.972,1.000,0.976,1.000,0.011,0.017,0.000,0.000,28.000,27.000,0.000,0.987,0.998,0.984,0.998,0.000,0.013,0.000,0.002,32.000,30.000,0.000,0.950,0.994,0.986,1.000,0.035,0.015,0.000,0.006
51,26,18,0.000,0.986,1.000,0.980,0.997,0.006,0.008,0.000,0.000,27,26,0.001,0.972,1.000,0.976,1.000,0.011,0.017,0.000,0.000,28.000,27.000,0.000,0.987,0.998,0.984,0.998,0.000,0.013,0.000,0.002,32.000,30.000,0.000,0.950,0.994,0.986,1.000,0.035,0.015,0.000,0.006
52,26,18,0.000,0.986,1.000,0.980,0.997,0.006,0.008,0.000,0.000,27,26,0.001,0.972,1.000,0.976,1.000,0.011,0.017,0.000,0.000,28.000,27.000,0.000,0.987,0.998,0.984,0.998,0.000,0.013,0.000,0.002,32.000,30.000,0.000,0.950,0.994,0.986,1.000,0.035,0.015,0.000,0.006
53,26,18,0.000,0.986,1.000,0.980,0.997,0.006,0.008,0.000,0.000,27,26,0.001,0.972,1.000,0.976,1.000,0.011,0.017,0.000,0.000,28.000,27.000,0.000,0.987,0.998,0.984,0.998,0.000,0.013,0.000,0.002,32.000,30.000,0.000,0.950,0.994,0.986,1.000,0.035,0.015,0.000,0.006
54,26,18,0.000,0.986,1.000,0.980,0.997,0.006,0.008,0.000,0.000,27,26,0.001,0.972,1.000,0.976,1.000,0.011,0.017,0.000,0.000,28.000,27.000,0.000,0.987,0.998,0.984,0.998,0.000,0.013,0.000,0.002,32.000,30.000,0.000,0.950,0.994,0.986,1.000,0.035,0.015,0.000,0.006
55,26,18,0.000,0.986,1.000,0.980,0.997,0.006,0.008,0.000,0.000,27,26,0.001,0.972,1.000,0.976,1.000,0.011,0.017,0.000,0.000,28.000,27.000,0.000,0.987,0.998,0.984,0.998,0.000,0.013,0.000,0.002,32.000,30.000,0.000,0.950,0.994,0.986,1.000,0.035,0.015,0.000,0.006
56,26,18,0.000,0.986,1.000,0.980,0.997,0.006,0.008,0.000,0.000,27,26,0.001,0.972,1.000,0.976,1.000,0.011,0.017,0.000,0.000,28.000,27.000,0.000,0.987,0.998,0.984,0.998,0.000,0.013,0.000,0.002,32.000,30.000,0.000,0.950,0.994,0.986,1.000,0.035,0.015,0.000,0.006
57,26,18,0.000,0.986,1.000,0.980,0.997,0.006,0.008,0.000,0.000,27,26,0.001,0.972,1.000,0.976,1.000,0.011,0.017,0.000,0.000,28.000,27.000,0.000,0.987,0.998,0.984,0.998,0.000,0.013,0.000,0.002,32.000,30.000,0.000,0.950,0.994,0.986,1.000,0.035,0.015,0.000,0.006
58,26,18,0.000,0.986,1.000,0.980,0.997,0.006,0.008,0.000,0.000,27,26,0.001,0.972,1.000,0.976,1.000,0.011,0.017,0.000,0.000,28.000,27.000,0.000,0.987,0.998,0.984,0.998,0.000,0.013,0.000,0.002,32.000,30.000,0.000,0.950,0.994,0.986,1.000,0.035,0.015,0.000,0.006
59,26,18,0.000,0.986,1.000,0.980,0.997,0.006,0.008,0.000,0.000,27,26,0.001,0.972,1.000,0.976,1.000,0.011,0.017,0.000,0.000,28.000,27.000,0.000,0.987,0.998,0.984,0.998,0.000,0.013,0.000,0.002,32.000,30.000,0.000,0.950,0.994,0.986,1.000,0.035,0.015,0.000,0.006
60,26,18,0.000,0.986,1.000,0.980,0.997,0.006,0.008,0.000,0.000,28,27,0.000,0.987,0.998,0.984,0.998,0.000,0.013,0.000,0.002,37.000,35.000,0.000,0.990,1.000,0.973,1.000,0.007,0.003,0.000,0.000,58.000,28.000,0.000,0.971,1.000,0.974,0.995,0.008,0.021,0.000,0.000
61,26,18,0.000,0.986,1.000,0.980,0.997,0.006,0.008,0.000,0.000,28,27,0.000,0.987,0.998,0.984,0.998,0.000,0.013,0.000,0.002,37.000,35.000,0.000,0.990,1.000,0.973,1.000,0.007,0.003,0.000,0.000,58.000,28.000,0.000,0.971,1.000,0.974,0.995,0.008,0.021,0.000,0.000
62,26,18,0.000,0.986,1.000,0.980,0.997,0.006,0.008,0.000,0.000,28,27,0.000,0.987,0.998,0.984,0.998,0.000,0.013,0.000,0.002,37.000,35.000,0.000,0.990,1.000,0.973,1.000,0.007,0.003,0.000,0.000,58.000,28.000,0.000,0.971,1.000,0.974,0.995,0.008,0.021,0.000,0.000
63,26,18,0.000,0.986,1.000,0.980,0.997,0.006,0.008,0.000,0.000,28,27,0.000,0.987,0.998,0.984,0.998,0.000,0.013,0.000,0.002,37.000,35.000,0.000,0.990,1.000,0.973,1.000,0.007,0.003,0.000,0.000,58.000,28.000,0.000,0.971,1.000,0.974,0.995,0.008,0.021,0.000,0.000
64,26,18,0.000,0.986,1.000,0.980,0.997,0.006,0.008,0.000,0.000,28,27,0.000,0.987,0.998,0.984,0.998,0.000,0.013,0.000,0.002,37.000,35.000,0.000,0.990,1.000,0.973,1.000,0.007,0.003,0.000,0.000,58.000,28.000,0.000,0.971,1.000,0.974,0.995,0.008,0.021,0.000,0.000
65,26,18,0.000,0.986,1.000,0.980,0.997,0.006,0.008,0.000,0.000,28,27,0.000,0.987,0.998,0.984,0.998,0.000,0.013,0.000,0.002,37.000,35.000,0.000,0.990,1.000,0.973,1.000,0.007,0.003,0.000,0.000,58.000,28.000,0.000,0.971,1.000,0.974,0.995,0.008,0.021,0.000,0.000
66,26,18,0.000,0.986,1.000,0.980,0.997,0.006,0.008,0.000,0.000,28,27,0.000,0.987,0.998,0.984,0.998,0.000,0.013,0.000,0.002,37.000,35.000,0.000,0.990,1.000,0.973,1.000,0.007,0.003,0.000,0.000,58.000,28.000,0.000,0.971,1.000,0.974,0.995,0.008,0.021,0.000,0.000
67,26,18,0.000,0.986,1.000,0.980,0.997,0.006,0.008,0.000,0.000,28,27,0.000,0.987,0.998,0.984,0.998,0.000,0.013,0.000,0.002,37.000,35.000,0.000,0.990,1.000,0.973,1.000,0.007,0.003,0.000,0.000,58.000,28.000,0.000,0.971,1.000,0.974,0.995,0.008,0.021,0.000,0.000
68,26,18,0.000,0.986,1.000,0.980,0.997,0.006,0.008,0.000,0.000,28,27,0.000,0.987,0.998,0.984,0.998,0.000,0.013,0.000,0.002,37.000,35.000,0.000,0.990,1.000,0.973,1.000,0.007,0.003,0.000,0.000,58.000,28.000,0.000,0.971,1.000,0.974,0.995,0.008,0.021,0.000,0.000
69,26,18,0.000,0.986,1.000,0.980,0.997,0.006,0.008,0.000,0.000,28,27,0.000,0.987,0.998,0.984,0.998,0.000,0.013,0.000,0.002,37.000,35.000,0.000,0.990,1.000,0.973,1.000,0.007,0.003,0.000,0.000,58.000,28.000,0.000,0.971,1.000,0.974,0.995,0.008,0.021,0.000,0.000
70,26,18,0.000,0.986,1.000,0.980,0.997,0.006,0.008,0.000,0.000,28,27,0.000,0.987,0.998,0.984,0.998,0.000,0.013,0.000,0.002,37.000,35.000,0.000,0.990,1.000,0.973,1.000,0.007,0.003,0.000,0.000,58.000,28.000,0.000,0.971,1.000,0.974,0.995,0.008,0.021,0.000,0.000
71,26,18,0.000,0.986,1.000,0.980,0.997,0.006,0.008,0.000,0.000,28,27,0.000,0.987,0.998,0.984,0.998,0.000,0.013,0.000,0.002,37.000,35.000,0.000,0.990,1.000,0.973,1.000,0.007,0.003,0.000,0.000,58.000,28.000,0.000,0.971,1.000,0.974,0.995,0.008,0.021,0.000,0.000
72,26,18,0.000,0.986,1.000,0.980,0.997,0.006,0.008,0.000,0.000,28,27,0.000,0.987,0.998,0.984,0.998,0.000,0.013,0.000,0.002,37.000,35.000,0.000,0.990,1.000,0.973,1.000,0.007,0.003,0.000,0.000,58.000,28.000,0.000,0.971,1.000,0.974,0.995,0.008,0.021,0.000,0.000
73,26,18,0.000,0.986,1.000,0.980,0.997,0.006,0.008,0.000,0.000,28,27,0.000,0.987,0.998,0.984,0.998,0.000,0.013,0.000,0.002,37.000,35.000,0.000,0.990,1.000,0.973,1.000,0.007,0.003,0.000,0.000,58.000,28.000,0.000,0.971,1.000,0.974,0.995,0.008,0.021,0.000,0.000
74,26,18,0.000,0.986,1.000,0.980,0.997,0.006,0.008,0.000,0.000,28,27,0.000,0.987,0.998,0.984,0.998,0.000,0.013,0.000,0.002,37.000,35.000,0.000,0.990,1.000,0.973,1.000,0.007,0.003,0.000,0.000,58.000,28.000,0.000,0.971,1.000,0.974,0.995,0.008,0.021,0.000,0.000
75,26,18,0.000,0.986,1.000,0.980,0.997,0.006,0.008,0.000,0.000,28,27,0.000,0.987,0.998,0.984,0.998,0.000,0.013,0.000,0.002,37.000,35.000,0.000,0.990,1.000,0.973,1.000,0.007,0.003,0.000,0.000,58.000,28.000,0.000,0.971,1.000,0.974,0.995,0.008,0.021,0.000,0.000
76,26,18,0.000,0.986,1.000,0.980,0.997,0.006,0.008,0.000,0.000,28,27,0.000,0.987,0.998,0.984,0.998,0.000,0.013,0.000,0.002,37.000,35.000,0.000,0.990,1.000,0.973,1.000,0.007,0.003,0.000,0.000,58.000,28.000,0.000,0.971,1.000,0.974,0.995,0.008,0.021,0.000,0.000
77,26,18,0.000,0.986,1.000,0.980,0.997,0.006,0.008,0.000,0.000,28,27,0.000,0.987,0.998,0.984,0.998,0.000,0.013,0.000,0.002,37.000,35.000,0.000,0.990,1.000,0.973,1.000,0.007,0.003,0.000,0.000,58.000,28.000,0.000,0.971,1.000,0.974,0.995,0.008,0.021,0.000,0.000
78,26,18,0.000,0.986,1.000,0.980,0.997,0.006,0.008,0.000,0.000,28,27,0.000,0.987,0.998,0.984,0.998,0.000,0.013,0.000,0.002,37.000,35.000,0.000,0.990,1.000,0.973,1.000,0.007,0.003,0.000,0.000,58.000,28.000,0.000,0.971,1.000,0.974,0.995,0.008,0.021,0.000,0.000
79,26,18,0.000,0.986,1.000,0.980,0.997,0.006,0.008,0.000,0.000,28,27,0.000,0.987,0.998,0.984,0.998,0.000,0.013,0.000,0.002,37.000,35.000,0.000,0.990,1.000,0.973,1.000,0.007,0.003,0.000,0.000,58.000,28.000,0.000,0.971,1.000,0.974,0.995,0.008,0.021,0.000,0.000
80,26,18,0.000,0.986,1.000,0.980,0.997,0.006,0.008,0.000,0.000,28,27,0.000,0.987,0.998,0.984,0.998,0.000,0.013,0.000,0.002,37.000,35.000,0.000,0.990,1.000,0.973,1.000,0.007,0.003,0.000,0.000,58.000,28.000,0.000,0.971,1.000,0.974,0.995,0.008,0.021,0.000,0.000
81,26,18,0.000,0.986,1.000,0.980,0.997,0.006,0.008,0.000,0.000,28,27,0.000,0.987,0.998,0.984,0.998,0.000,0.013,0.000,0.002,37.000,35.000,0.000,0.990,1.000,0.973,1.000,0.007,0.003,0.000,0.000,58.000,28.000,0.000,0.971,1.000,0.974,0.995,0.008,0.021,0.000,0.000
82,26,18,0.000,0.986,1.000,0.980,0.997,0.006,0.008,0.000,0.000,28,27,0.000,0.987,0.998,0.984,0.998,0.000,0.013,0.000,0.002,37.000,35.000,0.000,0.990,1.000,0.973,1.000,0.007,0.003,0.000,0.000,58.000,28.000,0.000,0.971,1.000,0.974,0.995,0.008,0.021,0.000,0.000
83,26,18,0.000,0.986,1.000,0.980,0.997,0.006,0.008,0.000,0.000,28,27,0.000,0.987,0.998,0.984,0.998,0.000,0.013,0.000,0.002,37.000,35.000,0.000,0.990,1.000,0.973,1.000,0.007,0.003,0.000,0.000,58.000,28.000,0.000,0.971,1.000,0.974,0.995,0.008,0.021,0.000,0.000
84,26,18,0.000,0.986,1.000,0.980,0.997,0.006,0.008,0.000,0.000,28,27,0.000,0.987,0.998,0.984,0.998,0.000,0.013,0.000,0.002,37.000,35.000,0.000,0.990,1.000,0.973,1.000,0.007,0.003,0.000,0.000,58.000,28.000,0.000,0.971,1.000,0.974,0.995,0.008,0.021,0.000,0.000
85,26,18,0.000,0.986,1.000,0.980,0.997,0.006,0.008,0.000,0.000,28,27,0.000,0.987,0.998,0.984,0.998,0.000,0.013,0.000,0.002,37.000,35.000,0.000,0.990,1.000,0.973,1.000,0.007,0.003,0.000,0.000,58.000,28.000,0.000,0.971,1.000,0.974,0.995,0.008,0.021,0.000,0.000
86,26,18,0.000,0.986,1.000,0.980,0.997,0.006,0.008,0.000,0.000,28,27,0.000,0.987,0.998,0.984,0.998,0.000,0.013,0.000,0.002,37.000,35.000,0.000,0.990,1.000,0.973,1.000,0.007,0.003,0.000,0.000,58.000,28.000,0.000,0.971,1.000,0.974,0.995,0.008,0.021,0.000,0.000
87,26,18,0.000,0.986,1.000,0.980,0.997,0.006,0.008,0.000,0.000,28,27,0.000,0.987,0.998,0.984,0.998,0.000,0.013,0.000,0.002,37.000,35.000,0.000,0.990,1.000,0.973,1.000,0.007,0.003,0.000,0.000,58.000,28.000,0.000,0.971,1.000,0.974,0.995,0.008,0.021,0.000,0.000
88,26,18,0.000,0.986,1.000,0.980,0.997,0.006,0.008,0.000,0.000,28,27,0.000,0.987,0.998,0.984,0.998,0.000,0.013,0.000,0.002,37.000,35.000,0.000,0.990,1.000,0.973,1.000,0.007,0.003,0.000,0.000,58.000,28.000,0.000,0.971,1.000,0.974,0.995,0.008,0.021,0.000,0.000
89,26,18,0.000,0.986,1.000,0.980,0.997,0.006,0.008,0.000,0.000,28,27,0.000,0.987,0.998,0.984,0.998,0.000,0.013,0.000,0.002,37.000,35.000,0.000,0.990,1.000,0.973,1.000,0.007,0.003,0.000,0.000,58.000,28.000,0.000,0.971,1.000,0.974,0.995,0.008,0.021,0.000,0.000
90,26,18,0.000,0.986,1.000,0.980,0.997,0.006,0.008,0.000,0.000,28,27,0.000,0.987,0.998,0.984,0.998,0.000,0.013,0.000,0.002,37.000,35.000,0.000,0.990,1.000,0.973,1.000,0.007,0.003,0.000,0.000,58.000,28.000,0.000,0.971,1.000,0.974,0.995,0.008,0.021,0.000,0.000
91,26,18,0.000,0.986,1.000,0.980,0.997,0.006,0.008,0.000,0.000,28,27,0.000,0.987,0.998,0.984,0.998,0.000,0.013,0.000,0.002,37.000,35.000,0.000,0.990,1.000,0.973,1.000,0.007,0.003,0.000,0.000,58.000,28.000,0.000,0.971,1.000,0.974,0.995,0.008,0.021,0.000,0.000
92,26,18,0.000,0.986,1.000,0.980,0.997,0.006,0.008,0.000,0.000,28,27,0.000,0.987,0.998,0.984,0.998,0.000,0.013,0.000,0.002,37.000,35.000,0.000,0.990,1.000,0.973,1.000,0.007,0.003,0.000,0.000,58.000,28.000,0.000,0.971,1.000,0.974,0.995,0.008,0.021,0.000,0.000
93,26,18,0.000,0.986,1.000,0.980,0.997,0.006,0.008,0.000,0.000,28,27,0.000,0.987,0.998,0.984,0.998,0.000,0.013,0.000,0.002,37.000,35.000,0.000,0.990,1.000,0.973,1.000,0.007,0.003,0.000,0.000,58.000,28.000,0.000,0.971,1.000,0.974,0.995,0.008,0.021,0.000,0.000
94,26,18,0.000,0.986,1.000,0.980,0.997,0.006,0.008,0.000,0.000,28,27,0.000,0.987,0.998,0.984,0.998,0.000,0.013,0.000,0.002,37.000,35.000,0.000,0.990,1.000,0.973,1.000,0.007,0.003,0.000,0.000,58.000,28.000,0.000,0.971,1.000,0.974,0.995,0.008,0.021,0.000,0.000
95,26,18,0.000,0.986,1.000,0.980,0.997,0.006,0.008,0.000,0.000,28,27,0.000,0.987,0.998,0.984,0.998,0.000,0.013,0.000,0.002,37.000,35.000,0.000,0.990,1.000,0.973,1.000,0.007,0.003,0.000,0.000,58.000,28.000,0.000,0.971,1.000,0.974,0.995,0.008,0.021,0.000,0.000
96,26,18,0.000,0.986,1.000,0.980,0.997,0.006,0.008,0.000,0.000,28,27,0.000,0.987,0.998,0.984,0.998,0.000,0.013,0.000,0.002,37.000,35.000,0.000,0.990,1.000,0.973,1.000,0.007,0.003,0.000,0.000,58.000,28.000,0.000,0.971,1.000,0.974,0.995,0.008,0.021,0.000,0.000
97,26,18,0.000,0.986,1.000,0.980,0.997,0.006,0.008,0.000,0.000,28,27,0.000,0.987,0.998,0.984,0.998,0.000,0.013,0.000,0.002,37.000,35.000,0.000,0.990,1.000,0.973,1.000,0.007,0.003,0.000,0.000,58.000,28.000,0.000,0.971,1.000,0.974,0.995,0.008,0.021,0.000,0.000
98,26,18,0.000,0.986,1.000,0.980,0.997,0.006,0.008,0.000,0.000,28,27,0.000,0.987,0.998,0.984,0.998,0.000,0.013,0.000,0.002,37.000,35.000,0.000,0.990,1.000,0.973,1.000,0.007,0.003,0.000,0.000,58.000,28.000,0.000,0.971,1.000,0.974,0.995,0.008,0.021,0.000,0.000
99,26,18,0.000,0.986,1.000,0.980,0.997,0.006,0.008,0.000,0.000,28,27,0.000,0.987,0.998,0.984,0.998,0.000,0.013,0.000,0.002,37.000,35.000,0.000,0.990,1.000,0.973,1.000,0.007,0.003,0.000,0.000,58.000,28.000,0.000,0.971,1.000,0.974,0.995,0.008,0.021,0.000,0.000
100,26,18,0.000,0.986,1.000,0.980,0.997,0.006,0.008,0.000,0.000,28,27,0.000,0.987,0.998,0.984,0.998,0.000,0.013,0.000,0.002,37.000,35.000,0.000,0.990,1.000,0.973,1.000,0.007,0.003,0.000,0.000,58.000,28.000,0.000,0.971,1.000,0.974,0.995,0.008,0.021,0.000,0.000
101,26,18,0.000,0.986,1.000,0.980,0.997,0.006,0.008,0.000,0.000,28,27,0.000,0.987,0.998,0.984,0.998,0.000,0.013,0.000,0.002,37.000,35.000,0.000,0.990,1.000,0.973,1.000,0.007,0.003,0.000,0.000,58.000,28.000,0.000,0.971,1.000,0.974,0.995,0.008,0.021,0.000,0.000
102,26,18,0.000,0.986,1.000,0.980,0.997,0.006,0.008,0.000,0.000,28,27,0.000,0.987,0.998,0.984,0.998,0.000,0.013,0.000,0.002,37.000,35.000,0.000,0.990,1.000,0.973,1.000,0.007,0.003,0.000,0.000,58.000,28.000,0.000,0.971,1.000,0.974,0.995,0.008,0.021,0.000,0.000
103,26,18,0.000,0.986,1.000,0.980,0.997,0.006,0.008,0.000,0.000,28,27,0.000,0.987,0.998,0.984,0.998,0.000,0.013,0.000,0.002,37.000,35.000,0.000,0.990,1.000,0.973,1.000,0.007,0.003,0.000,0.000,58.000,28.000,0.000,0.971,1.000,0.974,0.995,0.008,0.021,0.000,0.000
104,26,18,0.000,0.986,1.000,0.980,0.997,0.006,0.008,0.000,0.000,28,27,0.000,0.987,0.998,0.984,0.998,0.000,0.013,0.000,0.002,37.000,35.000,0.000,0.990,1.000,0.973,1.000,0.007,0.003,0.000,0.000,58.000,28.000,0.000,0.971,1.000,0.974,0.995,0.008,0.021,0.000,0.000
105,26,18,0.000,0.986,1.000,0.980,0.997,0.006,0.008,0.000,0.000,28,27,0.000,0.987,0.998,0.984,0.998,0.000,0.013,0.000,0.002,37.000,35.000,0.000,0.990,1.000,0.973,1.000,0.007,0.003,0.000,0.000,58.000,28.000,0.000,0.971,1.000,0.974,0.995,0.008,0.021,0.000,0.000
106,26,18,0.000,0.986,1.000,0.980,0.997,0.006,0.008,0.000,0.000,28,27,0.000,0.987,0.998,0.984,0.998,0.000,0.013,0.000,0.002,37.000,35.000,0.000,0.990,1.000,0.973,1.000,0.007,0.003,0.000,0.000,58.000,28.000,0.000,0.971,1.000,0.974,0.995,0.008,0.021,0.000,0.000
107,26,18,0.000,0.986,1.000,0.980,0.997,0.006,0.008,0.000,0.000,28,27,0.000,0.987,0.998,0.984,0.998,0.000,0.013,0.000,0.002,37.000,35.000,0.000,0.990,1.000,0.973,1.000,0.007,0.003,0.000,0.000,58.000,28.000,0.000,0.971,1.000,0.974,0.995,0.008,0.021,0.000,0.000
108,26,18,0.000,0.986,1.000,0.980,0.997,0.006,0.008,0.000,0.000,28,27,0.000,0.987,0.998,0.984,0.998,0.000,0.013,0.000,0.002,37.000,35.000,0.000,0.990,1.000,0.973,1.000,0.007,0.003,0.000,0.000,58.000,28.000,0.000,0.971,1.000,0.974,0.995,0.008,0.021,0.000,0.000
109,26,18,0.000,0.986,1.000,0.980,0.997,0.006,0.008,0.000,0.000,28,27,0.000,0.987,0.998,0.984,0.998,0.000,0.013,0.000,0.002,37.000,35.000,0.000,0.990,1.000,0.973,1.000,0.007,0.003,0.000,0.000,58.000,28.000,0.000,0.971,1.000,0.974,0.995,0.008,0.021,0.000,0.000
110,26,18,0.000,0.986,1.000,0.980,0.997,0.006,0.008,0.000,0.000,28,27,0.000,0.987,0.998,0.984,0.998,0.000,0.013,0.000,0.002,37.000,35.000,0.000,0.990,1.000,0.973,1.000,0.007,0.003,0.000,0.000,58.000,28.000,0.000,0.971,1.000,0.974,0.995,0.008,0.021,0.000,0.000
111,26,18,0.000,0.986,1.000,0.980,0.997,0.006,0.008,0.000,0.000,28,27,0.000,0.987,0.998,0.984,0.998,0.000,0.013,0.000,0.002,37.000,35.000,0.000,0.990,1.000,0.973,1.000,0.007,0.003,0.000,0.000,58.000,28.000,0.000,0.971,1.000,0.974,0.995,0.008,0.021,0.000,0.000
112,26,18,0.000,0.986,1.000,0.980,0.997,0.006,0.008,0.000,0.000,28,27,0.000,0.987,0.998,0.984,0.998,0.000,0.013,0.000,0.002,37.000,35.000,0.000,0.990,1.000,0.973,1.000,0.007,0.003,0.000,0.000,58.000,28.000,0.000,0.971,1.000,0.974,0.995,0.008,0.021,0.000,0.000
113,26,18,0.000,0.986,1.000,0.980,0.997,0.006,0.008,0.000,0.000,28,27,0.000,0.987,0.998,0.984,0.998,0.000,0.013,0.000,0.002,37.000,35.000,0.000,0.990,1.000,0.973,1.000,0.007,0.003,0.000,0.000,58.000,28.000,0.000,0.971,1.000,0.974,0.995,0.008,0.021,0.000,0.000
114,26,18,0.000,0.986,1.000,0.980,0.997,0.006,0.008,0.000,0.000,28,27,0.000,0.987,0.998,0.984,0.998,0.000,0.013,0.000,0.002,37.000,35.000,0.000,0.990,1.000,0.973,1.000,0.007,0.003,0.000,0.000,58.000,28.000,0.000,0.971,1.000,0.974,0.995,0.008,0.021,0.000,0.000
115,26,18,0.000,0.986,1.000,0.980,0.997,0.006,0.008,0.000,0.000,28,27,0.000,0.987,0.998,0.984,0.998,0.000,0.013,0.000,0.002,37.000,35.000,0.000,0.990,1.000,0.973,1.000,0.007,0.003,0.000,0.000,58.000,28.000,0.000,0.971,1.000,0.974,0.995,0.008,0.021,0.000,0.000
116,26,18,0.000,0.986,1.000,0.980,0.997,0.006,0.008,0.000,0.000,28,27,0.000,0.987,0.998,0.984,0.998,0.000,0.013,0.000,0.002,37.000,35.000,0.000,0.990,1.000,0.973,1.000,0.007,0.003,0.000,0.000,58.000,28.000,0.000,0.971,1.000,0.974,0.995,0.008,0.021,0.000,0.000
117,26,18,0.000,0.986,1.000,0.980,0.997,0.006,0.008,0.000,0.000,28,27,0.000,0.987,0.998,0.984,0.998,0.000,0.013,0.000,0.002,37.000,35.000,0.000,0.990,1.000,0.973,1.000,0.007,0.003,0.000,0.000,58.000,28.000,0.000,0.971,1.000,0.974,0.995,0.008,0.021,0.000,0.000
118,26,18,0.000,0.986,1.000,0.980,0.997,0.006,0.008,0.000,0.000,28,27,0.000,0.987,0.998,0.984,0.998,0.000,0.013,0.000,0.002,37.000,35.000,0.000,0.990,1.000,0.973,1.000,0.007,0.003,0.000,0.000,58.000,28.000,0.000,0.971,1.000,0.974,0.995,0.008,0.021,0.000,0.000
119,26,18,0.000,0.986,1.000,0.980,0.997,0.006,0.008,0.000,0.000,28,27,0.000,0.987,0.998,0.984,0.998,0.000,0.013,0.000,0.002,37.000,35.000,0.000,0.990,1.000,0.973,1.000,0.007,0.003,0.000,0.000,58.000,28.000,0.000,0.971,1.000,0.974,0.995,0.008,0.021,0.000,0.000
120,26,18,0.000,0.986,1.000,0.980,0.997,0.006,0.008,0.000,0.000,28,27,0.000,0.987,0.998,0.984,0.998,0.000,0.013,0.000,0.002,37.000,35.000,0.000,0.990,1.000,0.973,1.000,0.007,0.003,0.000,0.000,58.000,28.000,0.000,0.971,1.000,0.974,0.995,0.008,0.021,0.000,0.000
121,26,18,0.000,0.986,1.000,0.980,0.997,0.006,0.008,0.000,0.000,28,27,0.000,0.987,0.998,0.984,0.998,0.000,0.013,0.000,0.002,37.000,35.000,0.000,0.990,1.000,0.973,1.000,0.007,0.003,0.000,0.000,58.000,28.000,0.000,0.971,1.000,0.974,0.995,0.008,0.021,0.000,0.000
122,26,18,0.000,0.986,1.000,0.980,0.997,0.006,0.008,0.000,0.000,28,27,0.000,0.987,0.998,0.984,0.998,0.000,0.013,0.000,0.002,37.000,35.000,0.000,0.990,1.000,0.973,1.000,0.007,0.003,0.000,0.000,58.000,28.000,0.000,0.971,1.000,0.974,0.995,0.008,0.021,0.000,0.000
123,26,18,0.000,0.986,1.000,0.980,0.997,0.006,0.008,0.000,0.000,28,27,0.000,0.987,0.998,0.984,0.998,0.000,0.013,0.000,0.002,37.000,35.000,0.000,0.990,1.000,0.973,1.000,0.007,0.003,0.000,0.000,58.000,28.000,0.000,0.971,1.000,0.974,0.995,0.008,0.021,0.000,0.000
124,26,18,0.000,0.986,1.000,0.980,0.997,0.006,0.008,0.000,0.000,28,27,0.000,0.987,0.998,0.984,0.998,0.000,0.013,0.000,0.002,37.000,35.000,0.000,0.990,1.000,0.973,1.000,0.007,0.003,0.000,0.000,58.000,28.000,0.000,0.971,1.000,0.974,0.995,0.008,0.021,0.000,0.000
125,26,18,0.000,0.986,1.000,0.980,0.997,0.006,0.008,0.000,0.000,28,27,0.000,0.987,0.998,0.984,0.998,0.000,0.013,0.000,0.002,37.000,35.000,0.000,0.990,1.000,0.973,1.000,0.007,0.003,0.000,0.000,58.000,28.000,0.000,0.971,1.000,0.974,0.995,0.008,0.021,0.000,0.000
126,26,18,0.000,0.986,1.000,0.980,0.997,0.006,0.008,0.000,0.000,28,27,0.000,0.987,0.998,0.984,0.998,0.000,0.013,0.000,0.002,37.000,35.000,0.000,0.990,1.000,0.973,1.000,0.007,0.003,0.000,0.000,58.000,28.000,0.000,0.971,1.000,0.974,0.995,0.008,0.021,0.000,0.000
127,26,18,0.000,0.986,1.000,0.980,0.997,0.006,0.008,0.000,0.000,28,27,0.000,0.987,0.998,0.984,0.998,0.000,0.013,0.000,0.002,37.000,35.000,0.000,0.990,1.000,0.973,1.000,0.007,0.003,0.000,0.000,58.000,28.000,0.000,0.971,1.000,0.974,0.995,0.008,0.021,0.000,0.000
128,26,18,0.000,0.986,1.000,0.980,0.997,0.006,0.008,0.000,0.000,28,27,0.000,0.987,0.998,0.984,0.998,0.000,0.013,0.000,0.002,37.000,35.000,0.000,0.990,1.000,0.973,1.000,0.007,0.003,0.000,0.000,58.000,28.000,0.000,0.971,1.000,0.974,0.995,0.008,0.021,0.000,0.000
129,26,18,0.000,0.986,1.000,0.980,0.997,0.006,0.008,0.000,0.000,28,27,0.000,0.987,0.998,0.984,0.998,0.000,0.013,0.000,0.002,37.000,35.000,0.000,0.990,1.000,0.973,1.000,0.007,0.003,0.000,0.000,58.000,28.000,0.000,0.971,1.000,0.974,0.995,0.008,0.021,0.000,0.000
130,26,18,0.000,0.986,1.000,0.980,0.997,0.006,0.008,0.000,0.000,28,27,0.000,0.987,0.998,0.984,0.998,0.000,0.013,0.000,0.002,37.000,35.000,0.000,0.990,1.000,0.973,1.000,0.007,0.003,0.000,0.000,58.000,28.000,0.000,0.971,1.000,0.974,0.995,0.008,0.021,0.000,0.000
131,26,18,0.000,0.986,1.000,0.980,0.997,0.006,0.008,0.000,0.000,28,27,0.000,0.987,0.998,0.984,0.998,0.000,0.013,0.000,0.002,37.000,35.000,0.000,0.990,1.000,0.973,1.000,0.007,0.003,0.000,0.000,58.000,28.000,0.000,0.971,1.000,0.974,0.995,0.008,0.021,0.000,0.000
132,26,18,0.000,0.986,1.000,0.980,0.997,0.006,0.008,0.000,0.000,28,27,0.000,0.987,0.998,0.984,0.998,0.000,0.013,0.000,0.002,37.000,35.000,0.000,0.990,1.000,0.973,1.000,0.007,0.003,0.000,0.000,58.000,28.000,0.000,0.971,1.000,0.974,0.995,0.008,0.021,0.000,0.000
133,26,18,0.000,0.986,1.000,0.980,0.997,0.006,0.008,0.000,0.000,28,27,0.000,0.987,0.998,0.984,0.998,0.000,0.013,0.000,0.002,37.000,35.000,0.000,0.990,1.000,0.973,1.000,0.007,0.003,0.000,0.000,58.000,28.000,0.000,0.971,1.000,0.974,0.995,0.008,0.021,0.000,0.000
134,26,18,0.000,0.986,1.000,0.980,0.997,0.006,0.008,0.000,0.000,28,27,0.000,0.987,0.998,0.984,0.998,0.000,0.013,0.000,0.002,37.000,35.000,0.000,0.990,1.000,0.973,1.000,0.007,0.003,0.000,0.000,58.000,28.000,0.000,0.971,1.000,0.974,0.995,0.008,0.021,0.000,0.000
135,26,18,0.000,0.986,1.000,0.980,0.997,0.006,0.008,0.000,0.000,28,27,0.000,0.987,0.998,0.984,0.998,0.000,0.013,0.000,0.002,37.000,35.000,0.000,0.990,1.000,0.973,1.000,0.007,0.003,0.000,0.000,58.000,28.000,0.000,0.971,1.000,0.974,0.995,0.008,0.021,0.000,0.000
136,26,18,0.000,0.986,1.000,0.980,0.997,0.006,0.008,0.000,0.000,28,27,0.000,0.987,0.998,0.984,0.998,0.000,0.013,0.000,0.002,37.000,35.000,0.000,0.990,1.000,0.973,1.000,0.007,0.003,0.000,0.000,58.000,28.000,0.000,0.971,1.000,0.974,0.995,0.008,0.021,0.000,0.000
137,26,18,0.000,0.986,1.000,0.980,0.997,0.006,0.008,0.000,0.000,28,27,0.000,0.987,0.998,0.984,0.998,0.000,0.013,0.000,0.002,37.000,35.000,0.000,0.990,1.000,0.973,1.000,0.007,0.003,0.000,0.000,58.000,28.000,0.000,0.971,1.000,0.974,0.995,0.008,0.021,0.000,0.000
138,26,18,0.000,0.986,1.000,0.980,0.997,0.006,0.008,0.000,0.000,28,27,0.000,0.987,0.998,0.984,0.998,0.000,0.013,0.000,0.002,37.000,35.000,0.000,0.990,1.000,0.973,1.000,0.007,0.003,0.000,0.000,58.000,28.000,0.000,0.971,1.000,0.974,0.995,0.008,0.021,0.000,0.000
139,26,18,0.000,0.986,1.000,0.980,0.997,0.006,0.008,0.000,0.000,28,27,0.000,0.987,0.998,0.984,0.998,0.000,0.013,0.000,0.002,37.000,35.000,0.000,0.990,1.000,0.973,1.000,0.007,0.003,0.000,0.000,58.000,28.000,0.000,0.971,1.000,0.974,0.995,0.008,0.021,0.000,0.000
140,26,18,0.000,0.986,1.000,0.980,0.997,0.006,0.008,0.000,0.000,28,27,0.000,0.987,0.998,0.984,0.998,0.000,0.013,0.000,0.002,37.000,35.000,0.000,0.990,1.000,0.973,1.000,0.007,0.003,0.000,0.000,58.000,28.000,0.000,0.971,1.000,0.974,0.995,0.008,0.021,0.000,0.000
141,26,18,0.000,0.986,1.000,0.980,0.997,0.006,0.008,0.000,0.000,28,27,0.000,0.987,0.998,0.984,0.998,0.000,0.013,0.000,0.002,37.000,35.000,0.000,0.990,1.000,0.973,1.000,0.007,0.003,0.000,0.000,58.000,28.000,0.000,0.971,1.000,0.974,0.995,0.008,0.021,0.000,0.000
142,26,18,0.000,0.986,1.000,0.980,0.997,0.006,0.008,0.000,0.000,28,27,0.000,0.987,0.998,0.984,0.998,0.000,0.013,0.000,0.002,37.000,35.000,0.000,0.990,1.000,0.973,1.000,0.007,0.003,0.000,0.000,58.000,28.000,0.000,0.971,1.000,0.974,0.995,0.008,0.021,0.000,0.000
143,26,18,0.000,0.986,1.000,0.980,0.997,0.006,0.008,0.000,0.000,28,27,0.000,0.987,0.998,0.984,0.998,0.000,0.013,0.000,0.002,37.000,35.000,0.000,0.990,1.000,0.973,1.000,0.007,0.003,0.000,0.000,58.000,28.000,0.000,0.971,1.000,0.974,0.995,0.008,0.021,0.000,0.000
144,26,18,0.000,0.986,1.000,0.980,0.997,0.006,0.008,0.000,0.000,28,27,0.000,0.987,0.998,0.984,0.998,0.000,0.013,0.000,0.002,37.000,35.000,0.000,0.990,1.000,0.973,1.000,0.007,0.003,0.000,0.000,58.000,28.000,0.000,0.971,1.000,0.974,0.995,0.008,0.021,0.000,0.000
145,26,18,0.000,0.986,1.000,0.980,0.997,0.006,0.008,0.000,0.000,28,27,0.000,0.987,0.998,0.984,0.998,0.000,0.013,0.000,0.002,37.000,35.000,0.000,0.990,1.000,0.973,1.000,0.007,0.003,0.000,0.000,58.000,28.000,0.000,0.971,1.000,0.974,0.995,0.008,0.021,0.000,0.000
146,26,18,0.000,0.986,1.000,0.980,0.997,0.006,0.008,0.000,0.000,28,27,0.000,0.987,0.998,0.984,0.998,0.000,0.013,0.000,0.002,37.000,35.000,0.000,0.990,1.000,0.973,1.000,0.007,0.003,0.000,0.000,58.000,28.000,0.000,0.971,1.000,0.974,0.995,0.008,0.021,0.000,0.000
147,26,18,0.000,0.986,1.000,0.980,0.997,0.006,0.008,0.000,0.000,28,27,0.000,0.987,0.998,0.984,0.998,0.000,0.013,0.000,0.002,37.000,35.000,0.000,0.990,1.000,0.973,1.000,0.007,0.003,0.000,0.000,58.000,28.000,0.000,0.971,1.000,0.974,0.995,0.008,0.021,0.000,0.000
148,26,18,0.000,0.986,1.000,0.980,0.997,0.006,0.008,0.000,0.000,28,27,0.000,0.987,0.998,0.984,0.998,0.000,0.013,0.000,0.002,37.000,35.000,0.000,0.990,1.000,0.973,1.000,0.007,0.003,0.000,0.000,58.000,28.000,0.000,0.971,1.000,0.974,0.995,0.008,0.021,0.000,0.000
149,26,18,0.000,0.986,1.000,0.980,0.997,0.006,0.008,0.000,0.000,28,27,0.000,0.987,0.998,0.984,0.998,0.000,0.013,0.000,0.002,37.000,35.000,0.000,0.990,1.000,0.973,1.000,0.007,0.003,0.000,0.000,58.000,28.000,0.000,0.971,1.000,0.974,0.995,0.008,0.021,0.000,0.000
150,26,18,0.000,0.986,1.000,0.980,0.997,0.006,0.008,0.000,0.000,28,27,0.000,0.987,0.998,0.984,0.998,0.000,0.013,0.000,0.002,37.000,35.000,0.000,0.990,1.000,0.973,1.000,0.007,0.003,0.000,0.000,58.000,28.000,0.000,0.971,1.000,0.974,0.995,0.008,0.021,0.000,0.000
151,26,18,0.000,0.986,1.000,0.980,0.997,0.006,0.008,0.000,0.000,28,27,0.000,0.987,0.998,0.984,0.998,0.000,0.013,0.000,0.002,37.000,35.000,0.000,0.990,1.000,0.973,1.000,0.007,0.003,0.000,0.000,58.000,28.000,0.000,0.971,1.000,0.974,0.995,0.008,0.021,0.000,0.000
152,26,18,0.000,0.986,1.000,0.980,0.997,0.006,0.008,0.000,0.000,28,27,0.000,0.987,0.998,0.984,0.998,0.000,0.013,0.000,0.002,37.000,35.000,0.000,0.990,1.000,0.973,1.000,0.007,0.003,0.000,0.000,58.000,28.000,0.000,0.971,1.000,0.974,0.995,0.008,0.021,0.000,0.000
153,26,18,0.000,0.986,1.000,0.980,0.997,0.006,0.008,0.000,0.000,28,27,0.000,0.987,0.998,0.984,0.998,0.000,0.013,0.000,0.002,37.000,35.000,0.000,0.990,1.000,0.973,1.000,0.007,0.003,0.000,0.000,58.000,28.000,0.000,0.971,1.000,0.974,0.995,0.008,0.021,0.000,0.000
154,26,18,0.000,0.986,1.000,0.980,0.997,0.006,0.008,0.000,0.000,28,27,0.000,0.987,0.998,0.984,0.998,0.000,0.013,0.000,0.002,37.000,35.000,0.000,0.990,1.000,0.973,1.000,0.007,0.003,0.000,0.000,58.000,28.000,0.000,0.971,1.000,0.974,0.995,0.008,0.021,0.000,0.000
155,26,18,0.000,0.986,1.000,0.980,0.997,0.006,0.008,0.000,0.000,37,35,0.000,0.990,1.000,0.973,1.000,0.007,0.003,0.000,0.000,58.000,28.000,0.000,0.971,1.000,0.974,0.995,0.008,0.021,0.000,0.000,63.000,37.000,0.000,0.975,1.000,0.966,0.998,0.020,0.004,0.000,0.000
156,26,18,0.000,0.986,1.000,0.980,0.997,0.006,0.008,0.000,0.000,37,35,0.000,0.990,1.000,0.973,1.000,0.007,0.003,0.000,0.000,58.000,28.000,0.000,0.971,1.000,0.974,0.995,0.008,0.021,0.000,0.000,63.000,37.000,0.000,0.975,1.000,0.966,0.998,0.020,0.004,0.000,0.000
157,26,18,0.000,0.986,1.000,0.980,0.997,0.006,0.008,0.000,0.000,37,35,0.000,0.990,1.000,0.973,1.000,0.007,0.003,0.000,0.000,58.000,28.000,0.000,0.971,1.000,0.974,0.995,0.008,0.021,0.000,0.000,63.000,37.000,0.000,0.975,1.000,0.966,0.998,0.020,0.004,0.000,0.000
158,26,18,0.000,0.986,1.000,0.980,0.997,0.006,0.008,0.000,0.000,37,35,0.000,0.990,1.000,0.973,1.000,0.007,0.003,0.000,0.000,58.000,28.000,0.000,0.971,1.000,0.974,0.995,0.008,0.021,0.000,0.000,63.000,37.000,0.000,0.975,1.000,0.966,0.998,0.020,0.004,0.000,0.000
159,26,18,0.000,0.986,1.000,0.980,0.997,0.006,0.008,0.000,0.000,37,35,0.000,0.990,1.000,0.973,1.000,0.007,0.003,0.000,0.000,58.000,28.000,0.000,0.971,1.000,0.974,0.995,0.008,0.021,0.000,0.000,63.000,37.000,0.000,0.975,1.000,0.966,0.998,0.020,0.004,0.000,0.000
160,26,18,0.000,0.986,1.000,0.980,0.997,0.006,0.008,0.000,0.000,37,35,0.000,0.990,1.000,0.973,1.000,0.007,0.003,0.000,0.000,58.000,28.000,0.000,0.971,1.000,0.974,0.995,0.008,0.021,0.000,0.000,63.000,37.000,0.000,0.975,1.000,0.966,0.998,0.020,0.004,0.000,0.000
161,26,18,0.000,0.986,1.000,0.980,0.997,0.006,0.008,0.000,0.000,37,35,0.000,0.990,1.000,0.973,1.000,0.007,0.003,0.000,0.000,58.000,28.000,0.000,0.971,1.000,0.974,0.995,0.008,0.021,0.000,0.000,63.000,37.000,0.000,0.975,1.000,0.966,0.998,0.020,0.004,0.000,0.000
162,26,18,0.000,0.986,1.000,0.980,0.997,0.006,0.008,0.000,0.000,37,35,0.000,0.990,1.000,0.973,1.000,0.007,0.003,0.000,0.000,58.000,28.000,0.000,0.971,1.000,0.974,0.995,0.008,0.021,0.000,0.000,63.000,37.000,0.000,0.975,1.000,0.966,0.998,0.020,0.004,0.000,0.000
163,26,18,0.000,0.986,1.000,0.980,0.997,0.006,0.008,0.000,0.000,37,35,0.000,0.990,1.000,0.973,1.000,0.007,0.003,0.000,0.000,58.000,28.000,0.000,0.971,1.000,0.974,0.995,0.008,0.021,0.000,0.000,63.000,37.000,0.000,0.975,1.000,0.966,0.998,0.020,0.004,0.000,0.000
164,26,18,0.000,0.986,1.000,0.980,0.997,0.006,0.008,0.000,0.000,37,35,0.000,0.990,1.000,0.973,1.000,0.007,0.003,0.000,0.000,58.000,28.000,0.000,0.971,1.000,0.974,0.995,0.008,0.021,0.000,0.000,63.000,37.000,0.000,0.975,1.000,0.966,0.998,0.020,0.004,0.000,0.000
165,26,18,0.000,0.986,1.000,0.980,0.997,0.006,0.008,0.000,0.000,37,35,0.000,0.990,1.000,0.973,1.000,0.007,0.003,0.000,0.000,58.000,28.000,0.000,0.971,1.000,0.974,0.995,0.008,0.021,0.000,0.000,63.000,37.000,0.000,0.975,1.000,0.966,0.998,0.020,0.004,0.000,0.000
166,26,18,0.000,0.986,1.000,0.980,0.997,0.006,0.008,0.000,0.000,37,35,0.000,0.990,1.000,0.973,1.000,0.007,0.003,0.000,0.000,58.000,28.000,0.000,0.971,1.000,0.974,0.995,0.008,0.021,0.000,0.000,63.000,37.000,0.000,0.975,1.000,0.966,0.998,0.020,0.004,0.000,0.000
167,26,18,0.000,0.986,1.000,0.980,0.997,0.006,0.008,0.000,0.000,37,35,0.000,0.990,1.000,0.973,1.000,0.007,0.003,0.000,0.000,58.000,28.000,0.000,0.971,1.000,0.974,0.995,0.008,0.021,0.000,0.000,63.000,37.000,0.000,0.975,1.000,0.966,0.998,0.020,0.004,0.000,0.000
168,26,18,0.000,0.986,1.000,0.980,0.997,0.006,0.008,0.000,0.000,37,35,0.000,0.990,1.000,0.973,1.000,0.007,0.003,0.000,0.000,58.000,28.000,0.000,0.971,1.000,0.974,0.995,0.008,0.021,0.000,0.000,63.000,37.000,0.000,0.975,1.000,0.966,0.998,0.020,0.004,0.000,0.000
169,26,18,0.000,0.986,1.000,0.980,0.997,0.006,0.008,0.000,0.000,37,35,0.000,0.990,1.000,0.973,1.000,0.007,0.003,0.000,0.000,58.000,28.000,0.000,0.971,1.000,0.974,0.995,0.008,0.021,0.000,0.000,63.000,37.000,0.000,0.975,1.000,0.966,0.998,0.020,0.004,0.000,0.000
170,26,18,0.000,0.986,1.000,0.980,0.997,0.006,0.008,0.000,0.000,37,35,0.000,0.990,1.000,0.973,1.000,0.007,0.003,0.000,0.000,58.000,28.000,0.000,0.971,1.000,0.974,0.995,0.008,0.021,0.000,0.000,63.000,37.000,0.000,0.975,1.000,0.966,0.998,0.020,0.004,0.000,0.000
171,26,18,0.000,0.986,1.000,0.980,0.997,0.006,0.008,0.000,0.000,37,35,0.000,0.990,1.000,0.973,1.000,0.007,0.003,0.000,0.000,58.000,28.000,0.000,0.971,1.000,0.974,0.995,0.008,0.021,0.000,0.000,63.000,37.000,0.000,0.975,1.000,0.966,0.998,0.020,0.004,0.000,0.000
172,26,18,0.000,0.986,1.000,0.980,0.997,0.006,0.008,0.000,0.000,37,35,0.000,0.990,1.000,0.973,1.000,0.007,0.003,0.000,0.000,58.000,28.000,0.000,0.971,1.000,0.974,0.995,0.008,0.021,0.000,0.000,63.000,37.000,0.000,0.975,1.000,0.966,0.998,0.020,0.004,0.000,0.000
173,26,18,0.000,0.986,1.000,0.980,0.997,0.006,0.008,0.000,0.000,37,35,0.000,0.990,1.000,0.973,1.000,0.007,0.003,0.000,0.000,58.000,28.000,0.000,0.971,1.000,0.974,0.995,0.008,0.021,0.000,0.000,63.000,37.000,0.000,0.975,1.000,0.966,0.998,0.020,0.004,0.000,0.000
174,37,35,0.000,0.990,1.000,0.973,1.000,0.007,0.003,0.000,0.000,58,28,0.000,0.971,1.000,0.974,0.995,0.008,0.021,0.000,0.000,63.000,37.000,0.000,0.975,1.000,0.966,0.998,0.020,0.004,0.000,0.000,73.000,67.000,0.000,0.963,1.000,0.965,1.000,0.037,0.000,0.000,0.000
175,37,35,0.000,0.990,1.000,0.973,1.000,0.007,0.003,0.000,0.000,58,28,0.000,0.971,1.000,0.974,0.995,0.008,0.021,0.000,0.000,63.000,37.000,0.000,0.975,1.000,0.966,0.998,0.020,0.004,0.000,0.000,73.000,67.000,0.000,0.963,1.000,0.965,1.000,0.037,0.000,0.000,0.000
176,37,35,0.000,0.990,1.000,0.973,1.000,0.007,0.003,0.000,0.000,58,28,0.000,0.971,1.000,0.974,0.995,0.008,0.021,0.000,0.000,63.000,37.000,0.000,0.975,1.000,0.966,0.998,0.020,0.004,0.000,0.000,73.000,67.000,0.000,0.963,1.000,0.965,1.000,0.037,0.000,0.000,0.000
177,37,35,0.000,0.990,1.000,0.973,1.000,0.007,0.003,0.000,0.000,58,28,0.000,0.971,1.000,0.974,0.995,0.008,0.021,0.000,0.000,63.000,37.000,0.000,0.975,1.000,0.966,0.998,0.020,0.004,0.000,0.000,73.000,67.000,0.000,0.963,1.000,0.965,1.000,0.037,0.000,0.000,0.000
178,37,35,0.000,0.990,1.000,0.973,1.000,0.007,0.003,0.000,0.000,58,28,0.000,0.971,1.000,0.974,0.995,0.008,0.021,0.000,0.000,63.000,37.000,0.000,0.975,1.000,0.966,0.998,0.020,0.004,0.000,0.000,73.000,67.000,0.000,0.963,1.000,0.965,1.000,0.037,0.000,0.000,0.000
179,37,35,0.000,0.990,1.000,0.973,1.000,0.007,0.003,0.000,0.000,58,28,0.000,0.971,1.000,0.974,0.995,0.008,0.021,0.000,0.000,63.000,37.000,0.000,0.975,1.000,0.966,0.998,0.020,0.004,0.000,0.000,73.000,67.000,0.000,0.963,1.000,0.965,1.000,0.037,0.000,0.000,0.000
180,37,35,0.000,0.990,1.000,0.973,1.000,0.007,0.003,0.000,0.000,58,28,0.000,0.971,1.000,0.974,0.995,0.008,0.021,0.000,0.000,63.000,37.000,0.000,0.975,1.000,0.966,0.998,0.020,0.004,0.000,0.000,73.000,67.000,0.000,0.963,1.000,0.965,1.000,0.037,0.000,0.000,0.000
181,37,35,0.000,0.990,1.000,0.973,1.000,0.007,0.003,0.000,0.000,58,28,0.000,0.971,1.000,0.974,0.995,0.008,0.021,0.000,0.000,63.000,37.000,0.000,0.975,1.000,0.966,0.998,0.020,0.004,0.000,0.000,73.000,67.000,0.000,0.963,1.000,0.965,1.000,0.037,0.000,0.000,0.000
182,37,35,0.000,0.990,1.000,0.973,1.000,0.007,0.003,0.000,0.000,58,28,0.000,0.971,1.000,0.974,0.995,0.008,0.021,0.000,0.000,63.000,37.000,0.000,0.975,1.000,0.966,0.998,0.020,0.004,0.000,0.000,73.000,67.000,0.000,0.963,1.000,0.965,1.000,0.037,0.000,0.000,0.000
183,37,35,0.000,0.990,1.000,0.973,1.000,0.007,0.003,0.000,0.000,58,28,0.000,0.971,1.000,0.974,0.995,0.008,0.021,0.000,0.000,63.000,37.000,0.000,0.975,1.000,0.966,0.998,0.020,0.004,0.000,0.000,73.000,67.000,0.000,0.963,1.000,0.965,1.000,0.037,0.000,0.000,0.000
184,37,35,0.000,0.990,1.000,0.973,1.000,0.007,0.003,0.000,0.000,58,28,0.000,0.971,1.000,0.974,0.995,0.008,0.021,0.000,0.000,63.000,37.000,0.000,0.975,1.000,0.966,0.998,0.020,0.004,0.000,0.000,73.000,67.000,0.000,0.963,1.000,0.965,1.000,0.037,0.000,0.000,0.000
185,37,35,0.000,0.990,1.000,0.973,1.000,0.007,0.003,0.000,0.000,58,28,0.000,0.971,1.000,0.974,0.995,0.008,0.021,0.000,0.000,63.000,37.000,0.000,0.975,1.000,0.966,0.998,0.020,0.004,0.000,0.000,73.000,67.000,0.000,0.963,1.000,0.965,1.000,0.037,0.000,0.000,0.000
186,37,35,0.000,0.990,1.000,0.973,1.000,0.007,0.003,0.000,0.000,58,28,0.000,0.971,1.000,0.974,0.995,0.008,0.021,0.000,0.000,63.000,37.000,0.000,0.975,1.000,0.966,0.998,0.020,0.004,0.000,0.000,73.000,67.000,0.000,0.963,1.000,0.965,1.000,0.037,0.000,0.000,0.000
187,37,35,0.000,0.990,1.000,0.973,1.000,0.007,0.003,0.000,0.000,58,28,0.000,0.971,1.000,0.974,0.995,0.008,0.021,0.000,0.000,63.000,37.000,0.000,0.975,1.000,0.966,0.998,0.020,0.004,0.000,0.000,73.000,67.000,0.000,0.963,1.000,0.965,1.000,0.037,0.000,0.000,0.000
188,37,35,0.000,0.990,1.000,0.973,1.000,0.007,0.003,0.000,0.000,58,28,0.000,0.971,1.000,0.974,0.995,0.008,0.021,0.000,0.000,63.000,37.000,0.000,0.975,1.000,0.966,0.998,0.020,0.004,0.000,0.000,73.000,67.000,0.000,0.963,1.000,0.965,1.000,0.037,0.000,0.000,0.000
189,37,35,0.000,0.990,1.000,0.973,1.000,0.007,0.003,0.000,0.000,58,28,0.000,0.971,1.000,0.974,0.995,0.008,0.021,0.000,0.000,63.000,37.000,0.000,0.975,1.000,0.966,0.998,0.020,0.004,0.000,0.000,73.000,67.000,0.000,0.963,1.000,0.965,1.000,0.037,0.000,0.000,0.000
190,37,35,0.000,0.990,1.000,0.973,1.000,0.007,0.003,0.000,0.000,58,28,0.000,0.971,1.000,0.974,0.995,0.008,0.021,0.000,0.000,63.000,37.000,0.000,0.975,1.000,0.966,0.998,0.020,0.004,0.000,0.000,73.000,67.000,0.000,0.963,1.000,0.965,1.000,0.037,0.000,0.000,0.000
191,37,35,0.000,0.990,1.000,0.973,1.000,0.007,0.003,0.000,0.000,58,28,0.000,0.971,1.000,0.974,0.995,0.008,0.021,0.000,0.000,63.000,37.000,0.000,0.975,1.000,0.966,0.998,0.020,0.004,0.000,0.000,73.000,67.000,0.000,0.963,1.000,0.965,1.000,0.037,0.000,0.000,0.000
192,37,35,0.000,0.990,1.000,0.973,1.000,0.007,0.003,0.000,0.000,58,28,0.000,0.971,1.000,0.974,0.995,0.008,0.021,0.000,0.000,63.000,37.000,0.000,0.975,1.000,0.966,0.998,0.020,0.004,0.000,0.000,73.000,67.000,0.000,0.963,1.000,0.965,1.000,0.037,0.000,0.000,0.000
193,37,35,0.000,0.990,1.000,0.973,1.000,0.007,0.003,0.000,0.000,58,28,0.000,0.971,1.000,0.974,0.995,0.008,0.021,0.000,0.000,63.000,37.000,0.000,0.975,1.000,0.966,0.998,0.020,0.004,0.000,0.000,73.000,67.000,0.000,0.963,1.000,0.965,1.000,0.037,0.000,0.000,0.000
194,37,35,0.000,0.990,1.000,0.973,1.000,0.007,0.003,0.000,0.000,58,28,0.000,0.971,1.000,0.974,0.995,0.008,0.021,0.000,0.000,63.000,37.000,0.000,0.975,1.000,0.966,0.998,0.020,0.004,0.000,0.000,73.000,67.000,0.000,0.963,1.000,0.965,1.000,0.037,0.000,0.000,0.000
195,37,35,0.000,0.990,1.000,0.973,1.000,0.007,0.003,0.000,0.000,58,28,0.000,0.971,1.000,0.974,0.995,0.008,0.021,0.000,0.000,63.000,37.000,0.000,0.975,1.000,0.966,0.998,0.020,0.004,0.000,0.000,73.000,67.000,0.000,0.963,1.000,0.965,1.000,0.037,0.000,0.000,0.000
196,37,35,0.000,0.990,1.000,0.973,1.000,0.007,0.003,0.000,0.000,58,28,0.000,0.971,1.000,0.974,0.995,0.008,0.021,0.000,0.000,63.000,37.000,0.000,0.975,1.000,0.966,0.998,0.020,0.004,0.000,0.000,73.000,67.000,0.000,0.963,1.000,0.965,1.000,0.037,0.000,0.000,0.000
197,37,35,0.000,0.990,1.000,0.973,1.000,0.007,0.003,0.000,0.000,58,28,0.000,0.971,1.000,0.974,0.995,0.008,0.021,0.000,0.000,63.000,37.000,0.000,0.975,1.000,0.966,0.998,0.020,0.004,0.000,0.000,73.000,67.000,0.000,0.963,1.000,0.965,1.000,0.037,0.000,0.000,0.000
198,37,35,0.000,0.990,1.000,0.973,1.000,0.007,0.003,0.000,0.000,58,28,0.000,0.971,1.000,0.974,0.995,0.008,0.021,0.000,0.000,63.000,37.000,0.000,0.975,1.000,0.966,0.998,0.020,0.004,0.000,0.000,73.000,67.000,0.000,0.963,1.000,0.965,1.000,0.037,0.000,0.000,0.000
199,37,35,0.000,0.990,1.000,0.973,1.000,0.007,0.003,0.000,0.000,58,28,0.000,0.971,1.000,0.974,0.995,0.008,0.021,0.000,0.000,63.000,37.000,0.000,0.975,1.000,0.966,0.998,0.020,0.004,0.000,0.000,73.000,67.000,0.000,0.963,1.000,0.965,1.000,0.037,0.000,0.000,0.000
200,37,35,0.000,0.990,1.000,0.973,1.000,0.007,0.003,0.000,0.000,58,28,0.000,0.971,1.000,0.974,0.995,0.008,0.021,0.000,0.000,63.000,37.000,0.000,0.975,1.000,0.966,0.998,0.020,0.004,0.000,0.000,73.000,67.000,0.000,0.963,1.000,0.965,1.000,0.037,0.000,0.000,0.000
201,37,35,0.000,0.990,1.000,0.973,1.000,0.007,0.003,0.000,0.000,58,28,0.000,0.971,1.000,0.974,0.995,0.008,0.021,0.000,0.000,63.000,37.000,0.000,0.975,1.000,0.966,0.998,0.020,0.004,0.000,0.000,73.000,67.000,0.000,0.963,1.000,0.965,1.000,0.037,0.000,0.000,0.000
202,37,35,0.000,0.990,1.000,0.973,1.000,0.007,0.003,0.000,0.000,58,28,0.000,0.971,1.000,0.974,0.995,0.008,0.021,0.000,0.000,63.000,37.000,0.000,0.975,1.000,0.966,0.998,0.020,0.004,0.000,0.000,73.000,67.000,0.000,0.963,1.000,0.965,1.000,0.037,0.000,0.000,0.000
203,37,35,0.000,0.990,1.000,0.973,1.000,0.007,0.003,0.000,0.000,58,28,0.000,0.971,1.000,0.974,0.995,0.008,0.021,0.000,0.000,63.000,37.000,0.000,0.975,1.000,0.966,0.998,0.020,0.004,0.000,0.000,73.000,67.000,0.000,0.963,1.000,0.965,1.000,0.037,0.000,0.000,0.000
204,37,35,0.000,0.990,1.000,0.973,1.000,0.007,0.003,0.000,0.000,58,28,0.000,0.971,1.000,0.974,0.995,0.008,0.021,0.000,0.000,63.000,37.000,0.000,0.975,1.000,0.966,0.998,0.020,0.004,0.000,0.000,73.000,67.000,0.000,0.963,1.000,0.965,1.000,0.037,0.000,0.000,0.000
205,37,35,0.000,0.990,1.000,0.973,1.000,0.007,0.003,0.000,0.000,58,28,0.000,0.971,1.000,0.974,0.995,0.008,0.021,0.000,0.000,63.000,37.000,0.000,0.975,1.000,0.966,0.998,0.020,0.004,0.000,0.000,73.000,67.000,0.000,0.963,1.000,0.965,1.000,0.037,0.000,0.000,0.000
206,37,35,0.000,0.990,1.000,0.973,1.000,0.007,0.003,0.000,0.000,58,28,0.000,0.971,1.000,0.974,0.995,0.008,0.021,0.000,0.000,63.000,37.000,0.000,0.975,1.000,0.966,0.998,0.020,0.004,0.000,0.000,73.000,67.000,0.000,0.963,1.000,0.965,1.000,0.037,0.000,0.000,0.000
207,37,35,0.000,0.990,1.000,0.973,1.000,0.007,0.003,0.000,0.000,58,28,0.000,0.971,1.000,0.974,0.995,0.008,0.021,0.000,0.000,63.000,37.000,0.000,0.975,1.000,0.966,0.998,0.020,0.004,0.000,0.000,73.000,67.000,0.000,0.963,1.000,0.965,1.000,0.037,0.000,0.000,0.000
208,37,35,0.000,0.990,1.000,0.973,1.000,0.007,0.003,0.000,0.000,58,28,0.000,0.971,1.000,0.974,0.995,0.008,0.021,0.000,0.000,63.000,37.000,0.000,0.975,1.000,0.966,0.998,0.020,0.004,0.000,0.000,73.000,67.000,0.000,0.963,1.000,0.965,1.000,0.037,0.000,0.000,0.000
209,37,35,0.000,0.990,1.000,0.973,1.000,0.007,0.003,0.000,0.000,58,28,0.000,0.971,1.000,0.974,0.995,0.008,0.021,0.000,0.000,63.000,37.000,0.000,0.975,1.000,0.966,0.998,0.020,0.004,0.000,0.000,73.000,67.000,0.000,0.963,1.000,0.965,1.000,0.037,0.000,0.000,0.000
210,37,35,0.000,0.990,1.000,0.973,1.000,0.007,0.003,0.000,0.000,58,28,0.000,0.971,1.000,0.974,0.995,0.008,0.021,0.000,0.000,63.000,37.000,0.000,0.975,1.000,0.966,0.998,0.020,0.004,0.000,0.000,73.000,67.000,0.000,0.963,1.000,0.965,1.000,0.037,0.000,0.000,0.000
211,37,35,0.000,0.990,1.000,0.973,1.000,0.007,0.003,0.000,0.000,58,28,0.000,0.971,1.000,0.974,0.995,0.008,0.021,0.000,0.000,63.000,37.000,0.000,0.975,1.000,0.966,0.998,0.020,0.004,0.000,0.000,73.000,67.000,0.000,0.963,1.000,0.965,1.000,0.037,0.000,0.000,0.000
212,37,35,0.000,0.990,1.000,0.973,1.000,0.007,0.003,0.000,0.000,58,28,0.000,0.971,1.000,0.974,0.995,0.008,0.021,0.000,0.000,63.000,37.000,0.000,0.975,1.000,0.966,0.998,0.020,0.004,0.000,0.000,73.000,67.000,0.000,0.963,1.000,0.965,1.000,0.037,0.000,0.000,0.000
213,37,35,0.000,0.990,1.000,0.973,1.000,0.007,0.003,0.000,0.000,58,28,0.000,0.971,1.000,0.974,0.995,0.008,0.021,0.000,0.000,63.000,37.000,0.000,0.975,1.000,0.966,0.998,0.020,0.004,0.000,0.000,73.000,67.000,0.000,0.963,1.000,0.965,1.000,0.037,0.000,0.000,0.000
214,37,35,0.000,0.990,1.000,0.973,1.000,0.007,0.003,0.000,0.000,58,28,0.000,0.971,1.000,0.974,0.995,0.008,0.021,0.000,0.000,63.000,37.000,0.000,0.975,1.000,0.966,0.998,0.020,0.004,0.000,0.000,73.000,67.000,0.000,0.963,1.000,0.965,1.000,0.037,0.000,0.000,0.000
215,37,35,0.000,0.990,1.000,0.973,1.000,0.007,0.003,0.000,0.000,58,28,0.000,0.971,1.000,0.974,0.995,0.008,0.021,0.000,0.000,63.000,37.000,0.000,0.975,1.000,0.966,0.998,0.020,0.004,0.000,0.000,73.000,67.000,0.000,0.963,1.000,0.965,1.000,0.037,0.000,0.000,0.000
216,37,35,0.000,0.990,1.000,0.973,1.000,0.007,0.003,0.000,0.000,58,28,0.000,0.971,1.000,0.974,0.995,0.008,0.021,0.000,0.000,63.000,37.000,0.000,0.975,1.000,0.966,0.998,0.020,0.004,0.000,0.000,73.000,67.000,0.000,0.963,1.000,0.965,1.000,0.037,0.000,0.000,0.000
217,37,35,0.000,0.990,1.000,0.973,1.000,0.007,0.003,0.000,0.000,58,28,0.000,0.971,1.000,0.974,0.995,0.008,0.021,0.000,0.000,63.000,37.000,0.000,0.975,1.000,0.966,0.998,0.020,0.004,0.000,0.000,73.000,67.000,0.000,0.963,1.000,0.965,1.000,0.037,0.000,0.000,0.000
218,37,35,0.000,0.990,1.000,0.973,1.000,0.007,0.003,0.000,0.000,58,28,0.000,0.971,1.000,0.974,0.995,0.008,0.021,0.000,0.000,63.000,37.000,0.000,0.975,1.000,0.966,0.998,0.020,0.004,0.000,0.000,73.000,67.000,0.000,0.963,1.000,0.965,1.000,0.037,0.000,0.000,0.000
219,37,35,0.000,0.990,1.000,0.973,1.000,0.007,0.003,0.000,0.000,58,28,0.000,0.971,1.000,0.974,0.995,0.008,0.021,0.000,0.000,63.000,37.000,0.000,0.975,1.000,0.966,0.998,0.020,0.004,0.000,0.000,73.000,67.000,0.000,0.963,1.000,0.965,1.000,0.037,0.000,0.000,0.000
220,37,35,0.000,0.990,1.000,0.973,1.000,0.007,0.003,0.000,0.000,58,28,0.000,0.971,1.000,0.974,0.995,0.008,0.021,0.000,0.000,63.000,37.000,0.000,0.975,1.000,0.966,0.998,0.020,0.004,0.000,0.000,73.000,67.000,0.000,0.963,1.000,0.965,1.000,0.037,0.000,0.000,0.000
221,37,35,0.000,0.990,1.000,0.973,1.000,0.007,0.003,0.000,0.000,58,28,0.000,0.971,1.000,0.974,0.995,0.008,0.021,0.000,0.000,63.000,37.000,0.000,0.975,1.000,0.966,0.998,0.020,0.004,0.000,0.000,73.000,67.000,0.000,0.963,1.000,0.965,1.000,0.037,0.000,0.000,0.000
222,37,35,0.000,0.990,1.000,0.973,1.000,0.007,0.003,0.000,0.000,58,28,0.000,0.971,1.000,0.974,0.995,0.008,0.021,0.000,0.000,63.000,37.000,0.000,0.975,1.000,0.966,0.998,0.020,0.004,0.000,0.000,73.000,67.000,0.000,0.963,1.000,0.965,1.000,0.037,0.000,0.000,0.000
223,37,35,0.000,0.990,1.000,0.973,1.000,0.007,0.003,0.000,0.000,58,28,0.000,0.971,1.000,0.974,0.995,0.008,0.021,0.000,0.000,63.000,37.000,0.000,0.975,1.000,0.966,0.998,0.020,0.004,0.000,0.000,73.000,67.000,0.000,0.963,1.000,0.965,1.000,0.037,0.000,0.000,0.000
224,37,35,0.000,0.990,1.000,0.973,1.000,0.007,0.003,0.000,0.000,58,28,0.000,0.971,1.000,0.974,0.995,0.008,0.021,0.000,0.000,63.000,37.000,0.000,0.975,1.000,0.966,0.998,0.020,0.004,0.000,0.000,73.000,67.000,0.000,0.963,1.000,0.965,1.000,0.037,0.000,0.000,0.000
225,37,35,0.000,0.990,1.000,0.973,1.000,0.007,0.003,0.000,0.000,58,28,0.000,0.971,1.000,0.974,0.995,0.008,0.021,0.000,0.000,63.000,37.000,0.000,0.975,1.000,0.966,0.998,0.020,0.004,0.000,0.000,73.000,67.000,0.000,0.963,1.000,0.965,1.000,0.037,0.000,0.000,0.000
226,37,35,0.000,0.990,1.000,0.973,1.000,0.007,0.003,0.000,0.000,58,28,0.000,0.971,1.000,0.974,0.995,0.008,0.021,0.000,0.000,63.000,37.000,0.000,0.975,1.000,0.966,0.998,0.020,0.004,0.000,0.000,73.000,67.000,0.000,0.963,1.000,0.965,1.000,0.037,0.000,0.000,0.000
227,37,35,0.000,0.990,1.000,0.973,1.000,0.007,0.003,0.000,0.000,58,28,0.000,0.971,1.000,0.974,0.995,0.008,0.021,0.000,0.000,63.000,37.000,0.000,0.975,1.000,0.966,0.998,0.020,0.004,0.000,0.000,73.000,67.000,0.000,0.963,1.000,0.965,1.000,0.037,0.000,0.000,0.000
228,37,35,0.000,0.990,1.000,0.973,1.000,0.007,0.003,0.000,0.000,58,28,0.000,0.971,1.000,0.974,0.995,0.008,0.021,0.000,0.000,63.000,37.000,0.000,0.975,1.000,0.966,0.998,0.020,0.004,0.000,0.000,73.000,67.000,0.000,0.963,1.000,0.965,1.000,0.037,0.000,0.000,0.000
229,37,35,0.000,0.990,1.000,0.973,1.000,0.007,0.003,0.000,0.000,58,28,0.000,0.971,1.000,0.974,0.995,0.008,0.021,0.000,0.000,63.000,37.000,0.000,0.975,1.000,0.966,0.998,0.020,0.004,0.000,0.000,73.000,67.000,0.000,0.963,1.000,0.965,1.000,0.037,0.000,0.000,0.000
230,37,35,0.000,0.990,1.000,0.973,1.000,0.007,0.003,0.000,0.000,58,28,0.000,0.971,1.000,0.974,0.995,0.008,0.021,0.000,0.000,63.000,37.000,0.000,0.975,1.000,0.966,0.998,0.020,0.004,0.000,0.000,73.000,67.000,0.000,0.963,1.000,0.965,1.000,0.037,0.000,0.000,0.000
231,37,35,0.000,0.990,1.000,0.973,1.000,0.007,0.003,0.000,0.000,58,28,0.000,0.971,1.000,0.974,0.995,0.008,0.021,0.000,0.000,63.000,37.000,0.000,0.975,1.000,0.966,0.998,0.020,0.004,0.000,0.000,73.000,67.000,0.000,0.963,1.000,0.965,1.000,0.037,0.000,0.000,0.000
232,37,35,0.000,0.990,1.000,0.973,1.000,0.007,0.003,0.000,0.000,58,28,0.000,0.971,1.000,0.974,0.995,0.008,0.021,0.000,0.000,63.000,37.000,0.000,0.975,1.000,0.966,0.998,0.020,0.004,0.000,0.000,73.000,67.000,0.000,0.963,1.000,0.965,1.000,0.037,0.000,0.000,0.000
233,37,35,0.000,0.990,1.000,0.973,1.000,0.007,0.003,0.000,0.000,58,28,0.000,0.971,1.000,0.974,0.995,0.008,0.021,0.000,0.000,63.000,37.000,0.000,0.975,1.000,0.966,0.998,0.020,0.004,0.000,0.000,73.000,67.000,0.000,0.963,1.000,0.965,1.000,0.037,0.000,0.000,0.000
234,37,35,0.000,0.990,1.000,0.973,1.000,0.007,0.003,0.000,0.000,58,28,0.000,0.971,1.000,0.974,0.995,0.008,0.021,0.000,0.000,63.000,37.000,0.000,0.975,1.000,0.966,0.998,0.020,0.004,0.000,0.000,74.000,28.000,0.000,0.993,1.000,0.980,0.981,0.006,0.001,0.000,0.000
235,37,35,0.000,0.990,1.000,0.973,1.000,0.007,0.003,0.000,0.000,58,28,0.000,0.971,1.000,0.974,0.995,0.008,0.021,0.000,0.000,63.000,37.000,0.000,0.975,1.000,0.966,0.998,0.020,0.004,0.000,0.000,74.000,28.000,0.000,0.993,1.000,0.980,0.981,0.006,0.001,0.000,0.000
236,37,35,0.000,0.990,1.000,0.973,1.000,0.007,0.003,0.000,0.000,58,28,0.000,0.971,1.000,0.974,0.995,0.008,0.021,0.000,0.000,63.000,37.000,0.000,0.975,1.000,0.966,0.998,0.020,0.004,0.000,0.000,74.000,28.000,0.000,0.993,1.000,0.980,0.981,0.006,0.001,0.000,0.000
237,37,35,0.000,0.990,1.000,0.973,1.000,0.007,0.003,0.000,0.000,58,28,0.000,0.971,1.000,0.974,0.995,0.008,0.021,0.000,0.000,63.000,37.000,0.000,0.975,1.000,0.966,0.998,0.020,0.004,0.000,0.000,74.000,28.000,0.000,0.993,1.000,0.980,0.981,0.006,0.001,0.000,0.000
238,37,35,0.000,0.990,1.000,0.973,1.000,0.007,0.003,0.000,0.000,58,28,0.000,0.971,1.000,0.974,0.995,0.008,0.021,0.000,0.000,63.000,37.000,0.000,0.975,1.000,0.966,0.998,0.020,0.004,0.000,0.000,74.000,28.000,0.000,0.993,1.000,0.980,0.981,0.006,0.001,0.000,0.000
239,37,35,0.000,0.990,1.000,0.973,1.000,0.007,0.003,0.000,0.000,58,28,0.000,0.971,1.000,0.974,0.995,0.008,0.021,0.000,0.000,63.000,37.000,0.000,0.975,1.000,0.966,0.998,0.020,0.004,0.000,0.000,74.000,28.000,0.000,0.993,1.000,0.980,0.981,0.006,0.001,0.000,0.000
240,37,35,0.000,0.990,1.000,0.973,1.000,0.007,0.003,0.000,0.000,58,28,0.000,0.971,1.000,0.974,0.995,0.008,0.021,0.000,0.000,63.000,37.000,0.000,0.975,1.000,0.966,0.998,0.020,0.004,0.000,0.000,74.000,28.000,0.000,0.993,1.000,0.980,0.981,0.006,0.001,0.000,0.000
241,37,35,0.000,0.990,1.000,0.973,1.000,0.007,0.003,0.000,0.000,58,28,0.000,0.971,1.000,0.974,0.995,0.008,0.021,0.000,0.000,63.000,37.000,0.000,0.975,1.000,0.966,0.998,0.020,0.004,0.000,0.000,74.000,28.000,0.000,0.993,1.000,0.980,0.981,0.006,0.001,0.000,0.000
242,37,35,0.000,0.990,1.000,0.973,1.000,0.007,0.003,0.000,0.000,58,28,0.000,0.971,1.000,0.974,0.995,0.008,0.021,0.000,0.000,63.000,37.000,0.000,0.975,1.000,0.966,0.998,0.020,0.004,0.000,0.000,74.000,28.000,0.000,0.993,1.000,0.980,0.981,0.006,0.001,0.000,0.000
243,37,35,0.000,0.990,1.000,0.973,1.000,0.007,0.003,0.000,0.000,58,28,0.000,0.971,1.000,0.974,0.995,0.008,0.021,0.000,0.000,63.000,37.000,0.000,0.975,1.000,0.966,0.998,0.020,0.004,0.000,0.000,74.000,28.000,0.000,0.993,1.000,0.980,0.981,0.006,0.001,0.000,0.000
244,37,35,0.000,0.990,1.000,0.973,1.000,0.007,0.003,0.000,0.000,58,28,0.000,0.971,1.000,0.974,0.995,0.008,0.021,0.000,0.000,63.000,37.000,0.000,0.975,1.000,0.966,0.998,0.020,0.004,0.000,0.000,74.000,28.000,0.000,0.993,1.000,0.980,0.981,0.006,0.001,0.000,0.000
245,37,35,0.000,0.990,1.000,0.973,1.000,0.007,0.003,0.000,0.000,58,28,0.000,0.971,1.000,0.974,0.995,0.008,0.021,0.000,0.000,63.000,37.000,0.000,0.975,1.000,0.966,0.998,0.020,0.004,0.000,0.000,74.000,28.000,0.000,0.993,1.000,0.980,0.981,0.006,0.001,0.000,0.000
246,37,35,0.000,0.990,1.000,0.973,1.000,0.007,0.003,0.000,0.000,58,28,0.000,0.971,1.000,0.974,0.995,0.008,0.021,0.000,0.000,63.000,37.000,0.000,0.975,1.000,0.966,0.998,0.020,0.004,0.000,0.000,74.000,28.000,0.000,0.993,1.000,0.980,0.981,0.006,0.001,0.000,0.000
247,37,35,0.000,0.990,1.000,0.973,1.000,0.007,0.003,0.000,0.000,58,28,0.000,0.971,1.000,0.974,0.995,0.008,0.021,0.000,0.000,63.000,37.000,0.000,0.975,1.000,0.966,0.998,0.020,0.004,0.000,0.000,74.000,28.000,0.000,0.993,1.000,0.980,0.981,0.006,0.001,0.000,0.000
248,37,35,0.000,0.990,1.000,0.973,1.000,0.007,0.003,0.000,0.000,58,28,0.000,0.971,1.000,0.974,0.995,0.008,0.021,0.000,0.000,63.000,37.000,0.000,0.975,1.000,0.966,0.998,0.020,0.004,0.000,0.000,74.000,28.000,0.000,0.993,1.000,0.980,0.981,0.006,0.001,0.000,0.000
249,37,35,0.000,0.990,1.000,0.973,1.000,0.007,0.003,0.000,0.000,58,28,0.000,0.971,1.000,0.974,0.995,0.008,0.021,0.000,0.000,63.000,37.000,0.000,0.975,1.000,0.966,0.998,0.020,0.004,0.000,0.000,74.000,28.000,0.000,0.993,1.000,0.980,0.981,0.006,0.001,0.000,0.000
250,37,35,0.000,0.990,1.000,0.973,1.000,0.007,0.003,0.000,0.000,58,28,0.000,0.971,1.000,0.974,0.995,0.008,0.021,0.000,0.000,63.000,37.000,0.000,0.975,1.000,0.966,0.998,0.020,0.004,0.000,0.000,74.000,28.000,0.000,0.993,1.000,0.980,0.981,0.006,0.001,0.000,0.000
251,37,35,0.000,0.990,1.000,0.973,1.000,0.007,0.003,0.000,0.000,58,28,0.000,0.971,1.000,0.974,0.995,0.008,0.021,0.000,0.000,63.000,37.000,0.000,0.975,1.000,0.966,0.998,0.020,0.004,0.000,0.000,74.000,28.000,0.000,0.993,1.000,0.980,0.981,0.006,0.001,0.000,0.000
252,37,35,0.000,0.990,1.000,0.973,1.000,0.007,0.003,0.000,0.000,58,28,0.000,0.971,1.000,0.974,0.995,0.008,0.021,0.000,0.000,63.000,37.000,0.000,0.975,1.000,0.966,0.998,0.020,0.004,0.000,0.000,74.000,28.000,0.000,0.993,1.000,0.980,0.981,0.006,0.001,0.000,0.000
253,37,35,0.000,0.990,1.000,0.973,1.000,0.007,0.003,0.000,0.000,58,28,0.000,0.971,1.000,0.974,0.995,0.008,0.021,0.000,0.000,63.000,37.000,0.000,0.975,1.000,0.966,0.998,0.020,0.004,0.000,0.000,74.000,28.000,0.000,0.993,1.000,0.980,0.981,0.006,0.001,0.000,0.000
254,37,35,0.000,0.990,1.000,0.973,1.000,0.007,0.003,0.000,0.000,58,28,0.000,0.971,1.000,0.974,0.995,0.008,0.021,0.000,0.000,63.000,37.000,0.000,0.975,1.000,0.966,0.998,0.020,0.004,0.000,0.000,74.000,28.000,0.000,0.993,1.000,0.980,0.981,0.006,0.001,0.000,0.000
255,37,35,0.000,0.990,1.000,0.973,1.000,0.007,0.003,0.000,0.000,58,28,0.000,0.971,1.000,0.974,0.995,0.008,0.021,0.000,0.000,63.000,37.000,0.000,0.975,1.000,0.966,0.998,0.020,0.004,0.000,0.000,74.000,28.000,0.000,0.993,1.000,0.980,0.981,0.006,0.001,0.000,0.000
256,37,35,0.000,0.990,1.000,0.973,1.000,0.007,0.003,0.000,0.000,58,28,0.000,0.971,1.000,0.974,0.995,0.008,0.021,0.000,0.000,63.000,37.000,0.000,0.975,1.000,0.966,0.998,0.020,0.004,0.000,0.000,74.000,28.000,0.000,0.993,1.000,0.980,0.981,0.006,0.001,0.000,0.000
257,37,35,0.000,0.990,1.000,0.973,1.000,0.007,0.003,0.000,0.000,58,28,0.000,0.971,1.000,0.974,0.995,0.008,0.021,0.000,0.000,63.000,37.000,0.000,0.975,1.000,0.966,0.998,0.020,0.004,0.000,0.000,74.000,28.000,0.000,0.993,1.000,0.980,0.981,0.006,0.001,0.000,0.000
258,37,35,0.000,0.990,1.000,0.973,1.000,0.007,0.003,0.000,0.000,58,28,0.000,0.971,1.000,0.974,0.995,0.008,0.021,0.000,0.000,63.000,37.000,0.000,0.975,1.000,0.966,0.998,0.020,0.004,0.000,0.000,74.000,28.000,0.000,0.993,1.000,0.980,0.981,0.006,0.001,0.000,0.000
259,37,35,0.000,0.990,1.000,0.973,1.000,0.007,0.003,0.000,0.000,58,28,0.000,0.971,1.000,0.974,0.995,0.008,0.021,0.000,0.000,63.000,37.000,0.000,0.975,1.000,0.966,0.998,0.020,0.004,0.000,0.000,74.000,28.000,0.000,0.993,1.000,0.980,0.981,0.006,0.001,0.000,0.000
260,37,35,0.000,0.990,1.000,0.973,1.000,0.007,0.003,0.000,0.000,58,28,0.000,0.971,1.000,0.974,0.995,0.008,0.021,0.000,0.000,63.000,37.000,0.000,0.975,1.000,0.966,0.998,0.020,0.004,0.000,0.000,74.000,28.000,0.000,0.993,1.000,0.980,0.981,0.006,0.001,0.000,0.000
261,37,35,0.000,0.990,1.000,0.973,1.000,0.007,0.003,0.000,0.000,58,28,0.000,0.971,1.000,0.974,0.995,0.008,0.021,0.000,0.000,63.000,37.000,0.000,0.975,1.000,0.966,0.998,0.020,0.004,0.000,0.000,74.000,28.000,0.000,0.993,1.000,0.980,0.981,0.006,0.001,0.000,0.000
262,37,35,0.000,0.990,1.000,0.973,1.000,0.007,0.003,0.000,0.000,58,28,0.000,0.971,1.000,0.974,0.995,0.008,0.021,0.000,0.000,63.000,37.000,0.000,0.975,1.000,0.966,0.998,0.020,0.004,0.000,0.000,74.000,28.000,0.000,0.993,1.000,0.980,0.981,0.006,0.001,0.000,0.000
263,37,35,0.000,0.990,1.000,0.973,1.000,0.007,0.003,0.000,0.000,58,28,0.000,0.971,1.000,0.974,0.995,0.008,0.021,0.000,0.000,63.000,37.000,0.000,0.975,1.000,0.966,0.998,0.020,0.004,0.000,0.000,74.000,28.000,0.000,0.993,1.000,0.980,0.981,0.006,0.001,0.000,0.000
264,37,35,0.000,0.990,1.000,0.973,1.000,0.007,0.003,0.000,0.000,58,28,0.000,0.971,1.000,0.974,0.995,0.008,0.021,0.000,0.000,63.000,37.000,0.000,0.975,1.000,0.966,0.998,0.020,0.004,0.000,0.000,74.000,28.000,0.000,0.993,1.000,0.980,0.981,0.006,0.001,0.000,0.000
265,37,35,0.000,0.990,1.000,0.973,1.000,0.007,0.003,0.000,0.000,58,28,0.000,0.971,1.000,0.974,0.995,0.008,0.021,0.000,0.000,63.000,37.000,0.000,0.975,1.000,0.966,0.998,0.020,0.004,0.000,0.000,74.000,28.000,0.000,0.993,1.000,0.980,0.981,0.006,0.001,0.000,0.000
266,37,35,0.000,0.990,1.000,0.973,1.000,0.007,0.003,0.000,0.000,58,28,0.000,0.971,1.000,0.974,0.995,0.008,0.021,0.000,0.000,63.000,37.000,0.000,0.975,1.000,0.966,0.998,0.020,0.004,0.000,0.000,74.000,28.000,0.000,0.993,1.000,0.980,0.981,0.006,0.001,0.000,0.000
267,37,35,0.000,0.990,1.000,0.973,1.000,0.007,0.003,0.000,0.000,89,37,0.000,0.987,1.000,0.985,0.992,0.009,0.004,0.000,0.000,109.000,103.000,0.000,0.998,1.000,0.972,0.996,0.002,0.000,0.000,0.000,129.000,112.000,0.000,1.000,1.000,0.961,0.961,0.000,0.000,0.000,0.000
268,37,35,0.000,0.990,1.000,0.973,1.000,0.007,0.003,0.000,0.000,109,103,0.000,0.998,1.000,0.972,0.996,0.002,0.000,0.000,0.000,215.000,192.000,0.000,0.982,0.999,0.990,0.993,0.010,0.008,0.000,0.001,,,,,,,,,,,
269,37,35,0.000,0.990,1.000,0.973,1.000,0.007,0.003,0.000,0.000,109,103,0.000,0.998,1.000,0.972,0.996,0.002,0.000,0.000,0.000,215.000,192.000,0.000,0.982,0.999,0.990,0.993,0.010,0.008,0.000,0.001,,,,,,,,,,,
270,37,35,0.000,0.990,1.000,0.973,1.000,0.007,0.003,0.000,0.000,109,103,0.000,0.998,1.000,0.972,0.996,0.002,0.000,0.000,0.000,215.000,192.000,0.000,0.982,0.999,0.990,0.993,0.010,0.008,0.000,0.001,,,,,,,,,,,
271,37,35,0.000,0.990,1.000,0.973,1.000,0.007,0.003,0.000,0.000,109,103,0.000,0.998,1.000,0.972,0.996,0.002,0.000,0.000,0.000,215.000,192.000,0.000,0.982,0.999,0.990,0.993,0.010,0.008,0.000,0.001,,,,,,,,,,,
272,37,35,0.000,0.990,1.000,0.973,1.000,0.007,0.003,0.000,0.000,109,103,0.000,0.998,1.000,0.972,0.996,0.002,0.000,0.000,0.000,215.000,192.000,0.000,0.982,0.999,0.990,0.993,0.010,0.008,0.000,0.001,,,,,,,,,,,
273,37,35,0.000,0.990,1.000,0.973,1.000,0.007,0.003,0.000,0.000,215,192,0.000,0.982,0.999,0.990,0.993,0.010,0.008,0.000,0.001,,,,,,,,,,,,,,,,,,,,,,
274,37,35,0.000,0.990,1.000,0.973,1.000,0.007,0.003,0.000,0.000,215,192,0.000,0.982,0.999,0.990,0.993,0.010,0.008,0.000,0.001,,,,,,,,,,,,,,,,,,,,,,
275,37,35,0.000,0.990,1.000,0.973,1.000,0.007,0.003,0.000,0.000,215,192,0.000,0.982,0.999,0.990,0.993,0.010,0.008,0.000,0.001,,,,,,,,,,,,,,,,,,,,,,
276,37,35,0.000,0.990,1.000,0.973,1.000,0.007,0.003,0.000,0.000,215,192,0.000,0.982,0.999,0.990,0.993,0.010,0.008,0.000,0.001,,,,,,,,,,,,,,,,,,,,,,
277,37,35,0.000,0.990,1.000,0.973,1.000,0.007,0.003,0.000,0.000,215,192,0.000,0.982,0.999,0.990,0.993,0.010,0.008,0.000,0.001,,,,,,,,,,,,,,,,,,,,,,
278,37,35,0.000,0.990,1.000,0.973,1.000,0.007,0.003,0.000,0.000,215,192,0.000,0.982,0.999,0.990,0.993,0.010,0.008,0.000,0.001,,,,,,,,,,,,,,,,,,,,,,
279,37,35,0.000,0.990,1.000,0.973,1.000,0.007,0.003,0.000,0.000,215,192,0.000,0.982,0.999,0.990,0.993,0.010,0.008,0.000,0.001,,,,,,,,,,,,,,,,,,,,,,
280,37,35,0.000,0.990,1.000,0.973,1.000,0.007,0.003,0.000,0.000,215,192,0.000,0.982,0.999,0.990,0.993,0.010,0.008,0.000,0.001,,,,,,,,,,,,,,,,,,,,,,
281,37,35,0.000,0.990,1.000,0.973,1.000,0.007,0.003,0.000,0.000,215,192,0.000,0.982,0.999,0.990,0.993,0.010,0.008,0.000,0.001,,,,,,,,,,,,,,,,,,,,,,
282,37,35,0.000,0.990,1.000,0.973,1.000,0.007,0.003,0.000,0.000,215,192,0.000,0.982,0.999,0.990,0.993,0.010,0.008,0.000,0.001,,,,,,,,,,,,,,,,,,,,,,
283,37,35,0.000,0.990,1.000,0.973,1.000,0.007,0.003,0.000,0.000,215,192,0.000,0.982,0.999,0.990,0.993,0.010,0.008,0.000,0.001,,,,,,,,,,,,,,,,,,,,,,
284,37,35,0.000,0.990,1.000,0.973,1.000,0.007,0.003,0.000,0.000,215,192,0.000,0.982,0.999,0.990,0.993,0.010,0.008,0.000,0.001,,,,,,,,,,,,,,,,,,,,,,
285,37,35,0.000,0.990,1.000,0.973,1.000,0.007,0.003,0.000,0.000,215,192,0.000,0.982,0.999,0.990,0.993,0.010,0.008,0.000,0.001,,,,,,,,,,,,,,,,,,,,,,
286,37,35,0.000,0.990,1.000,0.973,1.000,0.007,0.003,0.000,0.000,215,192,0.000,0.982,0.999,0.990,0.993,0.010,0.008,0.000,0.001,,,,,,,,,,,,,,,,,,,,,,
287,37,35,0.000,0.990,1.000,0.973,1.000,0.007,0.003,0.000,0.000,215,192,0.000,0.982,0.999,0.990,0.993,0.010,0.008,0.000,0.001,,,,,,,,,,,,,,,,,,,,,,
288,37,35,0.000,0.990,1.000,0.973,1.000,0.007,0.003,0.000,0.000,215,192,0.000,0.982,0.999,0.990,0.993,0.010,0.008,0.000,0.001,,,,,,,,,,,,,,,,,,,,,,
289,37,35,0.000,0.990,1.000,0.973,1.000,0.007,0.003,0.000,0.000,215,192,0.000,0.982,0.999,0.990,0.993,0.010,0.008,0.000,0.001,290.000,37.000,0.000,0.987,1.000,0.965,0.997,0.013,0.000,0.000,0.000,,,,,,,,,,,
290,37,35,0.000,0.990,1.000,0.973,1.000,0.007,0.003,0.000,0.000,215,192,0.000,0.982,0.999,0.990,0.993,0.010,0.008,0.000,0.001,290.000,37.000,0.000,0.987,1.000,0.965,0.997,0.013,0.000,0.000,0.000,,,,,,,,,,,
291,37,35,0.000,0.990,1.000,0.973,1.000,0.007,0.003,0.000,0.000,215,192,0.000,0.982,0.999,0.990,0.993,0.010,0.008,0.000,0.001,290.000,37.000,0.000,0.987,1.000,0.965,0.997,0.013,0.000,0.000,0.000,,,,,,,,,,,
292,37,35,0.000,0.990,1.000,0.973,1.000,0.007,0.003,0.000,0.000,215,192,0.000,0.982,0.999,0.990,0.993,0.010,0.008,0.000,0.001,,,,,,,,,,,,,,,,,,,,,,
293,37,35,0.000,0.990,1.000,0.973,1.000,0.007,0.003,0.000,0.000,215,192,0.000,0.982,0.999,0.990,0.993,0.010,0.008,0.000,0.001,,,,,,,,,,,,,,,,,,,,,,
294,37,35,0.000,0.990,1.000,0.973,1.000,0.007,0.003,0.000,0.000,215,192,0.000,0.982,0.999,0.990,0.993,0.010,0.008,0.000,0.001,295.000,215.000,0.000,0.973,0.995,0.996,0.995,0.009,0.018,0.001,0.004,,,,,,,,,,,
295,37,35,0.000,0.990,1.000,0.973,1.000,0.007,0.003,0.000,0.000,215,192,0.000,0.982,0.999,0.990,0.993,0.010,0.008,0.000,0.001,295.000,215.000,0.000,0.973,0.995,0.996,0.995,0.009,0.018,0.001,0.004,296.000,295.000,0.000,0.988,0.993,1.000,1.000,0.002,0.010,0.007,0.000
296,37,35,0.000,0.990,1.000,0.973,1.000,0.007,0.003,0.000,0.000,215,192,0.000,0.982,0.999,0.990,0.993,0.010,0.008,0.000,0.001,295.000,215.000,0.000,0.973,0.995,0.996,0.995,0.009,0.018,0.001,0.004,296.000,295.000,0.000,0.988,0.993,1.000,1.000,0.002,0.010,0.007,0.000
297,37,35,0.000,0.990,1.000,0.973,1.000,0.007,0.003,0.000,0.000,215,192,0.000,0.982,0.999,0.990,0.993,0.010,0.008,0.000,0.001,295.000,215.000,0.000,0.973,0.995,0.996,0.995,0.009,0.018,0.001,0.004,296.000,295.000,0.000,0.988,0.993,1.000,1.000,0.002,0.010,0.007,0.000
298,37,35,0.000,0.990,1.000,0.973,1.000,0.007,0.003,0.000,0.000,215,192,0.000,0.982,0.999,0.990,0.993,0.010,0.008,0.000,0.001,295.000,215.000,0.000,0.973,0.995,0.996,0.995,0.009,0.018,0.001,0.004,296.000,295.000,0.000,0.988,0.993,1.000,1.000,0.002,0.010,0.007,0.000
299,37,35,0.000,0.990,1.000,0.973,1.000,0.007,0.003,0.000,0.000,215,192,0.000,0.982,0.999,0.990,0.993,0.010,0.008,0.000,0.001,295.000,215.000,0.000,0.973,0.995,0.996,0.995,0.009,0.018,0.001,0.004,296.000,295.000,0.000,0.988,0.993,1.000,1.000,0.002,0.010,0.007,0.000
300,37,35,0.000,0.990,1.000,0.973,1.000,0.007,0.003,0.000,0.000,215,192,0.000,0.982,0.999,0.990,0.993,0.010,0.008,0.000,0.001,295.000,215.000,0.000,0.973,0.995,0.996,0.995,0.009,0.018,0.001,0.004,296.000,295.000,0.000,0.988,0.993,1.000,1.000,0.002,0.010,0.007,0.000
301,37,35,0.000,0.990,1.000,0.973,1.000,0.007,0.003,0.000,0.000,215,192,0.000,0.982,0.999,0.990,0.993,0.010,0.008,0.000,0.001,295.000,215.000,0.000,0.973,0.995,0.996,0.995,0.009,0.018,0.001,0.004,296.000,295.000,0.000,0.988,0.993,1.000,1.000,0.002,0.010,0.007,0.000
302,37,35,0.000,0.990,1.000,0.973,1.000,0.007,0.003,0.000,0.000,215,192,0.000,0.982,0.999,0.990,0.993,0.010,0.008,0.000,0.001,295.000,215.000,0.000,0.973,0.995,0.996,0.995,0.009,0.018,0.001,0.004,296.000,295.000,0.000,0.988,0.993,1.000,1.000,0.002,0.010,0.007,0.000
303,37,35,0.000,0.990,1.000,0.973,1.000,0.007,0.003,0.000,0.000,215,192,0.000,0.982,0.999,0.990,0.993,0.010,0.008,0.000,0.001,295.000,215.000,0.000,0.973,0.995,0.996,0.995,0.009,0.018,0.001,0.004,296.000,295.000,0.000,0.988,0.993,1.000,1.000,0.002,0.010,0.007,0.000
304,37,35,0.000,0.990,1.000,0.973,1.000,0.007,0.003,0.000,0.000,215,192,0.000,0.982,0.999,0.990,0.993,0.010,0.008,0.000,0.001,295.000,215.000,0.000,0.973,0.995,0.996,0.995,0.009,0.018,0.001,0.004,296.000,295.000,0.000,0.988,0.993,1.000,1.000,0.002,0.010,0.007,0.000
305,37,35,0.000,0.990,1.000,0.973,1.000,0.007,0.003,0.000,0.000,215,192,0.000,0.982,0.999,0.990,0.993,0.010,0.008,0.000,0.001,295.000,215.000,0.000,0.973,0.995,0.996,0.995,0.009,0.018,0.001,0.004,296.000,295.000,0.000,0.988,0.993,1.000,1.000,0.002,0.010,0.007,0.000
306,37,35,0.000,0.990,1.000,0.973,1.000,0.007,0.003,0.000,0.000,215,192,0.000,0.982,0.999,0.990,0.993,0.010,0.008,0.000,0.001,295.000,215.000,0.000,0.973,0.995,0.996,0.995,0.009,0.018,0.001,0.004,296.000,295.000,0.000,0.988,0.993,1.000,1.000,0.002,0.010,0.007,0.000
307,37,35,0.000,0.990,1.000,0.973,1.000,0.007,0.003,0.000,0.000,215,192,0.000,0.982,0.999,0.990,0.993,0.010,0.008,0.000,0.001,295.000,215.000,0.000,0.973,0.995,0.996,0.995,0.009,0.018,0.001,0.004,296.000,295.000,0.000,0.988,0.993,1.000,1.000,0.002,0.010,0.007,0.000
308,37,35,0.000,0.990,1.000,0.973,1.000,0.007,0.003,0.000,0.000,215,192,0.000,0.982,0.999,0.990,0.993,0.010,0.008,0.000,0.001,295.000,215.000,0.000,0.973,0.995,0.996,0.995,0.009,0.018,0.001,0.004,296.000,295.000,0.000,0.988,0.993,1.000,1.000,0.002,0.010,0.007,0.000
309,37,35,0.000,0.990,1.000,0.973,1.000,0.007,0.003,0.000,0.000,215,192,0.000,0.982,0.999,0.990,0.993,0.010,0.008,0.000,0.001,295.000,215.000,0.000,0.973,0.995,0.996,0.995,0.009,0.018,0.001,0.004,296.000,295.000,0.000,0.988,0.993,1.000,1.000,0.002,0.010,0.007,0.000
310,37,35,0.000,0.990,1.000,0.973,1.000,0.007,0.003,0.000,0.000,215,192,0.000,0.982,0.999,0.990,0.993,0.010,0.008,0.000,0.001,295.000,215.000,0.000,0.973,0.995,0.996,0.995,0.009,0.018,0.001,0.004,296.000,295.000,0.000,0.988,0.993,1.000,1.000,0.002,0.010,0.007,0.000
311,37,35,0.000,0.990,1.000,0.973,1.000,0.007,0.003,0.000,0.000,215,192,0.000,0.982,0.999,0.990,0.993,0.010,0.008,0.000,0.001,295.000,215.000,0.000,0.973,0.995,0.996,0.995,0.009,0.018,0.001,0.004,296.000,295.000,0.000,0.988,0.993,1.000,1.000,0.002,0.010,0.007,0.000
312,37,35,0.000,0.990,1.000,0.973,1.000,0.007,0.003,0.000,0.000,215,192,0.000,0.982,0.999,0.990,0.993,0.010,0.008,0.000,0.001,295.000,215.000,0.000,0.973,0.995,0.996,0.995,0.009,0.018,0.001,0.004,296.000,295.000,0.000,0.988,0.993,1.000,1.000,0.002,0.010,0.007,0.000
313,37,35,0.000,0.990,1.000,0.973,1.000,0.007,0.003,0.000,0.000,215,192,0.000,0.982,0.999,0.990,0.993,0.010,0.008,0.000,0.001,295.000,215.000,0.000,0.973,0.995,0.996,0.995,0.009,0.018,0.001,0.004,296.000,295.000,0.000,0.988,0.993,1.000,1.000,0.002,0.010,0.007,0.000
314,37,35,0.000,0.990,1.000,0.973,1.000,0.007,0.003,0.000,0.000,215,192,0.000,0.982,0.999,0.990,0.993,0.010,0.008,0.000,0.001,295.000,215.000,0.000,0.973,0.995,0.996,0.995,0.009,0.018,0.001,0.004,297.000,295.000,0.000,0.974,1.000,0.984,0.987,0.004,0.022,0.000,0.000
315,37,35,0.000,0.990,1.000,0.973,1.000,0.007,0.003,0.000,0.000,215,192,0.000,0.982,0.999,0.990,0.993,0.010,0.008,0.000,0.001,295.000,215.000,0.000,0.973,0.995,0.996,0.995,0.009,0.018,0.001,0.004,297.000,295.000,0.000,0.974,1.000,0.984,0.987,0.004,0.022,0.000,0.000
316,37,35,0.000,0.990,1.000,0.973,1.000,0.007,0.003,0.000,0.000,215,192,0.000,0.982,0.999,0.990,0.993,0.010,0.008,0.000,0.001,295.000,215.000,0.000,0.973,0.995,0.996,0.995,0.009,0.018,0.001,0.004,297.000,295.000,0.000,0.974,1.000,0.984,0.987,0.004,0.022,0.000,0.000
317,37,35,0.000,0.990,1.000,0.973,1.000,0.007,0.003,0.000,0.000,215,192,0.000,0.982,0.999,0.990,0.993,0.010,0.008,0.000,0.001,295.000,215.000,0.000,0.973,0.995,0.996,0.995,0.009,0.018,0.001,0.004,297.000,295.000,0.000,0.974,1.000,0.984,0.987,0.004,0.022,0.000,0.000
318,37,35,0.000,0.990,1.000,0.973,1.000,0.007,0.003,0.000,0.000,215,192,0.000,0.982,0.999,0.990,0.993,0.010,0.008,0.000,0.001,295.000,215.000,0.000,0.973,0.995,0.996,0.995,0.009,0.018,0.001,0.004,297.000,295.000,0.000,0.974,1.000,0.984,0.987,0.004,0.022,0.000,0.000
319,37,35,0.000,0.990,1.000,0.973,1.000,0.007,0.003,0.000,0.000,215,192,0.000,0.982,0.999,0.990,0.993,0.010,0.008,0.000,0.001,295.000,215.000,0.000,0.973,0.995,0.996,0.995,0.009,0.018,0.001,0.004,297.000,295.000,0.000,0.974,1.000,0.984,0.987,0.004,0.022,0.000,0.000
320,37,35,0.000,0.990,1.000,0.973,1.000,0.007,0.003,0.000,0.000,215,192,0.000,0.982,0.999,0.990,0.993,0.010,0.008,0.000,0.001,297.000,295.000,0.000,0.974,1.000,0.984,0.987,0.004,0.022,0.000,0.000,313.000,312.000,0.000,0.968,0.990,0.985,0.989,0.000,0.032,0.010,0.000
321,37,35,0.000,0.990,1.000,0.973,1.000,0.007,0.003,0.000,0.000,215,192,0.000,0.982,0.999,0.990,0.993,0.010,0.008,0.000,0.001,297.000,295.000,0.000,0.974,1.000,0.984,0.987,0.004,0.022,0.000,0.000,313.000,312.000,0.000,0.968,0.990,0.985,0.989,0.000,0.032,0.010,0.000
322,37,35,0.000,0.990,1.000,0.973,1.000,0.007,0.003,0.000,0.000,215,192,0.000,0.982,0.999,0.990,0.993,0.010,0.008,0.000,0.001,297.000,295.000,0.000,0.974,1.000,0.984,0.987,0.004,0.022,0.000,0.000,313.000,312.000,0.000,0.968,0.990,0.985,0.989,0.000,0.032,0.010,0.000
323,37,35,0.000,0.990,1.000,0.973,1.000,0.007,0.003,0.000,0.000,215,192,0.000,0.982,0.999,0.990,0.993,0.010,0.008,0.000,0.001,297.000,295.000,0.000,0.974,1.000,0.984,0.987,0.004,0.022,0.000,0.000,313.000,312.000,0.000,0.968,0.990,0.985,0.989,0.000,0.032,0.010,0.000
324,37,35,0.000,0.990,1.000,0.973,1.000,0.007,0.003,0.000,0.000,215,192,0.000,0.982,0.999,0.990,0.993,0.010,0.008,0.000,0.001,297.000,295.000,0.000,0.974,1.000,0.984,0.987,0.004,0.022,0.000,0.000,319.000,306.000,0.000,0.977,0.986,0.991,1.000,0.023,0.000,0.000,0.014
325,37,35,0.000,0.990,1.000,0.973,1.000,0.007,0.003,0.000,0.000,215,192,0.000,0.982,0.999,0.990,0.993,0.010,0.008,0.000,0.001,297.000,295.000,0.000,0.974,1.000,0.984,0.987,0.004,0.022,0.000,0.000,319.000,306.000,0.000,0.977,0.986,0.991,1.000,0.023,0.000,0.000,0.014
326,37,35,0.000,0.990,1.000,0.973,1.000,0.007,0.003,0.000,0.000,215,192,0.000,0.982,0.999,0.990,0.993,0.010,0.008,0.000,0.001,297.000,295.000,0.000,0.974,1.000,0.984,0.987,0.004,0.022,0.000,0.000,324.000,319.000,0.000,0.977,0.990,0.971,0.987,0.023,0.000,0.004,0.005
327,37,35,0.000,0.990,1.000,0.973,1.000,0.007,0.003,0.000,0.000,215,192,0.000,0.982,0.999,0.990,0.993,0.010,0.008,0.000,0.001,297.000,295.000,0.000,0.974,1.000,0.984,0.987,0.004,0.022,0.000,0.000,324.000,319.000,0.000,0.977,0.990,0.971,0.987,0.023,0.000,0.004,0.005
328,37,35,0.000,0.990,1.000,0.973,1.000,0.007,0.003,0.000,0.000,215,192,0.000,0.982,0.999,0.990,0.993,0.010,0.008,0.000,0.001,297.000,295.000,0.000,0.974,1.000,0.984,0.987,0.004,0.022,0.000,0.000,324.000,319.000,0.000,0.977,0.990,0.971,0.987,0.023,0.000,0.004,0.005
329,37,35,0.000,0.990,1.000,0.973,1.000,0.007,0.003,0.000,0.000,215,192,0.000,0.982,0.999,0.990,0.993,0.010,0.008,0.000,0.001,297.000,295.000,0.000,0.974,1.000,0.984,0.987,0.004,0.022,0.000,0.000,324.000,319.000,0.000,0.977,0.990,0.971,0.987,0.023,0.000,0.004,0.005
330,37,35,0.000,0.990,1.000,0.973,1.000,0.007,0.003,0.000,0.000,215,192,0.000,0.982,0.999,0.990,0.993,0.010,0.008,0.000,0.001,297.000,295.000,0.000,0.974,1.000,0.984,0.987,0.004,0.022,0.000,0.000,324.000,319.000,0.000,0.977,0.990,0.971,0.987,0.023,0.000,0.004,0.005
331,37,35,0.000,0.990,1.000,0.973,1.000,0.007,0.003,0.000,0.000,215,192,0.000,0.982,0.999,0.990,0.993,0.010,0.008,0.000,0.001,297.000,295.000,0.000,0.974,1.000,0.984,0.987,0.004,0.022,0.000,0.000,324.000,319.000,0.000,0.977,0.990,0.971,0.987,0.023,0.000,0.004,0.005
332,37,35,0.000,0.990,1.000,0.973,1.000,0.007,0.003,0.000,0.000,215,192,0.000,0.982,0.999,0.990,0.993,0.010,0.008,0.000,0.001,297.000,295.000,0.000,0.974,1.000,0.984,0.987,0.004,0.022,0.000,0.000,324.000,319.000,0.000,0.977,0.990,0.971,0.987,0.023,0.000,0.004,0.005
333,37,35,0.000,0.990,1.000,0.973,1.000,0.007,0.003,0.000,0.000,215,192,0.000,0.982,0.999,0.990,0.993,0.010,0.008,0.000,0.001,297.000,295.000,0.000,0.974,1.000,0.984,0.987,0.004,0.022,0.000,0.000,324.000,319.000,0.000,0.977,0.990,0.971,0.987,0.023,0.000,0.004,0.005
334,37,35,0.000,0.990,1.000,0.973,1.000,0.007,0.003,0.000,0.000,215,192,0.000,0.982,0.999,0.990,0.993,0.010,0.008,0.000,0.001,297.000,295.000,0.000,0.974,1.000,0.984,0.987,0.004,0.022,0.000,0.000,324.000,319.000,0.000,0.977,0.990,0.971,0.987,0.023,0.000,0.004,0.005
335,37,35,0.000,0.990,1.000,0.973,1.000,0.007,0.003,0.000,0.000,215,192,0.000,0.982,0.999,0.990,0.993,0.010,0.008,0.000,0.001,297.000,295.000,0.000,0.974,1.000,0.984,0.987,0.004,0.022,0.000,0.000,324.000,319.000,0.000,0.977,0.990,0.971,0.987,0.023,0.000,0.004,0.005
336,37,35,0.000,0.990,1.000,0.973,1.000,0.007,0.003,0.000,0.000,215,192,0.000,0.982,0.999,0.990,0.993,0.010,0.008,0.000,0.001,297.000,295.000,0.000,0.974,1.000,0.984,0.987,0.004,0.022,0.000,0.000,324.000,319.000,0.000,0.977,0.990,0.971,0.987,0.023,0.000,0.004,0.005
337,37,35,0.000,0.990,1.000,0.973,1.000,0.007,0.003,0.000,0.000,215,192,0.000,0.982,0.999,0.990,0.993,0.010,0.008,0.000,0.001,297.000,295.000,0.000,0.974,1.000,0.984,0.987,0.004,0.022,0.000,0.000,324.000,319.000,0.000,0.977,0.990,0.971,0.987,0.023,0.000,0.004,0.005
338,37,35,0.000,0.990,1.000,0.973,1.000,0.007,0.003,0.000,0.000,215,192,0.000,0.982,0.999,0.990,0.993,0.010,0.008,0.000,0.001,297.000,295.000,0.000,0.974,1.000,0.984,0.987,0.004,0.022,0.000,0.000,324.000,319.000,0.000,0.977,0.990,0.971,0.987,0.023,0.000,0.004,0.005
339,37,35,0.000,0.990,1.000,0.973,1.000,0.007,0.003,0.000,0.000,215,192,0.000,0.982,0.999,0.990,0.993,0.010,0.008,0.000,0.001,297.000,295.000,0.000,0.974,1.000,0.984,0.987,0.004,0.022,0.000,0.000,324.000,319.000,0.000,0.977,0.990,0.971,0.987,0.023,0.000,0.004,0.005
340,37,35,0.000,0.990,1.000,0.973,1.000,0.007,0.003,0.000,0.000,215,192,0.000,0.982,0.999,0.990,0.993,0.010,0.008,0.000,0.001,297.000,295.000,0.000,0.974,1.000,0.984,0.987,0.004,0.022,0.000,0.000,328.000,37.000,0.000,0.984,1.000,0.975,0.990,0.015,0.001,0.000,0.000
341,37,35,0.000,0.990,1.000,0.973,1.000,0.007,0.003,0.000,0.000,215,192,0.000,0.982,0.999,0.990,0.993,0.010,0.008,0.000,0.001,297.000,295.000,0.000,0.974,1.000,0.984,0.987,0.004,0.022,0.000,0.000,328.000,37.000,0.000,0.984,1.000,0.975,0.990,0.015,0.001,0.000,0.000
342,37,35,0.000,0.990,1.000,0.973,1.000,0.007,0.003,0.000,0.000,215,192,0.000,0.982,0.999,0.990,0.993,0.010,0.008,0.000,0.001,297.000,295.000,0.000,0.974,1.000,0.984,0.987,0.004,0.022,0.000,0.000,328.000,37.000,0.000,0.984,1.000,0.975,0.990,0.015,0.001,0.000,0.000
343,37,35,0.000,0.990,1.000,0.973,1.000,0.007,0.003,0.000,0.000,215,192,0.000,0.982,0.999,0.990,0.993,0.010,0.008,0.000,0.001,297.000,295.000,0.000,0.974,1.000,0.984,0.987,0.004,0.022,0.000,0.000,328.000,37.000,0.000,0.984,1.000,0.975,0.990,0.015,0.001,0.000,0.000
344,37,35,0.000,0.990,1.000,0.973,1.000,0.007,0.003,0.000,0.000,215,192,0.000,0.982,0.999,0.990,0.993,0.010,0.008,0.000,0.001,297.000,295.000,0.000,0.974,1.000,0.984,0.987,0.004,0.022,0.000,0.000,328.000,37.000,0.000,0.984,1.000,0.975,0.990,0.015,0.001,0.000,0.000
345,37,35,0.000,0.990,1.000,0.973,1.000,0.007,0.003,0.000,0.000,215,192,0.000,0.982,0.999,0.990,0.993,0.010,0.008,0.000,0.001,297.000,295.000,0.000,0.974,1.000,0.984,0.987,0.004,0.022,0.000,0.000,328.000,37.000,0.000,0.984,1.000,0.975,0.990,0.015,0.001,0.000,0.000
346,37,35,0.000,0.990,1.000,0.973,1.000,0.007,0.003,0.000,0.000,215,192,0.000,0.982,0.999,0.990,0.993,0.010,0.008,0.000,0.001,297.000,295.000,0.000,0.974,1.000,0.984,0.987,0.004,0.022,0.000,0.000,328.000,37.000,0.000,0.984,1.000,0.975,0.990,0.015,0.001,0.000,0.000
347,37,35,0.000,0.990,1.000,0.973,1.000,0.007,0.003,0.000,0.000,215,192,0.000,0.982,0.999,0.990,0.993,0.010,0.008,0.000,0.001,297.000,295.000,0.000,0.974,1.000,0.984,0.987,0.004,0.022,0.000,0.000,328.000,37.000,0.000,0.984,1.000,0.975,0.990,0.015,0.001,0.000,0.000
348,37,35,0.000,0.990,1.000,0.973,1.000,0.007,0.003,0.000,0.000,215,192,0.000,0.982,0.999,0.990,0.993,0.010,0.008,0.000,0.001,297.000,295.000,0.000,0.974,1.000,0.984,0.987,0.004,0.022,0.000,0.000,328.000,37.000,0.000,0.984,1.000,0.975,0.990,0.015,0.001,0.000,0.000
349,37,35,0.000,0.990,1.000,0.973,1.000,0.007,0.003,0.000,0.000,215,192,0.000,0.982,0.999,0.990,0.993,0.010,0.008,0.000,0.001,297.000,295.000,0.000,0.974,1.000,0.984,0.987,0.004,0.022,0.000,0.000,328.000,37.000,0.000,0.984,1.000,0.975,0.990,0.015,0.001,0.000,0.000
350,37,35,0.000,0.990,1.000,0.973,1.000,0.007,0.003,0.000,0.000,215,192,0.000,0.982,0.999,0.990,0.993,0.010,0.008,0.000,0.001,297.000,295.000,0.000,0.974,1.000,0.984,0.987,0.004,0.022,0.000,0.000,328.000,37.000,0.000,0.984,1.000,0.975,0.990,0.015,0.001,0.000,0.000
351,37,35,0.000,0.990,1.000,0.973,1.000,0.007,0.003,0.000,0.000,215,192,0.000,0.982,0.999,0.990,0.993,0.010,0.008,0.000,0.001,297.000,295.000,0.000,0.974,1.000,0.984,0.987,0.004,0.022,0.000,0.000,328.000,37.000,0.000,0.984,1.000,0.975,0.990,0.015,0.001,0.000,0.000
352,37,35,0.000,0.990,1.000,0.973,1.000,0.007,0.003,0.000,0.000,215,192,0.000,0.982,0.999,0.990,0.993,0.010,0.008,0.000,0.001,297.000,295.000,0.000,0.974,1.000,0.984,0.987,0.004,0.022,0.000,0.000,328.000,37.000,0.000,0.984,1.000,0.975,0.990,0.015,0.001,0.000,0.000
353,37,35,0.000,0.990,1.000,0.973,1.000,0.007,0.003,0.000,0.000,215,192,0.000,0.982,0.999,0.990,0.993,0.010,0.008,0.000,0.001,297.000,295.000,0.000,0.974,1.000,0.984,0.987,0.004,0.022,0.000,0.000,328.000,37.000,0.000,0.984,1.000,0.975,0.990,0.015,0.001,0.000,0.000
354,37,35,0.000,0.990,1.000,0.973,1.000,0.007,0.003,0.000,0.000,215,192,0.000,0.982,0.999,0.990,0.993,0.010,0.008,0.000,0.001,297.000,295.000,0.000,0.974,1.000,0.984,0.987,0.004,0.022,0.000,0.000,328.000,37.000,0.000,0.984,1.000,0.975,0.990,0.015,0.001,0.000,0.000
355,37,35,0.000,0.990,1.000,0.973,1.000,0.007,0.003,0.000,0.000,215,192,0.000,0.982,0.999,0.990,0.993,0.010,0.008,0.000,0.001,297.000,295.000,0.000,0.974,1.000,0.984,0.987,0.004,0.022,0.000,0.000,328.000,37.000,0.000,0.984,1.000,0.975,0.990,0.015,0.001,0.000,0.000
356,37,35,0.000,0.990,1.000,0.973,1.000,0.007,0.003,0.000,0.000,215,192,0.000,0.982,0.999,0.990,0.993,0.010,0.008,0.000,0.001,297.000,295.000,0.000,0.974,1.000,0.984,0.987,0.004,0.022,0.000,0.000,328.000,37.000,0.000,0.984,1.000,0.975,0.990,0.015,0.001,0.000,0.000
357,37,35,0.000,0.990,1.000,0.973,1.000,0.007,0.003,0.000,0.000,215,192,0.000,0.982,0.999,0.990,0.993,0.010,0.008,0.000,0.001,297.000,295.000,0.000,0.974,1.000,0.984,0.987,0.004,0.022,0.000,0.000,328.000,37.000,0.000,0.984,1.000,0.975,0.990,0.015,0.001,0.000,0.000
358,37,35,0.000,0.990,1.000,0.973,1.000,0.007,0.003,0.000,0.000,215,192,0.000,0.982,0.999,0.990,0.993,0.010,0.008,0.000,0.001,297.000,295.000,0.000,0.974,1.000,0.984,0.987,0.004,0.022,0.000,0.000,328.000,37.000,0.000,0.984,1.000,0.975,0.990,0.015,0.001,0.000,0.000
359,37,35,0.000,0.990,1.000,0.973,1.000,0.007,0.003,0.000,0.000,215,192,0.000,0.982,0.999,0.990,0.993,0.010,0.008,0.000,0.001,297.000,295.000,0.000,0.974,1.000,0.984,0.987,0.004,0.022,0.000,0.000,328.000,37.000,0.000,0.984,1.000,0.975,0.990,0.015,0.001,0.000,0.000
360,37,35,0.000,0.990,1.000,0.973,1.000,0.007,0.003,0.000,0.000,215,192,0.000,0.982,0.999,0.990,0.993,0.010,0.008,0.000,0.001,297.000,295.000,0.000,0.974,1.000,0.984,0.987,0.004,0.022,0.000,0.000,328.000,37.000,0.000,0.984,1.000,0.975,0.990,0.015,0.001,0.000,0.000
361,37,35,0.000,0.990,1.000,0.973,1.000,0.007,0.003,0.000,0.000,215,192,0.000,0.982,0.999,0.990,0.993,0.010,0.008,0.000,0.001,297.000,295.000,0.000,0.974,1.000,0.984,0.987,0.004,0.022,0.000,0.000,328.000,37.000,0.000,0.984,1.000,0.975,0.990,0.015,0.001,0.000,0.000
362,37,35,0.000,0.990,1.000,0.973,1.000,0.007,0.003,0.000,0.000,215,192,0.000,0.982,0.999,0.990,0.993,0.010,0.008,0.000,0.001,297.000,295.000,0.000,0.974,1.000,0.984,0.987,0.004,0.022,0.000,0.000,328.000,37.000,0.000,0.984,1.000,0.975,0.990,0.015,0.001,0.000,0.000
363,37,35,0.000,0.990,1.000,0.973,1.000,0.007,0.003,0.000,0.000,215,192,0.000,0.982,0.999,0.990,0.993,0.010,0.008,0.000,0.001,297.000,295.000,0.000,0.974,1.000,0.984,0.987,0.004,0.022,0.000,0.000,328.000,37.000,0.000,0.984,1.000,0.975,0.990,0.015,0.001,0.000,0.000
364,37,35,0.000,0.990,1.000,0.973,1.000,0.007,0.003,0.000,0.000,215,192,0.000,0.982,0.999,0.990,0.993,0.010,0.008,0.000,0.001,297.000,295.000,0.000,0.974,1.000,0.984,0.987,0.004,0.022,0.000,0.000,328.000,37.000,0.000,0.984,1.000,0.975,0.990,0.015,0.001,0.000,0.000
365,37,35,0.000,0.990,1.000,0.973,1.000,0.007,0.003,0.000,0.000,215,192,0.000,0.982,0.999,0.990,0.993,0.010,0.008,0.000,0.001,297.000,295.000,0.000,0.974,1.000,0.984,0.987,0.004,0.022,0.000,0.000,328.000,37.000,0.000,0.984,1.000,0.975,0.990,0.015,0.001,0.000,0.000
366,37,35,0.000,0.990,1.000,0.973,1.000,0.007,0.003,0.000,0.000,215,192,0.000,0.982,0.999,0.990,0.993,0.010,0.008,0.000,0.001,297.000,295.000,0.000,0.974,1.000,0.984,0.987,0.004,0.022,0.000,0.000,328.000,37.000,0.000,0.984,1.000,0.975,0.990,0.015,0.001,0.000,0.000
367,37,35,0.000,0.990,1.000,0.973,1.000,0.007,0.003,0.000,0.000,215,192,0.000,0.982,0.999,0.990,0.993,0.010,0.008,0.000,0.001,297.000,295.000,0.000,0.974,1.000,0.984,0.987,0.004,0.022,0.000,0.000,328.000,37.000,0.000,0.984,1.000,0.975,0.990,0.015,0.001,0.000,0.000
368,37,35,0.000,0.990,1.000,0.973,1.000,0.007,0.003,0.000,0.000,215,192,0.000,0.982,0.999,0.990,0.993,0.010,0.008,0.000,0.001,297.000,295.000,0.000,0.974,1.000,0.984,0.987,0.004,0.022,0.000,0.000,328.000,37.000,0.000,0.984,1.000,0.975,0.990,0.015,0.001,0.000,0.000
369,37,35,0.000,0.990,1.000,0.973,1.000,0.007,0.003,0.000,0.000,215,192,0.000,0.982,0.999,0.990,0.993,0.010,0.008,0.000,0.001,297.000,295.000,0.000,0.974,1.000,0.984,0.987,0.004,0.022,0.000,0.000,328.000,37.000,0.000,0.984,1.000,0.975,0.990,0.015,0.001,0.000,0.000
370,37,35,0.000,0.990,1.000,0.973,1.000,0.007,0.003,0.000,0.000,215,192,0.000,0.982,0.999,0.990,0.993,0.010,0.008,0.000,0.001,297.000,295.000,0.000,0.974,1.000,0.984,0.987,0.004,0.022,0.000,0.000,328.000,37.000,0.000,0.984,1.000,0.975,0.990,0.015,0.001,0.000,0.000
371,37,35,0.000,0.990,1.000,0.973,1.000,0.007,0.003,0.000,0.000,215,192,0.000,0.982,0.999,0.990,0.993,0.010,0.008,0.000,0.001,297.000,295.000,0.000,0.974,1.000,0.984,0.987,0.004,0.022,0.000,0.000,328.000,37.000,0.000,0.984,1.000,0.975,0.990,0.015,0.001,0.000,0.000
372,37,35,0.000,0.990,1.000,0.973,1.000,0.007,0.003,0.000,0.000,215,192,0.000,0.982,0.999,0.990,0.993,0.010,0.008,0.000,0.001,297.000,295.000,0.000,0.974,1.000,0.984,0.987,0.004,0.022,0.000,0.000,328.000,37.000,0.000,0.984,1.000,0.975,0.990,0.015,0.001,0.000,0.000
373,37,35,0.000,0.990,1.000,0.973,1.000,0.007,0.003,0.000,0.000,215,192,0.000,0.982,0.999,0.990,0.993,0.010,0.008,0.000,0.001,297.000,295.000,0.000,0.974,1.000,0.984,0.987,0.004,0.022,0.000,0.000,328.000,37.000,0.000,0.984,1.000,0.975,0.990,0.015,0.001,0.000,0.000
374,37,35,0.000,0.990,1.000,0.973,1.000,0.007,0.003,0.000,0.000,215,192,0.000,0.982,0.999,0.990,0.993,0.010,0.008,0.000,0.001,297.000,295.000,0.000,0.974,1.000,0.984,0.987,0.004,0.022,0.000,0.000,328.000,37.000,0.000,0.984,1.000,0.975,0.990,0.015,0.001,0.000,0.000
375,37,35,0.000,0.990,1.000,0.973,1.000,0.007,0.003,0.000,0.000,215,192,0.000,0.982,0.999,0.990,0.993,0.010,0.008,0.000,0.001,297.000,295.000,0.000,0.974,1.000,0.984,0.987,0.004,0.022,0.000,0.000,328.000,37.000,0.000,0.984,1.000,0.975,0.990,0.015,0.001,0.000,0.000
376,37,35,0.000,0.990,1.000,0.973,1.000,0.007,0.003,0.000,0.000,215,192,0.000,0.982,0.999,0.990,0.993,0.010,0.008,0.000,0.001,297.000,295.000,0.000,0.974,1.000,0.984,0.987,0.004,0.022,0.000,0.000,328.000,37.000,0.000,0.984,1.000,0.975,0.990,0.015,0.001,0.000,0.000
377,37,35,0.000,0.990,1.000,0.973,1.000,0.007,0.003,0.000,0.000,215,192,0.000,0.982,0.999,0.990,0.993,0.010,0.008,0.000,0.001,297.000,295.000,0.000,0.974,1.000,0.984,0.987,0.004,0.022,0.000,0.000,328.000,37.000,0.000,0.984,1.000,0.975,0.990,0.015,0.001,0.000,0.000
378,37,35,0.000,0.990,1.000,0.973,1.000,0.007,0.003,0.000,0.000,215,192,0.000,0.982,0.999,0.990,0.993,0.010,0.008,0.000,0.001,297.000,295.000,0.000,0.974,1.000,0.984,0.987,0.004,0.022,0.000,0.000,328.000,37.000,0.000,0.984,1.000,0.975,0.990,0.015,0.001,0.000,0.000
379,37,35,0.000,0.990,1.000,0.973,1.000,0.007,0.003,0.000,0.000,215,192,0.000,0.982,0.999,0.990,0.993,0.010,0.008,0.000,0.001,297.000,295.000,0.000,0.974,1.000,0.984,0.987,0.004,0.022,0.000,0.000,328.000,37.000,0.000,0.984,1.000,0.975,0.990,0.015,0.001,0.000,0.000
380,37,35,0.000,0.990,1.000,0.973,1.000,0.007,0.003,0.000,0.000,215,192,0.000,0.982,0.999,0.990,0.993,0.010,0.008,0.000,0.001,297.000,295.000,0.000,0.974,1.000,0.984,0.987,0.004,0.022,0.000,0.000,328.000,37.000,0.000,0.984,1.000,0.975,0.990,0.015,0.001,0.000,0.000
381,37,35,0.000,0.990,1.000,0.973,1.000,0.007,0.003,0.000,0.000,215,192,0.000,0.982,0.999,0.990,0.993,0.010,0.008,0.000,0.001,297.000,295.000,0.000,0.974,1.000,0.984,0.987,0.004,0.022,0.000,0.000,328.000,37.000,0.000,0.984,1.000,0.975,0.990,0.015,0.001,0.000,0.000
382,37,35,0.000,0.990,1.000,0.973,1.000,0.007,0.003,0.000,0.000,215,192,0.000,0.982,0.999,0.990,0.993,0.010,0.008,0.000,0.001,297.000,295.000,0.000,0.974,1.000,0.984,0.987,0.004,0.022,0.000,0.000,328.000,37.000,0.000,0.984,1.000,0.975,0.990,0.015,0.001,0.000,0.000
383,37,35,0.000,0.990,1.000,0.973,1.000,0.007,0.003,0.000,0.000,215,192,0.000,0.982,0.999,0.990,0.993,0.010,0.008,0.000,0.001,297.000,295.000,0.000,0.974,1.000,0.984,0.987,0.004,0.022,0.000,0.000,328.000,37.000,0.000,0.984,1.000,0.975,0.990,0.015,0.001,0.000,0.000
384,37,35,0.000,0.990,1.000,0.973,1.000,0.007,0.003,0.000,0.000,215,192,0.000,0.982,0.999,0.990,0.993,0.010,0.008,0.000,0.001,297.000,295.000,0.000,0.974,1.000,0.984,0.987,0.004,0.022,0.000,0.000,328.000,37.000,0.000,0.984,1.000,0.975,0.990,0.015,0.001,0.000,0.000
385,37,35,0.000,0.990,1.000,0.973,1.000,0.007,0.003,0.000,0.000,215,192,0.000,0.982,0.999,0.990,0.993,0.010,0.008,0.000,0.001,297.000,295.000,0.000,0.974,1.000,0.984,0.987,0.004,0.022,0.000,0.000,328.000,37.000,0.000,0.984,1.000,0.975,0.990,0.015,0.001,0.000,0.000
386,37,35,0.000,0.990,1.000,0.973,1.000,0.007,0.003,0.000,0.000,215,192,0.000,0.982,0.999,0.990,0.993,0.010,0.008,0.000,0.001,297.000,295.000,0.000,0.974,1.000,0.984,0.987,0.004,0.022,0.000,0.000,328.000,37.000,0.000,0.984,1.000,0.975,0.990,0.015,0.001,0.000,0.000
387,37,35,0.000,0.990,1.000,0.973,1.000,0.007,0.003,0.000,0.000,215,192,0.000,0.982,0.999,0.990,0.993,0.010,0.008,0.000,0.001,297.000,295.000,0.000,0.974,1.000,0.984,0.987,0.004,0.022,0.000,0.000,328.000,37.000,0.000,0.984,1.000,0.975,0.990,0.015,0.001,0.000,0.000
388,37,35,0.000,0.990,1.000,0.973,1.000,0.007,0.003,0.000,0.000,215,192,0.000,0.982,0.999,0.990,0.993,0.010,0.008,0.000,0.001,297.000,295.000,0.000,0.974,1.000,0.984,0.987,0.004,0.022,0.000,0.000,328.000,37.000,0.000,0.984,1.000,0.975,0.990,0.015,0.001,0.000,0.000
389,37,35,0.000,0.990,1.000,0.973,1.000,0.007,0.003,0.000,0.000,215,192,0.000,0.982,0.999,0.990,0.993,0.010,0.008,0.000,0.001,297.000,295.000,0.000,0.974,1.000,0.984,0.987,0.004,0.022,0.000,0.000,328.000,37.000,0.000,0.984,1.000,0.975,0.990,0.015,0.001,0.000,0.000
390,37,35,0.000,0.990,1.000,0.973,1.000,0.007,0.003,0.000,0.000,215,192,0.000,0.982,0.999,0.990,0.993,0.010,0.008,0.000,0.001,297.000,295.000,0.000,0.974,1.000,0.984,0.987,0.004,0.022,0.000,0.000,328.000,37.000,0.000,0.984,1.000,0.975,0.990,0.015,0.001,0.000,0.000
391,37,35,0.000,0.990,1.000,0.973,1.000,0.007,0.003,0.000,0.000,215,192,0.000,0.982,0.999,0.990,0.993,0.010,0.008,0.000,0.001,297.000,295.000,0.000,0.974,1.000,0.984,0.987,0.004,0.022,0.000,0.000,328.000,37.000,0.000,0.984,1.000,0.975,0.990,0.015,0.001,0.000,0.000
392,37,35,0.000,0.990,1.000,0.973,1.000,0.007,0.003,0.000,0.000,215,192,0.000,0.982,0.999,0.990,0.993,0.010,0.008,0.000,0.001,297.000,295.000,0.000,0.974,1.000,0.984,0.987,0.004,0.022,0.000,0.000,328.000,37.000,0.000,0.984,1.000,0.975,0.990,0.015,0.001,0.000,0.000
393,37,35,0.000,0.990,1.000,0.973,1.000,0.007,0.003,0.000,0.000,215,192,0.000,0.982,0.999,0.990,0.993,0.010,0.008,0.000,0.001,297.000,295.000,0.000,0.974,1.000,0.984,0.987,0.004,0.022,0.000,0.000,328.000,37.000,0.000,0.984,1.000,0.975,0.990,0.015,0.001,0.000,0.000
394,37,35,0.000,0.990,1.000,0.973,1.000,0.007,0.003,0.000,0.000,215,192,0.000,0.982,0.999,0.990,0.993,0.010,0.008,0.000,0.001,297.000,295.000,0.000,0.974,1.000,0.984,0.987,0.004,0.022,0.000,0.000,328.000,37.000,0.000,0.984,1.000,0.975,0.990,0.015,0.001,0.000,0.000
395,37,35,0.000,0.990,1.000,0.973,1.000,0.007,0.003,0.000,0.000,215,192,0.000,0.982,0.999,0.990,0.993,0.010,0.008,0.000,0.001,297.000,295.000,0.000,0.974,1.000,0.984,0.987,0.004,0.022,0.000,0.000,328.000,37.000,0.000,0.984,1.000,0.975,0.990,0.015,0.001,0.000,0.000
396,37,35,0.000,0.990,1.000,0.973,1.000,0.007,0.003,0.000,0.000,215,192,0.000,0.982,0.999,0.990,0.993,0.010,0.008,0.000,0.001,297.000,295.000,0.000,0.974,1.000,0.984,0.987,0.004,0.022,0.000,0.000,328.000,37.000,0.000,0.984,1.000,0.975,0.990,0.015,0.001,0.000,0.000
397,37,35,0.000,0.990,1.000,0.973,1.000,0.007,0.003,0.000,0.000,215,192,0.000,0.982,0.999,0.990,0.993,0.010,0.008,0.000,0.001,297.000,295.000,0.000,0.974,1.000,0.984,0.987,0.004,0.022,0.000,0.000,328.000,37.000,0.000,0.984,1.000,0.975,0.990,0.015,0.001,0.000,0.000
398,37,35,0.000,0.990,1.000,0.973,1.000,0.007,0.003,0.000,0.000,215,192,0.000,0.982,0.999,0.990,0.993,0.010,0.008,0.000,0.001,297.000,295.000,0.000,0.974,1.000,0.984,0.987,0.004,0.022,0.000,0.000,328.000,37.000,0.000,0.984,1.000,0.975,0.990,0.015,0.001,0.000,0.000
399,37,35,0.000,0.990,1.000,0.973,1.000,0.007,0.003,0.000,0.000,215,192,0.000,0.982,0.999,0.990,0.993,0.010,0.008,0.000,0.001,297.000,295.000,0.000,0.974,1.000,0.984,0.987,0.004,0.022,0.000,0.000,328.000,37.000,0.000,0.984,1.000,0.975,0.990,0.015,0.001,0.000,0.000
400,37,35,0.000,0.990,1.000,0.973,1.000,0.007,0.003,0.000,0.000,215,192,0.000,0.982,0.999,0.990,0.993,0.010,0.008,0.000,0.001,297.000,295.000,0.000,0.974,1.000,0.984,0.987,0.004,0.022,0.000,0.000,328.000,37.000,0.000,0.984,1.000,0.975,0.990,0.015,0.001,0.000,0.000
401,37,35,0.000,0.990,1.000,0.973,1.000,0.007,0.003,0.000,0.000,215,192,0.000,0.982,0.999,0.990,0.993,0.010,0.008,0.000,0.001,297.000,295.000,0.000,0.974,1.000,0.984,0.987,0.004,0.022,0.000,0.000,328.000,37.000,0.000,0.984,1.000,0.975,0.990,0.015,0.001,0.000,0.000
402,37,35,0.000,0.990,1.000,0.973,1.000,0.007,0.003,0.000,0.000,215,192,0.000,0.982,0.999,0.990,0.993,0.010,0.008,0.000,0.001,297.000,295.000,0.000,0.974,1.000,0.984,0.987,0.004,0.022,0.000,0.000,328.000,37.000,0.000,0.984,1.000,0.975,0.990,0.015,0.001,0.000,0.000
403,37,35,0.000,0.990,1.000,0.973,1.000,0.007,0.003,0.000,0.000,215,192,0.000,0.982,0.999,0.990,0.993,0.010,0.008,0.000,0.001,297.000,295.000,0.000,0.974,1.000,0.984,0.987,0.004,0.022,0.000,0.000,328.000,37.000,0.000,0.984,1.000,0.975,0.990,0.015,0.001,0.000,0.000
404,37,35,0.000,0.990,1.000,0.973,1.000,0.007,0.003,0.000,0.000,215,192,0.000,0.982,0.999,0.990,0.993,0.010,0.008,0.000,0.001,297.000,295.000,0.000,0.974,1.000,0.984,0.987,0.004,0.022,0.000,0.000,328.000,37.000,0.000,0.984,1.000,0.975,0.990,0.015,0.001,0.000,0.000
405,37,35,0.000,0.990,1.000,0.973,1.000,0.007,0.003,0.000,0.000,215,192,0.000,0.982,0.999,0.990,0.993,0.010,0.008,0.000,0.001,297.000,295.000,0.000,0.974,1.000,0.984,0.987,0.004,0.022,0.000,0.000,328.000,37.000,0.000,0.984,1.000,0.975,0.990,0.015,0.001,0.000,0.000
406,37,35,0.000,0.990,1.000,0.973,1.000,0.007,0.003,0.000,0.000,215,192,0.000,0.982,0.999,0.990,0.993,0.010,0.008,0.000,0.001,297.000,295.000,0.000,0.974,1.000,0.984,0.987,0.004,0.022,0.000,0.000,328.000,37.000,0.000,0.984,1.000,0.975,0.990,0.015,0.001,0.000,0.000
407,37,35,0.000,0.990,1.000,0.973,1.000,0.007,0.003,0.000,0.000,333,37,0.000,1.000,0.999,0.964,0.979,0.000,0.000,0.001,0.000,334.000,37.000,0.000,0.996,1.000,0.970,1.000,0.000,0.004,0.000,0.000,344.000,334.000,0.000,0.998,1.000,0.974,0.987,0.002,0.000,0.000,0.000
408,37,35,0.000,0.990,1.000,0.973,1.000,0.007,0.003,0.000,0.000,333,37,0.000,1.000,0.999,0.964,0.979,0.000,0.000,0.001,0.000,334.000,37.000,0.000,0.996,1.000,0.970,1.000,0.000,0.004,0.000,0.000,353.000,37.000,0.000,0.996,1.000,0.972,1.000,0.001,0.003,0.000,0.000
409,37,35,0.000,0.990,1.000,0.973,1.000,0.007,0.003,0.000,0.000,334,37,0.000,0.996,1.000,0.970,1.000,0.000,0.004,0.000,0.000,353.000,37.000,0.000,0.996,1.000,0.972,1.000,0.001,0.003,0.000,0.000,363.000,334.000,0.000,1.000,1.000,0.991,1.000,0.000,0.000,0.000,0.000
410,37,35,0.000,0.990,1.000,0.973,1.000,0.007,0.003,0.000,0.000,334,37,0.000,0.996,1.000,0.970,1.000,0.000,0.004,0.000,0.000,353.000,37.000,0.000,0.996,1.000,0.972,1.000,0.001,0.003,0.000,0.000,363.000,334.000,0.000,1.000,1.000,0.991,1.000,0.000,0.000,0.000,0.000
411,37,35,0.000,0.990,1.000,0.973,1.000,0.007,0.003,0.000,0.000,334,37,0.000,0.996,1.000,0.970,1.000,0.000,0.004,0.000,0.000,353.000,37.000,0.000,0.996,1.000,0.972,1.000,0.001,0.003,0.000,0.000,363.000,334.000,0.000,1.000,1.000,0.991,1.000,0.000,0.000,0.000,0.000
412,37,35,0.000,0.990,1.000,0.973,1.000,0.007,0.003,0.000,0.000,334,37,0.000,0.996,1.000,0.970,1.000,0.000,0.004,0.000,0.000,353.000,37.000,0.000,0.996,1.000,0.972,1.000,0.001,0.003,0.000,0.000,363.000,334.000,0.000,1.000,1.000,0.991,1.000,0.000,0.000,0.000,0.000
413,37,35,0.000,0.990,1.000,0.973,1.000,0.007,0.003,0.000,0.000,334,37,0.000,0.996,1.000,0.970,1.000,0.000,0.004,0.000,0.000,353.000,37.000,0.000,0.996,1.000,0.972,1.000,0.001,0.003,0.000,0.000,363.000,334.000,0.000,1.000,1.000,0.991,1.000,0.000,0.000,0.000,0.000
414,37,35,0.000,0.990,1.000,0.973,1.000,0.007,0.003,0.000,0.000,334,37,0.000,0.996,1.000,0.970,1.000,0.000,0.004,0.000,0.000,353.000,37.000,0.000,0.996,1.000,0.972,1.000,0.001,0.003,0.000,0.000,363.000,334.000,0.000,1.000,1.000,0.991,1.000,0.000,0.000,0.000,0.000
415,37,35,0.000,0.990,1.000,0.973,1.000,0.007,0.003,0.000,0.000,334,37,0.000,0.996,1.000,0.970,1.000,0.000,0.004,0.000,0.000,353.000,37.000,0.000,0.996,1.000,0.972,1.000,0.001,0.003,0.000,0.000,363.000,334.000,0.000,1.000,1.000,0.991,1.000,0.000,0.000,0.000,0.000
416,37,35,0.000,0.990,1.000,0.973,1.000,0.007,0.003,0.000,0.000,334,37,0.000,0.996,1.000,0.970,1.000,0.000,0.004,0.000,0.000,353.000,37.000,0.000,0.996,1.000,0.972,1.000,0.001,0.003,0.000,0.000,363.000,334.000,0.000,1.000,1.000,0.991,1.000,0.000,0.000,0.000,0.000
417,37,35,0.000,0.990,1.000,0.973,1.000,0.007,0.003,0.000,0.000,334,37,0.000,0.996,1.000,0.970,1.000,0.000,0.004,0.000,0.000,353.000,37.000,0.000,0.996,1.000,0.972,1.000,0.001,0.003,0.000,0.000,363.000,334.000,0.000,1.000,1.000,0.991,1.000,0.000,0.000,0.000,0.000
418,37,35,0.000,0.990,1.000,0.973,1.000,0.007,0.003,0.000,0.000,334,37,0.000,0.996,1.000,0.970,1.000,0.000,0.004,0.000,0.000,353.000,37.000,0.000,0.996,1.000,0.972,1.000,0.001,0.003,0.000,0.000,363.000,334.000,0.000,1.000,1.000,0.991,1.000,0.000,0.000,0.000,0.000
419,37,35,0.000,0.990,1.000,0.973,1.000,0.007,0.003,0.000,0.000,334,37,0.000,0.996,1.000,0.970,1.000,0.000,0.004,0.000,0.000,353.000,37.000,0.000,0.996,1.000,0.972,1.000,0.001,0.003,0.000,0.000,363.000,334.000,0.000,1.000,1.000,0.991,1.000,0.000,0.000,0.000,0.000
420,37,35,0.000,0.990,1.000,0.973,1.000,0.007,0.003,0.000,0.000,334,37,0.000,0.996,1.000,0.970,1.000,0.000,0.004,0.000,0.000,353.000,37.000,0.000,0.996,1.000,0.972,1.000,0.001,0.003,0.000,0.000,363.000,334.000,0.000,1.000,1.000,0.991,1.000,0.000,0.000,0.000,0.000
421,37,35,0.000,0.990,1.000,0.973,1.000,0.007,0.003,0.000,0.000,334,37,0.000,0.996,1.000,0.970,1.000,0.000,0.004,0.000,0.000,353.000,37.000,0.000,0.996,1.000,0.972,1.000,0.001,0.003,0.000,0.000,363.000,334.000,0.000,1.000,1.000,0.991,1.000,0.000,0.000,0.000,0.000
422,37,35,0.000,0.990,1.000,0.973,1.000,0.007,0.003,0.000,0.000,334,37,0.000,0.996,1.000,0.970,1.000,0.000,0.004,0.000,0.000,353.000,37.000,0.000,0.996,1.000,0.972,1.000,0.001,0.003,0.000,0.000,363.000,334.000,0.000,1.000,1.000,0.991,1.000,0.000,0.000,0.000,0.000
423,37,35,0.000,0.990,1.000,0.973,1.000,0.007,0.003,0.000,0.000,334,37,0.000,0.996,1.000,0.970,1.000,0.000,0.004,0.000,0.000,353.000,37.000,0.000,0.996,1.000,0.972,1.000,0.001,0.003,0.000,0.000,363.000,334.000,0.000,1.000,1.000,0.991,1.000,0.000,0.000,0.000,0.000
424,37,35,0.000,0.990,1.000,0.973,1.000,0.007,0.003,0.000,0.000,334,37,0.000,0.996,1.000,0.970,1.000,0.000,0.004,0.000,0.000,353.000,37.000,0.000,0.996,1.000,0.972,1.000,0.001,0.003,0.000,0.000,363.000,334.000,0.000,1.000,1.000,0.991,1.000,0.000,0.000,0.000,0.000
425,37,35,0.000,0.990,1.000,0.973,1.000,0.007,0.003,0.000,0.000,334,37,0.000,0.996,1.000,0.970,1.000,0.000,0.004,0.000,0.000,353.000,37.000,0.000,0.996,1.000,0.972,1.000,0.001,0.003,0.000,0.000,363.000,334.000,0.000,1.000,1.000,0.991,1.000,0.000,0.000,0.000,0.000
426,37,35,0.000,0.990,1.000,0.973,1.000,0.007,0.003,0.000,0.000,334,37,0.000,0.996,1.000,0.970,1.000,0.000,0.004,0.000,0.000,353.000,37.000,0.000,0.996,1.000,0.972,1.000,0.001,0.003,0.000,0.000,363.000,334.000,0.000,1.000,1.000,0.991,1.000,0.000,0.000,0.000,0.000
427,37,35,0.000,0.990,1.000,0.973,1.000,0.007,0.003,0.000,0.000,334,37,0.000,0.996,1.000,0.970,1.000,0.000,0.004,0.000,0.000,353.000,37.000,0.000,0.996,1.000,0.972,1.000,0.001,0.003,0.000,0.000,363.000,334.000,0.000,1.000,1.000,0.991,1.000,0.000,0.000,0.000,0.000
428,37,35,0.000,0.990,1.000,0.973,1.000,0.007,0.003,0.000,0.000,334,37,0.000,0.996,1.000,0.970,1.000,0.000,0.004,0.000,0.000,353.000,37.000,0.000,0.996,1.000,0.972,1.000,0.001,0.003,0.000,0.000,363.000,334.000,0.000,1.000,1.000,0.991,1.000,0.000,0.000,0.000,0.000
429,37,35,0.000,0.990,1.000,0.973,1.000,0.007,0.003,0.000,0.000,334,37,0.000,0.996,1.000,0.970,1.000,0.000,0.004,0.000,0.000,353.000,37.000,0.000,0.996,1.000,0.972,1.000,0.001,0.003,0.000,0.000,363.000,334.000,0.000,1.000,1.000,0.991,1.000,0.000,0.000,0.000,0.000
430,37,35,0.000,0.990,1.000,0.973,1.000,0.007,0.003,0.000,0.000,334,37,0.000,0.996,1.000,0.970,1.000,0.000,0.004,0.000,0.000,353.000,37.000,0.000,0.996,1.000,0.972,1.000,0.001,0.003,0.000,0.000,363.000,334.000,0.000,1.000,1.000,0.991,1.000,0.000,0.000,0.000,0.000
431,37,35,0.000,0.990,1.000,0.973,1.000,0.007,0.003,0.000,0.000,334,37,0.000,0.996,1.000,0.970,1.000,0.000,0.004,0.000,0.000,353.000,37.000,0.000,0.996,1.000,0.972,1.000,0.001,0.003,0.000,0.000,363.000,334.000,0.000,1.000,1.000,0.991,1.000,0.000,0.000,0.000,0.000
432,334,37,0.000,0.996,1.000,0.970,1.000,0.000,0.004,0.000,0.000,363,334,0.000,1.000,1.000,0.991,1.000,0.000,0.000,0.000,0.000,388.000,334.000,0.000,0.998,1.000,0.966,0.999,0.000,0.002,0.000,0.000,421.000,363.000,0.000,0.998,0.993,0.979,1.000,0.000,0.002,0.000,0.007
433,334,37,0.000,0.996,1.000,0.970,1.000,0.000,0.004,0.000,0.000,363,334,0.000,1.000,1.000,0.991,1.000,0.000,0.000,0.000,0.000,388.000,334.000,0.000,0.998,1.000,0.966,0.999,0.000,0.002,0.000,0.000,421.000,363.000,0.000,0.998,0.993,0.979,1.000,0.000,0.002,0.000,0.007
434,334,37,0.000,0.996,1.000,0.970,1.000,0.000,0.004,0.000,0.000,363,334,0.000,1.000,1.000,0.991,1.000,0.000,0.000,0.000,0.000,388.000,334.000,0.000,0.998,1.000,0.966,0.999,0.000,0.002,0.000,0.000,421.000,363.000,0.000,0.998,0.993,0.979,1.000,0.000,0.002,0.000,0.007
435,334,37,0.000,0.996,1.000,0.970,1.000,0.000,0.004,0.000,0.000,363,334,0.000,1.000,1.000,0.991,1.000,0.000,0.000,0.000,0.000,388.000,334.000,0.000,0.998,1.000,0.966,0.999,0.000,0.002,0.000,0.000,421.000,363.000,0.000,0.998,0.993,0.979,1.000,0.000,0.002,0.000,0.007
436,334,37,0.000,0.996,1.000,0.970,1.000,0.000,0.004,0.000,0.000,363,334,0.000,1.000,1.000,0.991,1.000,0.000,0.000,0.000,0.000,388.000,334.000,0.000,0.998,1.000,0.966,0.999,0.000,0.002,0.000,0.000,421.000,363.000,0.000,0.998,0.993,0.979,1.000,0.000,0.002,0.000,0.007
437,334,37,0.000,0.996,1.000,0.970,1.000,0.000,0.004,0.000,0.000,363,334,0.000,1.000,1.000,0.991,1.000,0.000,0.000,0.000,0.000,388.000,334.000,0.000,0.998,1.000,0.966,0.999,0.000,0.002,0.000,0.000,421.000,363.000,0.000,0.998,0.993,0.979,1.000,0.000,0.002,0.000,0.007
438,334,37,0.000,0.996,1.000,0.970,1.000,0.000,0.004,0.000,0.000,363,334,0.000,1.000,1.000,0.991,1.000,0.000,0.000,0.000,0.000,388.000,334.000,0.000,0.998,1.000,0.966,0.999,0.000,0.002,0.000,0.000,421.000,363.000,0.000,0.998,0.993,0.979,1.000,0.000,0.002,0.000,0.007
439,334,37,0.000,0.996,1.000,0.970,1.000,0.000,0.004,0.000,0.000,363,334,0.000,1.000,1.000,0.991,1.000,0.000,0.000,0.000,0.000,388.000,334.000,0.000,0.998,1.000,0.966,0.999,0.000,0.002,0.000,0.000,421.000,363.000,0.000,0.998,0.993,0.979,1.000,0.000,0.002,0.000,0.007
440,334,37,0.000,0.996,1.000,0.970,1.000,0.000,0.004,0.000,0.000,363,334,0.000,1.000,1.000,0.991,1.000,0.000,0.000,0.000,0.000,388.000,334.000,0.000,0.998,1.000,0.966,0.999,0.000,0.002,0.000,0.000,421.000,363.000,0.000,0.998,0.993,0.979,1.000,0.000,0.002,0.000,0.007
441,334,37,0.000,0.996,1.000,0.970,1.000,0.000,0.004,0.000,0.000,363,334,0.000,1.000,1.000,0.991,1.000,0.000,0.000,0.000,0.000,388.000,334.000,0.000,0.998,1.000,0.966,0.999,0.000,0.002,0.000,0.000,428.000,353.000,0.000,0.978,0.998,0.980,1.000,0.003,0.018,0.000,0.002
442,334,37,0.000,0.996,1.000,0.970,1.000,0.000,0.004,0.000,0.000,363,334,0.000,1.000,1.000,0.991,1.000,0.000,0.000,0.000,0.000,388.000,334.000,0.000,0.998,1.000,0.966,0.999,0.000,0.002,0.000,0.000,428.000,353.000,0.000,0.978,0.998,0.980,1.000,0.003,0.018,0.000,0.002
443,334,37,0.000,0.996,1.000,0.970,1.000,0.000,0.004,0.000,0.000,363,334,0.000,1.000,1.000,0.991,1.000,0.000,0.000,0.000,0.000,388.000,334.000,0.000,0.998,1.000,0.966,0.999,0.000,0.002,0.000,0.000,428.000,353.000,0.000,0.978,0.998,0.980,1.000,0.003,0.018,0.000,0.002
444,334,37,0.000,0.996,1.000,0.970,1.000,0.000,0.004,0.000,0.000,363,334,0.000,1.000,1.000,0.991,1.000,0.000,0.000,0.000,0.000,388.000,334.000,0.000,0.998,1.000,0.966,0.999,0.000,0.002,0.000,0.000,428.000,353.000,0.000,0.978,0.998,0.980,1.000,0.003,0.018,0.000,0.002
445,334,37,0.000,0.996,1.000,0.970,1.000,0.000,0.004,0.000,0.000,363,334,0.000,1.000,1.000,0.991,1.000,0.000,0.000,0.000,0.000,388.000,334.000,0.000,0.998,1.000,0.966,0.999,0.000,0.002,0.000,0.000,428.000,353.000,0.000,0.978,0.998,0.980,1.000,0.003,0.018,0.000,0.002
446,334,37,0.000,0.996,1.000,0.970,1.000,0.000,0.004,0.000,0.000,363,334,0.000,1.000,1.000,0.991,1.000,0.000,0.000,0.000,0.000,388.000,334.000,0.000,0.998,1.000,0.966,0.999,0.000,0.002,0.000,0.000,428.000,353.000,0.000,0.978,0.998,0.980,1.000,0.003,0.018,0.000,0.002
447,334,37,0.000,0.996,1.000,0.970,1.000,0.000,0.004,0.000,0.000,363,334,0.000,1.000,1.000,0.991,1.000,0.000,0.000,0.000,0.000,388.000,334.000,0.000,0.998,1.000,0.966,0.999,0.000,0.002,0.000,0.000,428.000,353.000,0.000,0.978,0.998,0.980,1.000,0.003,0.018,0.000,0.002
448,334,37,0.000,0.996,1.000,0.970,1.000,0.000,0.004,0.000,0.000,363,334,0.000,1.000,1.000,0.991,1.000,0.000,0.000,0.000,0.000,388.000,334.000,0.000,0.998,1.000,0.966,0.999,0.000,0.002,0.000,0.000,428.000,353.000,0.000,0.978,0.998,0.980,1.000,0.003,0.018,0.000,0.002
449,334,37,0.000,0.996,1.000,0.970,1.000,0.000,0.004,0.000,0.000,363,334,0.000,1.000,1.000,0.991,1.000,0.000,0.000,0.000,0.000,388.000,334.000,0.000,0.998,1.000,0.966,0.999,0.000,0.002,0.000,0.000,428.000,353.000,0.000,0.978,0.998,0.980,1.000,0.003,0.018,0.000,0.002
450,334,37,0.000,0.996,1.000,0.970,1.000,0.000,0.004,0.000,0.000,363,334,0.000,1.000,1.000,0.991,1.000,0.000,0.000,0.000,0.000,388.000,334.000,0.000,0.998,1.000,0.966,0.999,0.000,0.002,0.000,0.000,428.000,353.000,0.000,0.978,0.998,0.980,1.000,0.003,0.018,0.000,0.002
451,334,37,0.000,0.996,1.000,0.970,1.000,0.000,0.004,0.000,0.000,363,334,0.000,1.000,1.000,0.991,1.000,0.000,0.000,0.000,0.000,388.000,334.000,0.000,0.998,1.000,0.966,0.999,0.000,0.002,0.000,0.000,428.000,353.000,0.000,0.978,0.998,0.980,1.000,0.003,0.018,0.000,0.002
452,334,37,0.000,0.996,1.000,0.970,1.000,0.000,0.004,0.000,0.000,363,334,0.000,1.000,1.000,0.991,1.000,0.000,0.000,0.000,0.000,388.000,334.000,0.000,0.998,1.000,0.966,0.999,0.000,0.002,0.000,0.000,428.000,353.000,0.000,0.978,0.998,0.980,1.000,0.003,0.018,0.000,0.002
453,334,37,0.000,0.996,1.000,0.970,1.000,0.000,0.004,0.000,0.000,363,334,0.000,1.000,1.000,0.991,1.000,0.000,0.000,0.000,0.000,388.000,334.000,0.000,0.998,1.000,0.966,0.999,0.000,0.002,0.000,0.000,428.000,353.000,0.000,0.978,0.998,0.980,1.000,0.003,0.018,0.000,0.002
454,334,37,0.000,0.996,1.000,0.970,1.000,0.000,0.004,0.000,0.000,363,334,0.000,1.000,1.000,0.991,1.000,0.000,0.000,0.000,0.000,388.000,334.000,0.000,0.998,1.000,0.966,0.999,0.000,0.002,0.000,0.000,428.000,353.000,0.000,0.978,0.998,0.980,1.000,0.003,0.018,0.000,0.002
455,334,37,0.000,0.996,1.000,0.970,1.000,0.000,0.004,0.000,0.000,363,334,0.000,1.000,1.000,0.991,1.000,0.000,0.000,0.000,0.000,388.000,334.000,0.000,0.998,1.000,0.966,0.999,0.000,0.002,0.000,0.000,428.000,353.000,0.000,0.978,0.998,0.980,1.000,0.003,0.018,0.000,0.002
456,334,37,0.000,0.996,1.000,0.970,1.000,0.000,0.004,0.000,0.000,363,334,0.000,1.000,1.000,0.991,1.000,0.000,0.000,0.000,0.000,388.000,334.000,0.000,0.998,1.000,0.966,0.999,0.000,0.002,0.000,0.000,428.000,353.000,0.000,0.978,0.998,0.980,1.000,0.003,0.018,0.000,0.002
457,334,37,0.000,0.996,1.000,0.970,1.000,0.000,0.004,0.000,0.000,363,334,0.000,1.000,1.000,0.991,1.000,0.000,0.000,0.000,0.000,388.000,334.000,0.000,0.998,1.000,0.966,0.999,0.000,0.002,0.000,0.000,428.000,353.000,0.000,0.978,0.998,0.980,1.000,0.003,0.018,0.000,0.002
458,334,37,0.000,0.996,1.000,0.970,1.000,0.000,0.004,0.000,0.000,363,334,0.000,1.000,1.000,0.991,1.000,0.000,0.000,0.000,0.000,388.000,334.000,0.000,0.998,1.000,0.966,0.999,0.000,0.002,0.000,0.000,428.000,353.000,0.000,0.978,0.998,0.980,1.000,0.003,0.018,0.000,0.002
459,334,37,0.000,0.996,1.000,0.970,1.000,0.000,0.004,0.000,0.000,363,334,0.000,1.000,1.000,0.991,1.000,0.000,0.000,0.000,0.000,388.000,334.000,0.000,0.998,1.000,0.966,0.999,0.000,0.002,0.000,0.000,428.000,353.000,0.000,0.978,0.998,0.980,1.000,0.003,0.018,0.000,0.002
460,334,37,0.000,0.996,1.000,0.970,1.000,0.000,0.004,0.000,0.000,363,334,0.000,1.000,1.000,0.991,1.000,0.000,0.000,0.000,0.000,388.000,334.000,0.000,0.998,1.000,0.966,0.999,0.000,0.002,0.000,0.000,428.000,353.000,0.000,0.978,0.998,0.980,1.000,0.003,0.018,0.000,0.002
461,334,37,0.000,0.996,1.000,0.970,1.000,0.000,0.004,0.000,0.000,363,334,0.000,1.000,1.000,0.991,1.000,0.000,0.000,0.000,0.000,388.000,334.000,0.000,0.998,1.000,0.966,0.999,0.000,0.002,0.000,0.000,428.000,353.000,0.000,0.978,0.998,0.980,1.000,0.003,0.018,0.000,0.002
462,334,37,0.000,0.996,1.000,0.970,1.000,0.000,0.004,0.000,0.000,363,334,0.000,1.000,1.000,0.991,1.000,0.000,0.000,0.000,0.000,388.000,334.000,0.000,0.998,1.000,0.966,0.999,0.000,0.002,0.000,0.000,428.000,353.000,0.000,0.978,0.998,0.980,1.000,0.003,0.018,0.000,0.002
463,334,37,0.000,0.996,1.000,0.970,1.000,0.000,0.004,0.000,0.000,363,334,0.000,1.000,1.000,0.991,1.000,0.000,0.000,0.000,0.000,388.000,334.000,0.000,0.998,1.000,0.966,0.999,0.000,0.002,0.000,0.000,428.000,353.000,0.000,0.978,0.998,0.980,1.000,0.003,0.018,0.000,0.002
464,334,37,0.000,0.996,1.000,0.970,1.000,0.000,0.004,0.000,0.000,363,334,0.000,1.000,1.000,0.991,1.000,0.000,0.000,0.000,0.000,388.000,334.000,0.000,0.998,1.000,0.966,0.999,0.000,0.002,0.000,0.000,428.000,353.000,0.000,0.978,0.998,0.980,1.000,0.003,0.018,0.000,0.002
465,334,37,0.000,0.996,1.000,0.970,1.000,0.000,0.004,0.000,0.000,363,334,0.000,1.000,1.000,0.991,1.000,0.000,0.000,0.000,0.000,388.000,334.000,0.000,0.998,1.000,0.966,0.999,0.000,0.002,0.000,0.000,428.000,353.000,0.000,0.978,0.998,0.980,1.000,0.003,0.018,0.000,0.002
466,334,37,0.000,0.996,1.000,0.970,1.000,0.000,0.004,0.000,0.000,363,334,0.000,1.000,1.000,0.991,1.000,0.000,0.000,0.000,0.000,388.000,334.000,0.000,0.998,1.000,0.966,0.999,0.000,0.002,0.000,0.000,428.000,353.000,0.000,0.978,0.998,0.980,1.000,0.003,0.018,0.000,0.002
467,334,37,0.000,0.996,1.000,0.970,1.000,0.000,0.004,0.000,0.000,363,334,0.000,1.000,1.000,0.991,1.000,0.000,0.000,0.000,0.000,388.000,334.000,0.000,0.998,1.000,0.966,0.999,0.000,0.002,0.000,0.000,428.000,353.000,0.000,0.978,0.998,0.980,1.000,0.003,0.018,0.000,0.002
468,334,37,0.000,0.996,1.000,0.970,1.000,0.000,0.004,0.000,0.000,363,334,0.000,1.000,1.000,0.991,1.000,0.000,0.000,0.000,0.000,388.000,334.000,0.000,0.998,1.000,0.966,0.999,0.000,0.002,0.000,0.000,428.000,353.000,0.000,0.978,0.998,0.980,1.000,0.003,0.018,0.000,0.002
469,334,37,0.000,0.996,1.000,0.970,1.000,0.000,0.004,0.000,0.000,363,334,0.000,1.000,1.000,0.991,1.000,0.000,0.000,0.000,0.000,388.000,334.000,0.000,0.998,1.000,0.966,0.999,0.000,0.002,0.000,0.000,428.000,353.000,0.000,0.978,0.998,0.980,1.000,0.003,0.018,0.000,0.002
470,334,37,0.000,0.996,1.000,0.970,1.000,0.000,0.004,0.000,0.000,363,334,0.000,1.000,1.000,0.991,1.000,0.000,0.000,0.000,0.000,388.000,334.000,0.000,0.998,1.000,0.966,0.999,0.000,0.002,0.000,0.000,428.000,353.000,0.000,0.978,0.998,0.980,1.000,0.003,0.018,0.000,0.002
471,334,37,0.000,0.996,1.000,0.970,1.000,0.000,0.004,0.000,0.000,363,334,0.000,1.000,1.000,0.991,1.000,0.000,0.000,0.000,0.000,388.000,334.000,0.000,0.998,1.000,0.966,0.999,0.000,0.002,0.000,0.000,428.000,353.000,0.000,0.978,0.998,0.980,1.000,0.003,0.018,0.000,0.002
472,334,37,0.000,0.996,1.000,0.970,1.000,0.000,0.004,0.000,0.000,363,334,0.000,1.000,1.000,0.991,1.000,0.000,0.000,0.000,0.000,388.000,334.000,0.000,0.998,1.000,0.966,0.999,0.000,0.002,0.000,0.000,428.000,353.000,0.000,0.978,0.998,0.980,1.000,0.003,0.018,0.000,0.002
473,334,37,0.000,0.996,1.000,0.970,1.000,0.000,0.004,0.000,0.000,363,334,0.000,1.000,1.000,0.991,1.000,0.000,0.000,0.000,0.000,388.000,334.000,0.000,0.998,1.000,0.966,0.999,0.000,0.002,0.000,0.000,428.000,353.000,0.000,0.978,0.998,0.980,1.000,0.003,0.018,0.000,0.002
474,334,37,0.000,0.996,1.000,0.970,1.000,0.000,0.004,0.000,0.000,363,334,0.000,1.000,1.000,0.991,1.000,0.000,0.000,0.000,0.000,388.000,334.000,0.000,0.998,1.000,0.966,0.999,0.000,0.002,0.000,0.000,428.000,353.000,0.000,0.978,0.998,0.980,1.000,0.003,0.018,0.000,0.002
475,334,37,0.000,0.996,1.000,0.970,1.000,0.000,0.004,0.000,0.000,363,334,0.000,1.000,1.000,0.991,1.000,0.000,0.000,0.000,0.000,388.000,334.000,0.000,0.998,1.000,0.966,0.999,0.000,0.002,0.000,0.000,428.000,353.000,0.000,0.978,0.998,0.980,1.000,0.003,0.018,0.000,0.002
476,334,37,0.000,0.996,1.000,0.970,1.000,0.000,0.004,0.000,0.000,363,334,0.000,1.000,1.000,0.991,1.000,0.000,0.000,0.000,0.000,388.000,334.000,0.000,0.998,1.000,0.966,0.999,0.000,0.002,0.000,0.000,428.000,353.000,0.000,0.978,0.998,0.980,1.000,0.003,0.018,0.000,0.002
477,334,37,0.000,0.996,1.000,0.970,1.000,0.000,0.004,0.000,0.000,363,334,0.000,1.000,1.000,0.991,1.000,0.000,0.000,0.000,0.000,388.000,334.000,0.000,0.998,1.000,0.966,0.999,0.000,0.002,0.000,0.000,428.000,353.000,0.000,0.978,0.998,0.980,1.000,0.003,0.018,0.000,0.002
478,334,37,0.000,0.996,1.000,0.970,1.000,0.000,0.004,0.000,0.000,363,334,0.000,1.000,1.000,0.991,1.000,0.000,0.000,0.000,0.000,388.000,334.000,0.000,0.998,1.000,0.966,0.999,0.000,0.002,0.000,0.000,428.000,353.000,0.000,0.978,0.998,0.980,1.000,0.003,0.018,0.000,0.002
479,334,37,0.000,0.996,1.000,0.970,1.000,0.000,0.004,0.000,0.000,363,334,0.000,1.000,1.000,0.991,1.000,0.000,0.000,0.000,0.000,388.000,334.000,0.000,0.998,1.000,0.966,0.999,0.000,0.002,0.000,0.000,428.000,353.000,0.000,0.978,0.998,0.980,1.000,0.003,0.018,0.000,0.002
480,334,37,0.000,0.996,1.000,0.970,1.000,0.000,0.004,0.000,0.000,363,334,0.000,1.000,1.000,0.991,1.000,0.000,0.000,0.000,0.000,388.000,334.000,0.000,0.998,1.000,0.966,0.999,0.000,0.002,0.000,0.000,428.000,353.000,0.000,0.978,0.998,0.980,1.000,0.003,0.018,0.000,0.002
481,334,37,0.000,0.996,1.000,0.970,1.000,0.000,0.004,0.000,0.000,363,334,0.000,1.000,1.000,0.991,1.000,0.000,0.000,0.000,0.000,388.000,334.000,0.000,0.998,1.000,0.966,0.999,0.000,0.002,0.000,0.000,428.000,353.000,0.000,0.978,0.998,0.980,1.000,0.003,0.018,0.000,0.002
482,334,37,0.000,0.996,1.000,0.970,1.000,0.000,0.004,0.000,0.000,363,334,0.000,1.000,1.000,0.991,1.000,0.000,0.000,0.000,0.000,388.000,334.000,0.000,0.998,1.000,0.966,0.999,0.000,0.002,0.000,0.000,428.000,353.000,0.000,0.978,0.998,0.980,1.000,0.003,0.018,0.000,0.002
483,334,37,0.000,0.996,1.000,0.970,1.000,0.000,0.004,0.000,0.000,363,334,0.000,1.000,1.000,0.991,1.000,0.000,0.000,0.000,0.000,388.000,334.000,0.000,0.998,1.000,0.966,0.999,0.000,0.002,0.000,0.000,428.000,353.000,0.000,0.978,0.998,0.980,1.000,0.003,0.018,0.000,0.002
484,334,37,0.000,0.996,1.000,0.970,1.000,0.000,0.004,0.000,0.000,363,334,0.000,1.000,1.000,0.991,1.000,0.000,0.000,0.000,0.000,388.000,334.000,0.000,0.998,1.000,0.966,0.999,0.000,0.002,0.000,0.000,428.000,353.000,0.000,0.978,0.998,0.980,1.000,0.003,0.018,0.000,0.002
485,334,37,0.000,0.996,1.000,0.970,1.000,0.000,0.004,0.000,0.000,363,334,0.000,1.000,1.000,0.991,1.000,0.000,0.000,0.000,0.000,388.000,334.000,0.000,0.998,1.000,0.966,0.999,0.000,0.002,0.000,0.000,428.000,353.000,0.000,0.978,0.998,0.980,1.000,0.003,0.018,0.000,0.002
486,334,37,0.000,0.996,1.000,0.970,1.000,0.000,0.004,0.000,0.000,363,334,0.000,1.000,1.000,0.991,1.000,0.000,0.000,0.000,0.000,388.000,334.000,0.000,0.998,1.000,0.966,0.999,0.000,0.002,0.000,0.000,428.000,353.000,0.000,0.978,0.998,0.980,1.000,0.003,0.018,0.000,0.002
487,334,37,0.000,0.996,1.000,0.970,1.000,0.000,0.004,0.000,0.000,363,334,0.000,1.000,1.000,0.991,1.000,0.000,0.000,0.000,0.000,388.000,334.000,0.000,0.998,1.000,0.966,0.999,0.000,0.002,0.000,0.000,428.000,353.000,0.000,0.978,0.998,0.980,1.000,0.003,0.018,0.000,0.002
488,334,37,0.000,0.996,1.000,0.970,1.000,0.000,0.004,0.000,0.000,363,334,0.000,1.000,1.000,0.991,1.000,0.000,0.000,0.000,0.000,388.000,334.000,0.000,0.998,1.000,0.966,0.999,0.000,0.002,0.000,0.000,428.000,353.000,0.000,0.978,0.998,0.980,1.000,0.003,0.018,0.000,0.002
489,334,37,0.000,0.996,1.000,0.970,1.000,0.000,0.004,0.000,0.000,363,334,0.000,1.000,1.000,0.991,1.000,0.000,0.000,0.000,0.000,388.000,334.000,0.000,0.998,1.000,0.966,0.999,0.000,0.002,0.000,0.000,428.000,353.000,0.000,0.978,0.998,0.980,1.000,0.003,0.018,0.000,0.002
490,334,37,0.000,0.996,1.000,0.970,1.000,0.000,0.004,0.000,0.000,363,334,0.000,1.000,1.000,0.991,1.000,0.000,0.000,0.000,0.000,388.000,334.000,0.000,0.998,1.000,0.966,0.999,0.000,0.002,0.000,0.000,428.000,353.000,0.000,0.978,0.998,0.980,1.000,0.003,0.018,0.000,0.002
491,334,37,0.000,0.996,1.000,0.970,1.000,0.000,0.004,0.000,0.000,363,334,0.000,1.000,1.000,0.991,1.000,0.000,0.000,0.000,0.000,388.000,334.000,0.000,0.998,1.000,0.966,0.999,0.000,0.002,0.000,0.000,428.000,353.000,0.000,0.978,0.998,0.980,1.000,0.003,0.018,0.000,0.002
492,334,37,0.000,0.996,1.000,0.970,1.000,0.000,0.004,0.000,0.000,363,334,0.000,1.000,1.000,0.991,1.000,0.000,0.000,0.000,0.000,388.000,334.000,0.000,0.998,1.000,0.966,0.999,0.000,0.002,0.000,0.000,428.000,353.000,0.000,0.978,0.998,0.980,1.000,0.003,0.018,0.000,0.002
493,334,37,0.000,0.996,1.000,0.970,1.000,0.000,0.004,0.000,0.000,363,334,0.000,1.000,1.000,0.991,1.000,0.000,0.000,0.000,0.000,388.000,334.000,0.000,0.998,1.000,0.966,0.999,0.000,0.002,0.000,0.000,428.000,353.000,0.000,0.978,0.998,0.980,1.000,0.003,0.018,0.000,0.002
494,334,37,0.000,0.996,1.000,0.970,1.000,0.000,0.004,0.000,0.000,363,334,0.000,1.000,1.000,0.991,1.000,0.000,0.000,0.000,0.000,388.000,334.000,0.000,0.998,1.000,0.966,0.999,0.000,0.002,0.000,0.000,428.000,353.000,0.000,0.978,0.998,0.980,1.000,0.003,0.018,0.000,0.002
495,334,37,0.000,0.996,1.000,0.970,1.000,0.000,0.004,0.000,0.000,363,334,0.000,1.000,1.000,0.991,1.000,0.000,0.000,0.000,0.000,388.000,334.000,0.000,0.998,1.000,0.966,0.999,0.000,0.002,0.000,0.000,428.000,353.000,0.000,0.978,0.998,0.980,1.000,0.003,0.018,0.000,0.002
496,334,37,0.000,0.996,1.000,0.970,1.000,0.000,0.004,0.000,0.000,363,334,0.000,1.000,1.000,0.991,1.000,0.000,0.000,0.000,0.000,388.000,334.000,0.000,0.998,1.000,0.966,0.999,0.000,0.002,0.000,0.000,428.000,353.000,0.000,0.978,0.998,0.980,1.000,0.003,0.018,0.000,0.002
497,334,37,0.000,0.996,1.000,0.970,1.000,0.000,0.004,0.000,0.000,363,334,0.000,1.000,1.000,0.991,1.000,0.000,0.000,0.000,0.000,388.000,334.000,0.000,0.998,1.000,0.966,0.999,0.000,0.002,0.000,0.000,428.000,353.000,0.000,0.978,0.998,0.980,1.000,0.003,0.018,0.000,0.002
498,334,37,0.000,0.996,1.000,0.970,1.000,0.000,0.004,0.000,0.000,363,334,0.000,1.000,1.000,0.991,1.000,0.000,0.000,0.000,0.000,388.000,334.000,0.000,0.998,1.000,0.966,0.999,0.000,0.002,0.000,0.000,428.000,353.000,0.000,0.978,0.998,0.980,1.000,0.003,0.018,0.000,0.002
499,334,37,0.000,0.996,1.000,0.970,1.000,0.000,0.004,0.000,0.000,363,334,0.000,1.000,1.000,0.991,1.000,0.000,0.000,0.000,0.000,388.000,334.000,0.000,0.998,1.000,0.966,0.999,0.000,0.002,0.000,0.000,428.000,353.000,0.000,0.978,0.998,0.980,1.000,0.003,0.018,0.000,0.002
500,334,37,0.000,0.996,1.000,0.970,1.000,0.000,0.004,0.000,0.000,363,334,0.000,1.000,1.000,0.991,1.000,0.000,0.000,0.000,0.000,388.000,334.000,0.000,0.998,1.000,0.966,0.999,0.000,0.002,0.000,0.000,428.000,353.000,0.000,0.978,0.998,0.980,1.000,0.003,0.018,0.000,0.002
501,334,37,0.000,0.996,1.000,0.970,1.000,0.000,0.004,0.000,0.000,363,334,0.000,1.000,1.000,0.991,1.000,0.000,0.000,0.000,0.000,388.000,334.000,0.000,0.998,1.000,0.966,0.999,0.000,0.002,0.000,0.000,428.000,353.000,0.000,0.978,0.998,0.980,1.000,0.003,0.018,0.000,0.002
502,334,37,0.000,0.996,1.000,0.970,1.000,0.000,0.004,0.000,0.000,363,334,0.000,1.000,1.000,0.991,1.000,0.000,0.000,0.000,0.000,388.000,334.000,0.000,0.998,1.000,0.966,0.999,0.000,0.002,0.000,0.000,428.000,353.000,0.000,0.978,0.998,0.980,1.000,0.003,0.018,0.000,0.002
503,334,37,0.000,0.996,1.000,0.970,1.000,0.000,0.004,0.000,0.000,363,334,0.000,1.000,1.000,0.991,1.000,0.000,0.000,0.000,0.000,388.000,334.000,0.000,0.998,1.000,0.966,0.999,0.000,0.002,0.000,0.000,428.000,353.000,0.000,0.978,0.998,0.980,1.000,0.003,0.018,0.000,0.002
504,334,37,0.000,0.996,1.000,0.970,1.000,0.000,0.004,0.000,0.000,363,334,0.000,1.000,1.000,0.991,1.000,0.000,0.000,0.000,0.000,388.000,334.000,0.000,0.998,1.000,0.966,0.999,0.000,0.002,0.000,0.000,428.000,353.000,0.000,0.978,0.998,0.980,1.000,0.003,0.018,0.000,0.002
505,334,37,0.000,0.996,1.000,0.970,1.000,0.000,0.004,0.000,0.000,363,334,0.000,1.000,1.000,0.991,1.000,0.000,0.000,0.000,0.000,388.000,334.000,0.000,0.998,1.000,0.966,0.999,0.000,0.002,0.000,0.000,428.000,353.000,0.000,0.978,0.998,0.980,1.000,0.003,0.018,0.000,0.002
506,334,37,0.000,0.996,1.000,0.970,1.000,0.000,0.004,0.000,0.000,363,334,0.000,1.000,1.000,0.991,1.000,0.000,0.000,0.000,0.000,388.000,334.000,0.000,0.998,1.000,0.966,0.999,0.000,0.002,0.000,0.000,428.000,353.000,0.000,0.978,0.998,0.980,1.000,0.003,0.018,0.000,0.002
507,334,37,0.000,0.996,1.000,0.970,1.000,0.000,0.004,0.000,0.000,363,334,0.000,1.000,1.000,0.991,1.000,0.000,0.000,0.000,0.000,388.000,334.000,0.000,0.998,1.000,0.966,0.999,0.000,0.002,0.000,0.000,428.000,353.000,0.000,0.978,0.998,0.980,1.000,0.003,0.018,0.000,0.002
508,334,37,0.000,0.996,1.000,0.970,1.000,0.000,0.004,0.000,0.000,363,334,0.000,1.000,1.000,0.991,1.000,0.000,0.000,0.000,0.000,388.000,334.000,0.000,0.998,1.000,0.966,0.999,0.000,0.002,0.000,0.000,428.000,353.000,0.000,0.978,0.998,0.980,1.000,0.003,0.018,0.000,0.002
509,334,37,0.000,0.996,1.000,0.970,1.000,0.000,0.004,0.000,0.000,363,334,0.000,1.000,1.000,0.991,1.000,0.000,0.000,0.000,0.000,388.000,334.000,0.000,0.998,1.000,0.966,0.999,0.000,0.002,0.000,0.000,428.000,353.000,0.000,0.978,0.998,0.980,1.000,0.003,0.018,0.000,0.002
510,334,37,0.000,0.996,1.000,0.970,1.000,0.000,0.004,0.000,0.000,363,334,0.000,1.000,1.000,0.991,1.000,0.000,0.000,0.000,0.000,388.000,334.000,0.000,0.998,1.000,0.966,0.999,0.000,0.002,0.000,0.000,428.000,353.000,0.000,0.978,0.998,0.980,1.000,0.003,0.018,0.000,0.002
511,334,37,0.000,0.996,1.000,0.970,1.000,0.000,0.004,0.000,0.000,363,334,0.000,1.000,1.000,0.991,1.000,0.000,0.000,0.000,0.000,388.000,334.000,0.000,0.998,1.000,0.966,0.999,0.000,0.002,0.000,0.000,428.000,353.000,0.000,0.978,0.998,0.980,1.000,0.003,0.018,0.000,0.002
512,334,37,0.000,0.996,1.000,0.970,1.000,0.000,0.004,0.000,0.000,363,334,0.000,1.000,1.000,0.991,1.000,0.000,0.000,0.000,0.000,388.000,334.000,0.000,0.998,1.000,0.966,0.999,0.000,0.002,0.000,0.000,428.000,353.000,0.000,0.978,0.998,0.980,1.000,0.003,0.018,0.000,0.002
513,334,37,0.000,0.996,1.000,0.970,1.000,0.000,0.004,0.000,0.000,363,334,0.000,1.000,1.000,0.991,1.000,0.000,0.000,0.000,0.000,388.000,334.000,0.000,0.998,1.000,0.966,0.999,0.000,0.002,0.000,0.000,428.000,353.000,0.000,0.978,0.998,0.980,1.000,0.003,0.018,0.000,0.002
514,334,37,0.000,0.996,1.000,0.970,1.000,0.000,0.004,0.000,0.000,363,334,0.000,1.000,1.000,0.991,1.000,0.000,0.000,0.000,0.000,388.000,334.000,0.000,0.998,1.000,0.966,0.999,0.000,0.002,0.000,0.000,428.000,353.000,0.000,0.978,0.998,0.980,1.000,0.003,0.018,0.000,0.002
515,334,37,0.000,0.996,1.000,0.970,1.000,0.000,0.004,0.000,0.000,363,334,0.000,1.000,1.000,0.991,1.000,0.000,0.000,0.000,0.000,388.000,334.000,0.000,0.998,1.000,0.966,0.999,0.000,0.002,0.000,0.000,428.000,353.000,0.000,0.978,0.998,0.980,1.000,0.003,0.018,0.000,0.002
516,334,37,0.000,0.996,1.000,0.970,1.000,0.000,0.004,0.000,0.000,363,334,0.000,1.000,1.000,0.991,1.000,0.000,0.000,0.000,0.000,388.000,334.000,0.000,0.998,1.000,0.966,0.999,0.000,0.002,0.000,0.000,428.000,353.000,0.000,0.978,0.998,0.980,1.000,0.003,0.018,0.000,0.002
517,334,37,0.000,0.996,1.000,0.970,1.000,0.000,0.004,0.000,0.000,363,334,0.000,1.000,1.000,0.991,1.000,0.000,0.000,0.000,0.000,388.000,334.000,0.000,0.998,1.000,0.966,0.999,0.000,0.002,0.000,0.000,428.000,353.000,0.000,0.978,0.998,0.980,1.000,0.003,0.018,0.000,0.002
518,334,37,0.000,0.996,1.000,0.970,1.000,0.000,0.004,0.000,0.000,363,334,0.000,1.000,1.000,0.991,1.000,0.000,0.000,0.000,0.000,388.000,334.000,0.000,0.998,1.000,0.966,0.999,0.000,0.002,0.000,0.000,428.000,353.000,0.000,0.978,0.998,0.980,1.000,0.003,0.018,0.000,0.002
519,334,37,0.000,0.996,1.000,0.970,1.000,0.000,0.004,0.000,0.000,363,334,0.000,1.000,1.000,0.991,1.000,0.000,0.000,0.000,0.000,388.000,334.000,0.000,0.998,1.000,0.966,0.999,0.000,0.002,0.000,0.000,428.000,353.000,0.000,0.978,0.998,0.980,1.000,0.003,0.018,0.000,0.002
520,334,37,0.000,0.996,1.000,0.970,1.000,0.000,0.004,0.000,0.000,388,334,0.000,0.998,1.000,0.966,0.999,0.000,0.002,0.000,0.000,428.000,353.000,0.000,0.978,0.998,0.980,1.000,0.003,0.018,0.000,0.002,434.000,428.000,0.000,0.983,0.998,0.995,0.998,0.000,0.017,0.000,0.002
521,334,37,0.000,0.996,1.000,0.970,1.000,0.000,0.004,0.000,0.000,388,334,0.000,0.998,1.000,0.966,0.999,0.000,0.002,0.000,0.000,428.000,353.000,0.000,0.978,0.998,0.980,1.000,0.003,0.018,0.000,0.002,434.000,428.000,0.000,0.983,0.998,0.995,0.998,0.000,0.017,0.000,0.002
522,334,37,0.000,0.996,1.000,0.970,1.000,0.000,0.004,0.000,0.000,388,334,0.000,0.998,1.000,0.966,0.999,0.000,0.002,0.000,0.000,428.000,353.000,0.000,0.978,0.998,0.980,1.000,0.003,0.018,0.000,0.002,434.000,428.000,0.000,0.983,0.998,0.995,0.998,0.000,0.017,0.000,0.002
523,334,37,0.000,0.996,1.000,0.970,1.000,0.000,0.004,0.000,0.000,388,334,0.000,0.998,1.000,0.966,0.999,0.000,0.002,0.000,0.000,428.000,353.000,0.000,0.978,0.998,0.980,1.000,0.003,0.018,0.000,0.002,434.000,428.000,0.000,0.983,0.998,0.995,0.998,0.000,0.017,0.000,0.002
524,334,37,0.000,0.996,1.000,0.970,1.000,0.000,0.004,0.000,0.000,388,334,0.000,0.998,1.000,0.966,0.999,0.000,0.002,0.000,0.000,428.000,353.000,0.000,0.978,0.998,0.980,1.000,0.003,0.018,0.000,0.002,434.000,428.000,0.000,0.983,0.998,0.995,0.998,0.000,0.017,0.000,0.002
525,334,37,0.000,0.996,1.000,0.970,1.000,0.000,0.004,0.000,0.000,388,334,0.000,0.998,1.000,0.966,0.999,0.000,0.002,0.000,0.000,428.000,353.000,0.000,0.978,0.998,0.980,1.000,0.003,0.018,0.000,0.002,434.000,428.000,0.000,0.983,0.998,0.995,0.998,0.000,0.017,0.000,0.002
526,334,37,0.000,0.996,1.000,0.970,1.000,0.000,0.004,0.000,0.000,388,334,0.000,0.998,1.000,0.966,0.999,0.000,0.002,0.000,0.000,428.000,353.000,0.000,0.978,0.998,0.980,1.000,0.003,0.018,0.000,0.002,434.000,428.000,0.000,0.983,0.998,0.995,0.998,0.000,0.017,0.000,0.002
527,334,37,0.000,0.996,1.000,0.970,1.000,0.000,0.004,0.000,0.000,388,334,0.000,0.998,1.000,0.966,0.999,0.000,0.002,0.000,0.000,428.000,353.000,0.000,0.978,0.998,0.980,1.000,0.003,0.018,0.000,0.002,434.000,428.000,0.000,0.983,0.998,0.995,0.998,0.000,0.017,0.000,0.002
528,334,37,0.000,0.996,1.000,0.970,1.000,0.000,0.004,0.000,0.000,388,334,0.000,0.998,1.000,0.966,0.999,0.000,0.002,0.000,0.000,428.000,353.000,0.000,0.978,0.998,0.980,1.000,0.003,0.018,0.000,0.002,434.000,428.000,0.000,0.983,0.998,0.995,0.998,0.000,0.017,0.000,0.002
529,334,37,0.000,0.996,1.000,0.970,1.000,0.000,0.004,0.000,0.000,388,334,0.000,0.998,1.000,0.966,0.999,0.000,0.002,0.000,0.000,428.000,353.000,0.000,0.978,0.998,0.980,1.000,0.003,0.018,0.000,0.002,434.000,428.000,0.000,0.983,0.998,0.995,0.998,0.000,0.017,0.000,0.002
530,334,37,0.000,0.996,1.000,0.970,1.000,0.000,0.004,0.000,0.000,388,334,0.000,0.998,1.000,0.966,0.999,0.000,0.002,0.000,0.000,428.000,353.000,0.000,0.978,0.998,0.980,1.000,0.003,0.018,0.000,0.002,434.000,428.000,0.000,0.983,0.998,0.995,0.998,0.000,0.017,0.000,0.002
531,334,37,0.000,0.996,1.000,0.970,1.000,0.000,0.004,0.000,0.000,388,334,0.000,0.998,1.000,0.966,0.999,0.000,0.002,0.000,0.000,428.000,353.000,0.000,0.978,0.998,0.980,1.000,0.003,0.018,0.000,0.002,434.000,428.000,0.000,0.983,0.998,0.995,0.998,0.000,0.017,0.000,0.002
532,334,37,0.000,0.996,1.000,0.970,1.000,0.000,0.004,0.000,0.000,388,334,0.000,0.998,1.000,0.966,0.999,0.000,0.002,0.000,0.000,428.000,353.000,0.000,0.978,0.998,0.980,1.000,0.003,0.018,0.000,0.002,434.000,428.000,0.000,0.983,0.998,0.995,0.998,0.000,0.017,0.000,0.002
533,334,37,0.000,0.996,1.000,0.970,1.000,0.000,0.004,0.000,0.000,388,334,0.000,0.998,1.000,0.966,0.999,0.000,0.002,0.000,0.000,428.000,353.000,0.000,0.978,0.998,0.980,1.000,0.003,0.018,0.000,0.002,434.000,428.000,0.000,0.983,0.998,0.995,0.998,0.000,0.017,0.000,0.002
534,334,37,0.000,0.996,1.000,0.970,1.000,0.000,0.004,0.000,0.000,388,334,0.000,0.998,1.000,0.966,0.999,0.000,0.002,0.000,0.000,428.000,353.000,0.000,0.978,0.998,0.980,1.000,0.003,0.018,0.000,0.002,434.000,428.000,0.000,0.983,0.998,0.995,0.998,0.000,0.017,0.000,0.002
535,334,37,0.000,0.996,1.000,0.970,1.000,0.000,0.004,0.000,0.000,388,334,0.000,0.998,1.000,0.966,0.999,0.000,0.002,0.000,0.000,428.000,353.000,0.000,0.978,0.998,0.980,1.000,0.003,0.018,0.000,0.002,434.000,428.000,0.000,0.983,0.998,0.995,0.998,0.000,0.017,0.000,0.002
536,334,37,0.000,0.996,1.000,0.970,1.000,0.000,0.004,0.000,0.000,388,334,0.000,0.998,1.000,0.966,0.999,0.000,0.002,0.000,0.000,428.000,353.000,0.000,0.978,0.998,0.980,1.000,0.003,0.018,0.000,0.002,434.000,428.000,0.000,0.983,0.998,0.995,0.998,0.000,0.017,0.000,0.002
537,334,37,0.000,0.996,1.000,0.970,1.000,0.000,0.004,0.000,0.000,388,334,0.000,0.998,1.000,0.966,0.999,0.000,0.002,0.000,0.000,428.000,353.000,0.000,0.978,0.998,0.980,1.000,0.003,0.018,0.000,0.002,434.000,428.000,0.000,0.983,0.998,0.995,0.998,0.000,0.017,0.000,0.002
538,334,37,0.000,0.996,1.000,0.970,1.000,0.000,0.004,0.000,0.000,388,334,0.000,0.998,1.000,0.966,0.999,0.000,0.002,0.000,0.000,428.000,353.000,0.000,0.978,0.998,0.980,1.000,0.003,0.018,0.000,0.002,434.000,428.000,0.000,0.983,0.998,0.995,0.998,0.000,0.017,0.000,0.002
539,334,37,0.000,0.996,1.000,0.970,1.000,0.000,0.004,0.000,0.000,388,334,0.000,0.998,1.000,0.966,0.999,0.000,0.002,0.000,0.000,428.000,353.000,0.000,0.978,0.998,0.980,1.000,0.003,0.018,0.000,0.002,434.000,428.000,0.000,0.983,0.998,0.995,0.998,0.000,0.017,0.000,0.002
540,334,37,0.000,0.996,1.000,0.970,1.000,0.000,0.004,0.000,0.000,388,334,0.000,0.998,1.000,0.966,0.999,0.000,0.002,0.000,0.000,428.000,353.000,0.000,0.978,0.998,0.980,1.000,0.003,0.018,0.000,0.002,434.000,428.000,0.000,0.983,0.998,0.995,0.998,0.000,0.017,0.000,0.002
541,334,37,0.000,0.996,1.000,0.970,1.000,0.000,0.004,0.000,0.000,388,334,0.000,0.998,1.000,0.966,0.999,0.000,0.002,0.000,0.000,428.000,353.000,0.000,0.978,0.998,0.980,1.000,0.003,0.018,0.000,0.002,434.000,428.000,0.000,0.983,0.998,0.995,0.998,0.000,0.017,0.000,0.002
542,334,37,0.000,0.996,1.000,0.970,1.000,0.000,0.004,0.000,0.000,388,334,0.000,0.998,1.000,0.966,0.999,0.000,0.002,0.000,0.000,428.000,353.000,0.000,0.978,0.998,0.980,1.000,0.003,0.018,0.000,0.002,434.000,428.000,0.000,0.983,0.998,0.995,0.998,0.000,0.017,0.000,0.002
543,334,37,0.000,0.996,1.000,0.970,1.000,0.000,0.004,0.000,0.000,388,334,0.000,0.998,1.000,0.966,0.999,0.000,0.002,0.000,0.000,428.000,353.000,0.000,0.978,0.998,0.980,1.000,0.003,0.018,0.000,0.002,434.000,428.000,0.000,0.983,0.998,0.995,0.998,0.000,0.017,0.000,0.002
544,334,37,0.000,0.996,1.000,0.970,1.000,0.000,0.004,0.000,0.000,388,334,0.000,0.998,1.000,0.966,0.999,0.000,0.002,0.000,0.000,428.000,353.000,0.000,0.978,0.998,0.980,1.000,0.003,0.018,0.000,0.002,434.000,428.000,0.000,0.983,0.998,0.995,0.998,0.000,0.017,0.000,0.002
545,334,37,0.000,0.996,1.000,0.970,1.000,0.000,0.004,0.000,0.000,388,334,0.000,0.998,1.000,0.966,0.999,0.000,0.002,0.000,0.000,428.000,353.000,0.000,0.978,0.998,0.980,1.000,0.003,0.018,0.000,0.002,434.000,428.000,0.000,0.983,0.998,0.995,0.998,0.000,0.017,0.000,0.002
546,334,37,0.000,0.996,1.000,0.970,1.000,0.000,0.004,0.000,0.000,388,334,0.000,0.998,1.000,0.966,0.999,0.000,0.002,0.000,0.000,428.000,353.000,0.000,0.978,0.998,0.980,1.000,0.003,0.018,0.000,0.002,434.000,428.000,0.000,0.983,0.998,0.995,0.998,0.000,0.017,0.000,0.002
547,334,37,0.000,0.996,1.000,0.970,1.000,0.000,0.004,0.000,0.000,388,334,0.000,0.998,1.000,0.966,0.999,0.000,0.002,0.000,0.000,428.000,353.000,0.000,0.978,0.998,0.980,1.000,0.003,0.018,0.000,0.002,434.000,428.000,0.000,0.983,0.998,0.995,0.998,0.000,0.017,0.000,0.002
548,334,37,0.000,0.996,1.000,0.970,1.000,0.000,0.004,0.000,0.000,388,334,0.000,0.998,1.000,0.966,0.999,0.000,0.002,0.000,0.000,428.000,353.000,0.000,0.978,0.998,0.980,1.000,0.003,0.018,0.000,0.002,434.000,428.000,0.000,0.983,0.998,0.995,0.998,0.000,0.017,0.000,0.002
549,334,37,0.000,0.996,1.000,0.970,1.000,0.000,0.004,0.000,0.000,388,334,0.000,0.998,1.000,0.966,0.999,0.000,0.002,0.000,0.000,428.000,353.000,0.000,0.978,0.998,0.980,1.000,0.003,0.018,0.000,0.002,434.000,428.000,0.000,0.983,0.998,0.995,0.998,0.000,0.017,0.000,0.002
550,334,37,0.000,0.996,1.000,0.970,1.000,0.000,0.004,0.000,0.000,388,334,0.000,0.998,1.000,0.966,0.999,0.000,0.002,0.000,0.000,428.000,353.000,0.000,0.978,0.998,0.980,1.000,0.003,0.018,0.000,0.002,434.000,428.000,0.000,0.983,0.998,0.995,0.998,0.000,0.017,0.000,0.002
551,334,37,0.000,0.996,1.000,0.970,1.000,0.000,0.004,0.000,0.000,388,334,0.000,0.998,1.000,0.966,0.999,0.000,0.002,0.000,0.000,428.000,353.000,0.000,0.978,0.998,0.980,1.000,0.003,0.018,0.000,0.002,434.000,428.000,0.000,0.983,0.998,0.995,0.998,0.000,0.017,0.000,0.002
552,334,37,0.000,0.996,1.000,0.970,1.000,0.000,0.004,0.000,0.000,388,334,0.000,0.998,1.000,0.966,0.999,0.000,0.002,0.000,0.000,428.000,353.000,0.000,0.978,0.998,0.980,1.000,0.003,0.018,0.000,0.002,434.000,428.000,0.000,0.983,0.998,0.995,0.998,0.000,0.017,0.000,0.002
553,334,37,0.000,0.996,1.000,0.970,1.000,0.000,0.004,0.000,0.000,388,334,0.000,0.998,1.000,0.966,0.999,0.000,0.002,0.000,0.000,428.000,353.000,0.000,0.978,0.998,0.980,1.000,0.003,0.018,0.000,0.002,434.000,428.000,0.000,0.983,0.998,0.995,0.998,0.000,0.017,0.000,0.002
554,334,37,0.000,0.996,1.000,0.970,1.000,0.000,0.004,0.000,0.000,388,334,0.000,0.998,1.000,0.966,0.999,0.000,0.002,0.000,0.000,428.000,353.000,0.000,0.978,0.998,0.980,1.000,0.003,0.018,0.000,0.002,434.000,428.000,0.000,0.983,0.998,0.995,0.998,0.000,0.017,0.000,0.002
555,334,37,0.000,0.996,1.000,0.970,1.000,0.000,0.004,0.000,0.000,388,334,0.000,0.998,1.000,0.966,0.999,0.000,0.002,0.000,0.000,428.000,353.000,0.000,0.978,0.998,0.980,1.000,0.003,0.018,0.000,0.002,434.000,428.000,0.000,0.983,0.998,0.995,0.998,0.000,0.017,0.000,0.002
556,334,37,0.000,0.996,1.000,0.970,1.000,0.000,0.004,0.000,0.000,388,334,0.000,0.998,1.000,0.966,0.999,0.000,0.002,0.000,0.000,428.000,353.000,0.000,0.978,0.998,0.980,1.000,0.003,0.018,0.000,0.002,434.000,428.000,0.000,0.983,0.998,0.995,0.998,0.000,0.017,0.000,0.002
557,334,37,0.000,0.996,1.000,0.970,1.000,0.000,0.004,0.000,0.000,388,334,0.000,0.998,1.000,0.966,0.999,0.000,0.002,0.000,0.000,428.000,353.000,0.000,0.978,0.998,0.980,1.000,0.003,0.018,0.000,0.002,434.000,428.000,0.000,0.983,0.998,0.995,0.998,0.000,0.017,0.000,0.002
558,334,37,0.000,0.996,1.000,0.970,1.000,0.000,0.004,0.000,0.000,388,334,0.000,0.998,1.000,0.966,0.999,0.000,0.002,0.000,0.000,428.000,353.000,0.000,0.978,0.998,0.980,1.000,0.003,0.018,0.000,0.002,434.000,428.000,0.000,0.983,0.998,0.995,0.998,0.000,0.017,0.000,0.002
559,334,37,0.000,0.996,1.000,0.970,1.000,0.000,0.004,0.000,0.000,388,334,0.000,0.998,1.000,0.966,0.999,0.000,0.002,0.000,0.000,428.000,353.000,0.000,0.978,0.998,0.980,1.000,0.003,0.018,0.000,0.002,434.000,428.000,0.000,0.983,0.998,0.995,0.998,0.000,0.017,0.000,0.002
560,334,37,0.000,0.996,1.000,0.970,1.000,0.000,0.004,0.000,0.000,388,334,0.000,0.998,1.000,0.966,0.999,0.000,0.002,0.000,0.000,428.000,353.000,0.000,0.978,0.998,0.980,1.000,0.003,0.018,0.000,0.002,434.000,428.000,0.000,0.983,0.998,0.995,0.998,0.000,0.017,0.000,0.002
561,334,37,0.000,0.996,1.000,0.970,1.000,0.000,0.004,0.000,0.000,388,334,0.000,0.998,1.000,0.966,0.999,0.000,0.002,0.000,0.000,428.000,353.000,0.000,0.978,0.998,0.980,1.000,0.003,0.018,0.000,0.002,434.000,428.000,0.000,0.983,0.998,0.995,0.998,0.000,0.017,0.000,0.002
562,334,37,0.000,0.996,1.000,0.970,1.000,0.000,0.004,0.000,0.000,388,334,0.000,0.998,1.000,0.966,0.999,0.000,0.002,0.000,0.000,428.000,353.000,0.000,0.978,0.998,0.980,1.000,0.003,0.018,0.000,0.002,434.000,428.000,0.000,0.983,0.998,0.995,0.998,0.000,0.017,0.000,0.002
563,334,37,0.000,0.996,1.000,0.970,1.000,0.000,0.004,0.000,0.000,388,334,0.000,0.998,1.000,0.966,0.999,0.000,0.002,0.000,0.000,428.000,353.000,0.000,0.978,0.998,0.980,1.000,0.003,0.018,0.000,0.002,434.000,428.000,0.000,0.983,0.998,0.995,0.998,0.000,0.017,0.000,0.002
564,334,37,0.000,0.996,1.000,0.970,1.000,0.000,0.004,0.000,0.000,388,334,0.000,0.998,1.000,0.966,0.999,0.000,0.002,0.000,0.000,428.000,353.000,0.000,0.978,0.998,0.980,1.000,0.003,0.018,0.000,0.002,434.000,428.000,0.000,0.983,0.998,0.995,0.998,0.000,0.017,0.000,0.002
565,334,37,0.000,0.996,1.000,0.970,1.000,0.000,0.004,0.000,0.000,388,334,0.000,0.998,1.000,0.966,0.999,0.000,0.002,0.000,0.000,428.000,353.000,0.000,0.978,0.998,0.980,1.000,0.003,0.018,0.000,0.002,434.000,428.000,0.000,0.983,0.998,0.995,0.998,0.000,0.017,0.000,0.002
566,334,37,0.000,0.996,1.000,0.970,1.000,0.000,0.004,0.000,0.000,388,334,0.000,0.998,1.000,0.966,0.999,0.000,0.002,0.000,0.000,428.000,353.000,0.000,0.978,0.998,0.980,1.000,0.003,0.018,0.000,0.002,434.000,428.000,0.000,0.983,0.998,0.995,0.998,0.000,0.017,0.000,0.002
567,334,37,0.000,0.996,1.000,0.970,1.000,0.000,0.004,0.000,0.000,388,334,0.000,0.998,1.000,0.966,0.999,0.000,0.002,0.000,0.000,428.000,353.000,0.000,0.978,0.998,0.980,1.000,0.003,0.018,0.000,0.002,434.000,428.000,0.000,0.983,0.998,0.995,0.998,0.000,0.017,0.000,0.002
568,334,37,0.000,0.996,1.000,0.970,1.000,0.000,0.004,0.000,0.000,388,334,0.000,0.998,1.000,0.966,0.999,0.000,0.002,0.000,0.000,428.000,353.000,0.000,0.978,0.998,0.980,1.000,0.003,0.018,0.000,0.002,434.000,428.000,0.000,0.983,0.998,0.995,0.998,0.000,0.017,0.000,0.002
569,334,37,0.000,0.996,1.000,0.970,1.000,0.000,0.004,0.000,0.000,388,334,0.000,0.998,1.000,0.966,0.999,0.000,0.002,0.000,0.000,428.000,353.000,0.000,0.978,0.998,0.980,1.000,0.003,0.018,0.000,0.002,434.000,428.000,0.000,0.983,0.998,0.995,0.998,0.000,0.017,0.000,0.002
570,334,37,0.000,0.996,1.000,0.970,1.000,0.000,0.004,0.000,0.000,388,334,0.000,0.998,1.000,0.966,0.999,0.000,0.002,0.000,0.000,428.000,353.000,0.000,0.978,0.998,0.980,1.000,0.003,0.018,0.000,0.002,434.000,428.000,0.000,0.983,0.998,0.995,0.998,0.000,0.017,0.000,0.002
571,334,37,0.000,0.996,1.000,0.970,1.000,0.000,0.004,0.000,0.000,388,334,0.000,0.998,1.000,0.966,0.999,0.000,0.002,0.000,0.000,428.000,353.000,0.000,0.978,0.998,0.980,1.000,0.003,0.018,0.000,0.002,434.000,428.000,0.000,0.983,0.998,0.995,0.998,0.000,0.017,0.000,0.002
572,334,37,0.000,0.996,1.000,0.970,1.000,0.000,0.004,0.000,0.000,388,334,0.000,0.998,1.000,0.966,0.999,0.000,0.002,0.000,0.000,428.000,353.000,0.000,0.978,0.998,0.980,1.000,0.003,0.018,0.000,0.002,434.000,428.000,0.000,0.983,0.998,0.995,0.998,0.000,0.017,0.000,0.002
573,334,37,0.000,0.996,1.000,0.970,1.000,0.000,0.004,0.000,0.000,388,334,0.000,0.998,1.000,0.966,0.999,0.000,0.002,0.000,0.000,428.000,353.000,0.000,0.978,0.998,0.980,1.000,0.003,0.018,0.000,0.002,434.000,428.000,0.000,0.983,0.998,0.995,0.998,0.000,0.017,0.000,0.002
574,334,37,0.000,0.996,1.000,0.970,1.000,0.000,0.004,0.000,0.000,388,334,0.000,0.998,1.000,0.966,0.999,0.000,0.002,0.000,0.000,428.000,353.000,0.000,0.978,0.998,0.980,1.000,0.003,0.018,0.000,0.002,434.000,428.000,0.000,0.983,0.998,0.995,0.998,0.000,0.017,0.000,0.002
575,334,37,0.000,0.996,1.000,0.970,1.000,0.000,0.004,0.000,0.000,388,334,0.000,0.998,1.000,0.966,0.999,0.000,0.002,0.000,0.000,428.000,353.000,0.000,0.978,0.998,0.980,1.000,0.003,0.018,0.000,0.002,434.000,428.000,0.000,0.983,0.998,0.995,0.998,0.000,0.017,0.000,0.002
576,334,37,0.000,0.996,1.000,0.970,1.000,0.000,0.004,0.000,0.000,388,334,0.000,0.998,1.000,0.966,0.999,0.000,0.002,0.000,0.000,428.000,353.000,0.000,0.978,0.998,0.980,1.000,0.003,0.018,0.000,0.002,434.000,428.000,0.000,0.983,0.998,0.995,0.998,0.000,0.017,0.000,0.002
577,334,37,0.000,0.996,1.000,0.970,1.000,0.000,0.004,0.000,0.000,388,334,0.000,0.998,1.000,0.966,0.999,0.000,0.002,0.000,0.000,428.000,353.000,0.000,0.978,0.998,0.980,1.000,0.003,0.018,0.000,0.002,434.000,428.000,0.000,0.983,0.998,0.995,0.998,0.000,0.017,0.000,0.002
578,334,37,0.000,0.996,1.000,0.970,1.000,0.000,0.004,0.000,0.000,388,334,0.000,0.998,1.000,0.966,0.999,0.000,0.002,0.000,0.000,428.000,353.000,0.000,0.978,0.998,0.980,1.000,0.003,0.018,0.000,0.002,434.000,428.000,0.000,0.983,0.998,0.995,0.998,0.000,0.017,0.000,0.002
579,334,37,0.000,0.996,1.000,0.970,1.000,0.000,0.004,0.000,0.000,388,334,0.000,0.998,1.000,0.966,0.999,0.000,0.002,0.000,0.000,428.000,353.000,0.000,0.978,0.998,0.980,1.000,0.003,0.018,0.000,0.002,434.000,428.000,0.000,0.983,0.998,0.995,0.998,0.000,0.017,0.000,0.002
580,334,37,0.000,0.996,1.000,0.970,1.000,0.000,0.004,0.000,0.000,388,334,0.000,0.998,1.000,0.966,0.999,0.000,0.002,0.000,0.000,428.000,353.000,0.000,0.978,0.998,0.980,1.000,0.003,0.018,0.000,0.002,434.000,428.000,0.000,0.983,0.998,0.995,0.998,0.000,0.017,0.000,0.002
581,334,37,0.000,0.996,1.000,0.970,1.000,0.000,0.004,0.000,0.000,388,334,0.000,0.998,1.000,0.966,0.999,0.000,0.002,0.000,0.000,428.000,353.000,0.000,0.978,0.998,0.980,1.000,0.003,0.018,0.000,0.002,434.000,428.000,0.000,0.983,0.998,0.995,0.998,0.000,0.017,0.000,0.002
582,334,37,0.000,0.996,1.000,0.970,1.000,0.000,0.004,0.000,0.000,388,334,0.000,0.998,1.000,0.966,0.999,0.000,0.002,0.000,0.000,428.000,353.000,0.000,0.978,0.998,0.980,1.000,0.003,0.018,0.000,0.002,434.000,428.000,0.000,0.983,0.998,0.995,0.998,0.000,0.017,0.000,0.002
583,334,37,0.000,0.996,1.000,0.970,1.000,0.000,0.004,0.000,0.000,388,334,0.000,0.998,1.000,0.966,0.999,0.000,0.002,0.000,0.000,428.000,353.000,0.000,0.978,0.998,0.980,1.000,0.003,0.018,0.000,0.002,434.000,428.000,0.000,0.983,0.998,0.995,0.998,0.000,0.017,0.000,0.002
584,334,37,0.000,0.996,1.000,0.970,1.000,0.000,0.004,0.000,0.000,388,334,0.000,0.998,1.000,0.966,0.999,0.000,0.002,0.000,0.000,428.000,353.000,0.000,0.978,0.998,0.980,1.000,0.003,0.018,0.000,0.002,434.000,428.000,0.000,0.983,0.998,0.995,0.998,0.000,0.017,0.000,0.002
585,334,37,0.000,0.996,1.000,0.970,1.000,0.000,0.004,0.000,0.000,388,334,0.000,0.998,1.000,0.966,0.999,0.000,0.002,0.000,0.000,428.000,353.000,0.000,0.978,0.998,0.980,1.000,0.003,0.018,0.000,0.002,434.000,428.000,0.000,0.983,0.998,0.995,0.998,0.000,0.017,0.000,0.002
586,334,37,0.000,0.996,1.000,0.970,1.000,0.000,0.004,0.000,0.000,388,334,0.000,0.998,1.000,0.966,0.999,0.000,0.002,0.000,0.000,428.000,353.000,0.000,0.978,0.998,0.980,1.000,0.003,0.018,0.000,0.002,434.000,428.000,0.000,0.983,0.998,0.995,0.998,0.000,0.017,0.000,0.002
587,334,37,0.000,0.996,1.000,0.970,1.000,0.000,0.004,0.000,0.000,388,334,0.000,0.998,1.000,0.966,0.999,0.000,0.002,0.000,0.000,428.000,353.000,0.000,0.978,0.998,0.980,1.000,0.003,0.018,0.000,0.002,434.000,428.000,0.000,0.983,0.998,0.995,0.998,0.000,0.017,0.000,0.002
588,334,37,0.000,0.996,1.000,0.970,1.000,0.000,0.004,0.000,0.000,388,334,0.000,0.998,1.000,0.966,0.999,0.000,0.002,0.000,0.000,428.000,353.000,0.000,0.978,0.998,0.980,1.000,0.003,0.018,0.000,0.002,434.000,428.000,0.000,0.983,0.998,0.995,0.998,0.000,0.017,0.000,0.002
589,334,37,0.000,0.996,1.000,0.970,1.000,0.000,0.004,0.000,0.000,388,334,0.000,0.998,1.000,0.966,0.999,0.000,0.002,0.000,0.000,428.000,353.000,0.000,0.978,0.998,0.980,1.000,0.003,0.018,0.000,0.002,434.000,428.000,0.000,0.983,0.998,0.995,0.998,0.000,0.017,0.000,0.002
590,334,37,0.000,0.996,1.000,0.970,1.000,0.000,0.004,0.000,0.000,388,334,0.000,0.998,1.000,0.966,0.999,0.000,0.002,0.000,0.000,428.000,353.000,0.000,0.978,0.998,0.980,1.000,0.003,0.018,0.000,0.002,434.000,428.000,0.000,0.983,0.998,0.995,0.998,0.000,0.017,0.000,0.002
591,334,37,0.000,0.996,1.000,0.970,1.000,0.000,0.004,0.000,0.000,388,334,0.000,0.998,1.000,0.966,0.999,0.000,0.002,0.000,0.000,428.000,353.000,0.000,0.978,0.998,0.980,1.000,0.003,0.018,0.000,0.002,434.000,428.000,0.000,0.983,0.998,0.995,0.998,0.000,0.017,0.000,0.002
592,334,37,0.000,0.996,1.000,0.970,1.000,0.000,0.004,0.000,0.000,388,334,0.000,0.998,1.000,0.966,0.999,0.000,0.002,0.000,0.000,428.000,353.000,0.000,0.978,0.998,0.980,1.000,0.003,0.018,0.000,0.002,434.000,428.000,0.000,0.983,0.998,0.995,0.998,0.000,0.017,0.000,0.002
593,334,37,0.000,0.996,1.000,0.970,1.000,0.000,0.004,0.000,0.000,388,334,0.000,0.998,1.000,0.966,0.999,0.000,0.002,0.000,0.000,428.000,353.000,0.000,0.978,0.998,0.980,1.000,0.003,0.018,0.000,0.002,434.000,428.000,0.000,0.983,0.998,0.995,0.998,0.000,0.017,0.000,0.002
594,334,37,0.000,0.996,1.000,0.970,1.000,0.000,0.004,0.000,0.000,388,334,0.000,0.998,1.000,0.966,0.999,0.000,0.002,0.000,0.000,428.000,353.000,0.000,0.978,0.998,0.980,1.000,0.003,0.018,0.000,0.002,434.000,428.000,0.000,0.983,0.998,0.995,0.998,0.000,0.017,0.000,0.002
595,334,37,0.000,0.996,1.000,0.970,1.000,0.000,0.004,0.000,0.000,388,334,0.000,0.998,1.000,0.966,0.999,0.000,0.002,0.000,0.000,428.000,353.000,0.000,0.978,0.998,0.980,1.000,0.003,0.018,0.000,0.002,434.000,428.000,0.000,0.983,0.998,0.995,0.998,0.000,0.017,0.000,0.002
596,334,37,0.000,0.996,1.000,0.970,1.000,0.000,0.004,0.000,0.000,388,334,0.000,0.998,1.000,0.966,0.999,0.000,0.002,0.000,0.000,428.000,353.000,0.000,0.978,0.998,0.980,1.000,0.003,0.018,0.000,0.002,434.000,428.000,0.000,0.983,0.998,0.995,0.998,0.000,0.017,0.000,0.002
597,334,37,0.000,0.996,1.000,0.970,1.000,0.000,0.004,0.000,0.000,388,334,0.000,0.998,1.000,0.966,0.999,0.000,0.002,0.000,0.000,428.000,353.000,0.000,0.978,0.998,0.980,1.000,0.003,0.018,0.000,0.002,434.000,428.000,0.000,0.983,0.998,0.995,0.998,0.000,0.017,0.000,0.002
598,334,37,0.000,0.996,1.000,0.970,1.000,0.000,0.004,0.000,0.000,388,334,0.000,0.998,1.000,0.966,0.999,0.000,0.002,0.000,0.000,428.000,353.000,0.000,0.978,0.998,0.980,1.000,0.003,0.018,0.000,0.002,434.000,428.000,0.000,0.983,0.998,0.995,0.998,0.000,0.017,0.000,0.002
599,334,37,0.000,0.996,1.000,0.970,1.000,0.000,0.004,0.000,0.000,388,334,0.000,0.998,1.000,0.966,0.999,0.000,0.002,0.000,0.000,428.000,353.000,0.000,0.978,0.998,0.980,1.000,0.003,0.018,0.000,0.002,434.000,428.000,0.000,0.983,0.998,0.995,0.998,0.000,0.017,0.000,0.002
600,334,37,0.000,0.996,1.000,0.970,1.000,0.000,0.004,0.000,0.000,388,334,0.000,0.998,1.000,0.966,0.999,0.000,0.002,0.000,0.000,428.000,353.000,0.000,0.978,0.998,0.980,1.000,0.003,0.018,0.000,0.002,434.000,428.000,0.000,0.983,0.998,0.995,0.998,0.000,0.017,0.000,0.002
601,334,37,0.000,0.996,1.000,0.970,1.000,0.000,0.004,0.000,0.000,388,334,0.000,0.998,1.000,0.966,0.999,0.000,0.002,0.000,0.000,428.000,353.000,0.000,0.978,0.998,0.980,1.000,0.003,0.018,0.000,0.002,434.000,428.000,0.000,0.983,0.998,0.995,0.998,0.000,0.017,0.000,0.002
602,334,37,0.000,0.996,1.000,0.970,1.000,0.000,0.004,0.000,0.000,388,334,0.000,0.998,1.000,0.966,0.999,0.000,0.002,0.000,0.000,428.000,353.000,0.000,0.978,0.998,0.980,1.000,0.003,0.018,0.000,0.002,434.000,428.000,0.000,0.983,0.998,0.995,0.998,0.000,0.017,0.000,0.002
603,334,37,0.000,0.996,1.000,0.970,1.000,0.000,0.004,0.000,0.000,388,334,0.000,0.998,1.000,0.966,0.999,0.000,0.002,0.000,0.000,428.000,353.000,0.000,0.978,0.998,0.980,1.000,0.003,0.018,0.000,0.002,434.000,428.000,0.000,0.983,0.998,0.995,0.998,0.000,0.017,0.000,0.002
604,334,37,0.000,0.996,1.000,0.970,1.000,0.000,0.004,0.000,0.000,388,334,0.000,0.998,1.000,0.966,0.999,0.000,0.002,0.000,0.000,428.000,353.000,0.000,0.978,0.998,0.980,1.000,0.003,0.018,0.000,0.002,434.000,428.000,0.000,0.983,0.998,0.995,0.998,0.000,0.017,0.000,0.002
605,334,37,0.000,0.996,1.000,0.970,1.000,0.000,0.004,0.000,0.000,388,334,0.000,0.998,1.000,0.966,0.999,0.000,0.002,0.000,0.000,428.000,353.000,0.000,0.978,0.998,0.980,1.000,0.003,0.018,0.000,0.002,434.000,428.000,0.000,0.983,0.998,0.995,0.998,0.000,0.017,0.000,0.002
606,334,37,0.000,0.996,1.000,0.970,1.000,0.000,0.004,0.000,0.000,388,334,0.000,0.998,1.000,0.966,0.999,0.000,0.002,0.000,0.000,428.000,353.000,0.000,0.978,0.998,0.980,1.000,0.003,0.018,0.000,0.002,434.000,428.000,0.000,0.983,0.998,0.995,0.998,0.000,0.017,0.000,0.002
607,334,37,0.000,0.996,1.000,0.970,1.000,0.000,0.004,0.000,0.000,388,334,0.000,0.998,1.000,0.966,0.999,0.000,0.002,0.000,0.000,428.000,353.000,0.000,0.978,0.998,0.980,1.000,0.003,0.018,0.000,0.002,434.000,428.000,0.000,0.983,0.998,0.995,0.998,0.000,0.017,0.000,0.002
608,334,37,0.000,0.996,1.000,0.970,1.000,0.000,0.004,0.000,0.000,388,334,0.000,0.998,1.000,0.966,0.999,0.000,0.002,0.000,0.000,428.000,353.000,0.000,0.978,0.998,0.980,1.000,0.003,0.018,0.000,0.002,434.000,428.000,0.000,0.983,0.998,0.995,0.998,0.000,0.017,0.000,0.002
609,334,37,0.000,0.996,1.000,0.970,1.000,0.000,0.004,0.000,0.000,388,334,0.000,0.998,1.000,0.966,0.999,0.000,0.002,0.000,0.000,428.000,353.000,0.000,0.978,0.998,0.980,1.000,0.003,0.018,0.000,0.002,434.000,428.000,0.000,0.983,0.998,0.995,0.998,0.000,0.017,0.000,0.002
610,334,37,0.000,0.996,1.000,0.970,1.000,0.000,0.004,0.000,0.000,388,334,0.000,0.998,1.000,0.966,0.999,0.000,0.002,0.000,0.000,428.000,353.000,0.000,0.978,0.998,0.980,1.000,0.003,0.018,0.000,0.002,434.000,428.000,0.000,0.983,0.998,0.995,0.998,0.000,0.017,0.000,0.002
611,334,37,0.000,0.996,1.000,0.970,1.000,0.000,0.004,0.000,0.000,388,334,0.000,0.998,1.000,0.966,0.999,0.000,0.002,0.000,0.000,428.000,353.000,0.000,0.978,0.998,0.980,1.000,0.003,0.018,0.000,0.002,434.000,428.000,0.000,0.983,0.998,0.995,0.998,0.000,0.017,0.000,0.002
612,334,37,0.000,0.996,1.000,0.970,1.000,0.000,0.004,0.000,0.000,388,334,0.000,0.998,1.000,0.966,0.999,0.000,0.002,0.000,0.000,428.000,353.000,0.000,0.978,0.998,0.980,1.000,0.003,0.018,0.000,0.002,434.000,428.000,0.000,0.983,0.998,0.995,0.998,0.000,0.017,0.000,0.002
613,334,37,0.000,0.996,1.000,0.970,1.000,0.000,0.004,0.000,0.000,388,334,0.000,0.998,1.000,0.966,0.999,0.000,0.002,0.000,0.000,428.000,353.000,0.000,0.978,0.998,0.980,1.000,0.003,0.018,0.000,0.002,434.000,428.000,0.000,0.983,0.998,0.995,0.998,0.000,0.017,0.000,0.002
614,334,37,0.000,0.996,1.000,0.970,1.000,0.000,0.004,0.000,0.000,388,334,0.000,0.998,1.000,0.966,0.999,0.000,0.002,0.000,0.000,428.000,353.000,0.000,0.978,0.998,0.980,1.000,0.003,0.018,0.000,0.002,434.000,428.000,0.000,0.983,0.998,0.995,0.998,0.000,0.017,0.000,0.002
615,334,37,0.000,0.996,1.000,0.970,1.000,0.000,0.004,0.000,0.000,388,334,0.000,0.998,1.000,0.966,0.999,0.000,0.002,0.000,0.000,428.000,353.000,0.000,0.978,0.998,0.980,1.000,0.003,0.018,0.000,0.002,434.000,428.000,0.000,0.983,0.998,0.995,0.998,0.000,0.017,0.000,0.002
616,334,37,0.000,0.996,1.000,0.970,1.000,0.000,0.004,0.000,0.000,388,334,0.000,0.998,1.000,0.966,0.999,0.000,0.002,0.000,0.000,428.000,353.000,0.000,0.978,0.998,0.980,1.000,0.003,0.018,0.000,0.002,437.000,421.000,0.000,0.999,1.000,1.000,1.000,0.000,0.001,0.000,0.000
617,334,37,0.000,0.996,1.000,0.970,1.000,0.000,0.004,0.000,0.000,388,334,0.000,0.998,1.000,0.966,0.999,0.000,0.002,0.000,0.000,428.000,353.000,0.000,0.978,0.998,0.980,1.000,0.003,0.018,0.000,0.002,437.000,421.000,0.000,0.999,1.000,1.000,1.000,0.000,0.001,0.000,0.000
618,334,37,0.000,0.996,1.000,0.970,1.000,0.000,0.004,0.000,0.000,388,334,0.000,0.998,1.000,0.966,0.999,0.000,0.002,0.000,0.000,428.000,353.000,0.000,0.978,0.998,0.980,1.000,0.003,0.018,0.000,0.002,437.000,421.000,0.000,0.999,1.000,1.000,1.000,0.000,0.001,0.000,0.000
619,334,37,0.000,0.996,1.000,0.970,1.000,0.000,0.004,0.000,0.000,388,334,0.000,0.998,1.000,0.966,0.999,0.000,0.002,0.000,0.000,428.000,353.000,0.000,0.978,0.998,0.980,1.000,0.003,0.018,0.000,0.002,437.000,421.000,0.000,0.999,1.000,1.000,1.000,0.000,0.001,0.000,0.000
620,334,37,0.000,0.996,1.000,0.970,1.000,0.000,0.004,0.000,0.000,388,334,0.000,0.998,1.000,0.966,0.999,0.000,0.002,0.000,0.000,428.000,353.000,0.000,0.978,0.998,0.980,1.000,0.003,0.018,0.000,0.002,437.000,421.000,0.000,0.999,1.000,1.000,1.000,0.000,0.001,0.000,0.000
621,334,37,0.000,0.996,1.000,0.970,1.000,0.000,0.004,0.000,0.000,388,334,0.000,0.998,1.000,0.966,0.999,0.000,0.002,0.000,0.000,428.000,353.000,0.000,0.978,0.998,0.980,1.000,0.003,0.018,0.000,0.002,437.000,421.000,0.000,0.999,1.000,1.000,1.000,0.000,0.001,0.000,0.000
622,334,37,0.000,0.996,1.000,0.970,1.000,0.000,0.004,0.000,0.000,388,334,0.000,0.998,1.000,0.966,0.999,0.000,0.002,0.000,0.000,428.000,353.000,0.000,0.978,0.998,0.980,1.000,0.003,0.018,0.000,0.002,437.000,421.000,0.000,0.999,1.000,1.000,1.000,0.000,0.001,0.000,0.000
623,334,37,0.000,0.996,1.000,0.970,1.000,0.000,0.004,0.000,0.000,388,334,0.000,0.998,1.000,0.966,0.999,0.000,0.002,0.000,0.000,437.000,421.000,0.000,0.999,1.000,1.000,1.000,0.000,0.001,0.000,0.000,482.000,446.000,0.000,0.977,1.000,1.000,0.992,0.000,0.023,0.000,0.000
624,334,37,0.000,0.996,1.000,0.970,1.000,0.000,0.004,0.000,0.000,388,334,0.000,0.998,1.000,0.966,0.999,0.000,0.002,0.000,0.000,437.000,421.000,0.000,0.999,1.000,1.000,1.000,0.000,0.001,0.000,0.000,482.000,446.000,0.000,0.977,1.000,1.000,0.992,0.000,0.023,0.000,0.000
625,334,37,0.000,0.996,1.000,0.970,1.000,0.000,0.004,0.000,0.000,388,334,0.000,0.998,1.000,0.966,0.999,0.000,0.002,0.000,0.000,437.000,421.000,0.000,0.999,1.000,1.000,1.000,0.000,0.001,0.000,0.000,482.000,446.000,0.000,0.977,1.000,1.000,0.992,0.000,0.023,0.000,0.000
626,334,37,0.000,0.996,1.000,0.970,1.000,0.000,0.004,0.000,0.000,388,334,0.000,0.998,1.000,0.966,0.999,0.000,0.002,0.000,0.000,437.000,421.000,0.000,0.999,1.000,1.000,1.000,0.000,0.001,0.000,0.000,482.000,446.000,0.000,0.977,1.000,1.000,0.992,0.000,0.023,0.000,0.000
627,334,37,0.000,0.996,1.000,0.970,1.000,0.000,0.004,0.000,0.000,388,334,0.000,0.998,1.000,0.966,0.999,0.000,0.002,0.000,0.000,437.000,421.000,0.000,0.999,1.000,1.000,1.000,0.000,0.001,0.000,0.000,482.000,446.000,0.000,0.977,1.000,1.000,0.992,0.000,0.023,0.000,0.000
628,334,37,0.000,0.996,1.000,0.970,1.000,0.000,0.004,0.000,0.000,388,334,0.000,0.998,1.000,0.966,0.999,0.000,0.002,0.000,0.000,437.000,421.000,0.000,0.999,1.000,1.000,1.000,0.000,0.001,0.000,0.000,482.000,446.000,0.000,0.977,1.000,1.000,0.992,0.000,0.023,0.000,0.000
629,334,37,0.000,0.996,1.000,0.970,1.000,0.000,0.004,0.000,0.000,388,334,0.000,0.998,1.000,0.966,0.999,0.000,0.002,0.000,0.000,437.000,421.000,0.000,0.999,1.000,1.000,1.000,0.000,0.001,0.000,0.000,482.000,446.000,0.000,0.977,1.000,1.000,0.992,0.000,0.023,0.000,0.000
630,334,37,0.000,0.996,1.000,0.970,1.000,0.000,0.004,0.000,0.000,388,334,0.000,0.998,1.000,0.966,0.999,0.000,0.002,0.000,0.000,437.000,421.000,0.000,0.999,1.000,1.000,1.000,0.000,0.001,0.000,0.000,482.000,446.000,0.000,0.977,1.000,1.000,0.992,0.000,0.023,0.000,0.000
631,334,37,0.000,0.996,1.000,0.970,1.000,0.000,0.004,0.000,0.000,388,334,0.000,0.998,1.000,0.966,0.999,0.000,0.002,0.000,0.000,437.000,421.000,0.000,0.999,1.000,1.000,1.000,0.000,0.001,0.000,0.000,482.000,446.000,0.000,0.977,1.000,1.000,0.992,0.000,0.023,0.000,0.000
632,334,37,0.000,0.996,1.000,0.970,1.000,0.000,0.004,0.000,0.000,388,334,0.000,0.998,1.000,0.966,0.999,0.000,0.002,0.000,0.000,437.000,421.000,0.000,0.999,1.000,1.000,1.000,0.000,0.001,0.000,0.000,482.000,446.000,0.000,0.977,1.000,1.000,0.992,0.000,0.023,0.000,0.000
633,334,37,0.000,0.996,1.000,0.970,1.000,0.000,0.004,0.000,0.000,388,334,0.000,0.998,1.000,0.966,0.999,0.000,0.002,0.000,0.000,437.000,421.000,0.000,0.999,1.000,1.000,1.000,0.000,0.001,0.000,0.000,482.000,446.000,0.000,0.977,1.000,1.000,0.992,0.000,0.023,0.000,0.000
634,334,37,0.000,0.996,1.000,0.970,1.000,0.000,0.004,0.000,0.000,388,334,0.000,0.998,1.000,0.966,0.999,0.000,0.002,0.000,0.000,437.000,421.000,0.000,0.999,1.000,1.000,1.000,0.000,0.001,0.000,0.000,482.000,446.000,0.000,0.977,1.000,1.000,0.992,0.000,0.023,0.000,0.000
635,334,37,0.000,0.996,1.000,0.970,1.000,0.000,0.004,0.000,0.000,388,334,0.000,0.998,1.000,0.966,0.999,0.000,0.002,0.000,0.000,437.000,421.000,0.000,0.999,1.000,1.000,1.000,0.000,0.001,0.000,0.000,482.000,446.000,0.000,0.977,1.000,1.000,0.992,0.000,0.023,0.000,0.000
636,334,37,0.000,0.996,1.000,0.970,1.000,0.000,0.004,0.000,0.000,388,334,0.000,0.998,1.000,0.966,0.999,0.000,0.002,0.000,0.000,437.000,421.000,0.000,0.999,1.000,1.000,1.000,0.000,0.001,0.000,0.000,482.000,446.000,0.000,0.977,1.000,1.000,0.992,0.000,0.023,0.000,0.000
637,334,37,0.000,0.996,1.000,0.970,1.000,0.000,0.004,0.000,0.000,388,334,0.000,0.998,1.000,0.966,0.999,0.000,0.002,0.000,0.000,437.000,421.000,0.000,0.999,1.000,1.000,1.000,0.000,0.001,0.000,0.000,482.000,446.000,0.000,0.977,1.000,1.000,0.992,0.000,0.023,0.000,0.000
638,334,37,0.000,0.996,1.000,0.970,1.000,0.000,0.004,0.000,0.000,388,334,0.000,0.998,1.000,0.966,0.999,0.000,0.002,0.000,0.000,437.000,421.000,0.000,0.999,1.000,1.000,1.000,0.000,0.001,0.000,0.000,482.000,446.000,0.000,0.977,1.000,1.000,0.992,0.000,0.023,0.000,0.000
639,334,37,0.000,0.996,1.000,0.970,1.000,0.000,0.004,0.000,0.000,388,334,0.000,0.998,1.000,0.966,0.999,0.000,0.002,0.000,0.000,437.000,421.000,0.000,0.999,1.000,1.000,1.000,0.000,0.001,0.000,0.000,482.000,446.000,0.000,0.977,1.000,1.000,0.992,0.000,0.023,0.000,0.000
640,334,37,0.000,0.996,1.000,0.970,1.000,0.000,0.004,0.000,0.000,388,334,0.000,0.998,1.000,0.966,0.999,0.000,0.002,0.000,0.000,437.000,421.000,0.000,0.999,1.000,1.000,1.000,0.000,0.001,0.000,0.000,482.000,446.000,0.000,0.977,1.000,1.000,0.992,0.000,0.023,0.000,0.000
641,334,37,0.000,0.996,1.000,0.970,1.000,0.000,0.004,0.000,0.000,388,334,0.000,0.998,1.000,0.966,0.999,0.000,0.002,0.000,0.000,437.000,421.000,0.000,0.999,1.000,1.000,1.000,0.000,0.001,0.000,0.000,482.000,446.000,0.000,0.977,1.000,1.000,0.992,0.000,0.023,0.000,0.000
642,334,37,0.000,0.996,1.000,0.970,1.000,0.000,0.004,0.000,0.000,388,334,0.000,0.998,1.000,0.966,0.999,0.000,0.002,0.000,0.000,437.000,421.000,0.000,0.999,1.000,1.000,1.000,0.000,0.001,0.000,0.000,482.000,446.000,0.000,0.977,1.000,1.000,0.992,0.000,0.023,0.000,0.000
643,334,37,0.000,0.996,1.000,0.970,1.000,0.000,0.004,0.000,0.000,388,334,0.000,0.998,1.000,0.966,0.999,0.000,0.002,0.000,0.000,437.000,421.000,0.000,0.999,1.000,1.000,1.000,0.000,0.001,0.000,0.000,482.000,446.000,0.000,0.977,1.000,1.000,0.992,0.000,0.023,0.000,0.000
644,334,37,0.000,0.996,1.000,0.970,1.000,0.000,0.004,0.000,0.000,388,334,0.000,0.998,1.000,0.966,0.999,0.000,0.002,0.000,0.000,437.000,421.000,0.000,0.999,1.000,1.000,1.000,0.000,0.001,0.000,0.000,482.000,446.000,0.000,0.977,1.000,1.000,0.992,0.000,0.023,0.000,0.000
645,334,37,0.000,0.996,1.000,0.970,1.000,0.000,0.004,0.000,0.000,388,334,0.000,0.998,1.000,0.966,0.999,0.000,0.002,0.000,0.000,437.000,421.000,0.000,0.999,1.000,1.000,1.000,0.000,0.001,0.000,0.000,482.000,446.000,0.000,0.977,1.000,1.000,0.992,0.000,0.023,0.000,0.000
646,334,37,0.000,0.996,1.000,0.970,1.000,0.000,0.004,0.000,0.000,388,334,0.000,0.998,1.000,0.966,0.999,0.000,0.002,0.000,0.000,437.000,421.000,0.000,0.999,1.000,1.000,1.000,0.000,0.001,0.000,0.000,482.000,446.000,0.000,0.977,1.000,1.000,0.992,0.000,0.023,0.000,0.000
647,334,37,0.000,0.996,1.000,0.970,1.000,0.000,0.004,0.000,0.000,388,334,0.000,0.998,1.000,0.966,0.999,0.000,0.002,0.000,0.000,437.000,421.000,0.000,0.999,1.000,1.000,1.000,0.000,0.001,0.000,0.000,482.000,446.000,0.000,0.977,1.000,1.000,0.992,0.000,0.023,0.000,0.000
648,334,37,0.000,0.996,1.000,0.970,1.000,0.000,0.004,0.000,0.000,388,334,0.000,0.998,1.000,0.966,0.999,0.000,0.002,0.000,0.000,437.000,421.000,0.000,0.999,1.000,1.000,1.000,0.000,0.001,0.000,0.000,482.000,446.000,0.000,0.977,1.000,1.000,0.992,0.000,0.023,0.000,0.000
649,334,37,0.000,0.996,1.000,0.970,1.000,0.000,0.004,0.000,0.000,388,334,0.000,0.998,1.000,0.966,0.999,0.000,0.002,0.000,0.000,437.000,421.000,0.000,0.999,1.000,1.000,1.000,0.000,0.001,0.000,0.000,482.000,446.000,0.000,0.977,1.000,1.000,0.992,0.000,0.023,0.000,0.000
650,334,37,0.000,0.996,1.000,0.970,1.000,0.000,0.004,0.000,0.000,388,334,0.000,0.998,1.000,0.966,0.999,0.000,0.002,0.000,0.000,437.000,421.000,0.000,0.999,1.000,1.000,1.000,0.000,0.001,0.000,0.000,482.000,446.000,0.000,0.977,1.000,1.000,0.992,0.000,0.023,0.000,0.000
651,334,37,0.000,0.996,1.000,0.970,1.000,0.000,0.004,0.000,0.000,388,334,0.000,0.998,1.000,0.966,0.999,0.000,0.002,0.000,0.000,437.000,421.000,0.000,0.999,1.000,1.000,1.000,0.000,0.001,0.000,0.000,482.000,446.000,0.000,0.977,1.000,1.000,0.992,0.000,0.023,0.000,0.000
652,334,37,0.000,0.996,1.000,0.970,1.000,0.000,0.004,0.000,0.000,388,334,0.000,0.998,1.000,0.966,0.999,0.000,0.002,0.000,0.000,437.000,421.000,0.000,0.999,1.000,1.000,1.000,0.000,0.001,0.000,0.000,482.000,446.000,0.000,0.977,1.000,1.000,0.992,0.000,0.023,0.000,0.000
653,334,37,0.000,0.996,1.000,0.970,1.000,0.000,0.004,0.000,0.000,388,334,0.000,0.998,1.000,0.966,0.999,0.000,0.002,0.000,0.000,437.000,421.000,0.000,0.999,1.000,1.000,1.000,0.000,0.001,0.000,0.000,482.000,446.000,0.000,0.977,1.000,1.000,0.992,0.000,0.023,0.000,0.000
654,334,37,0.000,0.996,1.000,0.970,1.000,0.000,0.004,0.000,0.000,388,334,0.000,0.998,1.000,0.966,0.999,0.000,0.002,0.000,0.000,437.000,421.000,0.000,0.999,1.000,1.000,1.000,0.000,0.001,0.000,0.000,482.000,446.000,0.000,0.977,1.000,1.000,0.992,0.000,0.023,0.000,0.000
655,334,37,0.000,0.996,1.000,0.970,1.000,0.000,0.004,0.000,0.000,388,334,0.000,0.998,1.000,0.966,0.999,0.000,0.002,0.000,0.000,437.000,421.000,0.000,0.999,1.000,1.000,1.000,0.000,0.001,0.000,0.000,482.000,446.000,0.000,0.977,1.000,1.000,0.992,0.000,0.023,0.000,0.000
656,334,37,0.000,0.996,1.000,0.970,1.000,0.000,0.004,0.000,0.000,388,334,0.000,0.998,1.000,0.966,0.999,0.000,0.002,0.000,0.000,437.000,421.000,0.000,0.999,1.000,1.000,1.000,0.000,0.001,0.000,0.000,482.000,446.000,0.000,0.977,1.000,1.000,0.992,0.000,0.023,0.000,0.000
657,334,37,0.000,0.996,1.000,0.970,1.000,0.000,0.004,0.000,0.000,388,334,0.000,0.998,1.000,0.966,0.999,0.000,0.002,0.000,0.000,437.000,421.000,0.000,0.999,1.000,1.000,1.000,0.000,0.001,0.000,0.000,482.000,446.000,0.000,0.977,1.000,1.000,0.992,0.000,0.023,0.000,0.000
658,334,37,0.000,0.996,1.000,0.970,1.000,0.000,0.004,0.000,0.000,388,334,0.000,0.998,1.000,0.966,0.999,0.000,0.002,0.000,0.000,437.000,421.000,0.000,0.999,1.000,1.000,1.000,0.000,0.001,0.000,0.000,482.000,446.000,0.000,0.977,1.000,1.000,0.992,0.000,0.023,0.000,0.000
659,334,37,0.000,0.996,1.000,0.970,1.000,0.000,0.004,0.000,0.000,388,334,0.000,0.998,1.000,0.966,0.999,0.000,0.002,0.000,0.000,437.000,421.000,0.000,0.999,1.000,1.000,1.000,0.000,0.001,0.000,0.000,482.000,446.000,0.000,0.977,1.000,1.000,0.992,0.000,0.023,0.000,0.000
660,334,37,0.000,0.996,1.000,0.970,1.000,0.000,0.004,0.000,0.000,388,334,0.000,0.998,1.000,0.966,0.999,0.000,0.002,0.000,0.000,437.000,421.000,0.000,0.999,1.000,1.000,1.000,0.000,0.001,0.000,0.000,482.000,446.000,0.000,0.977,1.000,1.000,0.992,0.000,0.023,0.000,0.000
661,334,37,0.000,0.996,1.000,0.970,1.000,0.000,0.004,0.000,0.000,388,334,0.000,0.998,1.000,0.966,0.999,0.000,0.002,0.000,0.000,437.000,421.000,0.000,0.999,1.000,1.000,1.000,0.000,0.001,0.000,0.000,482.000,446.000,0.000,0.977,1.000,1.000,0.992,0.000,0.023,0.000,0.000
662,334,37,0.000,0.996,1.000,0.970,1.000,0.000,0.004,0.000,0.000,388,334,0.000,0.998,1.000,0.966,0.999,0.000,0.002,0.000,0.000,437.000,421.000,0.000,0.999,1.000,1.000,1.000,0.000,0.001,0.000,0.000,482.000,446.000,0.000,0.977,1.000,1.000,0.992,0.000,0.023,0.000,0.000
663,334,37,0.000,0.996,1.000,0.970,1.000,0.000,0.004,0.000,0.000,388,334,0.000,0.998,1.000,0.966,0.999,0.000,0.002,0.000,0.000,437.000,421.000,0.000,0.999,1.000,1.000,1.000,0.000,0.001,0.000,0.000,482.000,446.000,0.000,0.977,1.000,1.000,0.992,0.000,0.023,0.000,0.000
664,334,37,0.000,0.996,1.000,0.970,1.000,0.000,0.004,0.000,0.000,388,334,0.000,0.998,1.000,0.966,0.999,0.000,0.002,0.000,0.000,437.000,421.000,0.000,0.999,1.000,1.000,1.000,0.000,0.001,0.000,0.000,482.000,446.000,0.000,0.977,1.000,1.000,0.992,0.000,0.023,0.000,0.000
665,334,37,0.000,0.996,1.000,0.970,1.000,0.000,0.004,0.000,0.000,388,334,0.000,0.998,1.000,0.966,0.999,0.000,0.002,0.000,0.000,437.000,421.000,0.000,0.999,1.000,1.000,1.000,0.000,0.001,0.000,0.000,482.000,446.000,0.000,0.977,1.000,1.000,0.992,0.000,0.023,0.000,0.000
666,334,37,0.000,0.996,1.000,0.970,1.000,0.000,0.004,0.000,0.000,388,334,0.000,0.998,1.000,0.966,0.999,0.000,0.002,0.000,0.000,437.000,421.000,0.000,0.999,1.000,1.000,1.000,0.000,0.001,0.000,0.000,482.000,446.000,0.000,0.977,1.000,1.000,0.992,0.000,0.023,0.000,0.000
667,334,37,0.000,0.996,1.000,0.970,1.000,0.000,0.004,0.000,0.000,388,334,0.000,0.998,1.000,0.966,0.999,0.000,0.002,0.000,0.000,437.000,421.000,0.000,0.999,1.000,1.000,1.000,0.000,0.001,0.000,0.000,482.000,446.000,0.000,0.977,1.000,1.000,0.992,0.000,0.023,0.000,0.000
668,334,37,0.000,0.996,1.000,0.970,1.000,0.000,0.004,0.000,0.000,388,334,0.000,0.998,1.000,0.966,0.999,0.000,0.002,0.000,0.000,437.000,421.000,0.000,0.999,1.000,1.000,1.000,0.000,0.001,0.000,0.000,482.000,446.000,0.000,0.977,1.000,1.000,0.992,0.000,0.023,0.000,0.000
669,334,37,0.000,0.996,1.000,0.970,1.000,0.000,0.004,0.000,0.000,388,334,0.000,0.998,1.000,0.966,0.999,0.000,0.002,0.000,0.000,437.000,421.000,0.000,0.999,1.000,1.000,1.000,0.000,0.001,0.000,0.000,482.000,446.000,0.000,0.977,1.000,1.000,0.992,0.000,0.023,0.000,0.000
670,334,37,0.000,0.996,1.000,0.970,1.000,0.000,0.004,0.000,0.000,388,334,0.000,0.998,1.000,0.966,0.999,0.000,0.002,0.000,0.000,437.000,421.000,0.000,0.999,1.000,1.000,1.000,0.000,0.001,0.000,0.000,482.000,446.000,0.000,0.977,1.000,1.000,0.992,0.000,0.023,0.000,0.000
671,334,37,0.000,0.996,1.000,0.970,1.000,0.000,0.004,0.000,0.000,388,334,0.000,0.998,1.000,0.966,0.999,0.000,0.002,0.000,0.000,437.000,421.000,0.000,0.999,1.000,1.000,1.000,0.000,0.001,0.000,0.000,482.000,446.000,0.000,0.977,1.000,1.000,0.992,0.000,0.023,0.000,0.000
672,334,37,0.000,0.996,1.000,0.970,1.000,0.000,0.004,0.000,0.000,388,334,0.000,0.998,1.000,0.966,0.999,0.000,0.002,0.000,0.000,437.000,421.000,0.000,0.999,1.000,1.000,1.000,0.000,0.001,0.000,0.000,482.000,446.000,0.000,0.977,1.000,1.000,0.992,0.000,0.023,0.000,0.000
673,334,37,0.000,0.996,1.000,0.970,1.000,0.000,0.004,0.000,0.000,388,334,0.000,0.998,1.000,0.966,0.999,0.000,0.002,0.000,0.000,437.000,421.000,0.000,0.999,1.000,1.000,1.000,0.000,0.001,0.000,0.000,482.000,446.000,0.000,0.977,1.000,1.000,0.992,0.000,0.023,0.000,0.000
674,334,37,0.000,0.996,1.000,0.970,1.000,0.000,0.004,0.000,0.000,388,334,0.000,0.998,1.000,0.966,0.999,0.000,0.002,0.000,0.000,437.000,421.000,0.000,0.999,1.000,1.000,1.000,0.000,0.001,0.000,0.000,482.000,446.000,0.000,0.977,1.000,1.000,0.992,0.000,0.023,0.000,0.000
675,334,37,0.000,0.996,1.000,0.970,1.000,0.000,0.004,0.000,0.000,388,334,0.000,0.998,1.000,0.966,0.999,0.000,0.002,0.000,0.000,437.000,421.000,0.000,0.999,1.000,1.000,1.000,0.000,0.001,0.000,0.000,482.000,446.000,0.000,0.977,1.000,1.000,0.992,0.000,0.023,0.000,0.000
676,334,37,0.000,0.996,1.000,0.970,1.000,0.000,0.004,0.000,0.000,388,334,0.000,0.998,1.000,0.966,0.999,0.000,0.002,0.000,0.000,437.000,421.000,0.000,0.999,1.000,1.000,1.000,0.000,0.001,0.000,0.000,482.000,446.000,0.000,0.977,1.000,1.000,0.992,0.000,0.023,0.000,0.000
677,334,37,0.000,0.996,1.000,0.970,1.000,0.000,0.004,0.000,0.000,388,334,0.000,0.998,1.000,0.966,0.999,0.000,0.002,0.000,0.000,437.000,421.000,0.000,0.999,1.000,1.000,1.000,0.000,0.001,0.000,0.000,482.000,446.000,0.000,0.977,1.000,1.000,0.992,0.000,0.023,0.000,0.000
678,334,37,0.000,0.996,1.000,0.970,1.000,0.000,0.004,0.000,0.000,388,334,0.000,0.998,1.000,0.966,0.999,0.000,0.002,0.000,0.000,437.000,421.000,0.000,0.999,1.000,1.000,1.000,0.000,0.001,0.000,0.000,482.000,446.000,0.000,0.977,1.000,1.000,0.992,0.000,0.023,0.000,0.000
679,334,37,0.000,0.996,1.000,0.970,1.000,0.000,0.004,0.000,0.000,388,334,0.000,0.998,1.000,0.966,0.999,0.000,0.002,0.000,0.000,437.000,421.000,0.000,0.999,1.000,1.000,1.000,0.000,0.001,0.000,0.000,482.000,446.000,0.000,0.977,1.000,1.000,0.992,0.000,0.023,0.000,0.000
680,334,37,0.000,0.996,1.000,0.970,1.000,0.000,0.004,0.000,0.000,388,334,0.000,0.998,1.000,0.966,0.999,0.000,0.002,0.000,0.000,437.000,421.000,0.000,0.999,1.000,1.000,1.000,0.000,0.001,0.000,0.000,482.000,446.000,0.000,0.977,1.000,1.000,0.992,0.000,0.023,0.000,0.000
681,334,37,0.000,0.996,1.000,0.970,1.000,0.000,0.004,0.000,0.000,388,334,0.000,0.998,1.000,0.966,0.999,0.000,0.002,0.000,0.000,437.000,421.000,0.000,0.999,1.000,1.000,1.000,0.000,0.001,0.000,0.000,482.000,446.000,0.000,0.977,1.000,1.000,0.992,0.000,0.023,0.000,0.000
682,334,37,0.000,0.996,1.000,0.970,1.000,0.000,0.004,0.000,0.000,388,334,0.000,0.998,1.000,0.966,0.999,0.000,0.002,0.000,0.000,437.000,421.000,0.000,0.999,1.000,1.000,1.000,0.000,0.001,0.000,0.000,482.000,446.000,0.000,0.977,1.000,1.000,0.992,0.000,0.023,0.000,0.000
683,334,37,0.000,0.996,1.000,0.970,1.000,0.000,0.004,0.000,0.000,388,334,0.000,0.998,1.000,0.966,0.999,0.000,0.002,0.000,0.000,437.000,421.000,0.000,0.999,1.000,1.000,1.000,0.000,0.001,0.000,0.000,482.000,446.000,0.000,0.977,1.000,1.000,0.992,0.000,0.023,0.000,0.000
684,334,37,0.000,0.996,1.000,0.970,1.000,0.000,0.004,0.000,0.000,388,334,0.000,0.998,1.000,0.966,0.999,0.000,0.002,0.000,0.000,437.000,421.000,0.000,0.999,1.000,1.000,1.000,0.000,0.001,0.000,0.000,482.000,446.000,0.000,0.977,1.000,1.000,0.992,0.000,0.023,0.000,0.000
685,334,37,0.000,0.996,1.000,0.970,1.000,0.000,0.004,0.000,0.000,388,334,0.000,0.998,1.000,0.966,0.999,0.000,0.002,0.000,0.000,437.000,421.000,0.000,0.999,1.000,1.000,1.000,0.000,0.001,0.000,0.000,482.000,446.000,0.000,0.977,1.000,1.000,0.992,0.000,0.023,0.000,0.000
686,334,37,0.000,0.996,1.000,0.970,1.000,0.000,0.004,0.000,0.000,388,334,0.000,0.998,1.000,0.966,0.999,0.000,0.002,0.000,0.000,437.000,421.000,0.000,0.999,1.000,1.000,1.000,0.000,0.001,0.000,0.000,482.000,446.000,0.000,0.977,1.000,1.000,0.992,0.000,0.023,0.000,0.000
687,334,37,0.000,0.996,1.000,0.970,1.000,0.000,0.004,0.000,0.000,388,334,0.000,0.998,1.000,0.966,0.999,0.000,0.002,0.000,0.000,437.000,421.000,0.000,0.999,1.000,1.000,1.000,0.000,0.001,0.000,0.000,482.000,446.000,0.000,0.977,1.000,1.000,0.992,0.000,0.023,0.000,0.000
688,334,37,0.000,0.996,1.000,0.970,1.000,0.000,0.004,0.000,0.000,388,334,0.000,0.998,1.000,0.966,0.999,0.000,0.002,0.000,0.000,437.000,421.000,0.000,0.999,1.000,1.000,1.000,0.000,0.001,0.000,0.000,482.000,446.000,0.000,0.977,1.000,1.000,0.992,0.000,0.023,0.000,0.000
689,334,37,0.000,0.996,1.000,0.970,1.000,0.000,0.004,0.000,0.000,388,334,0.000,0.998,1.000,0.966,0.999,0.000,0.002,0.000,0.000,437.000,421.000,0.000,0.999,1.000,1.000,1.000,0.000,0.001,0.000,0.000,482.000,446.000,0.000,0.977,1.000,1.000,0.992,0.000,0.023,0.000,0.000
690,334,37,0.000,0.996,1.000,0.970,1.000,0.000,0.004,0.000,0.000,388,334,0.000,0.998,1.000,0.966,0.999,0.000,0.002,0.000,0.000,437.000,421.000,0.000,0.999,1.000,1.000,1.000,0.000,0.001,0.000,0.000,482.000,446.000,0.000,0.977,1.000,1.000,0.992,0.000,0.023,0.000,0.000
691,334,37,0.000,0.996,1.000,0.970,1.000,0.000,0.004,0.000,0.000,388,334,0.000,0.998,1.000,0.966,0.999,0.000,0.002,0.000,0.000,437.000,421.000,0.000,0.999,1.000,1.000,1.000,0.000,0.001,0.000,0.000,482.000,446.000,0.000,0.977,1.000,1.000,0.992,0.000,0.023,0.000,0.000
692,334,37,0.000,0.996,1.000,0.970,1.000,0.000,0.004,0.000,0.000,388,334,0.000,0.998,1.000,0.966,0.999,0.000,0.002,0.000,0.000,437.000,421.000,0.000,0.999,1.000,1.000,1.000,0.000,0.001,0.000,0.000,482.000,446.000,0.000,0.977,1.000,1.000,0.992,0.000,0.023,0.000,0.000
693,334,37,0.000,0.996,1.000,0.970,1.000,0.000,0.004,0.000,0.000,388,334,0.000,0.998,1.000,0.966,0.999,0.000,0.002,0.000,0.000,437.000,421.000,0.000,0.999,1.000,1.000,1.000,0.000,0.001,0.000,0.000,482.000,446.000,0.000,0.977,1.000,1.000,0.992,0.000,0.023,0.000,0.000
694,334,37,0.000,0.996,1.000,0.970,1.000,0.000,0.004,0.000,0.000,388,334,0.000,0.998,1.000,0.966,0.999,0.000,0.002,0.000,0.000,437.000,421.000,0.000,0.999,1.000,1.000,1.000,0.000,0.001,0.000,0.000,482.000,446.000,0.000,0.977,1.000,1.000,0.992,0.000,0.023,0.000,0.000
695,334,37,0.000,0.996,1.000,0.970,1.000,0.000,0.004,0.000,0.000,388,334,0.000,0.998,1.000,0.966,0.999,0.000,0.002,0.000,0.000,437.000,421.000,0.000,0.999,1.000,1.000,1.000,0.000,0.001,0.000,0.000,482.000,446.000,0.000,0.977,1.000,1.000,0.992,0.000,0.023,0.000,0.000
696,334,37,0.000,0.996,1.000,0.970,1.000,0.000,0.004,0.000,0.000,388,334,0.000,0.998,1.000,0.966,0.999,0.000,0.002,0.000,0.000,437.000,421.000,0.000,0.999,1.000,1.000,1.000,0.000,0.001,0.000,0.000,482.000,446.000,0.000,0.977,1.000,1.000,0.992,0.000,0.023,0.000,0.000
697,334,37,0.000,0.996,1.000,0.970,1.000,0.000,0.004,0.000,0.000,388,334,0.000,0.998,1.000,0.966,0.999,0.000,0.002,0.000,0.000,437.000,421.000,0.000,0.999,1.000,1.000,1.000,0.000,0.001,0.000,0.000,482.000,446.000,0.000,0.977,1.000,1.000,0.992,0.000,0.023,0.000,0.000
698,334,37,0.000,0.996,1.000,0.970,1.000,0.000,0.004,0.000,0.000,388,334,0.000,0.998,1.000,0.966,0.999,0.000,0.002,0.000,0.000,437.000,421.000,0.000,0.999,1.000,1.000,1.000,0.000,0.001,0.000,0.000,482.000,446.000,0.000,0.977,1.000,1.000,0.992,0.000,0.023,0.000,0.000
699,334,37,0.000,0.996,1.000,0.970,1.000,0.000,0.004,0.000,0.000,388,334,0.000,0.998,1.000,0.966,0.999,0.000,0.002,0.000,0.000,437.000,421.000,0.000,0.999,1.000,1.000,1.000,0.000,0.001,0.000,0.000,482.000,446.000,0.000,0.977,1.000,1.000,0.992,0.000,0.023,0.000,0.000
700,334,37,0.000,0.996,1.000,0.970,1.000,0.000,0.004,0.000,0.000,388,334,0.000,0.998,1.000,0.966,0.999,0.000,0.002,0.000,0.000,437.000,421.000,0.000,0.999,1.000,1.000,1.000,0.000,0.001,0.000,0.000,482.000,446.000,0.000,0.977,1.000,1.000,0.992,0.000,0.023,0.000,0.000
701,334,37,0.000,0.996,1.000,0.970,1.000,0.000,0.004,0.000,0.000,388,334,0.000,0.998,1.000,0.966,0.999,0.000,0.002,0.000,0.000,437.000,421.000,0.000,0.999,1.000,1.000,1.000,0.000,0.001,0.000,0.000,482.000,446.000,0.000,0.977,1.000,1.000,0.992,0.000,0.023,0.000,0.000
702,334,37,0.000,0.996,1.000,0.970,1.000,0.000,0.004,0.000,0.000,388,334,0.000,0.998,1.000,0.966,0.999,0.000,0.002,0.000,0.000,437.000,421.000,0.000,0.999,1.000,1.000,1.000,0.000,0.001,0.000,0.000,482.000,446.000,0.000,0.977,1.000,1.000,0.992,0.000,0.023,0.000,0.000
703,334,37,0.000,0.996,1.000,0.970,1.000,0.000,0.004,0.000,0.000,388,334,0.000,0.998,1.000,0.966,0.999,0.000,0.002,0.000,0.000,437.000,421.000,0.000,0.999,1.000,1.000,1.000,0.000,0.001,0.000,0.000,482.000,446.000,0.000,0.977,1.000,1.000,0.992,0.000,0.023,0.000,0.000
704,334,37,0.000,0.996,1.000,0.970,1.000,0.000,0.004,0.000,0.000,388,334,0.000,0.998,1.000,0.966,0.999,0.000,0.002,0.000,0.000,437.000,421.000,0.000,0.999,1.000,1.000,1.000,0.000,0.001,0.000,0.000,482.000,446.000,0.000,0.977,1.000,1.000,0.992,0.000,0.023,0.000,0.000
705,334,37,0.000,0.996,1.000,0.970,1.000,0.000,0.004,0.000,0.000,388,334,0.000,0.998,1.000,0.966,0.999,0.000,0.002,0.000,0.000,437.000,421.000,0.000,0.999,1.000,1.000,1.000,0.000,0.001,0.000,0.000,482.000,446.000,0.000,0.977,1.000,1.000,0.992,0.000,0.023,0.000,0.000
706,334,37,0.000,0.996,1.000,0.970,1.000,0.000,0.004,0.000,0.000,388,334,0.000,0.998,1.000,0.966,0.999,0.000,0.002,0.000,0.000,437.000,421.000,0.000,0.999,1.000,1.000,1.000,0.000,0.001,0.000,0.000,482.000,446.000,0.000,0.977,1.000,1.000,0.992,0.000,0.023,0.000,0.000
707,334,37,0.000,0.996,1.000,0.970,1.000,0.000,0.004,0.000,0.000,388,334,0.000,0.998,1.000,0.966,0.999,0.000,0.002,0.000,0.000,437.000,421.000,0.000,0.999,1.000,1.000,1.000,0.000,0.001,0.000,0.000,482.000,446.000,0.000,0.977,1.000,1.000,0.992,0.000,0.023,0.000,0.000
708,334,37,0.000,0.996,1.000,0.970,1.000,0.000,0.004,0.000,0.000,388,334,0.000,0.998,1.000,0.966,0.999,0.000,0.002,0.000,0.000,437.000,421.000,0.000,0.999,1.000,1.000,1.000,0.000,0.001,0.000,0.000,482.000,446.000,0.000,0.977,1.000,1.000,0.992,0.000,0.023,0.000,0.000
709,334,37,0.000,0.996,1.000,0.970,1.000,0.000,0.004,0.000,0.000,388,334,0.000,0.998,1.000,0.966,0.999,0.000,0.002,0.000,0.000,437.000,421.000,0.000,0.999,1.000,1.000,1.000,0.000,0.001,0.000,0.000,482.000,446.000,0.000,0.977,1.000,1.000,0.992,0.000,0.023,0.000,0.000
710,334,37,0.000,0.996,1.000,0.970,1.000,0.000,0.004,0.000,0.000,388,334,0.000,0.998,1.000,0.966,0.999,0.000,0.002,0.000,0.000,437.000,421.000,0.000,0.999,1.000,1.000,1.000,0.000,0.001,0.000,0.000,482.000,446.000,0.000,0.977,1.000,1.000,0.992,0.000,0.023,0.000,0.000
711,334,37,0.000,0.996,1.000,0.970,1.000,0.000,0.004,0.000,0.000,388,334,0.000,0.998,1.000,0.966,0.999,0.000,0.002,0.000,0.000,437.000,421.000,0.000,0.999,1.000,1.000,1.000,0.000,0.001,0.000,0.000,482.000,446.000,0.000,0.977,1.000,1.000,0.992,0.000,0.023,0.000,0.000
712,334,37,0.000,0.996,1.000,0.970,1.000,0.000,0.004,0.000,0.000,388,334,0.000,0.998,1.000,0.966,0.999,0.000,0.002,0.000,0.000,437.000,421.000,0.000,0.999,1.000,1.000,1.000,0.000,0.001,0.000,0.000,482.000,446.000,0.000,0.977,1.000,1.000,0.992,0.000,0.023,0.000,0.000
713,334,37,0.000,0.996,1.000,0.970,1.000,0.000,0.004,0.000,0.000,388,334,0.000,0.998,1.000,0.966,0.999,0.000,0.002,0.000,0.000,437.000,421.000,0.000,0.999,1.000,1.000,1.000,0.000,0.001,0.000,0.000,482.000,446.000,0.000,0.977,1.000,1.000,0.992,0.000,0.023,0.000,0.000
714,334,37,0.000,0.996,1.000,0.970,1.000,0.000,0.004,0.000,0.000,388,334,0.000,0.998,1.000,0.966,0.999,0.000,0.002,0.000,0.000,437.000,421.000,0.000,0.999,1.000,1.000,1.000,0.000,0.001,0.000,0.000,482.000,446.000,0.000,0.977,1.000,1.000,0.992,0.000,0.023,0.000,0.000
715,334,37,0.000,0.996,1.000,0.970,1.000,0.000,0.004,0.000,0.000,388,334,0.000,0.998,1.000,0.966,0.999,0.000,0.002,0.000,0.000,437.000,421.000,0.000,0.999,1.000,1.000,1.000,0.000,0.001,0.000,0.000,482.000,446.000,0.000,0.977,1.000,1.000,0.992,0.000,0.023,0.000,0.000
716,334,37,0.000,0.996,1.000,0.970,1.000,0.000,0.004,0.000,0.000,388,334,0.000,0.998,1.000,0.966,0.999,0.000,0.002,0.000,0.000,437.000,421.000,0.000,0.999,1.000,1.000,1.000,0.000,0.001,0.000,0.000,482.000,446.000,0.000,0.977,1.000,1.000,0.992,0.000,0.023,0.000,0.000
717,334,37,0.000,0.996,1.000,0.970,1.000,0.000,0.004,0.000,0.000,388,334,0.000,0.998,1.000,0.966,0.999,0.000,0.002,0.000,0.000,437.000,421.000,0.000,0.999,1.000,1.000,1.000,0.000,0.001,0.000,0.000,482.000,446.000,0.000,0.977,1.000,1.000,0.992,0.000,0.023,0.000,0.000
718,334,37,0.000,0.996,1.000,0.970,1.000,0.000,0.004,0.000,0.000,388,334,0.000,0.998,1.000,0.966,0.999,0.000,0.002,0.000,0.000,437.000,421.000,0.000,0.999,1.000,1.000,1.000,0.000,0.001,0.000,0.000,482.000,446.000,0.000,0.977,1.000,1.000,0.992,0.000,0.023,0.000,0.000
719,334,37,0.000,0.996,1.000,0.970,1.000,0.000,0.004,0.000,0.000,388,334,0.000,0.998,1.000,0.966,0.999,0.000,0.002,0.000,0.000,437.000,421.000,0.000,0.999,1.000,1.000,1.000,0.000,0.001,0.000,0.000,482.000,446.000,0.000,0.977,1.000,1.000,0.992,0.000,0.023,0.000,0.000
720,334,37,0.000,0.996,1.000,0.970,1.000,0.000,0.004,0.000,0.000,388,334,0.000,0.998,1.000,0.966,0.999,0.000,0.002,0.000,0.000,437.000,421.000,0.000,0.999,1.000,1.000,1.000,0.000,0.001,0.000,0.000,482.000,446.000,0.000,0.977,1.000,1.000,0.992,0.000,0.023,0.000,0.000
721,334,37,0.000,0.996,1.000,0.970,1.000,0.000,0.004,0.000,0.000,388,334,0.000,0.998,1.000,0.966,0.999,0.000,0.002,0.000,0.000,437.000,421.000,0.000,0.999,1.000,1.000,1.000,0.000,0.001,0.000,0.000,482.000,446.000,0.000,0.977,1.000,1.000,0.992,0.000,0.023,0.000,0.000
722,334,37,0.000,0.996,1.000,0.970,1.000,0.000,0.004,0.000,0.000,388,334,0.000,0.998,1.000,0.966,0.999,0.000,0.002,0.000,0.000,437.000,421.000,0.000,0.999,1.000,1.000,1.000,0.000,0.001,0.000,0.000,482.000,446.000,0.000,0.977,1.000,1.000,0.992,0.000,0.023,0.000,0.000
723,334,37,0.000,0.996,1.000,0.970,1.000,0.000,0.004,0.000,0.000,388,334,0.000,0.998,1.000,0.966,0.999,0.000,0.002,0.000,0.000,437.000,421.000,0.000,0.999,1.000,1.000,1.000,0.000,0.001,0.000,0.000,482.000,446.000,0.000,0.977,1.000,1.000,0.992,0.000,0.023,0.000,0.000
724,334,37,0.000,0.996,1.000,0.970,1.000,0.000,0.004,0.000,0.000,388,334,0.000,0.998,1.000,0.966,0.999,0.000,0.002,0.000,0.000,437.000,421.000,0.000,0.999,1.000,1.000,1.000,0.000,0.001,0.000,0.000,482.000,446.000,0.000,0.977,1.000,1.000,0.992,0.000,0.023,0.000,0.000
725,334,37,0.000,0.996,1.000,0.970,1.000,0.000,0.004,0.000,0.000,388,334,0.000,0.998,1.000,0.966,0.999,0.000,0.002,0.000,0.000,437.000,421.000,0.000,0.999,1.000,1.000,1.000,0.000,0.001,0.000,0.000,482.000,446.000,0.000,0.977,1.000,1.000,0.992,0.000,0.023,0.000,0.000
726,334,37,0.000,0.996,1.000,0.970,1.000,0.000,0.004,0.000,0.000,388,334,0.000,0.998,1.000,0.966,0.999,0.000,0.002,0.000,0.000,437.000,421.000,0.000,0.999,1.000,1.000,1.000,0.000,0.001,0.000,0.000,482.000,446.000,0.000,0.977,1.000,1.000,0.992,0.000,0.023,0.000,0.000
727,334,37,0.000,0.996,1.000,0.970,1.000,0.000,0.004,0.000,0.000,388,334,0.000,0.998,1.000,0.966,0.999,0.000,0.002,0.000,0.000,437.000,421.000,0.000,0.999,1.000,1.000,1.000,0.000,0.001,0.000,0.000,482.000,446.000,0.000,0.977,1.000,1.000,0.992,0.000,0.023,0.000,0.000
728,334,37,0.000,0.996,1.000,0.970,1.000,0.000,0.004,0.000,0.000,388,334,0.000,0.998,1.000,0.966,0.999,0.000,0.002,0.000,0.000,437.000,421.000,0.000,0.999,1.000,1.000,1.000,0.000,0.001,0.000,0.000,482.000,446.000,0.000,0.977,1.000,1.000,0.992,0.000,0.023,0.000,0.000
729,334,37,0.000,0.996,1.000,0.970,1.000,0.000,0.004,0.000,0.000,388,334,0.000,0.998,1.000,0.966,0.999,0.000,0.002,0.000,0.000,437.000,421.000,0.000,0.999,1.000,1.000,1.000,0.000,0.001,0.000,0.000,482.000,446.000,0.000,0.977,1.000,1.000,0.992,0.000,0.023,0.000,0.000
730,334,37,0.000,0.996,1.000,0.970,1.000,0.000,0.004,0.000,0.000,388,334,0.000,0.998,1.000,0.966,0.999,0.000,0.002,0.000,0.000,437.000,421.000,0.000,0.999,1.000,1.000,1.000,0.000,0.001,0.000,0.000,482.000,446.000,0.000,0.977,1.000,1.000,0.992,0.000,0.023,0.000,0.000
731,334,37,0.000,0.996,1.000,0.970,1.000,0.000,0.004,0.000,0.000,388,334,0.000,0.998,1.000,0.966,0.999,0.000,0.002,0.000,0.000,437.000,421.000,0.000,0.999,1.000,1.000,1.000,0.000,0.001,0.000,0.000,482.000,446.000,0.000,0.977,1.000,1.000,0.992,0.000,0.023,0.000,0.000
732,334,37,0.000,0.996,1.000,0.970,1.000,0.000,0.004,0.000,0.000,388,334,0.000,0.998,1.000,0.966,0.999,0.000,0.002,0.000,0.000,437.000,421.000,0.000,0.999,1.000,1.000,1.000,0.000,0.001,0.000,0.000,482.000,446.000,0.000,0.977,1.000,1.000,0.992,0.000,0.023,0.000,0.000
733,334,37,0.000,0.996,1.000,0.970,1.000,0.000,0.004,0.000,0.000,388,334,0.000,0.998,1.000,0.966,0.999,0.000,0.002,0.000,0.000,437.000,421.000,0.000,0.999,1.000,1.000,1.000,0.000,0.001,0.000,0.000,482.000,446.000,0.000,0.977,1.000,1.000,0.992,0.000,0.023,0.000,0.000
734,334,37,0.000,0.996,1.000,0.970,1.000,0.000,0.004,0.000,0.000,388,334,0.000,0.998,1.000,0.966,0.999,0.000,0.002,0.000,0.000,437.000,421.000,0.000,0.999,1.000,1.000,1.000,0.000,0.001,0.000,0.000,482.000,446.000,0.000,0.977,1.000,1.000,0.992,0.000,0.023,0.000,0.000
735,334,37,0.000,0.996,1.000,0.970,1.000,0.000,0.004,0.000,0.000,388,334,0.000,0.998,1.000,0.966,0.999,0.000,0.002,0.000,0.000,437.000,421.000,0.000,0.999,1.000,1.000,1.000,0.000,0.001,0.000,0.000,482.000,446.000,0.000,0.977,1.000,1.000,0.992,0.000,0.023,0.000,0.000
736,334,37,0.000,0.996,1.000,0.970,1.000,0.000,0.004,0.000,0.000,388,334,0.000,0.998,1.000,0.966,0.999,0.000,0.002,0.000,0.000,437.000,421.000,0.000,0.999,1.000,1.000,1.000,0.000,0.001,0.000,0.000,482.000,446.000,0.000,0.977,1.000,1.000,0.992,0.000,0.023,0.000,0.000
737,334,37,0.000,0.996,1.000,0.970,1.000,0.000,0.004,0.000,0.000,388,334,0.000,0.998,1.000,0.966,0.999,0.000,0.002,0.000,0.000,437.000,421.000,0.000,0.999,1.000,1.000,1.000,0.000,0.001,0.000,0.000,482.000,446.000,0.000,0.977,1.000,1.000,0.992,0.000,0.023,0.000,0.000
738,334,37,0.000,0.996,1.000,0.970,1.000,0.000,0.004,0.000,0.000,388,334,0.000,0.998,1.000,0.966,0.999,0.000,0.002,0.000,0.000,437.000,421.000,0.000,0.999,1.000,1.000,1.000,0.000,0.001,0.000,0.000,482.000,446.000,0.000,0.977,1.000,1.000,0.992,0.000,0.023,0.000,0.000
739,334,37,0.000,0.996,1.000,0.970,1.000,0.000,0.004,0.000,0.000,388,334,0.000,0.998,1.000,0.966,0.999,0.000,0.002,0.000,0.000,437.000,421.000,0.000,0.999,1.000,1.000,1.000,0.000,0.001,0.000,0.000,482.000,446.000,0.000,0.977,1.000,1.000,0.992,0.000,0.023,0.000,0.000
740,334,37,0.000,0.996,1.000,0.970,1.000,0.000,0.004,0.000,0.000,388,334,0.000,0.998,1.000,0.966,0.999,0.000,0.002,0.000,0.000,437.000,421.000,0.000,0.999,1.000,1.000,1.000,0.000,0.001,0.000,0.000,482.000,446.000,0.000,0.977,1.000,1.000,0.992,0.000,0.023,0.000,0.000
741,334,37,0.000,0.996,1.000,0.970,1.000,0.000,0.004,0.000,0.000,388,334,0.000,0.998,1.000,0.966,0.999,0.000,0.002,0.000,0.000,437.000,421.000,0.000,0.999,1.000,1.000,1.000,0.000,0.001,0.000,0.000,482.000,446.000,0.000,0.977,1.000,1.000,0.992,0.000,0.023,0.000,0.000
742,334,37,0.000,0.996,1.000,0.970,1.000,0.000,0.004,0.000,0.000,388,334,0.000,0.998,1.000,0.966,0.999,0.000,0.002,0.000,0.000,437.000,421.000,0.000,0.999,1.000,1.000,1.000,0.000,0.001,0.000,0.000,482.000,446.000,0.000,0.977,1.000,1.000,0.992,0.000,0.023,0.000,0.000
743,334,37,0.000,0.996,1.000,0.970,1.000,0.000,0.004,0.000,0.000,388,334,0.000,0.998,1.000,0.966,0.999,0.000,0.002,0.000,0.000,437.000,421.000,0.000,0.999,1.000,1.000,1.000,0.000,0.001,0.000,0.000,482.000,446.000,0.000,0.977,1.000,1.000,0.992,0.000,0.023,0.000,0.000
744,334,37,0.000,0.996,1.000,0.970,1.000,0.000,0.004,0.000,0.000,388,334,0.000,0.998,1.000,0.966,0.999,0.000,0.002,0.000,0.000,437.000,421.000,0.000,0.999,1.000,1.000,1.000,0.000,0.001,0.000,0.000,482.000,446.000,0.000,0.977,1.000,1.000,0.992,0.000,0.023,0.000,0.000
745,334,37,0.000,0.996,1.000,0.970,1.000,0.000,0.004,0.000,0.000,388,334,0.000,0.998,1.000,0.966,0.999,0.000,0.002,0.000,0.000,437.000,421.000,0.000,0.999,1.000,1.000,1.000,0.000,0.001,0.000,0.000,482.000,446.000,0.000,0.977,1.000,1.000,0.992,0.000,0.023,0.000,0.000
746,334,37,0.000,0.996,1.000,0.970,1.000,0.000,0.004,0.000,0.000,388,334,0.000,0.998,1.000,0.966,0.999,0.000,0.002,0.000,0.000,437.000,421.000,0.000,0.999,1.000,1.000,1.000,0.000,0.001,0.000,0.000,482.000,446.000,0.000,0.977,1.000,1.000,0.992,0.000,0.023,0.000,0.000
747,334,37,0.000,0.996,1.000,0.970,1.000,0.000,0.004,0.000,0.000,388,334,0.000,0.998,1.000,0.966,0.999,0.000,0.002,0.000,0.000,437.000,421.000,0.000,0.999,1.000,1.000,1.000,0.000,0.001,0.000,0.000,482.000,446.000,0.000,0.977,1.000,1.000,0.992,0.000,0.023,0.000,0.000
748,334,37,0.000,0.996,1.000,0.970,1.000,0.000,0.004,0.000,0.000,388,334,0.000,0.998,1.000,0.966,0.999,0.000,0.002,0.000,0.000,437.000,421.000,0.000,0.999,1.000,1.000,1.000,0.000,0.001,0.000,0.000,482.000,446.000,0.000,0.977,1.000,1.000,0.992,0.000,0.023,0.000,0.000
749,334,37,0.000,0.996,1.000,0.970,1.000,0.000,0.004,0.000,0.000,388,334,0.000,0.998,1.000,0.966,0.999,0.000,0.002,0.000,0.000,437.000,421.000,0.000,0.999,1.000,1.000,1.000,0.000,0.001,0.000,0.000,482.000,446.000,0.000,0.977,1.000,1.000,0.992,0.000,0.023,0.000,0.000
750,334,37,0.000,0.996,1.000,0.970,1.000,0.000,0.004,0.000,0.000,388,334,0.000,0.998,1.000,0.966,0.999,0.000,0.002,0.000,0.000,437.000,421.000,0.000,0.999,1.000,1.000,1.000,0.000,0.001,0.000,0.000,482.000,446.000,0.000,0.977,1.000,1.000,0.992,0.000,0.023,0.000,0.000
751,334,37,0.000,0.996,1.000,0.970,1.000,0.000,0.004,0.000,0.000,388,334,0.000,0.998,1.000,0.966,0.999,0.000,0.002,0.000,0.000,437.000,421.000,0.000,0.999,1.000,1.000,1.000,0.000,0.001,0.000,0.000,482.000,446.000,0.000,0.977,1.000,1.000,0.992,0.000,0.023,0.000,0.000
752,334,37,0.000,0.996,1.000,0.970,1.000,0.000,0.004,0.000,0.000,388,334,0.000,0.998,1.000,0.966,0.999,0.000,0.002,0.000,0.000,437.000,421.000,0.000,0.999,1.000,1.000,1.000,0.000,0.001,0.000,0.000,482.000,446.000,0.000,0.977,1.000,1.000,0.992,0.000,0.023,0.000,0.000
753,334,37,0.000,0.996,1.000,0.970,1.000,0.000,0.004,0.000,0.000,388,334,0.000,0.998,1.000,0.966,0.999,0.000,0.002,0.000,0.000,437.000,421.000,0.000,0.999,1.000,1.000,1.000,0.000,0.001,0.000,0.000,482.000,446.000,0.000,0.977,1.000,1.000,0.992,0.000,0.023,0.000,0.000
754,334,37,0.000,0.996,1.000,0.970,1.000,0.000,0.004,0.000,0.000,388,334,0.000,0.998,1.000,0.966,0.999,0.000,0.002,0.000,0.000,437.000,421.000,0.000,0.999,1.000,1.000,1.000,0.000,0.001,0.000,0.000,482.000,446.000,0.000,0.977,1.000,1.000,0.992,0.000,0.023,0.000,0.000
755,334,37,0.000,0.996,1.000,0.970,1.000,0.000,0.004,0.000,0.000,388,334,0.000,0.998,1.000,0.966,0.999,0.000,0.002,0.000,0.000,437.000,421.000,0.000,0.999,1.000,1.000,1.000,0.000,0.001,0.000,0.000,482.000,446.000,0.000,0.977,1.000,1.000,0.992,0.000,0.023,0.000,0.000
756,334,37,0.000,0.996,1.000,0.970,1.000,0.000,0.004,0.000,0.000,388,334,0.000,0.998,1.000,0.966,0.999,0.000,0.002,0.000,0.000,437.000,421.000,0.000,0.999,1.000,1.000,1.000,0.000,0.001,0.000,0.000,482.000,446.000,0.000,0.977,1.000,1.000,0.992,0.000,0.023,0.000,0.000
757,334,37,0.000,0.996,1.000,0.970,1.000,0.000,0.004,0.000,0.000,388,334,0.000,0.998,1.000,0.966,0.999,0.000,0.002,0.000,0.000,437.000,421.000,0.000,0.999,1.000,1.000,1.000,0.000,0.001,0.000,0.000,482.000,446.000,0.000,0.977,1.000,1.000,0.992,0.000,0.023,0.000,0.000
758,334,37,0.000,0.996,1.000,0.970,1.000,0.000,0.004,0.000,0.000,388,334,0.000,0.998,1.000,0.966,0.999,0.000,0.002,0.000,0.000,437.000,421.000,0.000,0.999,1.000,1.000,1.000,0.000,0.001,0.000,0.000,482.000,446.000,0.000,0.977,1.000,1.000,0.992,0.000,0.023,0.000,0.000
759,334,37,0.000,0.996,1.000,0.970,1.000,0.000,0.004,0.000,0.000,388,334,0.000,0.998,1.000,0.966,0.999,0.000,0.002,0.000,0.000,437.000,421.000,0.000,0.999,1.000,1.000,1.000,0.000,0.001,0.000,0.000,482.000,446.000,0.000,0.977,1.000,1.000,0.992,0.000,0.023,0.000,0.000
760,334,37,0.000,0.996,1.000,0.970,1.000,0.000,0.004,0.000,0.000,388,334,0.000,0.998,1.000,0.966,0.999,0.000,0.002,0.000,0.000,437.000,421.000,0.000,0.999,1.000,1.000,1.000,0.000,0.001,0.000,0.000,482.000,446.000,0.000,0.977,1.000,1.000,0.992,0.000,0.023,0.000,0.000
761,334,37,0.000,0.996,1.000,0.970,1.000,0.000,0.004,0.000,0.000,388,334,0.000,0.998,1.000,0.966,0.999,0.000,0.002,0.000,0.000,437.000,421.000,0.000,0.999,1.000,1.000,1.000,0.000,0.001,0.000,0.000,482.000,446.000,0.000,0.977,1.000,1.000,0.992,0.000,0.023,0.000,0.000
762,334,37,0.000,0.996,1.000,0.970,1.000,0.000,0.004,0.000,0.000,388,334,0.000,0.998,1.000,0.966,0.999,0.000,0.002,0.000,0.000,437.000,421.000,0.000,0.999,1.000,1.000,1.000,0.000,0.001,0.000,0.000,482.000,446.000,0.000,0.977,1.000,1.000,0.992,0.000,0.023,0.000,0.000
763,334,37,0.000,0.996,1.000,0.970,1.000,0.000,0.004,0.000,0.000,388,334,0.000,0.998,1.000,0.966,0.999,0.000,0.002,0.000,0.000,437.000,421.000,0.000,0.999,1.000,1.000,1.000,0.000,0.001,0.000,0.000,482.000,446.000,0.000,0.977,1.000,1.000,0.992,0.000,0.023,0.000,0.000
764,334,37,0.000,0.996,1.000,0.970,1.000,0.000,0.004,0.000,0.000,388,334,0.000,0.998,1.000,0.966,0.999,0.000,0.002,0.000,0.000,437.000,421.000,0.000,0.999,1.000,1.000,1.000,0.000,0.001,0.000,0.000,482.000,446.000,0.000,0.977,1.000,1.000,0.992,0.000,0.023,0.000,0.000
765,334,37,0.000,0.996,1.000,0.970,1.000,0.000,0.004,0.000,0.000,388,334,0.000,0.998,1.000,0.966,0.999,0.000,0.002,0.000,0.000,437.000,421.000,0.000,0.999,1.000,1.000,1.000,0.000,0.001,0.000,0.000,482.000,446.000,0.000,0.977,1.000,1.000,0.992,0.000,0.023,0.000,0.000
766,334,37,0.000,0.996,1.000,0.970,1.000,0.000,0.004,0.000,0.000,388,334,0.000,0.998,1.000,0.966,0.999,0.000,0.002,0.000,0.000,437.000,421.000,0.000,0.999,1.000,1.000,1.000,0.000,0.001,0.000,0.000,482.000,446.000,0.000,0.977,1.000,1.000,0.992,0.000,0.023,0.000,0.000
767,334,37,0.000,0.996,1.000,0.970,1.000,0.000,0.004,0.000,0.000,388,334,0.000,0.998,1.000,0.966,0.999,0.000,0.002,0.000,0.000,437.000,421.000,0.000,0.999,1.000,1.000,1.000,0.000,0.001,0.000,0.000,482.000,446.000,0.000,0.977,1.000,1.000,0.992,0.000,0.023,0.000,0.000
768,334,37,0.000,0.996,1.000,0.970,1.000,0.000,0.004,0.000,0.000,388,334,0.000,0.998,1.000,0.966,0.999,0.000,0.002,0.000,0.000,437.000,421.000,0.000,0.999,1.000,1.000,1.000,0.000,0.001,0.000,0.000,482.000,446.000,0.000,0.977,1.000,1.000,0.992,0.000,0.023,0.000,0.000
769,334,37,0.000,0.996,1.000,0.970,1.000,0.000,0.004,0.000,0.000,388,334,0.000,0.998,1.000,0.966,0.999,0.000,0.002,0.000,0.000,437.000,421.000,0.000,0.999,1.000,1.000,1.000,0.000,0.001,0.000,0.000,482.000,446.000,0.000,0.977,1.000,1.000,0.992,0.000,0.023,0.000,0.000
770,334,37,0.000,0.996,1.000,0.970,1.000,0.000,0.004,0.000,0.000,388,334,0.000,0.998,1.000,0.966,0.999,0.000,0.002,0.000,0.000,437.000,421.000,0.000,0.999,1.000,1.000,1.000,0.000,0.001,0.000,0.000,482.000,446.000,0.000,0.977,1.000,1.000,0.992,0.000,0.023,0.000,0.000
771,334,37,0.000,0.996,1.000,0.970,1.000,0.000,0.004,0.000,0.000,388,334,0.000,0.998,1.000,0.966,0.999,0.000,0.002,0.000,0.000,437.000,421.000,0.000,0.999,1.000,1.000,1.000,0.000,0.001,0.000,0.000,482.000,446.000,0.000,0.977,1.000,1.000,0.992,0.000,0.023,0.000,0.000
772,334,37,0.000,0.996,1.000,0.970,1.000,0.000,0.004,0.000,0.000,388,334,0.000,0.998,1.000,0.966,0.999,0.000,0.002,0.000,0.000,437.000,421.000,0.000,0.999,1.000,1.000,1.000,0.000,0.001,0.000,0.000,482.000,446.000,0.000,0.977,1.000,1.000,0.992,0.000,0.023,0.000,0.000
773,334,37,0.000,0.996,1.000,0.970,1.000,0.000,0.004,0.000,0.000,388,334,0.000,0.998,1.000,0.966,0.999,0.000,0.002,0.000,0.000,437.000,421.000,0.000,0.999,1.000,1.000,1.000,0.000,0.001,0.000,0.000,482.000,446.000,0.000,0.977,1.000,1.000,0.992,0.000,0.023,0.000,0.000
774,334,37,0.000,0.996,1.000,0.970,1.000,0.000,0.004,0.000,0.000,388,334,0.000,0.998,1.000,0.966,0.999,0.000,0.002,0.000,0.000,437.000,421.000,0.000,0.999,1.000,1.000,1.000,0.000,0.001,0.000,0.000,482.000,446.000,0.000,0.977,1.000,1.000,0.992,0.000,0.023,0.000,0.000
775,334,37,0.000,0.996,1.000,0.970,1.000,0.000,0.004,0.000,0.000,388,334,0.000,0.998,1.000,0.966,0.999,0.000,0.002,0.000,0.000,437.000,421.000,0.000,0.999,1.000,1.000,1.000,0.000,0.001,0.000,0.000,482.000,446.000,0.000,0.977,1.000,1.000,0.992,0.000,0.023,0.000,0.000
776,334,37,0.000,0.996,1.000,0.970,1.000,0.000,0.004,0.000,0.000,388,334,0.000,0.998,1.000,0.966,0.999,0.000,0.002,0.000,0.000,437.000,421.000,0.000,0.999,1.000,1.000,1.000,0.000,0.001,0.000,0.000,482.000,446.000,0.000,0.977,1.000,1.000,0.992,0.000,0.023,0.000,0.000
777,334,37,0.000,0.996,1.000,0.970,1.000,0.000,0.004,0.000,0.000,388,334,0.000,0.998,1.000,0.966,0.999,0.000,0.002,0.000,0.000,437.000,421.000,0.000,0.999,1.000,1.000,1.000,0.000,0.001,0.000,0.000,482.000,446.000,0.000,0.977,1.000,1.000,0.992,0.000,0.023,0.000,0.000
778,334,37,0.000,0.996,1.000,0.970,1.000,0.000,0.004,0.000,0.000,388,334,0.000,0.998,1.000,0.966,0.999,0.000,0.002,0.000,0.000,437.000,421.000,0.000,0.999,1.000,1.000,1.000,0.000,0.001,0.000,0.000,482.000,446.000,0.000,0.977,1.000,1.000,0.992,0.000,0.023,0.000,0.000
779,334,37,0.000,0.996,1.000,0.970,1.000,0.000,0.004,0.000,0.000,388,334,0.000,0.998,1.000,0.966,0.999,0.000,0.002,0.000,0.000,437.000,421.000,0.000,0.999,1.000,1.000,1.000,0.000,0.001,0.000,0.000,482.000,446.000,0.000,0.977,1.000,1.000,0.992,0.000,0.023,0.000,0.000
780,334,37,0.000,0.996,1.000,0.970,1.000,0.000,0.004,0.000,0.000,388,334,0.000,0.998,1.000,0.966,0.999,0.000,0.002,0.000,0.000,437.000,421.000,0.000,0.999,1.000,1.000,1.000,0.000,0.001,0.000,0.000,482.000,446.000,0.000,0.977,1.000,1.000,0.992,0.000,0.023,0.000,0.000
781,334,37,0.000,0.996,1.000,0.970,1.000,0.000,0.004,0.000,0.000,388,334,0.000,0.998,1.000,0.966,0.999,0.000,0.002,0.000,0.000,437.000,421.000,0.000,0.999,1.000,1.000,1.000,0.000,0.001,0.000,0.000,482.000,446.000,0.000,0.977,1.000,1.000,0.992,0.000,0.023,0.000,0.000
782,334,37,0.000,0.996,1.000,0.970,1.000,0.000,0.004,0.000,0.000,388,334,0.000,0.998,1.000,0.966,0.999,0.000,0.002,0.000,0.000,437.000,421.000,0.000,0.999,1.000,1.000,1.000,0.000,0.001,0.000,0.000,482.000,446.000,0.000,0.977,1.000,1.000,0.992,0.000,0.023,0.000,0.000
783,334,37,0.000,0.996,1.000,0.970,1.000,0.000,0.004,0.000,0.000,388,334,0.000,0.998,1.000,0.966,0.999,0.000,0.002,0.000,0.000,437.000,421.000,0.000,0.999,1.000,1.000,1.000,0.000,0.001,0.000,0.000,482.000,446.000,0.000,0.977,1.000,1.000,0.992,0.000,0.023,0.000,0.000
784,334,37,0.000,0.996,1.000,0.970,1.000,0.000,0.004,0.000,0.000,388,334,0.000,0.998,1.000,0.966,0.999,0.000,0.002,0.000,0.000,437.000,421.000,0.000,0.999,1.000,1.000,1.000,0.000,0.001,0.000,0.000,482.000,446.000,0.000,0.977,1.000,1.000,0.992,0.000,0.023,0.000,0.000
785,334,37,0.000,0.996,1.000,0.970,1.000,0.000,0.004,0.000,0.000,388,334,0.000,0.998,1.000,0.966,0.999,0.000,0.002,0.000,0.000,437.000,421.000,0.000,0.999,1.000,1.000,1.000,0.000,0.001,0.000,0.000,482.000,446.000,0.000,0.977,1.000,1.000,0.992,0.000,0.023,0.000,0.000
786,334,37,0.000,0.996,1.000,0.970,1.000,0.000,0.004,0.000,0.000,388,334,0.000,0.998,1.000,0.966,0.999,0.000,0.002,0.000,0.000,437.000,421.000,0.000,0.999,1.000,1.000,1.000,0.000,0.001,0.000,0.000,482.000,446.000,0.000,0.977,1.000,1.000,0.992,0.000,0.023,0.000,0.000
787,334,37,0.000,0.996,1.000,0.970,1.000,0.000,0.004,0.000,0.000,388,334,0.000,0.998,1.000,0.966,0.999,0.000,0.002,0.000,0.000,437.000,421.000,0.000,0.999,1.000,1.000,1.000,0.000,0.001,0.000,0.000,482.000,446.000,0.000,0.977,1.000,1.000,0.992,0.000,0.023,0.000,0.000
788,334,37,0.000,0.996,1.000,0.970,1.000,0.000,0.004,0.000,0.000,388,334,0.000,0.998,1.000,0.966,0.999,0.000,0.002,0.000,0.000,437.000,421.000,0.000,0.999,1.000,1.000,1.000,0.000,0.001,0.000,0.000,482.000,446.000,0.000,0.977,1.000,1.000,0.992,0.000,0.023,0.000,0.000
789,334,37,0.000,0.996,1.000,0.970,1.000,0.000,0.004,0.000,0.000,388,334,0.000,0.998,1.000,0.966,0.999,0.000,0.002,0.000,0.000,437.000,421.000,0.000,0.999,1.000,1.000,1.000,0.000,0.001,0.000,0.000,482.000,446.000,0.000,0.977,1.000,1.000,0.992,0.000,0.023,0.000,0.000
790,334,37,0.000,0.996,1.000,0.970,1.000,0.000,0.004,0.000,0.000,388,334,0.000,0.998,1.000,0.966,0.999,0.000,0.002,0.000,0.000,437.000,421.000,0.000,0.999,1.000,1.000,1.000,0.000,0.001,0.000,0.000,482.000,446.000,0.000,0.977,1.000,1.000,0.992,0.000,0.023,0.000,0.000
791,334,37,0.000,0.996,1.000,0.970,1.000,0.000,0.004,0.000,0.000,388,334,0.000,0.998,1.000,0.966,0.999,0.000,0.002,0.000,0.000,437.000,421.000,0.000,0.999,1.000,1.000,1.000,0.000,0.001,0.000,0.000,482.000,446.000,0.000,0.977,1.000,1.000,0.992,0.000,0.023,0.000,0.000
792,334,37,0.000,0.996,1.000,0.970,1.000,0.000,0.004,0.000,0.000,388,334,0.000,0.998,1.000,0.966,0.999,0.000,0.002,0.000,0.000,437.000,421.000,0.000,0.999,1.000,1.000,1.000,0.000,0.001,0.000,0.000,482.000,446.000,0.000,0.977,1.000,1.000,0.992,0.000,0.023,0.000,0.000
793,334,37,0.000,0.996,1.000,0.970,1.000,0.000,0.004,0.000,0.000,388,334,0.000,0.998,1.000,0.966,0.999,0.000,0.002,0.000,0.000,437.000,421.000,0.000,0.999,1.000,1.000,1.000,0.000,0.001,0.000,0.000,482.000,446.000,0.000,0.977,1.000,1.000,0.992,0.000,0.023,0.000,0.000
794,334,37,0.000,0.996,1.000,0.970,1.000,0.000,0.004,0.000,0.000,388,334,0.000,0.998,1.000,0.966,0.999,0.000,0.002,0.000,0.000,437.000,421.000,0.000,0.999,1.000,1.000,1.000,0.000,0.001,0.000,0.000,482.000,446.000,0.000,0.977,1.000,1.000,0.992,0.000,0.023,0.000,0.000
795,334,37,0.000,0.996,1.000,0.970,1.000,0.000,0.004,0.000,0.000,388,334,0.000,0.998,1.000,0.966,0.999,0.000,0.002,0.000,0.000,437.000,421.000,0.000,0.999,1.000,1.000,1.000,0.000,0.001,0.000,0.000,482.000,446.000,0.000,0.977,1.000,1.000,0.992,0.000,0.023,0.000,0.000
796,334,37,0.000,0.996,1.000,0.970,1.000,0.000,0.004,0.000,0.000,388,334,0.000,0.998,1.000,0.966,0.999,0.000,0.002,0.000,0.000,437.000,421.000,0.000,0.999,1.000,1.000,1.000,0.000,0.001,0.000,0.000,482.000,446.000,0.000,0.977,1.000,1.000,0.992,0.000,0.023,0.000,0.000
797,334,37,0.000,0.996,1.000,0.970,1.000,0.000,0.004,0.000,0.000,388,334,0.000,0.998,1.000,0.966,0.999,0.000,0.002,0.000,0.000,437.000,421.000,0.000,0.999,1.000,1.000,1.000,0.000,0.001,0.000,0.000,482.000,446.000,0.000,0.977,1.000,1.000,0.992,0.000,0.023,0.000,0.000
798,334,37,0.000,0.996,1.000,0.970,1.000,0.000,0.004,0.000,0.000,388,334,0.000,0.998,1.000,0.966,0.999,0.000,0.002,0.000,0.000,437.000,421.000,0.000,0.999,1.000,1.000,1.000,0.000,0.001,0.000,0.000,482.000,446.000,0.000,0.977,1.000,1.000,0.992,0.000,0.023,0.000,0.000
799,334,37,0.000,0.996,1.000,0.970,1.000,0.000,0.004,0.000,0.000,388,334,0.000,0.998,1.000,0.966,0.999,0.000,0.002,0.000,0.000,437.000,421.000,0.000,0.999,1.000,1.000,1.000,0.000,0.001,0.000,0.000,482.000,446.000,0.000,0.977,1.000,1.000,0.992,0.000,0.023,0.000,0.000
800,334,37,0.000,0.996,1.000,0.970,1.000,0.000,0.004,0.000,0.000,388,334,0.000,0.998,1.000,0.966,0.999,0.000,0.002,0.000,0.000,437.000,421.000,0.000,0.999,1.000,1.000,1.000,0.000,0.001,0.000,0.000,482.000,446.000,0.000,0.977,1.000,1.000,0.992,0.000,0.023,0.000,0.000
801,334,37,0.000,0.996,1.000,0.970,1.000,0.000,0.004,0.000,0.000,388,334,0.000,0.998,1.000,0.966,0.999,0.000,0.002,0.000,0.000,437.000,421.000,0.000,0.999,1.000,1.000,1.000,0.000,0.001,0.000,0.000,482.000,446.000,0.000,0.977,1.000,1.000,0.992,0.000,0.023,0.000,0.000
802,334,37,0.000,0.996,1.000,0.970,1.000,0.000,0.004,0.000,0.000,388,334,0.000,0.998,1.000,0.966,0.999,0.000,0.002,0.000,0.000,437.000,421.000,0.000,0.999,1.000,1.000,1.000,0.000,0.001,0.000,0.000,482.000,446.000,0.000,0.977,1.000,1.000,0.992,0.000,0.023,0.000,0.000
803,334,37,0.000,0.996,1.000,0.970,1.000,0.000,0.004,0.000,0.000,437,421,0.000,0.999,1.000,1.000,1.000,0.000,0.001,0.000,0.000,482.000,446.000,0.000,0.977,1.000,1.000,0.992,0.000,0.023,0.000,0.000,490.000,483.000,0.000,0.989,1.000,0.993,1.000,0.000,0.011,0.000,0.000
804,334,37,0.000,0.996,1.000,0.970,1.000,0.000,0.004,0.000,0.000,437,421,0.000,0.999,1.000,1.000,1.000,0.000,0.001,0.000,0.000,482.000,446.000,0.000,0.977,1.000,1.000,0.992,0.000,0.023,0.000,0.000,490.000,483.000,0.000,0.989,1.000,0.993,1.000,0.000,0.011,0.000,0.000
805,334,37,0.000,0.996,1.000,0.970,1.000,0.000,0.004,0.000,0.000,437,421,0.000,0.999,1.000,1.000,1.000,0.000,0.001,0.000,0.000,482.000,446.000,0.000,0.977,1.000,1.000,0.992,0.000,0.023,0.000,0.000,490.000,483.000,0.000,0.989,1.000,0.993,1.000,0.000,0.011,0.000,0.000
806,334,37,0.000,0.996,1.000,0.970,1.000,0.000,0.004,0.000,0.000,437,421,0.000,0.999,1.000,1.000,1.000,0.000,0.001,0.000,0.000,482.000,446.000,0.000,0.977,1.000,1.000,0.992,0.000,0.023,0.000,0.000,490.000,483.000,0.000,0.989,1.000,0.993,1.000,0.000,0.011,0.000,0.000
807,334,37,0.000,0.996,1.000,0.970,1.000,0.000,0.004,0.000,0.000,437,421,0.000,0.999,1.000,1.000,1.000,0.000,0.001,0.000,0.000,482.000,446.000,0.000,0.977,1.000,1.000,0.992,0.000,0.023,0.000,0.000,490.000,483.000,0.000,0.989,1.000,0.993,1.000,0.000,0.011,0.000,0.000
808,334,37,0.000,0.996,1.000,0.970,1.000,0.000,0.004,0.000,0.000,437,421,0.000,0.999,1.000,1.000,1.000,0.000,0.001,0.000,0.000,482.000,446.000,0.000,0.977,1.000,1.000,0.992,0.000,0.023,0.000,0.000,490.000,483.000,0.000,0.989,1.000,0.993,1.000,0.000,0.011,0.000,0.000
809,334,37,0.000,0.996,1.000,0.970,1.000,0.000,0.004,0.000,0.000,437,421,0.000,0.999,1.000,1.000,1.000,0.000,0.001,0.000,0.000,482.000,446.000,0.000,0.977,1.000,1.000,0.992,0.000,0.023,0.000,0.000,490.000,483.000,0.000,0.989,1.000,0.993,1.000,0.000,0.011,0.000,0.000
810,334,37,0.000,0.996,1.000,0.970,1.000,0.000,0.004,0.000,0.000,437,421,0.000,0.999,1.000,1.000,1.000,0.000,0.001,0.000,0.000,482.000,446.000,0.000,0.977,1.000,1.000,0.992,0.000,0.023,0.000,0.000,490.000,483.000,0.000,0.989,1.000,0.993,1.000,0.000,0.011,0.000,0.000
811,334,37,0.000,0.996,1.000,0.970,1.000,0.000,0.004,0.000,0.000,437,421,0.000,0.999,1.000,1.000,1.000,0.000,0.001,0.000,0.000,482.000,446.000,0.000,0.977,1.000,1.000,0.992,0.000,0.023,0.000,0.000,490.000,483.000,0.000,0.989,1.000,0.993,1.000,0.000,0.011,0.000,0.000
812,334,37,0.000,0.996,1.000,0.970,1.000,0.000,0.004,0.000,0.000,437,421,0.000,0.999,1.000,1.000,1.000,0.000,0.001,0.000,0.000,482.000,446.000,0.000,0.977,1.000,1.000,0.992,0.000,0.023,0.000,0.000,490.000,483.000,0.000,0.989,1.000,0.993,1.000,0.000,0.011,0.000,0.000
813,334,37,0.000,0.996,1.000,0.970,1.000,0.000,0.004,0.000,0.000,437,421,0.000,0.999,1.000,1.000,1.000,0.000,0.001,0.000,0.000,482.000,446.000,0.000,0.977,1.000,1.000,0.992,0.000,0.023,0.000,0.000,490.000,483.000,0.000,0.989,1.000,0.993,1.000,0.000,0.011,0.000,0.000
814,334,37,0.000,0.996,1.000,0.970,1.000,0.000,0.004,0.000,0.000,437,421,0.000,0.999,1.000,1.000,1.000,0.000,0.001,0.000,0.000,482.000,446.000,0.000,0.977,1.000,1.000,0.992,0.000,0.023,0.000,0.000,490.000,483.000,0.000,0.989,1.000,0.993,1.000,0.000,0.011,0.000,0.000
815,334,37,0.000,0.996,1.000,0.970,1.000,0.000,0.004,0.000,0.000,437,421,0.000,0.999,1.000,1.000,1.000,0.000,0.001,0.000,0.000,482.000,446.000,0.000,0.977,1.000,1.000,0.992,0.000,0.023,0.000,0.000,490.000,483.000,0.000,0.989,1.000,0.993,1.000,0.000,0.011,0.000,0.000
816,334,37,0.000,0.996,1.000,0.970,1.000,0.000,0.004,0.000,0.000,437,421,0.000,0.999,1.000,1.000,1.000,0.000,0.001,0.000,0.000,482.000,446.000,0.000,0.977,1.000,1.000,0.992,0.000,0.023,0.000,0.000,490.000,483.000,0.000,0.989,1.000,0.993,1.000,0.000,0.011,0.000,0.000
817,334,37,0.000,0.996,1.000,0.970,1.000,0.000,0.004,0.000,0.000,437,421,0.000,0.999,1.000,1.000,1.000,0.000,0.001,0.000,0.000,482.000,446.000,0.000,0.977,1.000,1.000,0.992,0.000,0.023,0.000,0.000,490.000,483.000,0.000,0.989,1.000,0.993,1.000,0.000,0.011,0.000,0.000
818,334,37,0.000,0.996,1.000,0.970,1.000,0.000,0.004,0.000,0.000,437,421,0.000,0.999,1.000,1.000,1.000,0.000,0.001,0.000,0.000,482.000,446.000,0.000,0.977,1.000,1.000,0.992,0.000,0.023,0.000,0.000,490.000,483.000,0.000,0.989,1.000,0.993,1.000,0.000,0.011,0.000,0.000
819,334,37,0.000,0.996,1.000,0.970,1.000,0.000,0.004,0.000,0.000,437,421,0.000,0.999,1.000,1.000,1.000,0.000,0.001,0.000,0.000,482.000,446.000,0.000,0.977,1.000,1.000,0.992,0.000,0.023,0.000,0.000,490.000,483.000,0.000,0.989,1.000,0.993,1.000,0.000,0.011,0.000,0.000
820,334,37,0.000,0.996,1.000,0.970,1.000,0.000,0.004,0.000,0.000,437,421,0.000,0.999,1.000,1.000,1.000,0.000,0.001,0.000,0.000,482.000,446.000,0.000,0.977,1.000,1.000,0.992,0.000,0.023,0.000,0.000,490.000,483.000,0.000,0.989,1.000,0.993,1.000,0.000,0.011,0.000,0.000
821,334,37,0.000,0.996,1.000,0.970,1.000,0.000,0.004,0.000,0.000,437,421,0.000,0.999,1.000,1.000,1.000,0.000,0.001,0.000,0.000,482.000,446.000,0.000,0.977,1.000,1.000,0.992,0.000,0.023,0.000,0.000,490.000,483.000,0.000,0.989,1.000,0.993,1.000,0.000,0.011,0.000,0.000
822,334,37,0.000,0.996,1.000,0.970,1.000,0.000,0.004,0.000,0.000,437,421,0.000,0.999,1.000,1.000,1.000,0.000,0.001,0.000,0.000,482.000,446.000,0.000,0.977,1.000,1.000,0.992,0.000,0.023,0.000,0.000,490.000,483.000,0.000,0.989,1.000,0.993,1.000,0.000,0.011,0.000,0.000
823,334,37,0.000,0.996,1.000,0.970,1.000,0.000,0.004,0.000,0.000,437,421,0.000,0.999,1.000,1.000,1.000,0.000,0.001,0.000,0.000,482.000,446.000,0.000,0.977,1.000,1.000,0.992,0.000,0.023,0.000,0.000,490.000,483.000,0.000,0.989,1.000,0.993,1.000,0.000,0.011,0.000,0.000
824,334,37,0.000,0.996,1.000,0.970,1.000,0.000,0.004,0.000,0.000,437,421,0.000,0.999,1.000,1.000,1.000,0.000,0.001,0.000,0.000,482.000,446.000,0.000,0.977,1.000,1.000,0.992,0.000,0.023,0.000,0.000,490.000,483.000,0.000,0.989,1.000,0.993,1.000,0.000,0.011,0.000,0.000
825,334,37,0.000,0.996,1.000,0.970,1.000,0.000,0.004,0.000,0.000,437,421,0.000,0.999,1.000,1.000,1.000,0.000,0.001,0.000,0.000,482.000,446.000,0.000,0.977,1.000,1.000,0.992,0.000,0.023,0.000,0.000,490.000,483.000,0.000,0.989,1.000,0.993,1.000,0.000,0.011,0.000,0.000
826,334,37,0.000,0.996,1.000,0.970,1.000,0.000,0.004,0.000,0.000,437,421,0.000,0.999,1.000,1.000,1.000,0.000,0.001,0.000,0.000,482.000,446.000,0.000,0.977,1.000,1.000,0.992,0.000,0.023,0.000,0.000,490.000,483.000,0.000,0.989,1.000,0.993,1.000,0.000,0.011,0.000,0.000
827,334,37,0.000,0.996,1.000,0.970,1.000,0.000,0.004,0.000,0.000,437,421,0.000,0.999,1.000,1.000,1.000,0.000,0.001,0.000,0.000,482.000,446.000,0.000,0.977,1.000,1.000,0.992,0.000,0.023,0.000,0.000,490.000,483.000,0.000,0.989,1.000,0.993,1.000,0.000,0.011,0.000,0.000
828,334,37,0.000,0.996,1.000,0.970,1.000,0.000,0.004,0.000,0.000,437,421,0.000,0.999,1.000,1.000,1.000,0.000,0.001,0.000,0.000,482.000,446.000,0.000,0.977,1.000,1.000,0.992,0.000,0.023,0.000,0.000,490.000,483.000,0.000,0.989,1.000,0.993,1.000,0.000,0.011,0.000,0.000
829,334,37,0.000,0.996,1.000,0.970,1.000,0.000,0.004,0.000,0.000,437,421,0.000,0.999,1.000,1.000,1.000,0.000,0.001,0.000,0.000,482.000,446.000,0.000,0.977,1.000,1.000,0.992,0.000,0.023,0.000,0.000,490.000,483.000,0.000,0.989,1.000,0.993,1.000,0.000,0.011,0.000,0.000
830,334,37,0.000,0.996,1.000,0.970,1.000,0.000,0.004,0.000,0.000,437,421,0.000,0.999,1.000,1.000,1.000,0.000,0.001,0.000,0.000,482.000,446.000,0.000,0.977,1.000,1.000,0.992,0.000,0.023,0.000,0.000,490.000,483.000,0.000,0.989,1.000,0.993,1.000,0.000,0.011,0.000,0.000
831,334,37,0.000,0.996,1.000,0.970,1.000,0.000,0.004,0.000,0.000,437,421,0.000,0.999,1.000,1.000,1.000,0.000,0.001,0.000,0.000,482.000,446.000,0.000,0.977,1.000,1.000,0.992,0.000,0.023,0.000,0.000,490.000,483.000,0.000,0.989,1.000,0.993,1.000,0.000,0.011,0.000,0.000
832,334,37,0.000,0.996,1.000,0.970,1.000,0.000,0.004,0.000,0.000,437,421,0.000,0.999,1.000,1.000,1.000,0.000,0.001,0.000,0.000,482.000,446.000,0.000,0.977,1.000,1.000,0.992,0.000,0.023,0.000,0.000,490.000,483.000,0.000,0.989,1.000,0.993,1.000,0.000,0.011,0.000,0.000
833,334,37,0.000,0.996,1.000,0.970,1.000,0.000,0.004,0.000,0.000,437,421,0.000,0.999,1.000,1.000,1.000,0.000,0.001,0.000,0.000,482.000,446.000,0.000,0.977,1.000,1.000,0.992,0.000,0.023,0.000,0.000,490.000,483.000,0.000,0.989,1.000,0.993,1.000,0.000,0.011,0.000,0.000
834,334,37,0.000,0.996,1.000,0.970,1.000,0.000,0.004,0.000,0.000,437,421,0.000,0.999,1.000,1.000,1.000,0.000,0.001,0.000,0.000,482.000,446.000,0.000,0.977,1.000,1.000,0.992,0.000,0.023,0.000,0.000,490.000,483.000,0.000,0.989,1.000,0.993,1.000,0.000,0.011,0.000,0.000
835,334,37,0.000,0.996,1.000,0.970,1.000,0.000,0.004,0.000,0.000,437,421,0.000,0.999,1.000,1.000,1.000,0.000,0.001,0.000,0.000,482.000,446.000,0.000,0.977,1.000,1.000,0.992,0.000,0.023,0.000,0.000,490.000,483.000,0.000,0.989,1.000,0.993,1.000,0.000,0.011,0.000,0.000
836,334,37,0.000,0.996,1.000,0.970,1.000,0.000,0.004,0.000,0.000,437,421,0.000,0.999,1.000,1.000,1.000,0.000,0.001,0.000,0.000,482.000,446.000,0.000,0.977,1.000,1.000,0.992,0.000,0.023,0.000,0.000,490.000,483.000,0.000,0.989,1.000,0.993,1.000,0.000,0.011,0.000,0.000
837,334,37,0.000,0.996,1.000,0.970,1.000,0.000,0.004,0.000,0.000,437,421,0.000,0.999,1.000,1.000,1.000,0.000,0.001,0.000,0.000,482.000,446.000,0.000,0.977,1.000,1.000,0.992,0.000,0.023,0.000,0.000,490.000,483.000,0.000,0.989,1.000,0.993,1.000,0.000,0.011,0.000,0.000
838,334,37,0.000,0.996,1.000,0.970,1.000,0.000,0.004,0.000,0.000,437,421,0.000,0.999,1.000,1.000,1.000,0.000,0.001,0.000,0.000,482.000,446.000,0.000,0.977,1.000,1.000,0.992,0.000,0.023,0.000,0.000,490.000,483.000,0.000,0.989,1.000,0.993,1.000,0.000,0.011,0.000,0.000
839,334,37,0.000,0.996,1.000,0.970,1.000,0.000,0.004,0.000,0.000,437,421,0.000,0.999,1.000,1.000,1.000,0.000,0.001,0.000,0.000,482.000,446.000,0.000,0.977,1.000,1.000,0.992,0.000,0.023,0.000,0.000,490.000,483.000,0.000,0.989,1.000,0.993,1.000,0.000,0.011,0.000,0.000
840,334,37,0.000,0.996,1.000,0.970,1.000,0.000,0.004,0.000,0.000,437,421,0.000,0.999,1.000,1.000,1.000,0.000,0.001,0.000,0.000,482.000,446.000,0.000,0.977,1.000,1.000,0.992,0.000,0.023,0.000,0.000,490.000,483.000,0.000,0.989,1.000,0.993,1.000,0.000,0.011,0.000,0.000
841,334,37,0.000,0.996,1.000,0.970,1.000,0.000,0.004,0.000,0.000,437,421,0.000,0.999,1.000,1.000,1.000,0.000,0.001,0.000,0.000,482.000,446.000,0.000,0.977,1.000,1.000,0.992,0.000,0.023,0.000,0.000,490.000,483.000,0.000,0.989,1.000,0.993,1.000,0.000,0.011,0.000,0.000
842,334,37,0.000,0.996,1.000,0.970,1.000,0.000,0.004,0.000,0.000,437,421,0.000,0.999,1.000,1.000,1.000,0.000,0.001,0.000,0.000,482.000,446.000,0.000,0.977,1.000,1.000,0.992,0.000,0.023,0.000,0.000,490.000,483.000,0.000,0.989,1.000,0.993,1.000,0.000,0.011,0.000,0.000
843,334,37,0.000,0.996,1.000,0.970,1.000,0.000,0.004,0.000,0.000,437,421,0.000,0.999,1.000,1.000,1.000,0.000,0.001,0.000,0.000,482.000,446.000,0.000,0.977,1.000,1.000,0.992,0.000,0.023,0.000,0.000,490.000,483.000,0.000,0.989,1.000,0.993,1.000,0.000,0.011,0.000,0.000
844,334,37,0.000,0.996,1.000,0.970,1.000,0.000,0.004,0.000,0.000,437,421,0.000,0.999,1.000,1.000,1.000,0.000,0.001,0.000,0.000,482.000,446.000,0.000,0.977,1.000,1.000,0.992,0.000,0.023,0.000,0.000,490.000,483.000,0.000,0.989,1.000,0.993,1.000,0.000,0.011,0.000,0.000
845,334,37,0.000,0.996,1.000,0.970,1.000,0.000,0.004,0.000,0.000,437,421,0.000,0.999,1.000,1.000,1.000,0.000,0.001,0.000,0.000,482.000,446.000,0.000,0.977,1.000,1.000,0.992,0.000,0.023,0.000,0.000,490.000,483.000,0.000,0.989,1.000,0.993,1.000,0.000,0.011,0.000,0.000
846,334,37,0.000,0.996,1.000,0.970,1.000,0.000,0.004,0.000,0.000,437,421,0.000,0.999,1.000,1.000,1.000,0.000,0.001,0.000,0.000,482.000,446.000,0.000,0.977,1.000,1.000,0.992,0.000,0.023,0.000,0.000,490.000,483.000,0.000,0.989,1.000,0.993,1.000,0.000,0.011,0.000,0.000
847,334,37,0.000,0.996,1.000,0.970,1.000,0.000,0.004,0.000,0.000,437,421,0.000,0.999,1.000,1.000,1.000,0.000,0.001,0.000,0.000,482.000,446.000,0.000,0.977,1.000,1.000,0.992,0.000,0.023,0.000,0.000,490.000,483.000,0.000,0.989,1.000,0.993,1.000,0.000,0.011,0.000,0.000
848,334,37,0.000,0.996,1.000,0.970,1.000,0.000,0.004,0.000,0.000,437,421,0.000,0.999,1.000,1.000,1.000,0.000,0.001,0.000,0.000,482.000,446.000,0.000,0.977,1.000,1.000,0.992,0.000,0.023,0.000,0.000,490.000,483.000,0.000,0.989,1.000,0.993,1.000,0.000,0.011,0.000,0.000
849,334,37,0.000,0.996,1.000,0.970,1.000,0.000,0.004,0.000,0.000,437,421,0.000,0.999,1.000,1.000,1.000,0.000,0.001,0.000,0.000,482.000,446.000,0.000,0.977,1.000,1.000,0.992,0.000,0.023,0.000,0.000,490.000,483.000,0.000,0.989,1.000,0.993,1.000,0.000,0.011,0.000,0.000
850,334,37,0.000,0.996,1.000,0.970,1.000,0.000,0.004,0.000,0.000,437,421,0.000,0.999,1.000,1.000,1.000,0.000,0.001,0.000,0.000,482.000,446.000,0.000,0.977,1.000,1.000,0.992,0.000,0.023,0.000,0.000,490.000,483.000,0.000,0.989,1.000,0.993,1.000,0.000,0.011,0.000,0.000
851,334,37,0.000,0.996,1.000,0.970,1.000,0.000,0.004,0.000,0.000,437,421,0.000,0.999,1.000,1.000,1.000,0.000,0.001,0.000,0.000,482.000,446.000,0.000,0.977,1.000,1.000,0.992,0.000,0.023,0.000,0.000,490.000,483.000,0.000,0.989,1.000,0.993,1.000,0.000,0.011,0.000,0.000
852,334,37,0.000,0.996,1.000,0.970,1.000,0.000,0.004,0.000,0.000,437,421,0.000,0.999,1.000,1.000,1.000,0.000,0.001,0.000,0.000,482.000,446.000,0.000,0.977,1.000,1.000,0.992,0.000,0.023,0.000,0.000,490.000,483.000,0.000,0.989,1.000,0.993,1.000,0.000,0.011,0.000,0.000
853,334,37,0.000,0.996,1.000,0.970,1.000,0.000,0.004,0.000,0.000,437,421,0.000,0.999,1.000,1.000,1.000,0.000,0.001,0.000,0.000,482.000,446.000,0.000,0.977,1.000,1.000,0.992,0.000,0.023,0.000,0.000,490.000,483.000,0.000,0.989,1.000,0.993,1.000,0.000,0.011,0.000,0.000
854,334,37,0.000,0.996,1.000,0.970,1.000,0.000,0.004,0.000,0.000,437,421,0.000,0.999,1.000,1.000,1.000,0.000,0.001,0.000,0.000,482.000,446.000,0.000,0.977,1.000,1.000,0.992,0.000,0.023,0.000,0.000,490.000,483.000,0.000,0.989,1.000,0.993,1.000,0.000,0.011,0.000,0.000
855,334,37,0.000,0.996,1.000,0.970,1.000,0.000,0.004,0.000,0.000,437,421,0.000,0.999,1.000,1.000,1.000,0.000,0.001,0.000,0.000,482.000,446.000,0.000,0.977,1.000,1.000,0.992,0.000,0.023,0.000,0.000,490.000,483.000,0.000,0.989,1.000,0.993,1.000,0.000,0.011,0.000,0.000
856,334,37,0.000,0.996,1.000,0.970,1.000,0.000,0.004,0.000,0.000,437,421,0.000,0.999,1.000,1.000,1.000,0.000,0.001,0.000,0.000,482.000,446.000,0.000,0.977,1.000,1.000,0.992,0.000,0.023,0.000,0.000,490.000,483.000,0.000,0.989,1.000,0.993,1.000,0.000,0.011,0.000,0.000
857,334,37,0.000,0.996,1.000,0.970,1.000,0.000,0.004,0.000,0.000,437,421,0.000,0.999,1.000,1.000,1.000,0.000,0.001,0.000,0.000,482.000,446.000,0.000,0.977,1.000,1.000,0.992,0.000,0.023,0.000,0.000,490.000,483.000,0.000,0.989,1.000,0.993,1.000,0.000,0.011,0.000,0.000
858,334,37,0.000,0.996,1.000,0.970,1.000,0.000,0.004,0.000,0.000,437,421,0.000,0.999,1.000,1.000,1.000,0.000,0.001,0.000,0.000,482.000,446.000,0.000,0.977,1.000,1.000,0.992,0.000,0.023,0.000,0.000,490.000,483.000,0.000,0.989,1.000,0.993,1.000,0.000,0.011,0.000,0.000
859,334,37,0.000,0.996,1.000,0.970,1.000,0.000,0.004,0.000,0.000,437,421,0.000,0.999,1.000,1.000,1.000,0.000,0.001,0.000,0.000,482.000,446.000,0.000,0.977,1.000,1.000,0.992,0.000,0.023,0.000,0.000,490.000,483.000,0.000,0.989,1.000,0.993,1.000,0.000,0.011,0.000,0.000
860,334,37,0.000,0.996,1.000,0.970,1.000,0.000,0.004,0.000,0.000,437,421,0.000,0.999,1.000,1.000,1.000,0.000,0.001,0.000,0.000,482.000,446.000,0.000,0.977,1.000,1.000,0.992,0.000,0.023,0.000,0.000,490.000,483.000,0.000,0.989,1.000,0.993,1.000,0.000,0.011,0.000,0.000
861,334,37,0.000,0.996,1.000,0.970,1.000,0.000,0.004,0.000,0.000,437,421,0.000,0.999,1.000,1.000,1.000,0.000,0.001,0.000,0.000,482.000,446.000,0.000,0.977,1.000,1.000,0.992,0.000,0.023,0.000,0.000,490.000,483.000,0.000,0.989,1.000,0.993,1.000,0.000,0.011,0.000,0.000
862,334,37,0.000,0.996,1.000,0.970,1.000,0.000,0.004,0.000,0.000,437,421,0.000,0.999,1.000,1.000,1.000,0.000,0.001,0.000,0.000,482.000,446.000,0.000,0.977,1.000,1.000,0.992,0.000,0.023,0.000,0.000,490.000,483.000,0.000,0.989,1.000,0.993,1.000,0.000,0.011,0.000,0.000
863,334,37,0.000,0.996,1.000,0.970,1.000,0.000,0.004,0.000,0.000,437,421,0.000,0.999,1.000,1.000,1.000,0.000,0.001,0.000,0.000,482.000,446.000,0.000,0.977,1.000,1.000,0.992,0.000,0.023,0.000,0.000,490.000,483.000,0.000,0.989,1.000,0.993,1.000,0.000,0.011,0.000,0.000
864,334,37,0.000,0.996,1.000,0.970,1.000,0.000,0.004,0.000,0.000,437,421,0.000,0.999,1.000,1.000,1.000,0.000,0.001,0.000,0.000,482.000,446.000,0.000,0.977,1.000,1.000,0.992,0.000,0.023,0.000,0.000,490.000,483.000,0.000,0.989,1.000,0.993,1.000,0.000,0.011,0.000,0.000
865,334,37,0.000,0.996,1.000,0.970,1.000,0.000,0.004,0.000,0.000,437,421,0.000,0.999,1.000,1.000,1.000,0.000,0.001,0.000,0.000,482.000,446.000,0.000,0.977,1.000,1.000,0.992,0.000,0.023,0.000,0.000,490.000,483.000,0.000,0.989,1.000,0.993,1.000,0.000,0.011,0.000,0.000
866,334,37,0.000,0.996,1.000,0.970,1.000,0.000,0.004,0.000,0.000,437,421,0.000,0.999,1.000,1.000,1.000,0.000,0.001,0.000,0.000,482.000,446.000,0.000,0.977,1.000,1.000,0.992,0.000,0.023,0.000,0.000,490.000,483.000,0.000,0.989,1.000,0.993,1.000,0.000,0.011,0.000,0.000
867,334,37,0.000,0.996,1.000,0.970,1.000,0.000,0.004,0.000,0.000,437,421,0.000,0.999,1.000,1.000,1.000,0.000,0.001,0.000,0.000,482.000,446.000,0.000,0.977,1.000,1.000,0.992,0.000,0.023,0.000,0.000,490.000,483.000,0.000,0.989,1.000,0.993,1.000,0.000,0.011,0.000,0.000
868,334,37,0.000,0.996,1.000,0.970,1.000,0.000,0.004,0.000,0.000,437,421,0.000,0.999,1.000,1.000,1.000,0.000,0.001,0.000,0.000,482.000,446.000,0.000,0.977,1.000,1.000,0.992,0.000,0.023,0.000,0.000,490.000,483.000,0.000,0.989,1.000,0.993,1.000,0.000,0.011,0.000,0.000
869,334,37,0.000,0.996,1.000,0.970,1.000,0.000,0.004,0.000,0.000,437,421,0.000,0.999,1.000,1.000,1.000,0.000,0.001,0.000,0.000,482.000,446.000,0.000,0.977,1.000,1.000,0.992,0.000,0.023,0.000,0.000,490.000,483.000,0.000,0.989,1.000,0.993,1.000,0.000,0.011,0.000,0.000
870,334,37,0.000,0.996,1.000,0.970,1.000,0.000,0.004,0.000,0.000,437,421,0.000,0.999,1.000,1.000,1.000,0.000,0.001,0.000,0.000,482.000,446.000,0.000,0.977,1.000,1.000,0.992,0.000,0.023,0.000,0.000,490.000,483.000,0.000,0.989,1.000,0.993,1.000,0.000,0.011,0.000,0.000
871,334,37,0.000,0.996,1.000,0.970,1.000,0.000,0.004,0.000,0.000,437,421,0.000,0.999,1.000,1.000,1.000,0.000,0.001,0.000,0.000,482.000,446.000,0.000,0.977,1.000,1.000,0.992,0.000,0.023,0.000,0.000,490.000,483.000,0.000,0.989,1.000,0.993,1.000,0.000,0.011,0.000,0.000
872,334,37,0.000,0.996,1.000,0.970,1.000,0.000,0.004,0.000,0.000,437,421,0.000,0.999,1.000,1.000,1.000,0.000,0.001,0.000,0.000,482.000,446.000,0.000,0.977,1.000,1.000,0.992,0.000,0.023,0.000,0.000,490.000,483.000,0.000,0.989,1.000,0.993,1.000,0.000,0.011,0.000,0.000
873,334,37,0.000,0.996,1.000,0.970,1.000,0.000,0.004,0.000,0.000,437,421,0.000,0.999,1.000,1.000,1.000,0.000,0.001,0.000,0.000,482.000,446.000,0.000,0.977,1.000,1.000,0.992,0.000,0.023,0.000,0.000,490.000,483.000,0.000,0.989,1.000,0.993,1.000,0.000,0.011,0.000,0.000
874,334,37,0.000,0.996,1.000,0.970,1.000,0.000,0.004,0.000,0.000,437,421,0.000,0.999,1.000,1.000,1.000,0.000,0.001,0.000,0.000,482.000,446.000,0.000,0.977,1.000,1.000,0.992,0.000,0.023,0.000,0.000,490.000,483.000,0.000,0.989,1.000,0.993,1.000,0.000,0.011,0.000,0.000
875,334,37,0.000,0.996,1.000,0.970,1.000,0.000,0.004,0.000,0.000,437,421,0.000,0.999,1.000,1.000,1.000,0.000,0.001,0.000,0.000,482.000,446.000,0.000,0.977,1.000,1.000,0.992,0.000,0.023,0.000,0.000,490.000,483.000,0.000,0.989,1.000,0.993,1.000,0.000,0.011,0.000,0.000
876,334,37,0.000,0.996,1.000,0.970,1.000,0.000,0.004,0.000,0.000,437,421,0.000,0.999,1.000,1.000,1.000,0.000,0.001,0.000,0.000,482.000,446.000,0.000,0.977,1.000,1.000,0.992,0.000,0.023,0.000,0.000,490.000,483.000,0.000,0.989,1.000,0.993,1.000,0.000,0.011,0.000,0.000
877,334,37,0.000,0.996,1.000,0.970,1.000,0.000,0.004,0.000,0.000,437,421,0.000,0.999,1.000,1.000,1.000,0.000,0.001,0.000,0.000,482.000,446.000,0.000,0.977,1.000,1.000,0.992,0.000,0.023,0.000,0.000,490.000,483.000,0.000,0.989,1.000,0.993,1.000,0.000,0.011,0.000,0.000
878,334,37,0.000,0.996,1.000,0.970,1.000,0.000,0.004,0.000,0.000,437,421,0.000,0.999,1.000,1.000,1.000,0.000,0.001,0.000,0.000,482.000,446.000,0.000,0.977,1.000,1.000,0.992,0.000,0.023,0.000,0.000,490.000,483.000,0.000,0.989,1.000,0.993,1.000,0.000,0.011,0.000,0.000
879,334,37,0.000,0.996,1.000,0.970,1.000,0.000,0.004,0.000,0.000,437,421,0.000,0.999,1.000,1.000,1.000,0.000,0.001,0.000,0.000,482.000,446.000,0.000,0.977,1.000,1.000,0.992,0.000,0.023,0.000,0.000,490.000,483.000,0.000,0.989,1.000,0.993,1.000,0.000,0.011,0.000,0.000
880,334,37,0.000,0.996,1.000,0.970,1.000,0.000,0.004,0.000,0.000,437,421,0.000,0.999,1.000,1.000,1.000,0.000,0.001,0.000,0.000,482.000,446.000,0.000,0.977,1.000,1.000,0.992,0.000,0.023,0.000,0.000,490.000,483.000,0.000,0.989,1.000,0.993,1.000,0.000,0.011,0.000,0.000
881,334,37,0.000,0.996,1.000,0.970,1.000,0.000,0.004,0.000,0.000,437,421,0.000,0.999,1.000,1.000,1.000,0.000,0.001,0.000,0.000,482.000,446.000,0.000,0.977,1.000,1.000,0.992,0.000,0.023,0.000,0.000,490.000,483.000,0.000,0.989,1.000,0.993,1.000,0.000,0.011,0.000,0.000
882,334,37,0.000,0.996,1.000,0.970,1.000,0.000,0.004,0.000,0.000,437,421,0.000,0.999,1.000,1.000,1.000,0.000,0.001,0.000,0.000,482.000,446.000,0.000,0.977,1.000,1.000,0.992,0.000,0.023,0.000,0.000,490.000,483.000,0.000,0.989,1.000,0.993,1.000,0.000,0.011,0.000,0.000
883,334,37,0.000,0.996,1.000,0.970,1.000,0.000,0.004,0.000,0.000,437,421,0.000,0.999,1.000,1.000,1.000,0.000,0.001,0.000,0.000,482.000,446.000,0.000,0.977,1.000,1.000,0.992,0.000,0.023,0.000,0.000,490.000,483.000,0.000,0.989,1.000,0.993,1.000,0.000,0.011,0.000,0.000
884,334,37,0.000,0.996,1.000,0.970,1.000,0.000,0.004,0.000,0.000,437,421,0.000,0.999,1.000,1.000,1.000,0.000,0.001,0.000,0.000,482.000,446.000,0.000,0.977,1.000,1.000,0.992,0.000,0.023,0.000,0.000,490.000,483.000,0.000,0.989,1.000,0.993,1.000,0.000,0.011,0.000,0.000
885,334,37,0.000,0.996,1.000,0.970,1.000,0.000,0.004,0.000,0.000,437,421,0.000,0.999,1.000,1.000,1.000,0.000,0.001,0.000,0.000,482.000,446.000,0.000,0.977,1.000,1.000,0.992,0.000,0.023,0.000,0.000,490.000,483.000,0.000,0.989,1.000,0.993,1.000,0.000,0.011,0.000,0.000
886,334,37,0.000,0.996,1.000,0.970,1.000,0.000,0.004,0.000,0.000,437,421,0.000,0.999,1.000,1.000,1.000,0.000,0.001,0.000,0.000,482.000,446.000,0.000,0.977,1.000,1.000,0.992,0.000,0.023,0.000,0.000,490.000,483.000,0.000,0.989,1.000,0.993,1.000,0.000,0.011,0.000,0.000
887,334,37,0.000,0.996,1.000,0.970,1.000,0.000,0.004,0.000,0.000,437,421,0.000,0.999,1.000,1.000,1.000,0.000,0.001,0.000,0.000,482.000,446.000,0.000,0.977,1.000,1.000,0.992,0.000,0.023,0.000,0.000,490.000,483.000,0.000,0.989,1.000,0.993,1.000,0.000,0.011,0.000,0.000
888,334,37,0.000,0.996,1.000,0.970,1.000,0.000,0.004,0.000,0.000,437,421,0.000,0.999,1.000,1.000,1.000,0.000,0.001,0.000,0.000,482.000,446.000,0.000,0.977,1.000,1.000,0.992,0.000,0.023,0.000,0.000,490.000,483.000,0.000,0.989,1.000,0.993,1.000,0.000,0.011,0.000,0.000
889,334,37,0.000,0.996,1.000,0.970,1.000,0.000,0.004,0.000,0.000,437,421,0.000,0.999,1.000,1.000,1.000,0.000,0.001,0.000,0.000,482.000,446.000,0.000,0.977,1.000,1.000,0.992,0.000,0.023,0.000,0.000,490.000,483.000,0.000,0.989,1.000,0.993,1.000,0.000,0.011,0.000,0.000
890,334,37,0.000,0.996,1.000,0.970,1.000,0.000,0.004,0.000,0.000,437,421,0.000,0.999,1.000,1.000,1.000,0.000,0.001,0.000,0.000,482.000,446.000,0.000,0.977,1.000,1.000,0.992,0.000,0.023,0.000,0.000,490.000,483.000,0.000,0.989,1.000,0.993,1.000,0.000,0.011,0.000,0.000
891,334,37,0.000,0.996,1.000,0.970,1.000,0.000,0.004,0.000,0.000,437,421,0.000,0.999,1.000,1.000,1.000,0.000,0.001,0.000,0.000,482.000,446.000,0.000,0.977,1.000,1.000,0.992,0.000,0.023,0.000,0.000,490.000,483.000,0.000,0.989,1.000,0.993,1.000,0.000,0.011,0.000,0.000
892,334,37,0.000,0.996,1.000,0.970,1.000,0.000,0.004,0.000,0.000,437,421,0.000,0.999,1.000,1.000,1.000,0.000,0.001,0.000,0.000,482.000,446.000,0.000,0.977,1.000,1.000,0.992,0.000,0.023,0.000,0.000,490.000,483.000,0.000,0.989,1.000,0.993,1.000,0.000,0.011,0.000,0.000
893,334,37,0.000,0.996,1.000,0.970,1.000,0.000,0.004,0.000,0.000,437,421,0.000,0.999,1.000,1.000,1.000,0.000,0.001,0.000,0.000,482.000,446.000,0.000,0.977,1.000,1.000,0.992,0.000,0.023,0.000,0.000,490.000,483.000,0.000,0.989,1.000,0.993,1.000,0.000,0.011,0.000,0.000
894,334,37,0.000,0.996,1.000,0.970,1.000,0.000,0.004,0.000,0.000,437,421,0.000,0.999,1.000,1.000,1.000,0.000,0.001,0.000,0.000,482.000,446.000,0.000,0.977,1.000,1.000,0.992,0.000,0.023,0.000,0.000,490.000,483.000,0.000,0.989,1.000,0.993,1.000,0.000,0.011,0.000,0.000
895,334,37,0.000,0.996,1.000,0.970,1.000,0.000,0.004,0.000,0.000,437,421,0.000,0.999,1.000,1.000,1.000,0.000,0.001,0.000,0.000,482.000,446.000,0.000,0.977,1.000,1.000,0.992,0.000,0.023,0.000,0.000,490.000,483.000,0.000,0.989,1.000,0.993,1.000,0.000,0.011,0.000,0.000
896,334,37,0.000,0.996,1.000,0.970,1.000,0.000,0.004,0.000,0.000,437,421,0.000,0.999,1.000,1.000,1.000,0.000,0.001,0.000,0.000,482.000,446.000,0.000,0.977,1.000,1.000,0.992,0.000,0.023,0.000,0.000,490.000,483.000,0.000,0.989,1.000,0.993,1.000,0.000,0.011,0.000,0.000
897,334,37,0.000,0.996,1.000,0.970,1.000,0.000,0.004,0.000,0.000,437,421,0.000,0.999,1.000,1.000,1.000,0.000,0.001,0.000,0.000,482.000,446.000,0.000,0.977,1.000,1.000,0.992,0.000,0.023,0.000,0.000,490.000,483.000,0.000,0.989,1.000,0.993,1.000,0.000,0.011,0.000,0.000
898,334,37,0.000,0.996,1.000,0.970,1.000,0.000,0.004,0.000,0.000,437,421,0.000,0.999,1.000,1.000,1.000,0.000,0.001,0.000,0.000,482.000,446.000,0.000,0.977,1.000,1.000,0.992,0.000,0.023,0.000,0.000,490.000,483.000,0.000,0.989,1.000,0.993,1.000,0.000,0.011,0.000,0.000
899,334,37,0.000,0.996,1.000,0.970,1.000,0.000,0.004,0.000,0.000,437,421,0.000,0.999,1.000,1.000,1.000,0.000,0.001,0.000,0.000,482.000,446.000,0.000,0.977,1.000,1.000,0.992,0.000,0.023,0.000,0.000,490.000,483.000,0.000,0.989,1.000,0.993,1.000,0.000,0.011,0.000,0.000
900,334,37,0.000,0.996,1.000,0.970,1.000,0.000,0.004,0.000,0.000,437,421,0.000,0.999,1.000,1.000,1.000,0.000,0.001,0.000,0.000,482.000,446.000,0.000,0.977,1.000,1.000,0.992,0.000,0.023,0.000,0.000,490.000,483.000,0.000,0.989,1.000,0.993,1.000,0.000,0.011,0.000,0.000
901,334,37,0.000,0.996,1.000,0.970,1.000,0.000,0.004,0.000,0.000,497,490,0.000,0.977,1.000,1.000,0.998,0.000,0.023,0.000,0.000,509.000,493.000,0.000,1.000,0.999,1.000,1.000,0.000,0.000,0.000,0.001,530.000,428.000,0.000,0.979,1.000,0.999,1.000,0.006,0.015,0.000,0.000
902,334,37,0.000,0.996,1.000,0.970,1.000,0.000,0.004,0.000,0.000,497,490,0.000,0.977,1.000,1.000,0.998,0.000,0.023,0.000,0.000,509.000,493.000,0.000,1.000,0.999,1.000,1.000,0.000,0.000,0.000,0.001,530.000,428.000,0.000,0.979,1.000,0.999,1.000,0.006,0.015,0.000,0.000
903,334,37,0.000,0.996,1.000,0.970,1.000,0.000,0.004,0.000,0.000,497,490,0.000,0.977,1.000,1.000,0.998,0.000,0.023,0.000,0.000,509.000,493.000,0.000,1.000,0.999,1.000,1.000,0.000,0.000,0.000,0.001,530.000,428.000,0.000,0.979,1.000,0.999,1.000,0.006,0.015,0.000,0.000
904,334,37,0.000,0.996,1.000,0.970,1.000,0.000,0.004,0.000,0.000,497,490,0.000,0.977,1.000,1.000,0.998,0.000,0.023,0.000,0.000,509.000,493.000,0.000,1.000,0.999,1.000,1.000,0.000,0.000,0.000,0.001,530.000,428.000,0.000,0.979,1.000,0.999,1.000,0.006,0.015,0.000,0.000
905,334,37,0.000,0.996,1.000,0.970,1.000,0.000,0.004,0.000,0.000,497,490,0.000,0.977,1.000,1.000,0.998,0.000,0.023,0.000,0.000,509.000,493.000,0.000,1.000,0.999,1.000,1.000,0.000,0.000,0.000,0.001,530.000,428.000,0.000,0.979,1.000,0.999,1.000,0.006,0.015,0.000,0.000
906,334,37,0.000,0.996,1.000,0.970,1.000,0.000,0.004,0.000,0.000,497,490,0.000,0.977,1.000,1.000,0.998,0.000,0.023,0.000,0.000,509.000,493.000,0.000,1.000,0.999,1.000,1.000,0.000,0.000,0.000,0.001,530.000,428.000,0.000,0.979,1.000,0.999,1.000,0.006,0.015,0.000,0.000
907,334,37,0.000,0.996,1.000,0.970,1.000,0.000,0.004,0.000,0.000,497,490,0.000,0.977,1.000,1.000,0.998,0.000,0.023,0.000,0.000,509.000,493.000,0.000,1.000,0.999,1.000,1.000,0.000,0.000,0.000,0.001,530.000,428.000,0.000,0.979,1.000,0.999,1.000,0.006,0.015,0.000,0.000
908,334,37,0.000,0.996,1.000,0.970,1.000,0.000,0.004,0.000,0.000,497,490,0.000,0.977,1.000,1.000,0.998,0.000,0.023,0.000,0.000,509.000,493.000,0.000,1.000,0.999,1.000,1.000,0.000,0.000,0.000,0.001,530.000,428.000,0.000,0.979,1.000,0.999,1.000,0.006,0.015,0.000,0.000
909,334,37,0.000,0.996,1.000,0.970,1.000,0.000,0.004,0.000,0.000,497,490,0.000,0.977,1.000,1.000,0.998,0.000,0.023,0.000,0.000,509.000,493.000,0.000,1.000,0.999,1.000,1.000,0.000,0.000,0.000,0.001,530.000,428.000,0.000,0.979,1.000,0.999,1.000,0.006,0.015,0.000,0.000
910,334,37,0.000,0.996,1.000,0.970,1.000,0.000,0.004,0.000,0.000,497,490,0.000,0.977,1.000,1.000,0.998,0.000,0.023,0.000,0.000,509.000,493.000,0.000,1.000,0.999,1.000,1.000,0.000,0.000,0.000,0.001,530.000,428.000,0.000,0.979,1.000,0.999,1.000,0.006,0.015,0.000,0.000
911,334,37,0.000,0.996,1.000,0.970,1.000,0.000,0.004,0.000,0.000,497,490,0.000,0.977,1.000,1.000,0.998,0.000,0.023,0.000,0.000,509.000,493.000,0.000,1.000,0.999,1.000,1.000,0.000,0.000,0.000,0.001,530.000,428.000,0.000,0.979,1.000,0.999,1.000,0.006,0.015,0.000,0.000
912,334,37,0.000,0.996,1.000,0.970,1.000,0.000,0.004,0.000,0.000,497,490,0.000,0.977,1.000,1.000,0.998,0.000,0.023,0.000,0.000,509.000,493.000,0.000,1.000,0.999,1.000,1.000,0.000,0.000,0.000,0.001,530.000,428.000,0.000,0.979,1.000,0.999,1.000,0.006,0.015,0.000,0.000
913,334,37,0.000,0.996,1.000,0.970,1.000,0.000,0.004,0.000,0.000,497,490,0.000,0.977,1.000,1.000,0.998,0.000,0.023,0.000,0.000,509.000,493.000,0.000,1.000,0.999,1.000,1.000,0.000,0.000,0.000,0.001,530.000,428.000,0.000,0.979,1.000,0.999,1.000,0.006,0.015,0.000,0.000
914,334,37,0.000,0.996,1.000,0.970,1.000,0.000,0.004,0.000,0.000,497,490,0.000,0.977,1.000,1.000,0.998,0.000,0.023,0.000,0.000,509.000,493.000,0.000,1.000,0.999,1.000,1.000,0.000,0.000,0.000,0.001,530.000,428.000,0.000,0.979,1.000,0.999,1.000,0.006,0.015,0.000,0.000
915,334,37,0.000,0.996,1.000,0.970,1.000,0.000,0.004,0.000,0.000,497,490,0.000,0.977,1.000,1.000,0.998,0.000,0.023,0.000,0.000,509.000,493.000,0.000,1.000,0.999,1.000,1.000,0.000,0.000,0.000,0.001,530.000,428.000,0.000,0.979,1.000,0.999,1.000,0.006,0.015,0.000,0.000
916,334,37,0.000,0.996,1.000,0.970,1.000,0.000,0.004,0.000,0.000,497,490,0.000,0.977,1.000,1.000,0.998,0.000,0.023,0.000,0.000,509.000,493.000,0.000,1.000,0.999,1.000,1.000,0.000,0.000,0.000,0.001,530.000,428.000,0.000,0.979,1.000,0.999,1.000,0.006,0.015,0.000,0.000
917,334,37,0.000,0.996,1.000,0.970,1.000,0.000,0.004,0.000,0.000,497,490,0.000,0.977,1.000,1.000,0.998,0.000,0.023,0.000,0.000,509.000,493.000,0.000,1.000,0.999,1.000,1.000,0.000,0.000,0.000,0.001,530.000,428.000,0.000,0.979,1.000,0.999,1.000,0.006,0.015,0.000,0.000
918,334,37,0.000,0.996,1.000,0.970,1.000,0.000,0.004,0.000,0.000,497,490,0.000,0.977,1.000,1.000,0.998,0.000,0.023,0.000,0.000,509.000,493.000,0.000,1.000,0.999,1.000,1.000,0.000,0.000,0.000,0.001,530.000,428.000,0.000,0.979,1.000,0.999,1.000,0.006,0.015,0.000,0.000
919,334,37,0.000,0.996,1.000,0.970,1.000,0.000,0.004,0.000,0.000,497,490,0.000,0.977,1.000,1.000,0.998,0.000,0.023,0.000,0.000,509.000,493.000,0.000,1.000,0.999,1.000,1.000,0.000,0.000,0.000,0.001,530.000,428.000,0.000,0.979,1.000,0.999,1.000,0.006,0.015,0.000,0.000
920,334,37,0.000,0.996,1.000,0.970,1.000,0.000,0.004,0.000,0.000,497,490,0.000,0.977,1.000,1.000,0.998,0.000,0.023,0.000,0.000,509.000,493.000,0.000,1.000,0.999,1.000,1.000,0.000,0.000,0.000,0.001,530.000,428.000,0.000,0.979,1.000,0.999,1.000,0.006,0.015,0.000,0.000
921,334,37,0.000,0.996,1.000,0.970,1.000,0.000,0.004,0.000,0.000,497,490,0.000,0.977,1.000,1.000,0.998,0.000,0.023,0.000,0.000,509.000,493.000,0.000,1.000,0.999,1.000,1.000,0.000,0.000,0.000,0.001,530.000,428.000,0.000,0.979,1.000,0.999,1.000,0.006,0.015,0.000,0.000
922,334,37,0.000,0.996,1.000,0.970,1.000,0.000,0.004,0.000,0.000,497,490,0.000,0.977,1.000,1.000,0.998,0.000,0.023,0.000,0.000,509.000,493.000,0.000,1.000,0.999,1.000,1.000,0.000,0.000,0.000,0.001,530.000,428.000,0.000,0.979,1.000,0.999,1.000,0.006,0.015,0.000,0.000
923,334,37,0.000,0.996,1.000,0.970,1.000,0.000,0.004,0.000,0.000,497,490,0.000,0.977,1.000,1.000,0.998,0.000,0.023,0.000,0.000,509.000,493.000,0.000,1.000,0.999,1.000,1.000,0.000,0.000,0.000,0.001,530.000,428.000,0.000,0.979,1.000,0.999,1.000,0.006,0.015,0.000,0.000
924,334,37,0.000,0.996,1.000,0.970,1.000,0.000,0.004,0.000,0.000,497,490,0.000,0.977,1.000,1.000,0.998,0.000,0.023,0.000,0.000,509.000,493.000,0.000,1.000,0.999,1.000,1.000,0.000,0.000,0.000,0.001,530.000,428.000,0.000,0.979,1.000,0.999,1.000,0.006,0.015,0.000,0.000
925,334,37,0.000,0.996,1.000,0.970,1.000,0.000,0.004,0.000,0.000,497,490,0.000,0.977,1.000,1.000,0.998,0.000,0.023,0.000,0.000,509.000,493.000,0.000,1.000,0.999,1.000,1.000,0.000,0.000,0.000,0.001,530.000,428.000,0.000,0.979,1.000,0.999,1.000,0.006,0.015,0.000,0.000
926,334,37,0.000,0.996,1.000,0.970,1.000,0.000,0.004,0.000,0.000,497,490,0.000,0.977,1.000,1.000,0.998,0.000,0.023,0.000,0.000,509.000,493.000,0.000,1.000,0.999,1.000,1.000,0.000,0.000,0.000,0.001,530.000,428.000,0.000,0.979,1.000,0.999,1.000,0.006,0.015,0.000,0.000
927,334,37,0.000,0.996,1.000,0.970,1.000,0.000,0.004,0.000,0.000,497,490,0.000,0.977,1.000,1.000,0.998,0.000,0.023,0.000,0.000,509.000,493.000,0.000,1.000,0.999,1.000,1.000,0.000,0.000,0.000,0.001,530.000,428.000,0.000,0.979,1.000,0.999,1.000,0.006,0.015,0.000,0.000
928,334,37,0.000,0.996,1.000,0.970,1.000,0.000,0.004,0.000,0.000,497,490,0.000,0.977,1.000,1.000,0.998,0.000,0.023,0.000,0.000,509.000,493.000,0.000,1.000,0.999,1.000,1.000,0.000,0.000,0.000,0.001,530.000,428.000,0.000,0.979,1.000,0.999,1.000,0.006,0.015,0.000,0.000
929,334,37,0.000,0.996,1.000,0.970,1.000,0.000,0.004,0.000,0.000,497,490,0.000,0.977,1.000,1.000,0.998,0.000,0.023,0.000,0.000,509.000,493.000,0.000,1.000,0.999,1.000,1.000,0.000,0.000,0.000,0.001,530.000,428.000,0.000,0.979,1.000,0.999,1.000,0.006,0.015,0.000,0.000
930,334,37,0.000,0.996,1.000,0.970,1.000,0.000,0.004,0.000,0.000,497,490,0.000,0.977,1.000,1.000,0.998,0.000,0.023,0.000,0.000,509.000,493.000,0.000,1.000,0.999,1.000,1.000,0.000,0.000,0.000,0.001,530.000,428.000,0.000,0.979,1.000,0.999,1.000,0.006,0.015,0.000,0.000
931,334,37,0.000,0.996,1.000,0.970,1.000,0.000,0.004,0.000,0.000,497,490,0.000,0.977,1.000,1.000,0.998,0.000,0.023,0.000,0.000,509.000,493.000,0.000,1.000,0.999,1.000,1.000,0.000,0.000,0.000,0.001,530.000,428.000,0.000,0.979,1.000,0.999,1.000,0.006,0.015,0.000,0.000
932,334,37,0.000,0.996,1.000,0.970,1.000,0.000,0.004,0.000,0.000,497,490,0.000,0.977,1.000,1.000,0.998,0.000,0.023,0.000,0.000,509.000,493.000,0.000,1.000,0.999,1.000,1.000,0.000,0.000,0.000,0.001,530.000,428.000,0.000,0.979,1.000,0.999,1.000,0.006,0.015,0.000,0.000
933,334,37,0.000,0.996,1.000,0.970,1.000,0.000,0.004,0.000,0.000,497,490,0.000,0.977,1.000,1.000,0.998,0.000,0.023,0.000,0.000,509.000,493.000,0.000,1.000,0.999,1.000,1.000,0.000,0.000,0.000,0.001,530.000,428.000,0.000,0.979,1.000,0.999,1.000,0.006,0.015,0.000,0.000
934,334,37,0.000,0.996,1.000,0.970,1.000,0.000,0.004,0.000,0.000,497,490,0.000,0.977,1.000,1.000,0.998,0.000,0.023,0.000,0.000,509.000,493.000,0.000,1.000,0.999,1.000,1.000,0.000,0.000,0.000,0.001,530.000,428.000,0.000,0.979,1.000,0.999,1.000,0.006,0.015,0.000,0.000
935,334,37,0.000,0.996,1.000,0.970,1.000,0.000,0.004,0.000,0.000,497,490,0.000,0.977,1.000,1.000,0.998,0.000,0.023,0.000,0.000,509.000,493.000,0.000,1.000,0.999,1.000,1.000,0.000,0.000,0.000,0.001,530.000,428.000,0.000,0.979,1.000,0.999,1.000,0.006,0.015,0.000,0.000
936,334,37,0.000,0.996,1.000,0.970,1.000,0.000,0.004,0.000,0.000,497,490,0.000,0.977,1.000,1.000,0.998,0.000,0.023,0.000,0.000,509.000,493.000,0.000,1.000,0.999,1.000,1.000,0.000,0.000,0.000,0.001,530.000,428.000,0.000,0.979,1.000,0.999,1.000,0.006,0.015,0.000,0.000
937,334,37,0.000,0.996,1.000,0.970,1.000,0.000,0.004,0.000,0.000,497,490,0.000,0.977,1.000,1.000,0.998,0.000,0.023,0.000,0.000,509.000,493.000,0.000,1.000,0.999,1.000,1.000,0.000,0.000,0.000,0.001,530.000,428.000,0.000,0.979,1.000,0.999,1.000,0.006,0.015,0.000,0.000
938,334,37,0.000,0.996,1.000,0.970,1.000,0.000,0.004,0.000,0.000,497,490,0.000,0.977,1.000,1.000,0.998,0.000,0.023,0.000,0.000,509.000,493.000,0.000,1.000,0.999,1.000,1.000,0.000,0.000,0.000,0.001,530.000,428.000,0.000,0.979,1.000,0.999,1.000,0.006,0.015,0.000,0.000
939,334,37,0.000,0.996,1.000,0.970,1.000,0.000,0.004,0.000,0.000,497,490,0.000,0.977,1.000,1.000,0.998,0.000,0.023,0.000,0.000,509.000,493.000,0.000,1.000,0.999,1.000,1.000,0.000,0.000,0.000,0.001,530.000,428.000,0.000,0.979,1.000,0.999,1.000,0.006,0.015,0.000,0.000
940,334,37,0.000,0.996,1.000,0.970,1.000,0.000,0.004,0.000,0.000,497,490,0.000,0.977,1.000,1.000,0.998,0.000,0.023,0.000,0.000,509.000,493.000,0.000,1.000,0.999,1.000,1.000,0.000,0.000,0.000,0.001,530.000,428.000,0.000,0.979,1.000,0.999,1.000,0.006,0.015,0.000,0.000
941,334,37,0.000,0.996,1.000,0.970,1.000,0.000,0.004,0.000,0.000,497,490,0.000,0.977,1.000,1.000,0.998,0.000,0.023,0.000,0.000,509.000,493.000,0.000,1.000,0.999,1.000,1.000,0.000,0.000,0.000,0.001,530.000,428.000,0.000,0.979,1.000,0.999,1.000,0.006,0.015,0.000,0.000
942,334,37,0.000,0.996,1.000,0.970,1.000,0.000,0.004,0.000,0.000,497,490,0.000,0.977,1.000,1.000,0.998,0.000,0.023,0.000,0.000,509.000,493.000,0.000,1.000,0.999,1.000,1.000,0.000,0.000,0.000,0.001,530.000,428.000,0.000,0.979,1.000,0.999,1.000,0.006,0.015,0.000,0.000
943,334,37,0.000,0.996,1.000,0.970,1.000,0.000,0.004,0.000,0.000,497,490,0.000,0.977,1.000,1.000,0.998,0.000,0.023,0.000,0.000,509.000,493.000,0.000,1.000,0.999,1.000,1.000,0.000,0.000,0.000,0.001,530.000,428.000,0.000,0.979,1.000,0.999,1.000,0.006,0.015,0.000,0.000
944,334,37,0.000,0.996,1.000,0.970,1.000,0.000,0.004,0.000,0.000,497,490,0.000,0.977,1.000,1.000,0.998,0.000,0.023,0.000,0.000,509.000,493.000,0.000,1.000,0.999,1.000,1.000,0.000,0.000,0.000,0.001,530.000,428.000,0.000,0.979,1.000,0.999,1.000,0.006,0.015,0.000,0.000
945,334,37,0.000,0.996,1.000,0.970,1.000,0.000,0.004,0.000,0.000,497,490,0.000,0.977,1.000,1.000,0.998,0.000,0.023,0.000,0.000,509.000,493.000,0.000,1.000,0.999,1.000,1.000,0.000,0.000,0.000,0.001,530.000,428.000,0.000,0.979,1.000,0.999,1.000,0.006,0.015,0.000,0.000
946,334,37,0.000,0.996,1.000,0.970,1.000,0.000,0.004,0.000,0.000,497,490,0.000,0.977,1.000,1.000,0.998,0.000,0.023,0.000,0.000,509.000,493.000,0.000,1.000,0.999,1.000,1.000,0.000,0.000,0.000,0.001,530.000,428.000,0.000,0.979,1.000,0.999,1.000,0.006,0.015,0.000,0.000
947,334,37,0.000,0.996,1.000,0.970,1.000,0.000,0.004,0.000,0.000,497,490,0.000,0.977,1.000,1.000,0.998,0.000,0.023,0.000,0.000,509.000,493.000,0.000,1.000,0.999,1.000,1.000,0.000,0.000,0.000,0.001,530.000,428.000,0.000,0.979,1.000,0.999,1.000,0.006,0.015,0.000,0.000
948,334,37,0.000,0.996,1.000,0.970,1.000,0.000,0.004,0.000,0.000,497,490,0.000,0.977,1.000,1.000,0.998,0.000,0.023,0.000,0.000,509.000,493.000,0.000,1.000,0.999,1.000,1.000,0.000,0.000,0.000,0.001,530.000,428.000,0.000,0.979,1.000,0.999,1.000,0.006,0.015,0.000,0.000
949,334,37,0.000,0.996,1.000,0.970,1.000,0.000,0.004,0.000,0.000,497,490,0.000,0.977,1.000,1.000,0.998,0.000,0.023,0.000,0.000,509.000,493.000,0.000,1.000,0.999,1.000,1.000,0.000,0.000,0.000,0.001,530.000,428.000,0.000,0.979,1.000,0.999,1.000,0.006,0.015,0.000,0.000
950,334,37,0.000,0.996,1.000,0.970,1.000,0.000,0.004,0.000,0.000,497,490,0.000,0.977,1.000,1.000,0.998,0.000,0.023,0.000,0.000,509.000,493.000,0.000,1.000,0.999,1.000,1.000,0.000,0.000,0.000,0.001,530.000,428.000,0.000,0.979,1.000,0.999,1.000,0.006,0.015,0.000,0.000
951,334,37,0.000,0.996,1.000,0.970,1.000,0.000,0.004,0.000,0.000,497,490,0.000,0.977,1.000,1.000,0.998,0.000,0.023,0.000,0.000,509.000,493.000,0.000,1.000,0.999,1.000,1.000,0.000,0.000,0.000,0.001,530.000,428.000,0.000,0.979,1.000,0.999,1.000,0.006,0.015,0.000,0.000
952,334,37,0.000,0.996,1.000,0.970,1.000,0.000,0.004,0.000,0.000,497,490,0.000,0.977,1.000,1.000,0.998,0.000,0.023,0.000,0.000,509.000,493.000,0.000,1.000,0.999,1.000,1.000,0.000,0.000,0.000,0.001,530.000,428.000,0.000,0.979,1.000,0.999,1.000,0.006,0.015,0.000,0.000
953,334,37,0.000,0.996,1.000,0.970,1.000,0.000,0.004,0.000,0.000,497,490,0.000,0.977,1.000,1.000,0.998,0.000,0.023,0.000,0.000,509.000,493.000,0.000,1.000,0.999,1.000,1.000,0.000,0.000,0.000,0.001,530.000,428.000,0.000,0.979,1.000,0.999,1.000,0.006,0.015,0.000,0.000
954,334,37,0.000,0.996,1.000,0.970,1.000,0.000,0.004,0.000,0.000,497,490,0.000,0.977,1.000,1.000,0.998,0.000,0.023,0.000,0.000,509.000,493.000,0.000,1.000,0.999,1.000,1.000,0.000,0.000,0.000,0.001,530.000,428.000,0.000,0.979,1.000,0.999,1.000,0.006,0.015,0.000,0.000
955,334,37,0.000,0.996,1.000,0.970,1.000,0.000,0.004,0.000,0.000,497,490,0.000,0.977,1.000,1.000,0.998,0.000,0.023,0.000,0.000,509.000,493.000,0.000,1.000,0.999,1.000,1.000,0.000,0.000,0.000,0.001,530.000,428.000,0.000,0.979,1.000,0.999,1.000,0.006,0.015,0.000,0.000
956,334,37,0.000,0.996,1.000,0.970,1.000,0.000,0.004,0.000,0.000,497,490,0.000,0.977,1.000,1.000,0.998,0.000,0.023,0.000,0.000,509.000,493.000,0.000,1.000,0.999,1.000,1.000,0.000,0.000,0.000,0.001,530.000,428.000,0.000,0.979,1.000,0.999,1.000,0.006,0.015,0.000,0.000
957,334,37,0.000,0.996,1.000,0.970,1.000,0.000,0.004,0.000,0.000,497,490,0.000,0.977,1.000,1.000,0.998,0.000,0.023,0.000,0.000,509.000,493.000,0.000,1.000,0.999,1.000,1.000,0.000,0.000,0.000,0.001,530.000,428.000,0.000,0.979,1.000,0.999,1.000,0.006,0.015,0.000,0.000
958,334,37,0.000,0.996,1.000,0.970,1.000,0.000,0.004,0.000,0.000,497,490,0.000,0.977,1.000,1.000,0.998,0.000,0.023,0.000,0.000,509.000,493.000,0.000,1.000,0.999,1.000,1.000,0.000,0.000,0.000,0.001,530.000,428.000,0.000,0.979,1.000,0.999,1.000,0.006,0.015,0.000,0.000
959,334,37,0.000,0.996,1.000,0.970,1.000,0.000,0.004,0.000,0.000,497,490,0.000,0.977,1.000,1.000,0.998,0.000,0.023,0.000,0.000,509.000,493.000,0.000,1.000,0.999,1.000,1.000,0.000,0.000,0.000,0.001,547.000,534.000,0.000,0.992,1.000,0.990,0.989,0.000,0.008,0.000,0.000
960,334,37,0.000,0.996,1.000,0.970,1.000,0.000,0.004,0.000,0.000,497,490,0.000,0.977,1.000,1.000,0.998,0.000,0.023,0.000,0.000,509.000,493.000,0.000,1.000,0.999,1.000,1.000,0.000,0.000,0.000,0.001,547.000,534.000,0.000,0.992,1.000,0.990,0.989,0.000,0.008,0.000,0.000
961,334,37,0.000,0.996,1.000,0.970,1.000,0.000,0.004,0.000,0.000,497,490,0.000,0.977,1.000,1.000,0.998,0.000,0.023,0.000,0.000,509.000,493.000,0.000,1.000,0.999,1.000,1.000,0.000,0.000,0.000,0.001,547.000,534.000,0.000,0.992,1.000,0.990,0.989,0.000,0.008,0.000,0.000
962,334,37,0.000,0.996,1.000,0.970,1.000,0.000,0.004,0.000,0.000,497,490,0.000,0.977,1.000,1.000,0.998,0.000,0.023,0.000,0.000,509.000,493.000,0.000,1.000,0.999,1.000,1.000,0.000,0.000,0.000,0.001,547.000,534.000,0.000,0.992,1.000,0.990,0.989,0.000,0.008,0.000,0.000
963,334,37,0.000,0.996,1.000,0.970,1.000,0.000,0.004,0.000,0.000,497,490,0.000,0.977,1.000,1.000,0.998,0.000,0.023,0.000,0.000,509.000,493.000,0.000,1.000,0.999,1.000,1.000,0.000,0.000,0.000,0.001,547.000,534.000,0.000,0.992,1.000,0.990,0.989,0.000,0.008,0.000,0.000
964,334,37,0.000,0.996,1.000,0.970,1.000,0.000,0.004,0.000,0.000,497,490,0.000,0.977,1.000,1.000,0.998,0.000,0.023,0.000,0.000,509.000,493.000,0.000,1.000,0.999,1.000,1.000,0.000,0.000,0.000,0.001,547.000,534.000,0.000,0.992,1.000,0.990,0.989,0.000,0.008,0.000,0.000
965,334,37,0.000,0.996,1.000,0.970,1.000,0.000,0.004,0.000,0.000,497,490,0.000,0.977,1.000,1.000,0.998,0.000,0.023,0.000,0.000,509.000,493.000,0.000,1.000,0.999,1.000,1.000,0.000,0.000,0.000,0.001,547.000,534.000,0.000,0.992,1.000,0.990,0.989,0.000,0.008,0.000,0.000
966,334,37,0.000,0.996,1.000,0.970,1.000,0.000,0.004,0.000,0.000,497,490,0.000,0.977,1.000,1.000,0.998,0.000,0.023,0.000,0.000,509.000,493.000,0.000,1.000,0.999,1.000,1.000,0.000,0.000,0.000,0.001,547.000,534.000,0.000,0.992,1.000,0.990,0.989,0.000,0.008,0.000,0.000
967,334,37,0.000,0.996,1.000,0.970,1.000,0.000,0.004,0.000,0.000,497,490,0.000,0.977,1.000,1.000,0.998,0.000,0.023,0.000,0.000,509.000,493.000,0.000,1.000,0.999,1.000,1.000,0.000,0.000,0.000,0.001,547.000,534.000,0.000,0.992,1.000,0.990,0.989,0.000,0.008,0.000,0.000
968,334,37,0.000,0.996,1.000,0.970,1.000,0.000,0.004,0.000,0.000,497,490,0.000,0.977,1.000,1.000,0.998,0.000,0.023,0.000,0.000,509.000,493.000,0.000,1.000,0.999,1.000,1.000,0.000,0.000,0.000,0.001,547.000,534.000,0.000,0.992,1.000,0.990,0.989,0.000,0.008,0.000,0.000
969,334,37,0.000,0.996,1.000,0.970,1.000,0.000,0.004,0.000,0.000,497,490,0.000,0.977,1.000,1.000,0.998,0.000,0.023,0.000,0.000,509.000,493.000,0.000,1.000,0.999,1.000,1.000,0.000,0.000,0.000,0.001,547.000,534.000,0.000,0.992,1.000,0.990,0.989,0.000,0.008,0.000,0.000
970,334,37,0.000,0.996,1.000,0.970,1.000,0.000,0.004,0.000,0.000,497,490,0.000,0.977,1.000,1.000,0.998,0.000,0.023,0.000,0.000,509.000,493.000,0.000,1.000,0.999,1.000,1.000,0.000,0.000,0.000,0.001,547.000,534.000,0.000,0.992,1.000,0.990,0.989,0.000,0.008,0.000,0.000
971,334,37,0.000,0.996,1.000,0.970,1.000,0.000,0.004,0.000,0.000,497,490,0.000,0.977,1.000,1.000,0.998,0.000,0.023,0.000,0.000,509.000,493.000,0.000,1.000,0.999,1.000,1.000,0.000,0.000,0.000,0.001,547.000,534.000,0.000,0.992,1.000,0.990,0.989,0.000,0.008,0.000,0.000
972,334,37,0.000,0.996,1.000,0.970,1.000,0.000,0.004,0.000,0.000,497,490,0.000,0.977,1.000,1.000,0.998,0.000,0.023,0.000,0.000,509.000,493.000,0.000,1.000,0.999,1.000,1.000,0.000,0.000,0.000,0.001,547.000,534.000,0.000,0.992,1.000,0.990,0.989,0.000,0.008,0.000,0.000
973,334,37,0.000,0.996,1.000,0.970,1.000,0.000,0.004,0.000,0.000,497,490,0.000,0.977,1.000,1.000,0.998,0.000,0.023,0.000,0.000,509.000,493.000,0.000,1.000,0.999,1.000,1.000,0.000,0.000,0.000,0.001,547.000,534.000,0.000,0.992,1.000,0.990,0.989,0.000,0.008,0.000,0.000
974,334,37,0.000,0.996,1.000,0.970,1.000,0.000,0.004,0.000,0.000,497,490,0.000,0.977,1.000,1.000,0.998,0.000,0.023,0.000,0.000,509.000,493.000,0.000,1.000,0.999,1.000,1.000,0.000,0.000,0.000,0.001,547.000,534.000,0.000,0.992,1.000,0.990,0.989,0.000,0.008,0.000,0.000
975,334,37,0.000,0.996,1.000,0.970,1.000,0.000,0.004,0.000,0.000,497,490,0.000,0.977,1.000,1.000,0.998,0.000,0.023,0.000,0.000,509.000,493.000,0.000,1.000,0.999,1.000,1.000,0.000,0.000,0.000,0.001,547.000,534.000,0.000,0.992,1.000,0.990,0.989,0.000,0.008,0.000,0.000
976,334,37,0.000,0.996,1.000,0.970,1.000,0.000,0.004,0.000,0.000,497,490,0.000,0.977,1.000,1.000,0.998,0.000,0.023,0.000,0.000,509.000,493.000,0.000,1.000,0.999,1.000,1.000,0.000,0.000,0.000,0.001,547.000,534.000,0.000,0.992,1.000,0.990,0.989,0.000,0.008,0.000,0.000
977,334,37,0.000,0.996,1.000,0.970,1.000,0.000,0.004,0.000,0.000,497,490,0.000,0.977,1.000,1.000,0.998,0.000,0.023,0.000,0.000,509.000,493.000,0.000,1.000,0.999,1.000,1.000,0.000,0.000,0.000,0.001,547.000,534.000,0.000,0.992,1.000,0.990,0.989,0.000,0.008,0.000,0.000
978,334,37,0.000,0.996,1.000,0.970,1.000,0.000,0.004,0.000,0.000,497,490,0.000,0.977,1.000,1.000,0.998,0.000,0.023,0.000,0.000,509.000,493.000,0.000,1.000,0.999,1.000,1.000,0.000,0.000,0.000,0.001,547.000,534.000,0.000,0.992,1.000,0.990,0.989,0.000,0.008,0.000,0.000
979,334,37,0.000,0.996,1.000,0.970,1.000,0.000,0.004,0.000,0.000,497,490,0.000,0.977,1.000,1.000,0.998,0.000,0.023,0.000,0.000,509.000,493.000,0.000,1.000,0.999,1.000,1.000,0.000,0.000,0.000,0.001,547.000,534.000,0.000,0.992,1.000,0.990,0.989,0.000,0.008,0.000,0.000
980,334,37,0.000,0.996,1.000,0.970,1.000,0.000,0.004,0.000,0.000,497,490,0.000,0.977,1.000,1.000,0.998,0.000,0.023,0.000,0.000,509.000,493.000,0.000,1.000,0.999,1.000,1.000,0.000,0.000,0.000,0.001,547.000,534.000,0.000,0.992,1.000,0.990,0.989,0.000,0.008,0.000,0.000
981,334,37,0.000,0.996,1.000,0.970,1.000,0.000,0.004,0.000,0.000,497,490,0.000,0.977,1.000,1.000,0.998,0.000,0.023,0.000,0.000,509.000,493.000,0.000,1.000,0.999,1.000,1.000,0.000,0.000,0.000,0.001,547.000,534.000,0.000,0.992,1.000,0.990,0.989,0.000,0.008,0.000,0.000
982,334,37,0.000,0.996,1.000,0.970,1.000,0.000,0.004,0.000,0.000,497,490,0.000,0.977,1.000,1.000,0.998,0.000,0.023,0.000,0.000,509.000,493.000,0.000,1.000,0.999,1.000,1.000,0.000,0.000,0.000,0.001,547.000,534.000,0.000,0.992,1.000,0.990,0.989,0.000,0.008,0.000,0.000
983,334,37,0.000,0.996,1.000,0.970,1.000,0.000,0.004,0.000,0.000,497,490,0.000,0.977,1.000,1.000,0.998,0.000,0.023,0.000,0.000,509.000,493.000,0.000,1.000,0.999,1.000,1.000,0.000,0.000,0.000,0.001,547.000,534.000,0.000,0.992,1.000,0.990,0.989,0.000,0.008,0.000,0.000
984,334,37,0.000,0.996,1.000,0.970,1.000,0.000,0.004,0.000,0.000,497,490,0.000,0.977,1.000,1.000,0.998,0.000,0.023,0.000,0.000,509.000,493.000,0.000,1.000,0.999,1.000,1.000,0.000,0.000,0.000,0.001,547.000,534.000,0.000,0.992,1.000,0.990,0.989,0.000,0.008,0.000,0.000
985,334,37,0.000,0.996,1.000,0.970,1.000,0.000,0.004,0.000,0.000,497,490,0.000,0.977,1.000,1.000,0.998,0.000,0.023,0.000,0.000,509.000,493.000,0.000,1.000,0.999,1.000,1.000,0.000,0.000,0.000,0.001,547.000,534.000,0.000,0.992,1.000,0.990,0.989,0.000,0.008,0.000,0.000
986,334,37,0.000,0.996,1.000,0.970,1.000,0.000,0.004,0.000,0.000,497,490,0.000,0.977,1.000,1.000,0.998,0.000,0.023,0.000,0.000,509.000,493.000,0.000,1.000,0.999,1.000,1.000,0.000,0.000,0.000,0.001,547.000,534.000,0.000,0.992,1.000,0.990,0.989,0.000,0.008,0.000,0.000
987,334,37,0.000,0.996,1.000,0.970,1.000,0.000,0.004,0.000,0.000,497,490,0.000,0.977,1.000,1.000,0.998,0.000,0.023,0.000,0.000,509.000,493.000,0.000,1.000,0.999,1.000,1.000,0.000,0.000,0.000,0.001,547.000,534.000,0.000,0.992,1.000,0.990,0.989,0.000,0.008,0.000,0.000
988,334,37,0.000,0.996,1.000,0.970,1.000,0.000,0.004,0.000,0.000,497,490,0.000,0.977,1.000,1.000,0.998,0.000,0.023,0.000,0.000,509.000,493.000,0.000,1.000,0.999,1.000,1.000,0.000,0.000,0.000,0.001,547.000,534.000,0.000,0.992,1.000,0.990,0.989,0.000,0.008,0.000,0.000
989,334,37,0.000,0.996,1.000,0.970,1.000,0.000,0.004,0.000,0.000,497,490,0.000,0.977,1.000,1.000,0.998,0.000,0.023,0.000,0.000,509.000,493.000,0.000,1.000,0.999,1.000,1.000,0.000,0.000,0.000,0.001,547.000,534.000,0.000,0.992,1.000,0.990,0.989,0.000,0.008,0.000,0.000
990,334,37,0.000,0.996,1.000,0.970,1.000,0.000,0.004,0.000,0.000,497,490,0.000,0.977,1.000,1.000,0.998,0.000,0.023,0.000,0.000,509.000,493.000,0.000,1.000,0.999,1.000,1.000,0.000,0.000,0.000,0.001,547.000,534.000,0.000,0.992,1.000,0.990,0.989,0.000,0.008,0.000,0.000
991,334,37,0.000,0.996,1.000,0.970,1.000,0.000,0.004,0.000,0.000,497,490,0.000,0.977,1.000,1.000,0.998,0.000,0.023,0.000,0.000,509.000,493.000,0.000,1.000,0.999,1.000,1.000,0.000,0.000,0.000,0.001,547.000,534.000,0.000,0.992,1.000,0.990,0.989,0.000,0.008,0.000,0.000
992,334,37,0.000,0.996,1.000,0.970,1.000,0.000,0.004,0.000,0.000,497,490,0.000,0.977,1.000,1.000,0.998,0.000,0.023,0.000,0.000,509.000,493.000,0.000,1.000,0.999,1.000,1.000,0.000,0.000,0.000,0.001,547.000,534.000,0.000,0.992,1.000,0.990,0.989,0.000,0.008,0.000,0.000
993,334,37,0.000,0.996,1.000,0.970,1.000,0.000,0.004,0.000,0.000,497,490,0.000,0.977,1.000,1.000,0.998,0.000,0.023,0.000,0.000,509.000,493.000,0.000,1.000,0.999,1.000,1.000,0.000,0.000,0.000,0.001,547.000,534.000,0.000,0.992,1.000,0.990,0.989,0.000,0.008,0.000,0.000
994,334,37,0.000,0.996,1.000,0.970,1.000,0.000,0.004,0.000,0.000,497,490,0.000,0.977,1.000,1.000,0.998,0.000,0.023,0.000,0.000,509.000,493.000,0.000,1.000,0.999,1.000,1.000,0.000,0.000,0.000,0.001,547.000,534.000,0.000,0.992,1.000,0.990,0.989,0.000,0.008,0.000,0.000
995,334,37,0.000,0.996,1.000,0.970,1.000,0.000,0.004,0.000,0.000,497,490,0.000,0.977,1.000,1.000,0.998,0.000,0.023,0.000,0.000,509.000,493.000,0.000,1.000,0.999,1.000,1.000,0.000,0.000,0.000,0.001,547.000,534.000,0.000,0.992,1.000,0.990,0.989,0.000,0.008,0.000,0.000
996,334,37,0.000,0.996,1.000,0.970,1.000,0.000,0.004,0.000,0.000,497,490,0.000,0.977,1.000,1.000,0.998,0.000,0.023,0.000,0.000,509.000,493.000,0.000,1.000,0.999,1.000,1.000,0.000,0.000,0.000,0.001,547.000,534.000,0.000,0.992,1.000,0.990,0.989,0.000,0.008,0.000,0.000
997,334,37,0.000,0.996,1.000,0.970,1.000,0.000,0.004,0.000,0.000,497,490,0.000,0.977,1.000,1.000,0.998,0.000,0.023,0.000,0.000,509.000,493.000,0.000,1.000,0.999,1.000,1.000,0.000,0.000,0.000,0.001,547.000,534.000,0.000,0.992,1.000,0.990,0.989,0.000,0.008,0.000,0.000
998,334,37,0.000,0.996,1.000,0.970,1.000,0.000,0.004,0.000,0.000,497,490,0.000,0.977,1.000,1.000,0.998,0.000,0.023,0.000,0.000,509.000,493.000,0.000,1.000,0.999,1.000,1.000,0.000,0.000,0.000,0.001,547.000,534.000,0.000,0.992,1.000,0.990,0.989,0.000,0.008,0.000,0.000
999,334,37,0.000,0.996,1.000,0.970,1.000,0.000,0.004,0.000,0.000,497,490,0.000,0.977,1.000,1.000,0.998,0.000,0.023,0.000,0.000,509.000,493.000,0.000,1.000,0.999,1.000,1.000,0.000,0.000,0.000,0.001,547.000,534.000,0.000,0.992,1.000,0.990,0.989,0.000,0.008,0.000,0.000
