mutation_step,id_1,parent_1,phi_1,r1_1,r2_1,p1_1,p2_1,r1r2_1,r1p1_1,r2r1_1,r2p2_1,id_2,parent_2,phi_2,r1_2,r2_2,p1_2,p2_2,r1r2_2,r1p1_2,r2r1_2,r2p2_2,id_3,parent_3,phi_3,r1_3,r2_3,p1_3,p2_3,r1r2_3,r1p1_3,r2r1_3,r2p2_3,id_4,parent_4,phi_4,r1_4,r2_4,p1_4,p2_4,r1r2_4,r1p1_4,r2r1_4,r2p2_4
0,0,-1,0.001,0.990,0.990,0.990,0.990,0.005,0.005,0.005,0.005,1.000,0.000,0.008,0.991,0.982,0.976,0.996,0.009,0.000,0.003,0.015,,,,,,,,,,,,,,,,,,,,,,
1,0,-1,0.001,0.990,0.990,0.990,0.990,0.005,0.005,0.005,0.005,1.000,0.000,0.008,0.991,0.982,0.976,0.996,0.009,0.000,0.003,0.015,,,,,,,,,,,,,,,,,,,,,,
2,3,1,0.009,0.968,0.977,0.994,0.989,0.017,0.015,0.014,0.009,,,,,,,,,,,,,,,,,,,,,,,,,,,,,,,,,
3,3,1,0.009,0.968,0.977,0.994,0.989,0.017,0.015,0.014,0.009,4.000,3.000,0.003,0.967,0.973,0.980,0.991,0.019,0.014,0.025,0.002,,,,,,,,,,,,,,,,,,,,,,
4,4,3,0.003,0.967,0.973,0.980,0.991,0.019,0.014,0.025,0.002,,,,,,,,,,,,,,,,,,,,,,,,,,,,,,,,,
5,4,3,0.003,0.967,0.973,0.980,0.991,0.019,0.014,0.025,0.002,6.000,4.000,0.002,0.947,0.944,0.979,0.985,0.007,0.046,0.049,0.007,,,,,,,,,,,,,,,,,,,,,,
6,4,3,0.003,0.967,0.973,0.980,0.991,0.019,0.014,0.025,0.002,6.000,4.000,0.002,0.947,0.944,0.979,0.985,0.007,0.046,0.049,0.007,,,,,,,,,,,,,,,,,,,,,,
7,4,3,0.003,0.967,0.973,0.980,0.991,0.019,0.014,0.025,0.002,6.000,4.000,0.002,0.947,0.944,0.979,0.985,0.007,0.046,0.049,0.007,,,,,,,,,,,,,,,,,,,,,,
8,4,3,0.003,0.967,0.973,0.980,0.991,0.019,0.014,0.025,0.002,6.000,4.000,0.002,0.947,0.944,0.979,0.985,0.007,0.046,0.049,0.007,,,,,,,,,,,,,,,,,,,,,,
9,6,4,0.002,0.947,0.944,0.979,0.985,0.007,0.046,0.049,0.007,10.000,6.000,0.009,0.962,0.932,0.976,0.988,0.000,0.038,0.053,0.015,,,,,,,,,,,,,,,,,,,,,,
10,6,4,0.002,0.947,0.944,0.979,0.985,0.007,0.046,0.049,0.007,10.000,6.000,0.009,0.962,0.932,0.976,0.988,0.000,0.038,0.053,0.015,11.000,10.000,0.004,0.945,0.946,0.987,0.985,0.012,0.043,0.043,0.011,,,,,,,,,,,
11,6,4,0.002,0.947,0.944,0.979,0.985,0.007,0.046,0.049,0.007,11.000,10.000,0.004,0.945,0.946,0.987,0.985,0.012,0.043,0.043,0.011,,,,,,,,,,,,,,,,,,,,,,
12,6,4,0.002,0.947,0.944,0.979,0.985,0.007,0.046,0.049,0.007,13.000,11.000,0.000,0.949,0.957,0.992,0.974,0.004,0.047,0.043,0.000,,,,,,,,,,,,,,,,,,,,,,
13,6,4,0.002,0.947,0.944,0.979,0.985,0.007,0.046,0.049,0.007,14.000,6.000,0.008,0.945,0.933,1.000,0.976,0.014,0.042,0.050,0.017,,,,,,,,,,,,,,,,,,,,,,
14,6,4,0.002,0.947,0.944,0.979,0.985,0.007,0.046,0.049,0.007,15.000,14.000,0.006,0.948,0.922,1.000,0.971,0.029,0.023,0.053,0.025,,,,,,,,,,,,,,,,,,,,,,
15,15,14,0.006,0.948,0.922,1.000,0.971,0.029,0.023,0.053,0.025,,,,,,,,,,,,,,,,,,,,,,,,,,,,,,,,,
16,15,14,0.006,0.948,0.922,1.000,0.971,0.029,0.023,0.053,0.025,17.000,15.000,0.000,0.932,0.898,0.998,0.966,0.019,0.050,0.060,0.042,,,,,,,,,,,,,,,,,,,,,,
17,17,15,0.000,0.932,0.898,0.998,0.966,0.019,0.050,0.060,0.042,,,,,,,,,,,,,,,,,,,,,,,,,,,,,,,,,
18,17,15,0.000,0.932,0.898,0.998,0.966,0.019,0.050,0.060,0.042,19.000,17.000,0.000,0.940,0.893,0.992,0.964,0.003,0.056,0.052,0.055,,,,,,,,,,,,,,,,,,,,,,
19,19,17,0.000,0.940,0.893,0.992,0.964,0.003,0.056,0.052,0.055,20.000,17.000,0.004,0.923,0.911,0.993,0.946,0.028,0.049,0.045,0.044,,,,,,,,,,,,,,,,,,,,,,
20,20,17,0.004,0.923,0.911,0.993,0.946,0.028,0.049,0.045,0.044,21.000,20.000,0.008,0.918,0.903,1.000,0.951,0.040,0.042,0.051,0.046,,,,,,,,,,,,,,,,,,,,,,
21,20,17,0.004,0.923,0.911,0.993,0.946,0.028,0.049,0.045,0.044,22.000,21.000,0.006,0.926,0.896,0.995,0.928,0.039,0.035,0.057,0.048,,,,,,,,,,,,,,,,,,,,,,
22,20,17,0.004,0.923,0.911,0.993,0.946,0.028,0.049,0.045,0.044,23.000,20.000,0.001,0.944,0.907,0.987,0.935,0.023,0.033,0.042,0.051,,,,,,,,,,,,,,,,,,,,,,
23,23,20,0.001,0.944,0.907,0.987,0.935,0.023,0.033,0.042,0.051,24.000,23.000,0.003,0.960,0.875,0.985,0.948,0.014,0.026,0.064,0.061,,,,,,,,,,,,,,,,,,,,,,
24,23,20,0.001,0.944,0.907,0.987,0.935,0.023,0.033,0.042,0.051,24.000,23.000,0.003,0.960,0.875,0.985,0.948,0.014,0.026,0.064,0.061,,,,,,,,,,,,,,,,,,,,,,
25,23,20,0.001,0.944,0.907,0.987,0.935,0.023,0.033,0.042,0.051,26.000,24.000,0.004,0.967,0.868,0.994,0.959,0.016,0.018,0.075,0.058,,,,,,,,,,,,,,,,,,,,,,
26,23,20,0.001,0.944,0.907,0.987,0.935,0.023,0.033,0.042,0.051,,,,,,,,,,,,,,,,,,,,,,,,,,,,,,,,,
27,23,20,0.001,0.944,0.907,0.987,0.935,0.023,0.033,0.042,0.051,28.000,23.000,0.000,0.941,0.892,0.985,0.939,0.014,0.045,0.041,0.067,,,,,,,,,,,,,,,,,,,,,,
28,23,20,0.001,0.944,0.907,0.987,0.935,0.023,0.033,0.042,0.051,28.000,23.000,0.000,0.941,0.892,0.985,0.939,0.014,0.045,0.041,0.067,29.000,28.000,0.005,0.936,0.891,0.982,0.951,0.019,0.045,0.036,0.073,,,,,,,,,,,
29,23,20,0.001,0.944,0.907,0.987,0.935,0.023,0.033,0.042,0.051,30.000,29.000,0.003,0.931,0.918,0.975,0.944,0.019,0.050,0.022,0.060,,,,,,,,,,,,,,,,,,,,,,
30,23,20,0.001,0.944,0.907,0.987,0.935,0.023,0.033,0.042,0.051,31.000,23.000,0.005,0.933,0.896,0.984,0.920,0.028,0.039,0.055,0.049,,,,,,,,,,,,,,,,,,,,,,
31,31,23,0.005,0.933,0.896,0.984,0.920,0.028,0.039,0.055,0.049,32.000,23.000,0.000,0.908,0.902,0.987,0.932,0.044,0.047,0.042,0.056,,,,,,,,,,,,,,,,,,,,,,
32,32,23,0.000,0.908,0.902,0.987,0.932,0.044,0.047,0.042,0.056,33.000,32.000,0.007,0.918,0.889,0.989,0.925,0.029,0.053,0.048,0.063,,,,,,,,,,,,,,,,,,,,,,
33,32,23,0.000,0.908,0.902,0.987,0.932,0.044,0.047,0.042,0.056,33.000,32.000,0.007,0.918,0.889,0.989,0.925,0.029,0.053,0.048,0.063,34.000,32.000,0.000,0.914,0.884,0.978,0.938,0.033,0.053,0.063,0.053,,,,,,,,,,,
34,32,23,0.000,0.908,0.902,0.987,0.932,0.044,0.047,0.042,0.056,34.000,32.000,0.000,0.914,0.884,0.978,0.938,0.033,0.053,0.063,0.053,,,,,,,,,,,,,,,,,,,,,,
35,34,32,0.000,0.914,0.884,0.978,0.938,0.033,0.053,0.063,0.053,36.000,32.000,0.000,0.910,0.927,0.973,0.954,0.043,0.047,0.027,0.045,,,,,,,,,,,,,,,,,,,,,,
36,34,32,0.000,0.914,0.884,0.978,0.938,0.033,0.053,0.063,0.053,37.000,36.000,0.004,0.914,0.918,0.951,0.946,0.047,0.038,0.039,0.043,,,,,,,,,,,,,,,,,,,,,,
37,34,32,0.000,0.914,0.884,0.978,0.938,0.033,0.053,0.063,0.053,37.000,36.000,0.004,0.914,0.918,0.951,0.946,0.047,0.038,0.039,0.043,38.000,34.000,0.000,0.922,0.897,0.961,0.940,0.032,0.045,0.063,0.040,,,,,,,,,,,
38,37,36,0.004,0.914,0.918,0.951,0.946,0.047,0.038,0.039,0.043,38.000,34.000,0.000,0.922,0.897,0.961,0.940,0.032,0.045,0.063,0.040,,,,,,,,,,,,,,,,,,,,,,
39,37,36,0.004,0.914,0.918,0.951,0.946,0.047,0.038,0.039,0.043,38.000,34.000,0.000,0.922,0.897,0.961,0.940,0.032,0.045,0.063,0.040,40.000,38.000,0.001,0.905,0.879,0.969,0.940,0.040,0.055,0.076,0.044,,,,,,,,,,,
40,37,36,0.004,0.914,0.918,0.951,0.946,0.047,0.038,0.039,0.043,38.000,34.000,0.000,0.922,0.897,0.961,0.940,0.032,0.045,0.063,0.040,40.000,38.000,0.001,0.905,0.879,0.969,0.940,0.040,0.055,0.076,0.044,41.000,40.000,0.003,0.903,0.879,0.971,0.936,0.041,0.057,0.078,0.043
41,38,34,0.000,0.922,0.897,0.961,0.940,0.032,0.045,0.063,0.040,42.000,40.000,0.006,0.900,0.896,0.957,0.935,0.054,0.046,0.073,0.032,,,,,,,,,,,,,,,,,,,,,,
42,42,40,0.006,0.900,0.896,0.957,0.935,0.054,0.046,0.073,0.032,43.000,42.000,0.012,0.899,0.894,0.948,0.932,0.054,0.047,0.053,0.053,,,,,,,,,,,,,,,,,,,,,,
43,42,40,0.006,0.900,0.896,0.957,0.935,0.054,0.046,0.073,0.032,44.000,42.000,0.002,0.916,0.874,0.933,0.922,0.054,0.030,0.090,0.036,,,,,,,,,,,,,,,,,,,,,,
44,44,42,0.002,0.916,0.874,0.933,0.922,0.054,0.030,0.090,0.036,45.000,42.000,0.011,0.914,0.900,0.957,0.936,0.050,0.036,0.069,0.031,,,,,,,,,,,,,,,,,,,,,,
45,44,42,0.002,0.916,0.874,0.933,0.922,0.054,0.030,0.090,0.036,46.000,44.000,0.005,0.917,0.885,0.936,0.920,0.054,0.030,0.079,0.036,,,,,,,,,,,,,,,,,,,,,,
46,44,42,0.002,0.916,0.874,0.933,0.922,0.054,0.030,0.090,0.036,47.000,46.000,0.009,0.899,0.881,0.921,0.916,0.065,0.036,0.086,0.033,,,,,,,,,,,,,,,,,,,,,,
47,47,46,0.009,0.899,0.881,0.921,0.916,0.065,0.036,0.086,0.033,48.000,47.000,0.010,0.898,0.883,0.918,0.904,0.072,0.031,0.075,0.042,,,,,,,,,,,,,,,,,,,,,,
48,47,46,0.009,0.899,0.881,0.921,0.916,0.065,0.036,0.086,0.033,48.000,47.000,0.010,0.898,0.883,0.918,0.904,0.072,0.031,0.075,0.042,49.000,48.000,0.013,0.913,0.889,0.920,0.906,0.083,0.004,0.072,0.038,,,,,,,,,,,
49,47,46,0.009,0.899,0.881,0.921,0.916,0.065,0.036,0.086,0.033,48.000,47.000,0.010,0.898,0.883,0.918,0.904,0.072,0.031,0.075,0.042,49.000,48.000,0.013,0.913,0.889,0.920,0.906,0.083,0.004,0.072,0.038,50.000,47.000,0.011,0.899,0.863,0.915,0.913,0.061,0.040,0.097,0.040
50,47,46,0.009,0.899,0.881,0.921,0.916,0.065,0.036,0.086,0.033,48.000,47.000,0.010,0.898,0.883,0.918,0.904,0.072,0.031,0.075,0.042,50.000,47.000,0.011,0.899,0.863,0.915,0.913,0.061,0.040,0.097,0.040,,,,,,,,,,,
51,48,47,0.010,0.898,0.883,0.918,0.904,0.072,0.031,0.075,0.042,50.000,47.000,0.011,0.899,0.863,0.915,0.913,0.061,0.040,0.097,0.040,52.000,47.000,0.010,0.889,0.882,0.939,0.909,0.063,0.048,0.089,0.029,,,,,,,,,,,
52,48,47,0.010,0.898,0.883,0.918,0.904,0.072,0.031,0.075,0.042,53.000,50.000,0.010,0.895,0.843,0.903,0.915,0.073,0.032,0.108,0.048,,,,,,,,,,,,,,,,,,,,,,
53,53,50,0.010,0.895,0.843,0.903,0.915,0.073,0.032,0.108,0.048,54.000,53.000,0.010,0.891,0.837,0.909,0.916,0.083,0.026,0.101,0.063,,,,,,,,,,,,,,,,,,,,,,
54,53,50,0.010,0.895,0.843,0.903,0.915,0.073,0.032,0.108,0.048,55.000,53.000,0.010,0.899,0.831,0.898,0.912,0.077,0.024,0.108,0.061,,,,,,,,,,,,,,,,,,,,,,
55,55,53,0.010,0.899,0.831,0.898,0.912,0.077,0.024,0.108,0.061,56.000,55.000,0.008,0.877,0.824,0.866,0.915,0.095,0.029,0.102,0.074,,,,,,,,,,,,,,,,,,,,,,
56,56,55,0.008,0.877,0.824,0.866,0.915,0.095,0.029,0.102,0.074,57.000,56.000,0.008,0.893,0.818,0.857,0.912,0.104,0.003,0.119,0.063,,,,,,,,,,,,,,,,,,,,,,
57,56,55,0.008,0.877,0.824,0.866,0.915,0.095,0.029,0.102,0.074,57.000,56.000,0.008,0.893,0.818,0.857,0.912,0.104,0.003,0.119,0.063,58.000,56.000,0.015,0.897,0.835,0.875,0.921,0.083,0.019,0.104,0.061,,,,,,,,,,,
58,56,55,0.008,0.877,0.824,0.866,0.915,0.095,0.029,0.102,0.074,57.000,56.000,0.008,0.893,0.818,0.857,0.912,0.104,0.003,0.119,0.063,59.000,56.000,0.000,0.879,0.837,0.855,0.920,0.090,0.031,0.092,0.071,,,,,,,,,,,
59,57,56,0.008,0.893,0.818,0.857,0.912,0.104,0.003,0.119,0.063,60.000,57.000,0.007,0.897,0.833,0.874,0.900,0.095,0.009,0.112,0.055,,,,,,,,,,,,,,,,,,,,,,
60,57,56,0.008,0.893,0.818,0.857,0.912,0.104,0.003,0.119,0.063,61.000,60.000,0.005,0.902,0.829,0.884,0.888,0.096,0.002,0.126,0.045,,,,,,,,,,,,,,,,,,,,,,
61,57,56,0.008,0.893,0.818,0.857,0.912,0.104,0.003,0.119,0.063,61.000,60.000,0.005,0.902,0.829,0.884,0.888,0.096,0.002,0.126,0.045,62.000,57.000,0.011,0.909,0.817,0.865,0.935,0.091,0.000,0.125,0.058,,,,,,,,,,,
62,57,56,0.008,0.893,0.818,0.857,0.912,0.104,0.003,0.119,0.063,61.000,60.000,0.005,0.902,0.829,0.884,0.888,0.096,0.002,0.126,0.045,63.000,61.000,0.001,0.911,0.832,0.879,0.884,0.089,0.000,0.126,0.042,,,,,,,,,,,
63,61,60,0.005,0.902,0.829,0.884,0.888,0.096,0.002,0.126,0.045,63.000,61.000,0.001,0.911,0.832,0.879,0.884,0.089,0.000,0.126,0.042,64.000,57.000,0.001,0.905,0.831,0.854,0.935,0.095,0.000,0.119,0.050,,,,,,,,,,,
64,61,60,0.005,0.902,0.829,0.884,0.888,0.096,0.002,0.126,0.045,63.000,61.000,0.001,0.911,0.832,0.879,0.884,0.089,0.000,0.126,0.042,,,,,,,,,,,,,,,,,,,,,,
65,63,61,0.001,0.911,0.832,0.879,0.884,0.089,0.000,0.126,0.042,66.000,63.000,0.000,0.901,0.845,0.872,0.877,0.099,0.000,0.118,0.036,,,,,,,,,,,,,,,,,,,,,,
66,63,61,0.001,0.911,0.832,0.879,0.884,0.089,0.000,0.126,0.042,66.000,63.000,0.000,0.901,0.845,0.872,0.877,0.099,0.000,0.118,0.036,67.000,63.000,0.003,0.904,0.808,0.900,0.889,0.089,0.006,0.127,0.065,,,,,,,,,,,
67,63,61,0.001,0.911,0.832,0.879,0.884,0.089,0.000,0.126,0.042,66.000,63.000,0.000,0.901,0.845,0.872,0.877,0.099,0.000,0.118,0.036,67.000,63.000,0.003,0.904,0.808,0.900,0.889,0.089,0.006,0.127,0.065,68.000,67.000,0.000,0.905,0.799,0.882,0.896,0.093,0.002,0.142,0.059
68,66,63,0.000,0.901,0.845,0.872,0.877,0.099,0.000,0.118,0.036,68.000,67.000,0.000,0.905,0.799,0.882,0.896,0.093,0.002,0.142,0.059,,,,,,,,,,,,,,,,,,,,,,
69,66,63,0.000,0.901,0.845,0.872,0.877,0.099,0.000,0.118,0.036,68.000,67.000,0.000,0.905,0.799,0.882,0.896,0.093,0.002,0.142,0.059,,,,,,,,,,,,,,,,,,,,,,
70,66,63,0.000,0.901,0.845,0.872,0.877,0.099,0.000,0.118,0.036,68.000,67.000,0.000,0.905,0.799,0.882,0.896,0.093,0.002,0.142,0.059,71.000,68.000,0.000,0.920,0.795,0.875,0.885,0.080,0.000,0.155,0.050,,,,,,,,,,,
71,66,63,0.000,0.901,0.845,0.872,0.877,0.099,0.000,0.118,0.036,68.000,67.000,0.000,0.905,0.799,0.882,0.896,0.093,0.002,0.142,0.059,,,,,,,,,,,,,,,,,,,,,,
72,66,63,0.000,0.901,0.845,0.872,0.877,0.099,0.000,0.118,0.036,68.000,67.000,0.000,0.905,0.799,0.882,0.896,0.093,0.002,0.142,0.059,73.000,68.000,0.000,0.884,0.784,0.872,0.911,0.099,0.018,0.137,0.079,,,,,,,,,,,
73,66,63,0.000,0.901,0.845,0.872,0.877,0.099,0.000,0.118,0.036,68.000,67.000,0.000,0.905,0.799,0.882,0.896,0.093,0.002,0.142,0.059,,,,,,,,,,,,,,,,,,,,,,
74,66,63,0.000,0.901,0.845,0.872,0.877,0.099,0.000,0.118,0.036,68.000,67.000,0.000,0.905,0.799,0.882,0.896,0.093,0.002,0.142,0.059,75.000,68.000,0.002,0.897,0.787,0.868,0.896,0.103,0.000,0.141,0.072,,,,,,,,,,,
75,66,63,0.000,0.901,0.845,0.872,0.877,0.099,0.000,0.118,0.036,68.000,67.000,0.000,0.905,0.799,0.882,0.896,0.093,0.002,0.142,0.059,75.000,68.000,0.002,0.897,0.787,0.868,0.896,0.103,0.000,0.141,0.072,76.000,75.000,0.000,0.897,0.796,0.869,0.883,0.100,0.002,0.130,0.074
76,66,63,0.000,0.901,0.845,0.872,0.877,0.099,0.000,0.118,0.036,68.000,67.000,0.000,0.905,0.799,0.882,0.896,0.093,0.002,0.142,0.059,75.000,68.000,0.002,0.897,0.787,0.868,0.896,0.103,0.000,0.141,0.072,76.000,75.000,0.000,0.897,0.796,0.869,0.883,0.100,0.002,0.130,0.074
77,76,75,0.000,0.897,0.796,0.869,0.883,0.100,0.002,0.130,0.074,77.000,76.000,0.000,0.895,0.785,0.862,0.889,0.105,0.000,0.131,0.085,,,,,,,,,,,,,,,,,,,,,,
78,76,75,0.000,0.897,0.796,0.869,0.883,0.100,0.002,0.130,0.074,77.000,76.000,0.000,0.895,0.785,0.862,0.889,0.105,0.000,0.131,0.085,79.000,77.000,0.011,0.908,0.774,0.852,0.875,0.086,0.006,0.140,0.086,,,,,,,,,,,
79,76,75,0.000,0.897,0.796,0.869,0.883,0.100,0.002,0.130,0.074,77.000,76.000,0.000,0.895,0.785,0.862,0.889,0.105,0.000,0.131,0.085,,,,,,,,,,,,,,,,,,,,,,
80,76,75,0.000,0.897,0.796,0.869,0.883,0.100,0.002,0.130,0.074,77.000,76.000,0.000,0.895,0.785,0.862,0.889,0.105,0.000,0.131,0.085,81.000,76.000,0.000,0.870,0.798,0.875,0.895,0.106,0.023,0.128,0.075,,,,,,,,,,,
81,76,75,0.000,0.897,0.796,0.869,0.883,0.100,0.002,0.130,0.074,82.000,77.000,0.000,0.879,0.779,0.870,0.901,0.121,0.000,0.126,0.095,,,,,,,,,,,,,,,,,,,,,,
82,76,75,0.000,0.897,0.796,0.869,0.883,0.100,0.002,0.130,0.074,83.000,82.000,0.004,0.877,0.784,0.858,0.895,0.123,0.000,0.133,0.083,,,,,,,,,,,,,,,,,,,,,,
83,76,75,0.000,0.897,0.796,0.869,0.883,0.100,0.002,0.130,0.074,83.000,82.000,0.004,0.877,0.784,0.858,0.895,0.123,0.000,0.133,0.083,84.000,76.000,0.000,0.921,0.805,0.860,0.891,0.079,0.000,0.115,0.080,,,,,,,,,,,
84,83,82,0.004,0.877,0.784,0.858,0.895,0.123,0.000,0.133,0.083,85.000,76.000,0.000,0.883,0.799,0.861,0.862,0.114,0.003,0.130,0.072,,,,,,,,,,,,,,,,,,,,,,
85,83,82,0.004,0.877,0.784,0.858,0.895,0.123,0.000,0.133,0.083,85.000,76.000,0.000,0.883,0.799,0.861,0.862,0.114,0.003,0.130,0.072,86.000,83.000,0.000,0.866,0.797,0.856,0.908,0.124,0.010,0.110,0.093,,,,,,,,,,,
86,83,82,0.004,0.877,0.784,0.858,0.895,0.123,0.000,0.133,0.083,85.000,76.000,0.000,0.883,0.799,0.861,0.862,0.114,0.003,0.130,0.072,86.000,83.000,0.000,0.866,0.797,0.856,0.908,0.124,0.010,0.110,0.093,87.000,86.000,0.000,0.862,0.797,0.850,0.916,0.118,0.020,0.108,0.096
87,85,76,0.000,0.883,0.799,0.861,0.862,0.114,0.003,0.130,0.072,88.000,85.000,0.001,0.877,0.790,0.863,0.850,0.122,0.001,0.127,0.083,,,,,,,,,,,,,,,,,,,,,,
88,85,76,0.000,0.883,0.799,0.861,0.862,0.114,0.003,0.130,0.072,88.000,85.000,0.001,0.877,0.790,0.863,0.850,0.122,0.001,0.127,0.083,,,,,,,,,,,,,,,,,,,,,,
89,85,76,0.000,0.883,0.799,0.861,0.862,0.114,0.003,0.130,0.072,88.000,85.000,0.001,0.877,0.790,0.863,0.850,0.122,0.001,0.127,0.083,90.000,88.000,0.006,0.875,0.786,0.871,0.841,0.125,0.000,0.136,0.078,,,,,,,,,,,
90,85,76,0.000,0.883,0.799,0.861,0.862,0.114,0.003,0.130,0.072,88.000,85.000,0.001,0.877,0.790,0.863,0.850,0.122,0.001,0.127,0.083,90.000,88.000,0.006,0.875,0.786,0.871,0.841,0.125,0.000,0.136,0.078,91.000,85.000,0.001,0.885,0.788,0.873,0.864,0.115,0.000,0.132,0.080
91,85,76,0.000,0.883,0.799,0.861,0.862,0.114,0.003,0.130,0.072,88.000,85.000,0.001,0.877,0.790,0.863,0.850,0.122,0.001,0.127,0.083,,,,,,,,,,,,,,,,,,,,,,
92,85,76,0.000,0.883,0.799,0.861,0.862,0.114,0.003,0.130,0.072,88.000,85.000,0.001,0.877,0.790,0.863,0.850,0.122,0.001,0.127,0.083,,,,,,,,,,,,,,,,,,,,,,
93,85,76,0.000,0.883,0.799,0.861,0.862,0.114,0.003,0.130,0.072,88.000,85.000,0.001,0.877,0.790,0.863,0.850,0.122,0.001,0.127,0.083,94.000,88.000,0.000,0.872,0.796,0.870,0.846,0.128,0.000,0.119,0.084,,,,,,,,,,,
94,85,76,0.000,0.883,0.799,0.861,0.862,0.114,0.003,0.130,0.072,88.000,85.000,0.001,0.877,0.790,0.863,0.850,0.122,0.001,0.127,0.083,94.000,88.000,0.000,0.872,0.796,0.870,0.846,0.128,0.000,0.119,0.084,95.000,85.000,0.000,0.884,0.802,0.857,0.861,0.116,0.000,0.125,0.073
95,85,76,0.000,0.883,0.799,0.861,0.862,0.114,0.003,0.130,0.072,88.000,85.000,0.001,0.877,0.790,0.863,0.850,0.122,0.001,0.127,0.083,94.000,88.000,0.000,0.872,0.796,0.870,0.846,0.128,0.000,0.119,0.084,95.000,85.000,0.000,0.884,0.802,0.857,0.861,0.116,0.000,0.125,0.073
96,88,85,0.001,0.877,0.790,0.863,0.850,0.122,0.001,0.127,0.083,97.000,95.000,0.005,0.876,0.788,0.845,0.853,0.124,0.000,0.150,0.062,,,,,,,,,,,,,,,,,,,,,,
97,88,85,0.001,0.877,0.790,0.863,0.850,0.122,0.001,0.127,0.083,97.000,95.000,0.005,0.876,0.788,0.845,0.853,0.124,0.000,0.150,0.062,98.000,97.000,0.004,0.881,0.780,0.864,0.859,0.118,0.001,0.155,0.065,,,,,,,,,,,
98,97,95,0.005,0.876,0.788,0.845,0.853,0.124,0.000,0.150,0.062,98.000,97.000,0.004,0.881,0.780,0.864,0.859,0.118,0.001,0.155,0.065,99.000,88.000,0.006,0.862,0.772,0.861,0.860,0.128,0.010,0.140,0.088,,,,,,,,,,,
99,97,95,0.005,0.876,0.788,0.845,0.853,0.124,0.000,0.150,0.062,98.000,97.000,0.004,0.881,0.780,0.864,0.859,0.118,0.001,0.155,0.065,99.000,88.000,0.006,0.862,0.772,0.861,0.860,0.128,0.010,0.140,0.088,100.000,98.000,0.014,0.892,0.773,0.880,0.869,0.107,0.001,0.160,0.067
100,97,95,0.005,0.876,0.788,0.845,0.853,0.124,0.000,0.150,0.062,98.000,97.000,0.004,0.881,0.780,0.864,0.859,0.118,0.001,0.155,0.065,100.000,98.000,0.014,0.892,0.773,0.880,0.869,0.107,0.001,0.160,0.067,101.000,99.000,0.012,0.872,0.779,0.860,0.868,0.113,0.015,0.138,0.082
101,97,95,0.005,0.876,0.788,0.845,0.853,0.124,0.000,0.150,0.062,98.000,97.000,0.004,0.881,0.780,0.864,0.859,0.118,0.001,0.155,0.065,102.000,101.000,0.011,0.874,0.790,0.876,0.855,0.120,0.006,0.129,0.082,,,,,,,,,,,
102,97,95,0.005,0.876,0.788,0.845,0.853,0.124,0.000,0.150,0.062,98.000,97.000,0.004,0.881,0.780,0.864,0.859,0.118,0.001,0.155,0.065,102.000,101.000,0.011,0.874,0.790,0.876,0.855,0.120,0.006,0.129,0.082,103.000,98.000,0.011,0.868,0.782,0.855,0.851,0.132,0.000,0.159,0.059
103,97,95,0.005,0.876,0.788,0.845,0.853,0.124,0.000,0.150,0.062,98.000,97.000,0.004,0.881,0.780,0.864,0.859,0.118,0.001,0.155,0.065,103.000,98.000,0.011,0.868,0.782,0.855,0.851,0.132,0.000,0.159,0.059,104.000,102.000,0.014,0.883,0.814,0.865,0.861,0.117,0.000,0.127,0.059
104,97,95,0.005,0.876,0.788,0.845,0.853,0.124,0.000,0.150,0.062,98.000,97.000,0.004,0.881,0.780,0.864,0.859,0.118,0.001,0.155,0.065,103.000,98.000,0.011,0.868,0.782,0.855,0.851,0.132,0.000,0.159,0.059,105.000,104.000,0.007,0.895,0.823,0.844,0.859,0.105,0.000,0.120,0.057
105,97,95,0.005,0.876,0.788,0.845,0.853,0.124,0.000,0.150,0.062,98.000,97.000,0.004,0.881,0.780,0.864,0.859,0.118,0.001,0.155,0.065,103.000,98.000,0.011,0.868,0.782,0.855,0.851,0.132,0.000,0.159,0.059,106.000,105.000,0.006,0.890,0.822,0.845,0.857,0.110,0.000,0.129,0.048
106,97,95,0.005,0.876,0.788,0.845,0.853,0.124,0.000,0.150,0.062,98.000,97.000,0.004,0.881,0.780,0.864,0.859,0.118,0.001,0.155,0.065,103.000,98.000,0.011,0.868,0.782,0.855,0.851,0.132,0.000,0.159,0.059,107.000,98.000,0.004,0.881,0.760,0.857,0.863,0.109,0.010,0.157,0.083
107,97,95,0.005,0.876,0.788,0.845,0.853,0.124,0.000,0.150,0.062,103.000,98.000,0.011,0.868,0.782,0.855,0.851,0.132,0.000,0.159,0.059,107.000,98.000,0.004,0.881,0.760,0.857,0.863,0.109,0.010,0.157,0.083,108.000,107.000,0.004,0.873,0.741,0.839,0.868,0.119,0.008,0.169,0.091
108,97,95,0.005,0.876,0.788,0.845,0.853,0.124,0.000,0.150,0.062,108.000,107.000,0.004,0.873,0.741,0.839,0.868,0.119,0.008,0.169,0.091,109.000,107.000,0.004,0.883,0.747,0.865,0.872,0.117,0.000,0.165,0.088,,,,,,,,,,,
109,97,95,0.005,0.876,0.788,0.845,0.853,0.124,0.000,0.150,0.062,108.000,107.000,0.004,0.873,0.741,0.839,0.868,0.119,0.008,0.169,0.091,,,,,,,,,,,,,,,,,,,,,,
110,108,107,0.004,0.873,0.741,0.839,0.868,0.119,0.008,0.169,0.091,111.000,97.000,0.002,0.881,0.784,0.837,0.863,0.119,0.000,0.154,0.061,,,,,,,,,,,,,,,,,,,,,,
111,108,107,0.004,0.873,0.741,0.839,0.868,0.119,0.008,0.169,0.091,111.000,97.000,0.002,0.881,0.784,0.837,0.863,0.119,0.000,0.154,0.061,112.000,111.000,0.000,0.876,0.770,0.835,0.874,0.115,0.009,0.152,0.077,,,,,,,,,,,
112,108,107,0.004,0.873,0.741,0.839,0.868,0.119,0.008,0.169,0.091,111.000,97.000,0.002,0.881,0.784,0.837,0.863,0.119,0.000,0.154,0.061,112.000,111.000,0.000,0.876,0.770,0.835,0.874,0.115,0.009,0.152,0.077,113.000,112.000,0.000,0.887,0.787,0.841,0.866,0.113,0.000,0.132,0.081
113,108,107,0.004,0.873,0.741,0.839,0.868,0.119,0.008,0.169,0.091,111.000,97.000,0.002,0.881,0.784,0.837,0.863,0.119,0.000,0.154,0.061,112.000,111.000,0.000,0.876,0.770,0.835,0.874,0.115,0.009,0.152,0.077,114.000,112.000,0.000,0.870,0.788,0.825,0.877,0.119,0.011,0.145,0.067
114,111,97,0.002,0.881,0.784,0.837,0.863,0.119,0.000,0.154,0.061,114.000,112.000,0.000,0.870,0.788,0.825,0.877,0.119,0.011,0.145,0.067,115.000,111.000,0.009,0.895,0.775,0.832,0.846,0.105,0.000,0.167,0.057,,,,,,,,,,,
115,111,97,0.002,0.881,0.784,0.837,0.863,0.119,0.000,0.154,0.061,114.000,112.000,0.000,0.870,0.788,0.825,0.877,0.119,0.011,0.145,0.067,115.000,111.000,0.009,0.895,0.775,0.832,0.846,0.105,0.000,0.167,0.057,116.000,114.000,0.000,0.859,0.777,0.835,0.877,0.126,0.015,0.158,0.065
116,111,97,0.002,0.881,0.784,0.837,0.863,0.119,0.000,0.154,0.061,114.000,112.000,0.000,0.870,0.788,0.825,0.877,0.119,0.011,0.145,0.067,116.000,114.000,0.000,0.859,0.777,0.835,0.877,0.126,0.015,0.158,0.065,117.000,114.000,0.000,0.855,0.772,0.815,0.889,0.124,0.022,0.157,0.071
117,111,97,0.002,0.881,0.784,0.837,0.863,0.119,0.000,0.154,0.061,116.000,114.000,0.000,0.859,0.777,0.835,0.877,0.126,0.015,0.158,0.065,117.000,114.000,0.000,0.855,0.772,0.815,0.889,0.124,0.022,0.157,0.071,,,,,,,,,,,
118,111,97,0.002,0.881,0.784,0.837,0.863,0.119,0.000,0.154,0.061,116.000,114.000,0.000,0.859,0.777,0.835,0.877,0.126,0.015,0.158,0.065,117.000,114.000,0.000,0.855,0.772,0.815,0.889,0.124,0.022,0.157,0.071,119.000,117.000,0.003,0.846,0.771,0.810,0.887,0.124,0.030,0.149,0.080
119,111,97,0.002,0.881,0.784,0.837,0.863,0.119,0.000,0.154,0.061,116.000,114.000,0.000,0.859,0.777,0.835,0.877,0.126,0.015,0.158,0.065,117.000,114.000,0.000,0.855,0.772,0.815,0.889,0.124,0.022,0.157,0.071,119.000,117.000,0.003,0.846,0.771,0.810,0.887,0.124,0.030,0.149,0.080
120,116,114,0.000,0.859,0.777,0.835,0.877,0.126,0.015,0.158,0.065,117.000,114.000,0.000,0.855,0.772,0.815,0.889,0.124,0.022,0.157,0.071,119.000,117.000,0.003,0.846,0.771,0.810,0.887,0.124,0.030,0.149,0.080,120.000,111.000,0.001,0.885,0.776,0.834,0.858,0.115,0.000,0.155,0.069
121,116,114,0.000,0.859,0.777,0.835,0.877,0.126,0.015,0.158,0.065,117.000,114.000,0.000,0.855,0.772,0.815,0.889,0.124,0.022,0.157,0.071,120.000,111.000,0.001,0.885,0.776,0.834,0.858,0.115,0.000,0.155,0.069,122.000,119.000,0.007,0.835,0.771,0.797,0.886,0.123,0.041,0.156,0.074
122,116,114,0.000,0.859,0.777,0.835,0.877,0.126,0.015,0.158,0.065,117.000,114.000,0.000,0.855,0.772,0.815,0.889,0.124,0.022,0.157,0.071,120.000,111.000,0.001,0.885,0.776,0.834,0.858,0.115,0.000,0.155,0.069,123.000,117.000,0.000,0.838,0.773,0.821,0.865,0.124,0.038,0.149,0.078
123,116,114,0.000,0.859,0.777,0.835,0.877,0.126,0.015,0.158,0.065,117.000,114.000,0.000,0.855,0.772,0.815,0.889,0.124,0.022,0.157,0.071,120.000,111.000,0.001,0.885,0.776,0.834,0.858,0.115,0.000,0.155,0.069,123.000,117.000,0.000,0.838,0.773,0.821,0.865,0.124,0.038,0.149,0.078
124,116,114,0.000,0.859,0.777,0.835,0.877,0.126,0.015,0.158,0.065,125.000,123.000,0.000,0.819,0.771,0.821,0.859,0.138,0.043,0.165,0.064,,,,,,,,,,,,,,,,,,,,,,
125,125,123,0.000,0.819,0.771,0.821,0.859,0.138,0.043,0.165,0.064,126.000,125.000,0.000,0.797,0.778,0.816,0.854,0.145,0.057,0.168,0.054,,,,,,,,,,,,,,,,,,,,,,
126,125,123,0.000,0.819,0.771,0.821,0.859,0.138,0.043,0.165,0.064,126.000,125.000,0.000,0.797,0.778,0.816,0.854,0.145,0.057,0.168,0.054,127.000,125.000,0.000,0.829,0.761,0.817,0.856,0.133,0.038,0.165,0.074,,,,,,,,,,,
127,126,125,0.000,0.797,0.778,0.816,0.854,0.145,0.057,0.168,0.054,128.000,126.000,0.000,0.813,0.772,0.808,0.853,0.142,0.046,0.180,0.047,,,,,,,,,,,,,,,,,,,,,,
128,126,125,0.000,0.797,0.778,0.816,0.854,0.145,0.057,0.168,0.054,128.000,126.000,0.000,0.813,0.772,0.808,0.853,0.142,0.046,0.180,0.047,129.000,128.000,0.000,0.808,0.789,0.800,0.850,0.132,0.060,0.193,0.018,,,,,,,,,,,
129,126,125,0.000,0.797,0.778,0.816,0.854,0.145,0.057,0.168,0.054,128.000,126.000,0.000,0.813,0.772,0.808,0.853,0.142,0.046,0.180,0.047,129.000,128.000,0.000,0.808,0.789,0.800,0.850,0.132,0.060,0.193,0.018,130.000,129.000,0.000,0.808,0.773,0.801,0.854,0.131,0.062,0.191,0.036
130,126,125,0.000,0.797,0.778,0.816,0.854,0.145,0.057,0.168,0.054,128.000,126.000,0.000,0.813,0.772,0.808,0.853,0.142,0.046,0.180,0.047,129.000,128.000,0.000,0.808,0.789,0.800,0.850,0.132,0.060,0.193,0.018,130.000,129.000,0.000,0.808,0.773,0.801,0.854,0.131,0.062,0.191,0.036
131,126,125,0.000,0.797,0.778,0.816,0.854,0.145,0.057,0.168,0.054,128.000,126.000,0.000,0.813,0.772,0.808,0.853,0.142,0.046,0.180,0.047,129.000,128.000,0.000,0.808,0.789,0.800,0.850,0.132,0.060,0.193,0.018,130.000,129.000,0.000,0.808,0.773,0.801,0.854,0.131,0.062,0.191,0.036
132,126,125,0.000,0.797,0.778,0.816,0.854,0.145,0.057,0.168,0.054,128.000,126.000,0.000,0.813,0.772,0.808,0.853,0.142,0.046,0.180,0.047,129.000,128.000,0.000,0.808,0.789,0.800,0.850,0.132,0.060,0.193,0.018,130.000,129.000,0.000,0.808,0.773,0.801,0.854,0.131,0.062,0.191,0.036
133,128,126,0.000,0.813,0.772,0.808,0.853,0.142,0.046,0.180,0.047,130.000,129.000,0.000,0.808,0.773,0.801,0.854,0.131,0.062,0.191,0.036,131.000,126.000,0.000,0.798,0.775,0.817,0.856,0.141,0.060,0.176,0.049,132.000,129.000,0.000,0.808,0.791,0.803,0.854,0.139,0.053,0.198,0.011
134,128,126,0.000,0.813,0.772,0.808,0.853,0.142,0.046,0.180,0.047,132.000,129.000,0.000,0.808,0.791,0.803,0.854,0.139,0.053,0.198,0.011,135.000,133.000,0.001,0.793,0.777,0.851,0.853,0.155,0.051,0.173,0.050,,,,,,,,,,,
135,128,126,0.000,0.813,0.772,0.808,0.853,0.142,0.046,0.180,0.047,132.000,129.000,0.000,0.808,0.791,0.803,0.854,0.139,0.053,0.198,0.011,135.000,133.000,0.001,0.793,0.777,0.851,0.853,0.155,0.051,0.173,0.050,136.000,132.000,0.003,0.791,0.769,0.800,0.851,0.145,0.064,0.212,0.020
136,132,129,0.000,0.808,0.791,0.803,0.854,0.139,0.053,0.198,0.011,136.000,132.000,0.003,0.791,0.769,0.800,0.851,0.145,0.064,0.212,0.020,,,,,,,,,,,,,,,,,,,,,,
137,132,129,0.000,0.808,0.791,0.803,0.854,0.139,0.053,0.198,0.011,136.000,132.000,0.003,0.791,0.769,0.800,0.851,0.145,0.064,0.212,0.020,138.000,136.000,0.003,0.784,0.766,0.797,0.865,0.151,0.065,0.216,0.018,,,,,,,,,,,
138,136,132,0.003,0.791,0.769,0.800,0.851,0.145,0.064,0.212,0.020,139.000,136.000,0.000,0.789,0.761,0.772,0.846,0.142,0.069,0.214,0.025,,,,,,,,,,,,,,,,,,,,,,
139,136,132,0.003,0.791,0.769,0.800,0.851,0.145,0.064,0.212,0.020,139.000,136.000,0.000,0.789,0.761,0.772,0.846,0.142,0.069,0.214,0.025,140.000,139.000,0.000,0.782,0.771,0.787,0.863,0.143,0.074,0.214,0.016,,,,,,,,,,,
140,136,132,0.003,0.791,0.769,0.800,0.851,0.145,0.064,0.212,0.020,139.000,136.000,0.000,0.789,0.761,0.772,0.846,0.142,0.069,0.214,0.025,140.000,139.000,0.000,0.782,0.771,0.787,0.863,0.143,0.074,0.214,0.016,141.000,140.000,0.003,0.809,0.771,0.762,0.853,0.128,0.063,0.221,0.008
141,136,132,0.003,0.791,0.769,0.800,0.851,0.145,0.064,0.212,0.020,139.000,136.000,0.000,0.789,0.761,0.772,0.846,0.142,0.069,0.214,0.025,140.000,139.000,0.000,0.782,0.771,0.787,0.863,0.143,0.074,0.214,0.016,141.000,140.000,0.003,0.809,0.771,0.762,0.853,0.128,0.063,0.221,0.008
142,139,136,0.000,0.789,0.761,0.772,0.846,0.142,0.069,0.214,0.025,143.000,140.000,0.000,0.766,0.767,0.787,0.844,0.150,0.084,0.212,0.021,,,,,,,,,,,,,,,,,,,,,,
143,139,136,0.000,0.789,0.761,0.772,0.846,0.142,0.069,0.214,0.025,143.000,140.000,0.000,0.766,0.767,0.787,0.844,0.150,0.084,0.212,0.021,,,,,,,,,,,,,,,,,,,,,,
144,139,136,0.000,0.789,0.761,0.772,0.846,0.142,0.069,0.214,0.025,143.000,140.000,0.000,0.766,0.767,0.787,0.844,0.150,0.084,0.212,0.021,145.000,143.000,0.012,0.754,0.775,0.803,0.848,0.154,0.092,0.220,0.005,,,,,,,,,,,
145,139,136,0.000,0.789,0.761,0.772,0.846,0.142,0.069,0.214,0.025,143.000,140.000,0.000,0.766,0.767,0.787,0.844,0.150,0.084,0.212,0.021,145.000,143.000,0.012,0.754,0.775,0.803,0.848,0.154,0.092,0.220,0.005,146.000,143.000,0.003,0.775,0.775,0.778,0.840,0.135,0.090,0.210,0.015
146,139,136,0.000,0.789,0.761,0.772,0.846,0.142,0.069,0.214,0.025,143.000,140.000,0.000,0.766,0.767,0.787,0.844,0.150,0.084,0.212,0.021,146.000,143.000,0.003,0.775,0.775,0.778,0.840,0.135,0.090,0.210,0.015,147.000,145.000,0.011,0.734,0.796,0.790,0.829,0.171,0.094,0.204,0.000
147,139,136,0.000,0.789,0.761,0.772,0.846,0.142,0.069,0.214,0.025,143.000,140.000,0.000,0.766,0.767,0.787,0.844,0.150,0.084,0.212,0.021,146.000,143.000,0.003,0.775,0.775,0.778,0.840,0.135,0.090,0.210,0.015,147.000,145.000,0.011,0.734,0.796,0.790,0.829,0.171,0.094,0.204,0.000
148,139,136,0.000,0.789,0.761,0.772,0.846,0.142,0.069,0.214,0.025,143.000,140.000,0.000,0.766,0.767,0.787,0.844,0.150,0.084,0.212,0.021,149.000,139.000,0.004,0.794,0.758,0.779,0.877,0.145,0.061,0.216,0.027,,,,,,,,,,,
149,139,136,0.000,0.789,0.761,0.772,0.846,0.142,0.069,0.214,0.025,143.000,140.000,0.000,0.766,0.767,0.787,0.844,0.150,0.084,0.212,0.021,149.000,139.000,0.004,0.794,0.758,0.779,0.877,0.145,0.061,0.216,0.027,150.000,149.000,0.008,0.814,0.766,0.761,0.878,0.123,0.064,0.212,0.022
150,139,136,0.000,0.789,0.761,0.772,0.846,0.142,0.069,0.214,0.025,143.000,140.000,0.000,0.766,0.767,0.787,0.844,0.150,0.084,0.212,0.021,151.000,139.000,0.001,0.794,0.769,0.753,0.856,0.144,0.062,0.223,0.008,,,,,,,,,,,
151,139,136,0.000,0.789,0.761,0.772,0.846,0.142,0.069,0.214,0.025,143.000,140.000,0.000,0.766,0.767,0.787,0.844,0.150,0.084,0.212,0.021,151.000,139.000,0.001,0.794,0.769,0.753,0.856,0.144,0.062,0.223,0.008,152.000,151.000,0.009,0.764,0.773,0.762,0.856,0.155,0.081,0.211,0.016
152,139,136,0.000,0.789,0.761,0.772,0.846,0.142,0.069,0.214,0.025,143.000,140.000,0.000,0.766,0.767,0.787,0.844,0.150,0.084,0.212,0.021,151.000,139.000,0.001,0.794,0.769,0.753,0.856,0.144,0.062,0.223,0.008,152.000,151.000,0.009,0.764,0.773,0.762,0.856,0.155,0.081,0.211,0.016
153,143,140,0.000,0.766,0.767,0.787,0.844,0.150,0.084,0.212,0.021,153.000,139.000,0.000,0.765,0.742,0.784,0.847,0.157,0.078,0.216,0.042,,,,,,,,,,,,,,,,,,,,,,
154,143,140,0.000,0.766,0.767,0.787,0.844,0.150,0.084,0.212,0.021,153.000,139.000,0.000,0.765,0.742,0.784,0.847,0.157,0.078,0.216,0.042,,,,,,,,,,,,,,,,,,,,,,
155,143,140,0.000,0.766,0.767,0.787,0.844,0.150,0.084,0.212,0.021,153.000,139.000,0.000,0.765,0.742,0.784,0.847,0.157,0.078,0.216,0.042,156.000,153.000,0.002,0.767,0.749,0.775,0.850,0.167,0.067,0.215,0.036,,,,,,,,,,,
156,153,139,0.000,0.765,0.742,0.784,0.847,0.157,0.078,0.216,0.042,157.000,153.000,0.000,0.775,0.730,0.785,0.839,0.160,0.066,0.234,0.036,,,,,,,,,,,,,,,,,,,,,,
157,153,139,0.000,0.765,0.742,0.784,0.847,0.157,0.078,0.216,0.042,157.000,153.000,0.000,0.775,0.730,0.785,0.839,0.160,0.066,0.234,0.036,158.000,153.000,0.000,0.754,0.757,0.787,0.858,0.160,0.086,0.198,0.044,,,,,,,,,,,
158,153,139,0.000,0.765,0.742,0.784,0.847,0.157,0.078,0.216,0.042,157.000,153.000,0.000,0.775,0.730,0.785,0.839,0.160,0.066,0.234,0.036,158.000,153.000,0.000,0.754,0.757,0.787,0.858,0.160,0.086,0.198,0.044,159.000,157.000,0.010,0.766,0.733,0.781,0.829,0.174,0.059,0.217,0.050
159,153,139,0.000,0.765,0.742,0.784,0.847,0.157,0.078,0.216,0.042,157.000,153.000,0.000,0.775,0.730,0.785,0.839,0.160,0.066,0.234,0.036,159.000,157.000,0.010,0.766,0.733,0.781,0.829,0.174,0.059,0.217,0.050,160.000,157.000,0.000,0.768,0.724,0.808,0.838,0.158,0.074,0.227,0.049
160,153,139,0.000,0.765,0.742,0.784,0.847,0.157,0.078,0.216,0.042,157.000,153.000,0.000,0.775,0.730,0.785,0.839,0.160,0.066,0.234,0.036,159.000,157.000,0.010,0.766,0.733,0.781,0.829,0.174,0.059,0.217,0.050,160.000,157.000,0.000,0.768,0.724,0.808,0.838,0.158,0.074,0.227,0.049
161,153,139,0.000,0.765,0.742,0.784,0.847,0.157,0.078,0.216,0.042,157.000,153.000,0.000,0.775,0.730,0.785,0.839,0.160,0.066,0.234,0.036,160.000,157.000,0.000,0.768,0.724,0.808,0.838,0.158,0.074,0.227,0.049,161.000,153.000,0.000,0.781,0.738,0.786,0.840,0.152,0.067,0.213,0.049
162,153,139,0.000,0.765,0.742,0.784,0.847,0.157,0.078,0.216,0.042,157.000,153.000,0.000,0.775,0.730,0.785,0.839,0.160,0.066,0.234,0.036,160.000,157.000,0.000,0.768,0.724,0.808,0.838,0.158,0.074,0.227,0.049,161.000,153.000,0.000,0.781,0.738,0.786,0.840,0.152,0.067,0.213,0.049
163,157,153,0.000,0.775,0.730,0.785,0.839,0.160,0.066,0.234,0.036,160.000,157.000,0.000,0.768,0.724,0.808,0.838,0.158,0.074,0.227,0.049,161.000,153.000,0.000,0.781,0.738,0.786,0.840,0.152,0.067,0.213,0.049,163.000,153.000,0.006,0.774,0.746,0.779,0.851,0.156,0.070,0.220,0.034
164,157,153,0.000,0.775,0.730,0.785,0.839,0.160,0.066,0.234,0.036,164.000,161.000,0.000,0.777,0.732,0.787,0.867,0.169,0.053,0.221,0.047,,,,,,,,,,,,,,,,,,,,,,
165,157,153,0.000,0.775,0.730,0.785,0.839,0.160,0.066,0.234,0.036,166.000,164.000,0.000,0.775,0.721,0.771,0.846,0.177,0.048,0.228,0.051,,,,,,,,,,,,,,,,,,,,,,
166,157,153,0.000,0.775,0.730,0.785,0.839,0.160,0.066,0.234,0.036,166.000,164.000,0.000,0.775,0.721,0.771,0.846,0.177,0.048,0.228,0.051,167.000,157.000,0.000,0.772,0.739,0.796,0.822,0.157,0.071,0.231,0.030,,,,,,,,,,,
167,157,153,0.000,0.775,0.730,0.785,0.839,0.160,0.066,0.234,0.036,166.000,164.000,0.000,0.775,0.721,0.771,0.846,0.177,0.048,0.228,0.051,167.000,157.000,0.000,0.772,0.739,0.796,0.822,0.157,0.071,0.231,0.030,168.000,166.000,0.005,0.779,0.723,0.767,0.825,0.175,0.046,0.222,0.055
168,157,153,0.000,0.775,0.730,0.785,0.839,0.160,0.066,0.234,0.036,166.000,164.000,0.000,0.775,0.721,0.771,0.846,0.177,0.048,0.228,0.051,167.000,157.000,0.000,0.772,0.739,0.796,0.822,0.157,0.071,0.231,0.030,168.000,166.000,0.005,0.779,0.723,0.767,0.825,0.175,0.046,0.222,0.055
169,166,164,0.000,0.775,0.721,0.771,0.846,0.177,0.048,0.228,0.051,167.000,157.000,0.000,0.772,0.739,0.796,0.822,0.157,0.071,0.231,0.030,168.000,166.000,0.005,0.779,0.723,0.767,0.825,0.175,0.046,0.222,0.055,170.000,166.000,0.001,0.780,0.705,0.750,0.844,0.170,0.050,0.238,0.057
170,166,164,0.000,0.775,0.721,0.771,0.846,0.177,0.048,0.228,0.051,170.000,166.000,0.001,0.780,0.705,0.750,0.844,0.170,0.050,0.238,0.057,171.000,168.000,0.008,0.787,0.729,0.759,0.833,0.179,0.034,0.223,0.049,,,,,,,,,,,
171,166,164,0.000,0.775,0.721,0.771,0.846,0.177,0.048,0.228,0.051,170.000,166.000,0.001,0.780,0.705,0.750,0.844,0.170,0.050,0.238,0.057,172.000,170.000,0.000,0.759,0.698,0.760,0.845,0.184,0.057,0.245,0.058,,,,,,,,,,,
172,166,164,0.000,0.775,0.721,0.771,0.846,0.177,0.048,0.228,0.051,172.000,170.000,0.000,0.759,0.698,0.760,0.845,0.184,0.057,0.245,0.058,173.000,170.000,0.001,0.780,0.700,0.736,0.842,0.174,0.046,0.249,0.051,,,,,,,,,,,
173,166,164,0.000,0.775,0.721,0.771,0.846,0.177,0.048,0.228,0.051,172.000,170.000,0.000,0.759,0.698,0.760,0.845,0.184,0.057,0.245,0.058,173.000,170.000,0.001,0.780,0.700,0.736,0.842,0.174,0.046,0.249,0.051,174.000,173.000,0.005,0.785,0.698,0.735,0.830,0.173,0.041,0.247,0.054
174,166,164,0.000,0.775,0.721,0.771,0.846,0.177,0.048,0.228,0.051,172.000,170.000,0.000,0.759,0.698,0.760,0.845,0.184,0.057,0.245,0.058,173.000,170.000,0.001,0.780,0.700,0.736,0.842,0.174,0.046,0.249,0.051,174.000,173.000,0.005,0.785,0.698,0.735,0.830,0.173,0.041,0.247,0.054
175,172,170,0.000,0.759,0.698,0.760,0.845,0.184,0.057,0.245,0.058,173.000,170.000,0.001,0.780,0.700,0.736,0.842,0.174,0.046,0.249,0.051,175.000,172.000,0.001,0.758,0.692,0.746,0.855,0.187,0.055,0.240,0.068,176.000,166.000,0.000,0.783,0.717,0.776,0.845,0.185,0.033,0.227,0.056
176,172,170,0.000,0.759,0.698,0.760,0.845,0.184,0.057,0.245,0.058,173.000,170.000,0.001,0.780,0.700,0.736,0.842,0.174,0.046,0.249,0.051,175.000,172.000,0.001,0.758,0.692,0.746,0.855,0.187,0.055,0.240,0.068,176.000,166.000,0.000,0.783,0.717,0.776,0.845,0.185,0.033,0.227,0.056
177,172,170,0.000,0.759,0.698,0.760,0.845,0.184,0.057,0.245,0.058,176.000,166.000,0.000,0.783,0.717,0.776,0.845,0.185,0.033,0.227,0.056,177.000,175.000,0.003,0.756,0.686,0.743,0.843,0.192,0.053,0.241,0.073,178.000,175.000,0.000,0.769,0.701,0.736,0.866,0.181,0.050,0.244,0.055
178,172,170,0.000,0.759,0.698,0.760,0.845,0.184,0.057,0.245,0.058,176.000,166.000,0.000,0.783,0.717,0.776,0.845,0.185,0.033,0.227,0.056,177.000,175.000,0.003,0.756,0.686,0.743,0.843,0.192,0.053,0.241,0.073,178.000,175.000,0.000,0.769,0.701,0.736,0.866,0.181,0.050,0.244,0.055
179,172,170,0.000,0.759,0.698,0.760,0.845,0.184,0.057,0.245,0.058,176.000,166.000,0.000,0.783,0.717,0.776,0.845,0.185,0.033,0.227,0.056,177.000,175.000,0.003,0.756,0.686,0.743,0.843,0.192,0.053,0.241,0.073,178.000,175.000,0.000,0.769,0.701,0.736,0.866,0.181,0.050,0.244,0.055
180,172,170,0.000,0.759,0.698,0.760,0.845,0.184,0.057,0.245,0.058,176.000,166.000,0.000,0.783,0.717,0.776,0.845,0.185,0.033,0.227,0.056,177.000,175.000,0.003,0.756,0.686,0.743,0.843,0.192,0.053,0.241,0.073,178.000,175.000,0.000,0.769,0.701,0.736,0.866,0.181,0.050,0.244,0.055
181,172,170,0.000,0.759,0.698,0.760,0.845,0.184,0.057,0.245,0.058,176.000,166.000,0.000,0.783,0.717,0.776,0.845,0.185,0.033,0.227,0.056,177.000,175.000,0.003,0.756,0.686,0.743,0.843,0.192,0.053,0.241,0.073,178.000,175.000,0.000,0.769,0.701,0.736,0.866,0.181,0.050,0.244,0.055
182,172,170,0.000,0.759,0.698,0.760,0.845,0.184,0.057,0.245,0.058,183.000,172.000,0.000,0.759,0.692,0.777,0.846,0.183,0.058,0.250,0.058,,,,,,,,,,,,,,,,,,,,,,
183,172,170,0.000,0.759,0.698,0.760,0.845,0.184,0.057,0.245,0.058,183.000,172.000,0.000,0.759,0.692,0.777,0.846,0.183,0.058,0.250,0.058,,,,,,,,,,,,,,,,,,,,,,
184,172,170,0.000,0.759,0.698,0.760,0.845,0.184,0.057,0.245,0.058,183.000,172.000,0.000,0.759,0.692,0.777,0.846,0.183,0.058,0.250,0.058,185.000,183.000,0.000,0.754,0.701,0.778,0.844,0.182,0.064,0.251,0.049,,,,,,,,,,,
185,172,170,0.000,0.759,0.698,0.760,0.845,0.184,0.057,0.245,0.058,183.000,172.000,0.000,0.759,0.692,0.777,0.846,0.183,0.058,0.250,0.058,185.000,183.000,0.000,0.754,0.701,0.778,0.844,0.182,0.064,0.251,0.049,,,,,,,,,,,
186,172,170,0.000,0.759,0.698,0.760,0.845,0.184,0.057,0.245,0.058,183.000,172.000,0.000,0.759,0.692,0.777,0.846,0.183,0.058,0.250,0.058,185.000,183.000,0.000,0.754,0.701,0.778,0.844,0.182,0.064,0.251,0.049,,,,,,,,,,,
187,185,183,0.000,0.754,0.701,0.778,0.844,0.182,0.064,0.251,0.049,188.000,172.000,0.000,0.780,0.681,0.764,0.841,0.182,0.038,0.255,0.063,,,,,,,,,,,,,,,,,,,,,,
188,185,183,0.000,0.754,0.701,0.778,0.844,0.182,0.064,0.251,0.049,188.000,172.000,0.000,0.780,0.681,0.764,0.841,0.182,0.038,0.255,0.063,189.000,188.000,0.000,0.782,0.677,0.780,0.845,0.178,0.041,0.268,0.055,,,,,,,,,,,
189,185,183,0.000,0.754,0.701,0.778,0.844,0.182,0.064,0.251,0.049,188.000,172.000,0.000,0.780,0.681,0.764,0.841,0.182,0.038,0.255,0.063,189.000,188.000,0.000,0.782,0.677,0.780,0.845,0.178,0.041,0.268,0.055,190.000,189.000,0.000,0.797,0.692,0.798,0.863,0.172,0.031,0.266,0.042
190,188,172,0.000,0.780,0.681,0.764,0.841,0.182,0.038,0.255,0.063,191.000,188.000,0.000,0.775,0.687,0.763,0.847,0.191,0.034,0.250,0.063,,,,,,,,,,,,,,,,,,,,,,
191,188,172,0.000,0.780,0.681,0.764,0.841,0.182,0.038,0.255,0.063,191.000,188.000,0.000,0.775,0.687,0.763,0.847,0.191,0.034,0.250,0.063,192.000,191.000,0.008,0.768,0.688,0.757,0.861,0.183,0.050,0.260,0.051,,,,,,,,,,,
192,188,172,0.000,0.780,0.681,0.764,0.841,0.182,0.038,0.255,0.063,191.000,188.000,0.000,0.775,0.687,0.763,0.847,0.191,0.034,0.250,0.063,193.000,191.000,0.000,0.794,0.709,0.764,0.844,0.191,0.015,0.242,0.049,,,,,,,,,,,
193,188,172,0.000,0.780,0.681,0.764,0.841,0.182,0.038,0.255,0.063,191.000,188.000,0.000,0.775,0.687,0.763,0.847,0.191,0.034,0.250,0.063,193.000,191.000,0.000,0.794,0.709,0.764,0.844,0.191,0.015,0.242,0.049,194.000,191.000,0.004,0.772,0.717,0.767,0.830,0.193,0.036,0.235,0.048
194,188,172,0.000,0.780,0.681,0.764,0.841,0.182,0.038,0.255,0.063,191.000,188.000,0.000,0.775,0.687,0.763,0.847,0.191,0.034,0.250,0.063,193.000,191.000,0.000,0.794,0.709,0.764,0.844,0.191,0.015,0.242,0.049,195.000,193.000,0.001,0.799,0.711,0.763,0.852,0.188,0.012,0.234,0.055
195,193,191,0.000,0.794,0.709,0.764,0.844,0.191,0.015,0.242,0.049,196.000,193.000,0.002,0.775,0.713,0.777,0.829,0.196,0.028,0.245,0.042,,,,,,,,,,,,,,,,,,,,,,
196,193,191,0.000,0.794,0.709,0.764,0.844,0.191,0.015,0.242,0.049,196.000,193.000,0.002,0.775,0.713,0.777,0.829,0.196,0.028,0.245,0.042,197.000,193.000,0.010,0.771,0.692,0.774,0.850,0.200,0.028,0.253,0.055,,,,,,,,,,,
197,193,191,0.000,0.794,0.709,0.764,0.844,0.191,0.015,0.242,0.049,196.000,193.000,0.002,0.775,0.713,0.777,0.829,0.196,0.028,0.245,0.042,197.000,193.000,0.010,0.771,0.692,0.774,0.850,0.200,0.028,0.253,0.055,198.000,196.000,0.003,0.773,0.728,0.766,0.833,0.187,0.040,0.238,0.033
198,193,191,0.000,0.794,0.709,0.764,0.844,0.191,0.015,0.242,0.049,196.000,193.000,0.002,0.775,0.713,0.777,0.829,0.196,0.028,0.245,0.042,197.000,193.000,0.010,0.771,0.692,0.774,0.850,0.200,0.028,0.253,0.055,198.000,196.000,0.003,0.773,0.728,0.766,0.833,0.187,0.040,0.238,0.033
199,193,191,0.000,0.794,0.709,0.764,0.844,0.191,0.015,0.242,0.049,196.000,193.000,0.002,0.775,0.713,0.777,0.829,0.196,0.028,0.245,0.042,197.000,193.000,0.010,0.771,0.692,0.774,0.850,0.200,0.028,0.253,0.055,198.000,196.000,0.003,0.773,0.728,0.766,0.833,0.187,0.040,0.238,0.033
200,193,191,0.000,0.794,0.709,0.764,0.844,0.191,0.015,0.242,0.049,196.000,193.000,0.002,0.775,0.713,0.777,0.829,0.196,0.028,0.245,0.042,197.000,193.000,0.010,0.771,0.692,0.774,0.850,0.200,0.028,0.253,0.055,198.000,196.000,0.003,0.773,0.728,0.766,0.833,0.187,0.040,0.238,0.033
201,193,191,0.000,0.794,0.709,0.764,0.844,0.191,0.015,0.242,0.049,196.000,193.000,0.002,0.775,0.713,0.777,0.829,0.196,0.028,0.245,0.042,198.000,196.000,0.003,0.773,0.728,0.766,0.833,0.187,0.040,0.238,0.033,199.000,196.000,0.003,0.780,0.716,0.777,0.835,0.197,0.023,0.249,0.036
202,193,191,0.000,0.794,0.709,0.764,0.844,0.191,0.015,0.242,0.049,196.000,193.000,0.002,0.775,0.713,0.777,0.829,0.196,0.028,0.245,0.042,198.000,196.000,0.003,0.773,0.728,0.766,0.833,0.187,0.040,0.238,0.033,199.000,196.000,0.003,0.780,0.716,0.777,0.835,0.197,0.023,0.249,0.036
203,193,191,0.000,0.794,0.709,0.764,0.844,0.191,0.015,0.242,0.049,196.000,193.000,0.002,0.775,0.713,0.777,0.829,0.196,0.028,0.245,0.042,198.000,196.000,0.003,0.773,0.728,0.766,0.833,0.187,0.040,0.238,0.033,199.000,196.000,0.003,0.780,0.716,0.777,0.835,0.197,0.023,0.249,0.036
204,193,191,0.000,0.794,0.709,0.764,0.844,0.191,0.015,0.242,0.049,196.000,193.000,0.002,0.775,0.713,0.777,0.829,0.196,0.028,0.245,0.042,198.000,196.000,0.003,0.773,0.728,0.766,0.833,0.187,0.040,0.238,0.033,199.000,196.000,0.003,0.780,0.716,0.777,0.835,0.197,0.023,0.249,0.036
205,193,191,0.000,0.794,0.709,0.764,0.844,0.191,0.015,0.242,0.049,196.000,193.000,0.002,0.775,0.713,0.777,0.829,0.196,0.028,0.245,0.042,199.000,196.000,0.003,0.780,0.716,0.777,0.835,0.197,0.023,0.249,0.036,202.000,193.000,0.001,0.795,0.719,0.769,0.842,0.195,0.010,0.247,0.034
206,193,191,0.000,0.794,0.709,0.764,0.844,0.191,0.015,0.242,0.049,196.000,193.000,0.002,0.775,0.713,0.777,0.829,0.196,0.028,0.245,0.042,199.000,196.000,0.003,0.780,0.716,0.777,0.835,0.197,0.023,0.249,0.036,202.000,193.000,0.001,0.795,0.719,0.769,0.842,0.195,0.010,0.247,0.034
207,196,193,0.002,0.775,0.713,0.777,0.829,0.196,0.028,0.245,0.042,208.000,206.000,0.000,0.744,0.679,0.777,0.822,0.220,0.036,0.269,0.051,,,,,,,,,,,,,,,,,,,,,,
208,196,193,0.002,0.775,0.713,0.777,0.829,0.196,0.028,0.245,0.042,208.000,206.000,0.000,0.744,0.679,0.777,0.822,0.220,0.036,0.269,0.051,209.000,196.000,0.000,0.789,0.709,0.775,0.838,0.184,0.027,0.248,0.043,,,,,,,,,,,
209,208,206,0.000,0.744,0.679,0.777,0.822,0.220,0.036,0.269,0.051,210.000,208.000,0.000,0.730,0.671,0.782,0.795,0.227,0.043,0.273,0.056,,,,,,,,,,,,,,,,,,,,,,
210,208,206,0.000,0.744,0.679,0.777,0.822,0.220,0.036,0.269,0.051,210.000,208.000,0.000,0.730,0.671,0.782,0.795,0.227,0.043,0.273,0.056,211.000,208.000,0.002,0.734,0.699,0.757,0.807,0.232,0.033,0.263,0.037,,,,,,,,,,,
211,208,206,0.000,0.744,0.679,0.777,0.822,0.220,0.036,0.269,0.051,210.000,208.000,0.000,0.730,0.671,0.782,0.795,0.227,0.043,0.273,0.056,211.000,208.000,0.002,0.734,0.699,0.757,0.807,0.232,0.033,0.263,0.037,212.000,208.000,0.006,0.759,0.693,0.780,0.830,0.210,0.030,0.273,0.033
212,208,206,0.000,0.744,0.679,0.777,0.822,0.220,0.036,0.269,0.051,210.000,208.000,0.000,0.730,0.671,0.782,0.795,0.227,0.043,0.273,0.056,211.000,208.000,0.002,0.734,0.699,0.757,0.807,0.232,0.033,0.263,0.037,212.000,208.000,0.006,0.759,0.693,0.780,0.830,0.210,0.030,0.273,0.033
213,208,206,0.000,0.744,0.679,0.777,0.822,0.220,0.036,0.269,0.051,210.000,208.000,0.000,0.730,0.671,0.782,0.795,0.227,0.043,0.273,0.056,211.000,208.000,0.002,0.734,0.699,0.757,0.807,0.232,0.033,0.263,0.037,213.000,211.000,0.000,0.741,0.693,0.760,0.814,0.216,0.043,0.273,0.034
214,208,206,0.000,0.744,0.679,0.777,0.822,0.220,0.036,0.269,0.051,210.000,208.000,0.000,0.730,0.671,0.782,0.795,0.227,0.043,0.273,0.056,211.000,208.000,0.002,0.734,0.699,0.757,0.807,0.232,0.033,0.263,0.037,213.000,211.000,0.000,0.741,0.693,0.760,0.814,0.216,0.043,0.273,0.034
215,210,208,0.000,0.730,0.671,0.782,0.795,0.227,0.043,0.273,0.056,211.000,208.000,0.002,0.734,0.699,0.757,0.807,0.232,0.033,0.263,0.037,213.000,211.000,0.000,0.741,0.693,0.760,0.814,0.216,0.043,0.273,0.034,215.000,208.000,0.000,0.736,0.681,0.767,0.810,0.213,0.051,0.272,0.047
216,210,208,0.000,0.730,0.671,0.782,0.795,0.227,0.043,0.273,0.056,211.000,208.000,0.002,0.734,0.699,0.757,0.807,0.232,0.033,0.263,0.037,213.000,211.000,0.000,0.741,0.693,0.760,0.814,0.216,0.043,0.273,0.034,215.000,208.000,0.000,0.736,0.681,0.767,0.810,0.213,0.051,0.272,0.047
217,210,208,0.000,0.730,0.671,0.782,0.795,0.227,0.043,0.273,0.056,211.000,208.000,0.002,0.734,0.699,0.757,0.807,0.232,0.033,0.263,0.037,213.000,211.000,0.000,0.741,0.693,0.760,0.814,0.216,0.043,0.273,0.034,215.000,208.000,0.000,0.736,0.681,0.767,0.810,0.213,0.051,0.272,0.047
218,210,208,0.000,0.730,0.671,0.782,0.795,0.227,0.043,0.273,0.056,211.000,208.000,0.002,0.734,0.699,0.757,0.807,0.232,0.033,0.263,0.037,213.000,211.000,0.000,0.741,0.693,0.760,0.814,0.216,0.043,0.273,0.034,215.000,208.000,0.000,0.736,0.681,0.767,0.810,0.213,0.051,0.272,0.047
219,210,208,0.000,0.730,0.671,0.782,0.795,0.227,0.043,0.273,0.056,211.000,208.000,0.002,0.734,0.699,0.757,0.807,0.232,0.033,0.263,0.037,213.000,211.000,0.000,0.741,0.693,0.760,0.814,0.216,0.043,0.273,0.034,215.000,208.000,0.000,0.736,0.681,0.767,0.810,0.213,0.051,0.272,0.047
220,210,208,0.000,0.730,0.671,0.782,0.795,0.227,0.043,0.273,0.056,211.000,208.000,0.002,0.734,0.699,0.757,0.807,0.232,0.033,0.263,0.037,213.000,211.000,0.000,0.741,0.693,0.760,0.814,0.216,0.043,0.273,0.034,215.000,208.000,0.000,0.736,0.681,0.767,0.810,0.213,0.051,0.272,0.047
221,210,208,0.000,0.730,0.671,0.782,0.795,0.227,0.043,0.273,0.056,211.000,208.000,0.002,0.734,0.699,0.757,0.807,0.232,0.033,0.263,0.037,213.000,211.000,0.000,0.741,0.693,0.760,0.814,0.216,0.043,0.273,0.034,215.000,208.000,0.000,0.736,0.681,0.767,0.810,0.213,0.051,0.272,0.047
222,210,208,0.000,0.730,0.671,0.782,0.795,0.227,0.043,0.273,0.056,211.000,208.000,0.002,0.734,0.699,0.757,0.807,0.232,0.033,0.263,0.037,213.000,211.000,0.000,0.741,0.693,0.760,0.814,0.216,0.043,0.273,0.034,215.000,208.000,0.000,0.736,0.681,0.767,0.810,0.213,0.051,0.272,0.047
223,210,208,0.000,0.730,0.671,0.782,0.795,0.227,0.043,0.273,0.056,211.000,208.000,0.002,0.734,0.699,0.757,0.807,0.232,0.033,0.263,0.037,213.000,211.000,0.000,0.741,0.693,0.760,0.814,0.216,0.043,0.273,0.034,215.000,208.000,0.000,0.736,0.681,0.767,0.810,0.213,0.051,0.272,0.047
224,210,208,0.000,0.730,0.671,0.782,0.795,0.227,0.043,0.273,0.056,211.000,208.000,0.002,0.734,0.699,0.757,0.807,0.232,0.033,0.263,0.037,213.000,211.000,0.000,0.741,0.693,0.760,0.814,0.216,0.043,0.273,0.034,220.000,210.000,0.000,0.727,0.680,0.792,0.788,0.220,0.052,0.256,0.063
225,210,208,0.000,0.730,0.671,0.782,0.795,0.227,0.043,0.273,0.056,211.000,208.000,0.002,0.734,0.699,0.757,0.807,0.232,0.033,0.263,0.037,222.000,221.000,0.001,0.748,0.684,0.784,0.809,0.224,0.028,0.283,0.033,225.000,221.000,0.000,0.726,0.680,0.810,0.807,0.228,0.045,0.277,0.043
226,210,208,0.000,0.730,0.671,0.782,0.795,0.227,0.043,0.273,0.056,222.000,221.000,0.001,0.748,0.684,0.784,0.809,0.224,0.028,0.283,0.033,225.000,221.000,0.000,0.726,0.680,0.810,0.807,0.228,0.045,0.277,0.043,227.000,225.000,0.000,0.732,0.688,0.799,0.805,0.233,0.035,0.266,0.045
227,210,208,0.000,0.730,0.671,0.782,0.795,0.227,0.043,0.273,0.056,222.000,221.000,0.001,0.748,0.684,0.784,0.809,0.224,0.028,0.283,0.033,227.000,225.000,0.000,0.732,0.688,0.799,0.805,0.233,0.035,0.266,0.045,228.000,222.000,0.000,0.743,0.683,0.781,0.784,0.240,0.016,0.287,0.030
228,210,208,0.000,0.730,0.671,0.782,0.795,0.227,0.043,0.273,0.056,222.000,221.000,0.001,0.748,0.684,0.784,0.809,0.224,0.028,0.283,0.033,227.000,225.000,0.000,0.732,0.688,0.799,0.805,0.233,0.035,0.266,0.045,228.000,222.000,0.000,0.743,0.683,0.781,0.784,0.240,0.016,0.287,0.030
229,210,208,0.000,0.730,0.671,0.782,0.795,0.227,0.043,0.273,0.056,222.000,221.000,0.001,0.748,0.684,0.784,0.809,0.224,0.028,0.283,0.033,227.000,225.000,0.000,0.732,0.688,0.799,0.805,0.233,0.035,0.266,0.045,228.000,222.000,0.000,0.743,0.683,0.781,0.784,0.240,0.016,0.287,0.030
230,210,208,0.000,0.730,0.671,0.782,0.795,0.227,0.043,0.273,0.056,227.000,225.000,0.000,0.732,0.688,0.799,0.805,0.233,0.035,0.266,0.045,228.000,222.000,0.000,0.743,0.683,0.781,0.784,0.240,0.016,0.287,0.030,229.000,228.000,0.000,0.742,0.691,0.785,0.790,0.221,0.036,0.293,0.017
231,210,208,0.000,0.730,0.671,0.782,0.795,0.227,0.043,0.273,0.056,228.000,222.000,0.000,0.743,0.683,0.781,0.784,0.240,0.016,0.287,0.030,229.000,228.000,0.000,0.742,0.691,0.785,0.790,0.221,0.036,0.293,0.017,,,,,,,,,,,
232,210,208,0.000,0.730,0.671,0.782,0.795,0.227,0.043,0.273,0.056,228.000,222.000,0.000,0.743,0.683,0.781,0.784,0.240,0.016,0.287,0.030,229.000,228.000,0.000,0.742,0.691,0.785,0.790,0.221,0.036,0.293,0.017,233.000,229.000,0.000,0.754,0.688,0.795,0.782,0.215,0.031,0.301,0.011
233,210,208,0.000,0.730,0.671,0.782,0.795,0.227,0.043,0.273,0.056,228.000,222.000,0.000,0.743,0.683,0.781,0.784,0.240,0.016,0.287,0.030,229.000,228.000,0.000,0.742,0.691,0.785,0.790,0.221,0.036,0.293,0.017,233.000,229.000,0.000,0.754,0.688,0.795,0.782,0.215,0.031,0.301,0.011
234,228,222,0.000,0.743,0.683,0.781,0.784,0.240,0.016,0.287,0.030,234.000,228.000,0.000,0.742,0.688,0.771,0.784,0.239,0.020,0.289,0.023,235.000,228.000,0.001,0.757,0.692,0.777,0.775,0.243,0.000,0.296,0.011,,,,,,,,,,,
235,228,222,0.000,0.743,0.683,0.781,0.784,0.240,0.016,0.287,0.030,234.000,228.000,0.000,0.742,0.688,0.771,0.784,0.239,0.020,0.289,0.023,235.000,228.000,0.001,0.757,0.692,0.777,0.775,0.243,0.000,0.296,0.011,236.000,235.000,0.008,0.760,0.692,0.802,0.772,0.240,0.000,0.287,0.020
236,228,222,0.000,0.743,0.683,0.781,0.784,0.240,0.016,0.287,0.030,234.000,228.000,0.000,0.742,0.688,0.771,0.784,0.239,0.020,0.289,0.023,235.000,228.000,0.001,0.757,0.692,0.777,0.775,0.243,0.000,0.296,0.011,236.000,235.000,0.008,0.760,0.692,0.802,0.772,0.240,0.000,0.287,0.020
237,228,222,0.000,0.743,0.683,0.781,0.784,0.240,0.016,0.287,0.030,234.000,228.000,0.000,0.742,0.688,0.771,0.784,0.239,0.020,0.289,0.023,235.000,228.000,0.001,0.757,0.692,0.777,0.775,0.243,0.000,0.296,0.011,236.000,235.000,0.008,0.760,0.692,0.802,0.772,0.240,0.000,0.287,0.020
238,228,222,0.000,0.743,0.683,0.781,0.784,0.240,0.016,0.287,0.030,234.000,228.000,0.000,0.742,0.688,0.771,0.784,0.239,0.020,0.289,0.023,237.000,234.000,0.000,0.749,0.683,0.776,0.792,0.234,0.017,0.283,0.034,238.000,234.000,0.000,0.748,0.685,0.773,0.777,0.232,0.020,0.284,0.031
239,228,222,0.000,0.743,0.683,0.781,0.784,0.240,0.016,0.287,0.030,234.000,228.000,0.000,0.742,0.688,0.771,0.784,0.239,0.020,0.289,0.023,237.000,234.000,0.000,0.749,0.683,0.776,0.792,0.234,0.017,0.283,0.034,238.000,234.000,0.000,0.748,0.685,0.773,0.777,0.232,0.020,0.284,0.031
240,228,222,0.000,0.743,0.683,0.781,0.784,0.240,0.016,0.287,0.030,234.000,228.000,0.000,0.742,0.688,0.771,0.784,0.239,0.020,0.289,0.023,237.000,234.000,0.000,0.749,0.683,0.776,0.792,0.234,0.017,0.283,0.034,238.000,234.000,0.000,0.748,0.685,0.773,0.777,0.232,0.020,0.284,0.031
241,228,222,0.000,0.743,0.683,0.781,0.784,0.240,0.016,0.287,0.030,242.000,234.000,0.000,0.739,0.670,0.782,0.779,0.261,0.000,0.295,0.035,,,,,,,,,,,,,,,,,,,,,,
242,228,222,0.000,0.743,0.683,0.781,0.784,0.240,0.016,0.287,0.030,242.000,234.000,0.000,0.739,0.670,0.782,0.779,0.261,0.000,0.295,0.035,243.000,228.000,0.000,0.733,0.676,0.780,0.777,0.246,0.021,0.296,0.027,,,,,,,,,,,
243,228,222,0.000,0.743,0.683,0.781,0.784,0.240,0.016,0.287,0.030,242.000,234.000,0.000,0.739,0.670,0.782,0.779,0.261,0.000,0.295,0.035,243.000,228.000,0.000,0.733,0.676,0.780,0.777,0.246,0.021,0.296,0.027,244.000,228.000,0.000,0.748,0.685,0.767,0.806,0.252,0.000,0.288,0.026
244,228,222,0.000,0.743,0.683,0.781,0.784,0.240,0.016,0.287,0.030,242.000,234.000,0.000,0.739,0.670,0.782,0.779,0.261,0.000,0.295,0.035,243.000,228.000,0.000,0.733,0.676,0.780,0.777,0.246,0.021,0.296,0.027,244.000,228.000,0.000,0.748,0.685,0.767,0.806,0.252,0.000,0.288,0.026
245,242,234,0.000,0.739,0.670,0.782,0.779,0.261,0.000,0.295,0.035,243.000,228.000,0.000,0.733,0.676,0.780,0.777,0.246,0.021,0.296,0.027,246.000,242.000,0.002,0.735,0.681,0.795,0.777,0.264,0.001,0.278,0.041,,,,,,,,,,,
246,242,234,0.000,0.739,0.670,0.782,0.779,0.261,0.000,0.295,0.035,243.000,228.000,0.000,0.733,0.676,0.780,0.777,0.246,0.021,0.296,0.027,247.000,242.000,0.000,0.743,0.669,0.769,0.769,0.247,0.010,0.308,0.023,,,,,,,,,,,
247,242,234,0.000,0.739,0.670,0.782,0.779,0.261,0.000,0.295,0.035,243.000,228.000,0.000,0.733,0.676,0.780,0.777,0.246,0.021,0.296,0.027,247.000,242.000,0.000,0.743,0.669,0.769,0.769,0.247,0.010,0.308,0.023,248.000,242.000,0.004,0.741,0.675,0.793,0.790,0.259,0.000,0.290,0.035
248,247,242,0.000,0.743,0.669,0.769,0.769,0.247,0.010,0.308,0.023,249.000,247.000,0.000,0.733,0.662,0.752,0.777,0.267,0.000,0.305,0.033,,,,,,,,,,,,,,,,,,,,,,
249,247,242,0.000,0.743,0.669,0.769,0.769,0.247,0.010,0.308,0.023,249.000,247.000,0.000,0.733,0.662,0.752,0.777,0.267,0.000,0.305,0.033,250.000,247.000,0.000,0.736,0.675,0.765,0.750,0.258,0.007,0.315,0.010,,,,,,,,,,,
250,247,242,0.000,0.743,0.669,0.769,0.769,0.247,0.010,0.308,0.023,249.000,247.000,0.000,0.733,0.662,0.752,0.777,0.267,0.000,0.305,0.033,250.000,247.000,0.000,0.736,0.675,0.765,0.750,0.258,0.007,0.315,0.010,251.000,247.000,0.002,0.739,0.671,0.782,0.758,0.261,0.000,0.311,0.018
251,247,242,0.000,0.743,0.669,0.769,0.769,0.247,0.010,0.308,0.023,249.000,247.000,0.000,0.733,0.662,0.752,0.777,0.267,0.000,0.305,0.033,250.000,247.000,0.000,0.736,0.675,0.765,0.750,0.258,0.007,0.315,0.010,251.000,247.000,0.002,0.739,0.671,0.782,0.758,0.261,0.000,0.311,0.018
252,247,242,0.000,0.743,0.669,0.769,0.769,0.247,0.010,0.308,0.023,249.000,247.000,0.000,0.733,0.662,0.752,0.777,0.267,0.000,0.305,0.033,250.000,247.000,0.000,0.736,0.675,0.765,0.750,0.258,0.007,0.315,0.010,251.000,247.000,0.002,0.739,0.671,0.782,0.758,0.261,0.000,0.311,0.018
253,247,242,0.000,0.743,0.669,0.769,0.769,0.247,0.010,0.308,0.023,249.000,247.000,0.000,0.733,0.662,0.752,0.777,0.267,0.000,0.305,0.033,250.000,247.000,0.000,0.736,0.675,0.765,0.750,0.258,0.007,0.315,0.010,251.000,247.000,0.002,0.739,0.671,0.782,0.758,0.261,0.000,0.311,0.018
254,247,242,0.000,0.743,0.669,0.769,0.769,0.247,0.010,0.308,0.023,249.000,247.000,0.000,0.733,0.662,0.752,0.777,0.267,0.000,0.305,0.033,250.000,247.000,0.000,0.736,0.675,0.765,0.750,0.258,0.007,0.315,0.010,251.000,247.000,0.002,0.739,0.671,0.782,0.758,0.261,0.000,0.311,0.018
255,249,247,0.000,0.733,0.662,0.752,0.777,0.267,0.000,0.305,0.033,250.000,247.000,0.000,0.736,0.675,0.765,0.750,0.258,0.007,0.315,0.010,254.000,252.000,0.000,0.721,0.684,0.792,0.757,0.279,0.000,0.316,0.000,256.000,255.000,0.003,0.734,0.705,0.793,0.764,0.254,0.013,0.295,0.000
256,249,247,0.000,0.733,0.662,0.752,0.777,0.267,0.000,0.305,0.033,250.000,247.000,0.000,0.736,0.675,0.765,0.750,0.258,0.007,0.315,0.010,254.000,252.000,0.000,0.721,0.684,0.792,0.757,0.279,0.000,0.316,0.000,257.000,249.000,0.004,0.732,0.658,0.763,0.770,0.268,0.000,0.303,0.039
257,249,247,0.000,0.733,0.662,0.752,0.777,0.267,0.000,0.305,0.033,250.000,247.000,0.000,0.736,0.675,0.765,0.750,0.258,0.007,0.315,0.010,254.000,252.000,0.000,0.721,0.684,0.792,0.757,0.279,0.000,0.316,0.000,257.000,249.000,0.004,0.732,0.658,0.763,0.770,0.268,0.000,0.303,0.039
258,249,247,0.000,0.733,0.662,0.752,0.777,0.267,0.000,0.305,0.033,254.000,252.000,0.000,0.721,0.684,0.792,0.757,0.279,0.000,0.316,0.000,257.000,249.000,0.004,0.732,0.658,0.763,0.770,0.268,0.000,0.303,0.039,258.000,250.000,0.005,0.731,0.679,0.763,0.771,0.245,0.024,0.318,0.002
259,249,247,0.000,0.733,0.662,0.752,0.777,0.267,0.000,0.305,0.033,259.000,258.000,0.000,0.753,0.671,0.762,0.776,0.230,0.018,0.322,0.006,,,,,,,,,,,,,,,,,,,,,,
260,249,247,0.000,0.733,0.662,0.752,0.777,0.267,0.000,0.305,0.033,259.000,258.000,0.000,0.753,0.671,0.762,0.776,0.230,0.018,0.322,0.006,261.000,259.000,0.007,0.775,0.652,0.748,0.788,0.223,0.002,0.332,0.016,,,,,,,,,,,
261,249,247,0.000,0.733,0.662,0.752,0.777,0.267,0.000,0.305,0.033,262.000,259.000,0.000,0.754,0.689,0.739,0.781,0.224,0.022,0.311,0.000,,,,,,,,,,,,,,,,,,,,,,
262,249,247,0.000,0.733,0.662,0.752,0.777,0.267,0.000,0.305,0.033,263.000,262.000,0.002,0.760,0.672,0.746,0.787,0.229,0.011,0.319,0.009,,,,,,,,,,,,,,,,,,,,,,
263,249,247,0.000,0.733,0.662,0.752,0.777,0.267,0.000,0.305,0.033,264.000,263.000,0.005,0.772,0.686,0.759,0.792,0.220,0.008,0.314,0.000,,,,,,,,,,,,,,,,,,,,,,
264,249,247,0.000,0.733,0.662,0.752,0.777,0.267,0.000,0.305,0.033,264.000,263.000,0.005,0.772,0.686,0.759,0.792,0.220,0.008,0.314,0.000,265.000,249.000,0.000,0.740,0.679,0.754,0.783,0.260,0.000,0.306,0.014,,,,,,,,,,,
265,249,247,0.000,0.733,0.662,0.752,0.777,0.267,0.000,0.305,0.033,265.000,249.000,0.000,0.740,0.679,0.754,0.783,0.260,0.000,0.306,0.014,266.000,264.000,0.005,0.778,0.685,0.754,0.787,0.210,0.013,0.315,0.000,,,,,,,,,,,
266,249,247,0.000,0.733,0.662,0.752,0.777,0.267,0.000,0.305,0.033,265.000,249.000,0.000,0.740,0.679,0.754,0.783,0.260,0.000,0.306,0.014,267.000,249.000,0.000,0.740,0.657,0.736,0.776,0.260,0.000,0.310,0.033,,,,,,,,,,,
267,249,247,0.000,0.733,0.662,0.752,0.777,0.267,0.000,0.305,0.033,267.000,249.000,0.000,0.740,0.657,0.736,0.776,0.260,0.000,0.310,0.033,,,,,,,,,,,,,,,,,,,,,,
268,249,247,0.000,0.733,0.662,0.752,0.777,0.267,0.000,0.305,0.033,269.000,249.000,0.000,0.735,0.666,0.739,0.786,0.257,0.008,0.296,0.039,,,,,,,,,,,,,,,,,,,,,,
269,249,247,0.000,0.733,0.662,0.752,0.777,0.267,0.000,0.305,0.033,269.000,249.000,0.000,0.735,0.666,0.739,0.786,0.257,0.008,0.296,0.039,270.000,269.000,0.000,0.732,0.663,0.744,0.780,0.255,0.013,0.285,0.052,,,,,,,,,,,
270,249,247,0.000,0.733,0.662,0.752,0.777,0.267,0.000,0.305,0.033,269.000,249.000,0.000,0.735,0.666,0.739,0.786,0.257,0.008,0.296,0.039,270.000,269.000,0.000,0.732,0.663,0.744,0.780,0.255,0.013,0.285,0.052,271.000,270.000,0.000,0.744,0.671,0.733,0.787,0.246,0.010,0.275,0.054
271,249,247,0.000,0.733,0.662,0.752,0.777,0.267,0.000,0.305,0.033,272.000,269.000,0.000,0.713,0.664,0.748,0.768,0.265,0.022,0.292,0.044,,,,,,,,,,,,,,,,,,,,,,
272,249,247,0.000,0.733,0.662,0.752,0.777,0.267,0.000,0.305,0.033,272.000,269.000,0.000,0.713,0.664,0.748,0.768,0.265,0.022,0.292,0.044,,,,,,,,,,,,,,,,,,,,,,
273,249,247,0.000,0.733,0.662,0.752,0.777,0.267,0.000,0.305,0.033,272.000,269.000,0.000,0.713,0.664,0.748,0.768,0.265,0.022,0.292,0.044,274.000,249.000,0.004,0.731,0.653,0.746,0.781,0.264,0.005,0.312,0.036,,,,,,,,,,,
274,249,247,0.000,0.733,0.662,0.752,0.777,0.267,0.000,0.305,0.033,272.000,269.000,0.000,0.713,0.664,0.748,0.768,0.265,0.022,0.292,0.044,274.000,249.000,0.004,0.731,0.653,0.746,0.781,0.264,0.005,0.312,0.036,275.000,249.000,0.002,0.727,0.663,0.743,0.769,0.273,0.000,0.319,0.018
275,249,247,0.000,0.733,0.662,0.752,0.777,0.267,0.000,0.305,0.033,272.000,269.000,0.000,0.713,0.664,0.748,0.768,0.265,0.022,0.292,0.044,275.000,249.000,0.002,0.727,0.663,0.743,0.769,0.273,0.000,0.319,0.018,276.000,249.000,0.000,0.732,0.657,0.762,0.773,0.264,0.004,0.314,0.028
276,249,247,0.000,0.733,0.662,0.752,0.777,0.267,0.000,0.305,0.033,272.000,269.000,0.000,0.713,0.664,0.748,0.768,0.265,0.022,0.292,0.044,275.000,249.000,0.002,0.727,0.663,0.743,0.769,0.273,0.000,0.319,0.018,276.000,249.000,0.000,0.732,0.657,0.762,0.773,0.264,0.004,0.314,0.028
277,249,247,0.000,0.733,0.662,0.752,0.777,0.267,0.000,0.305,0.033,272.000,269.000,0.000,0.713,0.664,0.748,0.768,0.265,0.022,0.292,0.044,275.000,249.000,0.002,0.727,0.663,0.743,0.769,0.273,0.000,0.319,0.018,276.000,249.000,0.000,0.732,0.657,0.762,0.773,0.264,0.004,0.314,0.028
278,249,247,0.000,0.733,0.662,0.752,0.777,0.267,0.000,0.305,0.033,272.000,269.000,0.000,0.713,0.664,0.748,0.768,0.265,0.022,0.292,0.044,275.000,249.000,0.002,0.727,0.663,0.743,0.769,0.273,0.000,0.319,0.018,276.000,249.000,0.000,0.732,0.657,0.762,0.773,0.264,0.004,0.314,0.028
279,249,247,0.000,0.733,0.662,0.752,0.777,0.267,0.000,0.305,0.033,272.000,269.000,0.000,0.713,0.664,0.748,0.768,0.265,0.022,0.292,0.044,275.000,249.000,0.002,0.727,0.663,0.743,0.769,0.273,0.000,0.319,0.018,276.000,249.000,0.000,0.732,0.657,0.762,0.773,0.264,0.004,0.314,0.028
280,249,247,0.000,0.733,0.662,0.752,0.777,0.267,0.000,0.305,0.033,276.000,249.000,0.000,0.732,0.657,0.762,0.773,0.264,0.004,0.314,0.028,280.000,249.000,0.000,0.717,0.665,0.746,0.777,0.269,0.014,0.289,0.046,,,,,,,,,,,
281,249,247,0.000,0.733,0.662,0.752,0.777,0.267,0.000,0.305,0.033,276.000,249.000,0.000,0.732,0.657,0.762,0.773,0.264,0.004,0.314,0.028,280.000,249.000,0.000,0.717,0.665,0.746,0.777,0.269,0.014,0.289,0.046,282.000,249.000,0.001,0.734,0.664,0.744,0.784,0.266,0.000,0.299,0.038
282,249,247,0.000,0.733,0.662,0.752,0.777,0.267,0.000,0.305,0.033,276.000,249.000,0.000,0.732,0.657,0.762,0.773,0.264,0.004,0.314,0.028,280.000,249.000,0.000,0.717,0.665,0.746,0.777,0.269,0.014,0.289,0.046,,,,,,,,,,,
283,249,247,0.000,0.733,0.662,0.752,0.777,0.267,0.000,0.305,0.033,276.000,249.000,0.000,0.732,0.657,0.762,0.773,0.264,0.004,0.314,0.028,280.000,249.000,0.000,0.717,0.665,0.746,0.777,0.269,0.014,0.289,0.046,284.000,276.000,0.000,0.751,0.648,0.756,0.787,0.249,0.000,0.310,0.041
284,249,247,0.000,0.733,0.662,0.752,0.777,0.267,0.000,0.305,0.033,276.000,249.000,0.000,0.732,0.657,0.762,0.773,0.264,0.004,0.314,0.028,280.000,249.000,0.000,0.717,0.665,0.746,0.777,0.269,0.014,0.289,0.046,285.000,280.000,0.000,0.716,0.669,0.728,0.784,0.279,0.004,0.270,0.060
285,276,249,0.000,0.732,0.657,0.762,0.773,0.264,0.004,0.314,0.028,286.000,280.000,0.000,0.707,0.659,0.734,0.797,0.293,0.000,0.295,0.046,,,,,,,,,,,,,,,,,,,,,,
286,276,249,0.000,0.732,0.657,0.762,0.773,0.264,0.004,0.314,0.028,286.000,280.000,0.000,0.707,0.659,0.734,0.797,0.293,0.000,0.295,0.046,287.000,276.000,0.000,0.740,0.647,0.760,0.779,0.254,0.006,0.308,0.045,,,,,,,,,,,
287,276,249,0.000,0.732,0.657,0.762,0.773,0.264,0.004,0.314,0.028,286.000,280.000,0.000,0.707,0.659,0.734,0.797,0.293,0.000,0.295,0.046,287.000,276.000,0.000,0.740,0.647,0.760,0.779,0.254,0.006,0.308,0.045,,,,,,,,,,,
288,276,249,0.000,0.732,0.657,0.762,0.773,0.264,0.004,0.314,0.028,286.000,280.000,0.000,0.707,0.659,0.734,0.797,0.293,0.000,0.295,0.046,287.000,276.000,0.000,0.740,0.647,0.760,0.779,0.254,0.006,0.308,0.045,289.000,287.000,0.000,0.753,0.657,0.754,0.783,0.244,0.003,0.296,0.046
289,276,249,0.000,0.732,0.657,0.762,0.773,0.264,0.004,0.314,0.028,286.000,280.000,0.000,0.707,0.659,0.734,0.797,0.293,0.000,0.295,0.046,287.000,276.000,0.000,0.740,0.647,0.760,0.779,0.254,0.006,0.308,0.045,289.000,287.000,0.000,0.753,0.657,0.754,0.783,0.244,0.003,0.296,0.046
290,276,249,0.000,0.732,0.657,0.762,0.773,0.264,0.004,0.314,0.028,286.000,280.000,0.000,0.707,0.659,0.734,0.797,0.293,0.000,0.295,0.046,289.000,287.000,0.000,0.753,0.657,0.754,0.783,0.244,0.003,0.296,0.046,290.000,289.000,0.001,0.744,0.663,0.752,0.789,0.252,0.004,0.275,0.062
291,276,249,0.000,0.732,0.657,0.762,0.773,0.264,0.004,0.314,0.028,286.000,280.000,0.000,0.707,0.659,0.734,0.797,0.293,0.000,0.295,0.046,289.000,287.000,0.000,0.753,0.657,0.754,0.783,0.244,0.003,0.296,0.046,290.000,289.000,0.001,0.744,0.663,0.752,0.789,0.252,0.004,0.275,0.062
292,276,249,0.000,0.732,0.657,0.762,0.773,0.264,0.004,0.314,0.028,286.000,280.000,0.000,0.707,0.659,0.734,0.797,0.293,0.000,0.295,0.046,289.000,287.000,0.000,0.753,0.657,0.754,0.783,0.244,0.003,0.296,0.046,292.000,289.000,0.001,0.762,0.665,0.757,0.792,0.238,0.000,0.289,0.046
293,276,249,0.000,0.732,0.657,0.762,0.773,0.264,0.004,0.314,0.028,286.000,280.000,0.000,0.707,0.659,0.734,0.797,0.293,0.000,0.295,0.046,289.000,287.000,0.000,0.753,0.657,0.754,0.783,0.244,0.003,0.296,0.046,292.000,289.000,0.001,0.762,0.665,0.757,0.792,0.238,0.000,0.289,0.046
294,276,249,0.000,0.732,0.657,0.762,0.773,0.264,0.004,0.314,0.028,286.000,280.000,0.000,0.707,0.659,0.734,0.797,0.293,0.000,0.295,0.046,295.000,294.000,0.003,0.731,0.665,0.772,0.800,0.269,0.000,0.316,0.019,,,,,,,,,,,
295,276,249,0.000,0.732,0.657,0.762,0.773,0.264,0.004,0.314,0.028,286.000,280.000,0.000,0.707,0.659,0.734,0.797,0.293,0.000,0.295,0.046,,,,,,,,,,,,,,,,,,,,,,
296,276,249,0.000,0.732,0.657,0.762,0.773,0.264,0.004,0.314,0.028,286.000,280.000,0.000,0.707,0.659,0.734,0.797,0.293,0.000,0.295,0.046,,,,,,,,,,,,,,,,,,,,,,
297,276,249,0.000,0.732,0.657,0.762,0.773,0.264,0.004,0.314,0.028,286.000,280.000,0.000,0.707,0.659,0.734,0.797,0.293,0.000,0.295,0.046,298.000,276.000,0.000,0.735,0.659,0.761,0.768,0.256,0.009,0.299,0.042,,,,,,,,,,,
298,276,249,0.000,0.732,0.657,0.762,0.773,0.264,0.004,0.314,0.028,286.000,280.000,0.000,0.707,0.659,0.734,0.797,0.293,0.000,0.295,0.046,,,,,,,,,,,,,,,,,,,,,,
299,276,249,0.000,0.732,0.657,0.762,0.773,0.264,0.004,0.314,0.028,286.000,280.000,0.000,0.707,0.659,0.734,0.797,0.293,0.000,0.295,0.046,300.000,286.000,0.000,0.715,0.654,0.734,0.800,0.284,0.001,0.298,0.048,,,,,,,,,,,
300,276,249,0.000,0.732,0.657,0.762,0.773,0.264,0.004,0.314,0.028,286.000,280.000,0.000,0.707,0.659,0.734,0.797,0.293,0.000,0.295,0.046,300.000,286.000,0.000,0.715,0.654,0.734,0.800,0.284,0.001,0.298,0.048,301.000,276.000,0.001,0.724,0.652,0.764,0.771,0.276,0.000,0.314,0.034
301,276,249,0.000,0.732,0.657,0.762,0.773,0.264,0.004,0.314,0.028,300.000,286.000,0.000,0.715,0.654,0.734,0.800,0.284,0.001,0.298,0.048,301.000,276.000,0.001,0.724,0.652,0.764,0.771,0.276,0.000,0.314,0.034,302.000,300.000,0.002,0.715,0.678,0.724,0.816,0.273,0.012,0.280,0.042
302,276,249,0.000,0.732,0.657,0.762,0.773,0.264,0.004,0.314,0.028,300.000,286.000,0.000,0.715,0.654,0.734,0.800,0.284,0.001,0.298,0.048,301.000,276.000,0.001,0.724,0.652,0.764,0.771,0.276,0.000,0.314,0.034,302.000,300.000,0.002,0.715,0.678,0.724,0.816,0.273,0.012,0.280,0.042
303,276,249,0.000,0.732,0.657,0.762,0.773,0.264,0.004,0.314,0.028,300.000,286.000,0.000,0.715,0.654,0.734,0.800,0.284,0.001,0.298,0.048,301.000,276.000,0.001,0.724,0.652,0.764,0.771,0.276,0.000,0.314,0.034,302.000,300.000,0.002,0.715,0.678,0.724,0.816,0.273,0.012,0.280,0.042
304,276,249,0.000,0.732,0.657,0.762,0.773,0.264,0.004,0.314,0.028,301.000,276.000,0.001,0.724,0.652,0.764,0.771,0.276,0.000,0.314,0.034,302.000,300.000,0.002,0.715,0.678,0.724,0.816,0.273,0.012,0.280,0.042,305.000,276.000,0.000,0.735,0.671,0.761,0.754,0.260,0.005,0.292,0.036
305,276,249,0.000,0.732,0.657,0.762,0.773,0.264,0.004,0.314,0.028,305.000,276.000,0.000,0.735,0.671,0.761,0.754,0.260,0.005,0.292,0.036,306.000,276.000,0.000,0.735,0.659,0.766,0.768,0.265,0.000,0.314,0.027,,,,,,,,,,,
306,276,249,0.000,0.732,0.657,0.762,0.773,0.264,0.004,0.314,0.028,305.000,276.000,0.000,0.735,0.671,0.761,0.754,0.260,0.005,0.292,0.036,306.000,276.000,0.000,0.735,0.659,0.766,0.768,0.265,0.000,0.314,0.027,307.000,306.000,0.000,0.717,0.654,0.754,0.745,0.264,0.019,0.318,0.028
307,276,249,0.000,0.732,0.657,0.762,0.773,0.264,0.004,0.314,0.028,307.000,306.000,0.000,0.717,0.654,0.754,0.745,0.264,0.019,0.318,0.028,308.000,307.000,0.000,0.732,0.657,0.745,0.734,0.254,0.014,0.316,0.026,,,,,,,,,,,
308,276,249,0.000,0.732,0.657,0.762,0.773,0.264,0.004,0.314,0.028,307.000,306.000,0.000,0.717,0.654,0.754,0.745,0.264,0.019,0.318,0.028,308.000,307.000,0.000,0.732,0.657,0.745,0.734,0.254,0.014,0.316,0.026,309.000,308.000,0.005,0.732,0.672,0.737,0.717,0.243,0.024,0.317,0.011
309,276,249,0.000,0.732,0.657,0.762,0.773,0.264,0.004,0.314,0.028,307.000,306.000,0.000,0.717,0.654,0.754,0.745,0.264,0.019,0.318,0.028,310.000,308.000,0.001,0.743,0.661,0.750,0.730,0.249,0.008,0.314,0.025,,,,,,,,,,,
310,276,249,0.000,0.732,0.657,0.762,0.773,0.264,0.004,0.314,0.028,307.000,306.000,0.000,0.717,0.654,0.754,0.745,0.264,0.019,0.318,0.028,310.000,308.000,0.001,0.743,0.661,0.750,0.730,0.249,0.008,0.314,0.025,311.000,307.000,0.005,0.728,0.650,0.762,0.739,0.271,0.001,0.326,0.024
311,276,249,0.000,0.732,0.657,0.762,0.773,0.264,0.004,0.314,0.028,307.000,306.000,0.000,0.717,0.654,0.754,0.745,0.264,0.019,0.318,0.028,311.000,307.000,0.005,0.728,0.650,0.762,0.739,0.271,0.001,0.326,0.024,,,,,,,,,,,
312,276,249,0.000,0.732,0.657,0.762,0.773,0.264,0.004,0.314,0.028,307.000,306.000,0.000,0.717,0.654,0.754,0.745,0.264,0.019,0.318,0.028,313.000,311.000,0.003,0.738,0.642,0.766,0.730,0.262,0.000,0.321,0.037,,,,,,,,,,,
313,276,249,0.000,0.732,0.657,0.762,0.773,0.264,0.004,0.314,0.028,307.000,306.000,0.000,0.717,0.654,0.754,0.745,0.264,0.019,0.318,0.028,313.000,311.000,0.003,0.738,0.642,0.766,0.730,0.262,0.000,0.321,0.037,314.000,276.000,0.004,0.734,0.656,0.764,0.758,0.266,0.000,0.317,0.027
314,276,249,0.000,0.732,0.657,0.762,0.773,0.264,0.004,0.314,0.028,307.000,306.000,0.000,0.717,0.654,0.754,0.745,0.264,0.019,0.318,0.028,313.000,311.000,0.003,0.738,0.642,0.766,0.730,0.262,0.000,0.321,0.037,314.000,276.000,0.004,0.734,0.656,0.764,0.758,0.266,0.000,0.317,0.027
315,276,249,0.000,0.732,0.657,0.762,0.773,0.264,0.004,0.314,0.028,307.000,306.000,0.000,0.717,0.654,0.754,0.745,0.264,0.019,0.318,0.028,315.000,276.000,0.000,0.728,0.656,0.763,0.777,0.259,0.013,0.305,0.039,316.000,313.000,0.000,0.741,0.658,0.760,0.742,0.259,0.000,0.318,0.024
316,276,249,0.000,0.732,0.657,0.762,0.773,0.264,0.004,0.314,0.028,307.000,306.000,0.000,0.717,0.654,0.754,0.745,0.264,0.019,0.318,0.028,315.000,276.000,0.000,0.728,0.656,0.763,0.777,0.259,0.013,0.305,0.039,316.000,313.000,0.000,0.741,0.658,0.760,0.742,0.259,0.000,0.318,0.024
317,307,306,0.000,0.717,0.654,0.754,0.745,0.264,0.019,0.318,0.028,316.000,313.000,0.000,0.741,0.658,0.760,0.742,0.259,0.000,0.318,0.024,317.000,276.000,0.003,0.726,0.663,0.758,0.766,0.263,0.011,0.307,0.030,318.000,317.000,0.000,0.730,0.686,0.758,0.779,0.264,0.005,0.295,0.019
318,307,306,0.000,0.717,0.654,0.754,0.745,0.264,0.019,0.318,0.028,316.000,313.000,0.000,0.741,0.658,0.760,0.742,0.259,0.000,0.318,0.024,317.000,276.000,0.003,0.726,0.663,0.758,0.766,0.263,0.011,0.307,0.030,318.000,317.000,0.000,0.730,0.686,0.758,0.779,0.264,0.005,0.295,0.019
319,307,306,0.000,0.717,0.654,0.754,0.745,0.264,0.019,0.318,0.028,318.000,317.000,0.000,0.730,0.686,0.758,0.779,0.264,0.005,0.295,0.019,319.000,316.000,0.002,0.730,0.662,0.776,0.747,0.270,0.000,0.328,0.010,320.000,316.000,0.000,0.740,0.671,0.758,0.745,0.257,0.002,0.326,0.003
320,307,306,0.000,0.717,0.654,0.754,0.745,0.264,0.019,0.318,0.028,318.000,317.000,0.000,0.730,0.686,0.758,0.779,0.264,0.005,0.295,0.019,319.000,316.000,0.002,0.730,0.662,0.776,0.747,0.270,0.000,0.328,0.010,320.000,316.000,0.000,0.740,0.671,0.758,0.745,0.257,0.002,0.326,0.003
321,307,306,0.000,0.717,0.654,0.754,0.745,0.264,0.019,0.318,0.028,319.000,316.000,0.002,0.730,0.662,0.776,0.747,0.270,0.000,0.328,0.010,320.000,316.000,0.000,0.740,0.671,0.758,0.745,0.257,0.002,0.326,0.003,321.000,318.000,0.000,0.745,0.681,0.758,0.783,0.255,0.000,0.290,0.030
322,307,306,0.000,0.717,0.654,0.754,0.745,0.264,0.019,0.318,0.028,319.000,316.000,0.002,0.730,0.662,0.776,0.747,0.270,0.000,0.328,0.010,320.000,316.000,0.000,0.740,0.671,0.758,0.745,0.257,0.002,0.326,0.003,321.000,318.000,0.000,0.745,0.681,0.758,0.783,0.255,0.000,0.290,0.030
323,307,306,0.000,0.717,0.654,0.754,0.745,0.264,0.019,0.318,0.028,323.000,307.000,0.000,0.705,0.641,0.754,0.749,0.272,0.024,0.314,0.045,324.000,320.000,0.006,0.719,0.689,0.763,0.729,0.281,0.000,0.311,0.000,,,,,,,,,,,
324,307,306,0.000,0.717,0.654,0.754,0.745,0.264,0.019,0.318,0.028,323.000,307.000,0.000,0.705,0.641,0.754,0.749,0.272,0.024,0.314,0.045,325.000,324.000,0.005,0.702,0.682,0.779,0.740,0.292,0.005,0.318,0.000,,,,,,,,,,,
325,307,306,0.000,0.717,0.654,0.754,0.745,0.264,0.019,0.318,0.028,323.000,307.000,0.000,0.705,0.641,0.754,0.749,0.272,0.024,0.314,0.045,,,,,,,,,,,,,,,,,,,,,,
326,307,306,0.000,0.717,0.654,0.754,0.745,0.264,0.019,0.318,0.028,323.000,307.000,0.000,0.705,0.641,0.754,0.749,0.272,0.024,0.314,0.045,327.000,307.000,0.000,0.723,0.648,0.760,0.741,0.250,0.028,0.330,0.022,,,,,,,,,,,
327,307,306,0.000,0.717,0.654,0.754,0.745,0.264,0.019,0.318,0.028,323.000,307.000,0.000,0.705,0.641,0.754,0.749,0.272,0.024,0.314,0.045,327.000,307.000,0.000,0.723,0.648,0.760,0.741,0.250,0.028,0.330,0.022,328.000,323.000,0.000,0.692,0.654,0.755,0.757,0.269,0.039,0.309,0.037
328,307,306,0.000,0.717,0.654,0.754,0.745,0.264,0.019,0.318,0.028,323.000,307.000,0.000,0.705,0.641,0.754,0.749,0.272,0.024,0.314,0.045,327.000,307.000,0.000,0.723,0.648,0.760,0.741,0.250,0.028,0.330,0.022,328.000,323.000,0.000,0.692,0.654,0.755,0.757,0.269,0.039,0.309,0.037
329,307,306,0.000,0.717,0.654,0.754,0.745,0.264,0.019,0.318,0.028,323.000,307.000,0.000,0.705,0.641,0.754,0.749,0.272,0.024,0.314,0.045,327.000,307.000,0.000,0.723,0.648,0.760,0.741,0.250,0.028,0.330,0.022,328.000,323.000,0.000,0.692,0.654,0.755,0.757,0.269,0.039,0.309,0.037
330,307,306,0.000,0.717,0.654,0.754,0.745,0.264,0.019,0.318,0.028,323.000,307.000,0.000,0.705,0.641,0.754,0.749,0.272,0.024,0.314,0.045,331.000,323.000,0.000,0.683,0.653,0.783,0.735,0.283,0.034,0.305,0.042,,,,,,,,,,,
331,307,306,0.000,0.717,0.654,0.754,0.745,0.264,0.019,0.318,0.028,323.000,307.000,0.000,0.705,0.641,0.754,0.749,0.272,0.024,0.314,0.045,331.000,323.000,0.000,0.683,0.653,0.783,0.735,0.283,0.034,0.305,0.042,332.000,331.000,0.000,0.692,0.679,0.785,0.729,0.273,0.036,0.304,0.017
332,307,306,0.000,0.717,0.654,0.754,0.745,0.264,0.019,0.318,0.028,323.000,307.000,0.000,0.705,0.641,0.754,0.749,0.272,0.024,0.314,0.045,331.000,323.000,0.000,0.683,0.653,0.783,0.735,0.283,0.034,0.305,0.042,332.000,331.000,0.000,0.692,0.679,0.785,0.729,0.273,0.036,0.304,0.017
333,307,306,0.000,0.717,0.654,0.754,0.745,0.264,0.019,0.318,0.028,323.000,307.000,0.000,0.705,0.641,0.754,0.749,0.272,0.024,0.314,0.045,331.000,323.000,0.000,0.683,0.653,0.783,0.735,0.283,0.034,0.305,0.042,332.000,331.000,0.000,0.692,0.679,0.785,0.729,0.273,0.036,0.304,0.017
334,307,306,0.000,0.717,0.654,0.754,0.745,0.264,0.019,0.318,0.028,323.000,307.000,0.000,0.705,0.641,0.754,0.749,0.272,0.024,0.314,0.045,334.000,333.000,0.000,0.662,0.633,0.778,0.744,0.295,0.042,0.309,0.059,,,,,,,,,,,
335,323,307,0.000,0.705,0.641,0.754,0.749,0.272,0.024,0.314,0.045,334.000,333.000,0.000,0.662,0.633,0.778,0.744,0.295,0.042,0.309,0.059,,,,,,,,,,,,,,,,,,,,,,
336,323,307,0.000,0.705,0.641,0.754,0.749,0.272,0.024,0.314,0.045,334.000,333.000,0.000,0.662,0.633,0.778,0.744,0.295,0.042,0.309,0.059,337.000,323.000,0.000,0.707,0.633,0.742,0.746,0.280,0.013,0.317,0.050,,,,,,,,,,,
337,323,307,0.000,0.705,0.641,0.754,0.749,0.272,0.024,0.314,0.045,334.000,333.000,0.000,0.662,0.633,0.778,0.744,0.295,0.042,0.309,0.059,337.000,323.000,0.000,0.707,0.633,0.742,0.746,0.280,0.013,0.317,0.050,338.000,323.000,0.000,0.697,0.633,0.746,0.749,0.282,0.022,0.320,0.047
338,334,333,0.000,0.662,0.633,0.778,0.744,0.295,0.042,0.309,0.059,337.000,323.000,0.000,0.707,0.633,0.742,0.746,0.280,0.013,0.317,0.050,338.000,323.000,0.000,0.697,0.633,0.746,0.749,0.282,0.022,0.320,0.047,339.000,338.000,0.009,0.708,0.618,0.761,0.731,0.274,0.019,0.322,0.060
339,334,333,0.000,0.662,0.633,0.778,0.744,0.295,0.042,0.309,0.059,337.000,323.000,0.000,0.707,0.633,0.742,0.746,0.280,0.013,0.317,0.050,338.000,323.000,0.000,0.697,0.633,0.746,0.749,0.282,0.022,0.320,0.047,340.000,339.000,0.005,0.715,0.606,0.760,0.733,0.267,0.018,0.325,0.069
340,334,333,0.000,0.662,0.633,0.778,0.744,0.295,0.042,0.309,0.059,337.000,323.000,0.000,0.707,0.633,0.742,0.746,0.280,0.013,0.317,0.050,338.000,323.000,0.000,0.697,0.633,0.746,0.749,0.282,0.022,0.320,0.047,,,,,,,,,,,
341,337,323,0.000,0.707,0.633,0.742,0.746,0.280,0.013,0.317,0.050,338.000,323.000,0.000,0.697,0.633,0.746,0.749,0.282,0.022,0.320,0.047,342.000,338.000,0.000,0.708,0.627,0.727,0.740,0.281,0.011,0.318,0.055,,,,,,,,,,,
342,338,323,0.000,0.697,0.633,0.746,0.749,0.282,0.022,0.320,0.047,342.000,338.000,0.000,0.708,0.627,0.727,0.740,0.281,0.011,0.318,0.055,,,,,,,,,,,,,,,,,,,,,,
343,338,323,0.000,0.697,0.633,0.746,0.749,0.282,0.022,0.320,0.047,342.000,338.000,0.000,0.708,0.627,0.727,0.740,0.281,0.011,0.318,0.055,344.000,338.000,0.000,0.702,0.628,0.753,0.762,0.280,0.018,0.330,0.042,,,,,,,,,,,
344,338,323,0.000,0.697,0.633,0.746,0.749,0.282,0.022,0.320,0.047,344.000,338.000,0.000,0.702,0.628,0.753,0.762,0.280,0.018,0.330,0.042,,,,,,,,,,,,,,,,,,,,,,
345,338,323,0.000,0.697,0.633,0.746,0.749,0.282,0.022,0.320,0.047,344.000,338.000,0.000,0.702,0.628,0.753,0.762,0.280,0.018,0.330,0.042,346.000,344.000,0.001,0.703,0.630,0.752,0.767,0.283,0.014,0.327,0.044,,,,,,,,,,,
346,338,323,0.000,0.697,0.633,0.746,0.749,0.282,0.022,0.320,0.047,344.000,338.000,0.000,0.702,0.628,0.753,0.762,0.280,0.018,0.330,0.042,346.000,344.000,0.001,0.703,0.630,0.752,0.767,0.283,0.014,0.327,0.044,,,,,,,,,,,
347,338,323,0.000,0.697,0.633,0.746,0.749,0.282,0.022,0.320,0.047,344.000,338.000,0.000,0.702,0.628,0.753,0.762,0.280,0.018,0.330,0.042,346.000,344.000,0.001,0.703,0.630,0.752,0.767,0.283,0.014,0.327,0.044,,,,,,,,,,,
348,338,323,0.000,0.697,0.633,0.746,0.749,0.282,0.022,0.320,0.047,344.000,338.000,0.000,0.702,0.628,0.753,0.762,0.280,0.018,0.330,0.042,346.000,344.000,0.001,0.703,0.630,0.752,0.767,0.283,0.014,0.327,0.044,349.000,338.000,0.000,0.709,0.636,0.742,0.766,0.278,0.013,0.322,0.041
349,338,323,0.000,0.697,0.633,0.746,0.749,0.282,0.022,0.320,0.047,344.000,338.000,0.000,0.702,0.628,0.753,0.762,0.280,0.018,0.330,0.042,346.000,344.000,0.001,0.703,0.630,0.752,0.767,0.283,0.014,0.327,0.044,349.000,338.000,0.000,0.709,0.636,0.742,0.766,0.278,0.013,0.322,0.041
350,338,323,0.000,0.697,0.633,0.746,0.749,0.282,0.022,0.320,0.047,344.000,338.000,0.000,0.702,0.628,0.753,0.762,0.280,0.018,0.330,0.042,346.000,344.000,0.001,0.703,0.630,0.752,0.767,0.283,0.014,0.327,0.044,349.000,338.000,0.000,0.709,0.636,0.742,0.766,0.278,0.013,0.322,0.041
351,338,323,0.000,0.697,0.633,0.746,0.749,0.282,0.022,0.320,0.047,344.000,338.000,0.000,0.702,0.628,0.753,0.762,0.280,0.018,0.330,0.042,349.000,338.000,0.000,0.709,0.636,0.742,0.766,0.278,0.013,0.322,0.041,352.000,346.000,0.001,0.706,0.624,0.765,0.754,0.274,0.021,0.329,0.048
352,338,323,0.000,0.697,0.633,0.746,0.749,0.282,0.022,0.320,0.047,344.000,338.000,0.000,0.702,0.628,0.753,0.762,0.280,0.018,0.330,0.042,349.000,338.000,0.000,0.709,0.636,0.742,0.766,0.278,0.013,0.322,0.041,352.000,346.000,0.001,0.706,0.624,0.765,0.754,0.274,0.021,0.329,0.048
353,338,323,0.000,0.697,0.633,0.746,0.749,0.282,0.022,0.320,0.047,344.000,338.000,0.000,0.702,0.628,0.753,0.762,0.280,0.018,0.330,0.042,349.000,338.000,0.000,0.709,0.636,0.742,0.766,0.278,0.013,0.322,0.041,352.000,346.000,0.001,0.706,0.624,0.765,0.754,0.274,0.021,0.329,0.048
354,338,323,0.000,0.697,0.633,0.746,0.749,0.282,0.022,0.320,0.047,344.000,338.000,0.000,0.702,0.628,0.753,0.762,0.280,0.018,0.330,0.042,349.000,338.000,0.000,0.709,0.636,0.742,0.766,0.278,0.013,0.322,0.041,354.000,352.000,0.000,0.710,0.631,0.756,0.755,0.274,0.016,0.315,0.054
355,338,323,0.000,0.697,0.633,0.746,0.749,0.282,0.022,0.320,0.047,344.000,338.000,0.000,0.702,0.628,0.753,0.762,0.280,0.018,0.330,0.042,349.000,338.000,0.000,0.709,0.636,0.742,0.766,0.278,0.013,0.322,0.041,354.000,352.000,0.000,0.710,0.631,0.756,0.755,0.274,0.016,0.315,0.054
356,338,323,0.000,0.697,0.633,0.746,0.749,0.282,0.022,0.320,0.047,344.000,338.000,0.000,0.702,0.628,0.753,0.762,0.280,0.018,0.330,0.042,349.000,338.000,0.000,0.709,0.636,0.742,0.766,0.278,0.013,0.322,0.041,354.000,352.000,0.000,0.710,0.631,0.756,0.755,0.274,0.016,0.315,0.054
357,344,338,0.000,0.702,0.628,0.753,0.762,0.280,0.018,0.330,0.042,358.000,356.000,0.000,0.698,0.632,0.731,0.755,0.288,0.014,0.338,0.030,,,,,,,,,,,,,,,,,,,,,,
358,344,338,0.000,0.702,0.628,0.753,0.762,0.280,0.018,0.330,0.042,358.000,356.000,0.000,0.698,0.632,0.731,0.755,0.288,0.014,0.338,0.030,359.000,344.000,0.000,0.703,0.625,0.722,0.760,0.273,0.024,0.337,0.038,,,,,,,,,,,
359,344,338,0.000,0.702,0.628,0.753,0.762,0.280,0.018,0.330,0.042,358.000,356.000,0.000,0.698,0.632,0.731,0.755,0.288,0.014,0.338,0.030,359.000,344.000,0.000,0.703,0.625,0.722,0.760,0.273,0.024,0.337,0.038,360.000,358.000,0.000,0.710,0.632,0.729,0.757,0.280,0.010,0.342,0.026
360,344,338,0.000,0.702,0.628,0.753,0.762,0.280,0.018,0.330,0.042,358.000,356.000,0.000,0.698,0.632,0.731,0.755,0.288,0.014,0.338,0.030,359.000,344.000,0.000,0.703,0.625,0.722,0.760,0.273,0.024,0.337,0.038,360.000,358.000,0.000,0.710,0.632,0.729,0.757,0.280,0.010,0.342,0.026
361,344,338,0.000,0.702,0.628,0.753,0.762,0.280,0.018,0.330,0.042,358.000,356.000,0.000,0.698,0.632,0.731,0.755,0.288,0.014,0.338,0.030,359.000,344.000,0.000,0.703,0.625,0.722,0.760,0.273,0.024,0.337,0.038,360.000,358.000,0.000,0.710,0.632,0.729,0.757,0.280,0.010,0.342,0.026
362,344,338,0.000,0.702,0.628,0.753,0.762,0.280,0.018,0.330,0.042,358.000,356.000,0.000,0.698,0.632,0.731,0.755,0.288,0.014,0.338,0.030,359.000,344.000,0.000,0.703,0.625,0.722,0.760,0.273,0.024,0.337,0.038,360.000,358.000,0.000,0.710,0.632,0.729,0.757,0.280,0.010,0.342,0.026
363,344,338,0.000,0.702,0.628,0.753,0.762,0.280,0.018,0.330,0.042,358.000,356.000,0.000,0.698,0.632,0.731,0.755,0.288,0.014,0.338,0.030,360.000,358.000,0.000,0.710,0.632,0.729,0.757,0.280,0.010,0.342,0.026,362.000,359.000,0.000,0.677,0.611,0.737,0.767,0.285,0.037,0.334,0.055
364,358,356,0.000,0.698,0.632,0.731,0.755,0.288,0.014,0.338,0.030,360.000,358.000,0.000,0.710,0.632,0.729,0.757,0.280,0.010,0.342,0.026,362.000,359.000,0.000,0.677,0.611,0.737,0.767,0.285,0.037,0.334,0.055,363.000,359.000,0.002,0.707,0.632,0.727,0.742,0.282,0.011,0.325,0.043
365,358,356,0.000,0.698,0.632,0.731,0.755,0.288,0.014,0.338,0.030,360.000,358.000,0.000,0.710,0.632,0.729,0.757,0.280,0.010,0.342,0.026,362.000,359.000,0.000,0.677,0.611,0.737,0.767,0.285,0.037,0.334,0.055,363.000,359.000,0.002,0.707,0.632,0.727,0.742,0.282,0.011,0.325,0.043
366,358,356,0.000,0.698,0.632,0.731,0.755,0.288,0.014,0.338,0.030,360.000,358.000,0.000,0.710,0.632,0.729,0.757,0.280,0.010,0.342,0.026,365.000,344.000,0.000,0.691,0.628,0.745,0.762,0.290,0.019,0.329,0.043,367.000,358.000,0.000,0.699,0.638,0.741,0.751,0.273,0.028,0.334,0.027
367,358,356,0.000,0.698,0.632,0.731,0.755,0.288,0.014,0.338,0.030,360.000,358.000,0.000,0.710,0.632,0.729,0.757,0.280,0.010,0.342,0.026,365.000,344.000,0.000,0.691,0.628,0.745,0.762,0.290,0.019,0.329,0.043,367.000,358.000,0.000,0.699,0.638,0.741,0.751,0.273,0.028,0.334,0.027
368,358,356,0.000,0.698,0.632,0.731,0.755,0.288,0.014,0.338,0.030,360.000,358.000,0.000,0.710,0.632,0.729,0.757,0.280,0.010,0.342,0.026,365.000,344.000,0.000,0.691,0.628,0.745,0.762,0.290,0.019,0.329,0.043,367.000,358.000,0.000,0.699,0.638,0.741,0.751,0.273,0.028,0.334,0.027
369,358,356,0.000,0.698,0.632,0.731,0.755,0.288,0.014,0.338,0.030,360.000,358.000,0.000,0.710,0.632,0.729,0.757,0.280,0.010,0.342,0.026,365.000,344.000,0.000,0.691,0.628,0.745,0.762,0.290,0.019,0.329,0.043,367.000,358.000,0.000,0.699,0.638,0.741,0.751,0.273,0.028,0.334,0.027
370,358,356,0.000,0.698,0.632,0.731,0.755,0.288,0.014,0.338,0.030,360.000,358.000,0.000,0.710,0.632,0.729,0.757,0.280,0.010,0.342,0.026,365.000,344.000,0.000,0.691,0.628,0.745,0.762,0.290,0.019,0.329,0.043,367.000,358.000,0.000,0.699,0.638,0.741,0.751,0.273,0.028,0.334,0.027
371,358,356,0.000,0.698,0.632,0.731,0.755,0.288,0.014,0.338,0.030,360.000,358.000,0.000,0.710,0.632,0.729,0.757,0.280,0.010,0.342,0.026,365.000,344.000,0.000,0.691,0.628,0.745,0.762,0.290,0.019,0.329,0.043,367.000,358.000,0.000,0.699,0.638,0.741,0.751,0.273,0.028,0.334,0.027
372,358,356,0.000,0.698,0.632,0.731,0.755,0.288,0.014,0.338,0.030,360.000,358.000,0.000,0.710,0.632,0.729,0.757,0.280,0.010,0.342,0.026,365.000,344.000,0.000,0.691,0.628,0.745,0.762,0.290,0.019,0.329,0.043,367.000,358.000,0.000,0.699,0.638,0.741,0.751,0.273,0.028,0.334,0.027
373,358,356,0.000,0.698,0.632,0.731,0.755,0.288,0.014,0.338,0.030,360.000,358.000,0.000,0.710,0.632,0.729,0.757,0.280,0.010,0.342,0.026,365.000,344.000,0.000,0.691,0.628,0.745,0.762,0.290,0.019,0.329,0.043,367.000,358.000,0.000,0.699,0.638,0.741,0.751,0.273,0.028,0.334,0.027
374,358,356,0.000,0.698,0.632,0.731,0.755,0.288,0.014,0.338,0.030,360.000,358.000,0.000,0.710,0.632,0.729,0.757,0.280,0.010,0.342,0.026,365.000,344.000,0.000,0.691,0.628,0.745,0.762,0.290,0.019,0.329,0.043,367.000,358.000,0.000,0.699,0.638,0.741,0.751,0.273,0.028,0.334,0.027
375,358,356,0.000,0.698,0.632,0.731,0.755,0.288,0.014,0.338,0.030,365.000,344.000,0.000,0.691,0.628,0.745,0.762,0.290,0.019,0.329,0.043,372.000,365.000,0.002,0.689,0.631,0.735,0.767,0.283,0.029,0.333,0.037,374.000,365.000,0.000,0.691,0.635,0.742,0.756,0.286,0.023,0.336,0.029
376,358,356,0.000,0.698,0.632,0.731,0.755,0.288,0.014,0.338,0.030,377.000,358.000,0.000,0.686,0.618,0.722,0.746,0.300,0.014,0.347,0.035,,,,,,,,,,,,,,,,,,,,,,
377,358,356,0.000,0.698,0.632,0.731,0.755,0.288,0.014,0.338,0.030,377.000,358.000,0.000,0.686,0.618,0.722,0.746,0.300,0.014,0.347,0.035,378.000,358.000,0.000,0.688,0.619,0.724,0.766,0.303,0.009,0.343,0.038,,,,,,,,,,,
378,358,356,0.000,0.698,0.632,0.731,0.755,0.288,0.014,0.338,0.030,377.000,358.000,0.000,0.686,0.618,0.722,0.746,0.300,0.014,0.347,0.035,378.000,358.000,0.000,0.688,0.619,0.724,0.766,0.303,0.009,0.343,0.038,379.000,378.000,0.002,0.693,0.611,0.736,0.756,0.304,0.003,0.342,0.047
379,358,356,0.000,0.698,0.632,0.731,0.755,0.288,0.014,0.338,0.030,377.000,358.000,0.000,0.686,0.618,0.722,0.746,0.300,0.014,0.347,0.035,378.000,358.000,0.000,0.688,0.619,0.724,0.766,0.303,0.009,0.343,0.038,379.000,378.000,0.002,0.693,0.611,0.736,0.756,0.304,0.003,0.342,0.047
380,358,356,0.000,0.698,0.632,0.731,0.755,0.288,0.014,0.338,0.030,377.000,358.000,0.000,0.686,0.618,0.722,0.746,0.300,0.014,0.347,0.035,378.000,358.000,0.000,0.688,0.619,0.724,0.766,0.303,0.009,0.343,0.038,379.000,378.000,0.002,0.693,0.611,0.736,0.756,0.304,0.003,0.342,0.047
381,377,358,0.000,0.686,0.618,0.722,0.746,0.300,0.014,0.347,0.035,378.000,358.000,0.000,0.688,0.619,0.724,0.766,0.303,0.009,0.343,0.038,380.000,377.000,0.000,0.690,0.609,0.731,0.739,0.306,0.004,0.356,0.036,381.000,377.000,0.000,0.686,0.622,0.717,0.755,0.296,0.018,0.349,0.028
382,377,358,0.000,0.686,0.618,0.722,0.746,0.300,0.014,0.347,0.035,380.000,377.000,0.000,0.690,0.609,0.731,0.739,0.306,0.004,0.356,0.036,,,,,,,,,,,,,,,,,,,,,,
383,377,358,0.000,0.686,0.618,0.722,0.746,0.300,0.014,0.347,0.035,380.000,377.000,0.000,0.690,0.609,0.731,0.739,0.306,0.004,0.356,0.036,384.000,380.000,0.002,0.696,0.599,0.731,0.741,0.304,0.000,0.364,0.037,,,,,,,,,,,
384,377,358,0.000,0.686,0.618,0.722,0.746,0.300,0.014,0.347,0.035,380.000,377.000,0.000,0.690,0.609,0.731,0.739,0.306,0.004,0.356,0.036,385.000,377.000,0.000,0.689,0.608,0.724,0.742,0.306,0.005,0.358,0.034,,,,,,,,,,,
385,377,358,0.000,0.686,0.618,0.722,0.746,0.300,0.014,0.347,0.035,380.000,377.000,0.000,0.690,0.609,0.731,0.739,0.306,0.004,0.356,0.036,385.000,377.000,0.000,0.689,0.608,0.724,0.742,0.306,0.005,0.358,0.034,386.000,385.000,0.000,0.685,0.597,0.722,0.738,0.315,0.000,0.362,0.041
386,377,358,0.000,0.686,0.618,0.722,0.746,0.300,0.014,0.347,0.035,380.000,377.000,0.000,0.690,0.609,0.731,0.739,0.306,0.004,0.356,0.036,385.000,377.000,0.000,0.689,0.608,0.724,0.742,0.306,0.005,0.358,0.034,386.000,385.000,0.000,0.685,0.597,0.722,0.738,0.315,0.000,0.362,0.041
387,377,358,0.000,0.686,0.618,0.722,0.746,0.300,0.014,0.347,0.035,380.000,377.000,0.000,0.690,0.609,0.731,0.739,0.306,0.004,0.356,0.036,385.000,377.000,0.000,0.689,0.608,0.724,0.742,0.306,0.005,0.358,0.034,386.000,385.000,0.000,0.685,0.597,0.722,0.738,0.315,0.000,0.362,0.041
388,377,358,0.000,0.686,0.618,0.722,0.746,0.300,0.014,0.347,0.035,380.000,377.000,0.000,0.690,0.609,0.731,0.739,0.306,0.004,0.356,0.036,385.000,377.000,0.000,0.689,0.608,0.724,0.742,0.306,0.005,0.358,0.034,386.000,385.000,0.000,0.685,0.597,0.722,0.738,0.315,0.000,0.362,0.041
389,377,358,0.000,0.686,0.618,0.722,0.746,0.300,0.014,0.347,0.035,380.000,377.000,0.000,0.690,0.609,0.731,0.739,0.306,0.004,0.356,0.036,385.000,377.000,0.000,0.689,0.608,0.724,0.742,0.306,0.005,0.358,0.034,386.000,385.000,0.000,0.685,0.597,0.722,0.738,0.315,0.000,0.362,0.041
390,380,377,0.000,0.690,0.609,0.731,0.739,0.306,0.004,0.356,0.036,385.000,377.000,0.000,0.689,0.608,0.724,0.742,0.306,0.005,0.358,0.034,391.000,380.000,0.000,0.676,0.611,0.722,0.730,0.319,0.005,0.351,0.038,,,,,,,,,,,
391,380,377,0.000,0.690,0.609,0.731,0.739,0.306,0.004,0.356,0.036,385.000,377.000,0.000,0.689,0.608,0.724,0.742,0.306,0.005,0.358,0.034,391.000,380.000,0.000,0.676,0.611,0.722,0.730,0.319,0.005,0.351,0.038,392.000,380.000,0.000,0.694,0.617,0.724,0.745,0.306,0.000,0.347,0.036
392,380,377,0.000,0.690,0.609,0.731,0.739,0.306,0.004,0.356,0.036,385.000,377.000,0.000,0.689,0.608,0.724,0.742,0.306,0.005,0.358,0.034,391.000,380.000,0.000,0.676,0.611,0.722,0.730,0.319,0.005,0.351,0.038,393.000,385.000,0.003,0.683,0.605,0.728,0.726,0.316,0.001,0.362,0.033
393,380,377,0.000,0.690,0.609,0.731,0.739,0.306,0.004,0.356,0.036,385.000,377.000,0.000,0.689,0.608,0.724,0.742,0.306,0.005,0.358,0.034,391.000,380.000,0.000,0.676,0.611,0.722,0.730,0.319,0.005,0.351,0.038,393.000,385.000,0.003,0.683,0.605,0.728,0.726,0.316,0.001,0.362,0.033
394,380,377,0.000,0.690,0.609,0.731,0.739,0.306,0.004,0.356,0.036,391.000,380.000,0.000,0.676,0.611,0.722,0.730,0.319,0.005,0.351,0.038,394.000,393.000,0.001,0.679,0.599,0.728,0.743,0.321,0.000,0.358,0.043,395.000,393.000,0.006,0.684,0.597,0.735,0.732,0.316,0.000,0.367,0.036
395,380,377,0.000,0.690,0.609,0.731,0.739,0.306,0.004,0.356,0.036,391.000,380.000,0.000,0.676,0.611,0.722,0.730,0.319,0.005,0.351,0.038,394.000,393.000,0.001,0.679,0.599,0.728,0.743,0.321,0.000,0.358,0.043,395.000,393.000,0.006,0.684,0.597,0.735,0.732,0.316,0.000,0.367,0.036
396,380,377,0.000,0.690,0.609,0.731,0.739,0.306,0.004,0.356,0.036,391.000,380.000,0.000,0.676,0.611,0.722,0.730,0.319,0.005,0.351,0.038,394.000,393.000,0.001,0.679,0.599,0.728,0.743,0.321,0.000,0.358,0.043,395.000,393.000,0.006,0.684,0.597,0.735,0.732,0.316,0.000,0.367,0.036
397,380,377,0.000,0.690,0.609,0.731,0.739,0.306,0.004,0.356,0.036,391.000,380.000,0.000,0.676,0.611,0.722,0.730,0.319,0.005,0.351,0.038,396.000,394.000,0.000,0.671,0.608,0.733,0.746,0.329,0.000,0.345,0.047,397.000,394.000,0.000,0.672,0.605,0.742,0.759,0.322,0.006,0.346,0.049
398,380,377,0.000,0.690,0.609,0.731,0.739,0.306,0.004,0.356,0.036,391.000,380.000,0.000,0.676,0.611,0.722,0.730,0.319,0.005,0.351,0.038,396.000,394.000,0.000,0.671,0.608,0.733,0.746,0.329,0.000,0.345,0.047,397.000,394.000,0.000,0.672,0.605,0.742,0.759,0.322,0.006,0.346,0.049
399,380,377,0.000,0.690,0.609,0.731,0.739,0.306,0.004,0.356,0.036,391.000,380.000,0.000,0.676,0.611,0.722,0.730,0.319,0.005,0.351,0.038,396.000,394.000,0.000,0.671,0.608,0.733,0.746,0.329,0.000,0.345,0.047,397.000,394.000,0.000,0.672,0.605,0.742,0.759,0.322,0.006,0.346,0.049
400,380,377,0.000,0.690,0.609,0.731,0.739,0.306,0.004,0.356,0.036,391.000,380.000,0.000,0.676,0.611,0.722,0.730,0.319,0.005,0.351,0.038,397.000,394.000,0.000,0.672,0.605,0.742,0.759,0.322,0.006,0.346,0.049,399.000,398.000,0.000,0.689,0.587,0.716,0.749,0.311,0.000,0.366,0.047
401,380,377,0.000,0.690,0.609,0.731,0.739,0.306,0.004,0.356,0.036,391.000,380.000,0.000,0.676,0.611,0.722,0.730,0.319,0.005,0.351,0.038,397.000,394.000,0.000,0.672,0.605,0.742,0.759,0.322,0.006,0.346,0.049,400.000,391.000,0.000,0.660,0.626,0.713,0.720,0.327,0.013,0.358,0.016
402,380,377,0.000,0.690,0.609,0.731,0.739,0.306,0.004,0.356,0.036,391.000,380.000,0.000,0.676,0.611,0.722,0.730,0.319,0.005,0.351,0.038,397.000,394.000,0.000,0.672,0.605,0.742,0.759,0.322,0.006,0.346,0.049,400.000,391.000,0.000,0.660,0.626,0.713,0.720,0.327,0.013,0.358,0.016
403,391,380,0.000,0.676,0.611,0.722,0.730,0.319,0.005,0.351,0.038,397.000,394.000,0.000,0.672,0.605,0.742,0.759,0.322,0.006,0.346,0.049,400.000,391.000,0.000,0.660,0.626,0.713,0.720,0.327,0.013,0.358,0.016,402.000,380.000,0.000,0.694,0.607,0.726,0.750,0.303,0.003,0.337,0.055
404,391,380,0.000,0.676,0.611,0.722,0.730,0.319,0.005,0.351,0.038,397.000,394.000,0.000,0.672,0.605,0.742,0.759,0.322,0.006,0.346,0.049,400.000,391.000,0.000,0.660,0.626,0.713,0.720,0.327,0.013,0.358,0.016,402.000,380.000,0.000,0.694,0.607,0.726,0.750,0.303,0.003,0.337,0.055
405,391,380,0.000,0.676,0.611,0.722,0.730,0.319,0.005,0.351,0.038,400.000,391.000,0.000,0.660,0.626,0.713,0.720,0.327,0.013,0.358,0.016,405.000,400.000,0.000,0.661,0.618,0.722,0.717,0.333,0.006,0.359,0.023,,,,,,,,,,,
406,391,380,0.000,0.676,0.611,0.722,0.730,0.319,0.005,0.351,0.038,400.000,391.000,0.000,0.660,0.626,0.713,0.720,0.327,0.013,0.358,0.016,405.000,400.000,0.000,0.661,0.618,0.722,0.717,0.333,0.006,0.359,0.023,407.000,400.000,0.002,0.686,0.628,0.729,0.704,0.314,0.000,0.355,0.017
407,391,380,0.000,0.676,0.611,0.722,0.730,0.319,0.005,0.351,0.038,400.000,391.000,0.000,0.660,0.626,0.713,0.720,0.327,0.013,0.358,0.016,405.000,400.000,0.000,0.661,0.618,0.722,0.717,0.333,0.006,0.359,0.023,407.000,400.000,0.002,0.686,0.628,0.729,0.704,0.314,0.000,0.355,0.017
408,391,380,0.000,0.676,0.611,0.722,0.730,0.319,0.005,0.351,0.038,400.000,391.000,0.000,0.660,0.626,0.713,0.720,0.327,0.013,0.358,0.016,405.000,400.000,0.000,0.661,0.618,0.722,0.717,0.333,0.006,0.359,0.023,408.000,400.000,0.000,0.652,0.630,0.712,0.723,0.330,0.018,0.349,0.021
409,391,380,0.000,0.676,0.611,0.722,0.730,0.319,0.005,0.351,0.038,400.000,391.000,0.000,0.660,0.626,0.713,0.720,0.327,0.013,0.358,0.016,405.000,400.000,0.000,0.661,0.618,0.722,0.717,0.333,0.006,0.359,0.023,408.000,400.000,0.000,0.652,0.630,0.712,0.723,0.330,0.018,0.349,0.021
410,391,380,0.000,0.676,0.611,0.722,0.730,0.319,0.005,0.351,0.038,405.000,400.000,0.000,0.661,0.618,0.722,0.717,0.333,0.006,0.359,0.023,408.000,400.000,0.000,0.652,0.630,0.712,0.723,0.330,0.018,0.349,0.021,409.000,405.000,0.000,0.657,0.623,0.718,0.711,0.332,0.011,0.355,0.022
411,391,380,0.000,0.676,0.611,0.722,0.730,0.319,0.005,0.351,0.038,405.000,400.000,0.000,0.661,0.618,0.722,0.717,0.333,0.006,0.359,0.023,408.000,400.000,0.000,0.652,0.630,0.712,0.723,0.330,0.018,0.349,0.021,409.000,405.000,0.000,0.657,0.623,0.718,0.711,0.332,0.011,0.355,0.022
412,391,380,0.000,0.676,0.611,0.722,0.730,0.319,0.005,0.351,0.038,405.000,400.000,0.000,0.661,0.618,0.722,0.717,0.333,0.006,0.359,0.023,409.000,405.000,0.000,0.657,0.623,0.718,0.711,0.332,0.011,0.355,0.022,412.000,410.000,0.003,0.660,0.617,0.725,0.687,0.340,0.000,0.365,0.018
413,391,380,0.000,0.676,0.611,0.722,0.730,0.319,0.005,0.351,0.038,405.000,400.000,0.000,0.661,0.618,0.722,0.717,0.333,0.006,0.359,0.023,409.000,405.000,0.000,0.657,0.623,0.718,0.711,0.332,0.011,0.355,0.022,412.000,410.000,0.003,0.660,0.617,0.725,0.687,0.340,0.000,0.365,0.018
414,391,380,0.000,0.676,0.611,0.722,0.730,0.319,0.005,0.351,0.038,405.000,400.000,0.000,0.661,0.618,0.722,0.717,0.333,0.006,0.359,0.023,409.000,405.000,0.000,0.657,0.623,0.718,0.711,0.332,0.011,0.355,0.022,412.000,410.000,0.003,0.660,0.617,0.725,0.687,0.340,0.000,0.365,0.018
415,391,380,0.000,0.676,0.611,0.722,0.730,0.319,0.005,0.351,0.038,405.000,400.000,0.000,0.661,0.618,0.722,0.717,0.333,0.006,0.359,0.023,409.000,405.000,0.000,0.657,0.623,0.718,0.711,0.332,0.011,0.355,0.022,412.000,410.000,0.003,0.660,0.617,0.725,0.687,0.340,0.000,0.365,0.018
416,391,380,0.000,0.676,0.611,0.722,0.730,0.319,0.005,0.351,0.038,405.000,400.000,0.000,0.661,0.618,0.722,0.717,0.333,0.006,0.359,0.023,409.000,405.000,0.000,0.657,0.623,0.718,0.711,0.332,0.011,0.355,0.022,412.000,410.000,0.003,0.660,0.617,0.725,0.687,0.340,0.000,0.365,0.018
417,391,380,0.000,0.676,0.611,0.722,0.730,0.319,0.005,0.351,0.038,405.000,400.000,0.000,0.661,0.618,0.722,0.717,0.333,0.006,0.359,0.023,409.000,405.000,0.000,0.657,0.623,0.718,0.711,0.332,0.011,0.355,0.022,413.000,410.000,0.000,0.664,0.616,0.723,0.707,0.336,0.000,0.378,0.006
418,405,400,0.000,0.661,0.618,0.722,0.717,0.333,0.006,0.359,0.023,409.000,405.000,0.000,0.657,0.623,0.718,0.711,0.332,0.011,0.355,0.022,413.000,410.000,0.000,0.664,0.616,0.723,0.707,0.336,0.000,0.378,0.006,418.000,391.000,0.000,0.684,0.629,0.705,0.743,0.303,0.013,0.350,0.021
419,405,400,0.000,0.661,0.618,0.722,0.717,0.333,0.006,0.359,0.023,409.000,405.000,0.000,0.657,0.623,0.718,0.711,0.332,0.011,0.355,0.022,413.000,410.000,0.000,0.664,0.616,0.723,0.707,0.336,0.000,0.378,0.006,419.000,405.000,0.007,0.665,0.611,0.727,0.727,0.330,0.005,0.356,0.033
420,405,400,0.000,0.661,0.618,0.722,0.717,0.333,0.006,0.359,0.023,409.000,405.000,0.000,0.657,0.623,0.718,0.711,0.332,0.011,0.355,0.022,413.000,410.000,0.000,0.664,0.616,0.723,0.707,0.336,0.000,0.378,0.006,420.000,409.000,0.007,0.673,0.625,0.734,0.709,0.320,0.007,0.361,0.014
421,405,400,0.000,0.661,0.618,0.722,0.717,0.333,0.006,0.359,0.023,409.000,405.000,0.000,0.657,0.623,0.718,0.711,0.332,0.011,0.355,0.022,413.000,410.000,0.000,0.664,0.616,0.723,0.707,0.336,0.000,0.378,0.006,421.000,419.000,0.007,0.668,0.615,0.717,0.729,0.323,0.009,0.354,0.032
422,405,400,0.000,0.661,0.618,0.722,0.717,0.333,0.006,0.359,0.023,409.000,405.000,0.000,0.657,0.623,0.718,0.711,0.332,0.011,0.355,0.022,413.000,410.000,0.000,0.664,0.616,0.723,0.707,0.336,0.000,0.378,0.006,421.000,419.000,0.007,0.668,0.615,0.717,0.729,0.323,0.009,0.354,0.032
423,405,400,0.000,0.661,0.618,0.722,0.717,0.333,0.006,0.359,0.023,409.000,405.000,0.000,0.657,0.623,0.718,0.711,0.332,0.011,0.355,0.022,413.000,410.000,0.000,0.664,0.616,0.723,0.707,0.336,0.000,0.378,0.006,421.000,419.000,0.007,0.668,0.615,0.717,0.729,0.323,0.009,0.354,0.032
424,405,400,0.000,0.661,0.618,0.722,0.717,0.333,0.006,0.359,0.023,409.000,405.000,0.000,0.657,0.623,0.718,0.711,0.332,0.011,0.355,0.022,421.000,419.000,0.007,0.668,0.615,0.717,0.729,0.323,0.009,0.354,0.032,424.000,413.000,0.006,0.664,0.619,0.731,0.705,0.336,0.000,0.370,0.011
425,405,400,0.000,0.661,0.618,0.722,0.717,0.333,0.006,0.359,0.023,409.000,405.000,0.000,0.657,0.623,0.718,0.711,0.332,0.011,0.355,0.022,424.000,413.000,0.006,0.664,0.619,0.731,0.705,0.336,0.000,0.370,0.011,425.000,424.000,0.008,0.668,0.636,0.728,0.716,0.332,0.000,0.359,0.005
426,405,400,0.000,0.661,0.618,0.722,0.717,0.333,0.006,0.359,0.023,409.000,405.000,0.000,0.657,0.623,0.718,0.711,0.332,0.011,0.355,0.022,426.000,409.000,0.005,0.653,0.606,0.723,0.723,0.346,0.001,0.369,0.024,427.000,405.000,0.003,0.645,0.613,0.710,0.717,0.331,0.024,0.363,0.024
427,405,400,0.000,0.661,0.618,0.722,0.717,0.333,0.006,0.359,0.023,409.000,405.000,0.000,0.657,0.623,0.718,0.711,0.332,0.011,0.355,0.022,426.000,409.000,0.005,0.653,0.606,0.723,0.723,0.346,0.001,0.369,0.024,427.000,405.000,0.003,0.645,0.613,0.710,0.717,0.331,0.024,0.363,0.024
428,405,400,0.000,0.661,0.618,0.722,0.717,0.333,0.006,0.359,0.023,409.000,405.000,0.000,0.657,0.623,0.718,0.711,0.332,0.011,0.355,0.022,426.000,409.000,0.005,0.653,0.606,0.723,0.723,0.346,0.001,0.369,0.024,427.000,405.000,0.003,0.645,0.613,0.710,0.717,0.331,0.024,0.363,0.024
429,405,400,0.000,0.661,0.618,0.722,0.717,0.333,0.006,0.359,0.023,409.000,405.000,0.000,0.657,0.623,0.718,0.711,0.332,0.011,0.355,0.022,426.000,409.000,0.005,0.653,0.606,0.723,0.723,0.346,0.001,0.369,0.024,427.000,405.000,0.003,0.645,0.613,0.710,0.717,0.331,0.024,0.363,0.024
430,405,400,0.000,0.661,0.618,0.722,0.717,0.333,0.006,0.359,0.023,409.000,405.000,0.000,0.657,0.623,0.718,0.711,0.332,0.011,0.355,0.022,427.000,405.000,0.003,0.645,0.613,0.710,0.717,0.331,0.024,0.363,0.024,428.000,405.000,0.000,0.655,0.612,0.723,0.720,0.336,0.009,0.359,0.029
431,405,400,0.000,0.661,0.618,0.722,0.717,0.333,0.006,0.359,0.023,409.000,405.000,0.000,0.657,0.623,0.718,0.711,0.332,0.011,0.355,0.022,427.000,405.000,0.003,0.645,0.613,0.710,0.717,0.331,0.024,0.363,0.024,428.000,405.000,0.000,0.655,0.612,0.723,0.720,0.336,0.009,0.359,0.029
432,405,400,0.000,0.661,0.618,0.722,0.717,0.333,0.006,0.359,0.023,409.000,405.000,0.000,0.657,0.623,0.718,0.711,0.332,0.011,0.355,0.022,427.000,405.000,0.003,0.645,0.613,0.710,0.717,0.331,0.024,0.363,0.024,428.000,405.000,0.000,0.655,0.612,0.723,0.720,0.336,0.009,0.359,0.029
433,405,400,0.000,0.661,0.618,0.722,0.717,0.333,0.006,0.359,0.023,409.000,405.000,0.000,0.657,0.623,0.718,0.711,0.332,0.011,0.355,0.022,428.000,405.000,0.000,0.655,0.612,0.723,0.720,0.336,0.009,0.359,0.029,431.000,405.000,0.000,0.665,0.618,0.724,0.698,0.335,0.000,0.366,0.016
434,405,400,0.000,0.661,0.618,0.722,0.717,0.333,0.006,0.359,0.023,409.000,405.000,0.000,0.657,0.623,0.718,0.711,0.332,0.011,0.355,0.022,428.000,405.000,0.000,0.655,0.612,0.723,0.720,0.336,0.009,0.359,0.029,431.000,405.000,0.000,0.665,0.618,0.724,0.698,0.335,0.000,0.366,0.016
435,405,400,0.000,0.661,0.618,0.722,0.717,0.333,0.006,0.359,0.023,409.000,405.000,0.000,0.657,0.623,0.718,0.711,0.332,0.011,0.355,0.022,428.000,405.000,0.000,0.655,0.612,0.723,0.720,0.336,0.009,0.359,0.029,431.000,405.000,0.000,0.665,0.618,0.724,0.698,0.335,0.000,0.366,0.016
436,405,400,0.000,0.661,0.618,0.722,0.717,0.333,0.006,0.359,0.023,428.000,405.000,0.000,0.655,0.612,0.723,0.720,0.336,0.009,0.359,0.029,437.000,434.000,0.000,0.666,0.595,0.714,0.737,0.324,0.010,0.391,0.013,,,,,,,,,,,
437,428,405,0.000,0.655,0.612,0.723,0.720,0.336,0.009,0.359,0.029,437.000,434.000,0.000,0.666,0.595,0.714,0.737,0.324,0.010,0.391,0.013,,,,,,,,,,,,,,,,,,,,,,
438,428,405,0.000,0.655,0.612,0.723,0.720,0.336,0.009,0.359,0.029,437.000,434.000,0.000,0.666,0.595,0.714,0.737,0.324,0.010,0.391,0.013,,,,,,,,,,,,,,,,,,,,,,
439,428,405,0.000,0.655,0.612,0.723,0.720,0.336,0.009,0.359,0.029,437.000,434.000,0.000,0.666,0.595,0.714,0.737,0.324,0.010,0.391,0.013,,,,,,,,,,,,,,,,,,,,,,
440,428,405,0.000,0.655,0.612,0.723,0.720,0.336,0.009,0.359,0.029,437.000,434.000,0.000,0.666,0.595,0.714,0.737,0.324,0.010,0.391,0.013,,,,,,,,,,,,,,,,,,,,,,
441,428,405,0.000,0.655,0.612,0.723,0.720,0.336,0.009,0.359,0.029,437.000,434.000,0.000,0.666,0.595,0.714,0.737,0.324,0.010,0.391,0.013,442.000,428.000,0.005,0.662,0.611,0.724,0.710,0.321,0.017,0.354,0.035,,,,,,,,,,,
442,428,405,0.000,0.655,0.612,0.723,0.720,0.336,0.009,0.359,0.029,437.000,434.000,0.000,0.666,0.595,0.714,0.737,0.324,0.010,0.391,0.013,442.000,428.000,0.005,0.662,0.611,0.724,0.710,0.321,0.017,0.354,0.035,443.000,428.000,0.005,0.660,0.610,0.727,0.725,0.340,0.000,0.352,0.038
443,428,405,0.000,0.655,0.612,0.723,0.720,0.336,0.009,0.359,0.029,437.000,434.000,0.000,0.666,0.595,0.714,0.737,0.324,0.010,0.391,0.013,442.000,428.000,0.005,0.662,0.611,0.724,0.710,0.321,0.017,0.354,0.035,443.000,428.000,0.005,0.660,0.610,0.727,0.725,0.340,0.000,0.352,0.038
444,428,405,0.000,0.655,0.612,0.723,0.720,0.336,0.009,0.359,0.029,437.000,434.000,0.000,0.666,0.595,0.714,0.737,0.324,0.010,0.391,0.013,444.000,428.000,0.001,0.648,0.617,0.743,0.713,0.339,0.014,0.338,0.045,445.000,437.000,0.001,0.686,0.606,0.729,0.727,0.314,0.000,0.390,0.004
445,428,405,0.000,0.655,0.612,0.723,0.720,0.336,0.009,0.359,0.029,437.000,434.000,0.000,0.666,0.595,0.714,0.737,0.324,0.010,0.391,0.013,444.000,428.000,0.001,0.648,0.617,0.743,0.713,0.339,0.014,0.338,0.045,446.000,445.000,0.000,0.687,0.592,0.727,0.719,0.313,0.000,0.392,0.015
446,428,405,0.000,0.655,0.612,0.723,0.720,0.336,0.009,0.359,0.029,437.000,434.000,0.000,0.666,0.595,0.714,0.737,0.324,0.010,0.391,0.013,444.000,428.000,0.001,0.648,0.617,0.743,0.713,0.339,0.014,0.338,0.045,446.000,445.000,0.000,0.687,0.592,0.727,0.719,0.313,0.000,0.392,0.015
447,428,405,0.000,0.655,0.612,0.723,0.720,0.336,0.009,0.359,0.029,437.000,434.000,0.000,0.666,0.595,0.714,0.737,0.324,0.010,0.391,0.013,448.000,428.000,0.000,0.649,0.612,0.725,0.744,0.350,0.001,0.376,0.013,,,,,,,,,,,
448,428,405,0.000,0.655,0.612,0.723,0.720,0.336,0.009,0.359,0.029,437.000,434.000,0.000,0.666,0.595,0.714,0.737,0.324,0.010,0.391,0.013,448.000,428.000,0.000,0.649,0.612,0.725,0.744,0.350,0.001,0.376,0.013,449.000,437.000,0.004,0.668,0.610,0.712,0.750,0.321,0.011,0.387,0.003
449,428,405,0.000,0.655,0.612,0.723,0.720,0.336,0.009,0.359,0.029,437.000,434.000,0.000,0.666,0.595,0.714,0.737,0.324,0.010,0.391,0.013,448.000,428.000,0.000,0.649,0.612,0.725,0.744,0.350,0.001,0.376,0.013,449.000,437.000,0.004,0.668,0.610,0.712,0.750,0.321,0.011,0.387,0.003
450,428,405,0.000,0.655,0.612,0.723,0.720,0.336,0.009,0.359,0.029,437.000,434.000,0.000,0.666,0.595,0.714,0.737,0.324,0.010,0.391,0.013,448.000,428.000,0.000,0.649,0.612,0.725,0.744,0.350,0.001,0.376,0.013,,,,,,,,,,,
451,428,405,0.000,0.655,0.612,0.723,0.720,0.336,0.009,0.359,0.029,437.000,434.000,0.000,0.666,0.595,0.714,0.737,0.324,0.010,0.391,0.013,448.000,428.000,0.000,0.649,0.612,0.725,0.744,0.350,0.001,0.376,0.013,452.000,448.000,0.000,0.637,0.602,0.730,0.751,0.363,0.000,0.368,0.030
452,428,405,0.000,0.655,0.612,0.723,0.720,0.336,0.009,0.359,0.029,452.000,448.000,0.000,0.637,0.602,0.730,0.751,0.363,0.000,0.368,0.030,453.000,437.000,0.000,0.659,0.585,0.702,0.740,0.334,0.007,0.403,0.012,,,,,,,,,,,
453,452,448,0.000,0.637,0.602,0.730,0.751,0.363,0.000,0.368,0.030,453.000,437.000,0.000,0.659,0.585,0.702,0.740,0.334,0.007,0.403,0.012,454.000,453.000,0.000,0.661,0.600,0.682,0.743,0.339,0.000,0.389,0.010,,,,,,,,,,,
454,452,448,0.000,0.637,0.602,0.730,0.751,0.363,0.000,0.368,0.030,453.000,437.000,0.000,0.659,0.585,0.702,0.740,0.334,0.007,0.403,0.012,454.000,453.000,0.000,0.661,0.600,0.682,0.743,0.339,0.000,0.389,0.010,455.000,453.000,0.001,0.663,0.580,0.709,0.758,0.337,0.000,0.404,0.016
455,452,448,0.000,0.637,0.602,0.730,0.751,0.363,0.000,0.368,0.030,453.000,437.000,0.000,0.659,0.585,0.702,0.740,0.334,0.007,0.403,0.012,456.000,452.000,0.002,0.639,0.595,0.726,0.733,0.348,0.013,0.380,0.025,,,,,,,,,,,
456,452,448,0.000,0.637,0.602,0.730,0.751,0.363,0.000,0.368,0.030,453.000,437.000,0.000,0.659,0.585,0.702,0.740,0.334,0.007,0.403,0.012,456.000,452.000,0.002,0.639,0.595,0.726,0.733,0.348,0.013,0.380,0.025,457.000,453.000,0.000,0.656,0.595,0.699,0.740,0.344,0.000,0.398,0.007
457,452,448,0.000,0.637,0.602,0.730,0.751,0.363,0.000,0.368,0.030,453.000,437.000,0.000,0.659,0.585,0.702,0.740,0.334,0.007,0.403,0.012,456.000,452.000,0.002,0.639,0.595,0.726,0.733,0.348,0.013,0.380,0.025,457.000,453.000,0.000,0.656,0.595,0.699,0.740,0.344,0.000,0.398,0.007
458,452,448,0.000,0.637,0.602,0.730,0.751,0.363,0.000,0.368,0.030,453.000,437.000,0.000,0.659,0.585,0.702,0.740,0.334,0.007,0.403,0.012,,,,,,,,,,,,,,,,,,,,,,
459,452,448,0.000,0.637,0.602,0.730,0.751,0.363,0.000,0.368,0.030,453.000,437.000,0.000,0.659,0.585,0.702,0.740,0.334,0.007,0.403,0.012,460.000,452.000,0.003,0.634,0.598,0.727,0.753,0.355,0.011,0.366,0.036,,,,,,,,,,,
460,453,437,0.000,0.659,0.585,0.702,0.740,0.334,0.007,0.403,0.012,461.000,452.000,0.000,0.634,0.616,0.727,0.755,0.363,0.003,0.363,0.021,,,,,,,,,,,,,,,,,,,,,,
461,453,437,0.000,0.659,0.585,0.702,0.740,0.334,0.007,0.403,0.012,461.000,452.000,0.000,0.634,0.616,0.727,0.755,0.363,0.003,0.363,0.021,,,,,,,,,,,,,,,,,,,,,,
462,461,452,0.000,0.634,0.616,0.727,0.755,0.363,0.003,0.363,0.021,463.000,453.000,0.000,0.651,0.583,0.711,0.747,0.345,0.004,0.404,0.013,,,,,,,,,,,,,,,,,,,,,,
463,461,452,0.000,0.634,0.616,0.727,0.755,0.363,0.003,0.363,0.021,463.000,453.000,0.000,0.651,0.583,0.711,0.747,0.345,0.004,0.404,0.013,,,,,,,,,,,,,,,,,,,,,,
464,461,452,0.000,0.634,0.616,0.727,0.755,0.363,0.003,0.363,0.021,463.000,453.000,0.000,0.651,0.583,0.711,0.747,0.345,0.004,0.404,0.013,,,,,,,,,,,,,,,,,,,,,,
465,461,452,0.000,0.634,0.616,0.727,0.755,0.363,0.003,0.363,0.021,463.000,453.000,0.000,0.651,0.583,0.711,0.747,0.345,0.004,0.404,0.013,,,,,,,,,,,,,,,,,,,,,,
466,461,452,0.000,0.634,0.616,0.727,0.755,0.363,0.003,0.363,0.021,463.000,453.000,0.000,0.651,0.583,0.711,0.747,0.345,0.004,0.404,0.013,467.000,461.000,0.004,0.624,0.613,0.720,0.748,0.366,0.010,0.371,0.016,,,,,,,,,,,
467,461,452,0.000,0.634,0.616,0.727,0.755,0.363,0.003,0.363,0.021,463.000,453.000,0.000,0.651,0.583,0.711,0.747,0.345,0.004,0.404,0.013,467.000,461.000,0.004,0.624,0.613,0.720,0.748,0.366,0.010,0.371,0.016,468.000,461.000,0.000,0.612,0.591,0.717,0.750,0.358,0.030,0.367,0.041
468,461,452,0.000,0.634,0.616,0.727,0.755,0.363,0.003,0.363,0.021,463.000,453.000,0.000,0.651,0.583,0.711,0.747,0.345,0.004,0.404,0.013,467.000,461.000,0.004,0.624,0.613,0.720,0.748,0.366,0.010,0.371,0.016,468.000,461.000,0.000,0.612,0.591,0.717,0.750,0.358,0.030,0.367,0.041
469,461,452,0.000,0.634,0.616,0.727,0.755,0.363,0.003,0.363,0.021,463.000,453.000,0.000,0.651,0.583,0.711,0.747,0.345,0.004,0.404,0.013,468.000,461.000,0.000,0.612,0.591,0.717,0.750,0.358,0.030,0.367,0.041,,,,,,,,,,,
470,461,452,0.000,0.634,0.616,0.727,0.755,0.363,0.003,0.363,0.021,463.000,453.000,0.000,0.651,0.583,0.711,0.747,0.345,0.004,0.404,0.013,468.000,461.000,0.000,0.612,0.591,0.717,0.750,0.358,0.030,0.367,0.041,471.000,461.000,0.008,0.624,0.595,0.712,0.756,0.368,0.008,0.363,0.041
471,461,452,0.000,0.634,0.616,0.727,0.755,0.363,0.003,0.363,0.021,463.000,453.000,0.000,0.651,0.583,0.711,0.747,0.345,0.004,0.404,0.013,468.000,461.000,0.000,0.612,0.591,0.717,0.750,0.358,0.030,0.367,0.041,472.000,463.000,0.002,0.631,0.596,0.694,0.746,0.369,0.000,0.397,0.007
472,461,452,0.000,0.634,0.616,0.727,0.755,0.363,0.003,0.363,0.021,463.000,453.000,0.000,0.651,0.583,0.711,0.747,0.345,0.004,0.404,0.013,473.000,472.000,0.002,0.637,0.594,0.693,0.741,0.358,0.005,0.387,0.020,,,,,,,,,,,
473,461,452,0.000,0.634,0.616,0.727,0.755,0.363,0.003,0.363,0.021,463.000,453.000,0.000,0.651,0.583,0.711,0.747,0.345,0.004,0.404,0.013,473.000,472.000,0.002,0.637,0.594,0.693,0.741,0.358,0.005,0.387,0.020,474.000,463.000,0.004,0.643,0.579,0.708,0.759,0.346,0.011,0.398,0.023
474,461,452,0.000,0.634,0.616,0.727,0.755,0.363,0.003,0.363,0.021,463.000,453.000,0.000,0.651,0.583,0.711,0.747,0.345,0.004,0.404,0.013,473.000,472.000,0.002,0.637,0.594,0.693,0.741,0.358,0.005,0.387,0.020,474.000,463.000,0.004,0.643,0.579,0.708,0.759,0.346,0.011,0.398,0.023
475,463,453,0.000,0.651,0.583,0.711,0.747,0.345,0.004,0.404,0.013,475.000,473.000,0.000,0.638,0.572,0.683,0.756,0.352,0.009,0.391,0.037,,,,,,,,,,,,,,,,,,,,,,
476,463,453,0.000,0.651,0.583,0.711,0.747,0.345,0.004,0.404,0.013,475.000,473.000,0.000,0.638,0.572,0.683,0.756,0.352,0.009,0.391,0.037,,,,,,,,,,,,,,,,,,,,,,
477,463,453,0.000,0.651,0.583,0.711,0.747,0.345,0.004,0.404,0.013,475.000,473.000,0.000,0.638,0.572,0.683,0.756,0.352,0.009,0.391,0.037,478.000,463.000,0.001,0.634,0.583,0.721,0.745,0.358,0.009,0.393,0.024,,,,,,,,,,,
478,463,453,0.000,0.651,0.583,0.711,0.747,0.345,0.004,0.404,0.013,475.000,473.000,0.000,0.638,0.572,0.683,0.756,0.352,0.009,0.391,0.037,478.000,463.000,0.001,0.634,0.583,0.721,0.745,0.358,0.009,0.393,0.024,479.000,463.000,0.000,0.660,0.594,0.709,0.757,0.337,0.003,0.406,0.000
479,463,453,0.000,0.651,0.583,0.711,0.747,0.345,0.004,0.404,0.013,475.000,473.000,0.000,0.638,0.572,0.683,0.756,0.352,0.009,0.391,0.037,478.000,463.000,0.001,0.634,0.583,0.721,0.745,0.358,0.009,0.393,0.024,480.000,463.000,0.000,0.646,0.587,0.710,0.768,0.341,0.013,0.389,0.024
480,463,453,0.000,0.651,0.583,0.711,0.747,0.345,0.004,0.404,0.013,475.000,473.000,0.000,0.638,0.572,0.683,0.756,0.352,0.009,0.391,0.037,478.000,463.000,0.001,0.634,0.583,0.721,0.745,0.358,0.009,0.393,0.024,480.000,463.000,0.000,0.646,0.587,0.710,0.768,0.341,0.013,0.389,0.024
481,463,453,0.000,0.651,0.583,0.711,0.747,0.345,0.004,0.404,0.013,475.000,473.000,0.000,0.638,0.572,0.683,0.756,0.352,0.009,0.391,0.037,478.000,463.000,0.001,0.634,0.583,0.721,0.745,0.358,0.009,0.393,0.024,480.000,463.000,0.000,0.646,0.587,0.710,0.768,0.341,0.013,0.389,0.024
482,463,453,0.000,0.651,0.583,0.711,0.747,0.345,0.004,0.404,0.013,475.000,473.000,0.000,0.638,0.572,0.683,0.756,0.352,0.009,0.391,0.037,478.000,463.000,0.001,0.634,0.583,0.721,0.745,0.358,0.009,0.393,0.024,480.000,463.000,0.000,0.646,0.587,0.710,0.768,0.341,0.013,0.389,0.024
483,463,453,0.000,0.651,0.583,0.711,0.747,0.345,0.004,0.404,0.013,475.000,473.000,0.000,0.638,0.572,0.683,0.756,0.352,0.009,0.391,0.037,478.000,463.000,0.001,0.634,0.583,0.721,0.745,0.358,0.009,0.393,0.024,480.000,463.000,0.000,0.646,0.587,0.710,0.768,0.341,0.013,0.389,0.024
484,475,473,0.000,0.638,0.572,0.683,0.756,0.352,0.009,0.391,0.037,484.000,478.000,0.000,0.636,0.600,0.728,0.749,0.357,0.007,0.383,0.018,,,,,,,,,,,,,,,,,,,,,,
485,475,473,0.000,0.638,0.572,0.683,0.756,0.352,0.009,0.391,0.037,484.000,478.000,0.000,0.636,0.600,0.728,0.749,0.357,0.007,0.383,0.018,,,,,,,,,,,,,,,,,,,,,,
486,475,473,0.000,0.638,0.572,0.683,0.756,0.352,0.009,0.391,0.037,484.000,478.000,0.000,0.636,0.600,0.728,0.749,0.357,0.007,0.383,0.018,,,,,,,,,,,,,,,,,,,,,,
487,475,473,0.000,0.638,0.572,0.683,0.756,0.352,0.009,0.391,0.037,484.000,478.000,0.000,0.636,0.600,0.728,0.749,0.357,0.007,0.383,0.018,,,,,,,,,,,,,,,,,,,,,,
488,475,473,0.000,0.638,0.572,0.683,0.756,0.352,0.009,0.391,0.037,484.000,478.000,0.000,0.636,0.600,0.728,0.749,0.357,0.007,0.383,0.018,,,,,,,,,,,,,,,,,,,,,,
489,475,473,0.000,0.638,0.572,0.683,0.756,0.352,0.009,0.391,0.037,484.000,478.000,0.000,0.636,0.600,0.728,0.749,0.357,0.007,0.383,0.018,490.000,484.000,0.000,0.625,0.575,0.731,0.746,0.353,0.021,0.386,0.039,,,,,,,,,,,
490,475,473,0.000,0.638,0.572,0.683,0.756,0.352,0.009,0.391,0.037,484.000,478.000,0.000,0.636,0.600,0.728,0.749,0.357,0.007,0.383,0.018,490.000,484.000,0.000,0.625,0.575,0.731,0.746,0.353,0.021,0.386,0.039,491.000,475.000,0.000,0.622,0.565,0.680,0.752,0.358,0.020,0.392,0.042
491,490,484,0.000,0.625,0.575,0.731,0.746,0.353,0.021,0.386,0.039,491.000,475.000,0.000,0.622,0.565,0.680,0.752,0.358,0.020,0.392,0.042,,,,,,,,,,,,,,,,,,,,,,
492,490,484,0.000,0.625,0.575,0.731,0.746,0.353,0.021,0.386,0.039,491.000,475.000,0.000,0.622,0.565,0.680,0.752,0.358,0.020,0.392,0.042,,,,,,,,,,,,,,,,,,,,,,
493,490,484,0.000,0.625,0.575,0.731,0.746,0.353,0.021,0.386,0.039,491.000,475.000,0.000,0.622,0.565,0.680,0.752,0.358,0.020,0.392,0.042,,,,,,,,,,,,,,,,,,,,,,
494,490,484,0.000,0.625,0.575,0.731,0.746,0.353,0.021,0.386,0.039,491.000,475.000,0.000,0.622,0.565,0.680,0.752,0.358,0.020,0.392,0.042,495.000,490.000,0.000,0.623,0.572,0.740,0.743,0.358,0.019,0.383,0.045,,,,,,,,,,,
495,490,484,0.000,0.625,0.575,0.731,0.746,0.353,0.021,0.386,0.039,491.000,475.000,0.000,0.622,0.565,0.680,0.752,0.358,0.020,0.392,0.042,495.000,490.000,0.000,0.623,0.572,0.740,0.743,0.358,0.019,0.383,0.045,,,,,,,,,,,
496,490,484,0.000,0.625,0.575,0.731,0.746,0.353,0.021,0.386,0.039,491.000,475.000,0.000,0.622,0.565,0.680,0.752,0.358,0.020,0.392,0.042,495.000,490.000,0.000,0.623,0.572,0.740,0.743,0.358,0.019,0.383,0.045,,,,,,,,,,,
497,491,475,0.000,0.622,0.565,0.680,0.752,0.358,0.020,0.392,0.042,495.000,490.000,0.000,0.623,0.572,0.740,0.743,0.358,0.019,0.383,0.045,498.000,490.000,0.000,0.638,0.575,0.725,0.738,0.357,0.005,0.386,0.039,,,,,,,,,,,
498,491,475,0.000,0.622,0.565,0.680,0.752,0.358,0.020,0.392,0.042,495.000,490.000,0.000,0.623,0.572,0.740,0.743,0.358,0.019,0.383,0.045,498.000,490.000,0.000,0.638,0.575,0.725,0.738,0.357,0.005,0.386,0.039,499.000,495.000,0.000,0.618,0.573,0.727,0.748,0.368,0.014,0.373,0.055
499,491,475,0.000,0.622,0.565,0.680,0.752,0.358,0.020,0.392,0.042,498.000,490.000,0.000,0.638,0.575,0.725,0.738,0.357,0.005,0.386,0.039,,,,,,,,,,,,,,,,,,,,,,
500,491,475,0.000,0.622,0.565,0.680,0.752,0.358,0.020,0.392,0.042,498.000,490.000,0.000,0.638,0.575,0.725,0.738,0.357,0.005,0.386,0.039,,,,,,,,,,,,,,,,,,,,,,
501,491,475,0.000,0.622,0.565,0.680,0.752,0.358,0.020,0.392,0.042,498.000,490.000,0.000,0.638,0.575,0.725,0.738,0.357,0.005,0.386,0.039,502.000,498.000,0.000,0.635,0.573,0.727,0.739,0.353,0.012,0.389,0.038,,,,,,,,,,,
502,491,475,0.000,0.622,0.565,0.680,0.752,0.358,0.020,0.392,0.042,498.000,490.000,0.000,0.638,0.575,0.725,0.738,0.357,0.005,0.386,0.039,,,,,,,,,,,,,,,,,,,,,,
503,491,475,0.000,0.622,0.565,0.680,0.752,0.358,0.020,0.392,0.042,498.000,490.000,0.000,0.638,0.575,0.725,0.738,0.357,0.005,0.386,0.039,,,,,,,,,,,,,,,,,,,,,,
504,491,475,0.000,0.622,0.565,0.680,0.752,0.358,0.020,0.392,0.042,498.000,490.000,0.000,0.638,0.575,0.725,0.738,0.357,0.005,0.386,0.039,,,,,,,,,,,,,,,,,,,,,,
505,491,475,0.000,0.622,0.565,0.680,0.752,0.358,0.020,0.392,0.042,498.000,490.000,0.000,0.638,0.575,0.725,0.738,0.357,0.005,0.386,0.039,506.000,491.000,0.000,0.619,0.565,0.695,0.760,0.367,0.015,0.395,0.041,,,,,,,,,,,
506,491,475,0.000,0.622,0.565,0.680,0.752,0.358,0.020,0.392,0.042,498.000,490.000,0.000,0.638,0.575,0.725,0.738,0.357,0.005,0.386,0.039,506.000,491.000,0.000,0.619,0.565,0.695,0.760,0.367,0.015,0.395,0.041,507.000,491.000,0.004,0.625,0.575,0.671,0.757,0.356,0.019,0.385,0.041
507,491,475,0.000,0.622,0.565,0.680,0.752,0.358,0.020,0.392,0.042,498.000,490.000,0.000,0.638,0.575,0.725,0.738,0.357,0.005,0.386,0.039,506.000,491.000,0.000,0.619,0.565,0.695,0.760,0.367,0.015,0.395,0.041,507.000,491.000,0.004,0.625,0.575,0.671,0.757,0.356,0.019,0.385,0.041
508,491,475,0.000,0.622,0.565,0.680,0.752,0.358,0.020,0.392,0.042,498.000,490.000,0.000,0.638,0.575,0.725,0.738,0.357,0.005,0.386,0.039,506.000,491.000,0.000,0.619,0.565,0.695,0.760,0.367,0.015,0.395,0.041,507.000,491.000,0.004,0.625,0.575,0.671,0.757,0.356,0.019,0.385,0.041
509,491,475,0.000,0.622,0.565,0.680,0.752,0.358,0.020,0.392,0.042,498.000,490.000,0.000,0.638,0.575,0.725,0.738,0.357,0.005,0.386,0.039,506.000,491.000,0.000,0.619,0.565,0.695,0.760,0.367,0.015,0.395,0.041,508.000,491.000,0.000,0.634,0.566,0.683,0.752,0.353,0.013,0.388,0.046
510,491,475,0.000,0.622,0.565,0.680,0.752,0.358,0.020,0.392,0.042,498.000,490.000,0.000,0.638,0.575,0.725,0.738,0.357,0.005,0.386,0.039,506.000,491.000,0.000,0.619,0.565,0.695,0.760,0.367,0.015,0.395,0.041,508.000,491.000,0.000,0.634,0.566,0.683,0.752,0.353,0.013,0.388,0.046
511,491,475,0.000,0.622,0.565,0.680,0.752,0.358,0.020,0.392,0.042,498.000,490.000,0.000,0.638,0.575,0.725,0.738,0.357,0.005,0.386,0.039,506.000,491.000,0.000,0.619,0.565,0.695,0.760,0.367,0.015,0.395,0.041,508.000,491.000,0.000,0.634,0.566,0.683,0.752,0.353,0.013,0.388,0.046
512,491,475,0.000,0.622,0.565,0.680,0.752,0.358,0.020,0.392,0.042,498.000,490.000,0.000,0.638,0.575,0.725,0.738,0.357,0.005,0.386,0.039,506.000,491.000,0.000,0.619,0.565,0.695,0.760,0.367,0.015,0.395,0.041,508.000,491.000,0.000,0.634,0.566,0.683,0.752,0.353,0.013,0.388,0.046
513,491,475,0.000,0.622,0.565,0.680,0.752,0.358,0.020,0.392,0.042,498.000,490.000,0.000,0.638,0.575,0.725,0.738,0.357,0.005,0.386,0.039,506.000,491.000,0.000,0.619,0.565,0.695,0.760,0.367,0.015,0.395,0.041,508.000,491.000,0.000,0.634,0.566,0.683,0.752,0.353,0.013,0.388,0.046
514,491,475,0.000,0.622,0.565,0.680,0.752,0.358,0.020,0.392,0.042,498.000,490.000,0.000,0.638,0.575,0.725,0.738,0.357,0.005,0.386,0.039,506.000,491.000,0.000,0.619,0.565,0.695,0.760,0.367,0.015,0.395,0.041,515.000,512.000,0.000,0.645,0.553,0.684,0.761,0.354,0.000,0.390,0.057
515,491,475,0.000,0.622,0.565,0.680,0.752,0.358,0.020,0.392,0.042,498.000,490.000,0.000,0.638,0.575,0.725,0.738,0.357,0.005,0.386,0.039,506.000,491.000,0.000,0.619,0.565,0.695,0.760,0.367,0.015,0.395,0.041,515.000,512.000,0.000,0.645,0.553,0.684,0.761,0.354,0.000,0.390,0.057
516,491,475,0.000,0.622,0.565,0.680,0.752,0.358,0.020,0.392,0.042,498.000,490.000,0.000,0.638,0.575,0.725,0.738,0.357,0.005,0.386,0.039,506.000,491.000,0.000,0.619,0.565,0.695,0.760,0.367,0.015,0.395,0.041,517.000,491.000,0.002,0.620,0.579,0.672,0.740,0.362,0.018,0.397,0.024
517,491,475,0.000,0.622,0.565,0.680,0.752,0.358,0.020,0.392,0.042,498.000,490.000,0.000,0.638,0.575,0.725,0.738,0.357,0.005,0.386,0.039,506.000,491.000,0.000,0.619,0.565,0.695,0.760,0.367,0.015,0.395,0.041,517.000,491.000,0.002,0.620,0.579,0.672,0.740,0.362,0.018,0.397,0.024
518,491,475,0.000,0.622,0.565,0.680,0.752,0.358,0.020,0.392,0.042,498.000,490.000,0.000,0.638,0.575,0.725,0.738,0.357,0.005,0.386,0.039,506.000,491.000,0.000,0.619,0.565,0.695,0.760,0.367,0.015,0.395,0.041,519.000,506.000,0.005,0.617,0.557,0.690,0.744,0.375,0.008,0.407,0.036
519,491,475,0.000,0.622,0.565,0.680,0.752,0.358,0.020,0.392,0.042,498.000,490.000,0.000,0.638,0.575,0.725,0.738,0.357,0.005,0.386,0.039,506.000,491.000,0.000,0.619,0.565,0.695,0.760,0.367,0.015,0.395,0.041,519.000,506.000,0.005,0.617,0.557,0.690,0.744,0.375,0.008,0.407,0.036
520,506,491,0.000,0.619,0.565,0.695,0.760,0.367,0.015,0.395,0.041,521.000,519.000,0.000,0.631,0.551,0.703,0.745,0.369,0.000,0.411,0.038,,,,,,,,,,,,,,,,,,,,,,
521,506,491,0.000,0.619,0.565,0.695,0.760,0.367,0.015,0.395,0.041,521.000,519.000,0.000,0.631,0.551,0.703,0.745,0.369,0.000,0.411,0.038,,,,,,,,,,,,,,,,,,,,,,
522,506,491,0.000,0.619,0.565,0.695,0.760,0.367,0.015,0.395,0.041,523.000,521.000,0.000,0.621,0.537,0.708,0.756,0.379,0.000,0.423,0.040,,,,,,,,,,,,,,,,,,,,,,
523,506,491,0.000,0.619,0.565,0.695,0.760,0.367,0.015,0.395,0.041,523.000,521.000,0.000,0.621,0.537,0.708,0.756,0.379,0.000,0.423,0.040,524.000,506.000,0.000,0.613,0.568,0.702,0.744,0.386,0.001,0.386,0.046,,,,,,,,,,,
524,524,506,0.000,0.613,0.568,0.702,0.744,0.386,0.001,0.386,0.046,525.000,523.000,0.000,0.627,0.539,0.726,0.771,0.370,0.004,0.424,0.037,,,,,,,,,,,,,,,,,,,,,,
525,524,506,0.000,0.613,0.568,0.702,0.744,0.386,0.001,0.386,0.046,525.000,523.000,0.000,0.627,0.539,0.726,0.771,0.370,0.004,0.424,0.037,,,,,,,,,,,,,,,,,,,,,,
526,525,523,0.000,0.627,0.539,0.726,0.771,0.370,0.004,0.424,0.037,527.000,525.000,0.000,0.621,0.535,0.723,0.774,0.371,0.008,0.434,0.031,,,,,,,,,,,,,,,,,,,,,,
527,525,523,0.000,0.627,0.539,0.726,0.771,0.370,0.004,0.424,0.037,527.000,525.000,0.000,0.621,0.535,0.723,0.774,0.371,0.008,0.434,0.031,528.000,527.000,0.000,0.629,0.528,0.719,0.777,0.361,0.009,0.439,0.032,,,,,,,,,,,
528,525,523,0.000,0.627,0.539,0.726,0.771,0.370,0.004,0.424,0.037,527.000,525.000,0.000,0.621,0.535,0.723,0.774,0.371,0.008,0.434,0.031,528.000,527.000,0.000,0.629,0.528,0.719,0.777,0.361,0.009,0.439,0.032,529.000,528.000,0.004,0.625,0.550,0.722,0.780,0.360,0.015,0.427,0.022
529,525,523,0.000,0.627,0.539,0.726,0.771,0.370,0.004,0.424,0.037,527.000,525.000,0.000,0.621,0.535,0.723,0.774,0.371,0.008,0.434,0.031,528.000,527.000,0.000,0.629,0.528,0.719,0.777,0.361,0.009,0.439,0.032,529.000,528.000,0.004,0.625,0.550,0.722,0.780,0.360,0.015,0.427,0.022
530,525,523,0.000,0.627,0.539,0.726,0.771,0.370,0.004,0.424,0.037,527.000,525.000,0.000,0.621,0.535,0.723,0.774,0.371,0.008,0.434,0.031,528.000,527.000,0.000,0.629,0.528,0.719,0.777,0.361,0.009,0.439,0.032,530.000,525.000,0.000,0.613,0.556,0.714,0.758,0.387,0.000,0.411,0.034
531,525,523,0.000,0.627,0.539,0.726,0.771,0.370,0.004,0.424,0.037,527.000,525.000,0.000,0.621,0.535,0.723,0.774,0.371,0.008,0.434,0.031,528.000,527.000,0.000,0.629,0.528,0.719,0.777,0.361,0.009,0.439,0.032,530.000,525.000,0.000,0.613,0.556,0.714,0.758,0.387,0.000,0.411,0.034
532,527,525,0.000,0.621,0.535,0.723,0.774,0.371,0.008,0.434,0.031,532.000,530.000,0.000,0.604,0.538,0.731,0.759,0.387,0.010,0.415,0.046,,,,,,,,,,,,,,,,,,,,,,
533,527,525,0.000,0.621,0.535,0.723,0.774,0.371,0.008,0.434,0.031,532.000,530.000,0.000,0.604,0.538,0.731,0.759,0.387,0.010,0.415,0.046,534.000,527.000,0.000,0.604,0.546,0.722,0.777,0.373,0.023,0.433,0.021,,,,,,,,,,,
534,532,530,0.000,0.604,0.538,0.731,0.759,0.387,0.010,0.415,0.046,535.000,534.000,0.000,0.595,0.516,0.746,0.773,0.384,0.021,0.447,0.037,,,,,,,,,,,,,,,,,,,,,,
535,532,530,0.000,0.604,0.538,0.731,0.759,0.387,0.010,0.415,0.046,535.000,534.000,0.000,0.595,0.516,0.746,0.773,0.384,0.021,0.447,0.037,,,,,,,,,,,,,,,,,,,,,,
536,532,530,0.000,0.604,0.538,0.731,0.759,0.387,0.010,0.415,0.046,535.000,534.000,0.000,0.595,0.516,0.746,0.773,0.384,0.021,0.447,0.037,537.000,532.000,0.000,0.591,0.546,0.709,0.759,0.387,0.022,0.410,0.044,,,,,,,,,,,
537,532,530,0.000,0.604,0.538,0.731,0.759,0.387,0.010,0.415,0.046,535.000,534.000,0.000,0.595,0.516,0.746,0.773,0.384,0.021,0.447,0.037,,,,,,,,,,,,,,,,,,,,,,
538,535,534,0.000,0.595,0.516,0.746,0.773,0.384,0.021,0.447,0.037,539.000,535.000,0.000,0.595,0.527,0.729,0.773,0.389,0.016,0.443,0.030,,,,,,,,,,,,,,,,,,,,,,
539,535,534,0.000,0.595,0.516,0.746,0.773,0.384,0.021,0.447,0.037,539.000,535.000,0.000,0.595,0.527,0.729,0.773,0.389,0.016,0.443,0.030,540.000,539.000,0.000,0.587,0.524,0.735,0.786,0.397,0.016,0.444,0.032,,,,,,,,,,,
540,535,534,0.000,0.595,0.516,0.746,0.773,0.384,0.021,0.447,0.037,539.000,535.000,0.000,0.595,0.527,0.729,0.773,0.389,0.016,0.443,0.030,540.000,539.000,0.000,0.587,0.524,0.735,0.786,0.397,0.016,0.444,0.032,541.000,540.000,0.000,0.586,0.530,0.741,0.781,0.390,0.024,0.440,0.031
541,535,534,0.000,0.595,0.516,0.746,0.773,0.384,0.021,0.447,0.037,539.000,535.000,0.000,0.595,0.527,0.729,0.773,0.389,0.016,0.443,0.030,540.000,539.000,0.000,0.587,0.524,0.735,0.786,0.397,0.016,0.444,0.032,541.000,540.000,0.000,0.586,0.530,0.741,0.781,0.390,0.024,0.440,0.031
542,539,535,0.000,0.595,0.527,0.729,0.773,0.389,0.016,0.443,0.030,540.000,539.000,0.000,0.587,0.524,0.735,0.786,0.397,0.016,0.444,0.032,543.000,540.000,0.000,0.575,0.518,0.740,0.781,0.398,0.027,0.448,0.034,,,,,,,,,,,
543,539,535,0.000,0.595,0.527,0.729,0.773,0.389,0.016,0.443,0.030,540.000,539.000,0.000,0.587,0.524,0.735,0.786,0.397,0.016,0.444,0.032,543.000,540.000,0.000,0.575,0.518,0.740,0.781,0.398,0.027,0.448,0.034,544.000,540.000,0.006,0.591,0.527,0.736,0.785,0.385,0.024,0.436,0.038
544,539,535,0.000,0.595,0.527,0.729,0.773,0.389,0.016,0.443,0.030,540.000,539.000,0.000,0.587,0.524,0.735,0.786,0.397,0.016,0.444,0.032,543.000,540.000,0.000,0.575,0.518,0.740,0.781,0.398,0.027,0.448,0.034,544.000,540.000,0.006,0.591,0.527,0.736,0.785,0.385,0.024,0.436,0.038
545,539,535,0.000,0.595,0.527,0.729,0.773,0.389,0.016,0.443,0.030,540.000,539.000,0.000,0.587,0.524,0.735,0.786,0.397,0.016,0.444,0.032,543.000,540.000,0.000,0.575,0.518,0.740,0.781,0.398,0.027,0.448,0.034,544.000,540.000,0.006,0.591,0.527,0.736,0.785,0.385,0.024,0.436,0.038
546,539,535,0.000,0.595,0.527,0.729,0.773,0.389,0.016,0.443,0.030,547.000,543.000,0.000,0.579,0.498,0.742,0.765,0.401,0.020,0.451,0.050,,,,,,,,,,,,,,,,,,,,,,
547,539,535,0.000,0.595,0.527,0.729,0.773,0.389,0.016,0.443,0.030,547.000,543.000,0.000,0.579,0.498,0.742,0.765,0.401,0.020,0.451,0.050,548.000,547.000,0.001,0.580,0.486,0.739,0.763,0.409,0.011,0.460,0.055,,,,,,,,,,,
548,539,535,0.000,0.595,0.527,0.729,0.773,0.389,0.016,0.443,0.030,547.000,543.000,0.000,0.579,0.498,0.742,0.765,0.401,0.020,0.451,0.050,548.000,547.000,0.001,0.580,0.486,0.739,0.763,0.409,0.011,0.460,0.055,549.000,547.000,0.000,0.579,0.499,0.728,0.780,0.417,0.004,0.449,0.051
549,547,543,0.000,0.579,0.498,0.742,0.765,0.401,0.020,0.451,0.050,550.000,548.000,0.000,0.570,0.489,0.736,0.766,0.419,0.011,0.461,0.049,,,,,,,,,,,,,,,,,,,,,,
550,547,543,0.000,0.579,0.498,0.742,0.765,0.401,0.020,0.451,0.050,550.000,548.000,0.000,0.570,0.489,0.736,0.766,0.419,0.011,0.461,0.049,551.000,547.000,0.000,0.583,0.498,0.732,0.751,0.397,0.020,0.449,0.053,,,,,,,,,,,
551,547,543,0.000,0.579,0.498,0.742,0.765,0.401,0.020,0.451,0.050,550.000,548.000,0.000,0.570,0.489,0.736,0.766,0.419,0.011,0.461,0.049,551.000,547.000,0.000,0.583,0.498,0.732,0.751,0.397,0.020,0.449,0.053,552.000,550.000,0.000,0.572,0.492,0.748,0.773,0.411,0.017,0.471,0.038
552,547,543,0.000,0.579,0.498,0.742,0.765,0.401,0.020,0.451,0.050,550.000,548.000,0.000,0.570,0.489,0.736,0.766,0.419,0.011,0.461,0.049,551.000,547.000,0.000,0.583,0.498,0.732,0.751,0.397,0.020,0.449,0.053,552.000,550.000,0.000,0.572,0.492,0.748,0.773,0.411,0.017,0.471,0.038
553,547,543,0.000,0.579,0.498,0.742,0.765,0.401,0.020,0.451,0.050,550.000,548.000,0.000,0.570,0.489,0.736,0.766,0.419,0.011,0.461,0.049,551.000,547.000,0.000,0.583,0.498,0.732,0.751,0.397,0.020,0.449,0.053,552.000,550.000,0.000,0.572,0.492,0.748,0.773,0.411,0.017,0.471,0.038
554,550,548,0.000,0.570,0.489,0.736,0.766,0.419,0.011,0.461,0.049,551.000,547.000,0.000,0.583,0.498,0.732,0.751,0.397,0.020,0.449,0.053,552.000,550.000,0.000,0.572,0.492,0.748,0.773,0.411,0.017,0.471,0.038,553.000,552.000,0.000,0.571,0.508,0.762,0.773,0.408,0.020,0.468,0.025
555,550,548,0.000,0.570,0.489,0.736,0.766,0.419,0.011,0.461,0.049,551.000,547.000,0.000,0.583,0.498,0.732,0.751,0.397,0.020,0.449,0.053,552.000,550.000,0.000,0.572,0.492,0.748,0.773,0.411,0.017,0.471,0.038,553.000,552.000,0.000,0.571,0.508,0.762,0.773,0.408,0.020,0.468,0.025
556,550,548,0.000,0.570,0.489,0.736,0.766,0.419,0.011,0.461,0.049,551.000,547.000,0.000,0.583,0.498,0.732,0.751,0.397,0.020,0.449,0.053,552.000,550.000,0.000,0.572,0.492,0.748,0.773,0.411,0.017,0.471,0.038,553.000,552.000,0.000,0.571,0.508,0.762,0.773,0.408,0.020,0.468,0.025
557,550,548,0.000,0.570,0.489,0.736,0.766,0.419,0.011,0.461,0.049,552.000,550.000,0.000,0.572,0.492,0.748,0.773,0.411,0.017,0.471,0.038,553.000,552.000,0.000,0.571,0.508,0.762,0.773,0.408,0.020,0.468,0.025,554.000,550.000,0.000,0.578,0.492,0.725,0.773,0.419,0.003,0.473,0.035
558,550,548,0.000,0.570,0.489,0.736,0.766,0.419,0.011,0.461,0.049,552.000,550.000,0.000,0.572,0.492,0.748,0.773,0.411,0.017,0.471,0.038,553.000,552.000,0.000,0.571,0.508,0.762,0.773,0.408,0.020,0.468,0.025,554.000,550.000,0.000,0.578,0.492,0.725,0.773,0.419,0.003,0.473,0.035
559,550,548,0.000,0.570,0.489,0.736,0.766,0.419,0.011,0.461,0.049,554.000,550.000,0.000,0.578,0.492,0.725,0.773,0.419,0.003,0.473,0.035,560.000,550.000,0.000,0.572,0.514,0.743,0.768,0.415,0.013,0.458,0.028,,,,,,,,,,,
560,550,548,0.000,0.570,0.489,0.736,0.766,0.419,0.011,0.461,0.049,560.000,550.000,0.000,0.572,0.514,0.743,0.768,0.415,0.013,0.458,0.028,,,,,,,,,,,,,,,,,,,,,,
561,550,548,0.000,0.570,0.489,0.736,0.766,0.419,0.011,0.461,0.049,562.000,550.000,0.000,0.566,0.497,0.736,0.764,0.428,0.006,0.461,0.042,,,,,,,,,,,,,,,,,,,,,,
562,550,548,0.000,0.570,0.489,0.736,0.766,0.419,0.011,0.461,0.049,562.000,550.000,0.000,0.566,0.497,0.736,0.764,0.428,0.006,0.461,0.042,563.000,562.000,0.008,0.568,0.492,0.734,0.768,0.425,0.007,0.464,0.044,,,,,,,,,,,
563,550,548,0.000,0.570,0.489,0.736,0.766,0.419,0.011,0.461,0.049,562.000,550.000,0.000,0.566,0.497,0.736,0.764,0.428,0.006,0.461,0.042,564.000,563.000,0.002,0.576,0.484,0.723,0.767,0.419,0.006,0.462,0.054,,,,,,,,,,,
564,550,548,0.000,0.570,0.489,0.736,0.766,0.419,0.011,0.461,0.049,562.000,550.000,0.000,0.566,0.497,0.736,0.764,0.428,0.006,0.461,0.042,564.000,563.000,0.002,0.576,0.484,0.723,0.767,0.419,0.006,0.462,0.054,565.000,564.000,0.001,0.568,0.487,0.714,0.763,0.415,0.017,0.465,0.049
565,550,548,0.000,0.570,0.489,0.736,0.766,0.419,0.011,0.461,0.049,562.000,550.000,0.000,0.566,0.497,0.736,0.764,0.428,0.006,0.461,0.042,564.000,563.000,0.002,0.576,0.484,0.723,0.767,0.419,0.006,0.462,0.054,565.000,564.000,0.001,0.568,0.487,0.714,0.763,0.415,0.017,0.465,0.049
566,550,548,0.000,0.570,0.489,0.736,0.766,0.419,0.011,0.461,0.049,562.000,550.000,0.000,0.566,0.497,0.736,0.764,0.428,0.006,0.461,0.042,564.000,563.000,0.002,0.576,0.484,0.723,0.767,0.419,0.006,0.462,0.054,565.000,564.000,0.001,0.568,0.487,0.714,0.763,0.415,0.017,0.465,0.049
567,550,548,0.000,0.570,0.489,0.736,0.766,0.419,0.011,0.461,0.049,562.000,550.000,0.000,0.566,0.497,0.736,0.764,0.428,0.006,0.461,0.042,565.000,564.000,0.001,0.568,0.487,0.714,0.763,0.415,0.017,0.465,0.049,566.000,550.000,0.000,0.571,0.504,0.748,0.763,0.427,0.002,0.441,0.056
568,550,548,0.000,0.570,0.489,0.736,0.766,0.419,0.011,0.461,0.049,562.000,550.000,0.000,0.566,0.497,0.736,0.764,0.428,0.006,0.461,0.042,565.000,564.000,0.001,0.568,0.487,0.714,0.763,0.415,0.017,0.465,0.049,566.000,550.000,0.000,0.571,0.504,0.748,0.763,0.427,0.002,0.441,0.056
569,550,548,0.000,0.570,0.489,0.736,0.766,0.419,0.011,0.461,0.049,562.000,550.000,0.000,0.566,0.497,0.736,0.764,0.428,0.006,0.461,0.042,565.000,564.000,0.001,0.568,0.487,0.714,0.763,0.415,0.017,0.465,0.049,566.000,550.000,0.000,0.571,0.504,0.748,0.763,0.427,0.002,0.441,0.056
570,550,548,0.000,0.570,0.489,0.736,0.766,0.419,0.011,0.461,0.049,562.000,550.000,0.000,0.566,0.497,0.736,0.764,0.428,0.006,0.461,0.042,565.000,564.000,0.001,0.568,0.487,0.714,0.763,0.415,0.017,0.465,0.049,566.000,550.000,0.000,0.571,0.504,0.748,0.763,0.427,0.002,0.441,0.056
571,550,548,0.000,0.570,0.489,0.736,0.766,0.419,0.011,0.461,0.049,562.000,550.000,0.000,0.566,0.497,0.736,0.764,0.428,0.006,0.461,0.042,571.000,569.000,0.009,0.555,0.477,0.731,0.766,0.430,0.015,0.481,0.042,572.000,571.000,0.006,0.542,0.486,0.736,0.769,0.434,0.024,0.483,0.031
572,550,548,0.000,0.570,0.489,0.736,0.766,0.419,0.011,0.461,0.049,562.000,550.000,0.000,0.566,0.497,0.736,0.764,0.428,0.006,0.461,0.042,572.000,571.000,0.006,0.542,0.486,0.736,0.769,0.434,0.024,0.483,0.031,573.000,562.000,0.000,0.560,0.509,0.731,0.782,0.416,0.024,0.457,0.034
573,550,548,0.000,0.570,0.489,0.736,0.766,0.419,0.011,0.461,0.049,562.000,550.000,0.000,0.566,0.497,0.736,0.764,0.428,0.006,0.461,0.042,572.000,571.000,0.006,0.542,0.486,0.736,0.769,0.434,0.024,0.483,0.031,573.000,562.000,0.000,0.560,0.509,0.731,0.782,0.416,0.024,0.457,0.034
574,550,548,0.000,0.570,0.489,0.736,0.766,0.419,0.011,0.461,0.049,562.000,550.000,0.000,0.566,0.497,0.736,0.764,0.428,0.006,0.461,0.042,572.000,571.000,0.006,0.542,0.486,0.736,0.769,0.434,0.024,0.483,0.031,573.000,562.000,0.000,0.560,0.509,0.731,0.782,0.416,0.024,0.457,0.034
575,550,548,0.000,0.570,0.489,0.736,0.766,0.419,0.011,0.461,0.049,562.000,550.000,0.000,0.566,0.497,0.736,0.764,0.428,0.006,0.461,0.042,573.000,562.000,0.000,0.560,0.509,0.731,0.782,0.416,0.024,0.457,0.034,574.000,562.000,0.001,0.566,0.492,0.728,0.777,0.424,0.010,0.455,0.053
576,550,548,0.000,0.570,0.489,0.736,0.766,0.419,0.011,0.461,0.049,562.000,550.000,0.000,0.566,0.497,0.736,0.764,0.428,0.006,0.461,0.042,573.000,562.000,0.000,0.560,0.509,0.731,0.782,0.416,0.024,0.457,0.034,574.000,562.000,0.001,0.566,0.492,0.728,0.777,0.424,0.010,0.455,0.053
577,550,548,0.000,0.570,0.489,0.736,0.766,0.419,0.011,0.461,0.049,562.000,550.000,0.000,0.566,0.497,0.736,0.764,0.428,0.006,0.461,0.042,573.000,562.000,0.000,0.560,0.509,0.731,0.782,0.416,0.024,0.457,0.034,574.000,562.000,0.001,0.566,0.492,0.728,0.777,0.424,0.010,0.455,0.053
578,550,548,0.000,0.570,0.489,0.736,0.766,0.419,0.011,0.461,0.049,562.000,550.000,0.000,0.566,0.497,0.736,0.764,0.428,0.006,0.461,0.042,573.000,562.000,0.000,0.560,0.509,0.731,0.782,0.416,0.024,0.457,0.034,574.000,562.000,0.001,0.566,0.492,0.728,0.777,0.424,0.010,0.455,0.053
579,562,550,0.000,0.566,0.497,0.736,0.764,0.428,0.006,0.461,0.042,573.000,562.000,0.000,0.560,0.509,0.731,0.782,0.416,0.024,0.457,0.034,574.000,562.000,0.001,0.566,0.492,0.728,0.777,0.424,0.010,0.455,0.053,577.000,574.000,0.000,0.575,0.504,0.732,0.776,0.420,0.005,0.451,0.045
580,562,550,0.000,0.566,0.497,0.736,0.764,0.428,0.006,0.461,0.042,574.000,562.000,0.001,0.566,0.492,0.728,0.777,0.424,0.010,0.455,0.053,577.000,574.000,0.000,0.575,0.504,0.732,0.776,0.420,0.005,0.451,0.045,578.000,577.000,0.003,0.577,0.496,0.732,0.768,0.423,0.000,0.456,0.048
581,562,550,0.000,0.566,0.497,0.736,0.764,0.428,0.006,0.461,0.042,574.000,562.000,0.001,0.566,0.492,0.728,0.777,0.424,0.010,0.455,0.053,577.000,574.000,0.000,0.575,0.504,0.732,0.776,0.420,0.005,0.451,0.045,578.000,577.000,0.003,0.577,0.496,0.732,0.768,0.423,0.000,0.456,0.048
582,562,550,0.000,0.566,0.497,0.736,0.764,0.428,0.006,0.461,0.042,582.000,581.000,0.000,0.561,0.499,0.720,0.779,0.430,0.009,0.479,0.022,583.000,562.000,0.000,0.552,0.512,0.737,0.755,0.424,0.024,0.462,0.026,,,,,,,,,,,
583,562,550,0.000,0.566,0.497,0.736,0.764,0.428,0.006,0.461,0.042,582.000,581.000,0.000,0.561,0.499,0.720,0.779,0.430,0.009,0.479,0.022,583.000,562.000,0.000,0.552,0.512,0.737,0.755,0.424,0.024,0.462,0.026,,,,,,,,,,,
584,562,550,0.000,0.566,0.497,0.736,0.764,0.428,0.006,0.461,0.042,582.000,581.000,0.000,0.561,0.499,0.720,0.779,0.430,0.009,0.479,0.022,,,,,,,,,,,,,,,,,,,,,,
585,562,550,0.000,0.566,0.497,0.736,0.764,0.428,0.006,0.461,0.042,582.000,581.000,0.000,0.561,0.499,0.720,0.779,0.430,0.009,0.479,0.022,,,,,,,,,,,,,,,,,,,,,,
586,562,550,0.000,0.566,0.497,0.736,0.764,0.428,0.006,0.461,0.042,582.000,581.000,0.000,0.561,0.499,0.720,0.779,0.430,0.009,0.479,0.022,587.000,562.000,0.000,0.562,0.494,0.743,0.758,0.434,0.004,0.462,0.045,,,,,,,,,,,
587,562,550,0.000,0.566,0.497,0.736,0.764,0.428,0.006,0.461,0.042,582.000,581.000,0.000,0.561,0.499,0.720,0.779,0.430,0.009,0.479,0.022,587.000,562.000,0.000,0.562,0.494,0.743,0.758,0.434,0.004,0.462,0.045,588.000,587.000,0.004,0.554,0.483,0.740,0.759,0.432,0.014,0.465,0.052
588,562,550,0.000,0.566,0.497,0.736,0.764,0.428,0.006,0.461,0.042,582.000,581.000,0.000,0.561,0.499,0.720,0.779,0.430,0.009,0.479,0.022,587.000,562.000,0.000,0.562,0.494,0.743,0.758,0.434,0.004,0.462,0.045,588.000,587.000,0.004,0.554,0.483,0.740,0.759,0.432,0.014,0.465,0.052
589,562,550,0.000,0.566,0.497,0.736,0.764,0.428,0.006,0.461,0.042,582.000,581.000,0.000,0.561,0.499,0.720,0.779,0.430,0.009,0.479,0.022,587.000,562.000,0.000,0.562,0.494,0.743,0.758,0.434,0.004,0.462,0.045,,,,,,,,,,,
590,582,581,0.000,0.561,0.499,0.720,0.779,0.430,0.009,0.479,0.022,587.000,562.000,0.000,0.562,0.494,0.743,0.758,0.434,0.004,0.462,0.045,,,,,,,,,,,,,,,,,,,,,,
591,582,581,0.000,0.561,0.499,0.720,0.779,0.430,0.009,0.479,0.022,587.000,562.000,0.000,0.562,0.494,0.743,0.758,0.434,0.004,0.462,0.045,,,,,,,,,,,,,,,,,,,,,,
592,582,581,0.000,0.561,0.499,0.720,0.779,0.430,0.009,0.479,0.022,587.000,562.000,0.000,0.562,0.494,0.743,0.758,0.434,0.004,0.462,0.045,593.000,587.000,0.000,0.561,0.506,0.750,0.764,0.429,0.010,0.455,0.039,,,,,,,,,,,
593,582,581,0.000,0.561,0.499,0.720,0.779,0.430,0.009,0.479,0.022,587.000,562.000,0.000,0.562,0.494,0.743,0.758,0.434,0.004,0.462,0.045,593.000,587.000,0.000,0.561,0.506,0.750,0.764,0.429,0.010,0.455,0.039,594.000,587.000,0.005,0.571,0.498,0.750,0.760,0.429,0.000,0.462,0.040
594,582,581,0.000,0.561,0.499,0.720,0.779,0.430,0.009,0.479,0.022,587.000,562.000,0.000,0.562,0.494,0.743,0.758,0.434,0.004,0.462,0.045,593.000,587.000,0.000,0.561,0.506,0.750,0.764,0.429,0.010,0.455,0.039,594.000,587.000,0.005,0.571,0.498,0.750,0.760,0.429,0.000,0.462,0.040
595,582,581,0.000,0.561,0.499,0.720,0.779,0.430,0.009,0.479,0.022,587.000,562.000,0.000,0.562,0.494,0.743,0.758,0.434,0.004,0.462,0.045,593.000,587.000,0.000,0.561,0.506,0.750,0.764,0.429,0.010,0.455,0.039,595.000,587.000,0.000,0.563,0.487,0.735,0.743,0.437,0.000,0.474,0.039
596,582,581,0.000,0.561,0.499,0.720,0.779,0.430,0.009,0.479,0.022,587.000,562.000,0.000,0.562,0.494,0.743,0.758,0.434,0.004,0.462,0.045,593.000,587.000,0.000,0.561,0.506,0.750,0.764,0.429,0.010,0.455,0.039,595.000,587.000,0.000,0.563,0.487,0.735,0.743,0.437,0.000,0.474,0.039
597,582,581,0.000,0.561,0.499,0.720,0.779,0.430,0.009,0.479,0.022,587.000,562.000,0.000,0.562,0.494,0.743,0.758,0.434,0.004,0.462,0.045,593.000,587.000,0.000,0.561,0.506,0.750,0.764,0.429,0.010,0.455,0.039,595.000,587.000,0.000,0.563,0.487,0.735,0.743,0.437,0.000,0.474,0.039
598,582,581,0.000,0.561,0.499,0.720,0.779,0.430,0.009,0.479,0.022,587.000,562.000,0.000,0.562,0.494,0.743,0.758,0.434,0.004,0.462,0.045,593.000,587.000,0.000,0.561,0.506,0.750,0.764,0.429,0.010,0.455,0.039,595.000,587.000,0.000,0.563,0.487,0.735,0.743,0.437,0.000,0.474,0.039
599,582,581,0.000,0.561,0.499,0.720,0.779,0.430,0.009,0.479,0.022,587.000,562.000,0.000,0.562,0.494,0.743,0.758,0.434,0.004,0.462,0.045,593.000,587.000,0.000,0.561,0.506,0.750,0.764,0.429,0.010,0.455,0.039,595.000,587.000,0.000,0.563,0.487,0.735,0.743,0.437,0.000,0.474,0.039
600,582,581,0.000,0.561,0.499,0.720,0.779,0.430,0.009,0.479,0.022,587.000,562.000,0.000,0.562,0.494,0.743,0.758,0.434,0.004,0.462,0.045,593.000,587.000,0.000,0.561,0.506,0.750,0.764,0.429,0.010,0.455,0.039,595.000,587.000,0.000,0.563,0.487,0.735,0.743,0.437,0.000,0.474,0.039
601,582,581,0.000,0.561,0.499,0.720,0.779,0.430,0.009,0.479,0.022,587.000,562.000,0.000,0.562,0.494,0.743,0.758,0.434,0.004,0.462,0.045,593.000,587.000,0.000,0.561,0.506,0.750,0.764,0.429,0.010,0.455,0.039,595.000,587.000,0.000,0.563,0.487,0.735,0.743,0.437,0.000,0.474,0.039
602,582,581,0.000,0.561,0.499,0.720,0.779,0.430,0.009,0.479,0.022,587.000,562.000,0.000,0.562,0.494,0.743,0.758,0.434,0.004,0.462,0.045,593.000,587.000,0.000,0.561,0.506,0.750,0.764,0.429,0.010,0.455,0.039,595.000,587.000,0.000,0.563,0.487,0.735,0.743,0.437,0.000,0.474,0.039
603,582,581,0.000,0.561,0.499,0.720,0.779,0.430,0.009,0.479,0.022,587.000,562.000,0.000,0.562,0.494,0.743,0.758,0.434,0.004,0.462,0.045,593.000,587.000,0.000,0.561,0.506,0.750,0.764,0.429,0.010,0.455,0.039,595.000,587.000,0.000,0.563,0.487,0.735,0.743,0.437,0.000,0.474,0.039
604,582,581,0.000,0.561,0.499,0.720,0.779,0.430,0.009,0.479,0.022,587.000,562.000,0.000,0.562,0.494,0.743,0.758,0.434,0.004,0.462,0.045,595.000,587.000,0.000,0.563,0.487,0.735,0.743,0.437,0.000,0.474,0.039,598.000,593.000,0.000,0.564,0.500,0.775,0.755,0.432,0.004,0.460,0.039
605,582,581,0.000,0.561,0.499,0.720,0.779,0.430,0.009,0.479,0.022,587.000,562.000,0.000,0.562,0.494,0.743,0.758,0.434,0.004,0.462,0.045,595.000,587.000,0.000,0.563,0.487,0.735,0.743,0.437,0.000,0.474,0.039,598.000,593.000,0.000,0.564,0.500,0.775,0.755,0.432,0.004,0.460,0.039
606,587,562,0.000,0.562,0.494,0.743,0.758,0.434,0.004,0.462,0.045,595.000,587.000,0.000,0.563,0.487,0.735,0.743,0.437,0.000,0.474,0.039,606.000,587.000,0.000,0.565,0.495,0.726,0.762,0.435,0.000,0.455,0.050,,,,,,,,,,,
607,587,562,0.000,0.562,0.494,0.743,0.758,0.434,0.004,0.462,0.045,595.000,587.000,0.000,0.563,0.487,0.735,0.743,0.437,0.000,0.474,0.039,608.000,595.000,0.003,0.567,0.486,0.762,0.745,0.433,0.000,0.470,0.044,,,,,,,,,,,
608,587,562,0.000,0.562,0.494,0.743,0.758,0.434,0.004,0.462,0.045,609.000,587.000,0.000,0.553,0.502,0.733,0.779,0.442,0.004,0.462,0.036,,,,,,,,,,,,,,,,,,,,,,
609,587,562,0.000,0.562,0.494,0.743,0.758,0.434,0.004,0.462,0.045,609.000,587.000,0.000,0.553,0.502,0.733,0.779,0.442,0.004,0.462,0.036,,,,,,,,,,,,,,,,,,,,,,
610,587,562,0.000,0.562,0.494,0.743,0.758,0.434,0.004,0.462,0.045,609.000,587.000,0.000,0.553,0.502,0.733,0.779,0.442,0.004,0.462,0.036,611.000,609.000,0.000,0.533,0.504,0.740,0.762,0.450,0.017,0.460,0.036,,,,,,,,,,,
611,587,562,0.000,0.562,0.494,0.743,0.758,0.434,0.004,0.462,0.045,609.000,587.000,0.000,0.553,0.502,0.733,0.779,0.442,0.004,0.462,0.036,611.000,609.000,0.000,0.533,0.504,0.740,0.762,0.450,0.017,0.460,0.036,612.000,611.000,0.000,0.545,0.496,0.743,0.751,0.454,0.001,0.453,0.051
612,611,609,0.000,0.533,0.504,0.740,0.762,0.450,0.017,0.460,0.036,612.000,611.000,0.000,0.545,0.496,0.743,0.751,0.454,0.001,0.453,0.051,613.000,611.000,0.000,0.535,0.495,0.755,0.764,0.451,0.014,0.457,0.048,,,,,,,,,,,
613,611,609,0.000,0.533,0.504,0.740,0.762,0.450,0.017,0.460,0.036,612.000,611.000,0.000,0.545,0.496,0.743,0.751,0.454,0.001,0.453,0.051,613.000,611.000,0.000,0.535,0.495,0.755,0.764,0.451,0.014,0.457,0.048,614.000,613.000,0.000,0.527,0.476,0.753,0.774,0.458,0.015,0.460,0.064
614,611,609,0.000,0.533,0.504,0.740,0.762,0.450,0.017,0.460,0.036,613.000,611.000,0.000,0.535,0.495,0.755,0.764,0.451,0.014,0.457,0.048,614.000,613.000,0.000,0.527,0.476,0.753,0.774,0.458,0.015,0.460,0.064,615.000,613.000,0.001,0.540,0.511,0.748,0.757,0.452,0.008,0.449,0.039
615,611,609,0.000,0.533,0.504,0.740,0.762,0.450,0.017,0.460,0.036,613.000,611.000,0.000,0.535,0.495,0.755,0.764,0.451,0.014,0.457,0.048,614.000,613.000,0.000,0.527,0.476,0.753,0.774,0.458,0.015,0.460,0.064,615.000,613.000,0.001,0.540,0.511,0.748,0.757,0.452,0.008,0.449,0.039
616,611,609,0.000,0.533,0.504,0.740,0.762,0.450,0.017,0.460,0.036,613.000,611.000,0.000,0.535,0.495,0.755,0.764,0.451,0.014,0.457,0.048,614.000,613.000,0.000,0.527,0.476,0.753,0.774,0.458,0.015,0.460,0.064,615.000,613.000,0.001,0.540,0.511,0.748,0.757,0.452,0.008,0.449,0.039
617,611,609,0.000,0.533,0.504,0.740,0.762,0.450,0.017,0.460,0.036,613.000,611.000,0.000,0.535,0.495,0.755,0.764,0.451,0.014,0.457,0.048,614.000,613.000,0.000,0.527,0.476,0.753,0.774,0.458,0.015,0.460,0.064,615.000,613.000,0.001,0.540,0.511,0.748,0.757,0.452,0.008,0.449,0.039
618,611,609,0.000,0.533,0.504,0.740,0.762,0.450,0.017,0.460,0.036,619.000,611.000,0.000,0.536,0.501,0.756,0.754,0.464,0.000,0.476,0.024,,,,,,,,,,,,,,,,,,,,,,
619,611,609,0.000,0.533,0.504,0.740,0.762,0.450,0.017,0.460,0.036,619.000,611.000,0.000,0.536,0.501,0.756,0.754,0.464,0.000,0.476,0.024,620.000,611.000,0.003,0.540,0.517,0.738,0.773,0.444,0.016,0.459,0.024,,,,,,,,,,,
620,611,609,0.000,0.533,0.504,0.740,0.762,0.450,0.017,0.460,0.036,619.000,611.000,0.000,0.536,0.501,0.756,0.754,0.464,0.000,0.476,0.024,620.000,611.000,0.003,0.540,0.517,0.738,0.773,0.444,0.016,0.459,0.024,621.000,620.000,0.002,0.551,0.512,0.724,0.782,0.440,0.009,0.462,0.026
621,611,609,0.000,0.533,0.504,0.740,0.762,0.450,0.017,0.460,0.036,619.000,611.000,0.000,0.536,0.501,0.756,0.754,0.464,0.000,0.476,0.024,620.000,611.000,0.003,0.540,0.517,0.738,0.773,0.444,0.016,0.459,0.024,621.000,620.000,0.002,0.551,0.512,0.724,0.782,0.440,0.009,0.462,0.026
622,611,609,0.000,0.533,0.504,0.740,0.762,0.450,0.017,0.460,0.036,619.000,611.000,0.000,0.536,0.501,0.756,0.754,0.464,0.000,0.476,0.024,622.000,621.000,0.000,0.550,0.533,0.723,0.772,0.445,0.005,0.460,0.008,623.000,622.000,0.001,0.545,0.529,0.716,0.771,0.442,0.013,0.451,0.021
623,611,609,0.000,0.533,0.504,0.740,0.762,0.450,0.017,0.460,0.036,619.000,611.000,0.000,0.536,0.501,0.756,0.754,0.464,0.000,0.476,0.024,622.000,621.000,0.000,0.550,0.533,0.723,0.772,0.445,0.005,0.460,0.008,623.000,622.000,0.001,0.545,0.529,0.716,0.771,0.442,0.013,0.451,0.021
624,611,609,0.000,0.533,0.504,0.740,0.762,0.450,0.017,0.460,0.036,619.000,611.000,0.000,0.536,0.501,0.756,0.754,0.464,0.000,0.476,0.024,623.000,622.000,0.001,0.545,0.529,0.716,0.771,0.442,0.013,0.451,0.021,625.000,622.000,0.000,0.545,0.529,0.715,0.782,0.443,0.013,0.445,0.025
625,611,609,0.000,0.533,0.504,0.740,0.762,0.450,0.017,0.460,0.036,626.000,619.000,0.000,0.535,0.482,0.770,0.744,0.451,0.013,0.491,0.027,,,,,,,,,,,,,,,,,,,,,,
626,611,609,0.000,0.533,0.504,0.740,0.762,0.450,0.017,0.460,0.036,626.000,619.000,0.000,0.535,0.482,0.770,0.744,0.451,0.013,0.491,0.027,627.000,611.000,0.000,0.549,0.510,0.737,0.763,0.451,0.000,0.460,0.030,,,,,,,,,,,
627,611,609,0.000,0.533,0.504,0.740,0.762,0.450,0.017,0.460,0.036,626.000,619.000,0.000,0.535,0.482,0.770,0.744,0.451,0.013,0.491,0.027,627.000,611.000,0.000,0.549,0.510,0.737,0.763,0.451,0.000,0.460,0.030,628.000,626.000,0.000,0.529,0.463,0.793,0.747,0.452,0.018,0.493,0.045
628,611,609,0.000,0.533,0.504,0.740,0.762,0.450,0.017,0.460,0.036,626.000,619.000,0.000,0.535,0.482,0.770,0.744,0.451,0.013,0.491,0.027,627.000,611.000,0.000,0.549,0.510,0.737,0.763,0.451,0.000,0.460,0.030,628.000,626.000,0.000,0.529,0.463,0.793,0.747,0.452,0.018,0.493,0.045
629,611,609,0.000,0.533,0.504,0.740,0.762,0.450,0.017,0.460,0.036,626.000,619.000,0.000,0.535,0.482,0.770,0.744,0.451,0.013,0.491,0.027,627.000,611.000,0.000,0.549,0.510,0.737,0.763,0.451,0.000,0.460,0.030,628.000,626.000,0.000,0.529,0.463,0.793,0.747,0.452,0.018,0.493,0.045
630,611,609,0.000,0.533,0.504,0.740,0.762,0.450,0.017,0.460,0.036,626.000,619.000,0.000,0.535,0.482,0.770,0.744,0.451,0.013,0.491,0.027,627.000,611.000,0.000,0.549,0.510,0.737,0.763,0.451,0.000,0.460,0.030,628.000,626.000,0.000,0.529,0.463,0.793,0.747,0.452,0.018,0.493,0.045
631,611,609,0.000,0.533,0.504,0.740,0.762,0.450,0.017,0.460,0.036,626.000,619.000,0.000,0.535,0.482,0.770,0.744,0.451,0.013,0.491,0.027,628.000,626.000,0.000,0.529,0.463,0.793,0.747,0.452,0.018,0.493,0.045,630.000,628.000,0.002,0.521,0.456,0.794,0.758,0.465,0.015,0.492,0.053
632,611,609,0.000,0.533,0.504,0.740,0.762,0.450,0.017,0.460,0.036,626.000,619.000,0.000,0.535,0.482,0.770,0.744,0.451,0.013,0.491,0.027,628.000,626.000,0.000,0.529,0.463,0.793,0.747,0.452,0.018,0.493,0.045,631.000,611.000,0.000,0.519,0.514,0.744,0.762,0.445,0.036,0.453,0.033
633,626,619,0.000,0.535,0.482,0.770,0.744,0.451,0.013,0.491,0.027,634.000,611.000,0.000,0.518,0.507,0.737,0.770,0.472,0.011,0.446,0.047,,,,,,,,,,,,,,,,,,,,,,
634,626,619,0.000,0.535,0.482,0.770,0.744,0.451,0.013,0.491,0.027,634.000,611.000,0.000,0.518,0.507,0.737,0.770,0.472,0.011,0.446,0.047,635.000,634.000,0.000,0.512,0.508,0.731,0.772,0.482,0.005,0.440,0.052,,,,,,,,,,,
635,626,619,0.000,0.535,0.482,0.770,0.744,0.451,0.013,0.491,0.027,634.000,611.000,0.000,0.518,0.507,0.737,0.770,0.472,0.011,0.446,0.047,635.000,634.000,0.000,0.512,0.508,0.731,0.772,0.482,0.005,0.440,0.052,,,,,,,,,,,
636,626,619,0.000,0.535,0.482,0.770,0.744,0.451,0.013,0.491,0.027,634.000,611.000,0.000,0.518,0.507,0.737,0.770,0.472,0.011,0.446,0.047,635.000,634.000,0.000,0.512,0.508,0.731,0.772,0.482,0.005,0.440,0.052,,,,,,,,,,,
637,626,619,0.000,0.535,0.482,0.770,0.744,0.451,0.013,0.491,0.027,634.000,611.000,0.000,0.518,0.507,0.737,0.770,0.472,0.011,0.446,0.047,635.000,634.000,0.000,0.512,0.508,0.731,0.772,0.482,0.005,0.440,0.052,,,,,,,,,,,
638,626,619,0.000,0.535,0.482,0.770,0.744,0.451,0.013,0.491,0.027,634.000,611.000,0.000,0.518,0.507,0.737,0.770,0.472,0.011,0.446,0.047,635.000,634.000,0.000,0.512,0.508,0.731,0.772,0.482,0.005,0.440,0.052,,,,,,,,,,,
639,626,619,0.000,0.535,0.482,0.770,0.744,0.451,0.013,0.491,0.027,634.000,611.000,0.000,0.518,0.507,0.737,0.770,0.472,0.011,0.446,0.047,635.000,634.000,0.000,0.512,0.508,0.731,0.772,0.482,0.005,0.440,0.052,,,,,,,,,,,
640,626,619,0.000,0.535,0.482,0.770,0.744,0.451,0.013,0.491,0.027,634.000,611.000,0.000,0.518,0.507,0.737,0.770,0.472,0.011,0.446,0.047,,,,,,,,,,,,,,,,,,,,,,
641,626,619,0.000,0.535,0.482,0.770,0.744,0.451,0.013,0.491,0.027,634.000,611.000,0.000,0.518,0.507,0.737,0.770,0.472,0.011,0.446,0.047,642.000,626.000,0.000,0.531,0.475,0.761,0.747,0.447,0.022,0.499,0.026,,,,,,,,,,,
642,626,619,0.000,0.535,0.482,0.770,0.744,0.451,0.013,0.491,0.027,634.000,611.000,0.000,0.518,0.507,0.737,0.770,0.472,0.011,0.446,0.047,642.000,626.000,0.000,0.531,0.475,0.761,0.747,0.447,0.022,0.499,0.026,,,,,,,,,,,
643,626,619,0.000,0.535,0.482,0.770,0.744,0.451,0.013,0.491,0.027,634.000,611.000,0.000,0.518,0.507,0.737,0.770,0.472,0.011,0.446,0.047,642.000,626.000,0.000,0.531,0.475,0.761,0.747,0.447,0.022,0.499,0.026,,,,,,,,,,,
644,626,619,0.000,0.535,0.482,0.770,0.744,0.451,0.013,0.491,0.027,634.000,611.000,0.000,0.518,0.507,0.737,0.770,0.472,0.011,0.446,0.047,642.000,626.000,0.000,0.531,0.475,0.761,0.747,0.447,0.022,0.499,0.026,645.000,642.000,0.000,0.539,0.473,0.757,0.748,0.449,0.012,0.509,0.017
645,626,619,0.000,0.535,0.482,0.770,0.744,0.451,0.013,0.491,0.027,634.000,611.000,0.000,0.518,0.507,0.737,0.770,0.472,0.011,0.446,0.047,642.000,626.000,0.000,0.531,0.475,0.761,0.747,0.447,0.022,0.499,0.026,645.000,642.000,0.000,0.539,0.473,0.757,0.748,0.449,0.012,0.509,0.017
646,626,619,0.000,0.535,0.482,0.770,0.744,0.451,0.013,0.491,0.027,634.000,611.000,0.000,0.518,0.507,0.737,0.770,0.472,0.011,0.446,0.047,642.000,626.000,0.000,0.531,0.475,0.761,0.747,0.447,0.022,0.499,0.026,645.000,642.000,0.000,0.539,0.473,0.757,0.748,0.449,0.012,0.509,0.017
647,634,611,0.000,0.518,0.507,0.737,0.770,0.472,0.011,0.446,0.047,642.000,626.000,0.000,0.531,0.475,0.761,0.747,0.447,0.022,0.499,0.026,645.000,642.000,0.000,0.539,0.473,0.757,0.748,0.449,0.012,0.509,0.017,,,,,,,,,,,
648,634,611,0.000,0.518,0.507,0.737,0.770,0.472,0.011,0.446,0.047,642.000,626.000,0.000,0.531,0.475,0.761,0.747,0.447,0.022,0.499,0.026,645.000,642.000,0.000,0.539,0.473,0.757,0.748,0.449,0.012,0.509,0.017,,,,,,,,,,,
649,634,611,0.000,0.518,0.507,0.737,0.770,0.472,0.011,0.446,0.047,645.000,642.000,0.000,0.539,0.473,0.757,0.748,0.449,0.012,0.509,0.017,,,,,,,,,,,,,,,,,,,,,,
650,634,611,0.000,0.518,0.507,0.737,0.770,0.472,0.011,0.446,0.047,645.000,642.000,0.000,0.539,0.473,0.757,0.748,0.449,0.012,0.509,0.017,651.000,634.000,0.000,0.514,0.501,0.729,0.770,0.486,0.000,0.446,0.053,,,,,,,,,,,
651,634,611,0.000,0.518,0.507,0.737,0.770,0.472,0.011,0.446,0.047,645.000,642.000,0.000,0.539,0.473,0.757,0.748,0.449,0.012,0.509,0.017,652.000,634.000,0.009,0.506,0.509,0.748,0.767,0.491,0.002,0.454,0.038,,,,,,,,,,,
652,645,642,0.000,0.539,0.473,0.757,0.748,0.449,0.012,0.509,0.017,653.000,634.000,0.005,0.524,0.497,0.739,0.765,0.470,0.005,0.445,0.058,,,,,,,,,,,,,,,,,,,,,,
653,645,642,0.000,0.539,0.473,0.757,0.748,0.449,0.012,0.509,0.017,653.000,634.000,0.005,0.524,0.497,0.739,0.765,0.470,0.005,0.445,0.058,654.000,653.000,0.003,0.523,0.492,0.737,0.767,0.467,0.010,0.436,0.072,,,,,,,,,,,
654,645,642,0.000,0.539,0.473,0.757,0.748,0.449,0.012,0.509,0.017,655.000,654.000,0.000,0.524,0.495,0.751,0.757,0.460,0.015,0.437,0.069,,,,,,,,,,,,,,,,,,,,,,
655,645,642,0.000,0.539,0.473,0.757,0.748,0.449,0.012,0.509,0.017,655.000,654.000,0.000,0.524,0.495,0.751,0.757,0.460,0.015,0.437,0.069,656.000,645.000,0.004,0.537,0.467,0.742,0.744,0.457,0.006,0.507,0.026,,,,,,,,,,,
656,645,642,0.000,0.539,0.473,0.757,0.748,0.449,0.012,0.509,0.017,656.000,645.000,0.004,0.537,0.467,0.742,0.744,0.457,0.006,0.507,0.026,657.000,656.000,0.006,0.545,0.457,0.729,0.745,0.448,0.007,0.517,0.025,,,,,,,,,,,
657,645,642,0.000,0.539,0.473,0.757,0.748,0.449,0.012,0.509,0.017,656.000,645.000,0.004,0.537,0.467,0.742,0.744,0.457,0.006,0.507,0.026,658.000,656.000,0.000,0.531,0.464,0.752,0.753,0.463,0.006,0.507,0.029,,,,,,,,,,,
658,645,642,0.000,0.539,0.473,0.757,0.748,0.449,0.012,0.509,0.017,656.000,645.000,0.004,0.537,0.467,0.742,0.744,0.457,0.006,0.507,0.026,658.000,656.000,0.000,0.531,0.464,0.752,0.753,0.463,0.006,0.507,0.029,659.000,658.000,0.001,0.543,0.469,0.754,0.768,0.455,0.002,0.510,0.021
659,645,642,0.000,0.539,0.473,0.757,0.748,0.449,0.012,0.509,0.017,656.000,645.000,0.004,0.537,0.467,0.742,0.744,0.457,0.006,0.507,0.026,658.000,656.000,0.000,0.531,0.464,0.752,0.753,0.463,0.006,0.507,0.029,659.000,658.000,0.001,0.543,0.469,0.754,0.768,0.455,0.002,0.510,0.021
660,645,642,0.000,0.539,0.473,0.757,0.748,0.449,0.012,0.509,0.017,656.000,645.000,0.004,0.537,0.467,0.742,0.744,0.457,0.006,0.507,0.026,658.000,656.000,0.000,0.531,0.464,0.752,0.753,0.463,0.006,0.507,0.029,659.000,658.000,0.001,0.543,0.469,0.754,0.768,0.455,0.002,0.510,0.021
661,645,642,0.000,0.539,0.473,0.757,0.748,0.449,0.012,0.509,0.017,658.000,656.000,0.000,0.531,0.464,0.752,0.753,0.463,0.006,0.507,0.029,,,,,,,,,,,,,,,,,,,,,,
662,645,642,0.000,0.539,0.473,0.757,0.748,0.449,0.012,0.509,0.017,658.000,656.000,0.000,0.531,0.464,0.752,0.753,0.463,0.006,0.507,0.029,663.000,645.000,0.002,0.528,0.456,0.757,0.738,0.443,0.029,0.519,0.025,,,,,,,,,,,
663,645,642,0.000,0.539,0.473,0.757,0.748,0.449,0.012,0.509,0.017,658.000,656.000,0.000,0.531,0.464,0.752,0.753,0.463,0.006,0.507,0.029,663.000,645.000,0.002,0.528,0.456,0.757,0.738,0.443,0.029,0.519,0.025,664.000,663.000,0.006,0.529,0.441,0.744,0.735,0.446,0.025,0.526,0.033
664,645,642,0.000,0.539,0.473,0.757,0.748,0.449,0.012,0.509,0.017,658.000,656.000,0.000,0.531,0.464,0.752,0.753,0.463,0.006,0.507,0.029,663.000,645.000,0.002,0.528,0.456,0.757,0.738,0.443,0.029,0.519,0.025,664.000,663.000,0.006,0.529,0.441,0.744,0.735,0.446,0.025,0.526,0.033
665,645,642,0.000,0.539,0.473,0.757,0.748,0.449,0.012,0.509,0.017,658.000,656.000,0.000,0.531,0.464,0.752,0.753,0.463,0.006,0.507,0.029,663.000,645.000,0.002,0.528,0.456,0.757,0.738,0.443,0.029,0.519,0.025,665.000,663.000,0.000,0.521,0.442,0.748,0.747,0.448,0.031,0.523,0.035
666,658,656,0.000,0.531,0.464,0.752,0.753,0.463,0.006,0.507,0.029,667.000,645.000,0.000,0.534,0.476,0.744,0.754,0.462,0.004,0.496,0.029,,,,,,,,,,,,,,,,,,,,,,
667,658,656,0.000,0.531,0.464,0.752,0.753,0.463,0.006,0.507,0.029,667.000,645.000,0.000,0.534,0.476,0.744,0.754,0.462,0.004,0.496,0.029,,,,,,,,,,,,,,,,,,,,,,
668,658,656,0.000,0.531,0.464,0.752,0.753,0.463,0.006,0.507,0.029,667.000,645.000,0.000,0.534,0.476,0.744,0.754,0.462,0.004,0.496,0.029,669.000,658.000,0.000,0.533,0.456,0.756,0.762,0.451,0.016,0.497,0.047,,,,,,,,,,,
669,658,656,0.000,0.531,0.464,0.752,0.753,0.463,0.006,0.507,0.029,667.000,645.000,0.000,0.534,0.476,0.744,0.754,0.462,0.004,0.496,0.029,669.000,658.000,0.000,0.533,0.456,0.756,0.762,0.451,0.016,0.497,0.047,670.000,658.000,0.000,0.527,0.466,0.764,0.751,0.473,0.000,0.506,0.028
670,658,656,0.000,0.531,0.464,0.752,0.753,0.463,0.006,0.507,0.029,667.000,645.000,0.000,0.534,0.476,0.744,0.754,0.462,0.004,0.496,0.029,669.000,658.000,0.000,0.533,0.456,0.756,0.762,0.451,0.016,0.497,0.047,670.000,658.000,0.000,0.527,0.466,0.764,0.751,0.473,0.000,0.506,0.028
671,658,656,0.000,0.531,0.464,0.752,0.753,0.463,0.006,0.507,0.029,667.000,645.000,0.000,0.534,0.476,0.744,0.754,0.462,0.004,0.496,0.029,669.000,658.000,0.000,0.533,0.456,0.756,0.762,0.451,0.016,0.497,0.047,670.000,658.000,0.000,0.527,0.466,0.764,0.751,0.473,0.000,0.506,0.028
672,658,656,0.000,0.531,0.464,0.752,0.753,0.463,0.006,0.507,0.029,667.000,645.000,0.000,0.534,0.476,0.744,0.754,0.462,0.004,0.496,0.029,669.000,658.000,0.000,0.533,0.456,0.756,0.762,0.451,0.016,0.497,0.047,670.000,658.000,0.000,0.527,0.466,0.764,0.751,0.473,0.000,0.506,0.028
673,658,656,0.000,0.531,0.464,0.752,0.753,0.463,0.006,0.507,0.029,667.000,645.000,0.000,0.534,0.476,0.744,0.754,0.462,0.004,0.496,0.029,669.000,658.000,0.000,0.533,0.456,0.756,0.762,0.451,0.016,0.497,0.047,670.000,658.000,0.000,0.527,0.466,0.764,0.751,0.473,0.000,0.506,0.028
674,658,656,0.000,0.531,0.464,0.752,0.753,0.463,0.006,0.507,0.029,667.000,645.000,0.000,0.534,0.476,0.744,0.754,0.462,0.004,0.496,0.029,669.000,658.000,0.000,0.533,0.456,0.756,0.762,0.451,0.016,0.497,0.047,670.000,658.000,0.000,0.527,0.466,0.764,0.751,0.473,0.000,0.506,0.028
675,658,656,0.000,0.531,0.464,0.752,0.753,0.463,0.006,0.507,0.029,667.000,645.000,0.000,0.534,0.476,0.744,0.754,0.462,0.004,0.496,0.029,669.000,658.000,0.000,0.533,0.456,0.756,0.762,0.451,0.016,0.497,0.047,670.000,658.000,0.000,0.527,0.466,0.764,0.751,0.473,0.000,0.506,0.028
676,658,656,0.000,0.531,0.464,0.752,0.753,0.463,0.006,0.507,0.029,667.000,645.000,0.000,0.534,0.476,0.744,0.754,0.462,0.004,0.496,0.029,669.000,658.000,0.000,0.533,0.456,0.756,0.762,0.451,0.016,0.497,0.047,670.000,658.000,0.000,0.527,0.466,0.764,0.751,0.473,0.000,0.506,0.028
677,658,656,0.000,0.531,0.464,0.752,0.753,0.463,0.006,0.507,0.029,667.000,645.000,0.000,0.534,0.476,0.744,0.754,0.462,0.004,0.496,0.029,669.000,658.000,0.000,0.533,0.456,0.756,0.762,0.451,0.016,0.497,0.047,670.000,658.000,0.000,0.527,0.466,0.764,0.751,0.473,0.000,0.506,0.028
678,658,656,0.000,0.531,0.464,0.752,0.753,0.463,0.006,0.507,0.029,667.000,645.000,0.000,0.534,0.476,0.744,0.754,0.462,0.004,0.496,0.029,669.000,658.000,0.000,0.533,0.456,0.756,0.762,0.451,0.016,0.497,0.047,670.000,658.000,0.000,0.527,0.466,0.764,0.751,0.473,0.000,0.506,0.028
679,658,656,0.000,0.531,0.464,0.752,0.753,0.463,0.006,0.507,0.029,667.000,645.000,0.000,0.534,0.476,0.744,0.754,0.462,0.004,0.496,0.029,670.000,658.000,0.000,0.527,0.466,0.764,0.751,0.473,0.000,0.506,0.028,671.000,658.000,0.000,0.523,0.470,0.762,0.752,0.458,0.019,0.501,0.029
680,658,656,0.000,0.531,0.464,0.752,0.753,0.463,0.006,0.507,0.029,667.000,645.000,0.000,0.534,0.476,0.744,0.754,0.462,0.004,0.496,0.029,670.000,658.000,0.000,0.527,0.466,0.764,0.751,0.473,0.000,0.506,0.028,671.000,658.000,0.000,0.523,0.470,0.762,0.752,0.458,0.019,0.501,0.029
681,658,656,0.000,0.531,0.464,0.752,0.753,0.463,0.006,0.507,0.029,667.000,645.000,0.000,0.534,0.476,0.744,0.754,0.462,0.004,0.496,0.029,670.000,658.000,0.000,0.527,0.466,0.764,0.751,0.473,0.000,0.506,0.028,671.000,658.000,0.000,0.523,0.470,0.762,0.752,0.458,0.019,0.501,0.029
682,658,656,0.000,0.531,0.464,0.752,0.753,0.463,0.006,0.507,0.029,667.000,645.000,0.000,0.534,0.476,0.744,0.754,0.462,0.004,0.496,0.029,671.000,658.000,0.000,0.523,0.470,0.762,0.752,0.458,0.019,0.501,0.029,673.000,658.000,0.000,0.534,0.469,0.761,0.736,0.462,0.004,0.490,0.041
683,658,656,0.000,0.531,0.464,0.752,0.753,0.463,0.006,0.507,0.029,667.000,645.000,0.000,0.534,0.476,0.744,0.754,0.462,0.004,0.496,0.029,671.000,658.000,0.000,0.523,0.470,0.762,0.752,0.458,0.019,0.501,0.029,673.000,658.000,0.000,0.534,0.469,0.761,0.736,0.462,0.004,0.490,0.041
684,658,656,0.000,0.531,0.464,0.752,0.753,0.463,0.006,0.507,0.029,667.000,645.000,0.000,0.534,0.476,0.744,0.754,0.462,0.004,0.496,0.029,671.000,658.000,0.000,0.523,0.470,0.762,0.752,0.458,0.019,0.501,0.029,673.000,658.000,0.000,0.534,0.469,0.761,0.736,0.462,0.004,0.490,0.041
685,658,656,0.000,0.531,0.464,0.752,0.753,0.463,0.006,0.507,0.029,667.000,645.000,0.000,0.534,0.476,0.744,0.754,0.462,0.004,0.496,0.029,673.000,658.000,0.000,0.534,0.469,0.761,0.736,0.462,0.004,0.490,0.041,679.000,658.000,0.000,0.520,0.467,0.758,0.744,0.457,0.023,0.507,0.026
686,658,656,0.000,0.531,0.464,0.752,0.753,0.463,0.006,0.507,0.029,667.000,645.000,0.000,0.534,0.476,0.744,0.754,0.462,0.004,0.496,0.029,680.000,670.000,0.000,0.523,0.465,0.764,0.752,0.476,0.001,0.506,0.029,684.000,667.000,0.000,0.542,0.480,0.748,0.747,0.458,0.000,0.502,0.018
687,658,656,0.000,0.531,0.464,0.752,0.753,0.463,0.006,0.507,0.029,667.000,645.000,0.000,0.534,0.476,0.744,0.754,0.462,0.004,0.496,0.029,680.000,670.000,0.000,0.523,0.465,0.764,0.752,0.476,0.001,0.506,0.029,,,,,,,,,,,
688,658,656,0.000,0.531,0.464,0.752,0.753,0.463,0.006,0.507,0.029,667.000,645.000,0.000,0.534,0.476,0.744,0.754,0.462,0.004,0.496,0.029,680.000,670.000,0.000,0.523,0.465,0.764,0.752,0.476,0.001,0.506,0.029,689.000,658.000,0.000,0.546,0.444,0.734,0.765,0.451,0.003,0.524,0.033
689,658,656,0.000,0.531,0.464,0.752,0.753,0.463,0.006,0.507,0.029,667.000,645.000,0.000,0.534,0.476,0.744,0.754,0.462,0.004,0.496,0.029,680.000,670.000,0.000,0.523,0.465,0.764,0.752,0.476,0.001,0.506,0.029,689.000,658.000,0.000,0.546,0.444,0.734,0.765,0.451,0.003,0.524,0.033
690,658,656,0.000,0.531,0.464,0.752,0.753,0.463,0.006,0.507,0.029,667.000,645.000,0.000,0.534,0.476,0.744,0.754,0.462,0.004,0.496,0.029,680.000,670.000,0.000,0.523,0.465,0.764,0.752,0.476,0.001,0.506,0.029,689.000,658.000,0.000,0.546,0.444,0.734,0.765,0.451,0.003,0.524,0.033
691,658,656,0.000,0.531,0.464,0.752,0.753,0.463,0.006,0.507,0.029,667.000,645.000,0.000,0.534,0.476,0.744,0.754,0.462,0.004,0.496,0.029,680.000,670.000,0.000,0.523,0.465,0.764,0.752,0.476,0.001,0.506,0.029,689.000,658.000,0.000,0.546,0.444,0.734,0.765,0.451,0.003,0.524,0.033
692,658,656,0.000,0.531,0.464,0.752,0.753,0.463,0.006,0.507,0.029,680.000,670.000,0.000,0.523,0.465,0.764,0.752,0.476,0.001,0.506,0.029,692.000,690.000,0.011,0.555,0.464,0.786,0.756,0.438,0.007,0.517,0.019,693.000,667.000,0.003,0.546,0.478,0.753,0.749,0.454,0.000,0.491,0.031
693,658,656,0.000,0.531,0.464,0.752,0.753,0.463,0.006,0.507,0.029,680.000,670.000,0.000,0.523,0.465,0.764,0.752,0.476,0.001,0.506,0.029,692.000,690.000,0.011,0.555,0.464,0.786,0.756,0.438,0.007,0.517,0.019,693.000,667.000,0.003,0.546,0.478,0.753,0.749,0.454,0.000,0.491,0.031
694,658,656,0.000,0.531,0.464,0.752,0.753,0.463,0.006,0.507,0.029,680.000,670.000,0.000,0.523,0.465,0.764,0.752,0.476,0.001,0.506,0.029,693.000,667.000,0.003,0.546,0.478,0.753,0.749,0.454,0.000,0.491,0.031,695.000,693.000,0.000,0.537,0.474,0.756,0.754,0.463,0.000,0.478,0.047
695,658,656,0.000,0.531,0.464,0.752,0.753,0.463,0.006,0.507,0.029,680.000,670.000,0.000,0.523,0.465,0.764,0.752,0.476,0.001,0.506,0.029,695.000,693.000,0.000,0.537,0.474,0.756,0.754,0.463,0.000,0.478,0.047,696.000,693.000,0.000,0.535,0.491,0.764,0.761,0.452,0.012,0.493,0.016
696,658,656,0.000,0.531,0.464,0.752,0.753,0.463,0.006,0.507,0.029,697.000,658.000,0.000,0.523,0.470,0.772,0.750,0.468,0.009,0.502,0.029,,,,,,,,,,,,,,,,,,,,,,
697,658,656,0.000,0.531,0.464,0.752,0.753,0.463,0.006,0.507,0.029,697.000,658.000,0.000,0.523,0.470,0.772,0.750,0.468,0.009,0.502,0.029,698.000,697.000,0.000,0.529,0.473,0.772,0.748,0.471,0.000,0.501,0.025,,,,,,,,,,,
698,658,656,0.000,0.531,0.464,0.752,0.753,0.463,0.006,0.507,0.029,699.000,698.000,0.000,0.514,0.481,0.772,0.743,0.482,0.004,0.493,0.027,,,,,,,,,,,,,,,,,,,,,,
699,658,656,0.000,0.531,0.464,0.752,0.753,0.463,0.006,0.507,0.029,699.000,698.000,0.000,0.514,0.481,0.772,0.743,0.482,0.004,0.493,0.027,,,,,,,,,,,,,,,,,,,,,,
700,658,656,0.000,0.531,0.464,0.752,0.753,0.463,0.006,0.507,0.029,699.000,698.000,0.000,0.514,0.481,0.772,0.743,0.482,0.004,0.493,0.027,,,,,,,,,,,,,,,,,,,,,,
701,658,656,0.000,0.531,0.464,0.752,0.753,0.463,0.006,0.507,0.029,699.000,698.000,0.000,0.514,0.481,0.772,0.743,0.482,0.004,0.493,0.027,,,,,,,,,,,,,,,,,,,,,,
702,658,656,0.000,0.531,0.464,0.752,0.753,0.463,0.006,0.507,0.029,699.000,698.000,0.000,0.514,0.481,0.772,0.743,0.482,0.004,0.493,0.027,,,,,,,,,,,,,,,,,,,,,,
703,658,656,0.000,0.531,0.464,0.752,0.753,0.463,0.006,0.507,0.029,699.000,698.000,0.000,0.514,0.481,0.772,0.743,0.482,0.004,0.493,0.027,704.000,699.000,0.000,0.504,0.488,0.762,0.744,0.479,0.017,0.494,0.018,,,,,,,,,,,
704,658,656,0.000,0.531,0.464,0.752,0.753,0.463,0.006,0.507,0.029,699.000,698.000,0.000,0.514,0.481,0.772,0.743,0.482,0.004,0.493,0.027,704.000,699.000,0.000,0.504,0.488,0.762,0.744,0.479,0.017,0.494,0.018,705.000,699.000,0.000,0.509,0.481,0.763,0.748,0.478,0.013,0.494,0.024
705,658,656,0.000,0.531,0.464,0.752,0.753,0.463,0.006,0.507,0.029,699.000,698.000,0.000,0.514,0.481,0.772,0.743,0.482,0.004,0.493,0.027,705.000,699.000,0.000,0.509,0.481,0.763,0.748,0.478,0.013,0.494,0.024,,,,,,,,,,,
706,658,656,0.000,0.531,0.464,0.752,0.753,0.463,0.006,0.507,0.029,699.000,698.000,0.000,0.514,0.481,0.772,0.743,0.482,0.004,0.493,0.027,705.000,699.000,0.000,0.509,0.481,0.763,0.748,0.478,0.013,0.494,0.024,707.000,699.000,0.002,0.517,0.483,0.765,0.737,0.469,0.015,0.491,0.026
707,658,656,0.000,0.531,0.464,0.752,0.753,0.463,0.006,0.507,0.029,699.000,698.000,0.000,0.514,0.481,0.772,0.743,0.482,0.004,0.493,0.027,705.000,699.000,0.000,0.509,0.481,0.763,0.748,0.478,0.013,0.494,0.024,707.000,699.000,0.002,0.517,0.483,0.765,0.737,0.469,0.015,0.491,0.026
708,658,656,0.000,0.531,0.464,0.752,0.753,0.463,0.006,0.507,0.029,699.000,698.000,0.000,0.514,0.481,0.772,0.743,0.482,0.004,0.493,0.027,705.000,699.000,0.000,0.509,0.481,0.763,0.748,0.478,0.013,0.494,0.024,707.000,699.000,0.002,0.517,0.483,0.765,0.737,0.469,0.015,0.491,0.026
709,658,656,0.000,0.531,0.464,0.752,0.753,0.463,0.006,0.507,0.029,699.000,698.000,0.000,0.514,0.481,0.772,0.743,0.482,0.004,0.493,0.027,705.000,699.000,0.000,0.509,0.481,0.763,0.748,0.478,0.013,0.494,0.024,710.000,658.000,0.000,0.534,0.459,0.751,0.735,0.466,0.000,0.509,0.031
710,658,656,0.000,0.531,0.464,0.752,0.753,0.463,0.006,0.507,0.029,699.000,698.000,0.000,0.514,0.481,0.772,0.743,0.482,0.004,0.493,0.027,705.000,699.000,0.000,0.509,0.481,0.763,0.748,0.478,0.013,0.494,0.024,710.000,658.000,0.000,0.534,0.459,0.751,0.735,0.466,0.000,0.509,0.031
711,658,656,0.000,0.531,0.464,0.752,0.753,0.463,0.006,0.507,0.029,699.000,698.000,0.000,0.514,0.481,0.772,0.743,0.482,0.004,0.493,0.027,705.000,699.000,0.000,0.509,0.481,0.763,0.748,0.478,0.013,0.494,0.024,710.000,658.000,0.000,0.534,0.459,0.751,0.735,0.466,0.000,0.509,0.031
712,699,698,0.000,0.514,0.481,0.772,0.743,0.482,0.004,0.493,0.027,705.000,699.000,0.000,0.509,0.481,0.763,0.748,0.478,0.013,0.494,0.024,710.000,658.000,0.000,0.534,0.459,0.751,0.735,0.466,0.000,0.509,0.031,712.000,658.000,0.001,0.532,0.462,0.766,0.761,0.468,0.000,0.513,0.025
713,699,698,0.000,0.514,0.481,0.772,0.743,0.482,0.004,0.493,0.027,705.000,699.000,0.000,0.509,0.481,0.763,0.748,0.478,0.013,0.494,0.024,710.000,658.000,0.000,0.534,0.459,0.751,0.735,0.466,0.000,0.509,0.031,713.000,705.000,0.000,0.519,0.479,0.752,0.761,0.461,0.020,0.497,0.024
714,699,698,0.000,0.514,0.481,0.772,0.743,0.482,0.004,0.493,0.027,705.000,699.000,0.000,0.509,0.481,0.763,0.748,0.478,0.013,0.494,0.024,710.000,658.000,0.000,0.534,0.459,0.751,0.735,0.466,0.000,0.509,0.031,714.000,713.000,0.000,0.534,0.474,0.755,0.770,0.455,0.012,0.491,0.035
715,699,698,0.000,0.514,0.481,0.772,0.743,0.482,0.004,0.493,0.027,705.000,699.000,0.000,0.509,0.481,0.763,0.748,0.478,0.013,0.494,0.024,710.000,658.000,0.000,0.534,0.459,0.751,0.735,0.466,0.000,0.509,0.031,,,,,,,,,,,
716,705,699,0.000,0.509,0.481,0.763,0.748,0.478,0.013,0.494,0.024,717.000,710.000,0.000,0.529,0.460,0.738,0.736,0.462,0.009,0.505,0.035,,,,,,,,,,,,,,,,,,,,,,
717,705,699,0.000,0.509,0.481,0.763,0.748,0.478,0.013,0.494,0.024,717.000,710.000,0.000,0.529,0.460,0.738,0.736,0.462,0.009,0.505,0.035,718.000,717.000,0.001,0.532,0.464,0.734,0.727,0.461,0.007,0.501,0.035,,,,,,,,,,,
718,705,699,0.000,0.509,0.481,0.763,0.748,0.478,0.013,0.494,0.024,717.000,710.000,0.000,0.529,0.460,0.738,0.736,0.462,0.009,0.505,0.035,718.000,717.000,0.001,0.532,0.464,0.734,0.727,0.461,0.007,0.501,0.035,719.000,705.000,0.002,0.516,0.472,0.771,0.760,0.484,0.000,0.494,0.034
719,705,699,0.000,0.509,0.481,0.763,0.748,0.478,0.013,0.494,0.024,717.000,710.000,0.000,0.529,0.460,0.738,0.736,0.462,0.009,0.505,0.035,718.000,717.000,0.001,0.532,0.464,0.734,0.727,0.461,0.007,0.501,0.035,719.000,705.000,0.002,0.516,0.472,0.771,0.760,0.484,0.000,0.494,0.034
720,705,699,0.000,0.509,0.481,0.763,0.748,0.478,0.013,0.494,0.024,717.000,710.000,0.000,0.529,0.460,0.738,0.736,0.462,0.009,0.505,0.035,721.000,718.000,0.000,0.524,0.470,0.737,0.721,0.461,0.015,0.502,0.027,,,,,,,,,,,
721,705,699,0.000,0.509,0.481,0.763,0.748,0.478,0.013,0.494,0.024,717.000,710.000,0.000,0.529,0.460,0.738,0.736,0.462,0.009,0.505,0.035,721.000,718.000,0.000,0.524,0.470,0.737,0.721,0.461,0.015,0.502,0.027,722.000,705.000,0.010,0.505,0.482,0.774,0.748,0.477,0.018,0.499,0.019
722,705,699,0.000,0.509,0.481,0.763,0.748,0.478,0.013,0.494,0.024,717.000,710.000,0.000,0.529,0.460,0.738,0.736,0.462,0.009,0.505,0.035,721.000,718.000,0.000,0.524,0.470,0.737,0.721,0.461,0.015,0.502,0.027,722.000,705.000,0.010,0.505,0.482,0.774,0.748,0.477,0.018,0.499,0.019
723,705,699,0.000,0.509,0.481,0.763,0.748,0.478,0.013,0.494,0.024,717.000,710.000,0.000,0.529,0.460,0.738,0.736,0.462,0.009,0.505,0.035,721.000,718.000,0.000,0.524,0.470,0.737,0.721,0.461,0.015,0.502,0.027,722.000,705.000,0.010,0.505,0.482,0.774,0.748,0.477,0.018,0.499,0.019
724,705,699,0.000,0.509,0.481,0.763,0.748,0.478,0.013,0.494,0.024,717.000,710.000,0.000,0.529,0.460,0.738,0.736,0.462,0.009,0.505,0.035,721.000,718.000,0.000,0.524,0.470,0.737,0.721,0.461,0.015,0.502,0.027,724.000,717.000,0.001,0.536,0.465,0.742,0.734,0.464,0.000,0.504,0.031
725,705,699,0.000,0.509,0.481,0.763,0.748,0.478,0.013,0.494,0.024,717.000,710.000,0.000,0.529,0.460,0.738,0.736,0.462,0.009,0.505,0.035,721.000,718.000,0.000,0.524,0.470,0.737,0.721,0.461,0.015,0.502,0.027,726.000,717.000,0.000,0.534,0.460,0.733,0.726,0.458,0.008,0.511,0.030
726,705,699,0.000,0.509,0.481,0.763,0.748,0.478,0.013,0.494,0.024,717.000,710.000,0.000,0.529,0.460,0.738,0.736,0.462,0.009,0.505,0.035,721.000,718.000,0.000,0.524,0.470,0.737,0.721,0.461,0.015,0.502,0.027,726.000,717.000,0.000,0.534,0.460,0.733,0.726,0.458,0.008,0.511,0.030
727,705,699,0.000,0.509,0.481,0.763,0.748,0.478,0.013,0.494,0.024,717.000,710.000,0.000,0.529,0.460,0.738,0.736,0.462,0.009,0.505,0.035,721.000,718.000,0.000,0.524,0.470,0.737,0.721,0.461,0.015,0.502,0.027,726.000,717.000,0.000,0.534,0.460,0.733,0.726,0.458,0.008,0.511,0.030
728,705,699,0.000,0.509,0.481,0.763,0.748,0.478,0.013,0.494,0.024,717.000,710.000,0.000,0.529,0.460,0.738,0.736,0.462,0.009,0.505,0.035,721.000,718.000,0.000,0.524,0.470,0.737,0.721,0.461,0.015,0.502,0.027,726.000,717.000,0.000,0.534,0.460,0.733,0.726,0.458,0.008,0.511,0.030
729,705,699,0.000,0.509,0.481,0.763,0.748,0.478,0.013,0.494,0.024,717.000,710.000,0.000,0.529,0.460,0.738,0.736,0.462,0.009,0.505,0.035,721.000,718.000,0.000,0.524,0.470,0.737,0.721,0.461,0.015,0.502,0.027,726.000,717.000,0.000,0.534,0.460,0.733,0.726,0.458,0.008,0.511,0.030
730,705,699,0.000,0.509,0.481,0.763,0.748,0.478,0.013,0.494,0.024,717.000,710.000,0.000,0.529,0.460,0.738,0.736,0.462,0.009,0.505,0.035,721.000,718.000,0.000,0.524,0.470,0.737,0.721,0.461,0.015,0.502,0.027,726.000,717.000,0.000,0.534,0.460,0.733,0.726,0.458,0.008,0.511,0.030
731,705,699,0.000,0.509,0.481,0.763,0.748,0.478,0.013,0.494,0.024,717.000,710.000,0.000,0.529,0.460,0.738,0.736,0.462,0.009,0.505,0.035,721.000,718.000,0.000,0.524,0.470,0.737,0.721,0.461,0.015,0.502,0.027,726.000,717.000,0.000,0.534,0.460,0.733,0.726,0.458,0.008,0.511,0.030
732,705,699,0.000,0.509,0.481,0.763,0.748,0.478,0.013,0.494,0.024,717.000,710.000,0.000,0.529,0.460,0.738,0.736,0.462,0.009,0.505,0.035,721.000,718.000,0.000,0.524,0.470,0.737,0.721,0.461,0.015,0.502,0.027,726.000,717.000,0.000,0.534,0.460,0.733,0.726,0.458,0.008,0.511,0.030
733,705,699,0.000,0.509,0.481,0.763,0.748,0.478,0.013,0.494,0.024,717.000,710.000,0.000,0.529,0.460,0.738,0.736,0.462,0.009,0.505,0.035,726.000,717.000,0.000,0.534,0.460,0.733,0.726,0.458,0.008,0.511,0.030,728.000,717.000,0.000,0.532,0.447,0.736,0.732,0.468,0.000,0.505,0.048
734,705,699,0.000,0.509,0.481,0.763,0.748,0.478,0.013,0.494,0.024,717.000,710.000,0.000,0.529,0.460,0.738,0.736,0.462,0.009,0.505,0.035,726.000,717.000,0.000,0.534,0.460,0.733,0.726,0.458,0.008,0.511,0.030,728.000,717.000,0.000,0.532,0.447,0.736,0.732,0.468,0.000,0.505,0.048
735,705,699,0.000,0.509,0.481,0.763,0.748,0.478,0.013,0.494,0.024,717.000,710.000,0.000,0.529,0.460,0.738,0.736,0.462,0.009,0.505,0.035,726.000,717.000,0.000,0.534,0.460,0.733,0.726,0.458,0.008,0.511,0.030,728.000,717.000,0.000,0.532,0.447,0.736,0.732,0.468,0.000,0.505,0.048
736,705,699,0.000,0.509,0.481,0.763,0.748,0.478,0.013,0.494,0.024,717.000,710.000,0.000,0.529,0.460,0.738,0.736,0.462,0.009,0.505,0.035,726.000,717.000,0.000,0.534,0.460,0.733,0.726,0.458,0.008,0.511,0.030,728.000,717.000,0.000,0.532,0.447,0.736,0.732,0.468,0.000,0.505,0.048
737,705,699,0.000,0.509,0.481,0.763,0.748,0.478,0.013,0.494,0.024,717.000,710.000,0.000,0.529,0.460,0.738,0.736,0.462,0.009,0.505,0.035,726.000,717.000,0.000,0.534,0.460,0.733,0.726,0.458,0.008,0.511,0.030,728.000,717.000,0.000,0.532,0.447,0.736,0.732,0.468,0.000,0.505,0.048
738,705,699,0.000,0.509,0.481,0.763,0.748,0.478,0.013,0.494,0.024,717.000,710.000,0.000,0.529,0.460,0.738,0.736,0.462,0.009,0.505,0.035,726.000,717.000,0.000,0.534,0.460,0.733,0.726,0.458,0.008,0.511,0.030,728.000,717.000,0.000,0.532,0.447,0.736,0.732,0.468,0.000,0.505,0.048
739,705,699,0.000,0.509,0.481,0.763,0.748,0.478,0.013,0.494,0.024,717.000,710.000,0.000,0.529,0.460,0.738,0.736,0.462,0.009,0.505,0.035,726.000,717.000,0.000,0.534,0.460,0.733,0.726,0.458,0.008,0.511,0.030,740.000,705.000,0.000,0.509,0.486,0.769,0.752,0.479,0.012,0.503,0.012
740,705,699,0.000,0.509,0.481,0.763,0.748,0.478,0.013,0.494,0.024,717.000,710.000,0.000,0.529,0.460,0.738,0.736,0.462,0.009,0.505,0.035,726.000,717.000,0.000,0.534,0.460,0.733,0.726,0.458,0.008,0.511,0.030,740.000,705.000,0.000,0.509,0.486,0.769,0.752,0.479,0.012,0.503,0.012
741,705,699,0.000,0.509,0.481,0.763,0.748,0.478,0.013,0.494,0.024,717.000,710.000,0.000,0.529,0.460,0.738,0.736,0.462,0.009,0.505,0.035,726.000,717.000,0.000,0.534,0.460,0.733,0.726,0.458,0.008,0.511,0.030,740.000,705.000,0.000,0.509,0.486,0.769,0.752,0.479,0.012,0.503,0.012
742,705,699,0.000,0.509,0.481,0.763,0.748,0.478,0.013,0.494,0.024,717.000,710.000,0.000,0.529,0.460,0.738,0.736,0.462,0.009,0.505,0.035,726.000,717.000,0.000,0.534,0.460,0.733,0.726,0.458,0.008,0.511,0.030,740.000,705.000,0.000,0.509,0.486,0.769,0.752,0.479,0.012,0.503,0.012
743,705,699,0.000,0.509,0.481,0.763,0.748,0.478,0.013,0.494,0.024,717.000,710.000,0.000,0.529,0.460,0.738,0.736,0.462,0.009,0.505,0.035,726.000,717.000,0.000,0.534,0.460,0.733,0.726,0.458,0.008,0.511,0.030,742.000,717.000,0.000,0.540,0.475,0.738,0.721,0.460,0.000,0.504,0.021
744,705,699,0.000,0.509,0.481,0.763,0.748,0.478,0.013,0.494,0.024,717.000,710.000,0.000,0.529,0.460,0.738,0.736,0.462,0.009,0.505,0.035,726.000,717.000,0.000,0.534,0.460,0.733,0.726,0.458,0.008,0.511,0.030,744.000,705.000,0.000,0.501,0.472,0.770,0.751,0.486,0.013,0.496,0.033
745,705,699,0.000,0.509,0.481,0.763,0.748,0.478,0.013,0.494,0.024,717.000,710.000,0.000,0.529,0.460,0.738,0.736,0.462,0.009,0.505,0.035,726.000,717.000,0.000,0.534,0.460,0.733,0.726,0.458,0.008,0.511,0.030,744.000,705.000,0.000,0.501,0.472,0.770,0.751,0.486,0.013,0.496,0.033
746,705,699,0.000,0.509,0.481,0.763,0.748,0.478,0.013,0.494,0.024,717.000,710.000,0.000,0.529,0.460,0.738,0.736,0.462,0.009,0.505,0.035,726.000,717.000,0.000,0.534,0.460,0.733,0.726,0.458,0.008,0.511,0.030,744.000,705.000,0.000,0.501,0.472,0.770,0.751,0.486,0.013,0.496,0.033
747,717,710,0.000,0.529,0.460,0.738,0.736,0.462,0.009,0.505,0.035,726.000,717.000,0.000,0.534,0.460,0.733,0.726,0.458,0.008,0.511,0.030,744.000,705.000,0.000,0.501,0.472,0.770,0.751,0.486,0.013,0.496,0.033,745.000,705.000,0.000,0.518,0.484,0.774,0.750,0.468,0.015,0.498,0.018
748,717,710,0.000,0.529,0.460,0.738,0.736,0.462,0.009,0.505,0.035,726.000,717.000,0.000,0.534,0.460,0.733,0.726,0.458,0.008,0.511,0.030,748.000,746.000,0.001,0.495,0.481,0.735,0.739,0.493,0.012,0.485,0.035,749.000,745.000,0.000,0.528,0.472,0.778,0.740,0.472,0.000,0.509,0.019
749,717,710,0.000,0.529,0.460,0.738,0.736,0.462,0.009,0.505,0.035,726.000,717.000,0.000,0.534,0.460,0.733,0.726,0.458,0.008,0.511,0.030,748.000,746.000,0.001,0.495,0.481,0.735,0.739,0.493,0.012,0.485,0.035,749.000,745.000,0.000,0.528,0.472,0.778,0.740,0.472,0.000,0.509,0.019
750,717,710,0.000,0.529,0.460,0.738,0.736,0.462,0.009,0.505,0.035,726.000,717.000,0.000,0.534,0.460,0.733,0.726,0.458,0.008,0.511,0.030,748.000,746.000,0.001,0.495,0.481,0.735,0.739,0.493,0.012,0.485,0.035,751.000,749.000,0.000,0.531,0.464,0.774,0.738,0.467,0.002,0.511,0.025
751,717,710,0.000,0.529,0.460,0.738,0.736,0.462,0.009,0.505,0.035,726.000,717.000,0.000,0.534,0.460,0.733,0.726,0.458,0.008,0.511,0.030,748.000,746.000,0.001,0.495,0.481,0.735,0.739,0.493,0.012,0.485,0.035,751.000,749.000,0.000,0.531,0.464,0.774,0.738,0.467,0.002,0.511,0.025
752,717,710,0.000,0.529,0.460,0.738,0.736,0.462,0.009,0.505,0.035,726.000,717.000,0.000,0.534,0.460,0.733,0.726,0.458,0.008,0.511,0.030,748.000,746.000,0.001,0.495,0.481,0.735,0.739,0.493,0.012,0.485,0.035,751.000,749.000,0.000,0.531,0.464,0.774,0.738,0.467,0.002,0.511,0.025
753,717,710,0.000,0.529,0.460,0.738,0.736,0.462,0.009,0.505,0.035,726.000,717.000,0.000,0.534,0.460,0.733,0.726,0.458,0.008,0.511,0.030,748.000,746.000,0.001,0.495,0.481,0.735,0.739,0.493,0.012,0.485,0.035,751.000,749.000,0.000,0.531,0.464,0.774,0.738,0.467,0.002,0.511,0.025
754,717,710,0.000,0.529,0.460,0.738,0.736,0.462,0.009,0.505,0.035,726.000,717.000,0.000,0.534,0.460,0.733,0.726,0.458,0.008,0.511,0.030,748.000,746.000,0.001,0.495,0.481,0.735,0.739,0.493,0.012,0.485,0.035,751.000,749.000,0.000,0.531,0.464,0.774,0.738,0.467,0.002,0.511,0.025
755,717,710,0.000,0.529,0.460,0.738,0.736,0.462,0.009,0.505,0.035,726.000,717.000,0.000,0.534,0.460,0.733,0.726,0.458,0.008,0.511,0.030,748.000,746.000,0.001,0.495,0.481,0.735,0.739,0.493,0.012,0.485,0.035,751.000,749.000,0.000,0.531,0.464,0.774,0.738,0.467,0.002,0.511,0.025
756,717,710,0.000,0.529,0.460,0.738,0.736,0.462,0.009,0.505,0.035,756.000,753.000,0.000,0.491,0.481,0.733,0.731,0.473,0.036,0.488,0.031,757.000,752.000,0.000,0.494,0.480,0.725,0.737,0.491,0.014,0.484,0.036,,,,,,,,,,,
757,717,710,0.000,0.529,0.460,0.738,0.736,0.462,0.009,0.505,0.035,757.000,752.000,0.000,0.494,0.480,0.725,0.737,0.491,0.014,0.484,0.036,,,,,,,,,,,,,,,,,,,,,,
758,717,710,0.000,0.529,0.460,0.738,0.736,0.462,0.009,0.505,0.035,757.000,752.000,0.000,0.494,0.480,0.725,0.737,0.491,0.014,0.484,0.036,,,,,,,,,,,,,,,,,,,,,,
759,717,710,0.000,0.529,0.460,0.738,0.736,0.462,0.009,0.505,0.035,757.000,752.000,0.000,0.494,0.480,0.725,0.737,0.491,0.014,0.484,0.036,,,,,,,,,,,,,,,,,,,,,,
760,717,710,0.000,0.529,0.460,0.738,0.736,0.462,0.009,0.505,0.035,757.000,752.000,0.000,0.494,0.480,0.725,0.737,0.491,0.014,0.484,0.036,,,,,,,,,,,,,,,,,,,,,,
761,717,710,0.000,0.529,0.460,0.738,0.736,0.462,0.009,0.505,0.035,757.000,752.000,0.000,0.494,0.480,0.725,0.737,0.491,0.014,0.484,0.036,,,,,,,,,,,,,,,,,,,,,,
762,717,710,0.000,0.529,0.460,0.738,0.736,0.462,0.009,0.505,0.035,757.000,752.000,0.000,0.494,0.480,0.725,0.737,0.491,0.014,0.484,0.036,,,,,,,,,,,,,,,,,,,,,,
763,717,710,0.000,0.529,0.460,0.738,0.736,0.462,0.009,0.505,0.035,757.000,752.000,0.000,0.494,0.480,0.725,0.737,0.491,0.014,0.484,0.036,,,,,,,,,,,,,,,,,,,,,,
764,717,710,0.000,0.529,0.460,0.738,0.736,0.462,0.009,0.505,0.035,757.000,752.000,0.000,0.494,0.480,0.725,0.737,0.491,0.014,0.484,0.036,,,,,,,,,,,,,,,,,,,,,,
765,717,710,0.000,0.529,0.460,0.738,0.736,0.462,0.009,0.505,0.035,757.000,752.000,0.000,0.494,0.480,0.725,0.737,0.491,0.014,0.484,0.036,,,,,,,,,,,,,,,,,,,,,,
766,717,710,0.000,0.529,0.460,0.738,0.736,0.462,0.009,0.505,0.035,757.000,752.000,0.000,0.494,0.480,0.725,0.737,0.491,0.014,0.484,0.036,,,,,,,,,,,,,,,,,,,,,,
767,717,710,0.000,0.529,0.460,0.738,0.736,0.462,0.009,0.505,0.035,757.000,752.000,0.000,0.494,0.480,0.725,0.737,0.491,0.014,0.484,0.036,,,,,,,,,,,,,,,,,,,,,,
768,717,710,0.000,0.529,0.460,0.738,0.736,0.462,0.009,0.505,0.035,757.000,752.000,0.000,0.494,0.480,0.725,0.737,0.491,0.014,0.484,0.036,,,,,,,,,,,,,,,,,,,,,,
769,717,710,0.000,0.529,0.460,0.738,0.736,0.462,0.009,0.505,0.035,757.000,752.000,0.000,0.494,0.480,0.725,0.737,0.491,0.014,0.484,0.036,,,,,,,,,,,,,,,,,,,,,,
770,717,710,0.000,0.529,0.460,0.738,0.736,0.462,0.009,0.505,0.035,757.000,752.000,0.000,0.494,0.480,0.725,0.737,0.491,0.014,0.484,0.036,,,,,,,,,,,,,,,,,,,,,,
771,717,710,0.000,0.529,0.460,0.738,0.736,0.462,0.009,0.505,0.035,757.000,752.000,0.000,0.494,0.480,0.725,0.737,0.491,0.014,0.484,0.036,772.000,757.000,0.000,0.506,0.466,0.740,0.737,0.485,0.009,0.492,0.042,,,,,,,,,,,
772,717,710,0.000,0.529,0.460,0.738,0.736,0.462,0.009,0.505,0.035,757.000,752.000,0.000,0.494,0.480,0.725,0.737,0.491,0.014,0.484,0.036,772.000,757.000,0.000,0.506,0.466,0.740,0.737,0.485,0.009,0.492,0.042,,,,,,,,,,,
773,717,710,0.000,0.529,0.460,0.738,0.736,0.462,0.009,0.505,0.035,757.000,752.000,0.000,0.494,0.480,0.725,0.737,0.491,0.014,0.484,0.036,774.000,772.000,0.000,0.514,0.461,0.737,0.742,0.478,0.008,0.496,0.042,,,,,,,,,,,
774,757,752,0.000,0.494,0.480,0.725,0.737,0.491,0.014,0.484,0.036,774.000,772.000,0.000,0.514,0.461,0.737,0.742,0.478,0.008,0.496,0.042,,,,,,,,,,,,,,,,,,,,,,
775,757,752,0.000,0.494,0.480,0.725,0.737,0.491,0.014,0.484,0.036,774.000,772.000,0.000,0.514,0.461,0.737,0.742,0.478,0.008,0.496,0.042,776.000,757.000,0.000,0.496,0.470,0.720,0.740,0.478,0.025,0.476,0.054,,,,,,,,,,,
776,757,752,0.000,0.494,0.480,0.725,0.737,0.491,0.014,0.484,0.036,774.000,772.000,0.000,0.514,0.461,0.737,0.742,0.478,0.008,0.496,0.042,776.000,757.000,0.000,0.496,0.470,0.720,0.740,0.478,0.025,0.476,0.054,777.000,774.000,0.000,0.515,0.469,0.726,0.724,0.472,0.013,0.484,0.047
777,757,752,0.000,0.494,0.480,0.725,0.737,0.491,0.014,0.484,0.036,774.000,772.000,0.000,0.514,0.461,0.737,0.742,0.478,0.008,0.496,0.042,776.000,757.000,0.000,0.496,0.470,0.720,0.740,0.478,0.025,0.476,0.054,777.000,774.000,0.000,0.515,0.469,0.726,0.724,0.472,0.013,0.484,0.047
778,757,752,0.000,0.494,0.480,0.725,0.737,0.491,0.014,0.484,0.036,774.000,772.000,0.000,0.514,0.461,0.737,0.742,0.478,0.008,0.496,0.042,776.000,757.000,0.000,0.496,0.470,0.720,0.740,0.478,0.025,0.476,0.054,777.000,774.000,0.000,0.515,0.469,0.726,0.724,0.472,0.013,0.484,0.047
779,757,752,0.000,0.494,0.480,0.725,0.737,0.491,0.014,0.484,0.036,774.000,772.000,0.000,0.514,0.461,0.737,0.742,0.478,0.008,0.496,0.042,776.000,757.000,0.000,0.496,0.470,0.720,0.740,0.478,0.025,0.476,0.054,777.000,774.000,0.000,0.515,0.469,0.726,0.724,0.472,0.013,0.484,0.047
780,757,752,0.000,0.494,0.480,0.725,0.737,0.491,0.014,0.484,0.036,774.000,772.000,0.000,0.514,0.461,0.737,0.742,0.478,0.008,0.496,0.042,776.000,757.000,0.000,0.496,0.470,0.720,0.740,0.478,0.025,0.476,0.054,777.000,774.000,0.000,0.515,0.469,0.726,0.724,0.472,0.013,0.484,0.047
781,757,752,0.000,0.494,0.480,0.725,0.737,0.491,0.014,0.484,0.036,774.000,772.000,0.000,0.514,0.461,0.737,0.742,0.478,0.008,0.496,0.042,777.000,774.000,0.000,0.515,0.469,0.726,0.724,0.472,0.013,0.484,0.047,,,,,,,,,,,
782,757,752,0.000,0.494,0.480,0.725,0.737,0.491,0.014,0.484,0.036,774.000,772.000,0.000,0.514,0.461,0.737,0.742,0.478,0.008,0.496,0.042,777.000,774.000,0.000,0.515,0.469,0.726,0.724,0.472,0.013,0.484,0.047,783.000,774.000,0.009,0.525,0.465,0.741,0.730,0.475,0.000,0.497,0.038
783,757,752,0.000,0.494,0.480,0.725,0.737,0.491,0.014,0.484,0.036,774.000,772.000,0.000,0.514,0.461,0.737,0.742,0.478,0.008,0.496,0.042,777.000,774.000,0.000,0.515,0.469,0.726,0.724,0.472,0.013,0.484,0.047,783.000,774.000,0.009,0.525,0.465,0.741,0.730,0.475,0.000,0.497,0.038
784,757,752,0.000,0.494,0.480,0.725,0.737,0.491,0.014,0.484,0.036,774.000,772.000,0.000,0.514,0.461,0.737,0.742,0.478,0.008,0.496,0.042,777.000,774.000,0.000,0.515,0.469,0.726,0.724,0.472,0.013,0.484,0.047,783.000,774.000,0.009,0.525,0.465,0.741,0.730,0.475,0.000,0.497,0.038
785,757,752,0.000,0.494,0.480,0.725,0.737,0.491,0.014,0.484,0.036,774.000,772.000,0.000,0.514,0.461,0.737,0.742,0.478,0.008,0.496,0.042,777.000,774.000,0.000,0.515,0.469,0.726,0.724,0.472,0.013,0.484,0.047,783.000,774.000,0.009,0.525,0.465,0.741,0.730,0.475,0.000,0.497,0.038
786,757,752,0.000,0.494,0.480,0.725,0.737,0.491,0.014,0.484,0.036,774.000,772.000,0.000,0.514,0.461,0.737,0.742,0.478,0.008,0.496,0.042,777.000,774.000,0.000,0.515,0.469,0.726,0.724,0.472,0.013,0.484,0.047,784.000,774.000,0.000,0.510,0.462,0.741,0.744,0.490,0.000,0.499,0.039
787,757,752,0.000,0.494,0.480,0.725,0.737,0.491,0.014,0.484,0.036,774.000,772.000,0.000,0.514,0.461,0.737,0.742,0.478,0.008,0.496,0.042,777.000,774.000,0.000,0.515,0.469,0.726,0.724,0.472,0.013,0.484,0.047,784.000,774.000,0.000,0.510,0.462,0.741,0.744,0.490,0.000,0.499,0.039
788,757,752,0.000,0.494,0.480,0.725,0.737,0.491,0.014,0.484,0.036,774.000,772.000,0.000,0.514,0.461,0.737,0.742,0.478,0.008,0.496,0.042,777.000,774.000,0.000,0.515,0.469,0.726,0.724,0.472,0.013,0.484,0.047,784.000,774.000,0.000,0.510,0.462,0.741,0.744,0.490,0.000,0.499,0.039
789,774,772,0.000,0.514,0.461,0.737,0.742,0.478,0.008,0.496,0.042,790.000,757.000,0.000,0.500,0.479,0.709,0.740,0.477,0.023,0.492,0.030,,,,,,,,,,,,,,,,,,,,,,
790,774,772,0.000,0.514,0.461,0.737,0.742,0.478,0.008,0.496,0.042,790.000,757.000,0.000,0.500,0.479,0.709,0.740,0.477,0.023,0.492,0.030,,,,,,,,,,,,,,,,,,,,,,
791,774,772,0.000,0.514,0.461,0.737,0.742,0.478,0.008,0.496,0.042,790.000,757.000,0.000,0.500,0.479,0.709,0.740,0.477,0.023,0.492,0.030,,,,,,,,,,,,,,,,,,,,,,
792,774,772,0.000,0.514,0.461,0.737,0.742,0.478,0.008,0.496,0.042,790.000,757.000,0.000,0.500,0.479,0.709,0.740,0.477,0.023,0.492,0.030,,,,,,,,,,,,,,,,,,,,,,
793,774,772,0.000,0.514,0.461,0.737,0.742,0.478,0.008,0.496,0.042,790.000,757.000,0.000,0.500,0.479,0.709,0.740,0.477,0.023,0.492,0.030,,,,,,,,,,,,,,,,,,,,,,
794,774,772,0.000,0.514,0.461,0.737,0.742,0.478,0.008,0.496,0.042,790.000,757.000,0.000,0.500,0.479,0.709,0.740,0.477,0.023,0.492,0.030,,,,,,,,,,,,,,,,,,,,,,
795,774,772,0.000,0.514,0.461,0.737,0.742,0.478,0.008,0.496,0.042,790.000,757.000,0.000,0.500,0.479,0.709,0.740,0.477,0.023,0.492,0.030,,,,,,,,,,,,,,,,,,,,,,
796,774,772,0.000,0.514,0.461,0.737,0.742,0.478,0.008,0.496,0.042,790.000,757.000,0.000,0.500,0.479,0.709,0.740,0.477,0.023,0.492,0.030,,,,,,,,,,,,,,,,,,,,,,
797,774,772,0.000,0.514,0.461,0.737,0.742,0.478,0.008,0.496,0.042,790.000,757.000,0.000,0.500,0.479,0.709,0.740,0.477,0.023,0.492,0.030,,,,,,,,,,,,,,,,,,,,,,
798,774,772,0.000,0.514,0.461,0.737,0.742,0.478,0.008,0.496,0.042,790.000,757.000,0.000,0.500,0.479,0.709,0.740,0.477,0.023,0.492,0.030,,,,,,,,,,,,,,,,,,,,,,
799,774,772,0.000,0.514,0.461,0.737,0.742,0.478,0.008,0.496,0.042,790.000,757.000,0.000,0.500,0.479,0.709,0.740,0.477,0.023,0.492,0.030,800.000,790.000,0.001,0.496,0.477,0.717,0.737,0.476,0.028,0.493,0.031,,,,,,,,,,,
800,774,772,0.000,0.514,0.461,0.737,0.742,0.478,0.008,0.496,0.042,790.000,757.000,0.000,0.500,0.479,0.709,0.740,0.477,0.023,0.492,0.030,800.000,790.000,0.001,0.496,0.477,0.717,0.737,0.476,0.028,0.493,0.031,801.000,800.000,0.000,0.494,0.464,0.709,0.734,0.460,0.046,0.500,0.036
801,774,772,0.000,0.514,0.461,0.737,0.742,0.478,0.008,0.496,0.042,790.000,757.000,0.000,0.500,0.479,0.709,0.740,0.477,0.023,0.492,0.030,802.000,774.000,0.000,0.522,0.465,0.740,0.748,0.478,0.000,0.496,0.038,,,,,,,,,,,
802,774,772,0.000,0.514,0.461,0.737,0.742,0.478,0.008,0.496,0.042,790.000,757.000,0.000,0.500,0.479,0.709,0.740,0.477,0.023,0.492,0.030,802.000,774.000,0.000,0.522,0.465,0.740,0.748,0.478,0.000,0.496,0.038,803.000,790.000,0.000,0.504,0.488,0.706,0.759,0.478,0.018,0.489,0.023
803,774,772,0.000,0.514,0.461,0.737,0.742,0.478,0.008,0.496,0.042,790.000,757.000,0.000,0.500,0.479,0.709,0.740,0.477,0.023,0.492,0.030,802.000,774.000,0.000,0.522,0.465,0.740,0.748,0.478,0.000,0.496,0.038,803.000,790.000,0.000,0.504,0.488,0.706,0.759,0.478,0.018,0.489,0.023
804,774,772,0.000,0.514,0.461,0.737,0.742,0.478,0.008,0.496,0.042,790.000,757.000,0.000,0.500,0.479,0.709,0.740,0.477,0.023,0.492,0.030,802.000,774.000,0.000,0.522,0.465,0.740,0.748,0.478,0.000,0.496,0.038,803.000,790.000,0.000,0.504,0.488,0.706,0.759,0.478,0.018,0.489,0.023
805,774,772,0.000,0.514,0.461,0.737,0.742,0.478,0.008,0.496,0.042,790.000,757.000,0.000,0.500,0.479,0.709,0.740,0.477,0.023,0.492,0.030,802.000,774.000,0.000,0.522,0.465,0.740,0.748,0.478,0.000,0.496,0.038,803.000,790.000,0.000,0.504,0.488,0.706,0.759,0.478,0.018,0.489,0.023
806,774,772,0.000,0.514,0.461,0.737,0.742,0.478,0.008,0.496,0.042,790.000,757.000,0.000,0.500,0.479,0.709,0.740,0.477,0.023,0.492,0.030,802.000,774.000,0.000,0.522,0.465,0.740,0.748,0.478,0.000,0.496,0.038,803.000,790.000,0.000,0.504,0.488,0.706,0.759,0.478,0.018,0.489,0.023
807,774,772,0.000,0.514,0.461,0.737,0.742,0.478,0.008,0.496,0.042,790.000,757.000,0.000,0.500,0.479,0.709,0.740,0.477,0.023,0.492,0.030,802.000,774.000,0.000,0.522,0.465,0.740,0.748,0.478,0.000,0.496,0.038,803.000,790.000,0.000,0.504,0.488,0.706,0.759,0.478,0.018,0.489,0.023
808,774,772,0.000,0.514,0.461,0.737,0.742,0.478,0.008,0.496,0.042,790.000,757.000,0.000,0.500,0.479,0.709,0.740,0.477,0.023,0.492,0.030,802.000,774.000,0.000,0.522,0.465,0.740,0.748,0.478,0.000,0.496,0.038,803.000,790.000,0.000,0.504,0.488,0.706,0.759,0.478,0.018,0.489,0.023
809,774,772,0.000,0.514,0.461,0.737,0.742,0.478,0.008,0.496,0.042,790.000,757.000,0.000,0.500,0.479,0.709,0.740,0.477,0.023,0.492,0.030,802.000,774.000,0.000,0.522,0.465,0.740,0.748,0.478,0.000,0.496,0.038,803.000,790.000,0.000,0.504,0.488,0.706,0.759,0.478,0.018,0.489,0.023
810,774,772,0.000,0.514,0.461,0.737,0.742,0.478,0.008,0.496,0.042,790.000,757.000,0.000,0.500,0.479,0.709,0.740,0.477,0.023,0.492,0.030,802.000,774.000,0.000,0.522,0.465,0.740,0.748,0.478,0.000,0.496,0.038,803.000,790.000,0.000,0.504,0.488,0.706,0.759,0.478,0.018,0.489,0.023
811,774,772,0.000,0.514,0.461,0.737,0.742,0.478,0.008,0.496,0.042,790.000,757.000,0.000,0.500,0.479,0.709,0.740,0.477,0.023,0.492,0.030,802.000,774.000,0.000,0.522,0.465,0.740,0.748,0.478,0.000,0.496,0.038,803.000,790.000,0.000,0.504,0.488,0.706,0.759,0.478,0.018,0.489,0.023
812,774,772,0.000,0.514,0.461,0.737,0.742,0.478,0.008,0.496,0.042,790.000,757.000,0.000,0.500,0.479,0.709,0.740,0.477,0.023,0.492,0.030,803.000,790.000,0.000,0.504,0.488,0.706,0.759,0.478,0.018,0.489,0.023,812.000,808.000,0.000,0.518,0.456,0.716,0.742,0.468,0.014,0.501,0.043
813,774,772,0.000,0.514,0.461,0.737,0.742,0.478,0.008,0.496,0.042,790.000,757.000,0.000,0.500,0.479,0.709,0.740,0.477,0.023,0.492,0.030,803.000,790.000,0.000,0.504,0.488,0.706,0.759,0.478,0.018,0.489,0.023,812.000,808.000,0.000,0.518,0.456,0.716,0.742,0.468,0.014,0.501,0.043
814,774,772,0.000,0.514,0.461,0.737,0.742,0.478,0.008,0.496,0.042,790.000,757.000,0.000,0.500,0.479,0.709,0.740,0.477,0.023,0.492,0.030,803.000,790.000,0.000,0.504,0.488,0.706,0.759,0.478,0.018,0.489,0.023,812.000,808.000,0.000,0.518,0.456,0.716,0.742,0.468,0.014,0.501,0.043
815,774,772,0.000,0.514,0.461,0.737,0.742,0.478,0.008,0.496,0.042,790.000,757.000,0.000,0.500,0.479,0.709,0.740,0.477,0.023,0.492,0.030,803.000,790.000,0.000,0.504,0.488,0.706,0.759,0.478,0.018,0.489,0.023,812.000,808.000,0.000,0.518,0.456,0.716,0.742,0.468,0.014,0.501,0.043
816,774,772,0.000,0.514,0.461,0.737,0.742,0.478,0.008,0.496,0.042,790.000,757.000,0.000,0.500,0.479,0.709,0.740,0.477,0.023,0.492,0.030,803.000,790.000,0.000,0.504,0.488,0.706,0.759,0.478,0.018,0.489,0.023,812.000,808.000,0.000,0.518,0.456,0.716,0.742,0.468,0.014,0.501,0.043
817,774,772,0.000,0.514,0.461,0.737,0.742,0.478,0.008,0.496,0.042,790.000,757.000,0.000,0.500,0.479,0.709,0.740,0.477,0.023,0.492,0.030,803.000,790.000,0.000,0.504,0.488,0.706,0.759,0.478,0.018,0.489,0.023,812.000,808.000,0.000,0.518,0.456,0.716,0.742,0.468,0.014,0.501,0.043
818,774,772,0.000,0.514,0.461,0.737,0.742,0.478,0.008,0.496,0.042,790.000,757.000,0.000,0.500,0.479,0.709,0.740,0.477,0.023,0.492,0.030,803.000,790.000,0.000,0.504,0.488,0.706,0.759,0.478,0.018,0.489,0.023,812.000,808.000,0.000,0.518,0.456,0.716,0.742,0.468,0.014,0.501,0.043
819,774,772,0.000,0.514,0.461,0.737,0.742,0.478,0.008,0.496,0.042,790.000,757.000,0.000,0.500,0.479,0.709,0.740,0.477,0.023,0.492,0.030,803.000,790.000,0.000,0.504,0.488,0.706,0.759,0.478,0.018,0.489,0.023,812.000,808.000,0.000,0.518,0.456,0.716,0.742,0.468,0.014,0.501,0.043
820,774,772,0.000,0.514,0.461,0.737,0.742,0.478,0.008,0.496,0.042,790.000,757.000,0.000,0.500,0.479,0.709,0.740,0.477,0.023,0.492,0.030,803.000,790.000,0.000,0.504,0.488,0.706,0.759,0.478,0.018,0.489,0.023,812.000,808.000,0.000,0.518,0.456,0.716,0.742,0.468,0.014,0.501,0.043
821,774,772,0.000,0.514,0.461,0.737,0.742,0.478,0.008,0.496,0.042,790.000,757.000,0.000,0.500,0.479,0.709,0.740,0.477,0.023,0.492,0.030,812.000,808.000,0.000,0.518,0.456,0.716,0.742,0.468,0.014,0.501,0.043,813.000,790.000,0.000,0.510,0.476,0.702,0.741,0.466,0.024,0.491,0.033
822,774,772,0.000,0.514,0.461,0.737,0.742,0.478,0.008,0.496,0.042,790.000,757.000,0.000,0.500,0.479,0.709,0.740,0.477,0.023,0.492,0.030,812.000,808.000,0.000,0.518,0.456,0.716,0.742,0.468,0.014,0.501,0.043,813.000,790.000,0.000,0.510,0.476,0.702,0.741,0.466,0.024,0.491,0.033
823,774,772,0.000,0.514,0.461,0.737,0.742,0.478,0.008,0.496,0.042,790.000,757.000,0.000,0.500,0.479,0.709,0.740,0.477,0.023,0.492,0.030,812.000,808.000,0.000,0.518,0.456,0.716,0.742,0.468,0.014,0.501,0.043,813.000,790.000,0.000,0.510,0.476,0.702,0.741,0.466,0.024,0.491,0.033
824,774,772,0.000,0.514,0.461,0.737,0.742,0.478,0.008,0.496,0.042,790.000,757.000,0.000,0.500,0.479,0.709,0.740,0.477,0.023,0.492,0.030,812.000,808.000,0.000,0.518,0.456,0.716,0.742,0.468,0.014,0.501,0.043,813.000,790.000,0.000,0.510,0.476,0.702,0.741,0.466,0.024,0.491,0.033
825,774,772,0.000,0.514,0.461,0.737,0.742,0.478,0.008,0.496,0.042,790.000,757.000,0.000,0.500,0.479,0.709,0.740,0.477,0.023,0.492,0.030,812.000,808.000,0.000,0.518,0.456,0.716,0.742,0.468,0.014,0.501,0.043,813.000,790.000,0.000,0.510,0.476,0.702,0.741,0.466,0.024,0.491,0.033
826,774,772,0.000,0.514,0.461,0.737,0.742,0.478,0.008,0.496,0.042,790.000,757.000,0.000,0.500,0.479,0.709,0.740,0.477,0.023,0.492,0.030,813.000,790.000,0.000,0.510,0.476,0.702,0.741,0.466,0.024,0.491,0.033,817.000,774.000,0.000,0.503,0.461,0.740,0.751,0.483,0.014,0.487,0.052
827,774,772,0.000,0.514,0.461,0.737,0.742,0.478,0.008,0.496,0.042,790.000,757.000,0.000,0.500,0.479,0.709,0.740,0.477,0.023,0.492,0.030,813.000,790.000,0.000,0.510,0.476,0.702,0.741,0.466,0.024,0.491,0.033,817.000,774.000,0.000,0.503,0.461,0.740,0.751,0.483,0.014,0.487,0.052
828,774,772,0.000,0.514,0.461,0.737,0.742,0.478,0.008,0.496,0.042,790.000,757.000,0.000,0.500,0.479,0.709,0.740,0.477,0.023,0.492,0.030,813.000,790.000,0.000,0.510,0.476,0.702,0.741,0.466,0.024,0.491,0.033,817.000,774.000,0.000,0.503,0.461,0.740,0.751,0.483,0.014,0.487,0.052
829,774,772,0.000,0.514,0.461,0.737,0.742,0.478,0.008,0.496,0.042,790.000,757.000,0.000,0.500,0.479,0.709,0.740,0.477,0.023,0.492,0.030,813.000,790.000,0.000,0.510,0.476,0.702,0.741,0.466,0.024,0.491,0.033,817.000,774.000,0.000,0.503,0.461,0.740,0.751,0.483,0.014,0.487,0.052
830,774,772,0.000,0.514,0.461,0.737,0.742,0.478,0.008,0.496,0.042,790.000,757.000,0.000,0.500,0.479,0.709,0.740,0.477,0.023,0.492,0.030,813.000,790.000,0.000,0.510,0.476,0.702,0.741,0.466,0.024,0.491,0.033,817.000,774.000,0.000,0.503,0.461,0.740,0.751,0.483,0.014,0.487,0.052
831,774,772,0.000,0.514,0.461,0.737,0.742,0.478,0.008,0.496,0.042,790.000,757.000,0.000,0.500,0.479,0.709,0.740,0.477,0.023,0.492,0.030,813.000,790.000,0.000,0.510,0.476,0.702,0.741,0.466,0.024,0.491,0.033,825.000,790.000,0.000,0.504,0.488,0.721,0.734,0.475,0.021,0.487,0.024
832,774,772,0.000,0.514,0.461,0.737,0.742,0.478,0.008,0.496,0.042,790.000,757.000,0.000,0.500,0.479,0.709,0.740,0.477,0.023,0.492,0.030,825.000,790.000,0.000,0.504,0.488,0.721,0.734,0.475,0.021,0.487,0.024,833.000,813.000,0.000,0.506,0.460,0.692,0.733,0.457,0.037,0.494,0.046
833,774,772,0.000,0.514,0.461,0.737,0.742,0.478,0.008,0.496,0.042,790.000,757.000,0.000,0.500,0.479,0.709,0.740,0.477,0.023,0.492,0.030,825.000,790.000,0.000,0.504,0.488,0.721,0.734,0.475,0.021,0.487,0.024,834.000,774.000,0.000,0.521,0.463,0.722,0.755,0.466,0.012,0.496,0.041
834,774,772,0.000,0.514,0.461,0.737,0.742,0.478,0.008,0.496,0.042,790.000,757.000,0.000,0.500,0.479,0.709,0.740,0.477,0.023,0.492,0.030,825.000,790.000,0.000,0.504,0.488,0.721,0.734,0.475,0.021,0.487,0.024,834.000,774.000,0.000,0.521,0.463,0.722,0.755,0.466,0.012,0.496,0.041
835,774,772,0.000,0.514,0.461,0.737,0.742,0.478,0.008,0.496,0.042,790.000,757.000,0.000,0.500,0.479,0.709,0.740,0.477,0.023,0.492,0.030,825.000,790.000,0.000,0.504,0.488,0.721,0.734,0.475,0.021,0.487,0.024,834.000,774.000,0.000,0.521,0.463,0.722,0.755,0.466,0.012,0.496,0.041
836,790,757,0.000,0.500,0.479,0.709,0.740,0.477,0.023,0.492,0.030,825.000,790.000,0.000,0.504,0.488,0.721,0.734,0.475,0.021,0.487,0.024,834.000,774.000,0.000,0.521,0.463,0.722,0.755,0.466,0.012,0.496,0.041,836.000,790.000,0.000,0.507,0.475,0.703,0.749,0.474,0.018,0.497,0.028
837,790,757,0.000,0.500,0.479,0.709,0.740,0.477,0.023,0.492,0.030,825.000,790.000,0.000,0.504,0.488,0.721,0.734,0.475,0.021,0.487,0.024,836.000,790.000,0.000,0.507,0.475,0.703,0.749,0.474,0.018,0.497,0.028,838.000,834.000,0.003,0.524,0.458,0.731,0.750,0.463,0.013,0.488,0.054
838,790,757,0.000,0.500,0.479,0.709,0.740,0.477,0.023,0.492,0.030,825.000,790.000,0.000,0.504,0.488,0.721,0.734,0.475,0.021,0.487,0.024,836.000,790.000,0.000,0.507,0.475,0.703,0.749,0.474,0.018,0.497,0.028,839.000,836.000,0.000,0.498,0.477,0.702,0.733,0.473,0.029,0.492,0.032
839,790,757,0.000,0.500,0.479,0.709,0.740,0.477,0.023,0.492,0.030,825.000,790.000,0.000,0.504,0.488,0.721,0.734,0.475,0.021,0.487,0.024,836.000,790.000,0.000,0.507,0.475,0.703,0.749,0.474,0.018,0.497,0.028,839.000,836.000,0.000,0.498,0.477,0.702,0.733,0.473,0.029,0.492,0.032
840,790,757,0.000,0.500,0.479,0.709,0.740,0.477,0.023,0.492,0.030,825.000,790.000,0.000,0.504,0.488,0.721,0.734,0.475,0.021,0.487,0.024,836.000,790.000,0.000,0.507,0.475,0.703,0.749,0.474,0.018,0.497,0.028,839.000,836.000,0.000,0.498,0.477,0.702,0.733,0.473,0.029,0.492,0.032
841,790,757,0.000,0.500,0.479,0.709,0.740,0.477,0.023,0.492,0.030,825.000,790.000,0.000,0.504,0.488,0.721,0.734,0.475,0.021,0.487,0.024,836.000,790.000,0.000,0.507,0.475,0.703,0.749,0.474,0.018,0.497,0.028,839.000,836.000,0.000,0.498,0.477,0.702,0.733,0.473,0.029,0.492,0.032
842,790,757,0.000,0.500,0.479,0.709,0.740,0.477,0.023,0.492,0.030,825.000,790.000,0.000,0.504,0.488,0.721,0.734,0.475,0.021,0.487,0.024,836.000,790.000,0.000,0.507,0.475,0.703,0.749,0.474,0.018,0.497,0.028,839.000,836.000,0.000,0.498,0.477,0.702,0.733,0.473,0.029,0.492,0.032
843,790,757,0.000,0.500,0.479,0.709,0.740,0.477,0.023,0.492,0.030,825.000,790.000,0.000,0.504,0.488,0.721,0.734,0.475,0.021,0.487,0.024,836.000,790.000,0.000,0.507,0.475,0.703,0.749,0.474,0.018,0.497,0.028,839.000,836.000,0.000,0.498,0.477,0.702,0.733,0.473,0.029,0.492,0.032
844,790,757,0.000,0.500,0.479,0.709,0.740,0.477,0.023,0.492,0.030,825.000,790.000,0.000,0.504,0.488,0.721,0.734,0.475,0.021,0.487,0.024,836.000,790.000,0.000,0.507,0.475,0.703,0.749,0.474,0.018,0.497,0.028,839.000,836.000,0.000,0.498,0.477,0.702,0.733,0.473,0.029,0.492,0.032
845,790,757,0.000,0.500,0.479,0.709,0.740,0.477,0.023,0.492,0.030,825.000,790.000,0.000,0.504,0.488,0.721,0.734,0.475,0.021,0.487,0.024,836.000,790.000,0.000,0.507,0.475,0.703,0.749,0.474,0.018,0.497,0.028,839.000,836.000,0.000,0.498,0.477,0.702,0.733,0.473,0.029,0.492,0.032
846,790,757,0.000,0.500,0.479,0.709,0.740,0.477,0.023,0.492,0.030,825.000,790.000,0.000,0.504,0.488,0.721,0.734,0.475,0.021,0.487,0.024,836.000,790.000,0.000,0.507,0.475,0.703,0.749,0.474,0.018,0.497,0.028,839.000,836.000,0.000,0.498,0.477,0.702,0.733,0.473,0.029,0.492,0.032
847,790,757,0.000,0.500,0.479,0.709,0.740,0.477,0.023,0.492,0.030,825.000,790.000,0.000,0.504,0.488,0.721,0.734,0.475,0.021,0.487,0.024,836.000,790.000,0.000,0.507,0.475,0.703,0.749,0.474,0.018,0.497,0.028,839.000,836.000,0.000,0.498,0.477,0.702,0.733,0.473,0.029,0.492,0.032
848,790,757,0.000,0.500,0.479,0.709,0.740,0.477,0.023,0.492,0.030,825.000,790.000,0.000,0.504,0.488,0.721,0.734,0.475,0.021,0.487,0.024,836.000,790.000,0.000,0.507,0.475,0.703,0.749,0.474,0.018,0.497,0.028,839.000,836.000,0.000,0.498,0.477,0.702,0.733,0.473,0.029,0.492,0.032
849,790,757,0.000,0.500,0.479,0.709,0.740,0.477,0.023,0.492,0.030,825.000,790.000,0.000,0.504,0.488,0.721,0.734,0.475,0.021,0.487,0.024,836.000,790.000,0.000,0.507,0.475,0.703,0.749,0.474,0.018,0.497,0.028,839.000,836.000,0.000,0.498,0.477,0.702,0.733,0.473,0.029,0.492,0.032
850,790,757,0.000,0.500,0.479,0.709,0.740,0.477,0.023,0.492,0.030,825.000,790.000,0.000,0.504,0.488,0.721,0.734,0.475,0.021,0.487,0.024,836.000,790.000,0.000,0.507,0.475,0.703,0.749,0.474,0.018,0.497,0.028,839.000,836.000,0.000,0.498,0.477,0.702,0.733,0.473,0.029,0.492,0.032
851,790,757,0.000,0.500,0.479,0.709,0.740,0.477,0.023,0.492,0.030,825.000,790.000,0.000,0.504,0.488,0.721,0.734,0.475,0.021,0.487,0.024,836.000,790.000,0.000,0.507,0.475,0.703,0.749,0.474,0.018,0.497,0.028,839.000,836.000,0.000,0.498,0.477,0.702,0.733,0.473,0.029,0.492,0.032
852,790,757,0.000,0.500,0.479,0.709,0.740,0.477,0.023,0.492,0.030,825.000,790.000,0.000,0.504,0.488,0.721,0.734,0.475,0.021,0.487,0.024,836.000,790.000,0.000,0.507,0.475,0.703,0.749,0.474,0.018,0.497,0.028,839.000,836.000,0.000,0.498,0.477,0.702,0.733,0.473,0.029,0.492,0.032
853,790,757,0.000,0.500,0.479,0.709,0.740,0.477,0.023,0.492,0.030,825.000,790.000,0.000,0.504,0.488,0.721,0.734,0.475,0.021,0.487,0.024,836.000,790.000,0.000,0.507,0.475,0.703,0.749,0.474,0.018,0.497,0.028,839.000,836.000,0.000,0.498,0.477,0.702,0.733,0.473,0.029,0.492,0.032
854,790,757,0.000,0.500,0.479,0.709,0.740,0.477,0.023,0.492,0.030,825.000,790.000,0.000,0.504,0.488,0.721,0.734,0.475,0.021,0.487,0.024,836.000,790.000,0.000,0.507,0.475,0.703,0.749,0.474,0.018,0.497,0.028,839.000,836.000,0.000,0.498,0.477,0.702,0.733,0.473,0.029,0.492,0.032
855,790,757,0.000,0.500,0.479,0.709,0.740,0.477,0.023,0.492,0.030,825.000,790.000,0.000,0.504,0.488,0.721,0.734,0.475,0.021,0.487,0.024,836.000,790.000,0.000,0.507,0.475,0.703,0.749,0.474,0.018,0.497,0.028,839.000,836.000,0.000,0.498,0.477,0.702,0.733,0.473,0.029,0.492,0.032
856,790,757,0.000,0.500,0.479,0.709,0.740,0.477,0.023,0.492,0.030,825.000,790.000,0.000,0.504,0.488,0.721,0.734,0.475,0.021,0.487,0.024,836.000,790.000,0.000,0.507,0.475,0.703,0.749,0.474,0.018,0.497,0.028,839.000,836.000,0.000,0.498,0.477,0.702,0.733,0.473,0.029,0.492,0.032
857,790,757,0.000,0.500,0.479,0.709,0.740,0.477,0.023,0.492,0.030,825.000,790.000,0.000,0.504,0.488,0.721,0.734,0.475,0.021,0.487,0.024,836.000,790.000,0.000,0.507,0.475,0.703,0.749,0.474,0.018,0.497,0.028,839.000,836.000,0.000,0.498,0.477,0.702,0.733,0.473,0.029,0.492,0.032
858,790,757,0.000,0.500,0.479,0.709,0.740,0.477,0.023,0.492,0.030,836.000,790.000,0.000,0.507,0.475,0.703,0.749,0.474,0.018,0.497,0.028,839.000,836.000,0.000,0.498,0.477,0.702,0.733,0.473,0.029,0.492,0.032,844.000,836.000,0.000,0.503,0.472,0.694,0.753,0.485,0.012,0.496,0.031
859,790,757,0.000,0.500,0.479,0.709,0.740,0.477,0.023,0.492,0.030,836.000,790.000,0.000,0.507,0.475,0.703,0.749,0.474,0.018,0.497,0.028,839.000,836.000,0.000,0.498,0.477,0.702,0.733,0.473,0.029,0.492,0.032,844.000,836.000,0.000,0.503,0.472,0.694,0.753,0.485,0.012,0.496,0.031
860,790,757,0.000,0.500,0.479,0.709,0.740,0.477,0.023,0.492,0.030,836.000,790.000,0.000,0.507,0.475,0.703,0.749,0.474,0.018,0.497,0.028,839.000,836.000,0.000,0.498,0.477,0.702,0.733,0.473,0.029,0.492,0.032,844.000,836.000,0.000,0.503,0.472,0.694,0.753,0.485,0.012,0.496,0.031
861,790,757,0.000,0.500,0.479,0.709,0.740,0.477,0.023,0.492,0.030,836.000,790.000,0.000,0.507,0.475,0.703,0.749,0.474,0.018,0.497,0.028,839.000,836.000,0.000,0.498,0.477,0.702,0.733,0.473,0.029,0.492,0.032,844.000,836.000,0.000,0.503,0.472,0.694,0.753,0.485,0.012,0.496,0.031
862,790,757,0.000,0.500,0.479,0.709,0.740,0.477,0.023,0.492,0.030,836.000,790.000,0.000,0.507,0.475,0.703,0.749,0.474,0.018,0.497,0.028,839.000,836.000,0.000,0.498,0.477,0.702,0.733,0.473,0.029,0.492,0.032,844.000,836.000,0.000,0.503,0.472,0.694,0.753,0.485,0.012,0.496,0.031
863,790,757,0.000,0.500,0.479,0.709,0.740,0.477,0.023,0.492,0.030,836.000,790.000,0.000,0.507,0.475,0.703,0.749,0.474,0.018,0.497,0.028,844.000,836.000,0.000,0.503,0.472,0.694,0.753,0.485,0.012,0.496,0.031,847.000,844.000,0.000,0.511,0.467,0.708,0.751,0.478,0.011,0.489,0.044
864,790,757,0.000,0.500,0.479,0.709,0.740,0.477,0.023,0.492,0.030,836.000,790.000,0.000,0.507,0.475,0.703,0.749,0.474,0.018,0.497,0.028,847.000,844.000,0.000,0.511,0.467,0.708,0.751,0.478,0.011,0.489,0.044,864.000,863.000,0.000,0.496,0.483,0.702,0.756,0.483,0.021,0.488,0.029
865,790,757,0.000,0.500,0.479,0.709,0.740,0.477,0.023,0.492,0.030,836.000,790.000,0.000,0.507,0.475,0.703,0.749,0.474,0.018,0.497,0.028,847.000,844.000,0.000,0.511,0.467,0.708,0.751,0.478,0.011,0.489,0.044,864.000,863.000,0.000,0.496,0.483,0.702,0.756,0.483,0.021,0.488,0.029
866,790,757,0.000,0.500,0.479,0.709,0.740,0.477,0.023,0.492,0.030,836.000,790.000,0.000,0.507,0.475,0.703,0.749,0.474,0.018,0.497,0.028,847.000,844.000,0.000,0.511,0.467,0.708,0.751,0.478,0.011,0.489,0.044,864.000,863.000,0.000,0.496,0.483,0.702,0.756,0.483,0.021,0.488,0.029
867,790,757,0.000,0.500,0.479,0.709,0.740,0.477,0.023,0.492,0.030,836.000,790.000,0.000,0.507,0.475,0.703,0.749,0.474,0.018,0.497,0.028,847.000,844.000,0.000,0.511,0.467,0.708,0.751,0.478,0.011,0.489,0.044,864.000,863.000,0.000,0.496,0.483,0.702,0.756,0.483,0.021,0.488,0.029
868,790,757,0.000,0.500,0.479,0.709,0.740,0.477,0.023,0.492,0.030,869.000,864.000,0.000,0.490,0.489,0.691,0.751,0.491,0.019,0.490,0.021,,,,,,,,,,,,,,,,,,,,,,
869,790,757,0.000,0.500,0.479,0.709,0.740,0.477,0.023,0.492,0.030,869.000,864.000,0.000,0.490,0.489,0.691,0.751,0.491,0.019,0.490,0.021,,,,,,,,,,,,,,,,,,,,,,
870,790,757,0.000,0.500,0.479,0.709,0.740,0.477,0.023,0.492,0.030,869.000,864.000,0.000,0.490,0.489,0.691,0.751,0.491,0.019,0.490,0.021,871.000,790.000,0.001,0.511,0.473,0.704,0.736,0.472,0.017,0.489,0.038,,,,,,,,,,,
871,790,757,0.000,0.500,0.479,0.709,0.740,0.477,0.023,0.492,0.030,869.000,864.000,0.000,0.490,0.489,0.691,0.751,0.491,0.019,0.490,0.021,871.000,790.000,0.001,0.511,0.473,0.704,0.736,0.472,0.017,0.489,0.038,872.000,869.000,0.000,0.489,0.477,0.695,0.751,0.499,0.012,0.490,0.033
872,790,757,0.000,0.500,0.479,0.709,0.740,0.477,0.023,0.492,0.030,869.000,864.000,0.000,0.490,0.489,0.691,0.751,0.491,0.019,0.490,0.021,873.000,871.000,0.000,0.521,0.478,0.698,0.734,0.478,0.001,0.482,0.041,,,,,,,,,,,
873,790,757,0.000,0.500,0.479,0.709,0.740,0.477,0.023,0.492,0.030,873.000,871.000,0.000,0.521,0.478,0.698,0.734,0.478,0.001,0.482,0.041,,,,,,,,,,,,,,,,,,,,,,
874,790,757,0.000,0.500,0.479,0.709,0.740,0.477,0.023,0.492,0.030,873.000,871.000,0.000,0.521,0.478,0.698,0.734,0.478,0.001,0.482,0.041,875.000,790.000,0.002,0.507,0.471,0.703,0.744,0.485,0.008,0.478,0.051,,,,,,,,,,,
875,790,757,0.000,0.500,0.479,0.709,0.740,0.477,0.023,0.492,0.030,873.000,871.000,0.000,0.521,0.478,0.698,0.734,0.478,0.001,0.482,0.041,875.000,790.000,0.002,0.507,0.471,0.703,0.744,0.485,0.008,0.478,0.051,876.000,875.000,0.008,0.511,0.478,0.701,0.738,0.489,0.000,0.466,0.056
876,790,757,0.000,0.500,0.479,0.709,0.740,0.477,0.023,0.492,0.030,873.000,871.000,0.000,0.521,0.478,0.698,0.734,0.478,0.001,0.482,0.041,875.000,790.000,0.002,0.507,0.471,0.703,0.744,0.485,0.008,0.478,0.051,876.000,875.000,0.008,0.511,0.478,0.701,0.738,0.489,0.000,0.466,0.056
877,790,757,0.000,0.500,0.479,0.709,0.740,0.477,0.023,0.492,0.030,873.000,871.000,0.000,0.521,0.478,0.698,0.734,0.478,0.001,0.482,0.041,875.000,790.000,0.002,0.507,0.471,0.703,0.744,0.485,0.008,0.478,0.051,877.000,790.000,0.000,0.510,0.484,0.704,0.733,0.459,0.031,0.480,0.036
878,790,757,0.000,0.500,0.479,0.709,0.740,0.477,0.023,0.492,0.030,873.000,871.000,0.000,0.521,0.478,0.698,0.734,0.478,0.001,0.482,0.041,875.000,790.000,0.002,0.507,0.471,0.703,0.744,0.485,0.008,0.478,0.051,877.000,790.000,0.000,0.510,0.484,0.704,0.733,0.459,0.031,0.480,0.036
879,790,757,0.000,0.500,0.479,0.709,0.740,0.477,0.023,0.492,0.030,873.000,871.000,0.000,0.521,0.478,0.698,0.734,0.478,0.001,0.482,0.041,877.000,790.000,0.000,0.510,0.484,0.704,0.733,0.459,0.031,0.480,0.036,878.000,875.000,0.000,0.507,0.470,0.717,0.743,0.493,0.000,0.472,0.058
880,790,757,0.000,0.500,0.479,0.709,0.740,0.477,0.023,0.492,0.030,873.000,871.000,0.000,0.521,0.478,0.698,0.734,0.478,0.001,0.482,0.041,877.000,790.000,0.000,0.510,0.484,0.704,0.733,0.459,0.031,0.480,0.036,878.000,875.000,0.000,0.507,0.470,0.717,0.743,0.493,0.000,0.472,0.058
881,790,757,0.000,0.500,0.479,0.709,0.740,0.477,0.023,0.492,0.030,873.000,871.000,0.000,0.521,0.478,0.698,0.734,0.478,0.001,0.482,0.041,877.000,790.000,0.000,0.510,0.484,0.704,0.733,0.459,0.031,0.480,0.036,878.000,875.000,0.000,0.507,0.470,0.717,0.743,0.493,0.000,0.472,0.058
882,790,757,0.000,0.500,0.479,0.709,0.740,0.477,0.023,0.492,0.030,873.000,871.000,0.000,0.521,0.478,0.698,0.734,0.478,0.001,0.482,0.041,877.000,790.000,0.000,0.510,0.484,0.704,0.733,0.459,0.031,0.480,0.036,879.000,875.000,0.000,0.493,0.473,0.693,0.749,0.487,0.020,0.480,0.046
883,790,757,0.000,0.500,0.479,0.709,0.740,0.477,0.023,0.492,0.030,873.000,871.000,0.000,0.521,0.478,0.698,0.734,0.478,0.001,0.482,0.041,877.000,790.000,0.000,0.510,0.484,0.704,0.733,0.459,0.031,0.480,0.036,879.000,875.000,0.000,0.493,0.473,0.693,0.749,0.487,0.020,0.480,0.046
884,790,757,0.000,0.500,0.479,0.709,0.740,0.477,0.023,0.492,0.030,877.000,790.000,0.000,0.510,0.484,0.704,0.733,0.459,0.031,0.480,0.036,879.000,875.000,0.000,0.493,0.473,0.693,0.749,0.487,0.020,0.480,0.046,880.000,875.000,0.001,0.511,0.480,0.697,0.741,0.478,0.011,0.474,0.046
885,790,757,0.000,0.500,0.479,0.709,0.740,0.477,0.023,0.492,0.030,877.000,790.000,0.000,0.510,0.484,0.704,0.733,0.459,0.031,0.480,0.036,879.000,875.000,0.000,0.493,0.473,0.693,0.749,0.487,0.020,0.480,0.046,880.000,875.000,0.001,0.511,0.480,0.697,0.741,0.478,0.011,0.474,0.046
886,790,757,0.000,0.500,0.479,0.709,0.740,0.477,0.023,0.492,0.030,877.000,790.000,0.000,0.510,0.484,0.704,0.733,0.459,0.031,0.480,0.036,879.000,875.000,0.000,0.493,0.473,0.693,0.749,0.487,0.020,0.480,0.046,880.000,875.000,0.001,0.511,0.480,0.697,0.741,0.478,0.011,0.474,0.046
887,790,757,0.000,0.500,0.479,0.709,0.740,0.477,0.023,0.492,0.030,879.000,875.000,0.000,0.493,0.473,0.693,0.749,0.487,0.020,0.480,0.046,880.000,875.000,0.001,0.511,0.480,0.697,0.741,0.478,0.011,0.474,0.046,881.000,877.000,0.000,0.500,0.495,0.692,0.757,0.463,0.037,0.475,0.031
888,790,757,0.000,0.500,0.479,0.709,0.740,0.477,0.023,0.492,0.030,879.000,875.000,0.000,0.493,0.473,0.693,0.749,0.487,0.020,0.480,0.046,880.000,875.000,0.001,0.511,0.480,0.697,0.741,0.478,0.011,0.474,0.046,881.000,877.000,0.000,0.500,0.495,0.692,0.757,0.463,0.037,0.475,0.031
889,790,757,0.000,0.500,0.479,0.709,0.740,0.477,0.023,0.492,0.030,879.000,875.000,0.000,0.493,0.473,0.693,0.749,0.487,0.020,0.480,0.046,880.000,875.000,0.001,0.511,0.480,0.697,0.741,0.478,0.011,0.474,0.046,881.000,877.000,0.000,0.500,0.495,0.692,0.757,0.463,0.037,0.475,0.031
890,790,757,0.000,0.500,0.479,0.709,0.740,0.477,0.023,0.492,0.030,879.000,875.000,0.000,0.493,0.473,0.693,0.749,0.487,0.020,0.480,0.046,880.000,875.000,0.001,0.511,0.480,0.697,0.741,0.478,0.011,0.474,0.046,883.000,878.000,0.001,0.509,0.459,0.705,0.749,0.484,0.006,0.484,0.057
891,790,757,0.000,0.500,0.479,0.709,0.740,0.477,0.023,0.492,0.030,879.000,875.000,0.000,0.493,0.473,0.693,0.749,0.487,0.020,0.480,0.046,880.000,875.000,0.001,0.511,0.480,0.697,0.741,0.478,0.011,0.474,0.046,883.000,878.000,0.001,0.509,0.459,0.705,0.749,0.484,0.006,0.484,0.057
892,790,757,0.000,0.500,0.479,0.709,0.740,0.477,0.023,0.492,0.030,879.000,875.000,0.000,0.493,0.473,0.693,0.749,0.487,0.020,0.480,0.046,880.000,875.000,0.001,0.511,0.480,0.697,0.741,0.478,0.011,0.474,0.046,884.000,873.000,0.001,0.516,0.470,0.689,0.716,0.484,0.000,0.482,0.048
893,790,757,0.000,0.500,0.479,0.709,0.740,0.477,0.023,0.492,0.030,879.000,875.000,0.000,0.493,0.473,0.693,0.749,0.487,0.020,0.480,0.046,880.000,875.000,0.001,0.511,0.480,0.697,0.741,0.478,0.011,0.474,0.046,884.000,873.000,0.001,0.516,0.470,0.689,0.716,0.484,0.000,0.482,0.048
894,790,757,0.000,0.500,0.479,0.709,0.740,0.477,0.023,0.492,0.030,879.000,875.000,0.000,0.493,0.473,0.693,0.749,0.487,0.020,0.480,0.046,880.000,875.000,0.001,0.511,0.480,0.697,0.741,0.478,0.011,0.474,0.046,884.000,873.000,0.001,0.516,0.470,0.689,0.716,0.484,0.000,0.482,0.048
895,790,757,0.000,0.500,0.479,0.709,0.740,0.477,0.023,0.492,0.030,884.000,873.000,0.001,0.516,0.470,0.689,0.716,0.484,0.000,0.482,0.048,895.000,888.000,0.000,0.520,0.473,0.698,0.734,0.462,0.018,0.475,0.052,,,,,,,,,,,
896,790,757,0.000,0.500,0.479,0.709,0.740,0.477,0.023,0.492,0.030,884.000,873.000,0.001,0.516,0.470,0.689,0.716,0.484,0.000,0.482,0.048,897.000,895.000,0.002,0.512,0.482,0.701,0.713,0.463,0.026,0.465,0.053,,,,,,,,,,,
897,790,757,0.000,0.500,0.479,0.709,0.740,0.477,0.023,0.492,0.030,884.000,873.000,0.001,0.516,0.470,0.689,0.716,0.484,0.000,0.482,0.048,897.000,895.000,0.002,0.512,0.482,0.701,0.713,0.463,0.026,0.465,0.053,898.000,897.000,0.003,0.516,0.490,0.690,0.739,0.473,0.010,0.458,0.052
898,790,757,0.000,0.500,0.479,0.709,0.740,0.477,0.023,0.492,0.030,884.000,873.000,0.001,0.516,0.470,0.689,0.716,0.484,0.000,0.482,0.048,897.000,895.000,0.002,0.512,0.482,0.701,0.713,0.463,0.026,0.465,0.053,898.000,897.000,0.003,0.516,0.490,0.690,0.739,0.473,0.010,0.458,0.052
899,790,757,0.000,0.500,0.479,0.709,0.740,0.477,0.023,0.492,0.030,884.000,873.000,0.001,0.516,0.470,0.689,0.716,0.484,0.000,0.482,0.048,897.000,895.000,0.002,0.512,0.482,0.701,0.713,0.463,0.026,0.465,0.053,898.000,897.000,0.003,0.516,0.490,0.690,0.739,0.473,0.010,0.458,0.052
900,790,757,0.000,0.500,0.479,0.709,0.740,0.477,0.023,0.492,0.030,884.000,873.000,0.001,0.516,0.470,0.689,0.716,0.484,0.000,0.482,0.048,897.000,895.000,0.002,0.512,0.482,0.701,0.713,0.463,0.026,0.465,0.053,898.000,897.000,0.003,0.516,0.490,0.690,0.739,0.473,0.010,0.458,0.052
901,790,757,0.000,0.500,0.479,0.709,0.740,0.477,0.023,0.492,0.030,884.000,873.000,0.001,0.516,0.470,0.689,0.716,0.484,0.000,0.482,0.048,898.000,897.000,0.003,0.516,0.490,0.690,0.739,0.473,0.010,0.458,0.052,899.000,897.000,0.000,0.513,0.475,0.715,0.718,0.463,0.024,0.456,0.069
902,790,757,0.000,0.500,0.479,0.709,0.740,0.477,0.023,0.492,0.030,884.000,873.000,0.001,0.516,0.470,0.689,0.716,0.484,0.000,0.482,0.048,898.000,897.000,0.003,0.516,0.490,0.690,0.739,0.473,0.010,0.458,0.052,899.000,897.000,0.000,0.513,0.475,0.715,0.718,0.463,0.024,0.456,0.069
903,790,757,0.000,0.500,0.479,0.709,0.740,0.477,0.023,0.492,0.030,884.000,873.000,0.001,0.516,0.470,0.689,0.716,0.484,0.000,0.482,0.048,900.000,884.000,0.000,0.497,0.477,0.681,0.712,0.482,0.021,0.473,0.050,901.000,897.000,0.000,0.509,0.493,0.688,0.717,0.458,0.032,0.458,0.050
904,790,757,0.000,0.500,0.479,0.709,0.740,0.477,0.023,0.492,0.030,884.000,873.000,0.001,0.516,0.470,0.689,0.716,0.484,0.000,0.482,0.048,900.000,884.000,0.000,0.497,0.477,0.681,0.712,0.482,0.021,0.473,0.050,904.000,901.000,0.000,0.499,0.501,0.690,0.718,0.480,0.021,0.459,0.040
905,790,757,0.000,0.500,0.479,0.709,0.740,0.477,0.023,0.492,0.030,884.000,873.000,0.001,0.516,0.470,0.689,0.716,0.484,0.000,0.482,0.048,900.000,884.000,0.000,0.497,0.477,0.681,0.712,0.482,0.021,0.473,0.050,904.000,901.000,0.000,0.499,0.501,0.690,0.718,0.480,0.021,0.459,0.040
906,790,757,0.000,0.500,0.479,0.709,0.740,0.477,0.023,0.492,0.030,884.000,873.000,0.001,0.516,0.470,0.689,0.716,0.484,0.000,0.482,0.048,900.000,884.000,0.000,0.497,0.477,0.681,0.712,0.482,0.021,0.473,0.050,904.000,901.000,0.000,0.499,0.501,0.690,0.718,0.480,0.021,0.459,0.040
907,790,757,0.000,0.500,0.479,0.709,0.740,0.477,0.023,0.492,0.030,884.000,873.000,0.001,0.516,0.470,0.689,0.716,0.484,0.000,0.482,0.048,900.000,884.000,0.000,0.497,0.477,0.681,0.712,0.482,0.021,0.473,0.050,904.000,901.000,0.000,0.499,0.501,0.690,0.718,0.480,0.021,0.459,0.040
908,790,757,0.000,0.500,0.479,0.709,0.740,0.477,0.023,0.492,0.030,884.000,873.000,0.001,0.516,0.470,0.689,0.716,0.484,0.000,0.482,0.048,900.000,884.000,0.000,0.497,0.477,0.681,0.712,0.482,0.021,0.473,0.050,904.000,901.000,0.000,0.499,0.501,0.690,0.718,0.480,0.021,0.459,0.040
909,790,757,0.000,0.500,0.479,0.709,0.740,0.477,0.023,0.492,0.030,884.000,873.000,0.001,0.516,0.470,0.689,0.716,0.484,0.000,0.482,0.048,900.000,884.000,0.000,0.497,0.477,0.681,0.712,0.482,0.021,0.473,0.050,904.000,901.000,0.000,0.499,0.501,0.690,0.718,0.480,0.021,0.459,0.040
910,790,757,0.000,0.500,0.479,0.709,0.740,0.477,0.023,0.492,0.030,884.000,873.000,0.001,0.516,0.470,0.689,0.716,0.484,0.000,0.482,0.048,900.000,884.000,0.000,0.497,0.477,0.681,0.712,0.482,0.021,0.473,0.050,904.000,901.000,0.000,0.499,0.501,0.690,0.718,0.480,0.021,0.459,0.040
911,790,757,0.000,0.500,0.479,0.709,0.740,0.477,0.023,0.492,0.030,884.000,873.000,0.001,0.516,0.470,0.689,0.716,0.484,0.000,0.482,0.048,900.000,884.000,0.000,0.497,0.477,0.681,0.712,0.482,0.021,0.473,0.050,904.000,901.000,0.000,0.499,0.501,0.690,0.718,0.480,0.021,0.459,0.040
912,790,757,0.000,0.500,0.479,0.709,0.740,0.477,0.023,0.492,0.030,884.000,873.000,0.001,0.516,0.470,0.689,0.716,0.484,0.000,0.482,0.048,900.000,884.000,0.000,0.497,0.477,0.681,0.712,0.482,0.021,0.473,0.050,904.000,901.000,0.000,0.499,0.501,0.690,0.718,0.480,0.021,0.459,0.040
913,790,757,0.000,0.500,0.479,0.709,0.740,0.477,0.023,0.492,0.030,900.000,884.000,0.000,0.497,0.477,0.681,0.712,0.482,0.021,0.473,0.050,904.000,901.000,0.000,0.499,0.501,0.690,0.718,0.480,0.021,0.459,0.040,907.000,900.000,0.000,0.496,0.474,0.699,0.711,0.490,0.014,0.472,0.054
914,790,757,0.000,0.500,0.479,0.709,0.740,0.477,0.023,0.492,0.030,900.000,884.000,0.000,0.497,0.477,0.681,0.712,0.482,0.021,0.473,0.050,904.000,901.000,0.000,0.499,0.501,0.690,0.718,0.480,0.021,0.459,0.040,907.000,900.000,0.000,0.496,0.474,0.699,0.711,0.490,0.014,0.472,0.054
915,790,757,0.000,0.500,0.479,0.709,0.740,0.477,0.023,0.492,0.030,900.000,884.000,0.000,0.497,0.477,0.681,0.712,0.482,0.021,0.473,0.050,907.000,900.000,0.000,0.496,0.474,0.699,0.711,0.490,0.014,0.472,0.054,913.000,790.000,0.000,0.497,0.486,0.723,0.745,0.488,0.015,0.497,0.017
916,790,757,0.000,0.500,0.479,0.709,0.740,0.477,0.023,0.492,0.030,917.000,790.000,0.000,0.507,0.474,0.720,0.735,0.474,0.019,0.494,0.032,,,,,,,,,,,,,,,,,,,,,,
917,790,757,0.000,0.500,0.479,0.709,0.740,0.477,0.023,0.492,0.030,917.000,790.000,0.000,0.507,0.474,0.720,0.735,0.474,0.019,0.494,0.032,,,,,,,,,,,,,,,,,,,,,,
918,790,757,0.000,0.500,0.479,0.709,0.740,0.477,0.023,0.492,0.030,917.000,790.000,0.000,0.507,0.474,0.720,0.735,0.474,0.019,0.494,0.032,,,,,,,,,,,,,,,,,,,,,,
919,790,757,0.000,0.500,0.479,0.709,0.740,0.477,0.023,0.492,0.030,917.000,790.000,0.000,0.507,0.474,0.720,0.735,0.474,0.019,0.494,0.032,920.000,917.000,0.000,0.508,0.471,0.719,0.714,0.477,0.015,0.484,0.044,,,,,,,,,,,
920,790,757,0.000,0.500,0.479,0.709,0.740,0.477,0.023,0.492,0.030,917.000,790.000,0.000,0.507,0.474,0.720,0.735,0.474,0.019,0.494,0.032,920.000,917.000,0.000,0.508,0.471,0.719,0.714,0.477,0.015,0.484,0.044,,,,,,,,,,,
921,790,757,0.000,0.500,0.479,0.709,0.740,0.477,0.023,0.492,0.030,917.000,790.000,0.000,0.507,0.474,0.720,0.735,0.474,0.019,0.494,0.032,920.000,917.000,0.000,0.508,0.471,0.719,0.714,0.477,0.015,0.484,0.044,,,,,,,,,,,
922,790,757,0.000,0.500,0.479,0.709,0.740,0.477,0.023,0.492,0.030,917.000,790.000,0.000,0.507,0.474,0.720,0.735,0.474,0.019,0.494,0.032,920.000,917.000,0.000,0.508,0.471,0.719,0.714,0.477,0.015,0.484,0.044,,,,,,,,,,,
923,790,757,0.000,0.500,0.479,0.709,0.740,0.477,0.023,0.492,0.030,917.000,790.000,0.000,0.507,0.474,0.720,0.735,0.474,0.019,0.494,0.032,920.000,917.000,0.000,0.508,0.471,0.719,0.714,0.477,0.015,0.484,0.044,,,,,,,,,,,
924,790,757,0.000,0.500,0.479,0.709,0.740,0.477,0.023,0.492,0.030,917.000,790.000,0.000,0.507,0.474,0.720,0.735,0.474,0.019,0.494,0.032,920.000,917.000,0.000,0.508,0.471,0.719,0.714,0.477,0.015,0.484,0.044,,,,,,,,,,,
925,790,757,0.000,0.500,0.479,0.709,0.740,0.477,0.023,0.492,0.030,917.000,790.000,0.000,0.507,0.474,0.720,0.735,0.474,0.019,0.494,0.032,920.000,917.000,0.000,0.508,0.471,0.719,0.714,0.477,0.015,0.484,0.044,,,,,,,,,,,
926,790,757,0.000,0.500,0.479,0.709,0.740,0.477,0.023,0.492,0.030,917.000,790.000,0.000,0.507,0.474,0.720,0.735,0.474,0.019,0.494,0.032,920.000,917.000,0.000,0.508,0.471,0.719,0.714,0.477,0.015,0.484,0.044,,,,,,,,,,,
927,790,757,0.000,0.500,0.479,0.709,0.740,0.477,0.023,0.492,0.030,917.000,790.000,0.000,0.507,0.474,0.720,0.735,0.474,0.019,0.494,0.032,920.000,917.000,0.000,0.508,0.471,0.719,0.714,0.477,0.015,0.484,0.044,,,,,,,,,,,
928,790,757,0.000,0.500,0.479,0.709,0.740,0.477,0.023,0.492,0.030,917.000,790.000,0.000,0.507,0.474,0.720,0.735,0.474,0.019,0.494,0.032,920.000,917.000,0.000,0.508,0.471,0.719,0.714,0.477,0.015,0.484,0.044,,,,,,,,,,,
929,790,757,0.000,0.500,0.479,0.709,0.740,0.477,0.023,0.492,0.030,917.000,790.000,0.000,0.507,0.474,0.720,0.735,0.474,0.019,0.494,0.032,920.000,917.000,0.000,0.508,0.471,0.719,0.714,0.477,0.015,0.484,0.044,,,,,,,,,,,
930,790,757,0.000,0.500,0.479,0.709,0.740,0.477,0.023,0.492,0.030,917.000,790.000,0.000,0.507,0.474,0.720,0.735,0.474,0.019,0.494,0.032,920.000,917.000,0.000,0.508,0.471,0.719,0.714,0.477,0.015,0.484,0.044,,,,,,,,,,,
931,790,757,0.000,0.500,0.479,0.709,0.740,0.477,0.023,0.492,0.030,917.000,790.000,0.000,0.507,0.474,0.720,0.735,0.474,0.019,0.494,0.032,932.000,920.000,0.000,0.506,0.484,0.712,0.721,0.486,0.009,0.491,0.026,,,,,,,,,,,
932,790,757,0.000,0.500,0.479,0.709,0.740,0.477,0.023,0.492,0.030,917.000,790.000,0.000,0.507,0.474,0.720,0.735,0.474,0.019,0.494,0.032,932.000,920.000,0.000,0.506,0.484,0.712,0.721,0.486,0.009,0.491,0.026,933.000,917.000,0.000,0.501,0.469,0.721,0.737,0.475,0.024,0.502,0.029
933,790,757,0.000,0.500,0.479,0.709,0.740,0.477,0.023,0.492,0.030,917.000,790.000,0.000,0.507,0.474,0.720,0.735,0.474,0.019,0.494,0.032,932.000,920.000,0.000,0.506,0.484,0.712,0.721,0.486,0.009,0.491,0.026,933.000,917.000,0.000,0.501,0.469,0.721,0.737,0.475,0.024,0.502,0.029
934,790,757,0.000,0.500,0.479,0.709,0.740,0.477,0.023,0.492,0.030,917.000,790.000,0.000,0.507,0.474,0.720,0.735,0.474,0.019,0.494,0.032,932.000,920.000,0.000,0.506,0.484,0.712,0.721,0.486,0.009,0.491,0.026,933.000,917.000,0.000,0.501,0.469,0.721,0.737,0.475,0.024,0.502,0.029
935,790,757,0.000,0.500,0.479,0.709,0.740,0.477,0.023,0.492,0.030,917.000,790.000,0.000,0.507,0.474,0.720,0.735,0.474,0.019,0.494,0.032,932.000,920.000,0.000,0.506,0.484,0.712,0.721,0.486,0.009,0.491,0.026,933.000,917.000,0.000,0.501,0.469,0.721,0.737,0.475,0.024,0.502,0.029
936,790,757,0.000,0.500,0.479,0.709,0.740,0.477,0.023,0.492,0.030,917.000,790.000,0.000,0.507,0.474,0.720,0.735,0.474,0.019,0.494,0.032,932.000,920.000,0.000,0.506,0.484,0.712,0.721,0.486,0.009,0.491,0.026,933.000,917.000,0.000,0.501,0.469,0.721,0.737,0.475,0.024,0.502,0.029
937,790,757,0.000,0.500,0.479,0.709,0.740,0.477,0.023,0.492,0.030,917.000,790.000,0.000,0.507,0.474,0.720,0.735,0.474,0.019,0.494,0.032,932.000,920.000,0.000,0.506,0.484,0.712,0.721,0.486,0.009,0.491,0.026,933.000,917.000,0.000,0.501,0.469,0.721,0.737,0.475,0.024,0.502,0.029
938,790,757,0.000,0.500,0.479,0.709,0.740,0.477,0.023,0.492,0.030,917.000,790.000,0.000,0.507,0.474,0.720,0.735,0.474,0.019,0.494,0.032,932.000,920.000,0.000,0.506,0.484,0.712,0.721,0.486,0.009,0.491,0.026,933.000,917.000,0.000,0.501,0.469,0.721,0.737,0.475,0.024,0.502,0.029
939,790,757,0.000,0.500,0.479,0.709,0.740,0.477,0.023,0.492,0.030,917.000,790.000,0.000,0.507,0.474,0.720,0.735,0.474,0.019,0.494,0.032,932.000,920.000,0.000,0.506,0.484,0.712,0.721,0.486,0.009,0.491,0.026,933.000,917.000,0.000,0.501,0.469,0.721,0.737,0.475,0.024,0.502,0.029
940,790,757,0.000,0.500,0.479,0.709,0.740,0.477,0.023,0.492,0.030,917.000,790.000,0.000,0.507,0.474,0.720,0.735,0.474,0.019,0.494,0.032,932.000,920.000,0.000,0.506,0.484,0.712,0.721,0.486,0.009,0.491,0.026,933.000,917.000,0.000,0.501,0.469,0.721,0.737,0.475,0.024,0.502,0.029
941,790,757,0.000,0.500,0.479,0.709,0.740,0.477,0.023,0.492,0.030,917.000,790.000,0.000,0.507,0.474,0.720,0.735,0.474,0.019,0.494,0.032,932.000,920.000,0.000,0.506,0.484,0.712,0.721,0.486,0.009,0.491,0.026,934.000,932.000,0.000,0.512,0.481,0.709,0.727,0.472,0.016,0.488,0.031
942,790,757,0.000,0.500,0.479,0.709,0.740,0.477,0.023,0.492,0.030,917.000,790.000,0.000,0.507,0.474,0.720,0.735,0.474,0.019,0.494,0.032,932.000,920.000,0.000,0.506,0.484,0.712,0.721,0.486,0.009,0.491,0.026,934.000,932.000,0.000,0.512,0.481,0.709,0.727,0.472,0.016,0.488,0.031
943,790,757,0.000,0.500,0.479,0.709,0.740,0.477,0.023,0.492,0.030,917.000,790.000,0.000,0.507,0.474,0.720,0.735,0.474,0.019,0.494,0.032,932.000,920.000,0.000,0.506,0.484,0.712,0.721,0.486,0.009,0.491,0.026,934.000,932.000,0.000,0.512,0.481,0.709,0.727,0.472,0.016,0.488,0.031
944,790,757,0.000,0.500,0.479,0.709,0.740,0.477,0.023,0.492,0.030,917.000,790.000,0.000,0.507,0.474,0.720,0.735,0.474,0.019,0.494,0.032,932.000,920.000,0.000,0.506,0.484,0.712,0.721,0.486,0.009,0.491,0.026,934.000,932.000,0.000,0.512,0.481,0.709,0.727,0.472,0.016,0.488,0.031
945,790,757,0.000,0.500,0.479,0.709,0.740,0.477,0.023,0.492,0.030,917.000,790.000,0.000,0.507,0.474,0.720,0.735,0.474,0.019,0.494,0.032,932.000,920.000,0.000,0.506,0.484,0.712,0.721,0.486,0.009,0.491,0.026,934.000,932.000,0.000,0.512,0.481,0.709,0.727,0.472,0.016,0.488,0.031
946,790,757,0.000,0.500,0.479,0.709,0.740,0.477,0.023,0.492,0.030,917.000,790.000,0.000,0.507,0.474,0.720,0.735,0.474,0.019,0.494,0.032,932.000,920.000,0.000,0.506,0.484,0.712,0.721,0.486,0.009,0.491,0.026,934.000,932.000,0.000,0.512,0.481,0.709,0.727,0.472,0.016,0.488,0.031
947,790,757,0.000,0.500,0.479,0.709,0.740,0.477,0.023,0.492,0.030,917.000,790.000,0.000,0.507,0.474,0.720,0.735,0.474,0.019,0.494,0.032,932.000,920.000,0.000,0.506,0.484,0.712,0.721,0.486,0.009,0.491,0.026,934.000,932.000,0.000,0.512,0.481,0.709,0.727,0.472,0.016,0.488,0.031
948,790,757,0.000,0.500,0.479,0.709,0.740,0.477,0.023,0.492,0.030,917.000,790.000,0.000,0.507,0.474,0.720,0.735,0.474,0.019,0.494,0.032,932.000,920.000,0.000,0.506,0.484,0.712,0.721,0.486,0.009,0.491,0.026,934.000,932.000,0.000,0.512,0.481,0.709,0.727,0.472,0.016,0.488,0.031
949,917,790,0.000,0.507,0.474,0.720,0.735,0.474,0.019,0.494,0.032,932.000,920.000,0.000,0.506,0.484,0.712,0.721,0.486,0.009,0.491,0.026,934.000,932.000,0.000,0.512,0.481,0.709,0.727,0.472,0.016,0.488,0.031,944.000,934.000,0.000,0.516,0.475,0.708,0.730,0.476,0.008,0.492,0.034
950,917,790,0.000,0.507,0.474,0.720,0.735,0.474,0.019,0.494,0.032,932.000,920.000,0.000,0.506,0.484,0.712,0.721,0.486,0.009,0.491,0.026,934.000,932.000,0.000,0.512,0.481,0.709,0.727,0.472,0.016,0.488,0.031,944.000,934.000,0.000,0.516,0.475,0.708,0.730,0.476,0.008,0.492,0.034
951,917,790,0.000,0.507,0.474,0.720,0.735,0.474,0.019,0.494,0.032,932.000,920.000,0.000,0.506,0.484,0.712,0.721,0.486,0.009,0.491,0.026,934.000,932.000,0.000,0.512,0.481,0.709,0.727,0.472,0.016,0.488,0.031,944.000,934.000,0.000,0.516,0.475,0.708,0.730,0.476,0.008,0.492,0.034
952,932,920,0.000,0.506,0.484,0.712,0.721,0.486,0.009,0.491,0.026,944.000,934.000,0.000,0.516,0.475,0.708,0.730,0.476,0.008,0.492,0.034,947.000,934.000,0.000,0.505,0.471,0.707,0.720,0.472,0.024,0.498,0.031,950.000,949.000,0.000,0.505,0.477,0.701,0.750,0.471,0.024,0.492,0.030
953,932,920,0.000,0.506,0.484,0.712,0.721,0.486,0.009,0.491,0.026,944.000,934.000,0.000,0.516,0.475,0.708,0.730,0.476,0.008,0.492,0.034,947.000,934.000,0.000,0.505,0.471,0.707,0.720,0.472,0.024,0.498,0.031,950.000,949.000,0.000,0.505,0.477,0.701,0.750,0.471,0.024,0.492,0.030
954,932,920,0.000,0.506,0.484,0.712,0.721,0.486,0.009,0.491,0.026,944.000,934.000,0.000,0.516,0.475,0.708,0.730,0.476,0.008,0.492,0.034,947.000,934.000,0.000,0.505,0.471,0.707,0.720,0.472,0.024,0.498,0.031,953.000,932.000,0.000,0.519,0.483,0.702,0.724,0.481,0.000,0.488,0.029
955,932,920,0.000,0.506,0.484,0.712,0.721,0.486,0.009,0.491,0.026,944.000,934.000,0.000,0.516,0.475,0.708,0.730,0.476,0.008,0.492,0.034,953.000,932.000,0.000,0.519,0.483,0.702,0.724,0.481,0.000,0.488,0.029,956.000,932.000,0.000,0.505,0.491,0.704,0.727,0.478,0.017,0.492,0.017
956,932,920,0.000,0.506,0.484,0.712,0.721,0.486,0.009,0.491,0.026,944.000,934.000,0.000,0.516,0.475,0.708,0.730,0.476,0.008,0.492,0.034,953.000,932.000,0.000,0.519,0.483,0.702,0.724,0.481,0.000,0.488,0.029,956.000,932.000,0.000,0.505,0.491,0.704,0.727,0.478,0.017,0.492,0.017
957,932,920,0.000,0.506,0.484,0.712,0.721,0.486,0.009,0.491,0.026,944.000,934.000,0.000,0.516,0.475,0.708,0.730,0.476,0.008,0.492,0.034,953.000,932.000,0.000,0.519,0.483,0.702,0.724,0.481,0.000,0.488,0.029,956.000,932.000,0.000,0.505,0.491,0.704,0.727,0.478,0.017,0.492,0.017
958,932,920,0.000,0.506,0.484,0.712,0.721,0.486,0.009,0.491,0.026,953.000,932.000,0.000,0.519,0.483,0.702,0.724,0.481,0.000,0.488,0.029,956.000,932.000,0.000,0.505,0.491,0.704,0.727,0.478,0.017,0.492,0.017,959.000,932.000,0.007,0.505,0.486,0.713,0.725,0.484,0.012,0.499,0.015
959,932,920,0.000,0.506,0.484,0.712,0.721,0.486,0.009,0.491,0.026,953.000,932.000,0.000,0.519,0.483,0.702,0.724,0.481,0.000,0.488,0.029,956.000,932.000,0.000,0.505,0.491,0.704,0.727,0.478,0.017,0.492,0.017,960.000,959.000,0.004,0.507,0.483,0.715,0.719,0.484,0.009,0.491,0.026
960,932,920,0.000,0.506,0.484,0.712,0.721,0.486,0.009,0.491,0.026,953.000,932.000,0.000,0.519,0.483,0.702,0.724,0.481,0.000,0.488,0.029,956.000,932.000,0.000,0.505,0.491,0.704,0.727,0.478,0.017,0.492,0.017,960.000,959.000,0.004,0.507,0.483,0.715,0.719,0.484,0.009,0.491,0.026
961,932,920,0.000,0.506,0.484,0.712,0.721,0.486,0.009,0.491,0.026,953.000,932.000,0.000,0.519,0.483,0.702,0.724,0.481,0.000,0.488,0.029,956.000,932.000,0.000,0.505,0.491,0.704,0.727,0.478,0.017,0.492,0.017,960.000,959.000,0.004,0.507,0.483,0.715,0.719,0.484,0.009,0.491,0.026
962,932,920,0.000,0.506,0.484,0.712,0.721,0.486,0.009,0.491,0.026,953.000,932.000,0.000,0.519,0.483,0.702,0.724,0.481,0.000,0.488,0.029,961.000,953.000,0.000,0.501,0.497,0.693,0.737,0.485,0.014,0.489,0.015,963.000,960.000,0.002,0.499,0.479,0.711,0.713,0.473,0.027,0.495,0.027
963,932,920,0.000,0.506,0.484,0.712,0.721,0.486,0.009,0.491,0.026,953.000,932.000,0.000,0.519,0.483,0.702,0.724,0.481,0.000,0.488,0.029,961.000,953.000,0.000,0.501,0.497,0.693,0.737,0.485,0.014,0.489,0.015,963.000,960.000,0.002,0.499,0.479,0.711,0.713,0.473,0.027,0.495,0.027
964,932,920,0.000,0.506,0.484,0.712,0.721,0.486,0.009,0.491,0.026,953.000,932.000,0.000,0.519,0.483,0.702,0.724,0.481,0.000,0.488,0.029,961.000,953.000,0.000,0.501,0.497,0.693,0.737,0.485,0.014,0.489,0.015,964.000,953.000,0.000,0.523,0.480,0.701,0.731,0.461,0.015,0.495,0.025
965,932,920,0.000,0.506,0.484,0.712,0.721,0.486,0.009,0.491,0.026,953.000,932.000,0.000,0.519,0.483,0.702,0.724,0.481,0.000,0.488,0.029,961.000,953.000,0.000,0.501,0.497,0.693,0.737,0.485,0.014,0.489,0.015,964.000,953.000,0.000,0.523,0.480,0.701,0.731,0.461,0.015,0.495,0.025
966,932,920,0.000,0.506,0.484,0.712,0.721,0.486,0.009,0.491,0.026,961.000,953.000,0.000,0.501,0.497,0.693,0.737,0.485,0.014,0.489,0.015,964.000,953.000,0.000,0.523,0.480,0.701,0.731,0.461,0.015,0.495,0.025,967.000,961.000,0.000,0.507,0.511,0.687,0.754,0.482,0.011,0.482,0.007
967,932,920,0.000,0.506,0.484,0.712,0.721,0.486,0.009,0.491,0.026,964.000,953.000,0.000,0.523,0.480,0.701,0.731,0.461,0.015,0.495,0.025,967.000,961.000,0.000,0.507,0.511,0.687,0.754,0.482,0.011,0.482,0.007,968.000,967.000,0.003,0.502,0.518,0.680,0.742,0.480,0.018,0.482,0.000
968,932,920,0.000,0.506,0.484,0.712,0.721,0.486,0.009,0.491,0.026,964.000,953.000,0.000,0.523,0.480,0.701,0.731,0.461,0.015,0.495,0.025,967.000,961.000,0.000,0.507,0.511,0.687,0.754,0.482,0.011,0.482,0.007,968.000,967.000,0.003,0.502,0.518,0.680,0.742,0.480,0.018,0.482,0.000
969,932,920,0.000,0.506,0.484,0.712,0.721,0.486,0.009,0.491,0.026,964.000,953.000,0.000,0.523,0.480,0.701,0.731,0.461,0.015,0.495,0.025,967.000,961.000,0.000,0.507,0.511,0.687,0.754,0.482,0.011,0.482,0.007,968.000,967.000,0.003,0.502,0.518,0.680,0.742,0.480,0.018,0.482,0.000
970,932,920,0.000,0.506,0.484,0.712,0.721,0.486,0.009,0.491,0.026,964.000,953.000,0.000,0.523,0.480,0.701,0.731,0.461,0.015,0.495,0.025,967.000,961.000,0.000,0.507,0.511,0.687,0.754,0.482,0.011,0.482,0.007,970.000,964.000,0.002,0.517,0.475,0.695,0.720,0.464,0.019,0.499,0.026
971,932,920,0.000,0.506,0.484,0.712,0.721,0.486,0.009,0.491,0.026,971.000,964.000,0.000,0.510,0.480,0.718,0.738,0.473,0.017,0.500,0.020,972.000,967.000,0.003,0.510,0.510,0.689,0.744,0.487,0.004,0.472,0.018,,,,,,,,,,,
972,932,920,0.000,0.506,0.484,0.712,0.721,0.486,0.009,0.491,0.026,971.000,964.000,0.000,0.510,0.480,0.718,0.738,0.473,0.017,0.500,0.020,972.000,967.000,0.003,0.510,0.510,0.689,0.744,0.487,0.004,0.472,0.018,973.000,971.000,0.001,0.510,0.497,0.717,0.727,0.470,0.020,0.488,0.014
973,932,920,0.000,0.506,0.484,0.712,0.721,0.486,0.009,0.491,0.026,971.000,964.000,0.000,0.510,0.480,0.718,0.738,0.473,0.017,0.500,0.020,972.000,967.000,0.003,0.510,0.510,0.689,0.744,0.487,0.004,0.472,0.018,973.000,971.000,0.001,0.510,0.497,0.717,0.727,0.470,0.020,0.488,0.014
974,932,920,0.000,0.506,0.484,0.712,0.721,0.486,0.009,0.491,0.026,971.000,964.000,0.000,0.510,0.480,0.718,0.738,0.473,0.017,0.500,0.020,973.000,971.000,0.001,0.510,0.497,0.717,0.727,0.470,0.020,0.488,0.014,974.000,932.000,0.000,0.506,0.480,0.708,0.726,0.481,0.013,0.489,0.030
975,932,920,0.000,0.506,0.484,0.712,0.721,0.486,0.009,0.491,0.026,971.000,964.000,0.000,0.510,0.480,0.718,0.738,0.473,0.017,0.500,0.020,973.000,971.000,0.001,0.510,0.497,0.717,0.727,0.470,0.020,0.488,0.014,974.000,932.000,0.000,0.506,0.480,0.708,0.726,0.481,0.013,0.489,0.030
976,932,920,0.000,0.506,0.484,0.712,0.721,0.486,0.009,0.491,0.026,971.000,964.000,0.000,0.510,0.480,0.718,0.738,0.473,0.017,0.500,0.020,973.000,971.000,0.001,0.510,0.497,0.717,0.727,0.470,0.020,0.488,0.014,974.000,932.000,0.000,0.506,0.480,0.708,0.726,0.481,0.013,0.489,0.030
977,932,920,0.000,0.506,0.484,0.712,0.721,0.486,0.009,0.491,0.026,971.000,964.000,0.000,0.510,0.480,0.718,0.738,0.473,0.017,0.500,0.020,974.000,932.000,0.000,0.506,0.480,0.708,0.726,0.481,0.013,0.489,0.030,975.000,973.000,0.000,0.519,0.506,0.721,0.711,0.478,0.004,0.476,0.018
978,932,920,0.000,0.506,0.484,0.712,0.721,0.486,0.009,0.491,0.026,971.000,964.000,0.000,0.510,0.480,0.718,0.738,0.473,0.017,0.500,0.020,974.000,932.000,0.000,0.506,0.480,0.708,0.726,0.481,0.013,0.489,0.030,975.000,973.000,0.000,0.519,0.506,0.721,0.711,0.478,0.004,0.476,0.018
979,932,920,0.000,0.506,0.484,0.712,0.721,0.486,0.009,0.491,0.026,971.000,964.000,0.000,0.510,0.480,0.718,0.738,0.473,0.017,0.500,0.020,974.000,932.000,0.000,0.506,0.480,0.708,0.726,0.481,0.013,0.489,0.030,975.000,973.000,0.000,0.519,0.506,0.721,0.711,0.478,0.004,0.476,0.018
980,932,920,0.000,0.506,0.484,0.712,0.721,0.486,0.009,0.491,0.026,971.000,964.000,0.000,0.510,0.480,0.718,0.738,0.473,0.017,0.500,0.020,974.000,932.000,0.000,0.506,0.480,0.708,0.726,0.481,0.013,0.489,0.030,975.000,973.000,0.000,0.519,0.506,0.721,0.711,0.478,0.004,0.476,0.018
981,932,920,0.000,0.506,0.484,0.712,0.721,0.486,0.009,0.491,0.026,974.000,932.000,0.000,0.506,0.480,0.708,0.726,0.481,0.013,0.489,0.030,978.000,974.000,0.000,0.498,0.484,0.711,0.714,0.485,0.017,0.489,0.027,979.000,932.000,0.000,0.488,0.484,0.709,0.716,0.494,0.019,0.494,0.023
982,932,920,0.000,0.506,0.484,0.712,0.721,0.486,0.009,0.491,0.026,974.000,932.000,0.000,0.506,0.480,0.708,0.726,0.481,0.013,0.489,0.030,978.000,974.000,0.000,0.498,0.484,0.711,0.714,0.485,0.017,0.489,0.027,979.000,932.000,0.000,0.488,0.484,0.709,0.716,0.494,0.019,0.494,0.023
983,932,920,0.000,0.506,0.484,0.712,0.721,0.486,0.009,0.491,0.026,974.000,932.000,0.000,0.506,0.480,0.708,0.726,0.481,0.013,0.489,0.030,978.000,974.000,0.000,0.498,0.484,0.711,0.714,0.485,0.017,0.489,0.027,979.000,932.000,0.000,0.488,0.484,0.709,0.716,0.494,0.019,0.494,0.023
984,932,920,0.000,0.506,0.484,0.712,0.721,0.486,0.009,0.491,0.026,974.000,932.000,0.000,0.506,0.480,0.708,0.726,0.481,0.013,0.489,0.030,978.000,974.000,0.000,0.498,0.484,0.711,0.714,0.485,0.017,0.489,0.027,979.000,932.000,0.000,0.488,0.484,0.709,0.716,0.494,0.019,0.494,0.023
985,932,920,0.000,0.506,0.484,0.712,0.721,0.486,0.009,0.491,0.026,974.000,932.000,0.000,0.506,0.480,0.708,0.726,0.481,0.013,0.489,0.030,978.000,974.000,0.000,0.498,0.484,0.711,0.714,0.485,0.017,0.489,0.027,979.000,932.000,0.000,0.488,0.484,0.709,0.716,0.494,0.019,0.494,0.023
986,932,920,0.000,0.506,0.484,0.712,0.721,0.486,0.009,0.491,0.026,974.000,932.000,0.000,0.506,0.480,0.708,0.726,0.481,0.013,0.489,0.030,978.000,974.000,0.000,0.498,0.484,0.711,0.714,0.485,0.017,0.489,0.027,979.000,932.000,0.000,0.488,0.484,0.709,0.716,0.494,0.019,0.494,0.023
987,932,920,0.000,0.506,0.484,0.712,0.721,0.486,0.009,0.491,0.026,974.000,932.000,0.000,0.506,0.480,0.708,0.726,0.481,0.013,0.489,0.030,978.000,974.000,0.000,0.498,0.484,0.711,0.714,0.485,0.017,0.489,0.027,982.000,974.000,0.000,0.496,0.495,0.726,0.725,0.495,0.010,0.492,0.013
988,932,920,0.000,0.506,0.484,0.712,0.721,0.486,0.009,0.491,0.026,974.000,932.000,0.000,0.506,0.480,0.708,0.726,0.481,0.013,0.489,0.030,978.000,974.000,0.000,0.498,0.484,0.711,0.714,0.485,0.017,0.489,0.027,982.000,974.000,0.000,0.496,0.495,0.726,0.725,0.495,0.010,0.492,0.013
989,932,920,0.000,0.506,0.484,0.712,0.721,0.486,0.009,0.491,0.026,974.000,932.000,0.000,0.506,0.480,0.708,0.726,0.481,0.013,0.489,0.030,978.000,974.000,0.000,0.498,0.484,0.711,0.714,0.485,0.017,0.489,0.027,982.000,974.000,0.000,0.496,0.495,0.726,0.725,0.495,0.010,0.492,0.013
990,932,920,0.000,0.506,0.484,0.712,0.721,0.486,0.009,0.491,0.026,974.000,932.000,0.000,0.506,0.480,0.708,0.726,0.481,0.013,0.489,0.030,978.000,974.000,0.000,0.498,0.484,0.711,0.714,0.485,0.017,0.489,0.027,982.000,974.000,0.000,0.496,0.495,0.726,0.725,0.495,0.010,0.492,0.013
991,932,920,0.000,0.506,0.484,0.712,0.721,0.486,0.009,0.491,0.026,974.000,932.000,0.000,0.506,0.480,0.708,0.726,0.481,0.013,0.489,0.030,978.000,974.000,0.000,0.498,0.484,0.711,0.714,0.485,0.017,0.489,0.027,982.000,974.000,0.000,0.496,0.495,0.726,0.725,0.495,0.010,0.492,0.013
992,932,920,0.000,0.506,0.484,0.712,0.721,0.486,0.009,0.491,0.026,974.000,932.000,0.000,0.506,0.480,0.708,0.726,0.481,0.013,0.489,0.030,978.000,974.000,0.000,0.498,0.484,0.711,0.714,0.485,0.017,0.489,0.027,982.000,974.000,0.000,0.496,0.495,0.726,0.725,0.495,0.010,0.492,0.013
993,932,920,0.000,0.506,0.484,0.712,0.721,0.486,0.009,0.491,0.026,974.000,932.000,0.000,0.506,0.480,0.708,0.726,0.481,0.013,0.489,0.030,978.000,974.000,0.000,0.498,0.484,0.711,0.714,0.485,0.017,0.489,0.027,985.000,981.000,0.000,0.485,0.489,0.716,0.713,0.494,0.021,0.486,0.026
994,932,920,0.000,0.506,0.484,0.712,0.721,0.486,0.009,0.491,0.026,974.000,932.000,0.000,0.506,0.480,0.708,0.726,0.481,0.013,0.489,0.030,978.000,974.000,0.000,0.498,0.484,0.711,0.714,0.485,0.017,0.489,0.027,985.000,981.000,0.000,0.485,0.489,0.716,0.713,0.494,0.021,0.486,0.026
995,932,920,0.000,0.506,0.484,0.712,0.721,0.486,0.009,0.491,0.026,974.000,932.000,0.000,0.506,0.480,0.708,0.726,0.481,0.013,0.489,0.030,978.000,974.000,0.000,0.498,0.484,0.711,0.714,0.485,0.017,0.489,0.027,985.000,981.000,0.000,0.485,0.489,0.716,0.713,0.494,0.021,0.486,0.026
996,932,920,0.000,0.506,0.484,0.712,0.721,0.486,0.009,0.491,0.026,974.000,932.000,0.000,0.506,0.480,0.708,0.726,0.481,0.013,0.489,0.030,978.000,974.000,0.000,0.498,0.484,0.711,0.714,0.485,0.017,0.489,0.027,985.000,981.000,0.000,0.485,0.489,0.716,0.713,0.494,0.021,0.486,0.026
997,932,920,0.000,0.506,0.484,0.712,0.721,0.486,0.009,0.491,0.026,974.000,932.000,0.000,0.506,0.480,0.708,0.726,0.481,0.013,0.489,0.030,978.000,974.000,0.000,0.498,0.484,0.711,0.714,0.485,0.017,0.489,0.027,996.000,932.000,0.000,0.502,0.484,0.717,0.722,0.482,0.016,0.491,0.025
998,932,920,0.000,0.506,0.484,0.712,0.721,0.486,0.009,0.491,0.026,974.000,932.000,0.000,0.506,0.480,0.708,0.726,0.481,0.013,0.489,0.030,978.000,974.000,0.000,0.498,0.484,0.711,0.714,0.485,0.017,0.489,0.027,996.000,932.000,0.000,0.502,0.484,0.717,0.722,0.482,0.016,0.491,0.025
999,932,920,0.000,0.506,0.484,0.712,0.721,0.486,0.009,0.491,0.026,974.000,932.000,0.000,0.506,0.480,0.708,0.726,0.481,0.013,0.489,0.030,978.000,974.000,0.000,0.498,0.484,0.711,0.714,0.485,0.017,0.489,0.027,996.000,932.000,0.000,0.502,0.484,0.717,0.722,0.482,0.016,0.491,0.025
