mutation_step,id_1,parent_1,phi_1,r1_1,r2_1,p1_1,p2_1,r1r2_1,r1p1_1,r2r1_1,r2p2_1,id_2,parent_2,phi_2,r1_2,r2_2,p1_2,p2_2,r1r2_2,r1p1_2,r2r1_2,r2p2_2,id_3,parent_3,phi_3,r1_3,r2_3,p1_3,p2_3,r1r2_3,r1p1_3,r2r1_3,r2p2_3,id_4,parent_4,phi_4,r1_4,r2_4,p1_4,p2_4,r1r2_4,r1p1_4,r2r1_4,r2p2_4
0,0,-1,0.001,0.990,0.990,0.990,0.990,0.005,0.005,0.005,0.005,1,0,0.004,0.996,0.987,0.993,0.993,0.000,0.004,0.000,0.013,,,,,,,,,,,,,,,,,,,,,,
1,0,-1,0.001,0.990,0.990,0.990,0.990,0.005,0.005,0.005,0.005,1,0,0.004,0.996,0.987,0.993,0.993,0.000,0.004,0.000,0.013,2.000,0.000,0.000,0.998,0.983,0.985,1.000,0.000,0.002,0.017,0.000,,,,,,,,,,,
2,0,-1,0.001,0.990,0.990,0.990,0.990,0.005,0.005,0.005,0.005,1,0,0.004,0.996,0.987,0.993,0.993,0.000,0.004,0.000,0.013,2.000,0.000,0.000,0.998,0.983,0.985,1.000,0.000,0.002,0.017,0.000,3.000,1.000,0.000,1.000,0.977,0.999,0.994,0.000,0.000,0.000,0.023
3,0,-1,0.001,0.990,0.990,0.990,0.990,0.005,0.005,0.005,0.005,1,0,0.004,0.996,0.987,0.993,0.993,0.000,0.004,0.000,0.013,2.000,0.000,0.000,0.998,0.983,0.985,1.000,0.000,0.002,0.017,0.000,4.000,2.000,0.000,0.994,0.975,0.988,0.988,0.006,0.000,0.021,0.004
4,0,-1,0.001,0.990,0.990,0.990,0.990,0.005,0.005,0.005,0.005,5,2,0.000,0.975,0.981,0.986,1.000,0.011,0.014,0.019,0.000,,,,,,,,,,,,,,,,,,,,,,
5,5,2,0.000,0.975,0.981,0.986,1.000,0.011,0.014,0.019,0.000,6,0,0.010,0.986,0.977,0.977,1.000,0.007,0.007,0.001,0.023,,,,,,,,,,,,,,,,,,,,,,
6,5,2,0.000,0.975,0.981,0.986,1.000,0.011,0.014,0.019,0.000,6,0,0.010,0.986,0.977,0.977,1.000,0.007,0.007,0.001,0.023,7.000,5.000,0.006,0.976,0.971,0.982,1.000,0.019,0.004,0.029,0.000,,,,,,,,,,,
7,5,2,0.000,0.975,0.981,0.986,1.000,0.011,0.014,0.019,0.000,7,5,0.006,0.976,0.971,0.982,1.000,0.019,0.004,0.029,0.000,8.000,7.000,0.006,0.969,0.979,0.990,1.000,0.031,0.000,0.021,0.000,,,,,,,,,,,
8,5,2,0.000,0.975,0.981,0.986,1.000,0.011,0.014,0.019,0.000,9,7,0.005,0.976,0.972,0.990,1.000,0.019,0.004,0.022,0.006,,,,,,,,,,,,,,,,,,,,,,
9,5,2,0.000,0.975,0.981,0.986,1.000,0.011,0.014,0.019,0.000,10,9,0.001,0.971,0.992,1.000,0.990,0.016,0.012,0.006,0.002,,,,,,,,,,,,,,,,,,,,,,
10,10,9,0.001,0.971,0.992,1.000,0.990,0.016,0.012,0.006,0.002,11,5,0.005,0.983,0.994,0.996,0.999,0.000,0.017,0.006,0.000,,,,,,,,,,,,,,,,,,,,,,
11,10,9,0.001,0.971,0.992,1.000,0.990,0.016,0.012,0.006,0.002,11,5,0.005,0.983,0.994,0.996,0.999,0.000,0.017,0.006,0.000,12.000,11.000,0.008,0.992,0.988,0.995,1.000,0.003,0.005,0.000,0.012,,,,,,,,,,,
12,10,9,0.001,0.971,0.992,1.000,0.990,0.016,0.012,0.006,0.002,11,5,0.005,0.983,0.994,0.996,0.999,0.000,0.017,0.006,0.000,12.000,11.000,0.008,0.992,0.988,0.995,1.000,0.003,0.005,0.000,0.012,13.000,12.000,0.013,0.990,0.978,1.000,1.000,0.000,0.010,0.009,0.014
13,11,5,0.005,0.983,0.994,0.996,0.999,0.000,0.017,0.006,0.000,14,11,0.005,0.979,0.972,0.994,0.983,0.000,0.021,0.019,0.008,,,,,,,,,,,,,,,,,,,,,,
14,11,5,0.005,0.983,0.994,0.996,0.999,0.000,0.017,0.006,0.000,14,11,0.005,0.979,0.972,0.994,0.983,0.000,0.021,0.019,0.008,15.000,14.000,0.006,0.969,0.960,0.993,0.976,0.001,0.030,0.021,0.019,,,,,,,,,,,
15,14,11,0.005,0.979,0.972,0.994,0.983,0.000,0.021,0.019,0.008,15,14,0.006,0.969,0.960,0.993,0.976,0.001,0.030,0.021,0.019,16.000,15.000,0.003,0.944,0.966,0.990,0.983,0.000,0.056,0.026,0.008,,,,,,,,,,,
16,14,11,0.005,0.979,0.972,0.994,0.983,0.000,0.021,0.019,0.008,15,14,0.006,0.969,0.960,0.993,0.976,0.001,0.030,0.021,0.019,16.000,15.000,0.003,0.944,0.966,0.990,0.983,0.000,0.056,0.026,0.008,17.000,14.000,0.015,0.980,0.988,0.991,0.989,0.000,0.020,0.012,0.000
17,14,11,0.005,0.979,0.972,0.994,0.983,0.000,0.021,0.019,0.008,16,15,0.003,0.944,0.966,0.990,0.983,0.000,0.056,0.026,0.008,17.000,14.000,0.015,0.980,0.988,0.991,0.989,0.000,0.020,0.012,0.000,18.000,14.000,0.004,0.999,0.983,1.000,0.984,0.000,0.001,0.012,0.004
18,14,11,0.005,0.979,0.972,0.994,0.983,0.000,0.021,0.019,0.008,16,15,0.003,0.944,0.966,0.990,0.983,0.000,0.056,0.026,0.008,19.000,17.000,0.019,0.982,0.976,0.974,0.971,0.014,0.004,0.005,0.019,,,,,,,,,,,
19,16,15,0.003,0.944,0.966,0.990,0.983,0.000,0.056,0.026,0.008,20,14,0.009,0.973,0.974,0.996,0.971,0.000,0.027,0.019,0.007,,,,,,,,,,,,,,,,,,,,,,
20,16,15,0.003,0.944,0.966,0.990,0.983,0.000,0.056,0.026,0.008,21,16,0.000,0.939,0.970,0.992,0.981,0.000,0.061,0.023,0.007,,,,,,,,,,,,,,,,,,,,,,
21,21,16,0.000,0.939,0.970,0.992,0.981,0.000,0.061,0.023,0.007,22,16,0.001,0.931,0.947,1.000,0.971,0.011,0.057,0.032,0.020,,,,,,,,,,,,,,,,,,,,,,
22,22,16,0.001,0.931,0.947,1.000,0.971,0.011,0.057,0.032,0.020,23,22,0.003,0.917,0.950,1.000,0.956,0.022,0.062,0.036,0.014,,,,,,,,,,,,,,,,,,,,,,
23,22,16,0.001,0.931,0.947,1.000,0.971,0.011,0.057,0.032,0.020,23,22,0.003,0.917,0.950,1.000,0.956,0.022,0.062,0.036,0.014,24.000,23.000,0.002,0.911,0.949,1.000,0.956,0.032,0.057,0.033,0.018,,,,,,,,,,,
24,22,16,0.001,0.931,0.947,1.000,0.971,0.011,0.057,0.032,0.020,23,22,0.003,0.917,0.950,1.000,0.956,0.022,0.062,0.036,0.014,24.000,23.000,0.002,0.911,0.949,1.000,0.956,0.032,0.057,0.033,0.018,25.000,24.000,0.002,0.909,0.939,1.000,0.939,0.023,0.068,0.044,0.017
25,22,16,0.001,0.931,0.947,1.000,0.971,0.011,0.057,0.032,0.020,23,22,0.003,0.917,0.950,1.000,0.956,0.022,0.062,0.036,0.014,24.000,23.000,0.002,0.911,0.949,1.000,0.956,0.032,0.057,0.033,0.018,25.000,24.000,0.002,0.909,0.939,1.000,0.939,0.023,0.068,0.044,0.017
26,23,22,0.003,0.917,0.950,1.000,0.956,0.022,0.062,0.036,0.014,25,24,0.002,0.909,0.939,1.000,0.939,0.023,0.068,0.044,0.017,,,,,,,,,,,,,,,,,,,,,,
27,23,22,0.003,0.917,0.950,1.000,0.956,0.022,0.062,0.036,0.014,25,24,0.002,0.909,0.939,1.000,0.939,0.023,0.068,0.044,0.017,28.000,25.000,0.000,0.925,0.959,0.999,0.957,0.007,0.069,0.041,0.000,,,,,,,,,,,
28,23,22,0.003,0.917,0.950,1.000,0.956,0.022,0.062,0.036,0.014,25,24,0.002,0.909,0.939,1.000,0.939,0.023,0.068,0.044,0.017,28.000,25.000,0.000,0.925,0.959,0.999,0.957,0.007,0.069,0.041,0.000,29.000,25.000,0.001,0.905,0.947,0.995,0.938,0.024,0.071,0.037,0.016
29,25,24,0.002,0.909,0.939,1.000,0.939,0.023,0.068,0.044,0.017,30,28,0.004,0.924,0.962,0.999,0.958,0.002,0.074,0.033,0.005,,,,,,,,,,,,,,,,,,,,,,
30,30,28,0.004,0.924,0.962,0.999,0.958,0.002,0.074,0.033,0.005,31,25,0.001,0.888,0.958,1.000,0.928,0.027,0.085,0.039,0.003,,,,,,,,,,,,,,,,,,,,,,
31,30,28,0.004,0.924,0.962,0.999,0.958,0.002,0.074,0.033,0.005,31,25,0.001,0.888,0.958,1.000,0.928,0.027,0.085,0.039,0.003,32.000,30.000,0.009,0.925,0.951,0.996,0.943,0.000,0.075,0.042,0.007,,,,,,,,,,,
32,30,28,0.004,0.924,0.962,0.999,0.958,0.002,0.074,0.033,0.005,31,25,0.001,0.888,0.958,1.000,0.928,0.027,0.085,0.039,0.003,32.000,30.000,0.009,0.925,0.951,0.996,0.943,0.000,0.075,0.042,0.007,33.000,32.000,0.010,0.929,0.944,0.999,0.952,0.000,0.071,0.056,0.001
33,30,28,0.004,0.924,0.962,0.999,0.958,0.002,0.074,0.033,0.005,31,25,0.001,0.888,0.958,1.000,0.928,0.027,0.085,0.039,0.003,32.000,30.000,0.009,0.925,0.951,0.996,0.943,0.000,0.075,0.042,0.007,33.000,32.000,0.010,0.929,0.944,0.999,0.952,0.000,0.071,0.056,0.001
34,30,28,0.004,0.924,0.962,0.999,0.958,0.002,0.074,0.033,0.005,31,25,0.001,0.888,0.958,1.000,0.928,0.027,0.085,0.039,0.003,32.000,30.000,0.009,0.925,0.951,0.996,0.943,0.000,0.075,0.042,0.007,33.000,32.000,0.010,0.929,0.944,0.999,0.952,0.000,0.071,0.056,0.001
35,35,30,0.000,0.911,0.980,1.000,0.951,0.000,0.089,0.020,0.000,36,30,0.006,0.906,0.967,1.000,0.956,0.008,0.086,0.027,0.006,,,,,,,,,,,,,,,,,,,,,,
36,35,30,0.000,0.911,0.980,1.000,0.951,0.000,0.089,0.020,0.000,36,30,0.006,0.906,0.967,1.000,0.956,0.008,0.086,0.027,0.006,37.000,35.000,0.000,0.898,0.985,1.000,0.944,0.010,0.092,0.015,0.000,,,,,,,,,,,
37,35,30,0.000,0.911,0.980,1.000,0.951,0.000,0.089,0.020,0.000,36,30,0.006,0.906,0.967,1.000,0.956,0.008,0.086,0.027,0.006,37.000,35.000,0.000,0.898,0.985,1.000,0.944,0.010,0.092,0.015,0.000,38.000,36.000,0.012,0.898,0.969,1.000,0.965,0.017,0.085,0.031,0.000
38,36,30,0.006,0.906,0.967,1.000,0.956,0.008,0.086,0.027,0.006,39,36,0.008,0.897,0.955,1.000,0.974,0.011,0.091,0.027,0.018,,,,,,,,,,,,,,,,,,,,,,
39,36,30,0.006,0.906,0.967,1.000,0.956,0.008,0.086,0.027,0.006,39,36,0.008,0.897,0.955,1.000,0.974,0.011,0.091,0.027,0.018,40.000,39.000,0.001,0.892,0.967,0.978,0.972,0.015,0.092,0.026,0.007,,,,,,,,,,,
40,36,30,0.006,0.906,0.967,1.000,0.956,0.008,0.086,0.027,0.006,39,36,0.008,0.897,0.955,1.000,0.974,0.011,0.091,0.027,0.018,40.000,39.000,0.001,0.892,0.967,0.978,0.972,0.015,0.092,0.026,0.007,41.000,36.000,0.000,0.921,0.963,1.000,0.945,0.003,0.076,0.032,0.005
41,36,30,0.006,0.906,0.967,1.000,0.956,0.008,0.086,0.027,0.006,39,36,0.008,0.897,0.955,1.000,0.974,0.011,0.091,0.027,0.018,41.000,36.000,0.000,0.921,0.963,1.000,0.945,0.003,0.076,0.032,0.005,42.000,41.000,0.000,0.919,0.972,1.000,0.943,0.000,0.081,0.026,0.001
42,36,30,0.006,0.906,0.967,1.000,0.956,0.008,0.086,0.027,0.006,39,36,0.008,0.897,0.955,1.000,0.974,0.011,0.091,0.027,0.018,42.000,41.000,0.000,0.919,0.972,1.000,0.943,0.000,0.081,0.026,0.001,43.000,41.000,0.003,0.909,0.963,1.000,0.946,0.004,0.087,0.032,0.004
43,36,30,0.006,0.906,0.967,1.000,0.956,0.008,0.086,0.027,0.006,39,36,0.008,0.897,0.955,1.000,0.974,0.011,0.091,0.027,0.018,42.000,41.000,0.000,0.919,0.972,1.000,0.943,0.000,0.081,0.026,0.001,43.000,41.000,0.003,0.909,0.963,1.000,0.946,0.004,0.087,0.032,0.004
44,39,36,0.008,0.897,0.955,1.000,0.974,0.011,0.091,0.027,0.018,45,39,0.013,0.870,0.956,1.000,0.970,0.026,0.104,0.031,0.013,,,,,,,,,,,,,,,,,,,,,,
45,39,36,0.008,0.897,0.955,1.000,0.974,0.011,0.091,0.027,0.018,45,39,0.013,0.870,0.956,1.000,0.970,0.026,0.104,0.031,0.013,46.000,45.000,0.014,0.885,0.951,1.000,0.975,0.020,0.094,0.021,0.028,,,,,,,,,,,
46,39,36,0.008,0.897,0.955,1.000,0.974,0.011,0.091,0.027,0.018,45,39,0.013,0.870,0.956,1.000,0.970,0.026,0.104,0.031,0.013,46.000,45.000,0.014,0.885,0.951,1.000,0.975,0.020,0.094,0.021,0.028,47.000,46.000,0.003,0.887,0.971,1.000,0.975,0.026,0.087,0.018,0.011
47,39,36,0.008,0.897,0.955,1.000,0.974,0.011,0.091,0.027,0.018,45,39,0.013,0.870,0.956,1.000,0.970,0.026,0.104,0.031,0.013,46.000,45.000,0.014,0.885,0.951,1.000,0.975,0.020,0.094,0.021,0.028,47.000,46.000,0.003,0.887,0.971,1.000,0.975,0.026,0.087,0.018,0.011
48,39,36,0.008,0.897,0.955,1.000,0.974,0.011,0.091,0.027,0.018,45,39,0.013,0.870,0.956,1.000,0.970,0.026,0.104,0.031,0.013,46.000,45.000,0.014,0.885,0.951,1.000,0.975,0.020,0.094,0.021,0.028,47.000,46.000,0.003,0.887,0.971,1.000,0.975,0.026,0.087,0.018,0.011
49,39,36,0.008,0.897,0.955,1.000,0.974,0.011,0.091,0.027,0.018,45,39,0.013,0.870,0.956,1.000,0.970,0.026,0.104,0.031,0.013,46.000,45.000,0.014,0.885,0.951,1.000,0.975,0.020,0.094,0.021,0.028,49.000,46.000,0.017,0.880,0.974,0.994,0.976,0.026,0.095,0.005,0.021
50,39,36,0.008,0.897,0.955,1.000,0.974,0.011,0.091,0.027,0.018,45,39,0.013,0.870,0.956,1.000,0.970,0.026,0.104,0.031,0.013,46.000,45.000,0.014,0.885,0.951,1.000,0.975,0.020,0.094,0.021,0.028,49.000,46.000,0.017,0.880,0.974,0.994,0.976,0.026,0.095,0.005,0.021
51,39,36,0.008,0.897,0.955,1.000,0.974,0.011,0.091,0.027,0.018,45,39,0.013,0.870,0.956,1.000,0.970,0.026,0.104,0.031,0.013,46.000,45.000,0.014,0.885,0.951,1.000,0.975,0.020,0.094,0.021,0.028,49.000,46.000,0.017,0.880,0.974,0.994,0.976,0.026,0.095,0.005,0.021
52,39,36,0.008,0.897,0.955,1.000,0.974,0.011,0.091,0.027,0.018,45,39,0.013,0.870,0.956,1.000,0.970,0.026,0.104,0.031,0.013,46.000,45.000,0.014,0.885,0.951,1.000,0.975,0.020,0.094,0.021,0.028,49.000,46.000,0.017,0.880,0.974,0.994,0.976,0.026,0.095,0.005,0.021
53,39,36,0.008,0.897,0.955,1.000,0.974,0.011,0.091,0.027,0.018,45,39,0.013,0.870,0.956,1.000,0.970,0.026,0.104,0.031,0.013,46.000,45.000,0.014,0.885,0.951,1.000,0.975,0.020,0.094,0.021,0.028,49.000,46.000,0.017,0.880,0.974,0.994,0.976,0.026,0.095,0.005,0.021
54,39,36,0.008,0.897,0.955,1.000,0.974,0.011,0.091,0.027,0.018,45,39,0.013,0.870,0.956,1.000,0.970,0.026,0.104,0.031,0.013,46.000,45.000,0.014,0.885,0.951,1.000,0.975,0.020,0.094,0.021,0.028,49.000,46.000,0.017,0.880,0.974,0.994,0.976,0.026,0.095,0.005,0.021
55,39,36,0.008,0.897,0.955,1.000,0.974,0.011,0.091,0.027,0.018,45,39,0.013,0.870,0.956,1.000,0.970,0.026,0.104,0.031,0.013,46.000,45.000,0.014,0.885,0.951,1.000,0.975,0.020,0.094,0.021,0.028,49.000,46.000,0.017,0.880,0.974,0.994,0.976,0.026,0.095,0.005,0.021
56,39,36,0.008,0.897,0.955,1.000,0.974,0.011,0.091,0.027,0.018,45,39,0.013,0.870,0.956,1.000,0.970,0.026,0.104,0.031,0.013,46.000,45.000,0.014,0.885,0.951,1.000,0.975,0.020,0.094,0.021,0.028,49.000,46.000,0.017,0.880,0.974,0.994,0.976,0.026,0.095,0.005,0.021
57,39,36,0.008,0.897,0.955,1.000,0.974,0.011,0.091,0.027,0.018,45,39,0.013,0.870,0.956,1.000,0.970,0.026,0.104,0.031,0.013,46.000,45.000,0.014,0.885,0.951,1.000,0.975,0.020,0.094,0.021,0.028,52.000,39.000,0.010,0.870,0.948,0.996,0.971,0.015,0.115,0.025,0.027
58,45,39,0.013,0.870,0.956,1.000,0.970,0.026,0.104,0.031,0.013,52,39,0.010,0.870,0.948,0.996,0.971,0.015,0.115,0.025,0.027,56.000,46.000,0.012,0.876,0.952,1.000,0.966,0.007,0.116,0.023,0.025,,,,,,,,,,,
59,45,39,0.013,0.870,0.956,1.000,0.970,0.026,0.104,0.031,0.013,52,39,0.010,0.870,0.948,0.996,0.971,0.015,0.115,0.025,0.027,56.000,46.000,0.012,0.876,0.952,1.000,0.966,0.007,0.116,0.023,0.025,60.000,56.000,0.000,0.871,0.988,0.993,0.964,0.010,0.119,0.012,0.000
60,45,39,0.013,0.870,0.956,1.000,0.970,0.026,0.104,0.031,0.013,52,39,0.010,0.870,0.948,0.996,0.971,0.015,0.115,0.025,0.027,56.000,46.000,0.012,0.876,0.952,1.000,0.966,0.007,0.116,0.023,0.025,60.000,56.000,0.000,0.871,0.988,0.993,0.964,0.010,0.119,0.012,0.000
61,45,39,0.013,0.870,0.956,1.000,0.970,0.026,0.104,0.031,0.013,52,39,0.010,0.870,0.948,0.996,0.971,0.015,0.115,0.025,0.027,56.000,46.000,0.012,0.876,0.952,1.000,0.966,0.007,0.116,0.023,0.025,60.000,56.000,0.000,0.871,0.988,0.993,0.964,0.010,0.119,0.012,0.000
62,45,39,0.013,0.870,0.956,1.000,0.970,0.026,0.104,0.031,0.013,52,39,0.010,0.870,0.948,0.996,0.971,0.015,0.115,0.025,0.027,56.000,46.000,0.012,0.876,0.952,1.000,0.966,0.007,0.116,0.023,0.025,60.000,56.000,0.000,0.871,0.988,0.993,0.964,0.010,0.119,0.012,0.000
63,45,39,0.013,0.870,0.956,1.000,0.970,0.026,0.104,0.031,0.013,52,39,0.010,0.870,0.948,0.996,0.971,0.015,0.115,0.025,0.027,56.000,46.000,0.012,0.876,0.952,1.000,0.966,0.007,0.116,0.023,0.025,60.000,56.000,0.000,0.871,0.988,0.993,0.964,0.010,0.119,0.012,0.000
64,45,39,0.013,0.870,0.956,1.000,0.970,0.026,0.104,0.031,0.013,52,39,0.010,0.870,0.948,0.996,0.971,0.015,0.115,0.025,0.027,56.000,46.000,0.012,0.876,0.952,1.000,0.966,0.007,0.116,0.023,0.025,60.000,56.000,0.000,0.871,0.988,0.993,0.964,0.010,0.119,0.012,0.000
65,45,39,0.013,0.870,0.956,1.000,0.970,0.026,0.104,0.031,0.013,52,39,0.010,0.870,0.948,0.996,0.971,0.015,0.115,0.025,0.027,56.000,46.000,0.012,0.876,0.952,1.000,0.966,0.007,0.116,0.023,0.025,62.000,52.000,0.010,0.878,0.940,1.000,0.965,0.019,0.103,0.037,0.022
66,52,39,0.010,0.870,0.948,0.996,0.971,0.015,0.115,0.025,0.027,56,46,0.012,0.876,0.952,1.000,0.966,0.007,0.116,0.023,0.025,62.000,52.000,0.010,0.878,0.940,1.000,0.965,0.019,0.103,0.037,0.022,64.000,56.000,0.004,0.865,0.932,0.986,0.954,0.007,0.128,0.028,0.040
67,52,39,0.010,0.870,0.948,0.996,0.971,0.015,0.115,0.025,0.027,56,46,0.012,0.876,0.952,1.000,0.966,0.007,0.116,0.023,0.025,64.000,56.000,0.004,0.865,0.932,0.986,0.954,0.007,0.128,0.028,0.040,66.000,62.000,0.016,0.885,0.949,0.999,0.962,0.008,0.107,0.038,0.014
68,56,46,0.012,0.876,0.952,1.000,0.966,0.007,0.116,0.023,0.025,67,45,0.015,0.855,0.949,0.998,0.960,0.021,0.124,0.025,0.026,69.000,56.000,0.003,0.856,0.951,0.990,0.963,0.015,0.129,0.019,0.030,,,,,,,,,,,
69,56,46,0.012,0.876,0.952,1.000,0.966,0.007,0.116,0.023,0.025,67,45,0.015,0.855,0.949,0.998,0.960,0.021,0.124,0.025,0.026,69.000,56.000,0.003,0.856,0.951,0.990,0.963,0.015,0.129,0.019,0.030,70.000,69.000,0.000,0.858,0.954,0.975,0.956,0.017,0.125,0.014,0.032
70,56,46,0.012,0.876,0.952,1.000,0.966,0.007,0.116,0.023,0.025,67,45,0.015,0.855,0.949,0.998,0.960,0.021,0.124,0.025,0.026,69.000,56.000,0.003,0.856,0.951,0.990,0.963,0.015,0.129,0.019,0.030,70.000,69.000,0.000,0.858,0.954,0.975,0.956,0.017,0.125,0.014,0.032
71,56,46,0.012,0.876,0.952,1.000,0.966,0.007,0.116,0.023,0.025,67,45,0.015,0.855,0.949,0.998,0.960,0.021,0.124,0.025,0.026,69.000,56.000,0.003,0.856,0.951,0.990,0.963,0.015,0.129,0.019,0.030,70.000,69.000,0.000,0.858,0.954,0.975,0.956,0.017,0.125,0.014,0.032
72,56,46,0.012,0.876,0.952,1.000,0.966,0.007,0.116,0.023,0.025,67,45,0.015,0.855,0.949,0.998,0.960,0.021,0.124,0.025,0.026,69.000,56.000,0.003,0.856,0.951,0.990,0.963,0.015,0.129,0.019,0.030,70.000,69.000,0.000,0.858,0.954,0.975,0.956,0.017,0.125,0.014,0.032
73,56,46,0.012,0.876,0.952,1.000,0.966,0.007,0.116,0.023,0.025,67,45,0.015,0.855,0.949,0.998,0.960,0.021,0.124,0.025,0.026,69.000,56.000,0.003,0.856,0.951,0.990,0.963,0.015,0.129,0.019,0.030,71.000,69.000,0.008,0.867,0.942,0.991,0.955,0.013,0.120,0.030,0.029
74,56,46,0.012,0.876,0.952,1.000,0.966,0.007,0.116,0.023,0.025,67,45,0.015,0.855,0.949,0.998,0.960,0.021,0.124,0.025,0.026,69.000,56.000,0.003,0.856,0.951,0.990,0.963,0.015,0.129,0.019,0.030,71.000,69.000,0.008,0.867,0.942,0.991,0.955,0.013,0.120,0.030,0.029
75,56,46,0.012,0.876,0.952,1.000,0.966,0.007,0.116,0.023,0.025,67,45,0.015,0.855,0.949,0.998,0.960,0.021,0.124,0.025,0.026,69.000,56.000,0.003,0.856,0.951,0.990,0.963,0.015,0.129,0.019,0.030,71.000,69.000,0.008,0.867,0.942,0.991,0.955,0.013,0.120,0.030,0.029
76,56,46,0.012,0.876,0.952,1.000,0.966,0.007,0.116,0.023,0.025,67,45,0.015,0.855,0.949,0.998,0.960,0.021,0.124,0.025,0.026,69.000,56.000,0.003,0.856,0.951,0.990,0.963,0.015,0.129,0.019,0.030,71.000,69.000,0.008,0.867,0.942,0.991,0.955,0.013,0.120,0.030,0.029
77,56,46,0.012,0.876,0.952,1.000,0.966,0.007,0.116,0.023,0.025,67,45,0.015,0.855,0.949,0.998,0.960,0.021,0.124,0.025,0.026,69.000,56.000,0.003,0.856,0.951,0.990,0.963,0.015,0.129,0.019,0.030,71.000,69.000,0.008,0.867,0.942,0.991,0.955,0.013,0.120,0.030,0.029
78,56,46,0.012,0.876,0.952,1.000,0.966,0.007,0.116,0.023,0.025,67,45,0.015,0.855,0.949,0.998,0.960,0.021,0.124,0.025,0.026,69.000,56.000,0.003,0.856,0.951,0.990,0.963,0.015,0.129,0.019,0.030,71.000,69.000,0.008,0.867,0.942,0.991,0.955,0.013,0.120,0.030,0.029
79,56,46,0.012,0.876,0.952,1.000,0.966,0.007,0.116,0.023,0.025,80,77,0.000,0.859,0.953,0.995,0.951,0.001,0.140,0.003,0.044,,,,,,,,,,,,,,,,,,,,,,
80,56,46,0.012,0.876,0.952,1.000,0.966,0.007,0.116,0.023,0.025,80,77,0.000,0.859,0.953,0.995,0.951,0.001,0.140,0.003,0.044,81.000,56.000,0.018,0.879,0.925,0.982,0.957,0.016,0.106,0.045,0.030,,,,,,,,,,,
81,56,46,0.012,0.876,0.952,1.000,0.966,0.007,0.116,0.023,0.025,80,77,0.000,0.859,0.953,0.995,0.951,0.001,0.140,0.003,0.044,82.000,56.000,0.017,0.860,0.939,1.000,0.969,0.016,0.123,0.023,0.038,,,,,,,,,,,
82,80,77,0.000,0.859,0.953,0.995,0.951,0.001,0.140,0.003,0.044,82,56,0.017,0.860,0.939,1.000,0.969,0.016,0.123,0.023,0.038,83.000,82.000,0.023,0.838,0.929,1.000,0.988,0.024,0.138,0.029,0.042,,,,,,,,,,,
83,80,77,0.000,0.859,0.953,0.995,0.951,0.001,0.140,0.003,0.044,84,83,0.027,0.827,0.935,1.000,0.983,0.019,0.153,0.027,0.038,,,,,,,,,,,,,,,,,,,,,,
84,84,83,0.027,0.827,0.935,1.000,0.983,0.019,0.153,0.027,0.038,85,80,0.002,0.843,0.936,0.998,0.938,0.010,0.147,0.008,0.056,,,,,,,,,,,,,,,,,,,,,,
85,85,80,0.002,0.843,0.936,0.998,0.938,0.010,0.147,0.008,0.056,86,84,0.025,0.843,0.925,1.000,0.984,0.012,0.145,0.034,0.041,,,,,,,,,,,,,,,,,,,,,,
86,85,80,0.002,0.843,0.936,0.998,0.938,0.010,0.147,0.008,0.056,86,84,0.025,0.843,0.925,1.000,0.984,0.012,0.145,0.034,0.041,87.000,85.000,0.002,0.845,0.918,1.000,0.927,0.012,0.143,0.020,0.063,,,,,,,,,,,
87,85,80,0.002,0.843,0.936,0.998,0.938,0.010,0.147,0.008,0.056,87,85,0.002,0.845,0.918,1.000,0.927,0.012,0.143,0.020,0.063,88.000,87.000,0.004,0.840,0.900,0.992,0.924,0.006,0.153,0.028,0.072,,,,,,,,,,,
88,85,80,0.002,0.843,0.936,0.998,0.938,0.010,0.147,0.008,0.056,87,85,0.002,0.845,0.918,1.000,0.927,0.012,0.143,0.020,0.063,88.000,87.000,0.004,0.840,0.900,0.992,0.924,0.006,0.153,0.028,0.072,89.000,88.000,0.000,0.863,0.912,0.998,0.917,0.011,0.126,0.021,0.067
89,85,80,0.002,0.843,0.936,0.998,0.938,0.010,0.147,0.008,0.056,87,85,0.002,0.845,0.918,1.000,0.927,0.012,0.143,0.020,0.063,88.000,87.000,0.004,0.840,0.900,0.992,0.924,0.006,0.153,0.028,0.072,89.000,88.000,0.000,0.863,0.912,0.998,0.917,0.011,0.126,0.021,0.067
90,85,80,0.002,0.843,0.936,0.998,0.938,0.010,0.147,0.008,0.056,87,85,0.002,0.845,0.918,1.000,0.927,0.012,0.143,0.020,0.063,88.000,87.000,0.004,0.840,0.900,0.992,0.924,0.006,0.153,0.028,0.072,89.000,88.000,0.000,0.863,0.912,0.998,0.917,0.011,0.126,0.021,0.067
91,85,80,0.002,0.843,0.936,0.998,0.938,0.010,0.147,0.008,0.056,87,85,0.002,0.845,0.918,1.000,0.927,0.012,0.143,0.020,0.063,88.000,87.000,0.004,0.840,0.900,0.992,0.924,0.006,0.153,0.028,0.072,89.000,88.000,0.000,0.863,0.912,0.998,0.917,0.011,0.126,0.021,0.067
92,85,80,0.002,0.843,0.936,0.998,0.938,0.010,0.147,0.008,0.056,87,85,0.002,0.845,0.918,1.000,0.927,0.012,0.143,0.020,0.063,88.000,87.000,0.004,0.840,0.900,0.992,0.924,0.006,0.153,0.028,0.072,89.000,88.000,0.000,0.863,0.912,0.998,0.917,0.011,0.126,0.021,0.067
93,85,80,0.002,0.843,0.936,0.998,0.938,0.010,0.147,0.008,0.056,87,85,0.002,0.845,0.918,1.000,0.927,0.012,0.143,0.020,0.063,88.000,87.000,0.004,0.840,0.900,0.992,0.924,0.006,0.153,0.028,0.072,,,,,,,,,,,
94,85,80,0.002,0.843,0.936,0.998,0.938,0.010,0.147,0.008,0.056,87,85,0.002,0.845,0.918,1.000,0.927,0.012,0.143,0.020,0.063,88.000,87.000,0.004,0.840,0.900,0.992,0.924,0.006,0.153,0.028,0.072,,,,,,,,,,,
95,85,80,0.002,0.843,0.936,0.998,0.938,0.010,0.147,0.008,0.056,87,85,0.002,0.845,0.918,1.000,0.927,0.012,0.143,0.020,0.063,88.000,87.000,0.004,0.840,0.900,0.992,0.924,0.006,0.153,0.028,0.072,,,,,,,,,,,
96,85,80,0.002,0.843,0.936,0.998,0.938,0.010,0.147,0.008,0.056,87,85,0.002,0.845,0.918,1.000,0.927,0.012,0.143,0.020,0.063,97.000,85.000,0.008,0.860,0.940,1.000,0.928,0.007,0.133,0.007,0.053,,,,,,,,,,,
97,85,80,0.002,0.843,0.936,0.998,0.938,0.010,0.147,0.008,0.056,87,85,0.002,0.845,0.918,1.000,0.927,0.012,0.143,0.020,0.063,97.000,85.000,0.008,0.860,0.940,1.000,0.928,0.007,0.133,0.007,0.053,,,,,,,,,,,
98,85,80,0.002,0.843,0.936,0.998,0.938,0.010,0.147,0.008,0.056,87,85,0.002,0.845,0.918,1.000,0.927,0.012,0.143,0.020,0.063,97.000,85.000,0.008,0.860,0.940,1.000,0.928,0.007,0.133,0.007,0.053,,,,,,,,,,,
99,85,80,0.002,0.843,0.936,0.998,0.938,0.010,0.147,0.008,0.056,87,85,0.002,0.845,0.918,1.000,0.927,0.012,0.143,0.020,0.063,97.000,85.000,0.008,0.860,0.940,1.000,0.928,0.007,0.133,0.007,0.053,,,,,,,,,,,
100,85,80,0.002,0.843,0.936,0.998,0.938,0.010,0.147,0.008,0.056,87,85,0.002,0.845,0.918,1.000,0.927,0.012,0.143,0.020,0.063,97.000,85.000,0.008,0.860,0.940,1.000,0.928,0.007,0.133,0.007,0.053,101.000,85.000,0.002,0.826,0.908,0.998,0.930,0.022,0.152,0.027,0.065
101,85,80,0.002,0.843,0.936,0.998,0.938,0.010,0.147,0.008,0.056,87,85,0.002,0.845,0.918,1.000,0.927,0.012,0.143,0.020,0.063,97.000,85.000,0.008,0.860,0.940,1.000,0.928,0.007,0.133,0.007,0.053,101.000,85.000,0.002,0.826,0.908,0.998,0.930,0.022,0.152,0.027,0.065
102,87,85,0.002,0.845,0.918,1.000,0.927,0.012,0.143,0.020,0.063,103,85,0.012,0.832,0.913,1.000,0.943,0.025,0.143,0.019,0.069,,,,,,,,,,,,,,,,,,,,,,
103,103,85,0.012,0.832,0.913,1.000,0.943,0.025,0.143,0.019,0.069,104,87,0.003,0.837,0.911,1.000,0.924,0.013,0.149,0.020,0.068,,,,,,,,,,,,,,,,,,,,,,
104,103,85,0.012,0.832,0.913,1.000,0.943,0.025,0.143,0.019,0.069,104,87,0.003,0.837,0.911,1.000,0.924,0.013,0.149,0.020,0.068,105.000,104.000,0.007,0.844,0.912,0.998,0.913,0.013,0.143,0.022,0.066,,,,,,,,,,,
105,103,85,0.012,0.832,0.913,1.000,0.943,0.025,0.143,0.019,0.069,104,87,0.003,0.837,0.911,1.000,0.924,0.013,0.149,0.020,0.068,105.000,104.000,0.007,0.844,0.912,0.998,0.913,0.013,0.143,0.022,0.066,106.000,103.000,0.007,0.852,0.916,1.000,0.937,0.005,0.143,0.019,0.064
106,104,87,0.003,0.837,0.911,1.000,0.924,0.013,0.149,0.020,0.068,106,103,0.007,0.852,0.916,1.000,0.937,0.005,0.143,0.019,0.064,,,,,,,,,,,,,,,,,,,,,,
107,104,87,0.003,0.837,0.911,1.000,0.924,0.013,0.149,0.020,0.068,106,103,0.007,0.852,0.916,1.000,0.937,0.005,0.143,0.019,0.064,108.000,106.000,0.001,0.852,0.899,1.000,0.933,0.014,0.134,0.026,0.075,,,,,,,,,,,
108,104,87,0.003,0.837,0.911,1.000,0.924,0.013,0.149,0.020,0.068,106,103,0.007,0.852,0.916,1.000,0.937,0.005,0.143,0.019,0.064,108.000,106.000,0.001,0.852,0.899,1.000,0.933,0.014,0.134,0.026,0.075,109.000,106.000,0.011,0.866,0.927,1.000,0.919,0.000,0.134,0.010,0.062
109,104,87,0.003,0.837,0.911,1.000,0.924,0.013,0.149,0.020,0.068,106,103,0.007,0.852,0.916,1.000,0.937,0.005,0.143,0.019,0.064,108.000,106.000,0.001,0.852,0.899,1.000,0.933,0.014,0.134,0.026,0.075,109.000,106.000,0.011,0.866,0.927,1.000,0.919,0.000,0.134,0.010,0.062
110,104,87,0.003,0.837,0.911,1.000,0.924,0.013,0.149,0.020,0.068,106,103,0.007,0.852,0.916,1.000,0.937,0.005,0.143,0.019,0.064,108.000,106.000,0.001,0.852,0.899,1.000,0.933,0.014,0.134,0.026,0.075,109.000,106.000,0.011,0.866,0.927,1.000,0.919,0.000,0.134,0.010,0.062
111,104,87,0.003,0.837,0.911,1.000,0.924,0.013,0.149,0.020,0.068,106,103,0.007,0.852,0.916,1.000,0.937,0.005,0.143,0.019,0.064,109.000,106.000,0.011,0.866,0.927,1.000,0.919,0.000,0.134,0.010,0.062,110.000,104.000,0.006,0.849,0.918,1.000,0.927,0.020,0.131,0.035,0.048
112,104,87,0.003,0.837,0.911,1.000,0.924,0.013,0.149,0.020,0.068,106,103,0.007,0.852,0.916,1.000,0.937,0.005,0.143,0.019,0.064,109.000,106.000,0.011,0.866,0.927,1.000,0.919,0.000,0.134,0.010,0.062,110.000,104.000,0.006,0.849,0.918,1.000,0.927,0.020,0.131,0.035,0.048
113,104,87,0.003,0.837,0.911,1.000,0.924,0.013,0.149,0.020,0.068,106,103,0.007,0.852,0.916,1.000,0.937,0.005,0.143,0.019,0.064,109.000,106.000,0.011,0.866,0.927,1.000,0.919,0.000,0.134,0.010,0.062,110.000,104.000,0.006,0.849,0.918,1.000,0.927,0.020,0.131,0.035,0.048
114,104,87,0.003,0.837,0.911,1.000,0.924,0.013,0.149,0.020,0.068,106,103,0.007,0.852,0.916,1.000,0.937,0.005,0.143,0.019,0.064,109.000,106.000,0.011,0.866,0.927,1.000,0.919,0.000,0.134,0.010,0.062,110.000,104.000,0.006,0.849,0.918,1.000,0.927,0.020,0.131,0.035,0.048
115,104,87,0.003,0.837,0.911,1.000,0.924,0.013,0.149,0.020,0.068,106,103,0.007,0.852,0.916,1.000,0.937,0.005,0.143,0.019,0.064,109.000,106.000,0.011,0.866,0.927,1.000,0.919,0.000,0.134,0.010,0.062,110.000,104.000,0.006,0.849,0.918,1.000,0.927,0.020,0.131,0.035,0.048
116,104,87,0.003,0.837,0.911,1.000,0.924,0.013,0.149,0.020,0.068,106,103,0.007,0.852,0.916,1.000,0.937,0.005,0.143,0.019,0.064,109.000,106.000,0.011,0.866,0.927,1.000,0.919,0.000,0.134,0.010,0.062,111.000,106.000,0.010,0.847,0.919,0.993,0.919,0.010,0.142,0.011,0.069
117,104,87,0.003,0.837,0.911,1.000,0.924,0.013,0.149,0.020,0.068,106,103,0.007,0.852,0.916,1.000,0.937,0.005,0.143,0.019,0.064,109.000,106.000,0.011,0.866,0.927,1.000,0.919,0.000,0.134,0.010,0.062,111.000,106.000,0.010,0.847,0.919,0.993,0.919,0.010,0.142,0.011,0.069
118,106,103,0.007,0.852,0.916,1.000,0.937,0.005,0.143,0.019,0.064,109,106,0.011,0.866,0.927,1.000,0.919,0.000,0.134,0.010,0.062,113.000,106.000,0.009,0.867,0.917,1.000,0.923,0.000,0.133,0.014,0.068,118.000,111.000,0.007,0.824,0.929,0.990,0.934,0.017,0.158,0.011,0.061
119,106,103,0.007,0.852,0.916,1.000,0.937,0.005,0.143,0.019,0.064,109,106,0.011,0.866,0.927,1.000,0.919,0.000,0.134,0.010,0.062,113.000,106.000,0.009,0.867,0.917,1.000,0.923,0.000,0.133,0.014,0.068,119.000,111.000,0.017,0.848,0.927,1.000,0.915,0.011,0.140,0.010,0.064
120,106,103,0.007,0.852,0.916,1.000,0.937,0.005,0.143,0.019,0.064,119,111,0.017,0.848,0.927,1.000,0.915,0.011,0.140,0.010,0.064,121.000,119.000,0.018,0.855,0.941,1.000,0.913,0.008,0.137,0.000,0.059,,,,,,,,,,,
121,106,103,0.007,0.852,0.916,1.000,0.937,0.005,0.143,0.019,0.064,119,111,0.017,0.848,0.927,1.000,0.915,0.011,0.140,0.010,0.064,121.000,119.000,0.018,0.855,0.941,1.000,0.913,0.008,0.137,0.000,0.059,122.000,106.000,0.008,0.849,0.907,0.999,0.930,0.000,0.151,0.029,0.064
122,106,103,0.007,0.852,0.916,1.000,0.937,0.005,0.143,0.019,0.064,119,111,0.017,0.848,0.927,1.000,0.915,0.011,0.140,0.010,0.064,121.000,119.000,0.018,0.855,0.941,1.000,0.913,0.008,0.137,0.000,0.059,122.000,106.000,0.008,0.849,0.907,0.999,0.930,0.000,0.151,0.029,0.064
123,106,103,0.007,0.852,0.916,1.000,0.937,0.005,0.143,0.019,0.064,122,106,0.008,0.849,0.907,0.999,0.930,0.000,0.151,0.029,0.064,,,,,,,,,,,,,,,,,,,,,,
124,106,103,0.007,0.852,0.916,1.000,0.937,0.005,0.143,0.019,0.064,122,106,0.008,0.849,0.907,0.999,0.930,0.000,0.151,0.029,0.064,125.000,106.000,0.017,0.828,0.890,1.000,0.947,0.024,0.149,0.033,0.077,,,,,,,,,,,
125,106,103,0.007,0.852,0.916,1.000,0.937,0.005,0.143,0.019,0.064,122,106,0.008,0.849,0.907,0.999,0.930,0.000,0.151,0.029,0.064,125.000,106.000,0.017,0.828,0.890,1.000,0.947,0.024,0.149,0.033,0.077,126.000,122.000,0.013,0.847,0.899,0.997,0.921,0.000,0.153,0.025,0.076
126,106,103,0.007,0.852,0.916,1.000,0.937,0.005,0.143,0.019,0.064,122,106,0.008,0.849,0.907,0.999,0.930,0.000,0.151,0.029,0.064,,,,,,,,,,,,,,,,,,,,,,
127,106,103,0.007,0.852,0.916,1.000,0.937,0.005,0.143,0.019,0.064,122,106,0.008,0.849,0.907,0.999,0.930,0.000,0.151,0.029,0.064,128.000,122.000,0.007,0.841,0.902,1.000,0.937,0.007,0.152,0.023,0.075,,,,,,,,,,,
128,106,103,0.007,0.852,0.916,1.000,0.937,0.005,0.143,0.019,0.064,122,106,0.008,0.849,0.907,0.999,0.930,0.000,0.151,0.029,0.064,128.000,122.000,0.007,0.841,0.902,1.000,0.937,0.007,0.152,0.023,0.075,129.000,106.000,0.007,0.844,0.900,1.000,0.934,0.003,0.153,0.024,0.076
129,106,103,0.007,0.852,0.916,1.000,0.937,0.005,0.143,0.019,0.064,122,106,0.008,0.849,0.907,0.999,0.930,0.000,0.151,0.029,0.064,128.000,122.000,0.007,0.841,0.902,1.000,0.937,0.007,0.152,0.023,0.075,129.000,106.000,0.007,0.844,0.900,1.000,0.934,0.003,0.153,0.024,0.076
130,122,106,0.008,0.849,0.907,0.999,0.930,0.000,0.151,0.029,0.064,128,122,0.007,0.841,0.902,1.000,0.937,0.007,0.152,0.023,0.075,129.000,106.000,0.007,0.844,0.900,1.000,0.934,0.003,0.153,0.024,0.076,,,,,,,,,,,
131,122,106,0.008,0.849,0.907,0.999,0.930,0.000,0.151,0.029,0.064,128,122,0.007,0.841,0.902,1.000,0.937,0.007,0.152,0.023,0.075,129.000,106.000,0.007,0.844,0.900,1.000,0.934,0.003,0.153,0.024,0.076,132.000,129.000,0.016,0.840,0.880,0.990,0.927,0.001,0.159,0.037,0.083
132,122,106,0.008,0.849,0.907,0.999,0.930,0.000,0.151,0.029,0.064,128,122,0.007,0.841,0.902,1.000,0.937,0.007,0.152,0.023,0.075,129.000,106.000,0.007,0.844,0.900,1.000,0.934,0.003,0.153,0.024,0.076,132.000,129.000,0.016,0.840,0.880,0.990,0.927,0.001,0.159,0.037,0.083
133,122,106,0.008,0.849,0.907,0.999,0.930,0.000,0.151,0.029,0.064,128,122,0.007,0.841,0.902,1.000,0.937,0.007,0.152,0.023,0.075,129.000,106.000,0.007,0.844,0.900,1.000,0.934,0.003,0.153,0.024,0.076,132.000,129.000,0.016,0.840,0.880,0.990,0.927,0.001,0.159,0.037,0.083
134,122,106,0.008,0.849,0.907,0.999,0.930,0.000,0.151,0.029,0.064,128,122,0.007,0.841,0.902,1.000,0.937,0.007,0.152,0.023,0.075,129.000,106.000,0.007,0.844,0.900,1.000,0.934,0.003,0.153,0.024,0.076,132.000,129.000,0.016,0.840,0.880,0.990,0.927,0.001,0.159,0.037,0.083
135,122,106,0.008,0.849,0.907,0.999,0.930,0.000,0.151,0.029,0.064,128,122,0.007,0.841,0.902,1.000,0.937,0.007,0.152,0.023,0.075,129.000,106.000,0.007,0.844,0.900,1.000,0.934,0.003,0.153,0.024,0.076,132.000,129.000,0.016,0.840,0.880,0.990,0.927,0.001,0.159,0.037,0.083
136,122,106,0.008,0.849,0.907,0.999,0.930,0.000,0.151,0.029,0.064,128,122,0.007,0.841,0.902,1.000,0.937,0.007,0.152,0.023,0.075,129.000,106.000,0.007,0.844,0.900,1.000,0.934,0.003,0.153,0.024,0.076,133.000,129.000,0.007,0.855,0.906,0.995,0.916,0.000,0.145,0.007,0.087
137,122,106,0.008,0.849,0.907,0.999,0.930,0.000,0.151,0.029,0.064,128,122,0.007,0.841,0.902,1.000,0.937,0.007,0.152,0.023,0.075,129.000,106.000,0.007,0.844,0.900,1.000,0.934,0.003,0.153,0.024,0.076,133.000,129.000,0.007,0.855,0.906,0.995,0.916,0.000,0.145,0.007,0.087
138,122,106,0.008,0.849,0.907,0.999,0.930,0.000,0.151,0.029,0.064,128,122,0.007,0.841,0.902,1.000,0.937,0.007,0.152,0.023,0.075,129.000,106.000,0.007,0.844,0.900,1.000,0.934,0.003,0.153,0.024,0.076,134.000,122.000,0.004,0.847,0.894,0.994,0.920,0.000,0.153,0.040,0.066
139,122,106,0.008,0.849,0.907,0.999,0.930,0.000,0.151,0.029,0.064,128,122,0.007,0.841,0.902,1.000,0.937,0.007,0.152,0.023,0.075,129.000,106.000,0.007,0.844,0.900,1.000,0.934,0.003,0.153,0.024,0.076,137.000,122.000,0.012,0.844,0.902,1.000,0.918,0.007,0.150,0.031,0.067
140,122,106,0.008,0.849,0.907,0.999,0.930,0.000,0.151,0.029,0.064,128,122,0.007,0.841,0.902,1.000,0.937,0.007,0.152,0.023,0.075,129.000,106.000,0.007,0.844,0.900,1.000,0.934,0.003,0.153,0.024,0.076,137.000,122.000,0.012,0.844,0.902,1.000,0.918,0.007,0.150,0.031,0.067
141,122,106,0.008,0.849,0.907,0.999,0.930,0.000,0.151,0.029,0.064,128,122,0.007,0.841,0.902,1.000,0.937,0.007,0.152,0.023,0.075,129.000,106.000,0.007,0.844,0.900,1.000,0.934,0.003,0.153,0.024,0.076,137.000,122.000,0.012,0.844,0.902,1.000,0.918,0.007,0.150,0.031,0.067
142,122,106,0.008,0.849,0.907,0.999,0.930,0.000,0.151,0.029,0.064,128,122,0.007,0.841,0.902,1.000,0.937,0.007,0.152,0.023,0.075,129.000,106.000,0.007,0.844,0.900,1.000,0.934,0.003,0.153,0.024,0.076,137.000,122.000,0.012,0.844,0.902,1.000,0.918,0.007,0.150,0.031,0.067
143,122,106,0.008,0.849,0.907,0.999,0.930,0.000,0.151,0.029,0.064,128,122,0.007,0.841,0.902,1.000,0.937,0.007,0.152,0.023,0.075,129.000,106.000,0.007,0.844,0.900,1.000,0.934,0.003,0.153,0.024,0.076,137.000,122.000,0.012,0.844,0.902,1.000,0.918,0.007,0.150,0.031,0.067
144,129,106,0.007,0.844,0.900,1.000,0.934,0.003,0.153,0.024,0.076,145,129,0.004,0.837,0.891,1.000,0.922,0.004,0.159,0.037,0.071,,,,,,,,,,,,,,,,,,,,,,
145,129,106,0.007,0.844,0.900,1.000,0.934,0.003,0.153,0.024,0.076,145,129,0.004,0.837,0.891,1.000,0.922,0.004,0.159,0.037,0.071,,,,,,,,,,,,,,,,,,,,,,
146,129,106,0.007,0.844,0.900,1.000,0.934,0.003,0.153,0.024,0.076,145,129,0.004,0.837,0.891,1.000,0.922,0.004,0.159,0.037,0.071,,,,,,,,,,,,,,,,,,,,,,
147,129,106,0.007,0.844,0.900,1.000,0.934,0.003,0.153,0.024,0.076,145,129,0.004,0.837,0.891,1.000,0.922,0.004,0.159,0.037,0.071,148.000,129.000,0.004,0.847,0.889,0.999,0.929,0.000,0.153,0.029,0.082,,,,,,,,,,,
148,129,106,0.007,0.844,0.900,1.000,0.934,0.003,0.153,0.024,0.076,145,129,0.004,0.837,0.891,1.000,0.922,0.004,0.159,0.037,0.071,,,,,,,,,,,,,,,,,,,,,,
149,145,129,0.004,0.837,0.891,1.000,0.922,0.004,0.159,0.037,0.071,150,129,0.008,0.846,0.880,1.000,0.948,0.000,0.154,0.042,0.077,,,,,,,,,,,,,,,,,,,,,,
150,145,129,0.004,0.837,0.891,1.000,0.922,0.004,0.159,0.037,0.071,150,129,0.008,0.846,0.880,1.000,0.948,0.000,0.154,0.042,0.077,,,,,,,,,,,,,,,,,,,,,,
151,145,129,0.004,0.837,0.891,1.000,0.922,0.004,0.159,0.037,0.071,150,129,0.008,0.846,0.880,1.000,0.948,0.000,0.154,0.042,0.077,,,,,,,,,,,,,,,,,,,,,,
152,145,129,0.004,0.837,0.891,1.000,0.922,0.004,0.159,0.037,0.071,150,129,0.008,0.846,0.880,1.000,0.948,0.000,0.154,0.042,0.077,153.000,150.000,0.000,0.840,0.901,0.996,0.948,0.004,0.156,0.043,0.056,,,,,,,,,,,
153,145,129,0.004,0.837,0.891,1.000,0.922,0.004,0.159,0.037,0.071,150,129,0.008,0.846,0.880,1.000,0.948,0.000,0.154,0.042,0.077,153.000,150.000,0.000,0.840,0.901,0.996,0.948,0.004,0.156,0.043,0.056,154.000,145.000,0.003,0.829,0.897,0.979,0.926,0.000,0.171,0.023,0.080
154,145,129,0.004,0.837,0.891,1.000,0.922,0.004,0.159,0.037,0.071,150,129,0.008,0.846,0.880,1.000,0.948,0.000,0.154,0.042,0.077,153.000,150.000,0.000,0.840,0.901,0.996,0.948,0.004,0.156,0.043,0.056,154.000,145.000,0.003,0.829,0.897,0.979,0.926,0.000,0.171,0.023,0.080
155,145,129,0.004,0.837,0.891,1.000,0.922,0.004,0.159,0.037,0.071,150,129,0.008,0.846,0.880,1.000,0.948,0.000,0.154,0.042,0.077,153.000,150.000,0.000,0.840,0.901,0.996,0.948,0.004,0.156,0.043,0.056,154.000,145.000,0.003,0.829,0.897,0.979,0.926,0.000,0.171,0.023,0.080
156,145,129,0.004,0.837,0.891,1.000,0.922,0.004,0.159,0.037,0.071,150,129,0.008,0.846,0.880,1.000,0.948,0.000,0.154,0.042,0.077,157.000,150.000,0.011,0.841,0.901,0.999,0.952,0.000,0.159,0.029,0.070,,,,,,,,,,,
157,145,129,0.004,0.837,0.891,1.000,0.922,0.004,0.159,0.037,0.071,150,129,0.008,0.846,0.880,1.000,0.948,0.000,0.154,0.042,0.077,157.000,150.000,0.011,0.841,0.901,0.999,0.952,0.000,0.159,0.029,0.070,,,,,,,,,,,
158,145,129,0.004,0.837,0.891,1.000,0.922,0.004,0.159,0.037,0.071,150,129,0.008,0.846,0.880,1.000,0.948,0.000,0.154,0.042,0.077,157.000,150.000,0.011,0.841,0.901,0.999,0.952,0.000,0.159,0.029,0.070,159.000,150.000,0.005,0.851,0.868,0.997,0.938,0.000,0.149,0.047,0.086
159,145,129,0.004,0.837,0.891,1.000,0.922,0.004,0.159,0.037,0.071,150,129,0.008,0.846,0.880,1.000,0.948,0.000,0.154,0.042,0.077,157.000,150.000,0.011,0.841,0.901,0.999,0.952,0.000,0.159,0.029,0.070,160.000,159.000,0.009,0.848,0.845,1.000,0.946,0.000,0.152,0.061,0.094
160,145,129,0.004,0.837,0.891,1.000,0.922,0.004,0.159,0.037,0.071,150,129,0.008,0.846,0.880,1.000,0.948,0.000,0.154,0.042,0.077,157.000,150.000,0.011,0.841,0.901,0.999,0.952,0.000,0.159,0.029,0.070,160.000,159.000,0.009,0.848,0.845,1.000,0.946,0.000,0.152,0.061,0.094
161,150,129,0.008,0.846,0.880,1.000,0.948,0.000,0.154,0.042,0.077,162,157,0.007,0.828,0.895,1.000,0.953,0.000,0.172,0.034,0.072,,,,,,,,,,,,,,,,,,,,,,
162,150,129,0.008,0.846,0.880,1.000,0.948,0.000,0.154,0.042,0.077,162,157,0.007,0.828,0.895,1.000,0.953,0.000,0.172,0.034,0.072,163.000,162.000,0.016,0.818,0.904,1.000,0.957,0.015,0.167,0.026,0.069,,,,,,,,,,,
163,150,129,0.008,0.846,0.880,1.000,0.948,0.000,0.154,0.042,0.077,162,157,0.007,0.828,0.895,1.000,0.953,0.000,0.172,0.034,0.072,163.000,162.000,0.016,0.818,0.904,1.000,0.957,0.015,0.167,0.026,0.069,164.000,163.000,0.018,0.819,0.911,1.000,0.946,0.019,0.161,0.043,0.047
164,162,157,0.007,0.828,0.895,1.000,0.953,0.000,0.172,0.034,0.072,165,163,0.019,0.803,0.903,1.000,0.957,0.020,0.177,0.023,0.074,,,,,,,,,,,,,,,,,,,,,,
165,162,157,0.007,0.828,0.895,1.000,0.953,0.000,0.172,0.034,0.072,165,163,0.019,0.803,0.903,1.000,0.957,0.020,0.177,0.023,0.074,166.000,162.000,0.017,0.820,0.910,1.000,0.935,0.007,0.173,0.027,0.064,,,,,,,,,,,
166,162,157,0.007,0.828,0.895,1.000,0.953,0.000,0.172,0.034,0.072,166,162,0.017,0.820,0.910,1.000,0.935,0.007,0.173,0.027,0.064,167.000,166.000,0.014,0.836,0.901,0.999,0.927,0.000,0.164,0.040,0.059,,,,,,,,,,,
167,162,157,0.007,0.828,0.895,1.000,0.953,0.000,0.172,0.034,0.072,166,162,0.017,0.820,0.910,1.000,0.935,0.007,0.173,0.027,0.064,167.000,166.000,0.014,0.836,0.901,0.999,0.927,0.000,0.164,0.040,0.059,168.000,167.000,0.014,0.838,0.903,0.998,0.918,0.000,0.162,0.031,0.066
168,162,157,0.007,0.828,0.895,1.000,0.953,0.000,0.172,0.034,0.072,169,166,0.020,0.820,0.907,1.000,0.923,0.000,0.180,0.024,0.070,,,,,,,,,,,,,,,,,,,,,,
169,162,157,0.007,0.828,0.895,1.000,0.953,0.000,0.172,0.034,0.072,169,166,0.020,0.820,0.907,1.000,0.923,0.000,0.180,0.024,0.070,170.000,169.000,0.021,0.834,0.909,1.000,0.901,0.002,0.164,0.032,0.059,,,,,,,,,,,
170,162,157,0.007,0.828,0.895,1.000,0.953,0.000,0.172,0.034,0.072,169,166,0.020,0.820,0.907,1.000,0.923,0.000,0.180,0.024,0.070,170.000,169.000,0.021,0.834,0.909,1.000,0.901,0.002,0.164,0.032,0.059,171.000,169.000,0.018,0.802,0.906,0.998,0.933,0.010,0.188,0.026,0.068
171,162,157,0.007,0.828,0.895,1.000,0.953,0.000,0.172,0.034,0.072,169,166,0.020,0.820,0.907,1.000,0.923,0.000,0.180,0.024,0.070,171.000,169.000,0.018,0.802,0.906,0.998,0.933,0.010,0.188,0.026,0.068,172.000,169.000,0.024,0.825,0.895,0.999,0.919,0.000,0.175,0.039,0.066
172,162,157,0.007,0.828,0.895,1.000,0.953,0.000,0.172,0.034,0.072,169,166,0.020,0.820,0.907,1.000,0.923,0.000,0.180,0.024,0.070,171.000,169.000,0.018,0.802,0.906,0.998,0.933,0.010,0.188,0.026,0.068,173.000,172.000,0.030,0.829,0.879,1.000,0.918,0.000,0.171,0.044,0.077
173,162,157,0.007,0.828,0.895,1.000,0.953,0.000,0.172,0.034,0.072,169,166,0.020,0.820,0.907,1.000,0.923,0.000,0.180,0.024,0.070,171.000,169.000,0.018,0.802,0.906,0.998,0.933,0.010,0.188,0.026,0.068,174.000,162.000,0.002,0.843,0.907,0.993,0.956,0.000,0.157,0.031,0.062
174,162,157,0.007,0.828,0.895,1.000,0.953,0.000,0.172,0.034,0.072,169,166,0.020,0.820,0.907,1.000,0.923,0.000,0.180,0.024,0.070,171.000,169.000,0.018,0.802,0.906,0.998,0.933,0.010,0.188,0.026,0.068,175.000,174.000,0.005,0.833,0.898,0.996,0.971,0.000,0.167,0.041,0.061
175,162,157,0.007,0.828,0.895,1.000,0.953,0.000,0.172,0.034,0.072,171,169,0.018,0.802,0.906,0.998,0.933,0.010,0.188,0.026,0.068,175.000,174.000,0.005,0.833,0.898,0.996,0.971,0.000,0.167,0.041,0.061,176.000,169.000,0.021,0.837,0.903,0.996,0.920,0.000,0.163,0.029,0.068
176,162,157,0.007,0.828,0.895,1.000,0.953,0.000,0.172,0.034,0.072,171,169,0.018,0.802,0.906,0.998,0.933,0.010,0.188,0.026,0.068,177.000,171.000,0.017,0.803,0.915,0.999,0.914,0.023,0.173,0.018,0.066,,,,,,,,,,,
177,162,157,0.007,0.828,0.895,1.000,0.953,0.000,0.172,0.034,0.072,171,169,0.018,0.802,0.906,0.998,0.933,0.010,0.188,0.026,0.068,,,,,,,,,,,,,,,,,,,,,,
178,162,157,0.007,0.828,0.895,1.000,0.953,0.000,0.172,0.034,0.072,171,169,0.018,0.802,0.906,0.998,0.933,0.010,0.188,0.026,0.068,179.000,162.000,0.009,0.833,0.885,0.993,0.949,0.001,0.166,0.041,0.075,,,,,,,,,,,
179,162,157,0.007,0.828,0.895,1.000,0.953,0.000,0.172,0.034,0.072,171,169,0.018,0.802,0.906,0.998,0.933,0.010,0.188,0.026,0.068,179.000,162.000,0.009,0.833,0.885,0.993,0.949,0.001,0.166,0.041,0.075,180.000,179.000,0.006,0.830,0.882,0.979,0.946,0.013,0.157,0.047,0.071
180,162,157,0.007,0.828,0.895,1.000,0.953,0.000,0.172,0.034,0.072,171,169,0.018,0.802,0.906,0.998,0.933,0.010,0.188,0.026,0.068,179.000,162.000,0.009,0.833,0.885,0.993,0.949,0.001,0.166,0.041,0.075,181.000,179.000,0.013,0.820,0.900,0.968,0.975,0.005,0.175,0.023,0.077
181,162,157,0.007,0.828,0.895,1.000,0.953,0.000,0.172,0.034,0.072,171,169,0.018,0.802,0.906,0.998,0.933,0.010,0.188,0.026,0.068,182.000,162.000,0.001,0.834,0.874,1.000,0.943,0.001,0.165,0.040,0.085,,,,,,,,,,,
182,162,157,0.007,0.828,0.895,1.000,0.953,0.000,0.172,0.034,0.072,171,169,0.018,0.802,0.906,0.998,0.933,0.010,0.188,0.026,0.068,182.000,162.000,0.001,0.834,0.874,1.000,0.943,0.001,0.165,0.040,0.085,183.000,171.000,0.026,0.803,0.918,0.996,0.933,0.003,0.193,0.030,0.052
183,162,157,0.007,0.828,0.895,1.000,0.953,0.000,0.172,0.034,0.072,171,169,0.018,0.802,0.906,0.998,0.933,0.010,0.188,0.026,0.068,182.000,162.000,0.001,0.834,0.874,1.000,0.943,0.001,0.165,0.040,0.085,184.000,182.000,0.000,0.824,0.870,1.000,0.952,0.000,0.175,0.042,0.088
184,162,157,0.007,0.828,0.895,1.000,0.953,0.000,0.172,0.034,0.072,171,169,0.018,0.802,0.906,0.998,0.933,0.010,0.188,0.026,0.068,182.000,162.000,0.001,0.834,0.874,1.000,0.943,0.001,0.165,0.040,0.085,184.000,182.000,0.000,0.824,0.870,1.000,0.952,0.000,0.175,0.042,0.088
185,162,157,0.007,0.828,0.895,1.000,0.953,0.000,0.172,0.034,0.072,171,169,0.018,0.802,0.906,0.998,0.933,0.010,0.188,0.026,0.068,182.000,162.000,0.001,0.834,0.874,1.000,0.943,0.001,0.165,0.040,0.085,184.000,182.000,0.000,0.824,0.870,1.000,0.952,0.000,0.175,0.042,0.088
186,162,157,0.007,0.828,0.895,1.000,0.953,0.000,0.172,0.034,0.072,171,169,0.018,0.802,0.906,0.998,0.933,0.010,0.188,0.026,0.068,182.000,162.000,0.001,0.834,0.874,1.000,0.943,0.001,0.165,0.040,0.085,184.000,182.000,0.000,0.824,0.870,1.000,0.952,0.000,0.175,0.042,0.088
187,162,157,0.007,0.828,0.895,1.000,0.953,0.000,0.172,0.034,0.072,188,171,0.010,0.808,0.917,1.000,0.939,0.006,0.186,0.028,0.055,,,,,,,,,,,,,,,,,,,,,,
188,162,157,0.007,0.828,0.895,1.000,0.953,0.000,0.172,0.034,0.072,188,171,0.010,0.808,0.917,1.000,0.939,0.006,0.186,0.028,0.055,189.000,188.000,0.010,0.803,0.913,1.000,0.950,0.013,0.184,0.023,0.064,,,,,,,,,,,
189,162,157,0.007,0.828,0.895,1.000,0.953,0.000,0.172,0.034,0.072,188,171,0.010,0.808,0.917,1.000,0.939,0.006,0.186,0.028,0.055,189.000,188.000,0.010,0.803,0.913,1.000,0.950,0.013,0.184,0.023,0.064,190.000,162.000,0.011,0.831,0.906,0.988,0.952,0.000,0.169,0.028,0.065
190,162,157,0.007,0.828,0.895,1.000,0.953,0.000,0.172,0.034,0.072,188,171,0.010,0.808,0.917,1.000,0.939,0.006,0.186,0.028,0.055,189.000,188.000,0.010,0.803,0.913,1.000,0.950,0.013,0.184,0.023,0.064,190.000,162.000,0.011,0.831,0.906,0.988,0.952,0.000,0.169,0.028,0.065
191,162,157,0.007,0.828,0.895,1.000,0.953,0.000,0.172,0.034,0.072,188,171,0.010,0.808,0.917,1.000,0.939,0.006,0.186,0.028,0.055,189.000,188.000,0.010,0.803,0.913,1.000,0.950,0.013,0.184,0.023,0.064,190.000,162.000,0.011,0.831,0.906,0.988,0.952,0.000,0.169,0.028,0.065
192,162,157,0.007,0.828,0.895,1.000,0.953,0.000,0.172,0.034,0.072,188,171,0.010,0.808,0.917,1.000,0.939,0.006,0.186,0.028,0.055,189.000,188.000,0.010,0.803,0.913,1.000,0.950,0.013,0.184,0.023,0.064,190.000,162.000,0.011,0.831,0.906,0.988,0.952,0.000,0.169,0.028,0.065
193,162,157,0.007,0.828,0.895,1.000,0.953,0.000,0.172,0.034,0.072,188,171,0.010,0.808,0.917,1.000,0.939,0.006,0.186,0.028,0.055,189.000,188.000,0.010,0.803,0.913,1.000,0.950,0.013,0.184,0.023,0.064,190.000,162.000,0.011,0.831,0.906,0.988,0.952,0.000,0.169,0.028,0.065
194,162,157,0.007,0.828,0.895,1.000,0.953,0.000,0.172,0.034,0.072,188,171,0.010,0.808,0.917,1.000,0.939,0.006,0.186,0.028,0.055,189.000,188.000,0.010,0.803,0.913,1.000,0.950,0.013,0.184,0.023,0.064,191.000,189.000,0.010,0.802,0.916,1.000,0.953,0.013,0.186,0.013,0.071
195,162,157,0.007,0.828,0.895,1.000,0.953,0.000,0.172,0.034,0.072,188,171,0.010,0.808,0.917,1.000,0.939,0.006,0.186,0.028,0.055,189.000,188.000,0.010,0.803,0.913,1.000,0.950,0.013,0.184,0.023,0.064,191.000,189.000,0.010,0.802,0.916,1.000,0.953,0.013,0.186,0.013,0.071
196,162,157,0.007,0.828,0.895,1.000,0.953,0.000,0.172,0.034,0.072,188,171,0.010,0.808,0.917,1.000,0.939,0.006,0.186,0.028,0.055,189.000,188.000,0.010,0.803,0.913,1.000,0.950,0.013,0.184,0.023,0.064,191.000,189.000,0.010,0.802,0.916,1.000,0.953,0.013,0.186,0.013,0.071
197,162,157,0.007,0.828,0.895,1.000,0.953,0.000,0.172,0.034,0.072,188,171,0.010,0.808,0.917,1.000,0.939,0.006,0.186,0.028,0.055,189.000,188.000,0.010,0.803,0.913,1.000,0.950,0.013,0.184,0.023,0.064,191.000,189.000,0.010,0.802,0.916,1.000,0.953,0.013,0.186,0.013,0.071
198,162,157,0.007,0.828,0.895,1.000,0.953,0.000,0.172,0.034,0.072,188,171,0.010,0.808,0.917,1.000,0.939,0.006,0.186,0.028,0.055,189.000,188.000,0.010,0.803,0.913,1.000,0.950,0.013,0.184,0.023,0.064,191.000,189.000,0.010,0.802,0.916,1.000,0.953,0.013,0.186,0.013,0.071
199,188,171,0.010,0.808,0.917,1.000,0.939,0.006,0.186,0.028,0.055,189,188,0.010,0.803,0.913,1.000,0.950,0.013,0.184,0.023,0.064,191.000,189.000,0.010,0.802,0.916,1.000,0.953,0.013,0.186,0.013,0.071,194.000,189.000,0.013,0.808,0.924,1.000,0.940,0.008,0.185,0.025,0.051
200,188,171,0.010,0.808,0.917,1.000,0.939,0.006,0.186,0.028,0.055,189,188,0.010,0.803,0.913,1.000,0.950,0.013,0.184,0.023,0.064,191.000,189.000,0.010,0.802,0.916,1.000,0.953,0.013,0.186,0.013,0.071,194.000,189.000,0.013,0.808,0.924,1.000,0.940,0.008,0.185,0.025,0.051
201,188,171,0.010,0.808,0.917,1.000,0.939,0.006,0.186,0.028,0.055,189,188,0.010,0.803,0.913,1.000,0.950,0.013,0.184,0.023,0.064,191.000,189.000,0.010,0.802,0.916,1.000,0.953,0.013,0.186,0.013,0.071,194.000,189.000,0.013,0.808,0.924,1.000,0.940,0.008,0.185,0.025,0.051
202,188,171,0.010,0.808,0.917,1.000,0.939,0.006,0.186,0.028,0.055,189,188,0.010,0.803,0.913,1.000,0.950,0.013,0.184,0.023,0.064,191.000,189.000,0.010,0.802,0.916,1.000,0.953,0.013,0.186,0.013,0.071,194.000,189.000,0.013,0.808,0.924,1.000,0.940,0.008,0.185,0.025,0.051
203,188,171,0.010,0.808,0.917,1.000,0.939,0.006,0.186,0.028,0.055,189,188,0.010,0.803,0.913,1.000,0.950,0.013,0.184,0.023,0.064,191.000,189.000,0.010,0.802,0.916,1.000,0.953,0.013,0.186,0.013,0.071,194.000,189.000,0.013,0.808,0.924,1.000,0.940,0.008,0.185,0.025,0.051
204,188,171,0.010,0.808,0.917,1.000,0.939,0.006,0.186,0.028,0.055,189,188,0.010,0.803,0.913,1.000,0.950,0.013,0.184,0.023,0.064,191.000,189.000,0.010,0.802,0.916,1.000,0.953,0.013,0.186,0.013,0.071,194.000,189.000,0.013,0.808,0.924,1.000,0.940,0.008,0.185,0.025,0.051
205,188,171,0.010,0.808,0.917,1.000,0.939,0.006,0.186,0.028,0.055,189,188,0.010,0.803,0.913,1.000,0.950,0.013,0.184,0.023,0.064,191.000,189.000,0.010,0.802,0.916,1.000,0.953,0.013,0.186,0.013,0.071,194.000,189.000,0.013,0.808,0.924,1.000,0.940,0.008,0.185,0.025,0.051
206,188,171,0.010,0.808,0.917,1.000,0.939,0.006,0.186,0.028,0.055,189,188,0.010,0.803,0.913,1.000,0.950,0.013,0.184,0.023,0.064,191.000,189.000,0.010,0.802,0.916,1.000,0.953,0.013,0.186,0.013,0.071,194.000,189.000,0.013,0.808,0.924,1.000,0.940,0.008,0.185,0.025,0.051
207,188,171,0.010,0.808,0.917,1.000,0.939,0.006,0.186,0.028,0.055,207,199,0.009,0.796,0.945,1.000,0.950,0.004,0.200,0.006,0.049,,,,,,,,,,,,,,,,,,,,,,
208,188,171,0.010,0.808,0.917,1.000,0.939,0.006,0.186,0.028,0.055,207,199,0.009,0.796,0.945,1.000,0.950,0.004,0.200,0.006,0.049,209.000,207.000,0.009,0.779,0.952,1.000,0.965,0.013,0.208,0.014,0.034,,,,,,,,,,,
209,188,171,0.010,0.808,0.917,1.000,0.939,0.006,0.186,0.028,0.055,207,199,0.009,0.796,0.945,1.000,0.950,0.004,0.200,0.006,0.049,209.000,207.000,0.009,0.779,0.952,1.000,0.965,0.013,0.208,0.014,0.034,210.000,207.000,0.009,0.773,0.967,1.000,0.937,0.008,0.219,0.000,0.033
210,188,171,0.010,0.808,0.917,1.000,0.939,0.006,0.186,0.028,0.055,207,199,0.009,0.796,0.945,1.000,0.950,0.004,0.200,0.006,0.049,209.000,207.000,0.009,0.779,0.952,1.000,0.965,0.013,0.208,0.014,0.034,210.000,207.000,0.009,0.773,0.967,1.000,0.937,0.008,0.219,0.000,0.033
211,210,207,0.009,0.773,0.967,1.000,0.937,0.008,0.219,0.000,0.033,212,207,0.012,0.779,0.933,1.000,0.962,0.000,0.221,0.000,0.067,,,,,,,,,,,,,,,,,,,,,,
212,210,207,0.009,0.773,0.967,1.000,0.937,0.008,0.219,0.000,0.033,212,207,0.012,0.779,0.933,1.000,0.962,0.000,0.221,0.000,0.067,213.000,212.000,0.017,0.775,0.912,0.989,0.972,0.009,0.216,0.018,0.071,,,,,,,,,,,
213,210,207,0.009,0.773,0.967,1.000,0.937,0.008,0.219,0.000,0.033,212,207,0.012,0.779,0.933,1.000,0.962,0.000,0.221,0.000,0.067,214.000,210.000,0.004,0.779,0.970,1.000,0.929,0.000,0.221,0.000,0.030,,,,,,,,,,,
214,210,207,0.009,0.773,0.967,1.000,0.937,0.008,0.219,0.000,0.033,212,207,0.012,0.779,0.933,1.000,0.962,0.000,0.221,0.000,0.067,214.000,210.000,0.004,0.779,0.970,1.000,0.929,0.000,0.221,0.000,0.030,215.000,210.000,0.008,0.755,0.955,0.992,0.948,0.025,0.220,0.000,0.045
215,210,207,0.009,0.773,0.967,1.000,0.937,0.008,0.219,0.000,0.033,212,207,0.012,0.779,0.933,1.000,0.962,0.000,0.221,0.000,0.067,214.000,210.000,0.004,0.779,0.970,1.000,0.929,0.000,0.221,0.000,0.030,216.000,212.000,0.005,0.780,0.928,1.000,0.949,0.005,0.215,0.000,0.072
216,210,207,0.009,0.773,0.967,1.000,0.937,0.008,0.219,0.000,0.033,212,207,0.012,0.779,0.933,1.000,0.962,0.000,0.221,0.000,0.067,214.000,210.000,0.004,0.779,0.970,1.000,0.929,0.000,0.221,0.000,0.030,217.000,214.000,0.009,0.775,0.967,1.000,0.928,0.003,0.221,0.005,0.028
217,212,207,0.012,0.779,0.933,1.000,0.962,0.000,0.221,0.000,0.067,217,214,0.009,0.775,0.967,1.000,0.928,0.003,0.221,0.005,0.028,218.000,217.000,0.020,0.764,0.967,1.000,0.929,0.012,0.224,0.000,0.033,,,,,,,,,,,
218,212,207,0.012,0.779,0.933,1.000,0.962,0.000,0.221,0.000,0.067,217,214,0.009,0.775,0.967,1.000,0.928,0.003,0.221,0.005,0.028,218.000,217.000,0.020,0.764,0.967,1.000,0.929,0.012,0.224,0.000,0.033,219.000,212.000,0.012,0.785,0.929,1.000,0.979,0.000,0.215,0.004,0.067
219,212,207,0.012,0.779,0.933,1.000,0.962,0.000,0.221,0.000,0.067,217,214,0.009,0.775,0.967,1.000,0.928,0.003,0.221,0.005,0.028,218.000,217.000,0.020,0.764,0.967,1.000,0.929,0.012,0.224,0.000,0.033,219.000,212.000,0.012,0.785,0.929,1.000,0.979,0.000,0.215,0.004,0.067
220,212,207,0.012,0.779,0.933,1.000,0.962,0.000,0.221,0.000,0.067,217,214,0.009,0.775,0.967,1.000,0.928,0.003,0.221,0.005,0.028,219.000,212.000,0.012,0.785,0.929,1.000,0.979,0.000,0.215,0.004,0.067,220.000,219.000,0.015,0.781,0.917,1.000,0.986,0.001,0.218,0.000,0.083
221,212,207,0.012,0.779,0.933,1.000,0.962,0.000,0.221,0.000,0.067,217,214,0.009,0.775,0.967,1.000,0.928,0.003,0.221,0.005,0.028,219.000,212.000,0.012,0.785,0.929,1.000,0.979,0.000,0.215,0.004,0.067,220.000,219.000,0.015,0.781,0.917,1.000,0.986,0.001,0.218,0.000,0.083
222,212,207,0.012,0.779,0.933,1.000,0.962,0.000,0.221,0.000,0.067,217,214,0.009,0.775,0.967,1.000,0.928,0.003,0.221,0.005,0.028,219.000,212.000,0.012,0.785,0.929,1.000,0.979,0.000,0.215,0.004,0.067,220.000,219.000,0.015,0.781,0.917,1.000,0.986,0.001,0.218,0.000,0.083
223,212,207,0.012,0.779,0.933,1.000,0.962,0.000,0.221,0.000,0.067,217,214,0.009,0.775,0.967,1.000,0.928,0.003,0.221,0.005,0.028,219.000,212.000,0.012,0.785,0.929,1.000,0.979,0.000,0.215,0.004,0.067,220.000,219.000,0.015,0.781,0.917,1.000,0.986,0.001,0.218,0.000,0.083
224,212,207,0.012,0.779,0.933,1.000,0.962,0.000,0.221,0.000,0.067,217,214,0.009,0.775,0.967,1.000,0.928,0.003,0.221,0.005,0.028,219.000,212.000,0.012,0.785,0.929,1.000,0.979,0.000,0.215,0.004,0.067,220.000,219.000,0.015,0.781,0.917,1.000,0.986,0.001,0.218,0.000,0.083
225,212,207,0.012,0.779,0.933,1.000,0.962,0.000,0.221,0.000,0.067,217,214,0.009,0.775,0.967,1.000,0.928,0.003,0.221,0.005,0.028,219.000,212.000,0.012,0.785,0.929,1.000,0.979,0.000,0.215,0.004,0.067,220.000,219.000,0.015,0.781,0.917,1.000,0.986,0.001,0.218,0.000,0.083
226,212,207,0.012,0.779,0.933,1.000,0.962,0.000,0.221,0.000,0.067,217,214,0.009,0.775,0.967,1.000,0.928,0.003,0.221,0.005,0.028,219.000,212.000,0.012,0.785,0.929,1.000,0.979,0.000,0.215,0.004,0.067,220.000,219.000,0.015,0.781,0.917,1.000,0.986,0.001,0.218,0.000,0.083
227,212,207,0.012,0.779,0.933,1.000,0.962,0.000,0.221,0.000,0.067,217,214,0.009,0.775,0.967,1.000,0.928,0.003,0.221,0.005,0.028,221.000,212.000,0.006,0.779,0.944,1.000,0.969,0.000,0.221,0.000,0.056,,,,,,,,,,,
228,212,207,0.012,0.779,0.933,1.000,0.962,0.000,0.221,0.000,0.067,217,214,0.009,0.775,0.967,1.000,0.928,0.003,0.221,0.005,0.028,221.000,212.000,0.006,0.779,0.944,1.000,0.969,0.000,0.221,0.000,0.056,229.000,221.000,0.013,0.778,0.937,0.997,0.966,0.006,0.216,0.006,0.057
229,212,207,0.012,0.779,0.933,1.000,0.962,0.000,0.221,0.000,0.067,217,214,0.009,0.775,0.967,1.000,0.928,0.003,0.221,0.005,0.028,221.000,212.000,0.006,0.779,0.944,1.000,0.969,0.000,0.221,0.000,0.056,229.000,221.000,0.013,0.778,0.937,0.997,0.966,0.006,0.216,0.006,0.057
230,212,207,0.012,0.779,0.933,1.000,0.962,0.000,0.221,0.000,0.067,217,214,0.009,0.775,0.967,1.000,0.928,0.003,0.221,0.005,0.028,221.000,212.000,0.006,0.779,0.944,1.000,0.969,0.000,0.221,0.000,0.056,229.000,221.000,0.013,0.778,0.937,0.997,0.966,0.006,0.216,0.006,0.057
231,212,207,0.012,0.779,0.933,1.000,0.962,0.000,0.221,0.000,0.067,217,214,0.009,0.775,0.967,1.000,0.928,0.003,0.221,0.005,0.028,221.000,212.000,0.006,0.779,0.944,1.000,0.969,0.000,0.221,0.000,0.056,229.000,221.000,0.013,0.778,0.937,0.997,0.966,0.006,0.216,0.006,0.057
232,212,207,0.012,0.779,0.933,1.000,0.962,0.000,0.221,0.000,0.067,217,214,0.009,0.775,0.967,1.000,0.928,0.003,0.221,0.005,0.028,221.000,212.000,0.006,0.779,0.944,1.000,0.969,0.000,0.221,0.000,0.056,229.000,221.000,0.013,0.778,0.937,0.997,0.966,0.006,0.216,0.006,0.057
233,212,207,0.012,0.779,0.933,1.000,0.962,0.000,0.221,0.000,0.067,217,214,0.009,0.775,0.967,1.000,0.928,0.003,0.221,0.005,0.028,221.000,212.000,0.006,0.779,0.944,1.000,0.969,0.000,0.221,0.000,0.056,229.000,221.000,0.013,0.778,0.937,0.997,0.966,0.006,0.216,0.006,0.057
234,212,207,0.012,0.779,0.933,1.000,0.962,0.000,0.221,0.000,0.067,217,214,0.009,0.775,0.967,1.000,0.928,0.003,0.221,0.005,0.028,221.000,212.000,0.006,0.779,0.944,1.000,0.969,0.000,0.221,0.000,0.056,229.000,221.000,0.013,0.778,0.937,0.997,0.966,0.006,0.216,0.006,0.057
235,212,207,0.012,0.779,0.933,1.000,0.962,0.000,0.221,0.000,0.067,217,214,0.009,0.775,0.967,1.000,0.928,0.003,0.221,0.005,0.028,221.000,212.000,0.006,0.779,0.944,1.000,0.969,0.000,0.221,0.000,0.056,229.000,221.000,0.013,0.778,0.937,0.997,0.966,0.006,0.216,0.006,0.057
236,212,207,0.012,0.779,0.933,1.000,0.962,0.000,0.221,0.000,0.067,217,214,0.009,0.775,0.967,1.000,0.928,0.003,0.221,0.005,0.028,221.000,212.000,0.006,0.779,0.944,1.000,0.969,0.000,0.221,0.000,0.056,229.000,221.000,0.013,0.778,0.937,0.997,0.966,0.006,0.216,0.006,0.057
237,212,207,0.012,0.779,0.933,1.000,0.962,0.000,0.221,0.000,0.067,217,214,0.009,0.775,0.967,1.000,0.928,0.003,0.221,0.005,0.028,221.000,212.000,0.006,0.779,0.944,1.000,0.969,0.000,0.221,0.000,0.056,229.000,221.000,0.013,0.778,0.937,0.997,0.966,0.006,0.216,0.006,0.057
238,212,207,0.012,0.779,0.933,1.000,0.962,0.000,0.221,0.000,0.067,217,214,0.009,0.775,0.967,1.000,0.928,0.003,0.221,0.005,0.028,221.000,212.000,0.006,0.779,0.944,1.000,0.969,0.000,0.221,0.000,0.056,229.000,221.000,0.013,0.778,0.937,0.997,0.966,0.006,0.216,0.006,0.057
239,212,207,0.012,0.779,0.933,1.000,0.962,0.000,0.221,0.000,0.067,217,214,0.009,0.775,0.967,1.000,0.928,0.003,0.221,0.005,0.028,221.000,212.000,0.006,0.779,0.944,1.000,0.969,0.000,0.221,0.000,0.056,233.000,232.000,0.003,0.785,0.933,1.000,0.949,0.002,0.213,0.018,0.049
240,212,207,0.012,0.779,0.933,1.000,0.962,0.000,0.221,0.000,0.067,217,214,0.009,0.775,0.967,1.000,0.928,0.003,0.221,0.005,0.028,221.000,212.000,0.006,0.779,0.944,1.000,0.969,0.000,0.221,0.000,0.056,234.000,217.000,0.012,0.792,0.977,1.000,0.916,0.000,0.208,0.000,0.023
241,212,207,0.012,0.779,0.933,1.000,0.962,0.000,0.221,0.000,0.067,217,214,0.009,0.775,0.967,1.000,0.928,0.003,0.221,0.005,0.028,221.000,212.000,0.006,0.779,0.944,1.000,0.969,0.000,0.221,0.000,0.056,234.000,217.000,0.012,0.792,0.977,1.000,0.916,0.000,0.208,0.000,0.023
242,212,207,0.012,0.779,0.933,1.000,0.962,0.000,0.221,0.000,0.067,217,214,0.009,0.775,0.967,1.000,0.928,0.003,0.221,0.005,0.028,221.000,212.000,0.006,0.779,0.944,1.000,0.969,0.000,0.221,0.000,0.056,234.000,217.000,0.012,0.792,0.977,1.000,0.916,0.000,0.208,0.000,0.023
243,212,207,0.012,0.779,0.933,1.000,0.962,0.000,0.221,0.000,0.067,217,214,0.009,0.775,0.967,1.000,0.928,0.003,0.221,0.005,0.028,221.000,212.000,0.006,0.779,0.944,1.000,0.969,0.000,0.221,0.000,0.056,234.000,217.000,0.012,0.792,0.977,1.000,0.916,0.000,0.208,0.000,0.023
244,212,207,0.012,0.779,0.933,1.000,0.962,0.000,0.221,0.000,0.067,217,214,0.009,0.775,0.967,1.000,0.928,0.003,0.221,0.005,0.028,221.000,212.000,0.006,0.779,0.944,1.000,0.969,0.000,0.221,0.000,0.056,234.000,217.000,0.012,0.792,0.977,1.000,0.916,0.000,0.208,0.000,0.023
245,212,207,0.012,0.779,0.933,1.000,0.962,0.000,0.221,0.000,0.067,217,214,0.009,0.775,0.967,1.000,0.928,0.003,0.221,0.005,0.028,221.000,212.000,0.006,0.779,0.944,1.000,0.969,0.000,0.221,0.000,0.056,234.000,217.000,0.012,0.792,0.977,1.000,0.916,0.000,0.208,0.000,0.023
246,212,207,0.012,0.779,0.933,1.000,0.962,0.000,0.221,0.000,0.067,217,214,0.009,0.775,0.967,1.000,0.928,0.003,0.221,0.005,0.028,221.000,212.000,0.006,0.779,0.944,1.000,0.969,0.000,0.221,0.000,0.056,234.000,217.000,0.012,0.792,0.977,1.000,0.916,0.000,0.208,0.000,0.023
247,212,207,0.012,0.779,0.933,1.000,0.962,0.000,0.221,0.000,0.067,217,214,0.009,0.775,0.967,1.000,0.928,0.003,0.221,0.005,0.028,221.000,212.000,0.006,0.779,0.944,1.000,0.969,0.000,0.221,0.000,0.056,234.000,217.000,0.012,0.792,0.977,1.000,0.916,0.000,0.208,0.000,0.023
248,212,207,0.012,0.779,0.933,1.000,0.962,0.000,0.221,0.000,0.067,217,214,0.009,0.775,0.967,1.000,0.928,0.003,0.221,0.005,0.028,221.000,212.000,0.006,0.779,0.944,1.000,0.969,0.000,0.221,0.000,0.056,234.000,217.000,0.012,0.792,0.977,1.000,0.916,0.000,0.208,0.000,0.023
249,212,207,0.012,0.779,0.933,1.000,0.962,0.000,0.221,0.000,0.067,217,214,0.009,0.775,0.967,1.000,0.928,0.003,0.221,0.005,0.028,221.000,212.000,0.006,0.779,0.944,1.000,0.969,0.000,0.221,0.000,0.056,234.000,217.000,0.012,0.792,0.977,1.000,0.916,0.000,0.208,0.000,0.023
250,212,207,0.012,0.779,0.933,1.000,0.962,0.000,0.221,0.000,0.067,217,214,0.009,0.775,0.967,1.000,0.928,0.003,0.221,0.005,0.028,221.000,212.000,0.006,0.779,0.944,1.000,0.969,0.000,0.221,0.000,0.056,234.000,217.000,0.012,0.792,0.977,1.000,0.916,0.000,0.208,0.000,0.023
251,212,207,0.012,0.779,0.933,1.000,0.962,0.000,0.221,0.000,0.067,217,214,0.009,0.775,0.967,1.000,0.928,0.003,0.221,0.005,0.028,221.000,212.000,0.006,0.779,0.944,1.000,0.969,0.000,0.221,0.000,0.056,234.000,217.000,0.012,0.792,0.977,1.000,0.916,0.000,0.208,0.000,0.023
252,212,207,0.012,0.779,0.933,1.000,0.962,0.000,0.221,0.000,0.067,217,214,0.009,0.775,0.967,1.000,0.928,0.003,0.221,0.005,0.028,221.000,212.000,0.006,0.779,0.944,1.000,0.969,0.000,0.221,0.000,0.056,234.000,217.000,0.012,0.792,0.977,1.000,0.916,0.000,0.208,0.000,0.023
253,212,207,0.012,0.779,0.933,1.000,0.962,0.000,0.221,0.000,0.067,217,214,0.009,0.775,0.967,1.000,0.928,0.003,0.221,0.005,0.028,221.000,212.000,0.006,0.779,0.944,1.000,0.969,0.000,0.221,0.000,0.056,235.000,234.000,0.014,0.786,0.964,1.000,0.928,0.000,0.214,0.008,0.028
254,212,207,0.012,0.779,0.933,1.000,0.962,0.000,0.221,0.000,0.067,217,214,0.009,0.775,0.967,1.000,0.928,0.003,0.221,0.005,0.028,221.000,212.000,0.006,0.779,0.944,1.000,0.969,0.000,0.221,0.000,0.056,235.000,234.000,0.014,0.786,0.964,1.000,0.928,0.000,0.214,0.008,0.028
255,212,207,0.012,0.779,0.933,1.000,0.962,0.000,0.221,0.000,0.067,217,214,0.009,0.775,0.967,1.000,0.928,0.003,0.221,0.005,0.028,221.000,212.000,0.006,0.779,0.944,1.000,0.969,0.000,0.221,0.000,0.056,235.000,234.000,0.014,0.786,0.964,1.000,0.928,0.000,0.214,0.008,0.028
256,212,207,0.012,0.779,0.933,1.000,0.962,0.000,0.221,0.000,0.067,217,214,0.009,0.775,0.967,1.000,0.928,0.003,0.221,0.005,0.028,221.000,212.000,0.006,0.779,0.944,1.000,0.969,0.000,0.221,0.000,0.056,235.000,234.000,0.014,0.786,0.964,1.000,0.928,0.000,0.214,0.008,0.028
257,212,207,0.012,0.779,0.933,1.000,0.962,0.000,0.221,0.000,0.067,217,214,0.009,0.775,0.967,1.000,0.928,0.003,0.221,0.005,0.028,221.000,212.000,0.006,0.779,0.944,1.000,0.969,0.000,0.221,0.000,0.056,235.000,234.000,0.014,0.786,0.964,1.000,0.928,0.000,0.214,0.008,0.028
258,212,207,0.012,0.779,0.933,1.000,0.962,0.000,0.221,0.000,0.067,217,214,0.009,0.775,0.967,1.000,0.928,0.003,0.221,0.005,0.028,221.000,212.000,0.006,0.779,0.944,1.000,0.969,0.000,0.221,0.000,0.056,235.000,234.000,0.014,0.786,0.964,1.000,0.928,0.000,0.214,0.008,0.028
259,212,207,0.012,0.779,0.933,1.000,0.962,0.000,0.221,0.000,0.067,217,214,0.009,0.775,0.967,1.000,0.928,0.003,0.221,0.005,0.028,235.000,234.000,0.014,0.786,0.964,1.000,0.928,0.000,0.214,0.008,0.028,239.000,233.000,0.011,0.788,0.927,1.000,0.949,0.000,0.212,0.032,0.040
260,212,207,0.012,0.779,0.933,1.000,0.962,0.000,0.221,0.000,0.067,217,214,0.009,0.775,0.967,1.000,0.928,0.003,0.221,0.005,0.028,235.000,234.000,0.014,0.786,0.964,1.000,0.928,0.000,0.214,0.008,0.028,239.000,233.000,0.011,0.788,0.927,1.000,0.949,0.000,0.212,0.032,0.040
261,212,207,0.012,0.779,0.933,1.000,0.962,0.000,0.221,0.000,0.067,217,214,0.009,0.775,0.967,1.000,0.928,0.003,0.221,0.005,0.028,235.000,234.000,0.014,0.786,0.964,1.000,0.928,0.000,0.214,0.008,0.028,239.000,233.000,0.011,0.788,0.927,1.000,0.949,0.000,0.212,0.032,0.040
262,212,207,0.012,0.779,0.933,1.000,0.962,0.000,0.221,0.000,0.067,217,214,0.009,0.775,0.967,1.000,0.928,0.003,0.221,0.005,0.028,235.000,234.000,0.014,0.786,0.964,1.000,0.928,0.000,0.214,0.008,0.028,239.000,233.000,0.011,0.788,0.927,1.000,0.949,0.000,0.212,0.032,0.040
263,212,207,0.012,0.779,0.933,1.000,0.962,0.000,0.221,0.000,0.067,217,214,0.009,0.775,0.967,1.000,0.928,0.003,0.221,0.005,0.028,235.000,234.000,0.014,0.786,0.964,1.000,0.928,0.000,0.214,0.008,0.028,239.000,233.000,0.011,0.788,0.927,1.000,0.949,0.000,0.212,0.032,0.040
264,212,207,0.012,0.779,0.933,1.000,0.962,0.000,0.221,0.000,0.067,217,214,0.009,0.775,0.967,1.000,0.928,0.003,0.221,0.005,0.028,235.000,234.000,0.014,0.786,0.964,1.000,0.928,0.000,0.214,0.008,0.028,239.000,233.000,0.011,0.788,0.927,1.000,0.949,0.000,0.212,0.032,0.040
265,212,207,0.012,0.779,0.933,1.000,0.962,0.000,0.221,0.000,0.067,217,214,0.009,0.775,0.967,1.000,0.928,0.003,0.221,0.005,0.028,235.000,234.000,0.014,0.786,0.964,1.000,0.928,0.000,0.214,0.008,0.028,239.000,233.000,0.011,0.788,0.927,1.000,0.949,0.000,0.212,0.032,0.040
266,212,207,0.012,0.779,0.933,1.000,0.962,0.000,0.221,0.000,0.067,217,214,0.009,0.775,0.967,1.000,0.928,0.003,0.221,0.005,0.028,235.000,234.000,0.014,0.786,0.964,1.000,0.928,0.000,0.214,0.008,0.028,247.000,243.000,0.013,0.781,0.961,1.000,0.933,0.000,0.219,0.016,0.023
267,212,207,0.012,0.779,0.933,1.000,0.962,0.000,0.221,0.000,0.067,261,257,0.012,0.775,0.917,1.000,0.924,0.000,0.225,0.043,0.039,,,,,,,,,,,,,,,,,,,,,,
268,212,207,0.012,0.779,0.933,1.000,0.962,0.000,0.221,0.000,0.067,261,257,0.012,0.775,0.917,1.000,0.924,0.000,0.225,0.043,0.039,,,,,,,,,,,,,,,,,,,,,,
269,212,207,0.012,0.779,0.933,1.000,0.962,0.000,0.221,0.000,0.067,261,257,0.012,0.775,0.917,1.000,0.924,0.000,0.225,0.043,0.039,270.000,261.000,0.011,0.779,0.902,0.989,0.931,0.004,0.217,0.039,0.059,,,,,,,,,,,
270,212,207,0.012,0.779,0.933,1.000,0.962,0.000,0.221,0.000,0.067,261,257,0.012,0.775,0.917,1.000,0.924,0.000,0.225,0.043,0.039,270.000,261.000,0.011,0.779,0.902,0.989,0.931,0.004,0.217,0.039,0.059,271.000,270.000,0.007,0.774,0.896,0.978,0.945,0.005,0.222,0.042,0.062
271,212,207,0.012,0.779,0.933,1.000,0.962,0.000,0.221,0.000,0.067,261,257,0.012,0.775,0.917,1.000,0.924,0.000,0.225,0.043,0.039,270.000,261.000,0.011,0.779,0.902,0.989,0.931,0.004,0.217,0.039,0.059,271.000,270.000,0.007,0.774,0.896,0.978,0.945,0.005,0.222,0.042,0.062
272,212,207,0.012,0.779,0.933,1.000,0.962,0.000,0.221,0.000,0.067,261,257,0.012,0.775,0.917,1.000,0.924,0.000,0.225,0.043,0.039,270.000,261.000,0.011,0.779,0.902,0.989,0.931,0.004,0.217,0.039,0.059,271.000,270.000,0.007,0.774,0.896,0.978,0.945,0.005,0.222,0.042,0.062
273,212,207,0.012,0.779,0.933,1.000,0.962,0.000,0.221,0.000,0.067,261,257,0.012,0.775,0.917,1.000,0.924,0.000,0.225,0.043,0.039,270.000,261.000,0.011,0.779,0.902,0.989,0.931,0.004,0.217,0.039,0.059,271.000,270.000,0.007,0.774,0.896,0.978,0.945,0.005,0.222,0.042,0.062
274,212,207,0.012,0.779,0.933,1.000,0.962,0.000,0.221,0.000,0.067,261,257,0.012,0.775,0.917,1.000,0.924,0.000,0.225,0.043,0.039,270.000,261.000,0.011,0.779,0.902,0.989,0.931,0.004,0.217,0.039,0.059,272.000,270.000,0.008,0.768,0.894,0.997,0.923,0.008,0.224,0.044,0.062
275,212,207,0.012,0.779,0.933,1.000,0.962,0.000,0.221,0.000,0.067,261,257,0.012,0.775,0.917,1.000,0.924,0.000,0.225,0.043,0.039,272.000,270.000,0.008,0.768,0.894,0.997,0.923,0.008,0.224,0.044,0.062,273.000,261.000,0.013,0.788,0.900,0.998,0.937,0.000,0.212,0.065,0.035
276,212,207,0.012,0.779,0.933,1.000,0.962,0.000,0.221,0.000,0.067,261,257,0.012,0.775,0.917,1.000,0.924,0.000,0.225,0.043,0.039,272.000,270.000,0.008,0.768,0.894,0.997,0.923,0.008,0.224,0.044,0.062,273.000,261.000,0.013,0.788,0.900,0.998,0.937,0.000,0.212,0.065,0.035
277,212,207,0.012,0.779,0.933,1.000,0.962,0.000,0.221,0.000,0.067,261,257,0.012,0.775,0.917,1.000,0.924,0.000,0.225,0.043,0.039,272.000,270.000,0.008,0.768,0.894,0.997,0.923,0.008,0.224,0.044,0.062,273.000,261.000,0.013,0.788,0.900,0.998,0.937,0.000,0.212,0.065,0.035
278,212,207,0.012,0.779,0.933,1.000,0.962,0.000,0.221,0.000,0.067,261,257,0.012,0.775,0.917,1.000,0.924,0.000,0.225,0.043,0.039,272.000,270.000,0.008,0.768,0.894,0.997,0.923,0.008,0.224,0.044,0.062,273.000,261.000,0.013,0.788,0.900,0.998,0.937,0.000,0.212,0.065,0.035
279,212,207,0.012,0.779,0.933,1.000,0.962,0.000,0.221,0.000,0.067,261,257,0.012,0.775,0.917,1.000,0.924,0.000,0.225,0.043,0.039,272.000,270.000,0.008,0.768,0.894,0.997,0.923,0.008,0.224,0.044,0.062,273.000,261.000,0.013,0.788,0.900,0.998,0.937,0.000,0.212,0.065,0.035
280,212,207,0.012,0.779,0.933,1.000,0.962,0.000,0.221,0.000,0.067,261,257,0.012,0.775,0.917,1.000,0.924,0.000,0.225,0.043,0.039,272.000,270.000,0.008,0.768,0.894,0.997,0.923,0.008,0.224,0.044,0.062,273.000,261.000,0.013,0.788,0.900,0.998,0.937,0.000,0.212,0.065,0.035
281,212,207,0.012,0.779,0.933,1.000,0.962,0.000,0.221,0.000,0.067,261,257,0.012,0.775,0.917,1.000,0.924,0.000,0.225,0.043,0.039,272.000,270.000,0.008,0.768,0.894,0.997,0.923,0.008,0.224,0.044,0.062,273.000,261.000,0.013,0.788,0.900,0.998,0.937,0.000,0.212,0.065,0.035
282,212,207,0.012,0.779,0.933,1.000,0.962,0.000,0.221,0.000,0.067,261,257,0.012,0.775,0.917,1.000,0.924,0.000,0.225,0.043,0.039,272.000,270.000,0.008,0.768,0.894,0.997,0.923,0.008,0.224,0.044,0.062,273.000,261.000,0.013,0.788,0.900,0.998,0.937,0.000,0.212,0.065,0.035
283,212,207,0.012,0.779,0.933,1.000,0.962,0.000,0.221,0.000,0.067,261,257,0.012,0.775,0.917,1.000,0.924,0.000,0.225,0.043,0.039,278.000,261.000,0.013,0.771,0.932,1.000,0.920,0.009,0.221,0.039,0.029,280.000,272.000,0.011,0.779,0.893,1.000,0.921,0.007,0.214,0.051,0.056
284,212,207,0.012,0.779,0.933,1.000,0.962,0.000,0.221,0.000,0.067,261,257,0.012,0.775,0.917,1.000,0.924,0.000,0.225,0.043,0.039,278.000,261.000,0.013,0.771,0.932,1.000,0.920,0.009,0.221,0.039,0.029,280.000,272.000,0.011,0.779,0.893,1.000,0.921,0.007,0.214,0.051,0.056
285,212,207,0.012,0.779,0.933,1.000,0.962,0.000,0.221,0.000,0.067,261,257,0.012,0.775,0.917,1.000,0.924,0.000,0.225,0.043,0.039,278.000,261.000,0.013,0.771,0.932,1.000,0.920,0.009,0.221,0.039,0.029,280.000,272.000,0.011,0.779,0.893,1.000,0.921,0.007,0.214,0.051,0.056
286,212,207,0.012,0.779,0.933,1.000,0.962,0.000,0.221,0.000,0.067,261,257,0.012,0.775,0.917,1.000,0.924,0.000,0.225,0.043,0.039,278.000,261.000,0.013,0.771,0.932,1.000,0.920,0.009,0.221,0.039,0.029,280.000,272.000,0.011,0.779,0.893,1.000,0.921,0.007,0.214,0.051,0.056
287,212,207,0.012,0.779,0.933,1.000,0.962,0.000,0.221,0.000,0.067,261,257,0.012,0.775,0.917,1.000,0.924,0.000,0.225,0.043,0.039,278.000,261.000,0.013,0.771,0.932,1.000,0.920,0.009,0.221,0.039,0.029,280.000,272.000,0.011,0.779,0.893,1.000,0.921,0.007,0.214,0.051,0.056
288,212,207,0.012,0.779,0.933,1.000,0.962,0.000,0.221,0.000,0.067,261,257,0.012,0.775,0.917,1.000,0.924,0.000,0.225,0.043,0.039,278.000,261.000,0.013,0.771,0.932,1.000,0.920,0.009,0.221,0.039,0.029,280.000,272.000,0.011,0.779,0.893,1.000,0.921,0.007,0.214,0.051,0.056
289,212,207,0.012,0.779,0.933,1.000,0.962,0.000,0.221,0.000,0.067,261,257,0.012,0.775,0.917,1.000,0.924,0.000,0.225,0.043,0.039,278.000,261.000,0.013,0.771,0.932,1.000,0.920,0.009,0.221,0.039,0.029,280.000,272.000,0.011,0.779,0.893,1.000,0.921,0.007,0.214,0.051,0.056
290,212,207,0.012,0.779,0.933,1.000,0.962,0.000,0.221,0.000,0.067,261,257,0.012,0.775,0.917,1.000,0.924,0.000,0.225,0.043,0.039,278.000,261.000,0.013,0.771,0.932,1.000,0.920,0.009,0.221,0.039,0.029,280.000,272.000,0.011,0.779,0.893,1.000,0.921,0.007,0.214,0.051,0.056
291,212,207,0.012,0.779,0.933,1.000,0.962,0.000,0.221,0.000,0.067,261,257,0.012,0.775,0.917,1.000,0.924,0.000,0.225,0.043,0.039,278.000,261.000,0.013,0.771,0.932,1.000,0.920,0.009,0.221,0.039,0.029,280.000,272.000,0.011,0.779,0.893,1.000,0.921,0.007,0.214,0.051,0.056
292,212,207,0.012,0.779,0.933,1.000,0.962,0.000,0.221,0.000,0.067,261,257,0.012,0.775,0.917,1.000,0.924,0.000,0.225,0.043,0.039,278.000,261.000,0.013,0.771,0.932,1.000,0.920,0.009,0.221,0.039,0.029,280.000,272.000,0.011,0.779,0.893,1.000,0.921,0.007,0.214,0.051,0.056
293,212,207,0.012,0.779,0.933,1.000,0.962,0.000,0.221,0.000,0.067,261,257,0.012,0.775,0.917,1.000,0.924,0.000,0.225,0.043,0.039,278.000,261.000,0.013,0.771,0.932,1.000,0.920,0.009,0.221,0.039,0.029,280.000,272.000,0.011,0.779,0.893,1.000,0.921,0.007,0.214,0.051,0.056
294,212,207,0.012,0.779,0.933,1.000,0.962,0.000,0.221,0.000,0.067,261,257,0.012,0.775,0.917,1.000,0.924,0.000,0.225,0.043,0.039,278.000,261.000,0.013,0.771,0.932,1.000,0.920,0.009,0.221,0.039,0.029,280.000,272.000,0.011,0.779,0.893,1.000,0.921,0.007,0.214,0.051,0.056
295,212,207,0.012,0.779,0.933,1.000,0.962,0.000,0.221,0.000,0.067,261,257,0.012,0.775,0.917,1.000,0.924,0.000,0.225,0.043,0.039,278.000,261.000,0.013,0.771,0.932,1.000,0.920,0.009,0.221,0.039,0.029,280.000,272.000,0.011,0.779,0.893,1.000,0.921,0.007,0.214,0.051,0.056
296,212,207,0.012,0.779,0.933,1.000,0.962,0.000,0.221,0.000,0.067,261,257,0.012,0.775,0.917,1.000,0.924,0.000,0.225,0.043,0.039,278.000,261.000,0.013,0.771,0.932,1.000,0.920,0.009,0.221,0.039,0.029,288.000,212.000,0.007,0.780,0.952,1.000,0.968,0.000,0.220,0.001,0.047
297,212,207,0.012,0.779,0.933,1.000,0.962,0.000,0.221,0.000,0.067,261,257,0.012,0.775,0.917,1.000,0.924,0.000,0.225,0.043,0.039,278.000,261.000,0.013,0.771,0.932,1.000,0.920,0.009,0.221,0.039,0.029,288.000,212.000,0.007,0.780,0.952,1.000,0.968,0.000,0.220,0.001,0.047
298,212,207,0.012,0.779,0.933,1.000,0.962,0.000,0.221,0.000,0.067,261,257,0.012,0.775,0.917,1.000,0.924,0.000,0.225,0.043,0.039,278.000,261.000,0.013,0.771,0.932,1.000,0.920,0.009,0.221,0.039,0.029,288.000,212.000,0.007,0.780,0.952,1.000,0.968,0.000,0.220,0.001,0.047
299,261,257,0.012,0.775,0.917,1.000,0.924,0.000,0.225,0.043,0.039,278,261,0.013,0.771,0.932,1.000,0.920,0.009,0.221,0.039,0.029,288.000,212.000,0.007,0.780,0.952,1.000,0.968,0.000,0.220,0.001,0.047,292.000,212.000,0.009,0.779,0.933,0.996,0.972,0.000,0.221,0.000,0.067
300,261,257,0.012,0.775,0.917,1.000,0.924,0.000,0.225,0.043,0.039,278,261,0.013,0.771,0.932,1.000,0.920,0.009,0.221,0.039,0.029,288.000,212.000,0.007,0.780,0.952,1.000,0.968,0.000,0.220,0.001,0.047,292.000,212.000,0.009,0.779,0.933,0.996,0.972,0.000,0.221,0.000,0.067
301,261,257,0.012,0.775,0.917,1.000,0.924,0.000,0.225,0.043,0.039,278,261,0.013,0.771,0.932,1.000,0.920,0.009,0.221,0.039,0.029,288.000,212.000,0.007,0.780,0.952,1.000,0.968,0.000,0.220,0.001,0.047,292.000,212.000,0.009,0.779,0.933,0.996,0.972,0.000,0.221,0.000,0.067
302,261,257,0.012,0.775,0.917,1.000,0.924,0.000,0.225,0.043,0.039,278,261,0.013,0.771,0.932,1.000,0.920,0.009,0.221,0.039,0.029,288.000,212.000,0.007,0.780,0.952,1.000,0.968,0.000,0.220,0.001,0.047,292.000,212.000,0.009,0.779,0.933,0.996,0.972,0.000,0.221,0.000,0.067
303,261,257,0.012,0.775,0.917,1.000,0.924,0.000,0.225,0.043,0.039,278,261,0.013,0.771,0.932,1.000,0.920,0.009,0.221,0.039,0.029,288.000,212.000,0.007,0.780,0.952,1.000,0.968,0.000,0.220,0.001,0.047,298.000,212.000,0.012,0.775,0.955,1.000,0.966,0.010,0.215,0.000,0.045
304,261,257,0.012,0.775,0.917,1.000,0.924,0.000,0.225,0.043,0.039,302,261,0.011,0.766,0.917,1.000,0.936,0.000,0.234,0.046,0.037,,,,,,,,,,,,,,,,,,,,,,
305,261,257,0.012,0.775,0.917,1.000,0.924,0.000,0.225,0.043,0.039,302,261,0.011,0.766,0.917,1.000,0.936,0.000,0.234,0.046,0.037,306.000,261.000,0.020,0.765,0.919,0.996,0.927,0.002,0.233,0.046,0.035,,,,,,,,,,,
306,261,257,0.012,0.775,0.917,1.000,0.924,0.000,0.225,0.043,0.039,302,261,0.011,0.766,0.917,1.000,0.936,0.000,0.234,0.046,0.037,306.000,261.000,0.020,0.765,0.919,0.996,0.927,0.002,0.233,0.046,0.035,307.000,261.000,0.007,0.779,0.905,1.000,0.930,0.004,0.218,0.045,0.050
307,261,257,0.012,0.775,0.917,1.000,0.924,0.000,0.225,0.043,0.039,302,261,0.011,0.766,0.917,1.000,0.936,0.000,0.234,0.046,0.037,306.000,261.000,0.020,0.765,0.919,0.996,0.927,0.002,0.233,0.046,0.035,307.000,261.000,0.007,0.779,0.905,1.000,0.930,0.004,0.218,0.045,0.050
308,261,257,0.012,0.775,0.917,1.000,0.924,0.000,0.225,0.043,0.039,302,261,0.011,0.766,0.917,1.000,0.936,0.000,0.234,0.046,0.037,306.000,261.000,0.020,0.765,0.919,0.996,0.927,0.002,0.233,0.046,0.035,307.000,261.000,0.007,0.779,0.905,1.000,0.930,0.004,0.218,0.045,0.050
309,261,257,0.012,0.775,0.917,1.000,0.924,0.000,0.225,0.043,0.039,302,261,0.011,0.766,0.917,1.000,0.936,0.000,0.234,0.046,0.037,307.000,261.000,0.007,0.779,0.905,1.000,0.930,0.004,0.218,0.045,0.050,308.000,261.000,0.014,0.769,0.924,1.000,0.915,0.000,0.231,0.036,0.040
310,261,257,0.012,0.775,0.917,1.000,0.924,0.000,0.225,0.043,0.039,302,261,0.011,0.766,0.917,1.000,0.936,0.000,0.234,0.046,0.037,308.000,261.000,0.014,0.769,0.924,1.000,0.915,0.000,0.231,0.036,0.040,309.000,261.000,0.012,0.776,0.903,0.997,0.931,0.000,0.224,0.049,0.048
311,261,257,0.012,0.775,0.917,1.000,0.924,0.000,0.225,0.043,0.039,302,261,0.011,0.766,0.917,1.000,0.936,0.000,0.234,0.046,0.037,308.000,261.000,0.014,0.769,0.924,1.000,0.915,0.000,0.231,0.036,0.040,309.000,261.000,0.012,0.776,0.903,0.997,0.931,0.000,0.224,0.049,0.048
312,261,257,0.012,0.775,0.917,1.000,0.924,0.000,0.225,0.043,0.039,302,261,0.011,0.766,0.917,1.000,0.936,0.000,0.234,0.046,0.037,308.000,261.000,0.014,0.769,0.924,1.000,0.915,0.000,0.231,0.036,0.040,309.000,261.000,0.012,0.776,0.903,0.997,0.931,0.000,0.224,0.049,0.048
313,261,257,0.012,0.775,0.917,1.000,0.924,0.000,0.225,0.043,0.039,302,261,0.011,0.766,0.917,1.000,0.936,0.000,0.234,0.046,0.037,308.000,261.000,0.014,0.769,0.924,1.000,0.915,0.000,0.231,0.036,0.040,309.000,261.000,0.012,0.776,0.903,0.997,0.931,0.000,0.224,0.049,0.048
314,261,257,0.012,0.775,0.917,1.000,0.924,0.000,0.225,0.043,0.039,302,261,0.011,0.766,0.917,1.000,0.936,0.000,0.234,0.046,0.037,308.000,261.000,0.014,0.769,0.924,1.000,0.915,0.000,0.231,0.036,0.040,311.000,261.000,0.008,0.769,0.901,1.000,0.928,0.000,0.231,0.039,0.060
315,261,257,0.012,0.775,0.917,1.000,0.924,0.000,0.225,0.043,0.039,302,261,0.011,0.766,0.917,1.000,0.936,0.000,0.234,0.046,0.037,308.000,261.000,0.014,0.769,0.924,1.000,0.915,0.000,0.231,0.036,0.040,311.000,261.000,0.008,0.769,0.901,1.000,0.928,0.000,0.231,0.039,0.060
316,261,257,0.012,0.775,0.917,1.000,0.924,0.000,0.225,0.043,0.039,302,261,0.011,0.766,0.917,1.000,0.936,0.000,0.234,0.046,0.037,308.000,261.000,0.014,0.769,0.924,1.000,0.915,0.000,0.231,0.036,0.040,311.000,261.000,0.008,0.769,0.901,1.000,0.928,0.000,0.231,0.039,0.060
317,261,257,0.012,0.775,0.917,1.000,0.924,0.000,0.225,0.043,0.039,302,261,0.011,0.766,0.917,1.000,0.936,0.000,0.234,0.046,0.037,308.000,261.000,0.014,0.769,0.924,1.000,0.915,0.000,0.231,0.036,0.040,311.000,261.000,0.008,0.769,0.901,1.000,0.928,0.000,0.231,0.039,0.060
318,261,257,0.012,0.775,0.917,1.000,0.924,0.000,0.225,0.043,0.039,302,261,0.011,0.766,0.917,1.000,0.936,0.000,0.234,0.046,0.037,308.000,261.000,0.014,0.769,0.924,1.000,0.915,0.000,0.231,0.036,0.040,311.000,261.000,0.008,0.769,0.901,1.000,0.928,0.000,0.231,0.039,0.060
319,261,257,0.012,0.775,0.917,1.000,0.924,0.000,0.225,0.043,0.039,302,261,0.011,0.766,0.917,1.000,0.936,0.000,0.234,0.046,0.037,308.000,261.000,0.014,0.769,0.924,1.000,0.915,0.000,0.231,0.036,0.040,311.000,261.000,0.008,0.769,0.901,1.000,0.928,0.000,0.231,0.039,0.060
320,261,257,0.012,0.775,0.917,1.000,0.924,0.000,0.225,0.043,0.039,302,261,0.011,0.766,0.917,1.000,0.936,0.000,0.234,0.046,0.037,308.000,261.000,0.014,0.769,0.924,1.000,0.915,0.000,0.231,0.036,0.040,311.000,261.000,0.008,0.769,0.901,1.000,0.928,0.000,0.231,0.039,0.060
321,261,257,0.012,0.775,0.917,1.000,0.924,0.000,0.225,0.043,0.039,302,261,0.011,0.766,0.917,1.000,0.936,0.000,0.234,0.046,0.037,308.000,261.000,0.014,0.769,0.924,1.000,0.915,0.000,0.231,0.036,0.040,311.000,261.000,0.008,0.769,0.901,1.000,0.928,0.000,0.231,0.039,0.060
322,261,257,0.012,0.775,0.917,1.000,0.924,0.000,0.225,0.043,0.039,302,261,0.011,0.766,0.917,1.000,0.936,0.000,0.234,0.046,0.037,308.000,261.000,0.014,0.769,0.924,1.000,0.915,0.000,0.231,0.036,0.040,311.000,261.000,0.008,0.769,0.901,1.000,0.928,0.000,0.231,0.039,0.060
323,302,261,0.011,0.766,0.917,1.000,0.936,0.000,0.234,0.046,0.037,308,261,0.014,0.769,0.924,1.000,0.915,0.000,0.231,0.036,0.040,311.000,261.000,0.008,0.769,0.901,1.000,0.928,0.000,0.231,0.039,0.060,314.000,308.000,0.008,0.780,0.923,1.000,0.906,0.000,0.220,0.033,0.043
324,302,261,0.011,0.766,0.917,1.000,0.936,0.000,0.234,0.046,0.037,308,261,0.014,0.769,0.924,1.000,0.915,0.000,0.231,0.036,0.040,311.000,261.000,0.008,0.769,0.901,1.000,0.928,0.000,0.231,0.039,0.060,314.000,308.000,0.008,0.780,0.923,1.000,0.906,0.000,0.220,0.033,0.043
325,302,261,0.011,0.766,0.917,1.000,0.936,0.000,0.234,0.046,0.037,308,261,0.014,0.769,0.924,1.000,0.915,0.000,0.231,0.036,0.040,311.000,261.000,0.008,0.769,0.901,1.000,0.928,0.000,0.231,0.039,0.060,314.000,308.000,0.008,0.780,0.923,1.000,0.906,0.000,0.220,0.033,0.043
326,302,261,0.011,0.766,0.917,1.000,0.936,0.000,0.234,0.046,0.037,308,261,0.014,0.769,0.924,1.000,0.915,0.000,0.231,0.036,0.040,311.000,261.000,0.008,0.769,0.901,1.000,0.928,0.000,0.231,0.039,0.060,314.000,308.000,0.008,0.780,0.923,1.000,0.906,0.000,0.220,0.033,0.043
327,302,261,0.011,0.766,0.917,1.000,0.936,0.000,0.234,0.046,0.037,308,261,0.014,0.769,0.924,1.000,0.915,0.000,0.231,0.036,0.040,311.000,261.000,0.008,0.769,0.901,1.000,0.928,0.000,0.231,0.039,0.060,315.000,311.000,0.011,0.771,0.907,1.000,0.929,0.000,0.229,0.038,0.056
328,302,261,0.011,0.766,0.917,1.000,0.936,0.000,0.234,0.046,0.037,308,261,0.014,0.769,0.924,1.000,0.915,0.000,0.231,0.036,0.040,311.000,261.000,0.008,0.769,0.901,1.000,0.928,0.000,0.231,0.039,0.060,315.000,311.000,0.011,0.771,0.907,1.000,0.929,0.000,0.229,0.038,0.056
329,302,261,0.011,0.766,0.917,1.000,0.936,0.000,0.234,0.046,0.037,308,261,0.014,0.769,0.924,1.000,0.915,0.000,0.231,0.036,0.040,311.000,261.000,0.008,0.769,0.901,1.000,0.928,0.000,0.231,0.039,0.060,315.000,311.000,0.011,0.771,0.907,1.000,0.929,0.000,0.229,0.038,0.056
330,302,261,0.011,0.766,0.917,1.000,0.936,0.000,0.234,0.046,0.037,308,261,0.014,0.769,0.924,1.000,0.915,0.000,0.231,0.036,0.040,311.000,261.000,0.008,0.769,0.901,1.000,0.928,0.000,0.231,0.039,0.060,315.000,311.000,0.011,0.771,0.907,1.000,0.929,0.000,0.229,0.038,0.056
331,302,261,0.011,0.766,0.917,1.000,0.936,0.000,0.234,0.046,0.037,308,261,0.014,0.769,0.924,1.000,0.915,0.000,0.231,0.036,0.040,311.000,261.000,0.008,0.769,0.901,1.000,0.928,0.000,0.231,0.039,0.060,315.000,311.000,0.011,0.771,0.907,1.000,0.929,0.000,0.229,0.038,0.056
332,302,261,0.011,0.766,0.917,1.000,0.936,0.000,0.234,0.046,0.037,308,261,0.014,0.769,0.924,1.000,0.915,0.000,0.231,0.036,0.040,311.000,261.000,0.008,0.769,0.901,1.000,0.928,0.000,0.231,0.039,0.060,315.000,311.000,0.011,0.771,0.907,1.000,0.929,0.000,0.229,0.038,0.056
333,302,261,0.011,0.766,0.917,1.000,0.936,0.000,0.234,0.046,0.037,308,261,0.014,0.769,0.924,1.000,0.915,0.000,0.231,0.036,0.040,311.000,261.000,0.008,0.769,0.901,1.000,0.928,0.000,0.231,0.039,0.060,315.000,311.000,0.011,0.771,0.907,1.000,0.929,0.000,0.229,0.038,0.056
334,302,261,0.011,0.766,0.917,1.000,0.936,0.000,0.234,0.046,0.037,308,261,0.014,0.769,0.924,1.000,0.915,0.000,0.231,0.036,0.040,311.000,261.000,0.008,0.769,0.901,1.000,0.928,0.000,0.231,0.039,0.060,315.000,311.000,0.011,0.771,0.907,1.000,0.929,0.000,0.229,0.038,0.056
335,302,261,0.011,0.766,0.917,1.000,0.936,0.000,0.234,0.046,0.037,308,261,0.014,0.769,0.924,1.000,0.915,0.000,0.231,0.036,0.040,311.000,261.000,0.008,0.769,0.901,1.000,0.928,0.000,0.231,0.039,0.060,315.000,311.000,0.011,0.771,0.907,1.000,0.929,0.000,0.229,0.038,0.056
336,302,261,0.011,0.766,0.917,1.000,0.936,0.000,0.234,0.046,0.037,311,261,0.008,0.769,0.901,1.000,0.928,0.000,0.231,0.039,0.060,315.000,311.000,0.011,0.771,0.907,1.000,0.929,0.000,0.229,0.038,0.056,318.000,302.000,0.013,0.764,0.914,0.999,0.940,0.000,0.236,0.044,0.042
337,302,261,0.011,0.766,0.917,1.000,0.936,0.000,0.234,0.046,0.037,311,261,0.008,0.769,0.901,1.000,0.928,0.000,0.231,0.039,0.060,315.000,311.000,0.011,0.771,0.907,1.000,0.929,0.000,0.229,0.038,0.056,318.000,302.000,0.013,0.764,0.914,0.999,0.940,0.000,0.236,0.044,0.042
338,302,261,0.011,0.766,0.917,1.000,0.936,0.000,0.234,0.046,0.037,311,261,0.008,0.769,0.901,1.000,0.928,0.000,0.231,0.039,0.060,315.000,311.000,0.011,0.771,0.907,1.000,0.929,0.000,0.229,0.038,0.056,318.000,302.000,0.013,0.764,0.914,0.999,0.940,0.000,0.236,0.044,0.042
339,302,261,0.011,0.766,0.917,1.000,0.936,0.000,0.234,0.046,0.037,311,261,0.008,0.769,0.901,1.000,0.928,0.000,0.231,0.039,0.060,315.000,311.000,0.011,0.771,0.907,1.000,0.929,0.000,0.229,0.038,0.056,318.000,302.000,0.013,0.764,0.914,0.999,0.940,0.000,0.236,0.044,0.042
340,302,261,0.011,0.766,0.917,1.000,0.936,0.000,0.234,0.046,0.037,325,320,0.011,0.758,0.917,1.000,0.940,0.006,0.237,0.016,0.067,338.000,302.000,0.012,0.757,0.923,0.999,0.934,0.000,0.243,0.053,0.024,340.000,330.000,0.010,0.764,0.944,1.000,0.931,0.000,0.236,0.019,0.037
341,302,261,0.011,0.766,0.917,1.000,0.936,0.000,0.234,0.046,0.037,338,302,0.012,0.757,0.923,0.999,0.934,0.000,0.243,0.053,0.024,340.000,330.000,0.010,0.764,0.944,1.000,0.931,0.000,0.236,0.019,0.037,,,,,,,,,,,
342,338,302,0.012,0.757,0.923,0.999,0.934,0.000,0.243,0.053,0.024,340,330,0.010,0.764,0.944,1.000,0.931,0.000,0.236,0.019,0.037,,,,,,,,,,,,,,,,,,,,,,
343,338,302,0.012,0.757,0.923,0.999,0.934,0.000,0.243,0.053,0.024,344,338,0.015,0.739,0.900,1.000,0.923,0.005,0.256,0.067,0.033,,,,,,,,,,,,,,,,,,,,,,
344,338,302,0.012,0.757,0.923,0.999,0.934,0.000,0.243,0.053,0.024,344,338,0.015,0.739,0.900,1.000,0.923,0.005,0.256,0.067,0.033,345.000,338.000,0.010,0.766,0.925,0.975,0.935,0.000,0.234,0.049,0.025,,,,,,,,,,,
345,338,302,0.012,0.757,0.923,0.999,0.934,0.000,0.243,0.053,0.024,344,338,0.015,0.739,0.900,1.000,0.923,0.005,0.256,0.067,0.033,345.000,338.000,0.010,0.766,0.925,0.975,0.935,0.000,0.234,0.049,0.025,346.000,345.000,0.009,0.771,0.929,0.967,0.922,0.000,0.229,0.054,0.017
346,338,302,0.012,0.757,0.923,0.999,0.934,0.000,0.243,0.053,0.024,344,338,0.015,0.739,0.900,1.000,0.923,0.005,0.256,0.067,0.033,347.000,344.000,0.021,0.726,0.900,0.993,0.934,0.012,0.262,0.067,0.033,,,,,,,,,,,
347,338,302,0.012,0.757,0.923,0.999,0.934,0.000,0.243,0.053,0.024,344,338,0.015,0.739,0.900,1.000,0.923,0.005,0.256,0.067,0.033,347.000,344.000,0.021,0.726,0.900,0.993,0.934,0.012,0.262,0.067,0.033,348.000,338.000,0.015,0.746,0.950,0.987,0.926,0.000,0.254,0.037,0.013
348,338,302,0.012,0.757,0.923,0.999,0.934,0.000,0.243,0.053,0.024,344,338,0.015,0.739,0.900,1.000,0.923,0.005,0.256,0.067,0.033,347.000,344.000,0.021,0.726,0.900,0.993,0.934,0.012,0.262,0.067,0.033,348.000,338.000,0.015,0.746,0.950,0.987,0.926,0.000,0.254,0.037,0.013
349,338,302,0.012,0.757,0.923,0.999,0.934,0.000,0.243,0.053,0.024,344,338,0.015,0.739,0.900,1.000,0.923,0.005,0.256,0.067,0.033,349.000,338.000,0.014,0.759,0.919,1.000,0.940,0.000,0.241,0.052,0.029,350.000,349.000,0.006,0.756,0.888,0.998,0.938,0.000,0.244,0.079,0.033
350,338,302,0.012,0.757,0.923,0.999,0.934,0.000,0.243,0.053,0.024,344,338,0.015,0.739,0.900,1.000,0.923,0.005,0.256,0.067,0.033,349.000,338.000,0.014,0.759,0.919,1.000,0.940,0.000,0.241,0.052,0.029,350.000,349.000,0.006,0.756,0.888,0.998,0.938,0.000,0.244,0.079,0.033
351,338,302,0.012,0.757,0.923,0.999,0.934,0.000,0.243,0.053,0.024,344,338,0.015,0.739,0.900,1.000,0.923,0.005,0.256,0.067,0.033,349.000,338.000,0.014,0.759,0.919,1.000,0.940,0.000,0.241,0.052,0.029,350.000,349.000,0.006,0.756,0.888,0.998,0.938,0.000,0.244,0.079,0.033
352,338,302,0.012,0.757,0.923,0.999,0.934,0.000,0.243,0.053,0.024,344,338,0.015,0.739,0.900,1.000,0.923,0.005,0.256,0.067,0.033,349.000,338.000,0.014,0.759,0.919,1.000,0.940,0.000,0.241,0.052,0.029,350.000,349.000,0.006,0.756,0.888,0.998,0.938,0.000,0.244,0.079,0.033
353,338,302,0.012,0.757,0.923,0.999,0.934,0.000,0.243,0.053,0.024,344,338,0.015,0.739,0.900,1.000,0.923,0.005,0.256,0.067,0.033,349.000,338.000,0.014,0.759,0.919,1.000,0.940,0.000,0.241,0.052,0.029,350.000,349.000,0.006,0.756,0.888,0.998,0.938,0.000,0.244,0.079,0.033
354,353,351,0.014,0.713,0.860,1.000,0.932,0.006,0.281,0.092,0.048,354,351,0.013,0.733,0.871,1.000,0.943,0.000,0.267,0.092,0.037,,,,,,,,,,,,,,,,,,,,,,
355,353,351,0.014,0.713,0.860,1.000,0.932,0.006,0.281,0.092,0.048,356,353,0.014,0.710,0.856,1.000,0.923,0.000,0.290,0.092,0.052,,,,,,,,,,,,,,,,,,,,,,
356,353,351,0.014,0.713,0.860,1.000,0.932,0.006,0.281,0.092,0.048,356,353,0.014,0.710,0.856,1.000,0.923,0.000,0.290,0.092,0.052,357.000,356.000,0.013,0.711,0.880,0.997,0.930,0.000,0.289,0.086,0.034,,,,,,,,,,,
357,353,351,0.014,0.713,0.860,1.000,0.932,0.006,0.281,0.092,0.048,356,353,0.014,0.710,0.856,1.000,0.923,0.000,0.290,0.092,0.052,357.000,356.000,0.013,0.711,0.880,0.997,0.930,0.000,0.289,0.086,0.034,358.000,356.000,0.019,0.708,0.859,1.000,0.925,0.008,0.284,0.083,0.058
358,353,351,0.014,0.713,0.860,1.000,0.932,0.006,0.281,0.092,0.048,356,353,0.014,0.710,0.856,1.000,0.923,0.000,0.290,0.092,0.052,357.000,356.000,0.013,0.711,0.880,0.997,0.930,0.000,0.289,0.086,0.034,358.000,356.000,0.019,0.708,0.859,1.000,0.925,0.008,0.284,0.083,0.058
359,353,351,0.014,0.713,0.860,1.000,0.932,0.006,0.281,0.092,0.048,356,353,0.014,0.710,0.856,1.000,0.923,0.000,0.290,0.092,0.052,357.000,356.000,0.013,0.711,0.880,0.997,0.930,0.000,0.289,0.086,0.034,358.000,356.000,0.019,0.708,0.859,1.000,0.925,0.008,0.284,0.083,0.058
360,353,351,0.014,0.713,0.860,1.000,0.932,0.006,0.281,0.092,0.048,356,353,0.014,0.710,0.856,1.000,0.923,0.000,0.290,0.092,0.052,357.000,356.000,0.013,0.711,0.880,0.997,0.930,0.000,0.289,0.086,0.034,358.000,356.000,0.019,0.708,0.859,1.000,0.925,0.008,0.284,0.083,0.058
361,353,351,0.014,0.713,0.860,1.000,0.932,0.006,0.281,0.092,0.048,356,353,0.014,0.710,0.856,1.000,0.923,0.000,0.290,0.092,0.052,357.000,356.000,0.013,0.711,0.880,0.997,0.930,0.000,0.289,0.086,0.034,358.000,356.000,0.019,0.708,0.859,1.000,0.925,0.008,0.284,0.083,0.058
362,353,351,0.014,0.713,0.860,1.000,0.932,0.006,0.281,0.092,0.048,356,353,0.014,0.710,0.856,1.000,0.923,0.000,0.290,0.092,0.052,357.000,356.000,0.013,0.711,0.880,0.997,0.930,0.000,0.289,0.086,0.034,362.000,356.000,0.007,0.723,0.854,1.000,0.926,0.000,0.277,0.098,0.048
363,353,351,0.014,0.713,0.860,1.000,0.932,0.006,0.281,0.092,0.048,356,353,0.014,0.710,0.856,1.000,0.923,0.000,0.290,0.092,0.052,363.000,357.000,0.010,0.700,0.889,1.000,0.930,0.007,0.292,0.084,0.027,,,,,,,,,,,
364,356,353,0.014,0.710,0.856,1.000,0.923,0.000,0.290,0.092,0.052,363,357,0.010,0.700,0.889,1.000,0.930,0.007,0.292,0.084,0.027,,,,,,,,,,,,,,,,,,,,,,
365,356,353,0.014,0.710,0.856,1.000,0.923,0.000,0.290,0.092,0.052,363,357,0.010,0.700,0.889,1.000,0.930,0.007,0.292,0.084,0.027,366.000,356.000,0.006,0.709,0.847,1.000,0.916,0.000,0.291,0.098,0.055,,,,,,,,,,,
366,356,353,0.014,0.710,0.856,1.000,0.923,0.000,0.290,0.092,0.052,363,357,0.010,0.700,0.889,1.000,0.930,0.007,0.292,0.084,0.027,366.000,356.000,0.006,0.709,0.847,1.000,0.916,0.000,0.291,0.098,0.055,,,,,,,,,,,
367,356,353,0.014,0.710,0.856,1.000,0.923,0.000,0.290,0.092,0.052,363,357,0.010,0.700,0.889,1.000,0.930,0.007,0.292,0.084,0.027,,,,,,,,,,,,,,,,,,,,,,
368,356,353,0.014,0.710,0.856,1.000,0.923,0.000,0.290,0.092,0.052,363,357,0.010,0.700,0.889,1.000,0.930,0.007,0.292,0.084,0.027,369.000,363.000,0.006,0.717,0.888,0.985,0.922,0.003,0.280,0.089,0.023,,,,,,,,,,,
369,356,353,0.014,0.710,0.856,1.000,0.923,0.000,0.290,0.092,0.052,363,357,0.010,0.700,0.889,1.000,0.930,0.007,0.292,0.084,0.027,370.000,369.000,0.007,0.713,0.878,1.000,0.937,0.006,0.281,0.102,0.020,,,,,,,,,,,
370,356,353,0.014,0.710,0.856,1.000,0.923,0.000,0.290,0.092,0.052,363,357,0.010,0.700,0.889,1.000,0.930,0.007,0.292,0.084,0.027,370.000,369.000,0.007,0.713,0.878,1.000,0.937,0.006,0.281,0.102,0.020,371.000,363.000,0.014,0.706,0.883,0.981,0.947,0.004,0.290,0.091,0.025
371,356,353,0.014,0.710,0.856,1.000,0.923,0.000,0.290,0.092,0.052,363,357,0.010,0.700,0.889,1.000,0.930,0.007,0.292,0.084,0.027,370.000,369.000,0.007,0.713,0.878,1.000,0.937,0.006,0.281,0.102,0.020,371.000,363.000,0.014,0.706,0.883,0.981,0.947,0.004,0.290,0.091,0.025
372,356,353,0.014,0.710,0.856,1.000,0.923,0.000,0.290,0.092,0.052,363,357,0.010,0.700,0.889,1.000,0.930,0.007,0.292,0.084,0.027,370.000,369.000,0.007,0.713,0.878,1.000,0.937,0.006,0.281,0.102,0.020,371.000,363.000,0.014,0.706,0.883,0.981,0.947,0.004,0.290,0.091,0.025
373,356,353,0.014,0.710,0.856,1.000,0.923,0.000,0.290,0.092,0.052,363,357,0.010,0.700,0.889,1.000,0.930,0.007,0.292,0.084,0.027,370.000,369.000,0.007,0.713,0.878,1.000,0.937,0.006,0.281,0.102,0.020,372.000,371.000,0.011,0.687,0.884,0.989,0.949,0.025,0.288,0.102,0.014
374,356,353,0.014,0.710,0.856,1.000,0.923,0.000,0.290,0.092,0.052,363,357,0.010,0.700,0.889,1.000,0.930,0.007,0.292,0.084,0.027,375.000,370.000,0.009,0.715,0.880,1.000,0.957,0.000,0.285,0.095,0.025,,,,,,,,,,,
375,356,353,0.014,0.710,0.856,1.000,0.923,0.000,0.290,0.092,0.052,363,357,0.010,0.700,0.889,1.000,0.930,0.007,0.292,0.084,0.027,375.000,370.000,0.009,0.715,0.880,1.000,0.957,0.000,0.285,0.095,0.025,376.000,363.000,0.005,0.685,0.887,1.000,0.925,0.010,0.306,0.081,0.031
376,356,353,0.014,0.710,0.856,1.000,0.923,0.000,0.290,0.092,0.052,363,357,0.010,0.700,0.889,1.000,0.930,0.007,0.292,0.084,0.027,375.000,370.000,0.009,0.715,0.880,1.000,0.957,0.000,0.285,0.095,0.025,376.000,363.000,0.005,0.685,0.887,1.000,0.925,0.010,0.306,0.081,0.031
377,356,353,0.014,0.710,0.856,1.000,0.923,0.000,0.290,0.092,0.052,363,357,0.010,0.700,0.889,1.000,0.930,0.007,0.292,0.084,0.027,375.000,370.000,0.009,0.715,0.880,1.000,0.957,0.000,0.285,0.095,0.025,376.000,363.000,0.005,0.685,0.887,1.000,0.925,0.010,0.306,0.081,0.031
378,356,353,0.014,0.710,0.856,1.000,0.923,0.000,0.290,0.092,0.052,363,357,0.010,0.700,0.889,1.000,0.930,0.007,0.292,0.084,0.027,375.000,370.000,0.009,0.715,0.880,1.000,0.957,0.000,0.285,0.095,0.025,376.000,363.000,0.005,0.685,0.887,1.000,0.925,0.010,0.306,0.081,0.031
379,356,353,0.014,0.710,0.856,1.000,0.923,0.000,0.290,0.092,0.052,363,357,0.010,0.700,0.889,1.000,0.930,0.007,0.292,0.084,0.027,375.000,370.000,0.009,0.715,0.880,1.000,0.957,0.000,0.285,0.095,0.025,376.000,363.000,0.005,0.685,0.887,1.000,0.925,0.010,0.306,0.081,0.031
380,356,353,0.014,0.710,0.856,1.000,0.923,0.000,0.290,0.092,0.052,363,357,0.010,0.700,0.889,1.000,0.930,0.007,0.292,0.084,0.027,375.000,370.000,0.009,0.715,0.880,1.000,0.957,0.000,0.285,0.095,0.025,376.000,363.000,0.005,0.685,0.887,1.000,0.925,0.010,0.306,0.081,0.031
381,356,353,0.014,0.710,0.856,1.000,0.923,0.000,0.290,0.092,0.052,363,357,0.010,0.700,0.889,1.000,0.930,0.007,0.292,0.084,0.027,375.000,370.000,0.009,0.715,0.880,1.000,0.957,0.000,0.285,0.095,0.025,376.000,363.000,0.005,0.685,0.887,1.000,0.925,0.010,0.306,0.081,0.031
382,356,353,0.014,0.710,0.856,1.000,0.923,0.000,0.290,0.092,0.052,383,363,0.011,0.700,0.887,1.000,0.933,0.002,0.298,0.094,0.019,,,,,,,,,,,,,,,,,,,,,,
383,356,353,0.014,0.710,0.856,1.000,0.923,0.000,0.290,0.092,0.052,383,363,0.011,0.700,0.887,1.000,0.933,0.002,0.298,0.094,0.019,384.000,356.000,0.012,0.716,0.872,0.997,0.919,0.002,0.281,0.081,0.047,,,,,,,,,,,
384,356,353,0.014,0.710,0.856,1.000,0.923,0.000,0.290,0.092,0.052,383,363,0.011,0.700,0.887,1.000,0.933,0.002,0.298,0.094,0.019,384.000,356.000,0.012,0.716,0.872,0.997,0.919,0.002,0.281,0.081,0.047,385.000,356.000,0.005,0.700,0.843,1.000,0.912,0.003,0.297,0.098,0.059
385,356,353,0.014,0.710,0.856,1.000,0.923,0.000,0.290,0.092,0.052,383,363,0.011,0.700,0.887,1.000,0.933,0.002,0.298,0.094,0.019,385.000,356.000,0.005,0.700,0.843,1.000,0.912,0.003,0.297,0.098,0.059,386.000,356.000,0.023,0.715,0.886,1.000,0.909,0.000,0.285,0.080,0.033
386,356,353,0.014,0.710,0.856,1.000,0.923,0.000,0.290,0.092,0.052,383,363,0.011,0.700,0.887,1.000,0.933,0.002,0.298,0.094,0.019,385.000,356.000,0.005,0.700,0.843,1.000,0.912,0.003,0.297,0.098,0.059,386.000,356.000,0.023,0.715,0.886,1.000,0.909,0.000,0.285,0.080,0.033
387,356,353,0.014,0.710,0.856,1.000,0.923,0.000,0.290,0.092,0.052,383,363,0.011,0.700,0.887,1.000,0.933,0.002,0.298,0.094,0.019,385.000,356.000,0.005,0.700,0.843,1.000,0.912,0.003,0.297,0.098,0.059,386.000,356.000,0.023,0.715,0.886,1.000,0.909,0.000,0.285,0.080,0.033
388,356,353,0.014,0.710,0.856,1.000,0.923,0.000,0.290,0.092,0.052,383,363,0.011,0.700,0.887,1.000,0.933,0.002,0.298,0.094,0.019,385.000,356.000,0.005,0.700,0.843,1.000,0.912,0.003,0.297,0.098,0.059,389.000,386.000,0.023,0.718,0.880,0.999,0.902,0.000,0.282,0.067,0.053
389,356,353,0.014,0.710,0.856,1.000,0.923,0.000,0.290,0.092,0.052,383,363,0.011,0.700,0.887,1.000,0.933,0.002,0.298,0.094,0.019,385.000,356.000,0.005,0.700,0.843,1.000,0.912,0.003,0.297,0.098,0.059,389.000,386.000,0.023,0.718,0.880,0.999,0.902,0.000,0.282,0.067,0.053
390,356,353,0.014,0.710,0.856,1.000,0.923,0.000,0.290,0.092,0.052,383,363,0.011,0.700,0.887,1.000,0.933,0.002,0.298,0.094,0.019,385.000,356.000,0.005,0.700,0.843,1.000,0.912,0.003,0.297,0.098,0.059,389.000,386.000,0.023,0.718,0.880,0.999,0.902,0.000,0.282,0.067,0.053
391,356,353,0.014,0.710,0.856,1.000,0.923,0.000,0.290,0.092,0.052,383,363,0.011,0.700,0.887,1.000,0.933,0.002,0.298,0.094,0.019,385.000,356.000,0.005,0.700,0.843,1.000,0.912,0.003,0.297,0.098,0.059,389.000,386.000,0.023,0.718,0.880,0.999,0.902,0.000,0.282,0.067,0.053
392,356,353,0.014,0.710,0.856,1.000,0.923,0.000,0.290,0.092,0.052,383,363,0.011,0.700,0.887,1.000,0.933,0.002,0.298,0.094,0.019,385.000,356.000,0.005,0.700,0.843,1.000,0.912,0.003,0.297,0.098,0.059,391.000,385.000,0.004,0.709,0.836,1.000,0.915,0.000,0.291,0.101,0.064
393,356,353,0.014,0.710,0.856,1.000,0.923,0.000,0.290,0.092,0.052,383,363,0.011,0.700,0.887,1.000,0.933,0.002,0.298,0.094,0.019,385.000,356.000,0.005,0.700,0.843,1.000,0.912,0.003,0.297,0.098,0.059,391.000,385.000,0.004,0.709,0.836,1.000,0.915,0.000,0.291,0.101,0.064
394,356,353,0.014,0.710,0.856,1.000,0.923,0.000,0.290,0.092,0.052,383,363,0.011,0.700,0.887,1.000,0.933,0.002,0.298,0.094,0.019,385.000,356.000,0.005,0.700,0.843,1.000,0.912,0.003,0.297,0.098,0.059,391.000,385.000,0.004,0.709,0.836,1.000,0.915,0.000,0.291,0.101,0.064
395,356,353,0.014,0.710,0.856,1.000,0.923,0.000,0.290,0.092,0.052,383,363,0.011,0.700,0.887,1.000,0.933,0.002,0.298,0.094,0.019,385.000,356.000,0.005,0.700,0.843,1.000,0.912,0.003,0.297,0.098,0.059,391.000,385.000,0.004,0.709,0.836,1.000,0.915,0.000,0.291,0.101,0.064
396,356,353,0.014,0.710,0.856,1.000,0.923,0.000,0.290,0.092,0.052,383,363,0.011,0.700,0.887,1.000,0.933,0.002,0.298,0.094,0.019,385.000,356.000,0.005,0.700,0.843,1.000,0.912,0.003,0.297,0.098,0.059,391.000,385.000,0.004,0.709,0.836,1.000,0.915,0.000,0.291,0.101,0.064
397,356,353,0.014,0.710,0.856,1.000,0.923,0.000,0.290,0.092,0.052,383,363,0.011,0.700,0.887,1.000,0.933,0.002,0.298,0.094,0.019,385.000,356.000,0.005,0.700,0.843,1.000,0.912,0.003,0.297,0.098,0.059,391.000,385.000,0.004,0.709,0.836,1.000,0.915,0.000,0.291,0.101,0.064
398,356,353,0.014,0.710,0.856,1.000,0.923,0.000,0.290,0.092,0.052,383,363,0.011,0.700,0.887,1.000,0.933,0.002,0.298,0.094,0.019,385.000,356.000,0.005,0.700,0.843,1.000,0.912,0.003,0.297,0.098,0.059,391.000,385.000,0.004,0.709,0.836,1.000,0.915,0.000,0.291,0.101,0.064
399,356,353,0.014,0.710,0.856,1.000,0.923,0.000,0.290,0.092,0.052,383,363,0.011,0.700,0.887,1.000,0.933,0.002,0.298,0.094,0.019,385.000,356.000,0.005,0.700,0.843,1.000,0.912,0.003,0.297,0.098,0.059,391.000,385.000,0.004,0.709,0.836,1.000,0.915,0.000,0.291,0.101,0.064
400,356,353,0.014,0.710,0.856,1.000,0.923,0.000,0.290,0.092,0.052,383,363,0.011,0.700,0.887,1.000,0.933,0.002,0.298,0.094,0.019,391.000,385.000,0.004,0.709,0.836,1.000,0.915,0.000,0.291,0.101,0.064,392.000,391.000,0.006,0.690,0.821,1.000,0.929,0.009,0.301,0.090,0.088
401,356,353,0.014,0.710,0.856,1.000,0.923,0.000,0.290,0.092,0.052,383,363,0.011,0.700,0.887,1.000,0.933,0.002,0.298,0.094,0.019,392.000,391.000,0.006,0.690,0.821,1.000,0.929,0.009,0.301,0.090,0.088,395.000,392.000,0.012,0.700,0.822,1.000,0.929,0.014,0.287,0.084,0.094
402,356,353,0.014,0.710,0.856,1.000,0.923,0.000,0.290,0.092,0.052,383,363,0.011,0.700,0.887,1.000,0.933,0.002,0.298,0.094,0.019,392.000,391.000,0.006,0.690,0.821,1.000,0.929,0.009,0.301,0.090,0.088,395.000,392.000,0.012,0.700,0.822,1.000,0.929,0.014,0.287,0.084,0.094
403,356,353,0.014,0.710,0.856,1.000,0.923,0.000,0.290,0.092,0.052,383,363,0.011,0.700,0.887,1.000,0.933,0.002,0.298,0.094,0.019,392.000,391.000,0.006,0.690,0.821,1.000,0.929,0.009,0.301,0.090,0.088,395.000,392.000,0.012,0.700,0.822,1.000,0.929,0.014,0.287,0.084,0.094
404,383,363,0.011,0.700,0.887,1.000,0.933,0.002,0.298,0.094,0.019,399,396,0.010,0.703,0.874,0.998,0.932,0.000,0.297,0.049,0.077,405.000,392.000,0.000,0.683,0.811,1.000,0.933,0.001,0.317,0.103,0.085,,,,,,,,,,,
405,383,363,0.011,0.700,0.887,1.000,0.933,0.002,0.298,0.094,0.019,399,396,0.010,0.703,0.874,0.998,0.932,0.000,0.297,0.049,0.077,405.000,392.000,0.000,0.683,0.811,1.000,0.933,0.001,0.317,0.103,0.085,406.000,405.000,0.004,0.672,0.809,0.993,0.929,0.000,0.328,0.105,0.087
406,383,363,0.011,0.700,0.887,1.000,0.933,0.002,0.298,0.094,0.019,399,396,0.010,0.703,0.874,0.998,0.932,0.000,0.297,0.049,0.077,405.000,392.000,0.000,0.683,0.811,1.000,0.933,0.001,0.317,0.103,0.085,406.000,405.000,0.004,0.672,0.809,0.993,0.929,0.000,0.328,0.105,0.087
407,383,363,0.011,0.700,0.887,1.000,0.933,0.002,0.298,0.094,0.019,408,406,0.005,0.668,0.819,0.999,0.923,0.001,0.331,0.095,0.086,,,,,,,,,,,,,,,,,,,,,,
408,383,363,0.011,0.700,0.887,1.000,0.933,0.002,0.298,0.094,0.019,408,406,0.005,0.668,0.819,0.999,0.923,0.001,0.331,0.095,0.086,409.000,383.000,0.005,0.705,0.912,0.987,0.929,0.000,0.295,0.076,0.012,,,,,,,,,,,
409,383,363,0.011,0.700,0.887,1.000,0.933,0.002,0.298,0.094,0.019,408,406,0.005,0.668,0.819,0.999,0.923,0.001,0.331,0.095,0.086,,,,,,,,,,,,,,,,,,,,,,
410,383,363,0.011,0.700,0.887,1.000,0.933,0.002,0.298,0.094,0.019,408,406,0.005,0.668,0.819,0.999,0.923,0.001,0.331,0.095,0.086,411.000,383.000,0.015,0.702,0.882,1.000,0.947,0.006,0.292,0.096,0.022,,,,,,,,,,,
411,383,363,0.011,0.700,0.887,1.000,0.933,0.002,0.298,0.094,0.019,408,406,0.005,0.668,0.819,0.999,0.923,0.001,0.331,0.095,0.086,411.000,383.000,0.015,0.702,0.882,1.000,0.947,0.006,0.292,0.096,0.022,412.000,411.000,0.008,0.696,0.890,0.996,0.968,0.009,0.294,0.104,0.006
412,383,363,0.011,0.700,0.887,1.000,0.933,0.002,0.298,0.094,0.019,408,406,0.005,0.668,0.819,0.999,0.923,0.001,0.331,0.095,0.086,,,,,,,,,,,,,,,,,,,,,,
413,383,363,0.011,0.700,0.887,1.000,0.933,0.002,0.298,0.094,0.019,408,406,0.005,0.668,0.819,0.999,0.923,0.001,0.331,0.095,0.086,414.000,383.000,0.012,0.704,0.907,1.000,0.928,0.000,0.296,0.071,0.022,,,,,,,,,,,
414,383,363,0.011,0.700,0.887,1.000,0.933,0.002,0.298,0.094,0.019,408,406,0.005,0.668,0.819,0.999,0.923,0.001,0.331,0.095,0.086,414.000,383.000,0.012,0.704,0.907,1.000,0.928,0.000,0.296,0.071,0.022,415.000,383.000,0.000,0.697,0.879,1.000,0.925,0.010,0.292,0.096,0.025
415,383,363,0.011,0.700,0.887,1.000,0.933,0.002,0.298,0.094,0.019,408,406,0.005,0.668,0.819,0.999,0.923,0.001,0.331,0.095,0.086,414.000,383.000,0.012,0.704,0.907,1.000,0.928,0.000,0.296,0.071,0.022,415.000,383.000,0.000,0.697,0.879,1.000,0.925,0.010,0.292,0.096,0.025
416,383,363,0.011,0.700,0.887,1.000,0.933,0.002,0.298,0.094,0.019,408,406,0.005,0.668,0.819,0.999,0.923,0.001,0.331,0.095,0.086,414.000,383.000,0.012,0.704,0.907,1.000,0.928,0.000,0.296,0.071,0.022,415.000,383.000,0.000,0.697,0.879,1.000,0.925,0.010,0.292,0.096,0.025
417,383,363,0.011,0.700,0.887,1.000,0.933,0.002,0.298,0.094,0.019,408,406,0.005,0.668,0.819,0.999,0.923,0.001,0.331,0.095,0.086,414.000,383.000,0.012,0.704,0.907,1.000,0.928,0.000,0.296,0.071,0.022,417.000,414.000,0.002,0.705,0.879,1.000,0.924,0.000,0.295,0.080,0.041
418,383,363,0.011,0.700,0.887,1.000,0.933,0.002,0.298,0.094,0.019,408,406,0.005,0.668,0.819,0.999,0.923,0.001,0.331,0.095,0.086,414.000,383.000,0.012,0.704,0.907,1.000,0.928,0.000,0.296,0.071,0.022,417.000,414.000,0.002,0.705,0.879,1.000,0.924,0.000,0.295,0.080,0.041
419,383,363,0.011,0.700,0.887,1.000,0.933,0.002,0.298,0.094,0.019,408,406,0.005,0.668,0.819,0.999,0.923,0.001,0.331,0.095,0.086,414.000,383.000,0.012,0.704,0.907,1.000,0.928,0.000,0.296,0.071,0.022,417.000,414.000,0.002,0.705,0.879,1.000,0.924,0.000,0.295,0.080,0.041
420,383,363,0.011,0.700,0.887,1.000,0.933,0.002,0.298,0.094,0.019,408,406,0.005,0.668,0.819,0.999,0.923,0.001,0.331,0.095,0.086,414.000,383.000,0.012,0.704,0.907,1.000,0.928,0.000,0.296,0.071,0.022,,,,,,,,,,,
421,383,363,0.011,0.700,0.887,1.000,0.933,0.002,0.298,0.094,0.019,408,406,0.005,0.668,0.819,0.999,0.923,0.001,0.331,0.095,0.086,414.000,383.000,0.012,0.704,0.907,1.000,0.928,0.000,0.296,0.071,0.022,422.000,408.000,0.008,0.662,0.822,1.000,0.923,0.000,0.338,0.098,0.080
422,383,363,0.011,0.700,0.887,1.000,0.933,0.002,0.298,0.094,0.019,408,406,0.005,0.668,0.819,0.999,0.923,0.001,0.331,0.095,0.086,414.000,383.000,0.012,0.704,0.907,1.000,0.928,0.000,0.296,0.071,0.022,422.000,408.000,0.008,0.662,0.822,1.000,0.923,0.000,0.338,0.098,0.080
423,383,363,0.011,0.700,0.887,1.000,0.933,0.002,0.298,0.094,0.019,408,406,0.005,0.668,0.819,0.999,0.923,0.001,0.331,0.095,0.086,414.000,383.000,0.012,0.704,0.907,1.000,0.928,0.000,0.296,0.071,0.022,422.000,408.000,0.008,0.662,0.822,1.000,0.923,0.000,0.338,0.098,0.080
424,383,363,0.011,0.700,0.887,1.000,0.933,0.002,0.298,0.094,0.019,422,408,0.008,0.662,0.822,1.000,0.923,0.000,0.338,0.098,0.080,,,,,,,,,,,,,,,,,,,,,,
425,383,363,0.011,0.700,0.887,1.000,0.933,0.002,0.298,0.094,0.019,422,408,0.008,0.662,0.822,1.000,0.923,0.000,0.338,0.098,0.080,426.000,422.000,0.007,0.659,0.832,1.000,0.905,0.002,0.340,0.089,0.078,,,,,,,,,,,
426,383,363,0.011,0.700,0.887,1.000,0.933,0.002,0.298,0.094,0.019,422,408,0.008,0.662,0.822,1.000,0.923,0.000,0.338,0.098,0.080,426.000,422.000,0.007,0.659,0.832,1.000,0.905,0.002,0.340,0.089,0.078,427.000,422.000,0.010,0.645,0.834,0.996,0.928,0.000,0.355,0.095,0.071
427,383,363,0.011,0.700,0.887,1.000,0.933,0.002,0.298,0.094,0.019,422,408,0.008,0.662,0.822,1.000,0.923,0.000,0.338,0.098,0.080,426.000,422.000,0.007,0.659,0.832,1.000,0.905,0.002,0.340,0.089,0.078,427.000,422.000,0.010,0.645,0.834,0.996,0.928,0.000,0.355,0.095,0.071
428,383,363,0.011,0.700,0.887,1.000,0.933,0.002,0.298,0.094,0.019,422,408,0.008,0.662,0.822,1.000,0.923,0.000,0.338,0.098,0.080,426.000,422.000,0.007,0.659,0.832,1.000,0.905,0.002,0.340,0.089,0.078,427.000,422.000,0.010,0.645,0.834,0.996,0.928,0.000,0.355,0.095,0.071
429,383,363,0.011,0.700,0.887,1.000,0.933,0.002,0.298,0.094,0.019,422,408,0.008,0.662,0.822,1.000,0.923,0.000,0.338,0.098,0.080,426.000,422.000,0.007,0.659,0.832,1.000,0.905,0.002,0.340,0.089,0.078,427.000,422.000,0.010,0.645,0.834,0.996,0.928,0.000,0.355,0.095,0.071
430,383,363,0.011,0.700,0.887,1.000,0.933,0.002,0.298,0.094,0.019,422,408,0.008,0.662,0.822,1.000,0.923,0.000,0.338,0.098,0.080,426.000,422.000,0.007,0.659,0.832,1.000,0.905,0.002,0.340,0.089,0.078,427.000,422.000,0.010,0.645,0.834,0.996,0.928,0.000,0.355,0.095,0.071
431,422,408,0.008,0.662,0.822,1.000,0.923,0.000,0.338,0.098,0.080,426,422,0.007,0.659,0.832,1.000,0.905,0.002,0.340,0.089,0.078,428.000,427.000,0.010,0.642,0.835,0.999,0.934,0.000,0.358,0.093,0.073,432.000,427.000,0.013,0.653,0.825,1.000,0.931,0.006,0.341,0.103,0.072
432,422,408,0.008,0.662,0.822,1.000,0.923,0.000,0.338,0.098,0.080,426,422,0.007,0.659,0.832,1.000,0.905,0.002,0.340,0.089,0.078,428.000,427.000,0.010,0.642,0.835,0.999,0.934,0.000,0.358,0.093,0.073,432.000,427.000,0.013,0.653,0.825,1.000,0.931,0.006,0.341,0.103,0.072
433,422,408,0.008,0.662,0.822,1.000,0.923,0.000,0.338,0.098,0.080,426,422,0.007,0.659,0.832,1.000,0.905,0.002,0.340,0.089,0.078,428.000,427.000,0.010,0.642,0.835,0.999,0.934,0.000,0.358,0.093,0.073,432.000,427.000,0.013,0.653,0.825,1.000,0.931,0.006,0.341,0.103,0.072
434,422,408,0.008,0.662,0.822,1.000,0.923,0.000,0.338,0.098,0.080,426,422,0.007,0.659,0.832,1.000,0.905,0.002,0.340,0.089,0.078,428.000,427.000,0.010,0.642,0.835,0.999,0.934,0.000,0.358,0.093,0.073,432.000,427.000,0.013,0.653,0.825,1.000,0.931,0.006,0.341,0.103,0.072
435,422,408,0.008,0.662,0.822,1.000,0.923,0.000,0.338,0.098,0.080,426,422,0.007,0.659,0.832,1.000,0.905,0.002,0.340,0.089,0.078,428.000,427.000,0.010,0.642,0.835,0.999,0.934,0.000,0.358,0.093,0.073,432.000,427.000,0.013,0.653,0.825,1.000,0.931,0.006,0.341,0.103,0.072
436,422,408,0.008,0.662,0.822,1.000,0.923,0.000,0.338,0.098,0.080,426,422,0.007,0.659,0.832,1.000,0.905,0.002,0.340,0.089,0.078,428.000,427.000,0.010,0.642,0.835,0.999,0.934,0.000,0.358,0.093,0.073,433.000,422.000,0.015,0.659,0.822,0.999,0.918,0.000,0.341,0.103,0.075
437,422,408,0.008,0.662,0.822,1.000,0.923,0.000,0.338,0.098,0.080,426,422,0.007,0.659,0.832,1.000,0.905,0.002,0.340,0.089,0.078,428.000,427.000,0.010,0.642,0.835,0.999,0.934,0.000,0.358,0.093,0.073,433.000,422.000,0.015,0.659,0.822,0.999,0.918,0.000,0.341,0.103,0.075
438,422,408,0.008,0.662,0.822,1.000,0.923,0.000,0.338,0.098,0.080,426,422,0.007,0.659,0.832,1.000,0.905,0.002,0.340,0.089,0.078,428.000,427.000,0.010,0.642,0.835,0.999,0.934,0.000,0.358,0.093,0.073,433.000,422.000,0.015,0.659,0.822,0.999,0.918,0.000,0.341,0.103,0.075
439,422,408,0.008,0.662,0.822,1.000,0.923,0.000,0.338,0.098,0.080,426,422,0.007,0.659,0.832,1.000,0.905,0.002,0.340,0.089,0.078,428.000,427.000,0.010,0.642,0.835,0.999,0.934,0.000,0.358,0.093,0.073,434.000,428.000,0.011,0.649,0.825,0.999,0.936,0.000,0.351,0.098,0.077
440,422,408,0.008,0.662,0.822,1.000,0.923,0.000,0.338,0.098,0.080,426,422,0.007,0.659,0.832,1.000,0.905,0.002,0.340,0.089,0.078,428.000,427.000,0.010,0.642,0.835,0.999,0.934,0.000,0.358,0.093,0.073,434.000,428.000,0.011,0.649,0.825,0.999,0.936,0.000,0.351,0.098,0.077
441,422,408,0.008,0.662,0.822,1.000,0.923,0.000,0.338,0.098,0.080,426,422,0.007,0.659,0.832,1.000,0.905,0.002,0.340,0.089,0.078,428.000,427.000,0.010,0.642,0.835,0.999,0.934,0.000,0.358,0.093,0.073,434.000,428.000,0.011,0.649,0.825,0.999,0.936,0.000,0.351,0.098,0.077
442,422,408,0.008,0.662,0.822,1.000,0.923,0.000,0.338,0.098,0.080,426,422,0.007,0.659,0.832,1.000,0.905,0.002,0.340,0.089,0.078,428.000,427.000,0.010,0.642,0.835,0.999,0.934,0.000,0.358,0.093,0.073,434.000,428.000,0.011,0.649,0.825,0.999,0.936,0.000,0.351,0.098,0.077
443,422,408,0.008,0.662,0.822,1.000,0.923,0.000,0.338,0.098,0.080,426,422,0.007,0.659,0.832,1.000,0.905,0.002,0.340,0.089,0.078,428.000,427.000,0.010,0.642,0.835,0.999,0.934,0.000,0.358,0.093,0.073,434.000,428.000,0.011,0.649,0.825,0.999,0.936,0.000,0.351,0.098,0.077
444,422,408,0.008,0.662,0.822,1.000,0.923,0.000,0.338,0.098,0.080,426,422,0.007,0.659,0.832,1.000,0.905,0.002,0.340,0.089,0.078,428.000,427.000,0.010,0.642,0.835,0.999,0.934,0.000,0.358,0.093,0.073,434.000,428.000,0.011,0.649,0.825,0.999,0.936,0.000,0.351,0.098,0.077
445,422,408,0.008,0.662,0.822,1.000,0.923,0.000,0.338,0.098,0.080,426,422,0.007,0.659,0.832,1.000,0.905,0.002,0.340,0.089,0.078,428.000,427.000,0.010,0.642,0.835,0.999,0.934,0.000,0.358,0.093,0.073,434.000,428.000,0.011,0.649,0.825,0.999,0.936,0.000,0.351,0.098,0.077
446,422,408,0.008,0.662,0.822,1.000,0.923,0.000,0.338,0.098,0.080,426,422,0.007,0.659,0.832,1.000,0.905,0.002,0.340,0.089,0.078,428.000,427.000,0.010,0.642,0.835,0.999,0.934,0.000,0.358,0.093,0.073,434.000,428.000,0.011,0.649,0.825,0.999,0.936,0.000,0.351,0.098,0.077
447,422,408,0.008,0.662,0.822,1.000,0.923,0.000,0.338,0.098,0.080,426,422,0.007,0.659,0.832,1.000,0.905,0.002,0.340,0.089,0.078,428.000,427.000,0.010,0.642,0.835,0.999,0.934,0.000,0.358,0.093,0.073,434.000,428.000,0.011,0.649,0.825,0.999,0.936,0.000,0.351,0.098,0.077
448,422,408,0.008,0.662,0.822,1.000,0.923,0.000,0.338,0.098,0.080,426,422,0.007,0.659,0.832,1.000,0.905,0.002,0.340,0.089,0.078,428.000,427.000,0.010,0.642,0.835,0.999,0.934,0.000,0.358,0.093,0.073,434.000,428.000,0.011,0.649,0.825,0.999,0.936,0.000,0.351,0.098,0.077
449,422,408,0.008,0.662,0.822,1.000,0.923,0.000,0.338,0.098,0.080,426,422,0.007,0.659,0.832,1.000,0.905,0.002,0.340,0.089,0.078,428.000,427.000,0.010,0.642,0.835,0.999,0.934,0.000,0.358,0.093,0.073,434.000,428.000,0.011,0.649,0.825,0.999,0.936,0.000,0.351,0.098,0.077
450,422,408,0.008,0.662,0.822,1.000,0.923,0.000,0.338,0.098,0.080,426,422,0.007,0.659,0.832,1.000,0.905,0.002,0.340,0.089,0.078,428.000,427.000,0.010,0.642,0.835,0.999,0.934,0.000,0.358,0.093,0.073,434.000,428.000,0.011,0.649,0.825,0.999,0.936,0.000,0.351,0.098,0.077
451,422,408,0.008,0.662,0.822,1.000,0.923,0.000,0.338,0.098,0.080,426,422,0.007,0.659,0.832,1.000,0.905,0.002,0.340,0.089,0.078,428.000,427.000,0.010,0.642,0.835,0.999,0.934,0.000,0.358,0.093,0.073,434.000,428.000,0.011,0.649,0.825,0.999,0.936,0.000,0.351,0.098,0.077
452,422,408,0.008,0.662,0.822,1.000,0.923,0.000,0.338,0.098,0.080,426,422,0.007,0.659,0.832,1.000,0.905,0.002,0.340,0.089,0.078,428.000,427.000,0.010,0.642,0.835,0.999,0.934,0.000,0.358,0.093,0.073,436.000,434.000,0.013,0.649,0.805,1.000,0.928,0.007,0.344,0.114,0.081
453,422,408,0.008,0.662,0.822,1.000,0.923,0.000,0.338,0.098,0.080,426,422,0.007,0.659,0.832,1.000,0.905,0.002,0.340,0.089,0.078,428.000,427.000,0.010,0.642,0.835,0.999,0.934,0.000,0.358,0.093,0.073,436.000,434.000,0.013,0.649,0.805,1.000,0.928,0.007,0.344,0.114,0.081
454,422,408,0.008,0.662,0.822,1.000,0.923,0.000,0.338,0.098,0.080,426,422,0.007,0.659,0.832,1.000,0.905,0.002,0.340,0.089,0.078,428.000,427.000,0.010,0.642,0.835,0.999,0.934,0.000,0.358,0.093,0.073,436.000,434.000,0.013,0.649,0.805,1.000,0.928,0.007,0.344,0.114,0.081
455,422,408,0.008,0.662,0.822,1.000,0.923,0.000,0.338,0.098,0.080,426,422,0.007,0.659,0.832,1.000,0.905,0.002,0.340,0.089,0.078,428.000,427.000,0.010,0.642,0.835,0.999,0.934,0.000,0.358,0.093,0.073,436.000,434.000,0.013,0.649,0.805,1.000,0.928,0.007,0.344,0.114,0.081
456,422,408,0.008,0.662,0.822,1.000,0.923,0.000,0.338,0.098,0.080,443,434,0.007,0.651,0.821,1.000,0.950,0.000,0.349,0.107,0.072,454.000,428.000,0.009,0.638,0.811,1.000,0.936,0.000,0.362,0.100,0.089,456.000,426.000,0.012,0.667,0.825,1.000,0.901,0.000,0.333,0.093,0.081
457,422,408,0.008,0.662,0.822,1.000,0.923,0.000,0.338,0.098,0.080,454,428,0.009,0.638,0.811,1.000,0.936,0.000,0.362,0.100,0.089,458.000,454.000,0.012,0.633,0.795,1.000,0.926,0.000,0.367,0.115,0.089,,,,,,,,,,,
458,422,408,0.008,0.662,0.822,1.000,0.923,0.000,0.338,0.098,0.080,454,428,0.009,0.638,0.811,1.000,0.936,0.000,0.362,0.100,0.089,458.000,454.000,0.012,0.633,0.795,1.000,0.926,0.000,0.367,0.115,0.089,,,,,,,,,,,
459,454,428,0.009,0.638,0.811,1.000,0.936,0.000,0.362,0.100,0.089,458,454,0.012,0.633,0.795,1.000,0.926,0.000,0.367,0.115,0.089,,,,,,,,,,,,,,,,,,,,,,
460,454,428,0.009,0.638,0.811,1.000,0.936,0.000,0.362,0.100,0.089,458,454,0.012,0.633,0.795,1.000,0.926,0.000,0.367,0.115,0.089,461.000,458.000,0.019,0.628,0.783,1.000,0.938,0.000,0.372,0.126,0.091,,,,,,,,,,,
461,454,428,0.009,0.638,0.811,1.000,0.936,0.000,0.362,0.100,0.089,458,454,0.012,0.633,0.795,1.000,0.926,0.000,0.367,0.115,0.089,461.000,458.000,0.019,0.628,0.783,1.000,0.938,0.000,0.372,0.126,0.091,462.000,454.000,0.008,0.643,0.826,1.000,0.916,0.000,0.357,0.093,0.081
462,454,428,0.009,0.638,0.811,1.000,0.936,0.000,0.362,0.100,0.089,458,454,0.012,0.633,0.795,1.000,0.926,0.000,0.367,0.115,0.089,461.000,458.000,0.019,0.628,0.783,1.000,0.938,0.000,0.372,0.126,0.091,462.000,454.000,0.008,0.643,0.826,1.000,0.916,0.000,0.357,0.093,0.081
463,454,428,0.009,0.638,0.811,1.000,0.936,0.000,0.362,0.100,0.089,458,454,0.012,0.633,0.795,1.000,0.926,0.000,0.367,0.115,0.089,461.000,458.000,0.019,0.628,0.783,1.000,0.938,0.000,0.372,0.126,0.091,462.000,454.000,0.008,0.643,0.826,1.000,0.916,0.000,0.357,0.093,0.081
464,454,428,0.009,0.638,0.811,1.000,0.936,0.000,0.362,0.100,0.089,458,454,0.012,0.633,0.795,1.000,0.926,0.000,0.367,0.115,0.089,462.000,454.000,0.008,0.643,0.826,1.000,0.916,0.000,0.357,0.093,0.081,463.000,461.000,0.011,0.633,0.787,1.000,0.933,0.000,0.367,0.130,0.083
465,454,428,0.009,0.638,0.811,1.000,0.936,0.000,0.362,0.100,0.089,458,454,0.012,0.633,0.795,1.000,0.926,0.000,0.367,0.115,0.089,462.000,454.000,0.008,0.643,0.826,1.000,0.916,0.000,0.357,0.093,0.081,463.000,461.000,0.011,0.633,0.787,1.000,0.933,0.000,0.367,0.130,0.083
466,454,428,0.009,0.638,0.811,1.000,0.936,0.000,0.362,0.100,0.089,458,454,0.012,0.633,0.795,1.000,0.926,0.000,0.367,0.115,0.089,462.000,454.000,0.008,0.643,0.826,1.000,0.916,0.000,0.357,0.093,0.081,463.000,461.000,0.011,0.633,0.787,1.000,0.933,0.000,0.367,0.130,0.083
467,454,428,0.009,0.638,0.811,1.000,0.936,0.000,0.362,0.100,0.089,458,454,0.012,0.633,0.795,1.000,0.926,0.000,0.367,0.115,0.089,462.000,454.000,0.008,0.643,0.826,1.000,0.916,0.000,0.357,0.093,0.081,463.000,461.000,0.011,0.633,0.787,1.000,0.933,0.000,0.367,0.130,0.083
468,454,428,0.009,0.638,0.811,1.000,0.936,0.000,0.362,0.100,0.089,458,454,0.012,0.633,0.795,1.000,0.926,0.000,0.367,0.115,0.089,463.000,461.000,0.011,0.633,0.787,1.000,0.933,0.000,0.367,0.130,0.083,,,,,,,,,,,
469,454,428,0.009,0.638,0.811,1.000,0.936,0.000,0.362,0.100,0.089,458,454,0.012,0.633,0.795,1.000,0.926,0.000,0.367,0.115,0.089,463.000,461.000,0.011,0.633,0.787,1.000,0.933,0.000,0.367,0.130,0.083,,,,,,,,,,,
470,454,428,0.009,0.638,0.811,1.000,0.936,0.000,0.362,0.100,0.089,458,454,0.012,0.633,0.795,1.000,0.926,0.000,0.367,0.115,0.089,463.000,461.000,0.011,0.633,0.787,1.000,0.933,0.000,0.367,0.130,0.083,,,,,,,,,,,
471,454,428,0.009,0.638,0.811,1.000,0.936,0.000,0.362,0.100,0.089,458,454,0.012,0.633,0.795,1.000,0.926,0.000,0.367,0.115,0.089,463.000,461.000,0.011,0.633,0.787,1.000,0.933,0.000,0.367,0.130,0.083,,,,,,,,,,,
472,454,428,0.009,0.638,0.811,1.000,0.936,0.000,0.362,0.100,0.089,458,454,0.012,0.633,0.795,1.000,0.926,0.000,0.367,0.115,0.089,463.000,461.000,0.011,0.633,0.787,1.000,0.933,0.000,0.367,0.130,0.083,,,,,,,,,,,
473,454,428,0.009,0.638,0.811,1.000,0.936,0.000,0.362,0.100,0.089,458,454,0.012,0.633,0.795,1.000,0.926,0.000,0.367,0.115,0.089,463.000,461.000,0.011,0.633,0.787,1.000,0.933,0.000,0.367,0.130,0.083,,,,,,,,,,,
474,454,428,0.009,0.638,0.811,1.000,0.936,0.000,0.362,0.100,0.089,458,454,0.012,0.633,0.795,1.000,0.926,0.000,0.367,0.115,0.089,463.000,461.000,0.011,0.633,0.787,1.000,0.933,0.000,0.367,0.130,0.083,,,,,,,,,,,
475,458,454,0.012,0.633,0.795,1.000,0.926,0.000,0.367,0.115,0.089,463,461,0.011,0.633,0.787,1.000,0.933,0.000,0.367,0.130,0.083,,,,,,,,,,,,,,,,,,,,,,
476,458,454,0.012,0.633,0.795,1.000,0.926,0.000,0.367,0.115,0.089,463,461,0.011,0.633,0.787,1.000,0.933,0.000,0.367,0.130,0.083,,,,,,,,,,,,,,,,,,,,,,
477,458,454,0.012,0.633,0.795,1.000,0.926,0.000,0.367,0.115,0.089,463,461,0.011,0.633,0.787,1.000,0.933,0.000,0.367,0.130,0.083,478.000,458.000,0.010,0.637,0.801,1.000,0.938,0.000,0.363,0.116,0.083,,,,,,,,,,,
478,458,454,0.012,0.633,0.795,1.000,0.926,0.000,0.367,0.115,0.089,463,461,0.011,0.633,0.787,1.000,0.933,0.000,0.367,0.130,0.083,478.000,458.000,0.010,0.637,0.801,1.000,0.938,0.000,0.363,0.116,0.083,,,,,,,,,,,
479,458,454,0.012,0.633,0.795,1.000,0.926,0.000,0.367,0.115,0.089,463,461,0.011,0.633,0.787,1.000,0.933,0.000,0.367,0.130,0.083,478.000,458.000,0.010,0.637,0.801,1.000,0.938,0.000,0.363,0.116,0.083,,,,,,,,,,,
480,458,454,0.012,0.633,0.795,1.000,0.926,0.000,0.367,0.115,0.089,463,461,0.011,0.633,0.787,1.000,0.933,0.000,0.367,0.130,0.083,478.000,458.000,0.010,0.637,0.801,1.000,0.938,0.000,0.363,0.116,0.083,,,,,,,,,,,
481,458,454,0.012,0.633,0.795,1.000,0.926,0.000,0.367,0.115,0.089,463,461,0.011,0.633,0.787,1.000,0.933,0.000,0.367,0.130,0.083,478.000,458.000,0.010,0.637,0.801,1.000,0.938,0.000,0.363,0.116,0.083,,,,,,,,,,,
482,458,454,0.012,0.633,0.795,1.000,0.926,0.000,0.367,0.115,0.089,463,461,0.011,0.633,0.787,1.000,0.933,0.000,0.367,0.130,0.083,478.000,458.000,0.010,0.637,0.801,1.000,0.938,0.000,0.363,0.116,0.083,,,,,,,,,,,
483,458,454,0.012,0.633,0.795,1.000,0.926,0.000,0.367,0.115,0.089,463,461,0.011,0.633,0.787,1.000,0.933,0.000,0.367,0.130,0.083,478.000,458.000,0.010,0.637,0.801,1.000,0.938,0.000,0.363,0.116,0.083,,,,,,,,,,,
484,458,454,0.012,0.633,0.795,1.000,0.926,0.000,0.367,0.115,0.089,463,461,0.011,0.633,0.787,1.000,0.933,0.000,0.367,0.130,0.083,478.000,458.000,0.010,0.637,0.801,1.000,0.938,0.000,0.363,0.116,0.083,485.000,458.000,0.012,0.623,0.803,1.000,0.905,0.000,0.377,0.106,0.091
485,458,454,0.012,0.633,0.795,1.000,0.926,0.000,0.367,0.115,0.089,463,461,0.011,0.633,0.787,1.000,0.933,0.000,0.367,0.130,0.083,478.000,458.000,0.010,0.637,0.801,1.000,0.938,0.000,0.363,0.116,0.083,485.000,458.000,0.012,0.623,0.803,1.000,0.905,0.000,0.377,0.106,0.091
486,458,454,0.012,0.633,0.795,1.000,0.926,0.000,0.367,0.115,0.089,463,461,0.011,0.633,0.787,1.000,0.933,0.000,0.367,0.130,0.083,485.000,458.000,0.012,0.623,0.803,1.000,0.905,0.000,0.377,0.106,0.091,,,,,,,,,,,
487,458,454,0.012,0.633,0.795,1.000,0.926,0.000,0.367,0.115,0.089,463,461,0.011,0.633,0.787,1.000,0.933,0.000,0.367,0.130,0.083,485.000,458.000,0.012,0.623,0.803,1.000,0.905,0.000,0.377,0.106,0.091,,,,,,,,,,,
488,458,454,0.012,0.633,0.795,1.000,0.926,0.000,0.367,0.115,0.089,463,461,0.011,0.633,0.787,1.000,0.933,0.000,0.367,0.130,0.083,485.000,458.000,0.012,0.623,0.803,1.000,0.905,0.000,0.377,0.106,0.091,,,,,,,,,,,
489,458,454,0.012,0.633,0.795,1.000,0.926,0.000,0.367,0.115,0.089,463,461,0.011,0.633,0.787,1.000,0.933,0.000,0.367,0.130,0.083,485.000,458.000,0.012,0.623,0.803,1.000,0.905,0.000,0.377,0.106,0.091,,,,,,,,,,,
490,458,454,0.012,0.633,0.795,1.000,0.926,0.000,0.367,0.115,0.089,463,461,0.011,0.633,0.787,1.000,0.933,0.000,0.367,0.130,0.083,485.000,458.000,0.012,0.623,0.803,1.000,0.905,0.000,0.377,0.106,0.091,,,,,,,,,,,
491,458,454,0.012,0.633,0.795,1.000,0.926,0.000,0.367,0.115,0.089,463,461,0.011,0.633,0.787,1.000,0.933,0.000,0.367,0.130,0.083,485.000,458.000,0.012,0.623,0.803,1.000,0.905,0.000,0.377,0.106,0.091,,,,,,,,,,,
492,458,454,0.012,0.633,0.795,1.000,0.926,0.000,0.367,0.115,0.089,463,461,0.011,0.633,0.787,1.000,0.933,0.000,0.367,0.130,0.083,485.000,458.000,0.012,0.623,0.803,1.000,0.905,0.000,0.377,0.106,0.091,,,,,,,,,,,
493,458,454,0.012,0.633,0.795,1.000,0.926,0.000,0.367,0.115,0.089,463,461,0.011,0.633,0.787,1.000,0.933,0.000,0.367,0.130,0.083,485.000,458.000,0.012,0.623,0.803,1.000,0.905,0.000,0.377,0.106,0.091,,,,,,,,,,,
494,458,454,0.012,0.633,0.795,1.000,0.926,0.000,0.367,0.115,0.089,463,461,0.011,0.633,0.787,1.000,0.933,0.000,0.367,0.130,0.083,,,,,,,,,,,,,,,,,,,,,,
495,458,454,0.012,0.633,0.795,1.000,0.926,0.000,0.367,0.115,0.089,463,461,0.011,0.633,0.787,1.000,0.933,0.000,0.367,0.130,0.083,,,,,,,,,,,,,,,,,,,,,,
496,458,454,0.012,0.633,0.795,1.000,0.926,0.000,0.367,0.115,0.089,463,461,0.011,0.633,0.787,1.000,0.933,0.000,0.367,0.130,0.083,,,,,,,,,,,,,,,,,,,,,,
497,458,454,0.012,0.633,0.795,1.000,0.926,0.000,0.367,0.115,0.089,463,461,0.011,0.633,0.787,1.000,0.933,0.000,0.367,0.130,0.083,498.000,458.000,0.011,0.637,0.788,1.000,0.918,0.000,0.363,0.102,0.110,,,,,,,,,,,
498,458,454,0.012,0.633,0.795,1.000,0.926,0.000,0.367,0.115,0.089,463,461,0.011,0.633,0.787,1.000,0.933,0.000,0.367,0.130,0.083,498.000,458.000,0.011,0.637,0.788,1.000,0.918,0.000,0.363,0.102,0.110,,,,,,,,,,,
499,458,454,0.012,0.633,0.795,1.000,0.926,0.000,0.367,0.115,0.089,463,461,0.011,0.633,0.787,1.000,0.933,0.000,0.367,0.130,0.083,498.000,458.000,0.011,0.637,0.788,1.000,0.918,0.000,0.363,0.102,0.110,500.000,498.000,0.011,0.638,0.794,1.000,0.921,0.000,0.362,0.092,0.113
500,458,454,0.012,0.633,0.795,1.000,0.926,0.000,0.367,0.115,0.089,463,461,0.011,0.633,0.787,1.000,0.933,0.000,0.367,0.130,0.083,498.000,458.000,0.011,0.637,0.788,1.000,0.918,0.000,0.363,0.102,0.110,500.000,498.000,0.011,0.638,0.794,1.000,0.921,0.000,0.362,0.092,0.113
501,458,454,0.012,0.633,0.795,1.000,0.926,0.000,0.367,0.115,0.089,463,461,0.011,0.633,0.787,1.000,0.933,0.000,0.367,0.130,0.083,498.000,458.000,0.011,0.637,0.788,1.000,0.918,0.000,0.363,0.102,0.110,500.000,498.000,0.011,0.638,0.794,1.000,0.921,0.000,0.362,0.092,0.113
502,458,454,0.012,0.633,0.795,1.000,0.926,0.000,0.367,0.115,0.089,463,461,0.011,0.633,0.787,1.000,0.933,0.000,0.367,0.130,0.083,498.000,458.000,0.011,0.637,0.788,1.000,0.918,0.000,0.363,0.102,0.110,,,,,,,,,,,
503,458,454,0.012,0.633,0.795,1.000,0.926,0.000,0.367,0.115,0.089,463,461,0.011,0.633,0.787,1.000,0.933,0.000,0.367,0.130,0.083,498.000,458.000,0.011,0.637,0.788,1.000,0.918,0.000,0.363,0.102,0.110,,,,,,,,,,,
504,458,454,0.012,0.633,0.795,1.000,0.926,0.000,0.367,0.115,0.089,463,461,0.011,0.633,0.787,1.000,0.933,0.000,0.367,0.130,0.083,498.000,458.000,0.011,0.637,0.788,1.000,0.918,0.000,0.363,0.102,0.110,,,,,,,,,,,
505,458,454,0.012,0.633,0.795,1.000,0.926,0.000,0.367,0.115,0.089,463,461,0.011,0.633,0.787,1.000,0.933,0.000,0.367,0.130,0.083,498.000,458.000,0.011,0.637,0.788,1.000,0.918,0.000,0.363,0.102,0.110,,,,,,,,,,,
506,458,454,0.012,0.633,0.795,1.000,0.926,0.000,0.367,0.115,0.089,463,461,0.011,0.633,0.787,1.000,0.933,0.000,0.367,0.130,0.083,498.000,458.000,0.011,0.637,0.788,1.000,0.918,0.000,0.363,0.102,0.110,507.000,463.000,0.009,0.628,0.794,1.000,0.929,0.000,0.372,0.131,0.074
507,458,454,0.012,0.633,0.795,1.000,0.926,0.000,0.367,0.115,0.089,463,461,0.011,0.633,0.787,1.000,0.933,0.000,0.367,0.130,0.083,498.000,458.000,0.011,0.637,0.788,1.000,0.918,0.000,0.363,0.102,0.110,,,,,,,,,,,
508,458,454,0.012,0.633,0.795,1.000,0.926,0.000,0.367,0.115,0.089,463,461,0.011,0.633,0.787,1.000,0.933,0.000,0.367,0.130,0.083,498.000,458.000,0.011,0.637,0.788,1.000,0.918,0.000,0.363,0.102,0.110,,,,,,,,,,,
509,458,454,0.012,0.633,0.795,1.000,0.926,0.000,0.367,0.115,0.089,463,461,0.011,0.633,0.787,1.000,0.933,0.000,0.367,0.130,0.083,498.000,458.000,0.011,0.637,0.788,1.000,0.918,0.000,0.363,0.102,0.110,,,,,,,,,,,
510,458,454,0.012,0.633,0.795,1.000,0.926,0.000,0.367,0.115,0.089,463,461,0.011,0.633,0.787,1.000,0.933,0.000,0.367,0.130,0.083,498.000,458.000,0.011,0.637,0.788,1.000,0.918,0.000,0.363,0.102,0.110,,,,,,,,,,,
511,458,454,0.012,0.633,0.795,1.000,0.926,0.000,0.367,0.115,0.089,463,461,0.011,0.633,0.787,1.000,0.933,0.000,0.367,0.130,0.083,498.000,458.000,0.011,0.637,0.788,1.000,0.918,0.000,0.363,0.102,0.110,,,,,,,,,,,
512,458,454,0.012,0.633,0.795,1.000,0.926,0.000,0.367,0.115,0.089,463,461,0.011,0.633,0.787,1.000,0.933,0.000,0.367,0.130,0.083,498.000,458.000,0.011,0.637,0.788,1.000,0.918,0.000,0.363,0.102,0.110,,,,,,,,,,,
513,458,454,0.012,0.633,0.795,1.000,0.926,0.000,0.367,0.115,0.089,463,461,0.011,0.633,0.787,1.000,0.933,0.000,0.367,0.130,0.083,498.000,458.000,0.011,0.637,0.788,1.000,0.918,0.000,0.363,0.102,0.110,,,,,,,,,,,
514,458,454,0.012,0.633,0.795,1.000,0.926,0.000,0.367,0.115,0.089,463,461,0.011,0.633,0.787,1.000,0.933,0.000,0.367,0.130,0.083,498.000,458.000,0.011,0.637,0.788,1.000,0.918,0.000,0.363,0.102,0.110,,,,,,,,,,,
515,458,454,0.012,0.633,0.795,1.000,0.926,0.000,0.367,0.115,0.089,463,461,0.011,0.633,0.787,1.000,0.933,0.000,0.367,0.130,0.083,498.000,458.000,0.011,0.637,0.788,1.000,0.918,0.000,0.363,0.102,0.110,,,,,,,,,,,
516,458,454,0.012,0.633,0.795,1.000,0.926,0.000,0.367,0.115,0.089,463,461,0.011,0.633,0.787,1.000,0.933,0.000,0.367,0.130,0.083,498.000,458.000,0.011,0.637,0.788,1.000,0.918,0.000,0.363,0.102,0.110,,,,,,,,,,,
517,458,454,0.012,0.633,0.795,1.000,0.926,0.000,0.367,0.115,0.089,463,461,0.011,0.633,0.787,1.000,0.933,0.000,0.367,0.130,0.083,498.000,458.000,0.011,0.637,0.788,1.000,0.918,0.000,0.363,0.102,0.110,,,,,,,,,,,
518,458,454,0.012,0.633,0.795,1.000,0.926,0.000,0.367,0.115,0.089,463,461,0.011,0.633,0.787,1.000,0.933,0.000,0.367,0.130,0.083,498.000,458.000,0.011,0.637,0.788,1.000,0.918,0.000,0.363,0.102,0.110,519.000,463.000,0.012,0.632,0.809,1.000,0.945,0.003,0.365,0.120,0.071
519,458,454,0.012,0.633,0.795,1.000,0.926,0.000,0.367,0.115,0.089,463,461,0.011,0.633,0.787,1.000,0.933,0.000,0.367,0.130,0.083,498.000,458.000,0.011,0.637,0.788,1.000,0.918,0.000,0.363,0.102,0.110,519.000,463.000,0.012,0.632,0.809,1.000,0.945,0.003,0.365,0.120,0.071
520,458,454,0.012,0.633,0.795,1.000,0.926,0.000,0.367,0.115,0.089,463,461,0.011,0.633,0.787,1.000,0.933,0.000,0.367,0.130,0.083,498.000,458.000,0.011,0.637,0.788,1.000,0.918,0.000,0.363,0.102,0.110,519.000,463.000,0.012,0.632,0.809,1.000,0.945,0.003,0.365,0.120,0.071
521,458,454,0.012,0.633,0.795,1.000,0.926,0.000,0.367,0.115,0.089,463,461,0.011,0.633,0.787,1.000,0.933,0.000,0.367,0.130,0.083,498.000,458.000,0.011,0.637,0.788,1.000,0.918,0.000,0.363,0.102,0.110,,,,,,,,,,,
522,458,454,0.012,0.633,0.795,1.000,0.926,0.000,0.367,0.115,0.089,463,461,0.011,0.633,0.787,1.000,0.933,0.000,0.367,0.130,0.083,498.000,458.000,0.011,0.637,0.788,1.000,0.918,0.000,0.363,0.102,0.110,,,,,,,,,,,
523,458,454,0.012,0.633,0.795,1.000,0.926,0.000,0.367,0.115,0.089,463,461,0.011,0.633,0.787,1.000,0.933,0.000,0.367,0.130,0.083,498.000,458.000,0.011,0.637,0.788,1.000,0.918,0.000,0.363,0.102,0.110,,,,,,,,,,,
524,458,454,0.012,0.633,0.795,1.000,0.926,0.000,0.367,0.115,0.089,463,461,0.011,0.633,0.787,1.000,0.933,0.000,0.367,0.130,0.083,498.000,458.000,0.011,0.637,0.788,1.000,0.918,0.000,0.363,0.102,0.110,,,,,,,,,,,
525,458,454,0.012,0.633,0.795,1.000,0.926,0.000,0.367,0.115,0.089,463,461,0.011,0.633,0.787,1.000,0.933,0.000,0.367,0.130,0.083,498.000,458.000,0.011,0.637,0.788,1.000,0.918,0.000,0.363,0.102,0.110,,,,,,,,,,,
526,458,454,0.012,0.633,0.795,1.000,0.926,0.000,0.367,0.115,0.089,463,461,0.011,0.633,0.787,1.000,0.933,0.000,0.367,0.130,0.083,498.000,458.000,0.011,0.637,0.788,1.000,0.918,0.000,0.363,0.102,0.110,,,,,,,,,,,
527,458,454,0.012,0.633,0.795,1.000,0.926,0.000,0.367,0.115,0.089,463,461,0.011,0.633,0.787,1.000,0.933,0.000,0.367,0.130,0.083,498.000,458.000,0.011,0.637,0.788,1.000,0.918,0.000,0.363,0.102,0.110,,,,,,,,,,,
528,458,454,0.012,0.633,0.795,1.000,0.926,0.000,0.367,0.115,0.089,463,461,0.011,0.633,0.787,1.000,0.933,0.000,0.367,0.130,0.083,498.000,458.000,0.011,0.637,0.788,1.000,0.918,0.000,0.363,0.102,0.110,,,,,,,,,,,
529,458,454,0.012,0.633,0.795,1.000,0.926,0.000,0.367,0.115,0.089,463,461,0.011,0.633,0.787,1.000,0.933,0.000,0.367,0.130,0.083,498.000,458.000,0.011,0.637,0.788,1.000,0.918,0.000,0.363,0.102,0.110,,,,,,,,,,,
530,458,454,0.012,0.633,0.795,1.000,0.926,0.000,0.367,0.115,0.089,463,461,0.011,0.633,0.787,1.000,0.933,0.000,0.367,0.130,0.083,498.000,458.000,0.011,0.637,0.788,1.000,0.918,0.000,0.363,0.102,0.110,,,,,,,,,,,
531,458,454,0.012,0.633,0.795,1.000,0.926,0.000,0.367,0.115,0.089,463,461,0.011,0.633,0.787,1.000,0.933,0.000,0.367,0.130,0.083,498.000,458.000,0.011,0.637,0.788,1.000,0.918,0.000,0.363,0.102,0.110,,,,,,,,,,,
532,458,454,0.012,0.633,0.795,1.000,0.926,0.000,0.367,0.115,0.089,463,461,0.011,0.633,0.787,1.000,0.933,0.000,0.367,0.130,0.083,498.000,458.000,0.011,0.637,0.788,1.000,0.918,0.000,0.363,0.102,0.110,,,,,,,,,,,
533,458,454,0.012,0.633,0.795,1.000,0.926,0.000,0.367,0.115,0.089,463,461,0.011,0.633,0.787,1.000,0.933,0.000,0.367,0.130,0.083,498.000,458.000,0.011,0.637,0.788,1.000,0.918,0.000,0.363,0.102,0.110,,,,,,,,,,,
534,458,454,0.012,0.633,0.795,1.000,0.926,0.000,0.367,0.115,0.089,463,461,0.011,0.633,0.787,1.000,0.933,0.000,0.367,0.130,0.083,498.000,458.000,0.011,0.637,0.788,1.000,0.918,0.000,0.363,0.102,0.110,,,,,,,,,,,
535,458,454,0.012,0.633,0.795,1.000,0.926,0.000,0.367,0.115,0.089,463,461,0.011,0.633,0.787,1.000,0.933,0.000,0.367,0.130,0.083,498.000,458.000,0.011,0.637,0.788,1.000,0.918,0.000,0.363,0.102,0.110,,,,,,,,,,,
536,458,454,0.012,0.633,0.795,1.000,0.926,0.000,0.367,0.115,0.089,463,461,0.011,0.633,0.787,1.000,0.933,0.000,0.367,0.130,0.083,498.000,458.000,0.011,0.637,0.788,1.000,0.918,0.000,0.363,0.102,0.110,,,,,,,,,,,
537,458,454,0.012,0.633,0.795,1.000,0.926,0.000,0.367,0.115,0.089,463,461,0.011,0.633,0.787,1.000,0.933,0.000,0.367,0.130,0.083,498.000,458.000,0.011,0.637,0.788,1.000,0.918,0.000,0.363,0.102,0.110,,,,,,,,,,,
538,458,454,0.012,0.633,0.795,1.000,0.926,0.000,0.367,0.115,0.089,463,461,0.011,0.633,0.787,1.000,0.933,0.000,0.367,0.130,0.083,498.000,458.000,0.011,0.637,0.788,1.000,0.918,0.000,0.363,0.102,0.110,,,,,,,,,,,
539,458,454,0.012,0.633,0.795,1.000,0.926,0.000,0.367,0.115,0.089,463,461,0.011,0.633,0.787,1.000,0.933,0.000,0.367,0.130,0.083,498.000,458.000,0.011,0.637,0.788,1.000,0.918,0.000,0.363,0.102,0.110,,,,,,,,,,,
540,458,454,0.012,0.633,0.795,1.000,0.926,0.000,0.367,0.115,0.089,463,461,0.011,0.633,0.787,1.000,0.933,0.000,0.367,0.130,0.083,498.000,458.000,0.011,0.637,0.788,1.000,0.918,0.000,0.363,0.102,0.110,541.000,498.000,0.010,0.625,0.804,1.000,0.902,0.000,0.375,0.084,0.111
541,458,454,0.012,0.633,0.795,1.000,0.926,0.000,0.367,0.115,0.089,463,461,0.011,0.633,0.787,1.000,0.933,0.000,0.367,0.130,0.083,498.000,458.000,0.011,0.637,0.788,1.000,0.918,0.000,0.363,0.102,0.110,541.000,498.000,0.010,0.625,0.804,1.000,0.902,0.000,0.375,0.084,0.111
542,458,454,0.012,0.633,0.795,1.000,0.926,0.000,0.367,0.115,0.089,463,461,0.011,0.633,0.787,1.000,0.933,0.000,0.367,0.130,0.083,498.000,458.000,0.011,0.637,0.788,1.000,0.918,0.000,0.363,0.102,0.110,541.000,498.000,0.010,0.625,0.804,1.000,0.902,0.000,0.375,0.084,0.111
543,458,454,0.012,0.633,0.795,1.000,0.926,0.000,0.367,0.115,0.089,463,461,0.011,0.633,0.787,1.000,0.933,0.000,0.367,0.130,0.083,498.000,458.000,0.011,0.637,0.788,1.000,0.918,0.000,0.363,0.102,0.110,541.000,498.000,0.010,0.625,0.804,1.000,0.902,0.000,0.375,0.084,0.111
544,458,454,0.012,0.633,0.795,1.000,0.926,0.000,0.367,0.115,0.089,463,461,0.011,0.633,0.787,1.000,0.933,0.000,0.367,0.130,0.083,498.000,458.000,0.011,0.637,0.788,1.000,0.918,0.000,0.363,0.102,0.110,541.000,498.000,0.010,0.625,0.804,1.000,0.902,0.000,0.375,0.084,0.111
545,458,454,0.012,0.633,0.795,1.000,0.926,0.000,0.367,0.115,0.089,463,461,0.011,0.633,0.787,1.000,0.933,0.000,0.367,0.130,0.083,498.000,458.000,0.011,0.637,0.788,1.000,0.918,0.000,0.363,0.102,0.110,541.000,498.000,0.010,0.625,0.804,1.000,0.902,0.000,0.375,0.084,0.111
546,458,454,0.012,0.633,0.795,1.000,0.926,0.000,0.367,0.115,0.089,463,461,0.011,0.633,0.787,1.000,0.933,0.000,0.367,0.130,0.083,498.000,458.000,0.011,0.637,0.788,1.000,0.918,0.000,0.363,0.102,0.110,541.000,498.000,0.010,0.625,0.804,1.000,0.902,0.000,0.375,0.084,0.111
547,458,454,0.012,0.633,0.795,1.000,0.926,0.000,0.367,0.115,0.089,463,461,0.011,0.633,0.787,1.000,0.933,0.000,0.367,0.130,0.083,498.000,458.000,0.011,0.637,0.788,1.000,0.918,0.000,0.363,0.102,0.110,541.000,498.000,0.010,0.625,0.804,1.000,0.902,0.000,0.375,0.084,0.111
548,458,454,0.012,0.633,0.795,1.000,0.926,0.000,0.367,0.115,0.089,463,461,0.011,0.633,0.787,1.000,0.933,0.000,0.367,0.130,0.083,498.000,458.000,0.011,0.637,0.788,1.000,0.918,0.000,0.363,0.102,0.110,541.000,498.000,0.010,0.625,0.804,1.000,0.902,0.000,0.375,0.084,0.111
549,458,454,0.012,0.633,0.795,1.000,0.926,0.000,0.367,0.115,0.089,463,461,0.011,0.633,0.787,1.000,0.933,0.000,0.367,0.130,0.083,498.000,458.000,0.011,0.637,0.788,1.000,0.918,0.000,0.363,0.102,0.110,541.000,498.000,0.010,0.625,0.804,1.000,0.902,0.000,0.375,0.084,0.111
550,458,454,0.012,0.633,0.795,1.000,0.926,0.000,0.367,0.115,0.089,463,461,0.011,0.633,0.787,1.000,0.933,0.000,0.367,0.130,0.083,498.000,458.000,0.011,0.637,0.788,1.000,0.918,0.000,0.363,0.102,0.110,541.000,498.000,0.010,0.625,0.804,1.000,0.902,0.000,0.375,0.084,0.111
551,458,454,0.012,0.633,0.795,1.000,0.926,0.000,0.367,0.115,0.089,463,461,0.011,0.633,0.787,1.000,0.933,0.000,0.367,0.130,0.083,498.000,458.000,0.011,0.637,0.788,1.000,0.918,0.000,0.363,0.102,0.110,541.000,498.000,0.010,0.625,0.804,1.000,0.902,0.000,0.375,0.084,0.111
552,458,454,0.012,0.633,0.795,1.000,0.926,0.000,0.367,0.115,0.089,463,461,0.011,0.633,0.787,1.000,0.933,0.000,0.367,0.130,0.083,498.000,458.000,0.011,0.637,0.788,1.000,0.918,0.000,0.363,0.102,0.110,541.000,498.000,0.010,0.625,0.804,1.000,0.902,0.000,0.375,0.084,0.111
553,458,454,0.012,0.633,0.795,1.000,0.926,0.000,0.367,0.115,0.089,463,461,0.011,0.633,0.787,1.000,0.933,0.000,0.367,0.130,0.083,541.000,498.000,0.010,0.625,0.804,1.000,0.902,0.000,0.375,0.084,0.111,553.000,463.000,0.011,0.636,0.774,1.000,0.922,0.001,0.363,0.136,0.089
554,458,454,0.012,0.633,0.795,1.000,0.926,0.000,0.367,0.115,0.089,463,461,0.011,0.633,0.787,1.000,0.933,0.000,0.367,0.130,0.083,541.000,498.000,0.010,0.625,0.804,1.000,0.902,0.000,0.375,0.084,0.111,553.000,463.000,0.011,0.636,0.774,1.000,0.922,0.001,0.363,0.136,0.089
555,458,454,0.012,0.633,0.795,1.000,0.926,0.000,0.367,0.115,0.089,463,461,0.011,0.633,0.787,1.000,0.933,0.000,0.367,0.130,0.083,541.000,498.000,0.010,0.625,0.804,1.000,0.902,0.000,0.375,0.084,0.111,553.000,463.000,0.011,0.636,0.774,1.000,0.922,0.001,0.363,0.136,0.089
556,458,454,0.012,0.633,0.795,1.000,0.926,0.000,0.367,0.115,0.089,463,461,0.011,0.633,0.787,1.000,0.933,0.000,0.367,0.130,0.083,541.000,498.000,0.010,0.625,0.804,1.000,0.902,0.000,0.375,0.084,0.111,553.000,463.000,0.011,0.636,0.774,1.000,0.922,0.001,0.363,0.136,0.089
557,458,454,0.012,0.633,0.795,1.000,0.926,0.000,0.367,0.115,0.089,463,461,0.011,0.633,0.787,1.000,0.933,0.000,0.367,0.130,0.083,541.000,498.000,0.010,0.625,0.804,1.000,0.902,0.000,0.375,0.084,0.111,553.000,463.000,0.011,0.636,0.774,1.000,0.922,0.001,0.363,0.136,0.089
558,458,454,0.012,0.633,0.795,1.000,0.926,0.000,0.367,0.115,0.089,463,461,0.011,0.633,0.787,1.000,0.933,0.000,0.367,0.130,0.083,541.000,498.000,0.010,0.625,0.804,1.000,0.902,0.000,0.375,0.084,0.111,553.000,463.000,0.011,0.636,0.774,1.000,0.922,0.001,0.363,0.136,0.089
559,458,454,0.012,0.633,0.795,1.000,0.926,0.000,0.367,0.115,0.089,463,461,0.011,0.633,0.787,1.000,0.933,0.000,0.367,0.130,0.083,541.000,498.000,0.010,0.625,0.804,1.000,0.902,0.000,0.375,0.084,0.111,553.000,463.000,0.011,0.636,0.774,1.000,0.922,0.001,0.363,0.136,0.089
560,458,454,0.012,0.633,0.795,1.000,0.926,0.000,0.367,0.115,0.089,463,461,0.011,0.633,0.787,1.000,0.933,0.000,0.367,0.130,0.083,541.000,498.000,0.010,0.625,0.804,1.000,0.902,0.000,0.375,0.084,0.111,553.000,463.000,0.011,0.636,0.774,1.000,0.922,0.001,0.363,0.136,0.089
561,458,454,0.012,0.633,0.795,1.000,0.926,0.000,0.367,0.115,0.089,463,461,0.011,0.633,0.787,1.000,0.933,0.000,0.367,0.130,0.083,541.000,498.000,0.010,0.625,0.804,1.000,0.902,0.000,0.375,0.084,0.111,553.000,463.000,0.011,0.636,0.774,1.000,0.922,0.001,0.363,0.136,0.089
562,458,454,0.012,0.633,0.795,1.000,0.926,0.000,0.367,0.115,0.089,463,461,0.011,0.633,0.787,1.000,0.933,0.000,0.367,0.130,0.083,541.000,498.000,0.010,0.625,0.804,1.000,0.902,0.000,0.375,0.084,0.111,553.000,463.000,0.011,0.636,0.774,1.000,0.922,0.001,0.363,0.136,0.089
563,458,454,0.012,0.633,0.795,1.000,0.926,0.000,0.367,0.115,0.089,463,461,0.011,0.633,0.787,1.000,0.933,0.000,0.367,0.130,0.083,541.000,498.000,0.010,0.625,0.804,1.000,0.902,0.000,0.375,0.084,0.111,553.000,463.000,0.011,0.636,0.774,1.000,0.922,0.001,0.363,0.136,0.089
564,458,454,0.012,0.633,0.795,1.000,0.926,0.000,0.367,0.115,0.089,463,461,0.011,0.633,0.787,1.000,0.933,0.000,0.367,0.130,0.083,541.000,498.000,0.010,0.625,0.804,1.000,0.902,0.000,0.375,0.084,0.111,553.000,463.000,0.011,0.636,0.774,1.000,0.922,0.001,0.363,0.136,0.089
565,458,454,0.012,0.633,0.795,1.000,0.926,0.000,0.367,0.115,0.089,463,461,0.011,0.633,0.787,1.000,0.933,0.000,0.367,0.130,0.083,541.000,498.000,0.010,0.625,0.804,1.000,0.902,0.000,0.375,0.084,0.111,553.000,463.000,0.011,0.636,0.774,1.000,0.922,0.001,0.363,0.136,0.089
566,458,454,0.012,0.633,0.795,1.000,0.926,0.000,0.367,0.115,0.089,463,461,0.011,0.633,0.787,1.000,0.933,0.000,0.367,0.130,0.083,541.000,498.000,0.010,0.625,0.804,1.000,0.902,0.000,0.375,0.084,0.111,553.000,463.000,0.011,0.636,0.774,1.000,0.922,0.001,0.363,0.136,0.089
567,458,454,0.012,0.633,0.795,1.000,0.926,0.000,0.367,0.115,0.089,463,461,0.011,0.633,0.787,1.000,0.933,0.000,0.367,0.130,0.083,541.000,498.000,0.010,0.625,0.804,1.000,0.902,0.000,0.375,0.084,0.111,553.000,463.000,0.011,0.636,0.774,1.000,0.922,0.001,0.363,0.136,0.089
568,458,454,0.012,0.633,0.795,1.000,0.926,0.000,0.367,0.115,0.089,463,461,0.011,0.633,0.787,1.000,0.933,0.000,0.367,0.130,0.083,541.000,498.000,0.010,0.625,0.804,1.000,0.902,0.000,0.375,0.084,0.111,553.000,463.000,0.011,0.636,0.774,1.000,0.922,0.001,0.363,0.136,0.089
569,458,454,0.012,0.633,0.795,1.000,0.926,0.000,0.367,0.115,0.089,463,461,0.011,0.633,0.787,1.000,0.933,0.000,0.367,0.130,0.083,541.000,498.000,0.010,0.625,0.804,1.000,0.902,0.000,0.375,0.084,0.111,553.000,463.000,0.011,0.636,0.774,1.000,0.922,0.001,0.363,0.136,0.089
570,458,454,0.012,0.633,0.795,1.000,0.926,0.000,0.367,0.115,0.089,463,461,0.011,0.633,0.787,1.000,0.933,0.000,0.367,0.130,0.083,541.000,498.000,0.010,0.625,0.804,1.000,0.902,0.000,0.375,0.084,0.111,553.000,463.000,0.011,0.636,0.774,1.000,0.922,0.001,0.363,0.136,0.089
571,458,454,0.012,0.633,0.795,1.000,0.926,0.000,0.367,0.115,0.089,463,461,0.011,0.633,0.787,1.000,0.933,0.000,0.367,0.130,0.083,541.000,498.000,0.010,0.625,0.804,1.000,0.902,0.000,0.375,0.084,0.111,553.000,463.000,0.011,0.636,0.774,1.000,0.922,0.001,0.363,0.136,0.089
572,541,498,0.010,0.625,0.804,1.000,0.902,0.000,0.375,0.084,0.111,553,463,0.011,0.636,0.774,1.000,0.922,0.001,0.363,0.136,0.089,,,,,,,,,,,,,,,,,,,,,,
573,541,498,0.010,0.625,0.804,1.000,0.902,0.000,0.375,0.084,0.111,553,463,0.011,0.636,0.774,1.000,0.922,0.001,0.363,0.136,0.089,,,,,,,,,,,,,,,,,,,,,,
574,541,498,0.010,0.625,0.804,1.000,0.902,0.000,0.375,0.084,0.111,553,463,0.011,0.636,0.774,1.000,0.922,0.001,0.363,0.136,0.089,,,,,,,,,,,,,,,,,,,,,,
575,541,498,0.010,0.625,0.804,1.000,0.902,0.000,0.375,0.084,0.111,553,463,0.011,0.636,0.774,1.000,0.922,0.001,0.363,0.136,0.089,,,,,,,,,,,,,,,,,,,,,,
576,541,498,0.010,0.625,0.804,1.000,0.902,0.000,0.375,0.084,0.111,553,463,0.011,0.636,0.774,1.000,0.922,0.001,0.363,0.136,0.089,,,,,,,,,,,,,,,,,,,,,,
577,541,498,0.010,0.625,0.804,1.000,0.902,0.000,0.375,0.084,0.111,553,463,0.011,0.636,0.774,1.000,0.922,0.001,0.363,0.136,0.089,,,,,,,,,,,,,,,,,,,,,,
578,541,498,0.010,0.625,0.804,1.000,0.902,0.000,0.375,0.084,0.111,553,463,0.011,0.636,0.774,1.000,0.922,0.001,0.363,0.136,0.089,,,,,,,,,,,,,,,,,,,,,,
579,541,498,0.010,0.625,0.804,1.000,0.902,0.000,0.375,0.084,0.111,553,463,0.011,0.636,0.774,1.000,0.922,0.001,0.363,0.136,0.089,,,,,,,,,,,,,,,,,,,,,,
580,541,498,0.010,0.625,0.804,1.000,0.902,0.000,0.375,0.084,0.111,553,463,0.011,0.636,0.774,1.000,0.922,0.001,0.363,0.136,0.089,581.000,541.000,0.008,0.620,0.815,1.000,0.905,0.000,0.380,0.073,0.111,,,,,,,,,,,
581,541,498,0.010,0.625,0.804,1.000,0.902,0.000,0.375,0.084,0.111,553,463,0.011,0.636,0.774,1.000,0.922,0.001,0.363,0.136,0.089,581.000,541.000,0.008,0.620,0.815,1.000,0.905,0.000,0.380,0.073,0.111,582.000,581.000,0.010,0.605,0.795,1.000,0.908,0.006,0.390,0.077,0.128
582,541,498,0.010,0.625,0.804,1.000,0.902,0.000,0.375,0.084,0.111,553,463,0.011,0.636,0.774,1.000,0.922,0.001,0.363,0.136,0.089,581.000,541.000,0.008,0.620,0.815,1.000,0.905,0.000,0.380,0.073,0.111,582.000,581.000,0.010,0.605,0.795,1.000,0.908,0.006,0.390,0.077,0.128
583,541,498,0.010,0.625,0.804,1.000,0.902,0.000,0.375,0.084,0.111,553,463,0.011,0.636,0.774,1.000,0.922,0.001,0.363,0.136,0.089,582.000,581.000,0.010,0.605,0.795,1.000,0.908,0.006,0.390,0.077,0.128,583.000,582.000,0.009,0.604,0.789,0.987,0.914,0.000,0.396,0.096,0.115
584,541,498,0.010,0.625,0.804,1.000,0.902,0.000,0.375,0.084,0.111,553,463,0.011,0.636,0.774,1.000,0.922,0.001,0.363,0.136,0.089,582.000,581.000,0.010,0.605,0.795,1.000,0.908,0.006,0.390,0.077,0.128,585.000,553.000,0.014,0.635,0.791,1.000,0.925,0.011,0.354,0.133,0.076
585,541,498,0.010,0.625,0.804,1.000,0.902,0.000,0.375,0.084,0.111,553,463,0.011,0.636,0.774,1.000,0.922,0.001,0.363,0.136,0.089,582.000,581.000,0.010,0.605,0.795,1.000,0.908,0.006,0.390,0.077,0.128,585.000,553.000,0.014,0.635,0.791,1.000,0.925,0.011,0.354,0.133,0.076
586,541,498,0.010,0.625,0.804,1.000,0.902,0.000,0.375,0.084,0.111,553,463,0.011,0.636,0.774,1.000,0.922,0.001,0.363,0.136,0.089,582.000,581.000,0.010,0.605,0.795,1.000,0.908,0.006,0.390,0.077,0.128,585.000,553.000,0.014,0.635,0.791,1.000,0.925,0.011,0.354,0.133,0.076
587,541,498,0.010,0.625,0.804,1.000,0.902,0.000,0.375,0.084,0.111,553,463,0.011,0.636,0.774,1.000,0.922,0.001,0.363,0.136,0.089,582.000,581.000,0.010,0.605,0.795,1.000,0.908,0.006,0.390,0.077,0.128,585.000,553.000,0.014,0.635,0.791,1.000,0.925,0.011,0.354,0.133,0.076
588,541,498,0.010,0.625,0.804,1.000,0.902,0.000,0.375,0.084,0.111,553,463,0.011,0.636,0.774,1.000,0.922,0.001,0.363,0.136,0.089,582.000,581.000,0.010,0.605,0.795,1.000,0.908,0.006,0.390,0.077,0.128,585.000,553.000,0.014,0.635,0.791,1.000,0.925,0.011,0.354,0.133,0.076
589,541,498,0.010,0.625,0.804,1.000,0.902,0.000,0.375,0.084,0.111,553,463,0.011,0.636,0.774,1.000,0.922,0.001,0.363,0.136,0.089,582.000,581.000,0.010,0.605,0.795,1.000,0.908,0.006,0.390,0.077,0.128,585.000,553.000,0.014,0.635,0.791,1.000,0.925,0.011,0.354,0.133,0.076
590,541,498,0.010,0.625,0.804,1.000,0.902,0.000,0.375,0.084,0.111,553,463,0.011,0.636,0.774,1.000,0.922,0.001,0.363,0.136,0.089,582.000,581.000,0.010,0.605,0.795,1.000,0.908,0.006,0.390,0.077,0.128,588.000,553.000,0.012,0.631,0.765,1.000,0.917,0.000,0.369,0.133,0.102
591,541,498,0.010,0.625,0.804,1.000,0.902,0.000,0.375,0.084,0.111,553,463,0.011,0.636,0.774,1.000,0.922,0.001,0.363,0.136,0.089,582.000,581.000,0.010,0.605,0.795,1.000,0.908,0.006,0.390,0.077,0.128,588.000,553.000,0.012,0.631,0.765,1.000,0.917,0.000,0.369,0.133,0.102
592,541,498,0.010,0.625,0.804,1.000,0.902,0.000,0.375,0.084,0.111,553,463,0.011,0.636,0.774,1.000,0.922,0.001,0.363,0.136,0.089,582.000,581.000,0.010,0.605,0.795,1.000,0.908,0.006,0.390,0.077,0.128,588.000,553.000,0.012,0.631,0.765,1.000,0.917,0.000,0.369,0.133,0.102
593,541,498,0.010,0.625,0.804,1.000,0.902,0.000,0.375,0.084,0.111,553,463,0.011,0.636,0.774,1.000,0.922,0.001,0.363,0.136,0.089,582.000,581.000,0.010,0.605,0.795,1.000,0.908,0.006,0.390,0.077,0.128,588.000,553.000,0.012,0.631,0.765,1.000,0.917,0.000,0.369,0.133,0.102
594,541,498,0.010,0.625,0.804,1.000,0.902,0.000,0.375,0.084,0.111,553,463,0.011,0.636,0.774,1.000,0.922,0.001,0.363,0.136,0.089,582.000,581.000,0.010,0.605,0.795,1.000,0.908,0.006,0.390,0.077,0.128,588.000,553.000,0.012,0.631,0.765,1.000,0.917,0.000,0.369,0.133,0.102
595,541,498,0.010,0.625,0.804,1.000,0.902,0.000,0.375,0.084,0.111,553,463,0.011,0.636,0.774,1.000,0.922,0.001,0.363,0.136,0.089,582.000,581.000,0.010,0.605,0.795,1.000,0.908,0.006,0.390,0.077,0.128,588.000,553.000,0.012,0.631,0.765,1.000,0.917,0.000,0.369,0.133,0.102
596,541,498,0.010,0.625,0.804,1.000,0.902,0.000,0.375,0.084,0.111,553,463,0.011,0.636,0.774,1.000,0.922,0.001,0.363,0.136,0.089,588.000,553.000,0.012,0.631,0.765,1.000,0.917,0.000,0.369,0.133,0.102,596.000,541.000,0.012,0.629,0.804,1.000,0.907,0.000,0.371,0.076,0.121
597,541,498,0.010,0.625,0.804,1.000,0.902,0.000,0.375,0.084,0.111,553,463,0.011,0.636,0.774,1.000,0.922,0.001,0.363,0.136,0.089,588.000,553.000,0.012,0.631,0.765,1.000,0.917,0.000,0.369,0.133,0.102,596.000,541.000,0.012,0.629,0.804,1.000,0.907,0.000,0.371,0.076,0.121
598,541,498,0.010,0.625,0.804,1.000,0.902,0.000,0.375,0.084,0.111,553,463,0.011,0.636,0.774,1.000,0.922,0.001,0.363,0.136,0.089,588.000,553.000,0.012,0.631,0.765,1.000,0.917,0.000,0.369,0.133,0.102,596.000,541.000,0.012,0.629,0.804,1.000,0.907,0.000,0.371,0.076,0.121
599,541,498,0.010,0.625,0.804,1.000,0.902,0.000,0.375,0.084,0.111,553,463,0.011,0.636,0.774,1.000,0.922,0.001,0.363,0.136,0.089,588.000,553.000,0.012,0.631,0.765,1.000,0.917,0.000,0.369,0.133,0.102,596.000,541.000,0.012,0.629,0.804,1.000,0.907,0.000,0.371,0.076,0.121
600,541,498,0.010,0.625,0.804,1.000,0.902,0.000,0.375,0.084,0.111,553,463,0.011,0.636,0.774,1.000,0.922,0.001,0.363,0.136,0.089,588.000,553.000,0.012,0.631,0.765,1.000,0.917,0.000,0.369,0.133,0.102,596.000,541.000,0.012,0.629,0.804,1.000,0.907,0.000,0.371,0.076,0.121
601,541,498,0.010,0.625,0.804,1.000,0.902,0.000,0.375,0.084,0.111,553,463,0.011,0.636,0.774,1.000,0.922,0.001,0.363,0.136,0.089,588.000,553.000,0.012,0.631,0.765,1.000,0.917,0.000,0.369,0.133,0.102,596.000,541.000,0.012,0.629,0.804,1.000,0.907,0.000,0.371,0.076,0.121
602,541,498,0.010,0.625,0.804,1.000,0.902,0.000,0.375,0.084,0.111,553,463,0.011,0.636,0.774,1.000,0.922,0.001,0.363,0.136,0.089,588.000,553.000,0.012,0.631,0.765,1.000,0.917,0.000,0.369,0.133,0.102,596.000,541.000,0.012,0.629,0.804,1.000,0.907,0.000,0.371,0.076,0.121
603,541,498,0.010,0.625,0.804,1.000,0.902,0.000,0.375,0.084,0.111,553,463,0.011,0.636,0.774,1.000,0.922,0.001,0.363,0.136,0.089,588.000,553.000,0.012,0.631,0.765,1.000,0.917,0.000,0.369,0.133,0.102,596.000,541.000,0.012,0.629,0.804,1.000,0.907,0.000,0.371,0.076,0.121
604,541,498,0.010,0.625,0.804,1.000,0.902,0.000,0.375,0.084,0.111,553,463,0.011,0.636,0.774,1.000,0.922,0.001,0.363,0.136,0.089,588.000,553.000,0.012,0.631,0.765,1.000,0.917,0.000,0.369,0.133,0.102,596.000,541.000,0.012,0.629,0.804,1.000,0.907,0.000,0.371,0.076,0.121
605,541,498,0.010,0.625,0.804,1.000,0.902,0.000,0.375,0.084,0.111,553,463,0.011,0.636,0.774,1.000,0.922,0.001,0.363,0.136,0.089,588.000,553.000,0.012,0.631,0.765,1.000,0.917,0.000,0.369,0.133,0.102,596.000,541.000,0.012,0.629,0.804,1.000,0.907,0.000,0.371,0.076,0.121
606,541,498,0.010,0.625,0.804,1.000,0.902,0.000,0.375,0.084,0.111,553,463,0.011,0.636,0.774,1.000,0.922,0.001,0.363,0.136,0.089,588.000,553.000,0.012,0.631,0.765,1.000,0.917,0.000,0.369,0.133,0.102,596.000,541.000,0.012,0.629,0.804,1.000,0.907,0.000,0.371,0.076,0.121
607,541,498,0.010,0.625,0.804,1.000,0.902,0.000,0.375,0.084,0.111,553,463,0.011,0.636,0.774,1.000,0.922,0.001,0.363,0.136,0.089,588.000,553.000,0.012,0.631,0.765,1.000,0.917,0.000,0.369,0.133,0.102,596.000,541.000,0.012,0.629,0.804,1.000,0.907,0.000,0.371,0.076,0.121
608,541,498,0.010,0.625,0.804,1.000,0.902,0.000,0.375,0.084,0.111,553,463,0.011,0.636,0.774,1.000,0.922,0.001,0.363,0.136,0.089,588.000,553.000,0.012,0.631,0.765,1.000,0.917,0.000,0.369,0.133,0.102,596.000,541.000,0.012,0.629,0.804,1.000,0.907,0.000,0.371,0.076,0.121
609,541,498,0.010,0.625,0.804,1.000,0.902,0.000,0.375,0.084,0.111,553,463,0.011,0.636,0.774,1.000,0.922,0.001,0.363,0.136,0.089,588.000,553.000,0.012,0.631,0.765,1.000,0.917,0.000,0.369,0.133,0.102,596.000,541.000,0.012,0.629,0.804,1.000,0.907,0.000,0.371,0.076,0.121
610,541,498,0.010,0.625,0.804,1.000,0.902,0.000,0.375,0.084,0.111,553,463,0.011,0.636,0.774,1.000,0.922,0.001,0.363,0.136,0.089,588.000,553.000,0.012,0.631,0.765,1.000,0.917,0.000,0.369,0.133,0.102,596.000,541.000,0.012,0.629,0.804,1.000,0.907,0.000,0.371,0.076,0.121
611,541,498,0.010,0.625,0.804,1.000,0.902,0.000,0.375,0.084,0.111,553,463,0.011,0.636,0.774,1.000,0.922,0.001,0.363,0.136,0.089,588.000,553.000,0.012,0.631,0.765,1.000,0.917,0.000,0.369,0.133,0.102,596.000,541.000,0.012,0.629,0.804,1.000,0.907,0.000,0.371,0.076,0.121
612,541,498,0.010,0.625,0.804,1.000,0.902,0.000,0.375,0.084,0.111,553,463,0.011,0.636,0.774,1.000,0.922,0.001,0.363,0.136,0.089,588.000,553.000,0.012,0.631,0.765,1.000,0.917,0.000,0.369,0.133,0.102,596.000,541.000,0.012,0.629,0.804,1.000,0.907,0.000,0.371,0.076,0.121
613,541,498,0.010,0.625,0.804,1.000,0.902,0.000,0.375,0.084,0.111,553,463,0.011,0.636,0.774,1.000,0.922,0.001,0.363,0.136,0.089,588.000,553.000,0.012,0.631,0.765,1.000,0.917,0.000,0.369,0.133,0.102,596.000,541.000,0.012,0.629,0.804,1.000,0.907,0.000,0.371,0.076,0.121
614,541,498,0.010,0.625,0.804,1.000,0.902,0.000,0.375,0.084,0.111,553,463,0.011,0.636,0.774,1.000,0.922,0.001,0.363,0.136,0.089,588.000,553.000,0.012,0.631,0.765,1.000,0.917,0.000,0.369,0.133,0.102,596.000,541.000,0.012,0.629,0.804,1.000,0.907,0.000,0.371,0.076,0.121
615,541,498,0.010,0.625,0.804,1.000,0.902,0.000,0.375,0.084,0.111,553,463,0.011,0.636,0.774,1.000,0.922,0.001,0.363,0.136,0.089,588.000,553.000,0.012,0.631,0.765,1.000,0.917,0.000,0.369,0.133,0.102,596.000,541.000,0.012,0.629,0.804,1.000,0.907,0.000,0.371,0.076,0.121
616,541,498,0.010,0.625,0.804,1.000,0.902,0.000,0.375,0.084,0.111,553,463,0.011,0.636,0.774,1.000,0.922,0.001,0.363,0.136,0.089,588.000,553.000,0.012,0.631,0.765,1.000,0.917,0.000,0.369,0.133,0.102,596.000,541.000,0.012,0.629,0.804,1.000,0.907,0.000,0.371,0.076,0.121
617,541,498,0.010,0.625,0.804,1.000,0.902,0.000,0.375,0.084,0.111,553,463,0.011,0.636,0.774,1.000,0.922,0.001,0.363,0.136,0.089,588.000,553.000,0.012,0.631,0.765,1.000,0.917,0.000,0.369,0.133,0.102,596.000,541.000,0.012,0.629,0.804,1.000,0.907,0.000,0.371,0.076,0.121
618,541,498,0.010,0.625,0.804,1.000,0.902,0.000,0.375,0.084,0.111,553,463,0.011,0.636,0.774,1.000,0.922,0.001,0.363,0.136,0.089,588.000,553.000,0.012,0.631,0.765,1.000,0.917,0.000,0.369,0.133,0.102,596.000,541.000,0.012,0.629,0.804,1.000,0.907,0.000,0.371,0.076,0.121
619,541,498,0.010,0.625,0.804,1.000,0.902,0.000,0.375,0.084,0.111,553,463,0.011,0.636,0.774,1.000,0.922,0.001,0.363,0.136,0.089,588.000,553.000,0.012,0.631,0.765,1.000,0.917,0.000,0.369,0.133,0.102,596.000,541.000,0.012,0.629,0.804,1.000,0.907,0.000,0.371,0.076,0.121
620,541,498,0.010,0.625,0.804,1.000,0.902,0.000,0.375,0.084,0.111,553,463,0.011,0.636,0.774,1.000,0.922,0.001,0.363,0.136,0.089,588.000,553.000,0.012,0.631,0.765,1.000,0.917,0.000,0.369,0.133,0.102,596.000,541.000,0.012,0.629,0.804,1.000,0.907,0.000,0.371,0.076,0.121
621,541,498,0.010,0.625,0.804,1.000,0.902,0.000,0.375,0.084,0.111,553,463,0.011,0.636,0.774,1.000,0.922,0.001,0.363,0.136,0.089,588.000,553.000,0.012,0.631,0.765,1.000,0.917,0.000,0.369,0.133,0.102,596.000,541.000,0.012,0.629,0.804,1.000,0.907,0.000,0.371,0.076,0.121
622,541,498,0.010,0.625,0.804,1.000,0.902,0.000,0.375,0.084,0.111,553,463,0.011,0.636,0.774,1.000,0.922,0.001,0.363,0.136,0.089,588.000,553.000,0.012,0.631,0.765,1.000,0.917,0.000,0.369,0.133,0.102,596.000,541.000,0.012,0.629,0.804,1.000,0.907,0.000,0.371,0.076,0.121
623,541,498,0.010,0.625,0.804,1.000,0.902,0.000,0.375,0.084,0.111,553,463,0.011,0.636,0.774,1.000,0.922,0.001,0.363,0.136,0.089,588.000,553.000,0.012,0.631,0.765,1.000,0.917,0.000,0.369,0.133,0.102,596.000,541.000,0.012,0.629,0.804,1.000,0.907,0.000,0.371,0.076,0.121
624,541,498,0.010,0.625,0.804,1.000,0.902,0.000,0.375,0.084,0.111,553,463,0.011,0.636,0.774,1.000,0.922,0.001,0.363,0.136,0.089,588.000,553.000,0.012,0.631,0.765,1.000,0.917,0.000,0.369,0.133,0.102,596.000,541.000,0.012,0.629,0.804,1.000,0.907,0.000,0.371,0.076,0.121
625,541,498,0.010,0.625,0.804,1.000,0.902,0.000,0.375,0.084,0.111,553,463,0.011,0.636,0.774,1.000,0.922,0.001,0.363,0.136,0.089,588.000,553.000,0.012,0.631,0.765,1.000,0.917,0.000,0.369,0.133,0.102,596.000,541.000,0.012,0.629,0.804,1.000,0.907,0.000,0.371,0.076,0.121
626,541,498,0.010,0.625,0.804,1.000,0.902,0.000,0.375,0.084,0.111,553,463,0.011,0.636,0.774,1.000,0.922,0.001,0.363,0.136,0.089,588.000,553.000,0.012,0.631,0.765,1.000,0.917,0.000,0.369,0.133,0.102,596.000,541.000,0.012,0.629,0.804,1.000,0.907,0.000,0.371,0.076,0.121
627,541,498,0.010,0.625,0.804,1.000,0.902,0.000,0.375,0.084,0.111,553,463,0.011,0.636,0.774,1.000,0.922,0.001,0.363,0.136,0.089,588.000,553.000,0.012,0.631,0.765,1.000,0.917,0.000,0.369,0.133,0.102,596.000,541.000,0.012,0.629,0.804,1.000,0.907,0.000,0.371,0.076,0.121
628,541,498,0.010,0.625,0.804,1.000,0.902,0.000,0.375,0.084,0.111,553,463,0.011,0.636,0.774,1.000,0.922,0.001,0.363,0.136,0.089,588.000,553.000,0.012,0.631,0.765,1.000,0.917,0.000,0.369,0.133,0.102,596.000,541.000,0.012,0.629,0.804,1.000,0.907,0.000,0.371,0.076,0.121
629,541,498,0.010,0.625,0.804,1.000,0.902,0.000,0.375,0.084,0.111,553,463,0.011,0.636,0.774,1.000,0.922,0.001,0.363,0.136,0.089,588.000,553.000,0.012,0.631,0.765,1.000,0.917,0.000,0.369,0.133,0.102,596.000,541.000,0.012,0.629,0.804,1.000,0.907,0.000,0.371,0.076,0.121
630,541,498,0.010,0.625,0.804,1.000,0.902,0.000,0.375,0.084,0.111,553,463,0.011,0.636,0.774,1.000,0.922,0.001,0.363,0.136,0.089,588.000,553.000,0.012,0.631,0.765,1.000,0.917,0.000,0.369,0.133,0.102,596.000,541.000,0.012,0.629,0.804,1.000,0.907,0.000,0.371,0.076,0.121
631,541,498,0.010,0.625,0.804,1.000,0.902,0.000,0.375,0.084,0.111,553,463,0.011,0.636,0.774,1.000,0.922,0.001,0.363,0.136,0.089,588.000,553.000,0.012,0.631,0.765,1.000,0.917,0.000,0.369,0.133,0.102,596.000,541.000,0.012,0.629,0.804,1.000,0.907,0.000,0.371,0.076,0.121
632,541,498,0.010,0.625,0.804,1.000,0.902,0.000,0.375,0.084,0.111,553,463,0.011,0.636,0.774,1.000,0.922,0.001,0.363,0.136,0.089,588.000,553.000,0.012,0.631,0.765,1.000,0.917,0.000,0.369,0.133,0.102,596.000,541.000,0.012,0.629,0.804,1.000,0.907,0.000,0.371,0.076,0.121
633,541,498,0.010,0.625,0.804,1.000,0.902,0.000,0.375,0.084,0.111,553,463,0.011,0.636,0.774,1.000,0.922,0.001,0.363,0.136,0.089,588.000,553.000,0.012,0.631,0.765,1.000,0.917,0.000,0.369,0.133,0.102,596.000,541.000,0.012,0.629,0.804,1.000,0.907,0.000,0.371,0.076,0.121
634,541,498,0.010,0.625,0.804,1.000,0.902,0.000,0.375,0.084,0.111,553,463,0.011,0.636,0.774,1.000,0.922,0.001,0.363,0.136,0.089,588.000,553.000,0.012,0.631,0.765,1.000,0.917,0.000,0.369,0.133,0.102,596.000,541.000,0.012,0.629,0.804,1.000,0.907,0.000,0.371,0.076,0.121
635,541,498,0.010,0.625,0.804,1.000,0.902,0.000,0.375,0.084,0.111,553,463,0.011,0.636,0.774,1.000,0.922,0.001,0.363,0.136,0.089,588.000,553.000,0.012,0.631,0.765,1.000,0.917,0.000,0.369,0.133,0.102,596.000,541.000,0.012,0.629,0.804,1.000,0.907,0.000,0.371,0.076,0.121
636,541,498,0.010,0.625,0.804,1.000,0.902,0.000,0.375,0.084,0.111,553,463,0.011,0.636,0.774,1.000,0.922,0.001,0.363,0.136,0.089,588.000,553.000,0.012,0.631,0.765,1.000,0.917,0.000,0.369,0.133,0.102,596.000,541.000,0.012,0.629,0.804,1.000,0.907,0.000,0.371,0.076,0.121
637,541,498,0.010,0.625,0.804,1.000,0.902,0.000,0.375,0.084,0.111,553,463,0.011,0.636,0.774,1.000,0.922,0.001,0.363,0.136,0.089,588.000,553.000,0.012,0.631,0.765,1.000,0.917,0.000,0.369,0.133,0.102,596.000,541.000,0.012,0.629,0.804,1.000,0.907,0.000,0.371,0.076,0.121
638,541,498,0.010,0.625,0.804,1.000,0.902,0.000,0.375,0.084,0.111,553,463,0.011,0.636,0.774,1.000,0.922,0.001,0.363,0.136,0.089,588.000,553.000,0.012,0.631,0.765,1.000,0.917,0.000,0.369,0.133,0.102,596.000,541.000,0.012,0.629,0.804,1.000,0.907,0.000,0.371,0.076,0.121
639,541,498,0.010,0.625,0.804,1.000,0.902,0.000,0.375,0.084,0.111,553,463,0.011,0.636,0.774,1.000,0.922,0.001,0.363,0.136,0.089,588.000,553.000,0.012,0.631,0.765,1.000,0.917,0.000,0.369,0.133,0.102,596.000,541.000,0.012,0.629,0.804,1.000,0.907,0.000,0.371,0.076,0.121
640,541,498,0.010,0.625,0.804,1.000,0.902,0.000,0.375,0.084,0.111,553,463,0.011,0.636,0.774,1.000,0.922,0.001,0.363,0.136,0.089,588.000,553.000,0.012,0.631,0.765,1.000,0.917,0.000,0.369,0.133,0.102,596.000,541.000,0.012,0.629,0.804,1.000,0.907,0.000,0.371,0.076,0.121
641,541,498,0.010,0.625,0.804,1.000,0.902,0.000,0.375,0.084,0.111,553,463,0.011,0.636,0.774,1.000,0.922,0.001,0.363,0.136,0.089,588.000,553.000,0.012,0.631,0.765,1.000,0.917,0.000,0.369,0.133,0.102,596.000,541.000,0.012,0.629,0.804,1.000,0.907,0.000,0.371,0.076,0.121
642,541,498,0.010,0.625,0.804,1.000,0.902,0.000,0.375,0.084,0.111,553,463,0.011,0.636,0.774,1.000,0.922,0.001,0.363,0.136,0.089,588.000,553.000,0.012,0.631,0.765,1.000,0.917,0.000,0.369,0.133,0.102,596.000,541.000,0.012,0.629,0.804,1.000,0.907,0.000,0.371,0.076,0.121
643,541,498,0.010,0.625,0.804,1.000,0.902,0.000,0.375,0.084,0.111,553,463,0.011,0.636,0.774,1.000,0.922,0.001,0.363,0.136,0.089,588.000,553.000,0.012,0.631,0.765,1.000,0.917,0.000,0.369,0.133,0.102,596.000,541.000,0.012,0.629,0.804,1.000,0.907,0.000,0.371,0.076,0.121
644,541,498,0.010,0.625,0.804,1.000,0.902,0.000,0.375,0.084,0.111,553,463,0.011,0.636,0.774,1.000,0.922,0.001,0.363,0.136,0.089,588.000,553.000,0.012,0.631,0.765,1.000,0.917,0.000,0.369,0.133,0.102,596.000,541.000,0.012,0.629,0.804,1.000,0.907,0.000,0.371,0.076,0.121
645,541,498,0.010,0.625,0.804,1.000,0.902,0.000,0.375,0.084,0.111,553,463,0.011,0.636,0.774,1.000,0.922,0.001,0.363,0.136,0.089,588.000,553.000,0.012,0.631,0.765,1.000,0.917,0.000,0.369,0.133,0.102,596.000,541.000,0.012,0.629,0.804,1.000,0.907,0.000,0.371,0.076,0.121
646,541,498,0.010,0.625,0.804,1.000,0.902,0.000,0.375,0.084,0.111,553,463,0.011,0.636,0.774,1.000,0.922,0.001,0.363,0.136,0.089,588.000,553.000,0.012,0.631,0.765,1.000,0.917,0.000,0.369,0.133,0.102,596.000,541.000,0.012,0.629,0.804,1.000,0.907,0.000,0.371,0.076,0.121
647,541,498,0.010,0.625,0.804,1.000,0.902,0.000,0.375,0.084,0.111,553,463,0.011,0.636,0.774,1.000,0.922,0.001,0.363,0.136,0.089,588.000,553.000,0.012,0.631,0.765,1.000,0.917,0.000,0.369,0.133,0.102,596.000,541.000,0.012,0.629,0.804,1.000,0.907,0.000,0.371,0.076,0.121
648,541,498,0.010,0.625,0.804,1.000,0.902,0.000,0.375,0.084,0.111,553,463,0.011,0.636,0.774,1.000,0.922,0.001,0.363,0.136,0.089,588.000,553.000,0.012,0.631,0.765,1.000,0.917,0.000,0.369,0.133,0.102,596.000,541.000,0.012,0.629,0.804,1.000,0.907,0.000,0.371,0.076,0.121
649,541,498,0.010,0.625,0.804,1.000,0.902,0.000,0.375,0.084,0.111,553,463,0.011,0.636,0.774,1.000,0.922,0.001,0.363,0.136,0.089,588.000,553.000,0.012,0.631,0.765,1.000,0.917,0.000,0.369,0.133,0.102,596.000,541.000,0.012,0.629,0.804,1.000,0.907,0.000,0.371,0.076,0.121
650,541,498,0.010,0.625,0.804,1.000,0.902,0.000,0.375,0.084,0.111,553,463,0.011,0.636,0.774,1.000,0.922,0.001,0.363,0.136,0.089,588.000,553.000,0.012,0.631,0.765,1.000,0.917,0.000,0.369,0.133,0.102,596.000,541.000,0.012,0.629,0.804,1.000,0.907,0.000,0.371,0.076,0.121
651,541,498,0.010,0.625,0.804,1.000,0.902,0.000,0.375,0.084,0.111,553,463,0.011,0.636,0.774,1.000,0.922,0.001,0.363,0.136,0.089,588.000,553.000,0.012,0.631,0.765,1.000,0.917,0.000,0.369,0.133,0.102,596.000,541.000,0.012,0.629,0.804,1.000,0.907,0.000,0.371,0.076,0.121
652,541,498,0.010,0.625,0.804,1.000,0.902,0.000,0.375,0.084,0.111,553,463,0.011,0.636,0.774,1.000,0.922,0.001,0.363,0.136,0.089,588.000,553.000,0.012,0.631,0.765,1.000,0.917,0.000,0.369,0.133,0.102,596.000,541.000,0.012,0.629,0.804,1.000,0.907,0.000,0.371,0.076,0.121
653,541,498,0.010,0.625,0.804,1.000,0.902,0.000,0.375,0.084,0.111,553,463,0.011,0.636,0.774,1.000,0.922,0.001,0.363,0.136,0.089,588.000,553.000,0.012,0.631,0.765,1.000,0.917,0.000,0.369,0.133,0.102,596.000,541.000,0.012,0.629,0.804,1.000,0.907,0.000,0.371,0.076,0.121
654,541,498,0.010,0.625,0.804,1.000,0.902,0.000,0.375,0.084,0.111,553,463,0.011,0.636,0.774,1.000,0.922,0.001,0.363,0.136,0.089,588.000,553.000,0.012,0.631,0.765,1.000,0.917,0.000,0.369,0.133,0.102,596.000,541.000,0.012,0.629,0.804,1.000,0.907,0.000,0.371,0.076,0.121
655,541,498,0.010,0.625,0.804,1.000,0.902,0.000,0.375,0.084,0.111,553,463,0.011,0.636,0.774,1.000,0.922,0.001,0.363,0.136,0.089,588.000,553.000,0.012,0.631,0.765,1.000,0.917,0.000,0.369,0.133,0.102,596.000,541.000,0.012,0.629,0.804,1.000,0.907,0.000,0.371,0.076,0.121
656,541,498,0.010,0.625,0.804,1.000,0.902,0.000,0.375,0.084,0.111,553,463,0.011,0.636,0.774,1.000,0.922,0.001,0.363,0.136,0.089,596.000,541.000,0.012,0.629,0.804,1.000,0.907,0.000,0.371,0.076,0.121,606.000,588.000,0.009,0.624,0.765,1.000,0.922,0.000,0.376,0.135,0.100
657,541,498,0.010,0.625,0.804,1.000,0.902,0.000,0.375,0.084,0.111,553,463,0.011,0.636,0.774,1.000,0.922,0.001,0.363,0.136,0.089,621.000,588.000,0.011,0.636,0.753,1.000,0.914,0.000,0.364,0.141,0.106,634.000,541.000,0.011,0.629,0.795,1.000,0.894,0.000,0.371,0.091,0.114
658,541,498,0.010,0.625,0.804,1.000,0.902,0.000,0.375,0.084,0.111,553,463,0.011,0.636,0.774,1.000,0.922,0.001,0.363,0.136,0.089,634.000,541.000,0.011,0.629,0.795,1.000,0.894,0.000,0.371,0.091,0.114,636.000,541.000,0.011,0.614,0.790,1.000,0.915,0.000,0.386,0.081,0.129
659,541,498,0.010,0.625,0.804,1.000,0.902,0.000,0.375,0.084,0.111,553,463,0.011,0.636,0.774,1.000,0.922,0.001,0.363,0.136,0.089,634.000,541.000,0.011,0.629,0.795,1.000,0.894,0.000,0.371,0.091,0.114,636.000,541.000,0.011,0.614,0.790,1.000,0.915,0.000,0.386,0.081,0.129
660,541,498,0.010,0.625,0.804,1.000,0.902,0.000,0.375,0.084,0.111,553,463,0.011,0.636,0.774,1.000,0.922,0.001,0.363,0.136,0.089,634.000,541.000,0.011,0.629,0.795,1.000,0.894,0.000,0.371,0.091,0.114,636.000,541.000,0.011,0.614,0.790,1.000,0.915,0.000,0.386,0.081,0.129
661,541,498,0.010,0.625,0.804,1.000,0.902,0.000,0.375,0.084,0.111,634,541,0.011,0.629,0.795,1.000,0.894,0.000,0.371,0.091,0.114,636.000,541.000,0.011,0.614,0.790,1.000,0.915,0.000,0.386,0.081,0.129,,,,,,,,,,,
662,541,498,0.010,0.625,0.804,1.000,0.902,0.000,0.375,0.084,0.111,634,541,0.011,0.629,0.795,1.000,0.894,0.000,0.371,0.091,0.114,636.000,541.000,0.011,0.614,0.790,1.000,0.915,0.000,0.386,0.081,0.129,,,,,,,,,,,
663,541,498,0.010,0.625,0.804,1.000,0.902,0.000,0.375,0.084,0.111,634,541,0.011,0.629,0.795,1.000,0.894,0.000,0.371,0.091,0.114,636.000,541.000,0.011,0.614,0.790,1.000,0.915,0.000,0.386,0.081,0.129,,,,,,,,,,,
664,541,498,0.010,0.625,0.804,1.000,0.902,0.000,0.375,0.084,0.111,634,541,0.011,0.629,0.795,1.000,0.894,0.000,0.371,0.091,0.114,636.000,541.000,0.011,0.614,0.790,1.000,0.915,0.000,0.386,0.081,0.129,,,,,,,,,,,
665,541,498,0.010,0.625,0.804,1.000,0.902,0.000,0.375,0.084,0.111,634,541,0.011,0.629,0.795,1.000,0.894,0.000,0.371,0.091,0.114,636.000,541.000,0.011,0.614,0.790,1.000,0.915,0.000,0.386,0.081,0.129,,,,,,,,,,,
666,541,498,0.010,0.625,0.804,1.000,0.902,0.000,0.375,0.084,0.111,634,541,0.011,0.629,0.795,1.000,0.894,0.000,0.371,0.091,0.114,636.000,541.000,0.011,0.614,0.790,1.000,0.915,0.000,0.386,0.081,0.129,667.000,636.000,0.008,0.612,0.793,1.000,0.923,0.000,0.388,0.084,0.123
667,541,498,0.010,0.625,0.804,1.000,0.902,0.000,0.375,0.084,0.111,634,541,0.011,0.629,0.795,1.000,0.894,0.000,0.371,0.091,0.114,636.000,541.000,0.011,0.614,0.790,1.000,0.915,0.000,0.386,0.081,0.129,667.000,636.000,0.008,0.612,0.793,1.000,0.923,0.000,0.388,0.084,0.123
668,541,498,0.010,0.625,0.804,1.000,0.902,0.000,0.375,0.084,0.111,634,541,0.011,0.629,0.795,1.000,0.894,0.000,0.371,0.091,0.114,636.000,541.000,0.011,0.614,0.790,1.000,0.915,0.000,0.386,0.081,0.129,667.000,636.000,0.008,0.612,0.793,1.000,0.923,0.000,0.388,0.084,0.123
669,541,498,0.010,0.625,0.804,1.000,0.902,0.000,0.375,0.084,0.111,634,541,0.011,0.629,0.795,1.000,0.894,0.000,0.371,0.091,0.114,636.000,541.000,0.011,0.614,0.790,1.000,0.915,0.000,0.386,0.081,0.129,667.000,636.000,0.008,0.612,0.793,1.000,0.923,0.000,0.388,0.084,0.123
670,541,498,0.010,0.625,0.804,1.000,0.902,0.000,0.375,0.084,0.111,634,541,0.011,0.629,0.795,1.000,0.894,0.000,0.371,0.091,0.114,636.000,541.000,0.011,0.614,0.790,1.000,0.915,0.000,0.386,0.081,0.129,667.000,636.000,0.008,0.612,0.793,1.000,0.923,0.000,0.388,0.084,0.123
671,541,498,0.010,0.625,0.804,1.000,0.902,0.000,0.375,0.084,0.111,634,541,0.011,0.629,0.795,1.000,0.894,0.000,0.371,0.091,0.114,636.000,541.000,0.011,0.614,0.790,1.000,0.915,0.000,0.386,0.081,0.129,667.000,636.000,0.008,0.612,0.793,1.000,0.923,0.000,0.388,0.084,0.123
672,541,498,0.010,0.625,0.804,1.000,0.902,0.000,0.375,0.084,0.111,634,541,0.011,0.629,0.795,1.000,0.894,0.000,0.371,0.091,0.114,636.000,541.000,0.011,0.614,0.790,1.000,0.915,0.000,0.386,0.081,0.129,667.000,636.000,0.008,0.612,0.793,1.000,0.923,0.000,0.388,0.084,0.123
673,541,498,0.010,0.625,0.804,1.000,0.902,0.000,0.375,0.084,0.111,634,541,0.011,0.629,0.795,1.000,0.894,0.000,0.371,0.091,0.114,636.000,541.000,0.011,0.614,0.790,1.000,0.915,0.000,0.386,0.081,0.129,667.000,636.000,0.008,0.612,0.793,1.000,0.923,0.000,0.388,0.084,0.123
674,541,498,0.010,0.625,0.804,1.000,0.902,0.000,0.375,0.084,0.111,634,541,0.011,0.629,0.795,1.000,0.894,0.000,0.371,0.091,0.114,636.000,541.000,0.011,0.614,0.790,1.000,0.915,0.000,0.386,0.081,0.129,,,,,,,,,,,
675,541,498,0.010,0.625,0.804,1.000,0.902,0.000,0.375,0.084,0.111,634,541,0.011,0.629,0.795,1.000,0.894,0.000,0.371,0.091,0.114,636.000,541.000,0.011,0.614,0.790,1.000,0.915,0.000,0.386,0.081,0.129,676.000,636.000,0.019,0.624,0.771,1.000,0.902,0.000,0.376,0.096,0.133
676,541,498,0.010,0.625,0.804,1.000,0.902,0.000,0.375,0.084,0.111,634,541,0.011,0.629,0.795,1.000,0.894,0.000,0.371,0.091,0.114,636.000,541.000,0.011,0.614,0.790,1.000,0.915,0.000,0.386,0.081,0.129,676.000,636.000,0.019,0.624,0.771,1.000,0.902,0.000,0.376,0.096,0.133
677,541,498,0.010,0.625,0.804,1.000,0.902,0.000,0.375,0.084,0.111,634,541,0.011,0.629,0.795,1.000,0.894,0.000,0.371,0.091,0.114,636.000,541.000,0.011,0.614,0.790,1.000,0.915,0.000,0.386,0.081,0.129,676.000,636.000,0.019,0.624,0.771,1.000,0.902,0.000,0.376,0.096,0.133
678,541,498,0.010,0.625,0.804,1.000,0.902,0.000,0.375,0.084,0.111,634,541,0.011,0.629,0.795,1.000,0.894,0.000,0.371,0.091,0.114,636.000,541.000,0.011,0.614,0.790,1.000,0.915,0.000,0.386,0.081,0.129,676.000,636.000,0.019,0.624,0.771,1.000,0.902,0.000,0.376,0.096,0.133
679,541,498,0.010,0.625,0.804,1.000,0.902,0.000,0.375,0.084,0.111,634,541,0.011,0.629,0.795,1.000,0.894,0.000,0.371,0.091,0.114,636.000,541.000,0.011,0.614,0.790,1.000,0.915,0.000,0.386,0.081,0.129,676.000,636.000,0.019,0.624,0.771,1.000,0.902,0.000,0.376,0.096,0.133
680,541,498,0.010,0.625,0.804,1.000,0.902,0.000,0.375,0.084,0.111,634,541,0.011,0.629,0.795,1.000,0.894,0.000,0.371,0.091,0.114,636.000,541.000,0.011,0.614,0.790,1.000,0.915,0.000,0.386,0.081,0.129,676.000,636.000,0.019,0.624,0.771,1.000,0.902,0.000,0.376,0.096,0.133
681,541,498,0.010,0.625,0.804,1.000,0.902,0.000,0.375,0.084,0.111,634,541,0.011,0.629,0.795,1.000,0.894,0.000,0.371,0.091,0.114,636.000,541.000,0.011,0.614,0.790,1.000,0.915,0.000,0.386,0.081,0.129,677.000,541.000,0.006,0.642,0.819,1.000,0.907,0.000,0.358,0.083,0.098
682,541,498,0.010,0.625,0.804,1.000,0.902,0.000,0.375,0.084,0.111,634,541,0.011,0.629,0.795,1.000,0.894,0.000,0.371,0.091,0.114,636.000,541.000,0.011,0.614,0.790,1.000,0.915,0.000,0.386,0.081,0.129,677.000,541.000,0.006,0.642,0.819,1.000,0.907,0.000,0.358,0.083,0.098
683,541,498,0.010,0.625,0.804,1.000,0.902,0.000,0.375,0.084,0.111,634,541,0.011,0.629,0.795,1.000,0.894,0.000,0.371,0.091,0.114,636.000,541.000,0.011,0.614,0.790,1.000,0.915,0.000,0.386,0.081,0.129,677.000,541.000,0.006,0.642,0.819,1.000,0.907,0.000,0.358,0.083,0.098
684,541,498,0.010,0.625,0.804,1.000,0.902,0.000,0.375,0.084,0.111,634,541,0.011,0.629,0.795,1.000,0.894,0.000,0.371,0.091,0.114,636.000,541.000,0.011,0.614,0.790,1.000,0.915,0.000,0.386,0.081,0.129,677.000,541.000,0.006,0.642,0.819,1.000,0.907,0.000,0.358,0.083,0.098
685,541,498,0.010,0.625,0.804,1.000,0.902,0.000,0.375,0.084,0.111,634,541,0.011,0.629,0.795,1.000,0.894,0.000,0.371,0.091,0.114,636.000,541.000,0.011,0.614,0.790,1.000,0.915,0.000,0.386,0.081,0.129,677.000,541.000,0.006,0.642,0.819,1.000,0.907,0.000,0.358,0.083,0.098
686,541,498,0.010,0.625,0.804,1.000,0.902,0.000,0.375,0.084,0.111,634,541,0.011,0.629,0.795,1.000,0.894,0.000,0.371,0.091,0.114,636.000,541.000,0.011,0.614,0.790,1.000,0.915,0.000,0.386,0.081,0.129,677.000,541.000,0.006,0.642,0.819,1.000,0.907,0.000,0.358,0.083,0.098
687,541,498,0.010,0.625,0.804,1.000,0.902,0.000,0.375,0.084,0.111,634,541,0.011,0.629,0.795,1.000,0.894,0.000,0.371,0.091,0.114,636.000,541.000,0.011,0.614,0.790,1.000,0.915,0.000,0.386,0.081,0.129,682.000,676.000,0.020,0.623,0.758,1.000,0.915,0.000,0.377,0.106,0.136
688,541,498,0.010,0.625,0.804,1.000,0.902,0.000,0.375,0.084,0.111,634,541,0.011,0.629,0.795,1.000,0.894,0.000,0.371,0.091,0.114,636.000,541.000,0.011,0.614,0.790,1.000,0.915,0.000,0.386,0.081,0.129,684.000,634.000,0.010,0.630,0.791,1.000,0.905,0.003,0.367,0.094,0.115
689,541,498,0.010,0.625,0.804,1.000,0.902,0.000,0.375,0.084,0.111,634,541,0.011,0.629,0.795,1.000,0.894,0.000,0.371,0.091,0.114,636.000,541.000,0.011,0.614,0.790,1.000,0.915,0.000,0.386,0.081,0.129,684.000,634.000,0.010,0.630,0.791,1.000,0.905,0.003,0.367,0.094,0.115
690,541,498,0.010,0.625,0.804,1.000,0.902,0.000,0.375,0.084,0.111,634,541,0.011,0.629,0.795,1.000,0.894,0.000,0.371,0.091,0.114,636.000,541.000,0.011,0.614,0.790,1.000,0.915,0.000,0.386,0.081,0.129,684.000,634.000,0.010,0.630,0.791,1.000,0.905,0.003,0.367,0.094,0.115
691,541,498,0.010,0.625,0.804,1.000,0.902,0.000,0.375,0.084,0.111,634,541,0.011,0.629,0.795,1.000,0.894,0.000,0.371,0.091,0.114,636.000,541.000,0.011,0.614,0.790,1.000,0.915,0.000,0.386,0.081,0.129,684.000,634.000,0.010,0.630,0.791,1.000,0.905,0.003,0.367,0.094,0.115
692,541,498,0.010,0.625,0.804,1.000,0.902,0.000,0.375,0.084,0.111,634,541,0.011,0.629,0.795,1.000,0.894,0.000,0.371,0.091,0.114,636.000,541.000,0.011,0.614,0.790,1.000,0.915,0.000,0.386,0.081,0.129,684.000,634.000,0.010,0.630,0.791,1.000,0.905,0.003,0.367,0.094,0.115
693,541,498,0.010,0.625,0.804,1.000,0.902,0.000,0.375,0.084,0.111,634,541,0.011,0.629,0.795,1.000,0.894,0.000,0.371,0.091,0.114,636.000,541.000,0.011,0.614,0.790,1.000,0.915,0.000,0.386,0.081,0.129,684.000,634.000,0.010,0.630,0.791,1.000,0.905,0.003,0.367,0.094,0.115
694,541,498,0.010,0.625,0.804,1.000,0.902,0.000,0.375,0.084,0.111,634,541,0.011,0.629,0.795,1.000,0.894,0.000,0.371,0.091,0.114,636.000,541.000,0.011,0.614,0.790,1.000,0.915,0.000,0.386,0.081,0.129,684.000,634.000,0.010,0.630,0.791,1.000,0.905,0.003,0.367,0.094,0.115
695,541,498,0.010,0.625,0.804,1.000,0.902,0.000,0.375,0.084,0.111,634,541,0.011,0.629,0.795,1.000,0.894,0.000,0.371,0.091,0.114,636.000,541.000,0.011,0.614,0.790,1.000,0.915,0.000,0.386,0.081,0.129,684.000,634.000,0.010,0.630,0.791,1.000,0.905,0.003,0.367,0.094,0.115
696,541,498,0.010,0.625,0.804,1.000,0.902,0.000,0.375,0.084,0.111,634,541,0.011,0.629,0.795,1.000,0.894,0.000,0.371,0.091,0.114,636.000,541.000,0.011,0.614,0.790,1.000,0.915,0.000,0.386,0.081,0.129,684.000,634.000,0.010,0.630,0.791,1.000,0.905,0.003,0.367,0.094,0.115
697,541,498,0.010,0.625,0.804,1.000,0.902,0.000,0.375,0.084,0.111,634,541,0.011,0.629,0.795,1.000,0.894,0.000,0.371,0.091,0.114,636.000,541.000,0.011,0.614,0.790,1.000,0.915,0.000,0.386,0.081,0.129,684.000,634.000,0.010,0.630,0.791,1.000,0.905,0.003,0.367,0.094,0.115
698,541,498,0.010,0.625,0.804,1.000,0.902,0.000,0.375,0.084,0.111,634,541,0.011,0.629,0.795,1.000,0.894,0.000,0.371,0.091,0.114,636.000,541.000,0.011,0.614,0.790,1.000,0.915,0.000,0.386,0.081,0.129,684.000,634.000,0.010,0.630,0.791,1.000,0.905,0.003,0.367,0.094,0.115
699,541,498,0.010,0.625,0.804,1.000,0.902,0.000,0.375,0.084,0.111,634,541,0.011,0.629,0.795,1.000,0.894,0.000,0.371,0.091,0.114,636.000,541.000,0.011,0.614,0.790,1.000,0.915,0.000,0.386,0.081,0.129,684.000,634.000,0.010,0.630,0.791,1.000,0.905,0.003,0.367,0.094,0.115
700,541,498,0.010,0.625,0.804,1.000,0.902,0.000,0.375,0.084,0.111,634,541,0.011,0.629,0.795,1.000,0.894,0.000,0.371,0.091,0.114,636.000,541.000,0.011,0.614,0.790,1.000,0.915,0.000,0.386,0.081,0.129,684.000,634.000,0.010,0.630,0.791,1.000,0.905,0.003,0.367,0.094,0.115
701,541,498,0.010,0.625,0.804,1.000,0.902,0.000,0.375,0.084,0.111,634,541,0.011,0.629,0.795,1.000,0.894,0.000,0.371,0.091,0.114,636.000,541.000,0.011,0.614,0.790,1.000,0.915,0.000,0.386,0.081,0.129,685.000,684.000,0.009,0.627,0.809,1.000,0.928,0.000,0.373,0.099,0.091
702,541,498,0.010,0.625,0.804,1.000,0.902,0.000,0.375,0.084,0.111,634,541,0.011,0.629,0.795,1.000,0.894,0.000,0.371,0.091,0.114,636.000,541.000,0.011,0.614,0.790,1.000,0.915,0.000,0.386,0.081,0.129,685.000,684.000,0.009,0.627,0.809,1.000,0.928,0.000,0.373,0.099,0.091
703,541,498,0.010,0.625,0.804,1.000,0.902,0.000,0.375,0.084,0.111,634,541,0.011,0.629,0.795,1.000,0.894,0.000,0.371,0.091,0.114,636.000,541.000,0.011,0.614,0.790,1.000,0.915,0.000,0.386,0.081,0.129,685.000,684.000,0.009,0.627,0.809,1.000,0.928,0.000,0.373,0.099,0.091
704,541,498,0.010,0.625,0.804,1.000,0.902,0.000,0.375,0.084,0.111,634,541,0.011,0.629,0.795,1.000,0.894,0.000,0.371,0.091,0.114,636.000,541.000,0.011,0.614,0.790,1.000,0.915,0.000,0.386,0.081,0.129,685.000,684.000,0.009,0.627,0.809,1.000,0.928,0.000,0.373,0.099,0.091
705,541,498,0.010,0.625,0.804,1.000,0.902,0.000,0.375,0.084,0.111,634,541,0.011,0.629,0.795,1.000,0.894,0.000,0.371,0.091,0.114,636.000,541.000,0.011,0.614,0.790,1.000,0.915,0.000,0.386,0.081,0.129,685.000,684.000,0.009,0.627,0.809,1.000,0.928,0.000,0.373,0.099,0.091
706,541,498,0.010,0.625,0.804,1.000,0.902,0.000,0.375,0.084,0.111,634,541,0.011,0.629,0.795,1.000,0.894,0.000,0.371,0.091,0.114,636.000,541.000,0.011,0.614,0.790,1.000,0.915,0.000,0.386,0.081,0.129,685.000,684.000,0.009,0.627,0.809,1.000,0.928,0.000,0.373,0.099,0.091
707,541,498,0.010,0.625,0.804,1.000,0.902,0.000,0.375,0.084,0.111,634,541,0.011,0.629,0.795,1.000,0.894,0.000,0.371,0.091,0.114,636.000,541.000,0.011,0.614,0.790,1.000,0.915,0.000,0.386,0.081,0.129,685.000,684.000,0.009,0.627,0.809,1.000,0.928,0.000,0.373,0.099,0.091
708,541,498,0.010,0.625,0.804,1.000,0.902,0.000,0.375,0.084,0.111,634,541,0.011,0.629,0.795,1.000,0.894,0.000,0.371,0.091,0.114,636.000,541.000,0.011,0.614,0.790,1.000,0.915,0.000,0.386,0.081,0.129,685.000,684.000,0.009,0.627,0.809,1.000,0.928,0.000,0.373,0.099,0.091
709,541,498,0.010,0.625,0.804,1.000,0.902,0.000,0.375,0.084,0.111,634,541,0.011,0.629,0.795,1.000,0.894,0.000,0.371,0.091,0.114,636.000,541.000,0.011,0.614,0.790,1.000,0.915,0.000,0.386,0.081,0.129,685.000,684.000,0.009,0.627,0.809,1.000,0.928,0.000,0.373,0.099,0.091
710,541,498,0.010,0.625,0.804,1.000,0.902,0.000,0.375,0.084,0.111,634,541,0.011,0.629,0.795,1.000,0.894,0.000,0.371,0.091,0.114,636.000,541.000,0.011,0.614,0.790,1.000,0.915,0.000,0.386,0.081,0.129,685.000,684.000,0.009,0.627,0.809,1.000,0.928,0.000,0.373,0.099,0.091
711,541,498,0.010,0.625,0.804,1.000,0.902,0.000,0.375,0.084,0.111,634,541,0.011,0.629,0.795,1.000,0.894,0.000,0.371,0.091,0.114,636.000,541.000,0.011,0.614,0.790,1.000,0.915,0.000,0.386,0.081,0.129,685.000,684.000,0.009,0.627,0.809,1.000,0.928,0.000,0.373,0.099,0.091
712,541,498,0.010,0.625,0.804,1.000,0.902,0.000,0.375,0.084,0.111,634,541,0.011,0.629,0.795,1.000,0.894,0.000,0.371,0.091,0.114,636.000,541.000,0.011,0.614,0.790,1.000,0.915,0.000,0.386,0.081,0.129,685.000,684.000,0.009,0.627,0.809,1.000,0.928,0.000,0.373,0.099,0.091
713,541,498,0.010,0.625,0.804,1.000,0.902,0.000,0.375,0.084,0.111,634,541,0.011,0.629,0.795,1.000,0.894,0.000,0.371,0.091,0.114,636.000,541.000,0.011,0.614,0.790,1.000,0.915,0.000,0.386,0.081,0.129,685.000,684.000,0.009,0.627,0.809,1.000,0.928,0.000,0.373,0.099,0.091
714,541,498,0.010,0.625,0.804,1.000,0.902,0.000,0.375,0.084,0.111,634,541,0.011,0.629,0.795,1.000,0.894,0.000,0.371,0.091,0.114,636.000,541.000,0.011,0.614,0.790,1.000,0.915,0.000,0.386,0.081,0.129,685.000,684.000,0.009,0.627,0.809,1.000,0.928,0.000,0.373,0.099,0.091
715,541,498,0.010,0.625,0.804,1.000,0.902,0.000,0.375,0.084,0.111,634,541,0.011,0.629,0.795,1.000,0.894,0.000,0.371,0.091,0.114,636.000,541.000,0.011,0.614,0.790,1.000,0.915,0.000,0.386,0.081,0.129,685.000,684.000,0.009,0.627,0.809,1.000,0.928,0.000,0.373,0.099,0.091
716,541,498,0.010,0.625,0.804,1.000,0.902,0.000,0.375,0.084,0.111,634,541,0.011,0.629,0.795,1.000,0.894,0.000,0.371,0.091,0.114,636.000,541.000,0.011,0.614,0.790,1.000,0.915,0.000,0.386,0.081,0.129,685.000,684.000,0.009,0.627,0.809,1.000,0.928,0.000,0.373,0.099,0.091
717,541,498,0.010,0.625,0.804,1.000,0.902,0.000,0.375,0.084,0.111,634,541,0.011,0.629,0.795,1.000,0.894,0.000,0.371,0.091,0.114,636.000,541.000,0.011,0.614,0.790,1.000,0.915,0.000,0.386,0.081,0.129,685.000,684.000,0.009,0.627,0.809,1.000,0.928,0.000,0.373,0.099,0.091
718,541,498,0.010,0.625,0.804,1.000,0.902,0.000,0.375,0.084,0.111,634,541,0.011,0.629,0.795,1.000,0.894,0.000,0.371,0.091,0.114,636.000,541.000,0.011,0.614,0.790,1.000,0.915,0.000,0.386,0.081,0.129,685.000,684.000,0.009,0.627,0.809,1.000,0.928,0.000,0.373,0.099,0.091
719,541,498,0.010,0.625,0.804,1.000,0.902,0.000,0.375,0.084,0.111,634,541,0.011,0.629,0.795,1.000,0.894,0.000,0.371,0.091,0.114,636.000,541.000,0.011,0.614,0.790,1.000,0.915,0.000,0.386,0.081,0.129,685.000,684.000,0.009,0.627,0.809,1.000,0.928,0.000,0.373,0.099,0.091
720,541,498,0.010,0.625,0.804,1.000,0.902,0.000,0.375,0.084,0.111,634,541,0.011,0.629,0.795,1.000,0.894,0.000,0.371,0.091,0.114,636.000,541.000,0.011,0.614,0.790,1.000,0.915,0.000,0.386,0.081,0.129,685.000,684.000,0.009,0.627,0.809,1.000,0.928,0.000,0.373,0.099,0.091
721,541,498,0.010,0.625,0.804,1.000,0.902,0.000,0.375,0.084,0.111,634,541,0.011,0.629,0.795,1.000,0.894,0.000,0.371,0.091,0.114,636.000,541.000,0.011,0.614,0.790,1.000,0.915,0.000,0.386,0.081,0.129,685.000,684.000,0.009,0.627,0.809,1.000,0.928,0.000,0.373,0.099,0.091
722,541,498,0.010,0.625,0.804,1.000,0.902,0.000,0.375,0.084,0.111,634,541,0.011,0.629,0.795,1.000,0.894,0.000,0.371,0.091,0.114,636.000,541.000,0.011,0.614,0.790,1.000,0.915,0.000,0.386,0.081,0.129,685.000,684.000,0.009,0.627,0.809,1.000,0.928,0.000,0.373,0.099,0.091
723,541,498,0.010,0.625,0.804,1.000,0.902,0.000,0.375,0.084,0.111,634,541,0.011,0.629,0.795,1.000,0.894,0.000,0.371,0.091,0.114,636.000,541.000,0.011,0.614,0.790,1.000,0.915,0.000,0.386,0.081,0.129,685.000,684.000,0.009,0.627,0.809,1.000,0.928,0.000,0.373,0.099,0.091
724,541,498,0.010,0.625,0.804,1.000,0.902,0.000,0.375,0.084,0.111,634,541,0.011,0.629,0.795,1.000,0.894,0.000,0.371,0.091,0.114,636.000,541.000,0.011,0.614,0.790,1.000,0.915,0.000,0.386,0.081,0.129,685.000,684.000,0.009,0.627,0.809,1.000,0.928,0.000,0.373,0.099,0.091
725,541,498,0.010,0.625,0.804,1.000,0.902,0.000,0.375,0.084,0.111,634,541,0.011,0.629,0.795,1.000,0.894,0.000,0.371,0.091,0.114,636.000,541.000,0.011,0.614,0.790,1.000,0.915,0.000,0.386,0.081,0.129,685.000,684.000,0.009,0.627,0.809,1.000,0.928,0.000,0.373,0.099,0.091
726,541,498,0.010,0.625,0.804,1.000,0.902,0.000,0.375,0.084,0.111,634,541,0.011,0.629,0.795,1.000,0.894,0.000,0.371,0.091,0.114,636.000,541.000,0.011,0.614,0.790,1.000,0.915,0.000,0.386,0.081,0.129,689.000,634.000,0.013,0.617,0.802,1.000,0.900,0.000,0.383,0.081,0.117
727,541,498,0.010,0.625,0.804,1.000,0.902,0.000,0.375,0.084,0.111,634,541,0.011,0.629,0.795,1.000,0.894,0.000,0.371,0.091,0.114,636.000,541.000,0.011,0.614,0.790,1.000,0.915,0.000,0.386,0.081,0.129,689.000,634.000,0.013,0.617,0.802,1.000,0.900,0.000,0.383,0.081,0.117
728,541,498,0.010,0.625,0.804,1.000,0.902,0.000,0.375,0.084,0.111,634,541,0.011,0.629,0.795,1.000,0.894,0.000,0.371,0.091,0.114,636.000,541.000,0.011,0.614,0.790,1.000,0.915,0.000,0.386,0.081,0.129,689.000,634.000,0.013,0.617,0.802,1.000,0.900,0.000,0.383,0.081,0.117
729,541,498,0.010,0.625,0.804,1.000,0.902,0.000,0.375,0.084,0.111,634,541,0.011,0.629,0.795,1.000,0.894,0.000,0.371,0.091,0.114,636.000,541.000,0.011,0.614,0.790,1.000,0.915,0.000,0.386,0.081,0.129,689.000,634.000,0.013,0.617,0.802,1.000,0.900,0.000,0.383,0.081,0.117
730,541,498,0.010,0.625,0.804,1.000,0.902,0.000,0.375,0.084,0.111,634,541,0.011,0.629,0.795,1.000,0.894,0.000,0.371,0.091,0.114,636.000,541.000,0.011,0.614,0.790,1.000,0.915,0.000,0.386,0.081,0.129,689.000,634.000,0.013,0.617,0.802,1.000,0.900,0.000,0.383,0.081,0.117
731,541,498,0.010,0.625,0.804,1.000,0.902,0.000,0.375,0.084,0.111,634,541,0.011,0.629,0.795,1.000,0.894,0.000,0.371,0.091,0.114,636.000,541.000,0.011,0.614,0.790,1.000,0.915,0.000,0.386,0.081,0.129,689.000,634.000,0.013,0.617,0.802,1.000,0.900,0.000,0.383,0.081,0.117
732,541,498,0.010,0.625,0.804,1.000,0.902,0.000,0.375,0.084,0.111,634,541,0.011,0.629,0.795,1.000,0.894,0.000,0.371,0.091,0.114,636.000,541.000,0.011,0.614,0.790,1.000,0.915,0.000,0.386,0.081,0.129,689.000,634.000,0.013,0.617,0.802,1.000,0.900,0.000,0.383,0.081,0.117
733,541,498,0.010,0.625,0.804,1.000,0.902,0.000,0.375,0.084,0.111,634,541,0.011,0.629,0.795,1.000,0.894,0.000,0.371,0.091,0.114,636.000,541.000,0.011,0.614,0.790,1.000,0.915,0.000,0.386,0.081,0.129,689.000,634.000,0.013,0.617,0.802,1.000,0.900,0.000,0.383,0.081,0.117
734,541,498,0.010,0.625,0.804,1.000,0.902,0.000,0.375,0.084,0.111,634,541,0.011,0.629,0.795,1.000,0.894,0.000,0.371,0.091,0.114,636.000,541.000,0.011,0.614,0.790,1.000,0.915,0.000,0.386,0.081,0.129,689.000,634.000,0.013,0.617,0.802,1.000,0.900,0.000,0.383,0.081,0.117
735,541,498,0.010,0.625,0.804,1.000,0.902,0.000,0.375,0.084,0.111,634,541,0.011,0.629,0.795,1.000,0.894,0.000,0.371,0.091,0.114,636.000,541.000,0.011,0.614,0.790,1.000,0.915,0.000,0.386,0.081,0.129,689.000,634.000,0.013,0.617,0.802,1.000,0.900,0.000,0.383,0.081,0.117
736,541,498,0.010,0.625,0.804,1.000,0.902,0.000,0.375,0.084,0.111,634,541,0.011,0.629,0.795,1.000,0.894,0.000,0.371,0.091,0.114,636.000,541.000,0.011,0.614,0.790,1.000,0.915,0.000,0.386,0.081,0.129,689.000,634.000,0.013,0.617,0.802,1.000,0.900,0.000,0.383,0.081,0.117
737,541,498,0.010,0.625,0.804,1.000,0.902,0.000,0.375,0.084,0.111,634,541,0.011,0.629,0.795,1.000,0.894,0.000,0.371,0.091,0.114,636.000,541.000,0.011,0.614,0.790,1.000,0.915,0.000,0.386,0.081,0.129,689.000,634.000,0.013,0.617,0.802,1.000,0.900,0.000,0.383,0.081,0.117
738,541,498,0.010,0.625,0.804,1.000,0.902,0.000,0.375,0.084,0.111,634,541,0.011,0.629,0.795,1.000,0.894,0.000,0.371,0.091,0.114,636.000,541.000,0.011,0.614,0.790,1.000,0.915,0.000,0.386,0.081,0.129,689.000,634.000,0.013,0.617,0.802,1.000,0.900,0.000,0.383,0.081,0.117
739,541,498,0.010,0.625,0.804,1.000,0.902,0.000,0.375,0.084,0.111,634,541,0.011,0.629,0.795,1.000,0.894,0.000,0.371,0.091,0.114,636.000,541.000,0.011,0.614,0.790,1.000,0.915,0.000,0.386,0.081,0.129,689.000,634.000,0.013,0.617,0.802,1.000,0.900,0.000,0.383,0.081,0.117
740,541,498,0.010,0.625,0.804,1.000,0.902,0.000,0.375,0.084,0.111,634,541,0.011,0.629,0.795,1.000,0.894,0.000,0.371,0.091,0.114,636.000,541.000,0.011,0.614,0.790,1.000,0.915,0.000,0.386,0.081,0.129,689.000,634.000,0.013,0.617,0.802,1.000,0.900,0.000,0.383,0.081,0.117
741,541,498,0.010,0.625,0.804,1.000,0.902,0.000,0.375,0.084,0.111,634,541,0.011,0.629,0.795,1.000,0.894,0.000,0.371,0.091,0.114,636.000,541.000,0.011,0.614,0.790,1.000,0.915,0.000,0.386,0.081,0.129,689.000,634.000,0.013,0.617,0.802,1.000,0.900,0.000,0.383,0.081,0.117
742,541,498,0.010,0.625,0.804,1.000,0.902,0.000,0.375,0.084,0.111,634,541,0.011,0.629,0.795,1.000,0.894,0.000,0.371,0.091,0.114,636.000,541.000,0.011,0.614,0.790,1.000,0.915,0.000,0.386,0.081,0.129,689.000,634.000,0.013,0.617,0.802,1.000,0.900,0.000,0.383,0.081,0.117
743,541,498,0.010,0.625,0.804,1.000,0.902,0.000,0.375,0.084,0.111,634,541,0.011,0.629,0.795,1.000,0.894,0.000,0.371,0.091,0.114,636.000,541.000,0.011,0.614,0.790,1.000,0.915,0.000,0.386,0.081,0.129,689.000,634.000,0.013,0.617,0.802,1.000,0.900,0.000,0.383,0.081,0.117
744,541,498,0.010,0.625,0.804,1.000,0.902,0.000,0.375,0.084,0.111,634,541,0.011,0.629,0.795,1.000,0.894,0.000,0.371,0.091,0.114,636.000,541.000,0.011,0.614,0.790,1.000,0.915,0.000,0.386,0.081,0.129,689.000,634.000,0.013,0.617,0.802,1.000,0.900,0.000,0.383,0.081,0.117
745,541,498,0.010,0.625,0.804,1.000,0.902,0.000,0.375,0.084,0.111,634,541,0.011,0.629,0.795,1.000,0.894,0.000,0.371,0.091,0.114,636.000,541.000,0.011,0.614,0.790,1.000,0.915,0.000,0.386,0.081,0.129,689.000,634.000,0.013,0.617,0.802,1.000,0.900,0.000,0.383,0.081,0.117
746,541,498,0.010,0.625,0.804,1.000,0.902,0.000,0.375,0.084,0.111,634,541,0.011,0.629,0.795,1.000,0.894,0.000,0.371,0.091,0.114,636.000,541.000,0.011,0.614,0.790,1.000,0.915,0.000,0.386,0.081,0.129,689.000,634.000,0.013,0.617,0.802,1.000,0.900,0.000,0.383,0.081,0.117
747,541,498,0.010,0.625,0.804,1.000,0.902,0.000,0.375,0.084,0.111,634,541,0.011,0.629,0.795,1.000,0.894,0.000,0.371,0.091,0.114,636.000,541.000,0.011,0.614,0.790,1.000,0.915,0.000,0.386,0.081,0.129,689.000,634.000,0.013,0.617,0.802,1.000,0.900,0.000,0.383,0.081,0.117
748,541,498,0.010,0.625,0.804,1.000,0.902,0.000,0.375,0.084,0.111,634,541,0.011,0.629,0.795,1.000,0.894,0.000,0.371,0.091,0.114,636.000,541.000,0.011,0.614,0.790,1.000,0.915,0.000,0.386,0.081,0.129,689.000,634.000,0.013,0.617,0.802,1.000,0.900,0.000,0.383,0.081,0.117
749,541,498,0.010,0.625,0.804,1.000,0.902,0.000,0.375,0.084,0.111,634,541,0.011,0.629,0.795,1.000,0.894,0.000,0.371,0.091,0.114,636.000,541.000,0.011,0.614,0.790,1.000,0.915,0.000,0.386,0.081,0.129,689.000,634.000,0.013,0.617,0.802,1.000,0.900,0.000,0.383,0.081,0.117
750,541,498,0.010,0.625,0.804,1.000,0.902,0.000,0.375,0.084,0.111,634,541,0.011,0.629,0.795,1.000,0.894,0.000,0.371,0.091,0.114,636.000,541.000,0.011,0.614,0.790,1.000,0.915,0.000,0.386,0.081,0.129,689.000,634.000,0.013,0.617,0.802,1.000,0.900,0.000,0.383,0.081,0.117
751,541,498,0.010,0.625,0.804,1.000,0.902,0.000,0.375,0.084,0.111,634,541,0.011,0.629,0.795,1.000,0.894,0.000,0.371,0.091,0.114,636.000,541.000,0.011,0.614,0.790,1.000,0.915,0.000,0.386,0.081,0.129,689.000,634.000,0.013,0.617,0.802,1.000,0.900,0.000,0.383,0.081,0.117
752,541,498,0.010,0.625,0.804,1.000,0.902,0.000,0.375,0.084,0.111,634,541,0.011,0.629,0.795,1.000,0.894,0.000,0.371,0.091,0.114,636.000,541.000,0.011,0.614,0.790,1.000,0.915,0.000,0.386,0.081,0.129,689.000,634.000,0.013,0.617,0.802,1.000,0.900,0.000,0.383,0.081,0.117
753,541,498,0.010,0.625,0.804,1.000,0.902,0.000,0.375,0.084,0.111,634,541,0.011,0.629,0.795,1.000,0.894,0.000,0.371,0.091,0.114,636.000,541.000,0.011,0.614,0.790,1.000,0.915,0.000,0.386,0.081,0.129,689.000,634.000,0.013,0.617,0.802,1.000,0.900,0.000,0.383,0.081,0.117
754,541,498,0.010,0.625,0.804,1.000,0.902,0.000,0.375,0.084,0.111,634,541,0.011,0.629,0.795,1.000,0.894,0.000,0.371,0.091,0.114,636.000,541.000,0.011,0.614,0.790,1.000,0.915,0.000,0.386,0.081,0.129,689.000,634.000,0.013,0.617,0.802,1.000,0.900,0.000,0.383,0.081,0.117
755,541,498,0.010,0.625,0.804,1.000,0.902,0.000,0.375,0.084,0.111,634,541,0.011,0.629,0.795,1.000,0.894,0.000,0.371,0.091,0.114,636.000,541.000,0.011,0.614,0.790,1.000,0.915,0.000,0.386,0.081,0.129,689.000,634.000,0.013,0.617,0.802,1.000,0.900,0.000,0.383,0.081,0.117
756,541,498,0.010,0.625,0.804,1.000,0.902,0.000,0.375,0.084,0.111,634,541,0.011,0.629,0.795,1.000,0.894,0.000,0.371,0.091,0.114,636.000,541.000,0.011,0.614,0.790,1.000,0.915,0.000,0.386,0.081,0.129,689.000,634.000,0.013,0.617,0.802,1.000,0.900,0.000,0.383,0.081,0.117
757,541,498,0.010,0.625,0.804,1.000,0.902,0.000,0.375,0.084,0.111,634,541,0.011,0.629,0.795,1.000,0.894,0.000,0.371,0.091,0.114,636.000,541.000,0.011,0.614,0.790,1.000,0.915,0.000,0.386,0.081,0.129,689.000,634.000,0.013,0.617,0.802,1.000,0.900,0.000,0.383,0.081,0.117
758,541,498,0.010,0.625,0.804,1.000,0.902,0.000,0.375,0.084,0.111,634,541,0.011,0.629,0.795,1.000,0.894,0.000,0.371,0.091,0.114,636.000,541.000,0.011,0.614,0.790,1.000,0.915,0.000,0.386,0.081,0.129,689.000,634.000,0.013,0.617,0.802,1.000,0.900,0.000,0.383,0.081,0.117
759,541,498,0.010,0.625,0.804,1.000,0.902,0.000,0.375,0.084,0.111,634,541,0.011,0.629,0.795,1.000,0.894,0.000,0.371,0.091,0.114,636.000,541.000,0.011,0.614,0.790,1.000,0.915,0.000,0.386,0.081,0.129,689.000,634.000,0.013,0.617,0.802,1.000,0.900,0.000,0.383,0.081,0.117
760,541,498,0.010,0.625,0.804,1.000,0.902,0.000,0.375,0.084,0.111,634,541,0.011,0.629,0.795,1.000,0.894,0.000,0.371,0.091,0.114,636.000,541.000,0.011,0.614,0.790,1.000,0.915,0.000,0.386,0.081,0.129,689.000,634.000,0.013,0.617,0.802,1.000,0.900,0.000,0.383,0.081,0.117
761,541,498,0.010,0.625,0.804,1.000,0.902,0.000,0.375,0.084,0.111,634,541,0.011,0.629,0.795,1.000,0.894,0.000,0.371,0.091,0.114,636.000,541.000,0.011,0.614,0.790,1.000,0.915,0.000,0.386,0.081,0.129,689.000,634.000,0.013,0.617,0.802,1.000,0.900,0.000,0.383,0.081,0.117
762,541,498,0.010,0.625,0.804,1.000,0.902,0.000,0.375,0.084,0.111,634,541,0.011,0.629,0.795,1.000,0.894,0.000,0.371,0.091,0.114,636.000,541.000,0.011,0.614,0.790,1.000,0.915,0.000,0.386,0.081,0.129,689.000,634.000,0.013,0.617,0.802,1.000,0.900,0.000,0.383,0.081,0.117
763,541,498,0.010,0.625,0.804,1.000,0.902,0.000,0.375,0.084,0.111,634,541,0.011,0.629,0.795,1.000,0.894,0.000,0.371,0.091,0.114,636.000,541.000,0.011,0.614,0.790,1.000,0.915,0.000,0.386,0.081,0.129,689.000,634.000,0.013,0.617,0.802,1.000,0.900,0.000,0.383,0.081,0.117
764,541,498,0.010,0.625,0.804,1.000,0.902,0.000,0.375,0.084,0.111,634,541,0.011,0.629,0.795,1.000,0.894,0.000,0.371,0.091,0.114,636.000,541.000,0.011,0.614,0.790,1.000,0.915,0.000,0.386,0.081,0.129,689.000,634.000,0.013,0.617,0.802,1.000,0.900,0.000,0.383,0.081,0.117
765,541,498,0.010,0.625,0.804,1.000,0.902,0.000,0.375,0.084,0.111,634,541,0.011,0.629,0.795,1.000,0.894,0.000,0.371,0.091,0.114,636.000,541.000,0.011,0.614,0.790,1.000,0.915,0.000,0.386,0.081,0.129,689.000,634.000,0.013,0.617,0.802,1.000,0.900,0.000,0.383,0.081,0.117
766,541,498,0.010,0.625,0.804,1.000,0.902,0.000,0.375,0.084,0.111,634,541,0.011,0.629,0.795,1.000,0.894,0.000,0.371,0.091,0.114,636.000,541.000,0.011,0.614,0.790,1.000,0.915,0.000,0.386,0.081,0.129,689.000,634.000,0.013,0.617,0.802,1.000,0.900,0.000,0.383,0.081,0.117
767,541,498,0.010,0.625,0.804,1.000,0.902,0.000,0.375,0.084,0.111,634,541,0.011,0.629,0.795,1.000,0.894,0.000,0.371,0.091,0.114,636.000,541.000,0.011,0.614,0.790,1.000,0.915,0.000,0.386,0.081,0.129,689.000,634.000,0.013,0.617,0.802,1.000,0.900,0.000,0.383,0.081,0.117
768,541,498,0.010,0.625,0.804,1.000,0.902,0.000,0.375,0.084,0.111,634,541,0.011,0.629,0.795,1.000,0.894,0.000,0.371,0.091,0.114,636.000,541.000,0.011,0.614,0.790,1.000,0.915,0.000,0.386,0.081,0.129,689.000,634.000,0.013,0.617,0.802,1.000,0.900,0.000,0.383,0.081,0.117
769,541,498,0.010,0.625,0.804,1.000,0.902,0.000,0.375,0.084,0.111,634,541,0.011,0.629,0.795,1.000,0.894,0.000,0.371,0.091,0.114,636.000,541.000,0.011,0.614,0.790,1.000,0.915,0.000,0.386,0.081,0.129,689.000,634.000,0.013,0.617,0.802,1.000,0.900,0.000,0.383,0.081,0.117
770,541,498,0.010,0.625,0.804,1.000,0.902,0.000,0.375,0.084,0.111,634,541,0.011,0.629,0.795,1.000,0.894,0.000,0.371,0.091,0.114,636.000,541.000,0.011,0.614,0.790,1.000,0.915,0.000,0.386,0.081,0.129,689.000,634.000,0.013,0.617,0.802,1.000,0.900,0.000,0.383,0.081,0.117
771,541,498,0.010,0.625,0.804,1.000,0.902,0.000,0.375,0.084,0.111,634,541,0.011,0.629,0.795,1.000,0.894,0.000,0.371,0.091,0.114,636.000,541.000,0.011,0.614,0.790,1.000,0.915,0.000,0.386,0.081,0.129,689.000,634.000,0.013,0.617,0.802,1.000,0.900,0.000,0.383,0.081,0.117
772,541,498,0.010,0.625,0.804,1.000,0.902,0.000,0.375,0.084,0.111,634,541,0.011,0.629,0.795,1.000,0.894,0.000,0.371,0.091,0.114,636.000,541.000,0.011,0.614,0.790,1.000,0.915,0.000,0.386,0.081,0.129,689.000,634.000,0.013,0.617,0.802,1.000,0.900,0.000,0.383,0.081,0.117
773,541,498,0.010,0.625,0.804,1.000,0.902,0.000,0.375,0.084,0.111,634,541,0.011,0.629,0.795,1.000,0.894,0.000,0.371,0.091,0.114,636.000,541.000,0.011,0.614,0.790,1.000,0.915,0.000,0.386,0.081,0.129,689.000,634.000,0.013,0.617,0.802,1.000,0.900,0.000,0.383,0.081,0.117
774,541,498,0.010,0.625,0.804,1.000,0.902,0.000,0.375,0.084,0.111,634,541,0.011,0.629,0.795,1.000,0.894,0.000,0.371,0.091,0.114,636.000,541.000,0.011,0.614,0.790,1.000,0.915,0.000,0.386,0.081,0.129,689.000,634.000,0.013,0.617,0.802,1.000,0.900,0.000,0.383,0.081,0.117
775,541,498,0.010,0.625,0.804,1.000,0.902,0.000,0.375,0.084,0.111,634,541,0.011,0.629,0.795,1.000,0.894,0.000,0.371,0.091,0.114,636.000,541.000,0.011,0.614,0.790,1.000,0.915,0.000,0.386,0.081,0.129,689.000,634.000,0.013,0.617,0.802,1.000,0.900,0.000,0.383,0.081,0.117
776,541,498,0.010,0.625,0.804,1.000,0.902,0.000,0.375,0.084,0.111,634,541,0.011,0.629,0.795,1.000,0.894,0.000,0.371,0.091,0.114,636.000,541.000,0.011,0.614,0.790,1.000,0.915,0.000,0.386,0.081,0.129,689.000,634.000,0.013,0.617,0.802,1.000,0.900,0.000,0.383,0.081,0.117
777,541,498,0.010,0.625,0.804,1.000,0.902,0.000,0.375,0.084,0.111,634,541,0.011,0.629,0.795,1.000,0.894,0.000,0.371,0.091,0.114,636.000,541.000,0.011,0.614,0.790,1.000,0.915,0.000,0.386,0.081,0.129,689.000,634.000,0.013,0.617,0.802,1.000,0.900,0.000,0.383,0.081,0.117
778,541,498,0.010,0.625,0.804,1.000,0.902,0.000,0.375,0.084,0.111,634,541,0.011,0.629,0.795,1.000,0.894,0.000,0.371,0.091,0.114,636.000,541.000,0.011,0.614,0.790,1.000,0.915,0.000,0.386,0.081,0.129,689.000,634.000,0.013,0.617,0.802,1.000,0.900,0.000,0.383,0.081,0.117
779,541,498,0.010,0.625,0.804,1.000,0.902,0.000,0.375,0.084,0.111,634,541,0.011,0.629,0.795,1.000,0.894,0.000,0.371,0.091,0.114,636.000,541.000,0.011,0.614,0.790,1.000,0.915,0.000,0.386,0.081,0.129,689.000,634.000,0.013,0.617,0.802,1.000,0.900,0.000,0.383,0.081,0.117
780,541,498,0.010,0.625,0.804,1.000,0.902,0.000,0.375,0.084,0.111,634,541,0.011,0.629,0.795,1.000,0.894,0.000,0.371,0.091,0.114,636.000,541.000,0.011,0.614,0.790,1.000,0.915,0.000,0.386,0.081,0.129,689.000,634.000,0.013,0.617,0.802,1.000,0.900,0.000,0.383,0.081,0.117
781,541,498,0.010,0.625,0.804,1.000,0.902,0.000,0.375,0.084,0.111,634,541,0.011,0.629,0.795,1.000,0.894,0.000,0.371,0.091,0.114,636.000,541.000,0.011,0.614,0.790,1.000,0.915,0.000,0.386,0.081,0.129,689.000,634.000,0.013,0.617,0.802,1.000,0.900,0.000,0.383,0.081,0.117
782,541,498,0.010,0.625,0.804,1.000,0.902,0.000,0.375,0.084,0.111,634,541,0.011,0.629,0.795,1.000,0.894,0.000,0.371,0.091,0.114,636.000,541.000,0.011,0.614,0.790,1.000,0.915,0.000,0.386,0.081,0.129,689.000,634.000,0.013,0.617,0.802,1.000,0.900,0.000,0.383,0.081,0.117
783,541,498,0.010,0.625,0.804,1.000,0.902,0.000,0.375,0.084,0.111,634,541,0.011,0.629,0.795,1.000,0.894,0.000,0.371,0.091,0.114,636.000,541.000,0.011,0.614,0.790,1.000,0.915,0.000,0.386,0.081,0.129,689.000,634.000,0.013,0.617,0.802,1.000,0.900,0.000,0.383,0.081,0.117
784,541,498,0.010,0.625,0.804,1.000,0.902,0.000,0.375,0.084,0.111,634,541,0.011,0.629,0.795,1.000,0.894,0.000,0.371,0.091,0.114,636.000,541.000,0.011,0.614,0.790,1.000,0.915,0.000,0.386,0.081,0.129,689.000,634.000,0.013,0.617,0.802,1.000,0.900,0.000,0.383,0.081,0.117
785,541,498,0.010,0.625,0.804,1.000,0.902,0.000,0.375,0.084,0.111,634,541,0.011,0.629,0.795,1.000,0.894,0.000,0.371,0.091,0.114,636.000,541.000,0.011,0.614,0.790,1.000,0.915,0.000,0.386,0.081,0.129,689.000,634.000,0.013,0.617,0.802,1.000,0.900,0.000,0.383,0.081,0.117
786,541,498,0.010,0.625,0.804,1.000,0.902,0.000,0.375,0.084,0.111,634,541,0.011,0.629,0.795,1.000,0.894,0.000,0.371,0.091,0.114,636.000,541.000,0.011,0.614,0.790,1.000,0.915,0.000,0.386,0.081,0.129,689.000,634.000,0.013,0.617,0.802,1.000,0.900,0.000,0.383,0.081,0.117
787,541,498,0.010,0.625,0.804,1.000,0.902,0.000,0.375,0.084,0.111,634,541,0.011,0.629,0.795,1.000,0.894,0.000,0.371,0.091,0.114,636.000,541.000,0.011,0.614,0.790,1.000,0.915,0.000,0.386,0.081,0.129,689.000,634.000,0.013,0.617,0.802,1.000,0.900,0.000,0.383,0.081,0.117
788,541,498,0.010,0.625,0.804,1.000,0.902,0.000,0.375,0.084,0.111,634,541,0.011,0.629,0.795,1.000,0.894,0.000,0.371,0.091,0.114,636.000,541.000,0.011,0.614,0.790,1.000,0.915,0.000,0.386,0.081,0.129,689.000,634.000,0.013,0.617,0.802,1.000,0.900,0.000,0.383,0.081,0.117
789,541,498,0.010,0.625,0.804,1.000,0.902,0.000,0.375,0.084,0.111,634,541,0.011,0.629,0.795,1.000,0.894,0.000,0.371,0.091,0.114,636.000,541.000,0.011,0.614,0.790,1.000,0.915,0.000,0.386,0.081,0.129,703.000,691.000,0.010,0.626,0.798,1.000,0.925,0.000,0.374,0.104,0.098
790,541,498,0.010,0.625,0.804,1.000,0.902,0.000,0.375,0.084,0.111,634,541,0.011,0.629,0.795,1.000,0.894,0.000,0.371,0.091,0.114,636.000,541.000,0.011,0.614,0.790,1.000,0.915,0.000,0.386,0.081,0.129,703.000,691.000,0.010,0.626,0.798,1.000,0.925,0.000,0.374,0.104,0.098
791,541,498,0.010,0.625,0.804,1.000,0.902,0.000,0.375,0.084,0.111,634,541,0.011,0.629,0.795,1.000,0.894,0.000,0.371,0.091,0.114,636.000,541.000,0.011,0.614,0.790,1.000,0.915,0.000,0.386,0.081,0.129,703.000,691.000,0.010,0.626,0.798,1.000,0.925,0.000,0.374,0.104,0.098
792,541,498,0.010,0.625,0.804,1.000,0.902,0.000,0.375,0.084,0.111,634,541,0.011,0.629,0.795,1.000,0.894,0.000,0.371,0.091,0.114,636.000,541.000,0.011,0.614,0.790,1.000,0.915,0.000,0.386,0.081,0.129,703.000,691.000,0.010,0.626,0.798,1.000,0.925,0.000,0.374,0.104,0.098
793,541,498,0.010,0.625,0.804,1.000,0.902,0.000,0.375,0.084,0.111,634,541,0.011,0.629,0.795,1.000,0.894,0.000,0.371,0.091,0.114,636.000,541.000,0.011,0.614,0.790,1.000,0.915,0.000,0.386,0.081,0.129,703.000,691.000,0.010,0.626,0.798,1.000,0.925,0.000,0.374,0.104,0.098
794,541,498,0.010,0.625,0.804,1.000,0.902,0.000,0.375,0.084,0.111,634,541,0.011,0.629,0.795,1.000,0.894,0.000,0.371,0.091,0.114,636.000,541.000,0.011,0.614,0.790,1.000,0.915,0.000,0.386,0.081,0.129,703.000,691.000,0.010,0.626,0.798,1.000,0.925,0.000,0.374,0.104,0.098
795,541,498,0.010,0.625,0.804,1.000,0.902,0.000,0.375,0.084,0.111,634,541,0.011,0.629,0.795,1.000,0.894,0.000,0.371,0.091,0.114,636.000,541.000,0.011,0.614,0.790,1.000,0.915,0.000,0.386,0.081,0.129,703.000,691.000,0.010,0.626,0.798,1.000,0.925,0.000,0.374,0.104,0.098
796,541,498,0.010,0.625,0.804,1.000,0.902,0.000,0.375,0.084,0.111,634,541,0.011,0.629,0.795,1.000,0.894,0.000,0.371,0.091,0.114,636.000,541.000,0.011,0.614,0.790,1.000,0.915,0.000,0.386,0.081,0.129,703.000,691.000,0.010,0.626,0.798,1.000,0.925,0.000,0.374,0.104,0.098
797,541,498,0.010,0.625,0.804,1.000,0.902,0.000,0.375,0.084,0.111,634,541,0.011,0.629,0.795,1.000,0.894,0.000,0.371,0.091,0.114,636.000,541.000,0.011,0.614,0.790,1.000,0.915,0.000,0.386,0.081,0.129,703.000,691.000,0.010,0.626,0.798,1.000,0.925,0.000,0.374,0.104,0.098
798,541,498,0.010,0.625,0.804,1.000,0.902,0.000,0.375,0.084,0.111,634,541,0.011,0.629,0.795,1.000,0.894,0.000,0.371,0.091,0.114,636.000,541.000,0.011,0.614,0.790,1.000,0.915,0.000,0.386,0.081,0.129,703.000,691.000,0.010,0.626,0.798,1.000,0.925,0.000,0.374,0.104,0.098
799,541,498,0.010,0.625,0.804,1.000,0.902,0.000,0.375,0.084,0.111,634,541,0.011,0.629,0.795,1.000,0.894,0.000,0.371,0.091,0.114,636.000,541.000,0.011,0.614,0.790,1.000,0.915,0.000,0.386,0.081,0.129,703.000,691.000,0.010,0.626,0.798,1.000,0.925,0.000,0.374,0.104,0.098
800,541,498,0.010,0.625,0.804,1.000,0.902,0.000,0.375,0.084,0.111,634,541,0.011,0.629,0.795,1.000,0.894,0.000,0.371,0.091,0.114,636.000,541.000,0.011,0.614,0.790,1.000,0.915,0.000,0.386,0.081,0.129,703.000,691.000,0.010,0.626,0.798,1.000,0.925,0.000,0.374,0.104,0.098
801,541,498,0.010,0.625,0.804,1.000,0.902,0.000,0.375,0.084,0.111,634,541,0.011,0.629,0.795,1.000,0.894,0.000,0.371,0.091,0.114,636.000,541.000,0.011,0.614,0.790,1.000,0.915,0.000,0.386,0.081,0.129,703.000,691.000,0.010,0.626,0.798,1.000,0.925,0.000,0.374,0.104,0.098
802,541,498,0.010,0.625,0.804,1.000,0.902,0.000,0.375,0.084,0.111,634,541,0.011,0.629,0.795,1.000,0.894,0.000,0.371,0.091,0.114,636.000,541.000,0.011,0.614,0.790,1.000,0.915,0.000,0.386,0.081,0.129,703.000,691.000,0.010,0.626,0.798,1.000,0.925,0.000,0.374,0.104,0.098
803,541,498,0.010,0.625,0.804,1.000,0.902,0.000,0.375,0.084,0.111,634,541,0.011,0.629,0.795,1.000,0.894,0.000,0.371,0.091,0.114,636.000,541.000,0.011,0.614,0.790,1.000,0.915,0.000,0.386,0.081,0.129,703.000,691.000,0.010,0.626,0.798,1.000,0.925,0.000,0.374,0.104,0.098
804,541,498,0.010,0.625,0.804,1.000,0.902,0.000,0.375,0.084,0.111,634,541,0.011,0.629,0.795,1.000,0.894,0.000,0.371,0.091,0.114,636.000,541.000,0.011,0.614,0.790,1.000,0.915,0.000,0.386,0.081,0.129,703.000,691.000,0.010,0.626,0.798,1.000,0.925,0.000,0.374,0.104,0.098
805,541,498,0.010,0.625,0.804,1.000,0.902,0.000,0.375,0.084,0.111,634,541,0.011,0.629,0.795,1.000,0.894,0.000,0.371,0.091,0.114,636.000,541.000,0.011,0.614,0.790,1.000,0.915,0.000,0.386,0.081,0.129,703.000,691.000,0.010,0.626,0.798,1.000,0.925,0.000,0.374,0.104,0.098
806,541,498,0.010,0.625,0.804,1.000,0.902,0.000,0.375,0.084,0.111,634,541,0.011,0.629,0.795,1.000,0.894,0.000,0.371,0.091,0.114,636.000,541.000,0.011,0.614,0.790,1.000,0.915,0.000,0.386,0.081,0.129,703.000,691.000,0.010,0.626,0.798,1.000,0.925,0.000,0.374,0.104,0.098
807,541,498,0.010,0.625,0.804,1.000,0.902,0.000,0.375,0.084,0.111,634,541,0.011,0.629,0.795,1.000,0.894,0.000,0.371,0.091,0.114,636.000,541.000,0.011,0.614,0.790,1.000,0.915,0.000,0.386,0.081,0.129,703.000,691.000,0.010,0.626,0.798,1.000,0.925,0.000,0.374,0.104,0.098
808,541,498,0.010,0.625,0.804,1.000,0.902,0.000,0.375,0.084,0.111,634,541,0.011,0.629,0.795,1.000,0.894,0.000,0.371,0.091,0.114,636.000,541.000,0.011,0.614,0.790,1.000,0.915,0.000,0.386,0.081,0.129,703.000,691.000,0.010,0.626,0.798,1.000,0.925,0.000,0.374,0.104,0.098
809,541,498,0.010,0.625,0.804,1.000,0.902,0.000,0.375,0.084,0.111,634,541,0.011,0.629,0.795,1.000,0.894,0.000,0.371,0.091,0.114,636.000,541.000,0.011,0.614,0.790,1.000,0.915,0.000,0.386,0.081,0.129,703.000,691.000,0.010,0.626,0.798,1.000,0.925,0.000,0.374,0.104,0.098
810,541,498,0.010,0.625,0.804,1.000,0.902,0.000,0.375,0.084,0.111,634,541,0.011,0.629,0.795,1.000,0.894,0.000,0.371,0.091,0.114,636.000,541.000,0.011,0.614,0.790,1.000,0.915,0.000,0.386,0.081,0.129,703.000,691.000,0.010,0.626,0.798,1.000,0.925,0.000,0.374,0.104,0.098
811,541,498,0.010,0.625,0.804,1.000,0.902,0.000,0.375,0.084,0.111,634,541,0.011,0.629,0.795,1.000,0.894,0.000,0.371,0.091,0.114,636.000,541.000,0.011,0.614,0.790,1.000,0.915,0.000,0.386,0.081,0.129,703.000,691.000,0.010,0.626,0.798,1.000,0.925,0.000,0.374,0.104,0.098
812,541,498,0.010,0.625,0.804,1.000,0.902,0.000,0.375,0.084,0.111,634,541,0.011,0.629,0.795,1.000,0.894,0.000,0.371,0.091,0.114,636.000,541.000,0.011,0.614,0.790,1.000,0.915,0.000,0.386,0.081,0.129,703.000,691.000,0.010,0.626,0.798,1.000,0.925,0.000,0.374,0.104,0.098
813,541,498,0.010,0.625,0.804,1.000,0.902,0.000,0.375,0.084,0.111,634,541,0.011,0.629,0.795,1.000,0.894,0.000,0.371,0.091,0.114,636.000,541.000,0.011,0.614,0.790,1.000,0.915,0.000,0.386,0.081,0.129,703.000,691.000,0.010,0.626,0.798,1.000,0.925,0.000,0.374,0.104,0.098
814,541,498,0.010,0.625,0.804,1.000,0.902,0.000,0.375,0.084,0.111,634,541,0.011,0.629,0.795,1.000,0.894,0.000,0.371,0.091,0.114,636.000,541.000,0.011,0.614,0.790,1.000,0.915,0.000,0.386,0.081,0.129,703.000,691.000,0.010,0.626,0.798,1.000,0.925,0.000,0.374,0.104,0.098
815,541,498,0.010,0.625,0.804,1.000,0.902,0.000,0.375,0.084,0.111,634,541,0.011,0.629,0.795,1.000,0.894,0.000,0.371,0.091,0.114,636.000,541.000,0.011,0.614,0.790,1.000,0.915,0.000,0.386,0.081,0.129,703.000,691.000,0.010,0.626,0.798,1.000,0.925,0.000,0.374,0.104,0.098
816,541,498,0.010,0.625,0.804,1.000,0.902,0.000,0.375,0.084,0.111,634,541,0.011,0.629,0.795,1.000,0.894,0.000,0.371,0.091,0.114,636.000,541.000,0.011,0.614,0.790,1.000,0.915,0.000,0.386,0.081,0.129,703.000,691.000,0.010,0.626,0.798,1.000,0.925,0.000,0.374,0.104,0.098
817,541,498,0.010,0.625,0.804,1.000,0.902,0.000,0.375,0.084,0.111,634,541,0.011,0.629,0.795,1.000,0.894,0.000,0.371,0.091,0.114,636.000,541.000,0.011,0.614,0.790,1.000,0.915,0.000,0.386,0.081,0.129,703.000,691.000,0.010,0.626,0.798,1.000,0.925,0.000,0.374,0.104,0.098
818,541,498,0.010,0.625,0.804,1.000,0.902,0.000,0.375,0.084,0.111,634,541,0.011,0.629,0.795,1.000,0.894,0.000,0.371,0.091,0.114,636.000,541.000,0.011,0.614,0.790,1.000,0.915,0.000,0.386,0.081,0.129,703.000,691.000,0.010,0.626,0.798,1.000,0.925,0.000,0.374,0.104,0.098
819,541,498,0.010,0.625,0.804,1.000,0.902,0.000,0.375,0.084,0.111,634,541,0.011,0.629,0.795,1.000,0.894,0.000,0.371,0.091,0.114,636.000,541.000,0.011,0.614,0.790,1.000,0.915,0.000,0.386,0.081,0.129,703.000,691.000,0.010,0.626,0.798,1.000,0.925,0.000,0.374,0.104,0.098
820,541,498,0.010,0.625,0.804,1.000,0.902,0.000,0.375,0.084,0.111,634,541,0.011,0.629,0.795,1.000,0.894,0.000,0.371,0.091,0.114,636.000,541.000,0.011,0.614,0.790,1.000,0.915,0.000,0.386,0.081,0.129,703.000,691.000,0.010,0.626,0.798,1.000,0.925,0.000,0.374,0.104,0.098
821,541,498,0.010,0.625,0.804,1.000,0.902,0.000,0.375,0.084,0.111,634,541,0.011,0.629,0.795,1.000,0.894,0.000,0.371,0.091,0.114,636.000,541.000,0.011,0.614,0.790,1.000,0.915,0.000,0.386,0.081,0.129,703.000,691.000,0.010,0.626,0.798,1.000,0.925,0.000,0.374,0.104,0.098
822,541,498,0.010,0.625,0.804,1.000,0.902,0.000,0.375,0.084,0.111,634,541,0.011,0.629,0.795,1.000,0.894,0.000,0.371,0.091,0.114,636.000,541.000,0.011,0.614,0.790,1.000,0.915,0.000,0.386,0.081,0.129,703.000,691.000,0.010,0.626,0.798,1.000,0.925,0.000,0.374,0.104,0.098
823,541,498,0.010,0.625,0.804,1.000,0.902,0.000,0.375,0.084,0.111,634,541,0.011,0.629,0.795,1.000,0.894,0.000,0.371,0.091,0.114,636.000,541.000,0.011,0.614,0.790,1.000,0.915,0.000,0.386,0.081,0.129,703.000,691.000,0.010,0.626,0.798,1.000,0.925,0.000,0.374,0.104,0.098
824,541,498,0.010,0.625,0.804,1.000,0.902,0.000,0.375,0.084,0.111,634,541,0.011,0.629,0.795,1.000,0.894,0.000,0.371,0.091,0.114,636.000,541.000,0.011,0.614,0.790,1.000,0.915,0.000,0.386,0.081,0.129,703.000,691.000,0.010,0.626,0.798,1.000,0.925,0.000,0.374,0.104,0.098
825,541,498,0.010,0.625,0.804,1.000,0.902,0.000,0.375,0.084,0.111,634,541,0.011,0.629,0.795,1.000,0.894,0.000,0.371,0.091,0.114,636.000,541.000,0.011,0.614,0.790,1.000,0.915,0.000,0.386,0.081,0.129,703.000,691.000,0.010,0.626,0.798,1.000,0.925,0.000,0.374,0.104,0.098
826,541,498,0.010,0.625,0.804,1.000,0.902,0.000,0.375,0.084,0.111,634,541,0.011,0.629,0.795,1.000,0.894,0.000,0.371,0.091,0.114,636.000,541.000,0.011,0.614,0.790,1.000,0.915,0.000,0.386,0.081,0.129,703.000,691.000,0.010,0.626,0.798,1.000,0.925,0.000,0.374,0.104,0.098
827,541,498,0.010,0.625,0.804,1.000,0.902,0.000,0.375,0.084,0.111,634,541,0.011,0.629,0.795,1.000,0.894,0.000,0.371,0.091,0.114,636.000,541.000,0.011,0.614,0.790,1.000,0.915,0.000,0.386,0.081,0.129,703.000,691.000,0.010,0.626,0.798,1.000,0.925,0.000,0.374,0.104,0.098
828,541,498,0.010,0.625,0.804,1.000,0.902,0.000,0.375,0.084,0.111,634,541,0.011,0.629,0.795,1.000,0.894,0.000,0.371,0.091,0.114,636.000,541.000,0.011,0.614,0.790,1.000,0.915,0.000,0.386,0.081,0.129,703.000,691.000,0.010,0.626,0.798,1.000,0.925,0.000,0.374,0.104,0.098
829,541,498,0.010,0.625,0.804,1.000,0.902,0.000,0.375,0.084,0.111,634,541,0.011,0.629,0.795,1.000,0.894,0.000,0.371,0.091,0.114,636.000,541.000,0.011,0.614,0.790,1.000,0.915,0.000,0.386,0.081,0.129,703.000,691.000,0.010,0.626,0.798,1.000,0.925,0.000,0.374,0.104,0.098
830,541,498,0.010,0.625,0.804,1.000,0.902,0.000,0.375,0.084,0.111,634,541,0.011,0.629,0.795,1.000,0.894,0.000,0.371,0.091,0.114,636.000,541.000,0.011,0.614,0.790,1.000,0.915,0.000,0.386,0.081,0.129,703.000,691.000,0.010,0.626,0.798,1.000,0.925,0.000,0.374,0.104,0.098
831,541,498,0.010,0.625,0.804,1.000,0.902,0.000,0.375,0.084,0.111,634,541,0.011,0.629,0.795,1.000,0.894,0.000,0.371,0.091,0.114,636.000,541.000,0.011,0.614,0.790,1.000,0.915,0.000,0.386,0.081,0.129,703.000,691.000,0.010,0.626,0.798,1.000,0.925,0.000,0.374,0.104,0.098
832,541,498,0.010,0.625,0.804,1.000,0.902,0.000,0.375,0.084,0.111,634,541,0.011,0.629,0.795,1.000,0.894,0.000,0.371,0.091,0.114,636.000,541.000,0.011,0.614,0.790,1.000,0.915,0.000,0.386,0.081,0.129,703.000,691.000,0.010,0.626,0.798,1.000,0.925,0.000,0.374,0.104,0.098
833,541,498,0.010,0.625,0.804,1.000,0.902,0.000,0.375,0.084,0.111,634,541,0.011,0.629,0.795,1.000,0.894,0.000,0.371,0.091,0.114,636.000,541.000,0.011,0.614,0.790,1.000,0.915,0.000,0.386,0.081,0.129,703.000,691.000,0.010,0.626,0.798,1.000,0.925,0.000,0.374,0.104,0.098
834,541,498,0.010,0.625,0.804,1.000,0.902,0.000,0.375,0.084,0.111,634,541,0.011,0.629,0.795,1.000,0.894,0.000,0.371,0.091,0.114,636.000,541.000,0.011,0.614,0.790,1.000,0.915,0.000,0.386,0.081,0.129,703.000,691.000,0.010,0.626,0.798,1.000,0.925,0.000,0.374,0.104,0.098
835,541,498,0.010,0.625,0.804,1.000,0.902,0.000,0.375,0.084,0.111,634,541,0.011,0.629,0.795,1.000,0.894,0.000,0.371,0.091,0.114,636.000,541.000,0.011,0.614,0.790,1.000,0.915,0.000,0.386,0.081,0.129,703.000,691.000,0.010,0.626,0.798,1.000,0.925,0.000,0.374,0.104,0.098
836,541,498,0.010,0.625,0.804,1.000,0.902,0.000,0.375,0.084,0.111,634,541,0.011,0.629,0.795,1.000,0.894,0.000,0.371,0.091,0.114,636.000,541.000,0.011,0.614,0.790,1.000,0.915,0.000,0.386,0.081,0.129,703.000,691.000,0.010,0.626,0.798,1.000,0.925,0.000,0.374,0.104,0.098
837,541,498,0.010,0.625,0.804,1.000,0.902,0.000,0.375,0.084,0.111,634,541,0.011,0.629,0.795,1.000,0.894,0.000,0.371,0.091,0.114,636.000,541.000,0.011,0.614,0.790,1.000,0.915,0.000,0.386,0.081,0.129,703.000,691.000,0.010,0.626,0.798,1.000,0.925,0.000,0.374,0.104,0.098
838,541,498,0.010,0.625,0.804,1.000,0.902,0.000,0.375,0.084,0.111,634,541,0.011,0.629,0.795,1.000,0.894,0.000,0.371,0.091,0.114,636.000,541.000,0.011,0.614,0.790,1.000,0.915,0.000,0.386,0.081,0.129,703.000,691.000,0.010,0.626,0.798,1.000,0.925,0.000,0.374,0.104,0.098
839,541,498,0.010,0.625,0.804,1.000,0.902,0.000,0.375,0.084,0.111,634,541,0.011,0.629,0.795,1.000,0.894,0.000,0.371,0.091,0.114,636.000,541.000,0.011,0.614,0.790,1.000,0.915,0.000,0.386,0.081,0.129,703.000,691.000,0.010,0.626,0.798,1.000,0.925,0.000,0.374,0.104,0.098
840,541,498,0.010,0.625,0.804,1.000,0.902,0.000,0.375,0.084,0.111,634,541,0.011,0.629,0.795,1.000,0.894,0.000,0.371,0.091,0.114,636.000,541.000,0.011,0.614,0.790,1.000,0.915,0.000,0.386,0.081,0.129,703.000,691.000,0.010,0.626,0.798,1.000,0.925,0.000,0.374,0.104,0.098
841,541,498,0.010,0.625,0.804,1.000,0.902,0.000,0.375,0.084,0.111,634,541,0.011,0.629,0.795,1.000,0.894,0.000,0.371,0.091,0.114,636.000,541.000,0.011,0.614,0.790,1.000,0.915,0.000,0.386,0.081,0.129,703.000,691.000,0.010,0.626,0.798,1.000,0.925,0.000,0.374,0.104,0.098
842,541,498,0.010,0.625,0.804,1.000,0.902,0.000,0.375,0.084,0.111,634,541,0.011,0.629,0.795,1.000,0.894,0.000,0.371,0.091,0.114,636.000,541.000,0.011,0.614,0.790,1.000,0.915,0.000,0.386,0.081,0.129,703.000,691.000,0.010,0.626,0.798,1.000,0.925,0.000,0.374,0.104,0.098
843,541,498,0.010,0.625,0.804,1.000,0.902,0.000,0.375,0.084,0.111,634,541,0.011,0.629,0.795,1.000,0.894,0.000,0.371,0.091,0.114,636.000,541.000,0.011,0.614,0.790,1.000,0.915,0.000,0.386,0.081,0.129,703.000,691.000,0.010,0.626,0.798,1.000,0.925,0.000,0.374,0.104,0.098
844,541,498,0.010,0.625,0.804,1.000,0.902,0.000,0.375,0.084,0.111,634,541,0.011,0.629,0.795,1.000,0.894,0.000,0.371,0.091,0.114,636.000,541.000,0.011,0.614,0.790,1.000,0.915,0.000,0.386,0.081,0.129,703.000,691.000,0.010,0.626,0.798,1.000,0.925,0.000,0.374,0.104,0.098
845,541,498,0.010,0.625,0.804,1.000,0.902,0.000,0.375,0.084,0.111,634,541,0.011,0.629,0.795,1.000,0.894,0.000,0.371,0.091,0.114,636.000,541.000,0.011,0.614,0.790,1.000,0.915,0.000,0.386,0.081,0.129,703.000,691.000,0.010,0.626,0.798,1.000,0.925,0.000,0.374,0.104,0.098
846,541,498,0.010,0.625,0.804,1.000,0.902,0.000,0.375,0.084,0.111,634,541,0.011,0.629,0.795,1.000,0.894,0.000,0.371,0.091,0.114,636.000,541.000,0.011,0.614,0.790,1.000,0.915,0.000,0.386,0.081,0.129,703.000,691.000,0.010,0.626,0.798,1.000,0.925,0.000,0.374,0.104,0.098
847,541,498,0.010,0.625,0.804,1.000,0.902,0.000,0.375,0.084,0.111,634,541,0.011,0.629,0.795,1.000,0.894,0.000,0.371,0.091,0.114,636.000,541.000,0.011,0.614,0.790,1.000,0.915,0.000,0.386,0.081,0.129,703.000,691.000,0.010,0.626,0.798,1.000,0.925,0.000,0.374,0.104,0.098
848,541,498,0.010,0.625,0.804,1.000,0.902,0.000,0.375,0.084,0.111,634,541,0.011,0.629,0.795,1.000,0.894,0.000,0.371,0.091,0.114,636.000,541.000,0.011,0.614,0.790,1.000,0.915,0.000,0.386,0.081,0.129,703.000,691.000,0.010,0.626,0.798,1.000,0.925,0.000,0.374,0.104,0.098
849,541,498,0.010,0.625,0.804,1.000,0.902,0.000,0.375,0.084,0.111,634,541,0.011,0.629,0.795,1.000,0.894,0.000,0.371,0.091,0.114,636.000,541.000,0.011,0.614,0.790,1.000,0.915,0.000,0.386,0.081,0.129,703.000,691.000,0.010,0.626,0.798,1.000,0.925,0.000,0.374,0.104,0.098
850,541,498,0.010,0.625,0.804,1.000,0.902,0.000,0.375,0.084,0.111,634,541,0.011,0.629,0.795,1.000,0.894,0.000,0.371,0.091,0.114,636.000,541.000,0.011,0.614,0.790,1.000,0.915,0.000,0.386,0.081,0.129,703.000,691.000,0.010,0.626,0.798,1.000,0.925,0.000,0.374,0.104,0.098
851,541,498,0.010,0.625,0.804,1.000,0.902,0.000,0.375,0.084,0.111,634,541,0.011,0.629,0.795,1.000,0.894,0.000,0.371,0.091,0.114,636.000,541.000,0.011,0.614,0.790,1.000,0.915,0.000,0.386,0.081,0.129,703.000,691.000,0.010,0.626,0.798,1.000,0.925,0.000,0.374,0.104,0.098
852,541,498,0.010,0.625,0.804,1.000,0.902,0.000,0.375,0.084,0.111,634,541,0.011,0.629,0.795,1.000,0.894,0.000,0.371,0.091,0.114,636.000,541.000,0.011,0.614,0.790,1.000,0.915,0.000,0.386,0.081,0.129,703.000,691.000,0.010,0.626,0.798,1.000,0.925,0.000,0.374,0.104,0.098
853,541,498,0.010,0.625,0.804,1.000,0.902,0.000,0.375,0.084,0.111,634,541,0.011,0.629,0.795,1.000,0.894,0.000,0.371,0.091,0.114,636.000,541.000,0.011,0.614,0.790,1.000,0.915,0.000,0.386,0.081,0.129,703.000,691.000,0.010,0.626,0.798,1.000,0.925,0.000,0.374,0.104,0.098
854,541,498,0.010,0.625,0.804,1.000,0.902,0.000,0.375,0.084,0.111,634,541,0.011,0.629,0.795,1.000,0.894,0.000,0.371,0.091,0.114,636.000,541.000,0.011,0.614,0.790,1.000,0.915,0.000,0.386,0.081,0.129,703.000,691.000,0.010,0.626,0.798,1.000,0.925,0.000,0.374,0.104,0.098
855,541,498,0.010,0.625,0.804,1.000,0.902,0.000,0.375,0.084,0.111,634,541,0.011,0.629,0.795,1.000,0.894,0.000,0.371,0.091,0.114,636.000,541.000,0.011,0.614,0.790,1.000,0.915,0.000,0.386,0.081,0.129,703.000,691.000,0.010,0.626,0.798,1.000,0.925,0.000,0.374,0.104,0.098
856,541,498,0.010,0.625,0.804,1.000,0.902,0.000,0.375,0.084,0.111,634,541,0.011,0.629,0.795,1.000,0.894,0.000,0.371,0.091,0.114,636.000,541.000,0.011,0.614,0.790,1.000,0.915,0.000,0.386,0.081,0.129,703.000,691.000,0.010,0.626,0.798,1.000,0.925,0.000,0.374,0.104,0.098
857,541,498,0.010,0.625,0.804,1.000,0.902,0.000,0.375,0.084,0.111,634,541,0.011,0.629,0.795,1.000,0.894,0.000,0.371,0.091,0.114,636.000,541.000,0.011,0.614,0.790,1.000,0.915,0.000,0.386,0.081,0.129,703.000,691.000,0.010,0.626,0.798,1.000,0.925,0.000,0.374,0.104,0.098
858,541,498,0.010,0.625,0.804,1.000,0.902,0.000,0.375,0.084,0.111,634,541,0.011,0.629,0.795,1.000,0.894,0.000,0.371,0.091,0.114,636.000,541.000,0.011,0.614,0.790,1.000,0.915,0.000,0.386,0.081,0.129,703.000,691.000,0.010,0.626,0.798,1.000,0.925,0.000,0.374,0.104,0.098
859,541,498,0.010,0.625,0.804,1.000,0.902,0.000,0.375,0.084,0.111,634,541,0.011,0.629,0.795,1.000,0.894,0.000,0.371,0.091,0.114,636.000,541.000,0.011,0.614,0.790,1.000,0.915,0.000,0.386,0.081,0.129,703.000,691.000,0.010,0.626,0.798,1.000,0.925,0.000,0.374,0.104,0.098
860,541,498,0.010,0.625,0.804,1.000,0.902,0.000,0.375,0.084,0.111,634,541,0.011,0.629,0.795,1.000,0.894,0.000,0.371,0.091,0.114,636.000,541.000,0.011,0.614,0.790,1.000,0.915,0.000,0.386,0.081,0.129,703.000,691.000,0.010,0.626,0.798,1.000,0.925,0.000,0.374,0.104,0.098
861,541,498,0.010,0.625,0.804,1.000,0.902,0.000,0.375,0.084,0.111,634,541,0.011,0.629,0.795,1.000,0.894,0.000,0.371,0.091,0.114,636.000,541.000,0.011,0.614,0.790,1.000,0.915,0.000,0.386,0.081,0.129,703.000,691.000,0.010,0.626,0.798,1.000,0.925,0.000,0.374,0.104,0.098
862,541,498,0.010,0.625,0.804,1.000,0.902,0.000,0.375,0.084,0.111,634,541,0.011,0.629,0.795,1.000,0.894,0.000,0.371,0.091,0.114,636.000,541.000,0.011,0.614,0.790,1.000,0.915,0.000,0.386,0.081,0.129,703.000,691.000,0.010,0.626,0.798,1.000,0.925,0.000,0.374,0.104,0.098
863,541,498,0.010,0.625,0.804,1.000,0.902,0.000,0.375,0.084,0.111,634,541,0.011,0.629,0.795,1.000,0.894,0.000,0.371,0.091,0.114,636.000,541.000,0.011,0.614,0.790,1.000,0.915,0.000,0.386,0.081,0.129,703.000,691.000,0.010,0.626,0.798,1.000,0.925,0.000,0.374,0.104,0.098
864,541,498,0.010,0.625,0.804,1.000,0.902,0.000,0.375,0.084,0.111,634,541,0.011,0.629,0.795,1.000,0.894,0.000,0.371,0.091,0.114,636.000,541.000,0.011,0.614,0.790,1.000,0.915,0.000,0.386,0.081,0.129,703.000,691.000,0.010,0.626,0.798,1.000,0.925,0.000,0.374,0.104,0.098
865,541,498,0.010,0.625,0.804,1.000,0.902,0.000,0.375,0.084,0.111,634,541,0.011,0.629,0.795,1.000,0.894,0.000,0.371,0.091,0.114,636.000,541.000,0.011,0.614,0.790,1.000,0.915,0.000,0.386,0.081,0.129,703.000,691.000,0.010,0.626,0.798,1.000,0.925,0.000,0.374,0.104,0.098
866,541,498,0.010,0.625,0.804,1.000,0.902,0.000,0.375,0.084,0.111,634,541,0.011,0.629,0.795,1.000,0.894,0.000,0.371,0.091,0.114,636.000,541.000,0.011,0.614,0.790,1.000,0.915,0.000,0.386,0.081,0.129,709.000,636.000,0.011,0.618,0.788,1.000,0.929,0.000,0.382,0.078,0.134
867,541,498,0.010,0.625,0.804,1.000,0.902,0.000,0.375,0.084,0.111,634,541,0.011,0.629,0.795,1.000,0.894,0.000,0.371,0.091,0.114,636.000,541.000,0.011,0.614,0.790,1.000,0.915,0.000,0.386,0.081,0.129,709.000,636.000,0.011,0.618,0.788,1.000,0.929,0.000,0.382,0.078,0.134
868,541,498,0.010,0.625,0.804,1.000,0.902,0.000,0.375,0.084,0.111,634,541,0.011,0.629,0.795,1.000,0.894,0.000,0.371,0.091,0.114,636.000,541.000,0.011,0.614,0.790,1.000,0.915,0.000,0.386,0.081,0.129,709.000,636.000,0.011,0.618,0.788,1.000,0.929,0.000,0.382,0.078,0.134
869,541,498,0.010,0.625,0.804,1.000,0.902,0.000,0.375,0.084,0.111,634,541,0.011,0.629,0.795,1.000,0.894,0.000,0.371,0.091,0.114,636.000,541.000,0.011,0.614,0.790,1.000,0.915,0.000,0.386,0.081,0.129,709.000,636.000,0.011,0.618,0.788,1.000,0.929,0.000,0.382,0.078,0.134
870,541,498,0.010,0.625,0.804,1.000,0.902,0.000,0.375,0.084,0.111,634,541,0.011,0.629,0.795,1.000,0.894,0.000,0.371,0.091,0.114,636.000,541.000,0.011,0.614,0.790,1.000,0.915,0.000,0.386,0.081,0.129,709.000,636.000,0.011,0.618,0.788,1.000,0.929,0.000,0.382,0.078,0.134
871,541,498,0.010,0.625,0.804,1.000,0.902,0.000,0.375,0.084,0.111,634,541,0.011,0.629,0.795,1.000,0.894,0.000,0.371,0.091,0.114,636.000,541.000,0.011,0.614,0.790,1.000,0.915,0.000,0.386,0.081,0.129,709.000,636.000,0.011,0.618,0.788,1.000,0.929,0.000,0.382,0.078,0.134
872,541,498,0.010,0.625,0.804,1.000,0.902,0.000,0.375,0.084,0.111,634,541,0.011,0.629,0.795,1.000,0.894,0.000,0.371,0.091,0.114,636.000,541.000,0.011,0.614,0.790,1.000,0.915,0.000,0.386,0.081,0.129,709.000,636.000,0.011,0.618,0.788,1.000,0.929,0.000,0.382,0.078,0.134
873,541,498,0.010,0.625,0.804,1.000,0.902,0.000,0.375,0.084,0.111,634,541,0.011,0.629,0.795,1.000,0.894,0.000,0.371,0.091,0.114,636.000,541.000,0.011,0.614,0.790,1.000,0.915,0.000,0.386,0.081,0.129,709.000,636.000,0.011,0.618,0.788,1.000,0.929,0.000,0.382,0.078,0.134
874,541,498,0.010,0.625,0.804,1.000,0.902,0.000,0.375,0.084,0.111,634,541,0.011,0.629,0.795,1.000,0.894,0.000,0.371,0.091,0.114,636.000,541.000,0.011,0.614,0.790,1.000,0.915,0.000,0.386,0.081,0.129,709.000,636.000,0.011,0.618,0.788,1.000,0.929,0.000,0.382,0.078,0.134
875,541,498,0.010,0.625,0.804,1.000,0.902,0.000,0.375,0.084,0.111,634,541,0.011,0.629,0.795,1.000,0.894,0.000,0.371,0.091,0.114,636.000,541.000,0.011,0.614,0.790,1.000,0.915,0.000,0.386,0.081,0.129,709.000,636.000,0.011,0.618,0.788,1.000,0.929,0.000,0.382,0.078,0.134
876,541,498,0.010,0.625,0.804,1.000,0.902,0.000,0.375,0.084,0.111,634,541,0.011,0.629,0.795,1.000,0.894,0.000,0.371,0.091,0.114,636.000,541.000,0.011,0.614,0.790,1.000,0.915,0.000,0.386,0.081,0.129,709.000,636.000,0.011,0.618,0.788,1.000,0.929,0.000,0.382,0.078,0.134
877,541,498,0.010,0.625,0.804,1.000,0.902,0.000,0.375,0.084,0.111,634,541,0.011,0.629,0.795,1.000,0.894,0.000,0.371,0.091,0.114,636.000,541.000,0.011,0.614,0.790,1.000,0.915,0.000,0.386,0.081,0.129,709.000,636.000,0.011,0.618,0.788,1.000,0.929,0.000,0.382,0.078,0.134
878,541,498,0.010,0.625,0.804,1.000,0.902,0.000,0.375,0.084,0.111,634,541,0.011,0.629,0.795,1.000,0.894,0.000,0.371,0.091,0.114,636.000,541.000,0.011,0.614,0.790,1.000,0.915,0.000,0.386,0.081,0.129,709.000,636.000,0.011,0.618,0.788,1.000,0.929,0.000,0.382,0.078,0.134
879,541,498,0.010,0.625,0.804,1.000,0.902,0.000,0.375,0.084,0.111,634,541,0.011,0.629,0.795,1.000,0.894,0.000,0.371,0.091,0.114,636.000,541.000,0.011,0.614,0.790,1.000,0.915,0.000,0.386,0.081,0.129,709.000,636.000,0.011,0.618,0.788,1.000,0.929,0.000,0.382,0.078,0.134
880,541,498,0.010,0.625,0.804,1.000,0.902,0.000,0.375,0.084,0.111,634,541,0.011,0.629,0.795,1.000,0.894,0.000,0.371,0.091,0.114,636.000,541.000,0.011,0.614,0.790,1.000,0.915,0.000,0.386,0.081,0.129,709.000,636.000,0.011,0.618,0.788,1.000,0.929,0.000,0.382,0.078,0.134
881,541,498,0.010,0.625,0.804,1.000,0.902,0.000,0.375,0.084,0.111,634,541,0.011,0.629,0.795,1.000,0.894,0.000,0.371,0.091,0.114,636.000,541.000,0.011,0.614,0.790,1.000,0.915,0.000,0.386,0.081,0.129,709.000,636.000,0.011,0.618,0.788,1.000,0.929,0.000,0.382,0.078,0.134
882,541,498,0.010,0.625,0.804,1.000,0.902,0.000,0.375,0.084,0.111,634,541,0.011,0.629,0.795,1.000,0.894,0.000,0.371,0.091,0.114,636.000,541.000,0.011,0.614,0.790,1.000,0.915,0.000,0.386,0.081,0.129,709.000,636.000,0.011,0.618,0.788,1.000,0.929,0.000,0.382,0.078,0.134
883,541,498,0.010,0.625,0.804,1.000,0.902,0.000,0.375,0.084,0.111,634,541,0.011,0.629,0.795,1.000,0.894,0.000,0.371,0.091,0.114,636.000,541.000,0.011,0.614,0.790,1.000,0.915,0.000,0.386,0.081,0.129,709.000,636.000,0.011,0.618,0.788,1.000,0.929,0.000,0.382,0.078,0.134
884,541,498,0.010,0.625,0.804,1.000,0.902,0.000,0.375,0.084,0.111,634,541,0.011,0.629,0.795,1.000,0.894,0.000,0.371,0.091,0.114,636.000,541.000,0.011,0.614,0.790,1.000,0.915,0.000,0.386,0.081,0.129,709.000,636.000,0.011,0.618,0.788,1.000,0.929,0.000,0.382,0.078,0.134
885,541,498,0.010,0.625,0.804,1.000,0.902,0.000,0.375,0.084,0.111,634,541,0.011,0.629,0.795,1.000,0.894,0.000,0.371,0.091,0.114,636.000,541.000,0.011,0.614,0.790,1.000,0.915,0.000,0.386,0.081,0.129,709.000,636.000,0.011,0.618,0.788,1.000,0.929,0.000,0.382,0.078,0.134
886,541,498,0.010,0.625,0.804,1.000,0.902,0.000,0.375,0.084,0.111,634,541,0.011,0.629,0.795,1.000,0.894,0.000,0.371,0.091,0.114,636.000,541.000,0.011,0.614,0.790,1.000,0.915,0.000,0.386,0.081,0.129,709.000,636.000,0.011,0.618,0.788,1.000,0.929,0.000,0.382,0.078,0.134
887,541,498,0.010,0.625,0.804,1.000,0.902,0.000,0.375,0.084,0.111,634,541,0.011,0.629,0.795,1.000,0.894,0.000,0.371,0.091,0.114,636.000,541.000,0.011,0.614,0.790,1.000,0.915,0.000,0.386,0.081,0.129,709.000,636.000,0.011,0.618,0.788,1.000,0.929,0.000,0.382,0.078,0.134
888,541,498,0.010,0.625,0.804,1.000,0.902,0.000,0.375,0.084,0.111,634,541,0.011,0.629,0.795,1.000,0.894,0.000,0.371,0.091,0.114,636.000,541.000,0.011,0.614,0.790,1.000,0.915,0.000,0.386,0.081,0.129,709.000,636.000,0.011,0.618,0.788,1.000,0.929,0.000,0.382,0.078,0.134
889,541,498,0.010,0.625,0.804,1.000,0.902,0.000,0.375,0.084,0.111,634,541,0.011,0.629,0.795,1.000,0.894,0.000,0.371,0.091,0.114,636.000,541.000,0.011,0.614,0.790,1.000,0.915,0.000,0.386,0.081,0.129,709.000,636.000,0.011,0.618,0.788,1.000,0.929,0.000,0.382,0.078,0.134
890,541,498,0.010,0.625,0.804,1.000,0.902,0.000,0.375,0.084,0.111,634,541,0.011,0.629,0.795,1.000,0.894,0.000,0.371,0.091,0.114,636.000,541.000,0.011,0.614,0.790,1.000,0.915,0.000,0.386,0.081,0.129,709.000,636.000,0.011,0.618,0.788,1.000,0.929,0.000,0.382,0.078,0.134
891,541,498,0.010,0.625,0.804,1.000,0.902,0.000,0.375,0.084,0.111,634,541,0.011,0.629,0.795,1.000,0.894,0.000,0.371,0.091,0.114,636.000,541.000,0.011,0.614,0.790,1.000,0.915,0.000,0.386,0.081,0.129,709.000,636.000,0.011,0.618,0.788,1.000,0.929,0.000,0.382,0.078,0.134
892,541,498,0.010,0.625,0.804,1.000,0.902,0.000,0.375,0.084,0.111,634,541,0.011,0.629,0.795,1.000,0.894,0.000,0.371,0.091,0.114,636.000,541.000,0.011,0.614,0.790,1.000,0.915,0.000,0.386,0.081,0.129,709.000,636.000,0.011,0.618,0.788,1.000,0.929,0.000,0.382,0.078,0.134
893,541,498,0.010,0.625,0.804,1.000,0.902,0.000,0.375,0.084,0.111,634,541,0.011,0.629,0.795,1.000,0.894,0.000,0.371,0.091,0.114,636.000,541.000,0.011,0.614,0.790,1.000,0.915,0.000,0.386,0.081,0.129,709.000,636.000,0.011,0.618,0.788,1.000,0.929,0.000,0.382,0.078,0.134
894,541,498,0.010,0.625,0.804,1.000,0.902,0.000,0.375,0.084,0.111,634,541,0.011,0.629,0.795,1.000,0.894,0.000,0.371,0.091,0.114,636.000,541.000,0.011,0.614,0.790,1.000,0.915,0.000,0.386,0.081,0.129,709.000,636.000,0.011,0.618,0.788,1.000,0.929,0.000,0.382,0.078,0.134
895,541,498,0.010,0.625,0.804,1.000,0.902,0.000,0.375,0.084,0.111,634,541,0.011,0.629,0.795,1.000,0.894,0.000,0.371,0.091,0.114,636.000,541.000,0.011,0.614,0.790,1.000,0.915,0.000,0.386,0.081,0.129,709.000,636.000,0.011,0.618,0.788,1.000,0.929,0.000,0.382,0.078,0.134
896,541,498,0.010,0.625,0.804,1.000,0.902,0.000,0.375,0.084,0.111,634,541,0.011,0.629,0.795,1.000,0.894,0.000,0.371,0.091,0.114,636.000,541.000,0.011,0.614,0.790,1.000,0.915,0.000,0.386,0.081,0.129,709.000,636.000,0.011,0.618,0.788,1.000,0.929,0.000,0.382,0.078,0.134
897,541,498,0.010,0.625,0.804,1.000,0.902,0.000,0.375,0.084,0.111,634,541,0.011,0.629,0.795,1.000,0.894,0.000,0.371,0.091,0.114,636.000,541.000,0.011,0.614,0.790,1.000,0.915,0.000,0.386,0.081,0.129,709.000,636.000,0.011,0.618,0.788,1.000,0.929,0.000,0.382,0.078,0.134
898,541,498,0.010,0.625,0.804,1.000,0.902,0.000,0.375,0.084,0.111,634,541,0.011,0.629,0.795,1.000,0.894,0.000,0.371,0.091,0.114,636.000,541.000,0.011,0.614,0.790,1.000,0.915,0.000,0.386,0.081,0.129,709.000,636.000,0.011,0.618,0.788,1.000,0.929,0.000,0.382,0.078,0.134
899,541,498,0.010,0.625,0.804,1.000,0.902,0.000,0.375,0.084,0.111,634,541,0.011,0.629,0.795,1.000,0.894,0.000,0.371,0.091,0.114,636.000,541.000,0.011,0.614,0.790,1.000,0.915,0.000,0.386,0.081,0.129,709.000,636.000,0.011,0.618,0.788,1.000,0.929,0.000,0.382,0.078,0.134
900,541,498,0.010,0.625,0.804,1.000,0.902,0.000,0.375,0.084,0.111,634,541,0.011,0.629,0.795,1.000,0.894,0.000,0.371,0.091,0.114,636.000,541.000,0.011,0.614,0.790,1.000,0.915,0.000,0.386,0.081,0.129,709.000,636.000,0.011,0.618,0.788,1.000,0.929,0.000,0.382,0.078,0.134
901,541,498,0.010,0.625,0.804,1.000,0.902,0.000,0.375,0.084,0.111,634,541,0.011,0.629,0.795,1.000,0.894,0.000,0.371,0.091,0.114,636.000,541.000,0.011,0.614,0.790,1.000,0.915,0.000,0.386,0.081,0.129,709.000,636.000,0.011,0.618,0.788,1.000,0.929,0.000,0.382,0.078,0.134
902,541,498,0.010,0.625,0.804,1.000,0.902,0.000,0.375,0.084,0.111,634,541,0.011,0.629,0.795,1.000,0.894,0.000,0.371,0.091,0.114,636.000,541.000,0.011,0.614,0.790,1.000,0.915,0.000,0.386,0.081,0.129,709.000,636.000,0.011,0.618,0.788,1.000,0.929,0.000,0.382,0.078,0.134
903,541,498,0.010,0.625,0.804,1.000,0.902,0.000,0.375,0.084,0.111,634,541,0.011,0.629,0.795,1.000,0.894,0.000,0.371,0.091,0.114,636.000,541.000,0.011,0.614,0.790,1.000,0.915,0.000,0.386,0.081,0.129,709.000,636.000,0.011,0.618,0.788,1.000,0.929,0.000,0.382,0.078,0.134
904,541,498,0.010,0.625,0.804,1.000,0.902,0.000,0.375,0.084,0.111,634,541,0.011,0.629,0.795,1.000,0.894,0.000,0.371,0.091,0.114,636.000,541.000,0.011,0.614,0.790,1.000,0.915,0.000,0.386,0.081,0.129,709.000,636.000,0.011,0.618,0.788,1.000,0.929,0.000,0.382,0.078,0.134
905,541,498,0.010,0.625,0.804,1.000,0.902,0.000,0.375,0.084,0.111,634,541,0.011,0.629,0.795,1.000,0.894,0.000,0.371,0.091,0.114,636.000,541.000,0.011,0.614,0.790,1.000,0.915,0.000,0.386,0.081,0.129,709.000,636.000,0.011,0.618,0.788,1.000,0.929,0.000,0.382,0.078,0.134
906,541,498,0.010,0.625,0.804,1.000,0.902,0.000,0.375,0.084,0.111,634,541,0.011,0.629,0.795,1.000,0.894,0.000,0.371,0.091,0.114,636.000,541.000,0.011,0.614,0.790,1.000,0.915,0.000,0.386,0.081,0.129,709.000,636.000,0.011,0.618,0.788,1.000,0.929,0.000,0.382,0.078,0.134
907,541,498,0.010,0.625,0.804,1.000,0.902,0.000,0.375,0.084,0.111,634,541,0.011,0.629,0.795,1.000,0.894,0.000,0.371,0.091,0.114,636.000,541.000,0.011,0.614,0.790,1.000,0.915,0.000,0.386,0.081,0.129,709.000,636.000,0.011,0.618,0.788,1.000,0.929,0.000,0.382,0.078,0.134
908,541,498,0.010,0.625,0.804,1.000,0.902,0.000,0.375,0.084,0.111,634,541,0.011,0.629,0.795,1.000,0.894,0.000,0.371,0.091,0.114,636.000,541.000,0.011,0.614,0.790,1.000,0.915,0.000,0.386,0.081,0.129,709.000,636.000,0.011,0.618,0.788,1.000,0.929,0.000,0.382,0.078,0.134
909,541,498,0.010,0.625,0.804,1.000,0.902,0.000,0.375,0.084,0.111,634,541,0.011,0.629,0.795,1.000,0.894,0.000,0.371,0.091,0.114,636.000,541.000,0.011,0.614,0.790,1.000,0.915,0.000,0.386,0.081,0.129,709.000,636.000,0.011,0.618,0.788,1.000,0.929,0.000,0.382,0.078,0.134
910,541,498,0.010,0.625,0.804,1.000,0.902,0.000,0.375,0.084,0.111,634,541,0.011,0.629,0.795,1.000,0.894,0.000,0.371,0.091,0.114,636.000,541.000,0.011,0.614,0.790,1.000,0.915,0.000,0.386,0.081,0.129,709.000,636.000,0.011,0.618,0.788,1.000,0.929,0.000,0.382,0.078,0.134
911,541,498,0.010,0.625,0.804,1.000,0.902,0.000,0.375,0.084,0.111,634,541,0.011,0.629,0.795,1.000,0.894,0.000,0.371,0.091,0.114,636.000,541.000,0.011,0.614,0.790,1.000,0.915,0.000,0.386,0.081,0.129,709.000,636.000,0.011,0.618,0.788,1.000,0.929,0.000,0.382,0.078,0.134
912,541,498,0.010,0.625,0.804,1.000,0.902,0.000,0.375,0.084,0.111,634,541,0.011,0.629,0.795,1.000,0.894,0.000,0.371,0.091,0.114,636.000,541.000,0.011,0.614,0.790,1.000,0.915,0.000,0.386,0.081,0.129,709.000,636.000,0.011,0.618,0.788,1.000,0.929,0.000,0.382,0.078,0.134
913,541,498,0.010,0.625,0.804,1.000,0.902,0.000,0.375,0.084,0.111,634,541,0.011,0.629,0.795,1.000,0.894,0.000,0.371,0.091,0.114,636.000,541.000,0.011,0.614,0.790,1.000,0.915,0.000,0.386,0.081,0.129,709.000,636.000,0.011,0.618,0.788,1.000,0.929,0.000,0.382,0.078,0.134
914,541,498,0.010,0.625,0.804,1.000,0.902,0.000,0.375,0.084,0.111,634,541,0.011,0.629,0.795,1.000,0.894,0.000,0.371,0.091,0.114,636.000,541.000,0.011,0.614,0.790,1.000,0.915,0.000,0.386,0.081,0.129,709.000,636.000,0.011,0.618,0.788,1.000,0.929,0.000,0.382,0.078,0.134
915,541,498,0.010,0.625,0.804,1.000,0.902,0.000,0.375,0.084,0.111,634,541,0.011,0.629,0.795,1.000,0.894,0.000,0.371,0.091,0.114,636.000,541.000,0.011,0.614,0.790,1.000,0.915,0.000,0.386,0.081,0.129,709.000,636.000,0.011,0.618,0.788,1.000,0.929,0.000,0.382,0.078,0.134
916,541,498,0.010,0.625,0.804,1.000,0.902,0.000,0.375,0.084,0.111,634,541,0.011,0.629,0.795,1.000,0.894,0.000,0.371,0.091,0.114,636.000,541.000,0.011,0.614,0.790,1.000,0.915,0.000,0.386,0.081,0.129,709.000,636.000,0.011,0.618,0.788,1.000,0.929,0.000,0.382,0.078,0.134
917,541,498,0.010,0.625,0.804,1.000,0.902,0.000,0.375,0.084,0.111,634,541,0.011,0.629,0.795,1.000,0.894,0.000,0.371,0.091,0.114,636.000,541.000,0.011,0.614,0.790,1.000,0.915,0.000,0.386,0.081,0.129,709.000,636.000,0.011,0.618,0.788,1.000,0.929,0.000,0.382,0.078,0.134
918,541,498,0.010,0.625,0.804,1.000,0.902,0.000,0.375,0.084,0.111,634,541,0.011,0.629,0.795,1.000,0.894,0.000,0.371,0.091,0.114,636.000,541.000,0.011,0.614,0.790,1.000,0.915,0.000,0.386,0.081,0.129,709.000,636.000,0.011,0.618,0.788,1.000,0.929,0.000,0.382,0.078,0.134
919,541,498,0.010,0.625,0.804,1.000,0.902,0.000,0.375,0.084,0.111,634,541,0.011,0.629,0.795,1.000,0.894,0.000,0.371,0.091,0.114,636.000,541.000,0.011,0.614,0.790,1.000,0.915,0.000,0.386,0.081,0.129,709.000,636.000,0.011,0.618,0.788,1.000,0.929,0.000,0.382,0.078,0.134
920,541,498,0.010,0.625,0.804,1.000,0.902,0.000,0.375,0.084,0.111,634,541,0.011,0.629,0.795,1.000,0.894,0.000,0.371,0.091,0.114,636.000,541.000,0.011,0.614,0.790,1.000,0.915,0.000,0.386,0.081,0.129,709.000,636.000,0.011,0.618,0.788,1.000,0.929,0.000,0.382,0.078,0.134
921,541,498,0.010,0.625,0.804,1.000,0.902,0.000,0.375,0.084,0.111,634,541,0.011,0.629,0.795,1.000,0.894,0.000,0.371,0.091,0.114,636.000,541.000,0.011,0.614,0.790,1.000,0.915,0.000,0.386,0.081,0.129,709.000,636.000,0.011,0.618,0.788,1.000,0.929,0.000,0.382,0.078,0.134
922,541,498,0.010,0.625,0.804,1.000,0.902,0.000,0.375,0.084,0.111,634,541,0.011,0.629,0.795,1.000,0.894,0.000,0.371,0.091,0.114,636.000,541.000,0.011,0.614,0.790,1.000,0.915,0.000,0.386,0.081,0.129,709.000,636.000,0.011,0.618,0.788,1.000,0.929,0.000,0.382,0.078,0.134
923,541,498,0.010,0.625,0.804,1.000,0.902,0.000,0.375,0.084,0.111,634,541,0.011,0.629,0.795,1.000,0.894,0.000,0.371,0.091,0.114,636.000,541.000,0.011,0.614,0.790,1.000,0.915,0.000,0.386,0.081,0.129,709.000,636.000,0.011,0.618,0.788,1.000,0.929,0.000,0.382,0.078,0.134
924,541,498,0.010,0.625,0.804,1.000,0.902,0.000,0.375,0.084,0.111,634,541,0.011,0.629,0.795,1.000,0.894,0.000,0.371,0.091,0.114,636.000,541.000,0.011,0.614,0.790,1.000,0.915,0.000,0.386,0.081,0.129,709.000,636.000,0.011,0.618,0.788,1.000,0.929,0.000,0.382,0.078,0.134
925,541,498,0.010,0.625,0.804,1.000,0.902,0.000,0.375,0.084,0.111,634,541,0.011,0.629,0.795,1.000,0.894,0.000,0.371,0.091,0.114,636.000,541.000,0.011,0.614,0.790,1.000,0.915,0.000,0.386,0.081,0.129,709.000,636.000,0.011,0.618,0.788,1.000,0.929,0.000,0.382,0.078,0.134
926,541,498,0.010,0.625,0.804,1.000,0.902,0.000,0.375,0.084,0.111,634,541,0.011,0.629,0.795,1.000,0.894,0.000,0.371,0.091,0.114,636.000,541.000,0.011,0.614,0.790,1.000,0.915,0.000,0.386,0.081,0.129,709.000,636.000,0.011,0.618,0.788,1.000,0.929,0.000,0.382,0.078,0.134
927,541,498,0.010,0.625,0.804,1.000,0.902,0.000,0.375,0.084,0.111,634,541,0.011,0.629,0.795,1.000,0.894,0.000,0.371,0.091,0.114,636.000,541.000,0.011,0.614,0.790,1.000,0.915,0.000,0.386,0.081,0.129,709.000,636.000,0.011,0.618,0.788,1.000,0.929,0.000,0.382,0.078,0.134
928,541,498,0.010,0.625,0.804,1.000,0.902,0.000,0.375,0.084,0.111,634,541,0.011,0.629,0.795,1.000,0.894,0.000,0.371,0.091,0.114,636.000,541.000,0.011,0.614,0.790,1.000,0.915,0.000,0.386,0.081,0.129,709.000,636.000,0.011,0.618,0.788,1.000,0.929,0.000,0.382,0.078,0.134
929,541,498,0.010,0.625,0.804,1.000,0.902,0.000,0.375,0.084,0.111,634,541,0.011,0.629,0.795,1.000,0.894,0.000,0.371,0.091,0.114,636.000,541.000,0.011,0.614,0.790,1.000,0.915,0.000,0.386,0.081,0.129,709.000,636.000,0.011,0.618,0.788,1.000,0.929,0.000,0.382,0.078,0.134
930,541,498,0.010,0.625,0.804,1.000,0.902,0.000,0.375,0.084,0.111,634,541,0.011,0.629,0.795,1.000,0.894,0.000,0.371,0.091,0.114,636.000,541.000,0.011,0.614,0.790,1.000,0.915,0.000,0.386,0.081,0.129,709.000,636.000,0.011,0.618,0.788,1.000,0.929,0.000,0.382,0.078,0.134
931,541,498,0.010,0.625,0.804,1.000,0.902,0.000,0.375,0.084,0.111,634,541,0.011,0.629,0.795,1.000,0.894,0.000,0.371,0.091,0.114,636.000,541.000,0.011,0.614,0.790,1.000,0.915,0.000,0.386,0.081,0.129,709.000,636.000,0.011,0.618,0.788,1.000,0.929,0.000,0.382,0.078,0.134
932,541,498,0.010,0.625,0.804,1.000,0.902,0.000,0.375,0.084,0.111,634,541,0.011,0.629,0.795,1.000,0.894,0.000,0.371,0.091,0.114,636.000,541.000,0.011,0.614,0.790,1.000,0.915,0.000,0.386,0.081,0.129,709.000,636.000,0.011,0.618,0.788,1.000,0.929,0.000,0.382,0.078,0.134
933,541,498,0.010,0.625,0.804,1.000,0.902,0.000,0.375,0.084,0.111,634,541,0.011,0.629,0.795,1.000,0.894,0.000,0.371,0.091,0.114,636.000,541.000,0.011,0.614,0.790,1.000,0.915,0.000,0.386,0.081,0.129,709.000,636.000,0.011,0.618,0.788,1.000,0.929,0.000,0.382,0.078,0.134
934,541,498,0.010,0.625,0.804,1.000,0.902,0.000,0.375,0.084,0.111,634,541,0.011,0.629,0.795,1.000,0.894,0.000,0.371,0.091,0.114,636.000,541.000,0.011,0.614,0.790,1.000,0.915,0.000,0.386,0.081,0.129,709.000,636.000,0.011,0.618,0.788,1.000,0.929,0.000,0.382,0.078,0.134
935,541,498,0.010,0.625,0.804,1.000,0.902,0.000,0.375,0.084,0.111,634,541,0.011,0.629,0.795,1.000,0.894,0.000,0.371,0.091,0.114,636.000,541.000,0.011,0.614,0.790,1.000,0.915,0.000,0.386,0.081,0.129,709.000,636.000,0.011,0.618,0.788,1.000,0.929,0.000,0.382,0.078,0.134
936,541,498,0.010,0.625,0.804,1.000,0.902,0.000,0.375,0.084,0.111,634,541,0.011,0.629,0.795,1.000,0.894,0.000,0.371,0.091,0.114,636.000,541.000,0.011,0.614,0.790,1.000,0.915,0.000,0.386,0.081,0.129,709.000,636.000,0.011,0.618,0.788,1.000,0.929,0.000,0.382,0.078,0.134
937,541,498,0.010,0.625,0.804,1.000,0.902,0.000,0.375,0.084,0.111,634,541,0.011,0.629,0.795,1.000,0.894,0.000,0.371,0.091,0.114,636.000,541.000,0.011,0.614,0.790,1.000,0.915,0.000,0.386,0.081,0.129,709.000,636.000,0.011,0.618,0.788,1.000,0.929,0.000,0.382,0.078,0.134
938,541,498,0.010,0.625,0.804,1.000,0.902,0.000,0.375,0.084,0.111,634,541,0.011,0.629,0.795,1.000,0.894,0.000,0.371,0.091,0.114,636.000,541.000,0.011,0.614,0.790,1.000,0.915,0.000,0.386,0.081,0.129,709.000,636.000,0.011,0.618,0.788,1.000,0.929,0.000,0.382,0.078,0.134
939,541,498,0.010,0.625,0.804,1.000,0.902,0.000,0.375,0.084,0.111,634,541,0.011,0.629,0.795,1.000,0.894,0.000,0.371,0.091,0.114,636.000,541.000,0.011,0.614,0.790,1.000,0.915,0.000,0.386,0.081,0.129,709.000,636.000,0.011,0.618,0.788,1.000,0.929,0.000,0.382,0.078,0.134
940,541,498,0.010,0.625,0.804,1.000,0.902,0.000,0.375,0.084,0.111,634,541,0.011,0.629,0.795,1.000,0.894,0.000,0.371,0.091,0.114,636.000,541.000,0.011,0.614,0.790,1.000,0.915,0.000,0.386,0.081,0.129,709.000,636.000,0.011,0.618,0.788,1.000,0.929,0.000,0.382,0.078,0.134
941,541,498,0.010,0.625,0.804,1.000,0.902,0.000,0.375,0.084,0.111,634,541,0.011,0.629,0.795,1.000,0.894,0.000,0.371,0.091,0.114,636.000,541.000,0.011,0.614,0.790,1.000,0.915,0.000,0.386,0.081,0.129,709.000,636.000,0.011,0.618,0.788,1.000,0.929,0.000,0.382,0.078,0.134
942,541,498,0.010,0.625,0.804,1.000,0.902,0.000,0.375,0.084,0.111,634,541,0.011,0.629,0.795,1.000,0.894,0.000,0.371,0.091,0.114,636.000,541.000,0.011,0.614,0.790,1.000,0.915,0.000,0.386,0.081,0.129,709.000,636.000,0.011,0.618,0.788,1.000,0.929,0.000,0.382,0.078,0.134
943,541,498,0.010,0.625,0.804,1.000,0.902,0.000,0.375,0.084,0.111,634,541,0.011,0.629,0.795,1.000,0.894,0.000,0.371,0.091,0.114,636.000,541.000,0.011,0.614,0.790,1.000,0.915,0.000,0.386,0.081,0.129,709.000,636.000,0.011,0.618,0.788,1.000,0.929,0.000,0.382,0.078,0.134
944,541,498,0.010,0.625,0.804,1.000,0.902,0.000,0.375,0.084,0.111,634,541,0.011,0.629,0.795,1.000,0.894,0.000,0.371,0.091,0.114,636.000,541.000,0.011,0.614,0.790,1.000,0.915,0.000,0.386,0.081,0.129,709.000,636.000,0.011,0.618,0.788,1.000,0.929,0.000,0.382,0.078,0.134
945,541,498,0.010,0.625,0.804,1.000,0.902,0.000,0.375,0.084,0.111,634,541,0.011,0.629,0.795,1.000,0.894,0.000,0.371,0.091,0.114,636.000,541.000,0.011,0.614,0.790,1.000,0.915,0.000,0.386,0.081,0.129,709.000,636.000,0.011,0.618,0.788,1.000,0.929,0.000,0.382,0.078,0.134
946,541,498,0.010,0.625,0.804,1.000,0.902,0.000,0.375,0.084,0.111,634,541,0.011,0.629,0.795,1.000,0.894,0.000,0.371,0.091,0.114,636.000,541.000,0.011,0.614,0.790,1.000,0.915,0.000,0.386,0.081,0.129,709.000,636.000,0.011,0.618,0.788,1.000,0.929,0.000,0.382,0.078,0.134
947,541,498,0.010,0.625,0.804,1.000,0.902,0.000,0.375,0.084,0.111,634,541,0.011,0.629,0.795,1.000,0.894,0.000,0.371,0.091,0.114,709.000,636.000,0.011,0.618,0.788,1.000,0.929,0.000,0.382,0.078,0.134,760.000,634.000,0.012,0.622,0.797,1.000,0.878,0.000,0.378,0.083,0.120
948,541,498,0.010,0.625,0.804,1.000,0.902,0.000,0.375,0.084,0.111,634,541,0.011,0.629,0.795,1.000,0.894,0.000,0.371,0.091,0.114,709.000,636.000,0.011,0.618,0.788,1.000,0.929,0.000,0.382,0.078,0.134,760.000,634.000,0.012,0.622,0.797,1.000,0.878,0.000,0.378,0.083,0.120
949,541,498,0.010,0.625,0.804,1.000,0.902,0.000,0.375,0.084,0.111,634,541,0.011,0.629,0.795,1.000,0.894,0.000,0.371,0.091,0.114,709.000,636.000,0.011,0.618,0.788,1.000,0.929,0.000,0.382,0.078,0.134,760.000,634.000,0.012,0.622,0.797,1.000,0.878,0.000,0.378,0.083,0.120
950,541,498,0.010,0.625,0.804,1.000,0.902,0.000,0.375,0.084,0.111,634,541,0.011,0.629,0.795,1.000,0.894,0.000,0.371,0.091,0.114,709.000,636.000,0.011,0.618,0.788,1.000,0.929,0.000,0.382,0.078,0.134,760.000,634.000,0.012,0.622,0.797,1.000,0.878,0.000,0.378,0.083,0.120
951,541,498,0.010,0.625,0.804,1.000,0.902,0.000,0.375,0.084,0.111,634,541,0.011,0.629,0.795,1.000,0.894,0.000,0.371,0.091,0.114,709.000,636.000,0.011,0.618,0.788,1.000,0.929,0.000,0.382,0.078,0.134,760.000,634.000,0.012,0.622,0.797,1.000,0.878,0.000,0.378,0.083,0.120
952,541,498,0.010,0.625,0.804,1.000,0.902,0.000,0.375,0.084,0.111,634,541,0.011,0.629,0.795,1.000,0.894,0.000,0.371,0.091,0.114,709.000,636.000,0.011,0.618,0.788,1.000,0.929,0.000,0.382,0.078,0.134,760.000,634.000,0.012,0.622,0.797,1.000,0.878,0.000,0.378,0.083,0.120
953,541,498,0.010,0.625,0.804,1.000,0.902,0.000,0.375,0.084,0.111,634,541,0.011,0.629,0.795,1.000,0.894,0.000,0.371,0.091,0.114,709.000,636.000,0.011,0.618,0.788,1.000,0.929,0.000,0.382,0.078,0.134,760.000,634.000,0.012,0.622,0.797,1.000,0.878,0.000,0.378,0.083,0.120
954,541,498,0.010,0.625,0.804,1.000,0.902,0.000,0.375,0.084,0.111,634,541,0.011,0.629,0.795,1.000,0.894,0.000,0.371,0.091,0.114,709.000,636.000,0.011,0.618,0.788,1.000,0.929,0.000,0.382,0.078,0.134,760.000,634.000,0.012,0.622,0.797,1.000,0.878,0.000,0.378,0.083,0.120
955,541,498,0.010,0.625,0.804,1.000,0.902,0.000,0.375,0.084,0.111,634,541,0.011,0.629,0.795,1.000,0.894,0.000,0.371,0.091,0.114,709.000,636.000,0.011,0.618,0.788,1.000,0.929,0.000,0.382,0.078,0.134,760.000,634.000,0.012,0.622,0.797,1.000,0.878,0.000,0.378,0.083,0.120
956,541,498,0.010,0.625,0.804,1.000,0.902,0.000,0.375,0.084,0.111,634,541,0.011,0.629,0.795,1.000,0.894,0.000,0.371,0.091,0.114,709.000,636.000,0.011,0.618,0.788,1.000,0.929,0.000,0.382,0.078,0.134,760.000,634.000,0.012,0.622,0.797,1.000,0.878,0.000,0.378,0.083,0.120
957,634,541,0.011,0.629,0.795,1.000,0.894,0.000,0.371,0.091,0.114,921,912,0.012,0.639,0.821,1.000,0.893,0.000,0.361,0.091,0.088,955.000,944.000,0.014,0.635,0.813,1.000,0.909,0.000,0.365,0.090,0.096,958.000,946.000,0.009,0.628,0.805,1.000,0.886,0.000,0.372,0.091,0.104
958,634,541,0.011,0.629,0.795,1.000,0.894,0.000,0.371,0.091,0.114,921,912,0.012,0.639,0.821,1.000,0.893,0.000,0.361,0.091,0.088,955.000,944.000,0.014,0.635,0.813,1.000,0.909,0.000,0.365,0.090,0.096,958.000,946.000,0.009,0.628,0.805,1.000,0.886,0.000,0.372,0.091,0.104
959,634,541,0.011,0.629,0.795,1.000,0.894,0.000,0.371,0.091,0.114,921,912,0.012,0.639,0.821,1.000,0.893,0.000,0.361,0.091,0.088,955.000,944.000,0.014,0.635,0.813,1.000,0.909,0.000,0.365,0.090,0.096,958.000,946.000,0.009,0.628,0.805,1.000,0.886,0.000,0.372,0.091,0.104
960,634,541,0.011,0.629,0.795,1.000,0.894,0.000,0.371,0.091,0.114,921,912,0.012,0.639,0.821,1.000,0.893,0.000,0.361,0.091,0.088,955.000,944.000,0.014,0.635,0.813,1.000,0.909,0.000,0.365,0.090,0.096,958.000,946.000,0.009,0.628,0.805,1.000,0.886,0.000,0.372,0.091,0.104
961,634,541,0.011,0.629,0.795,1.000,0.894,0.000,0.371,0.091,0.114,921,912,0.012,0.639,0.821,1.000,0.893,0.000,0.361,0.091,0.088,955.000,944.000,0.014,0.635,0.813,1.000,0.909,0.000,0.365,0.090,0.096,958.000,946.000,0.009,0.628,0.805,1.000,0.886,0.000,0.372,0.091,0.104
962,634,541,0.011,0.629,0.795,1.000,0.894,0.000,0.371,0.091,0.114,921,912,0.012,0.639,0.821,1.000,0.893,0.000,0.361,0.091,0.088,955.000,944.000,0.014,0.635,0.813,1.000,0.909,0.000,0.365,0.090,0.096,958.000,946.000,0.009,0.628,0.805,1.000,0.886,0.000,0.372,0.091,0.104
963,634,541,0.011,0.629,0.795,1.000,0.894,0.000,0.371,0.091,0.114,921,912,0.012,0.639,0.821,1.000,0.893,0.000,0.361,0.091,0.088,955.000,944.000,0.014,0.635,0.813,1.000,0.909,0.000,0.365,0.090,0.096,958.000,946.000,0.009,0.628,0.805,1.000,0.886,0.000,0.372,0.091,0.104
964,634,541,0.011,0.629,0.795,1.000,0.894,0.000,0.371,0.091,0.114,921,912,0.012,0.639,0.821,1.000,0.893,0.000,0.361,0.091,0.088,955.000,944.000,0.014,0.635,0.813,1.000,0.909,0.000,0.365,0.090,0.096,958.000,946.000,0.009,0.628,0.805,1.000,0.886,0.000,0.372,0.091,0.104
965,634,541,0.011,0.629,0.795,1.000,0.894,0.000,0.371,0.091,0.114,921,912,0.012,0.639,0.821,1.000,0.893,0.000,0.361,0.091,0.088,955.000,944.000,0.014,0.635,0.813,1.000,0.909,0.000,0.365,0.090,0.096,958.000,946.000,0.009,0.628,0.805,1.000,0.886,0.000,0.372,0.091,0.104
966,634,541,0.011,0.629,0.795,1.000,0.894,0.000,0.371,0.091,0.114,921,912,0.012,0.639,0.821,1.000,0.893,0.000,0.361,0.091,0.088,955.000,944.000,0.014,0.635,0.813,1.000,0.909,0.000,0.365,0.090,0.096,958.000,946.000,0.009,0.628,0.805,1.000,0.886,0.000,0.372,0.091,0.104
967,634,541,0.011,0.629,0.795,1.000,0.894,0.000,0.371,0.091,0.114,921,912,0.012,0.639,0.821,1.000,0.893,0.000,0.361,0.091,0.088,955.000,944.000,0.014,0.635,0.813,1.000,0.909,0.000,0.365,0.090,0.096,958.000,946.000,0.009,0.628,0.805,1.000,0.886,0.000,0.372,0.091,0.104
968,634,541,0.011,0.629,0.795,1.000,0.894,0.000,0.371,0.091,0.114,921,912,0.012,0.639,0.821,1.000,0.893,0.000,0.361,0.091,0.088,955.000,944.000,0.014,0.635,0.813,1.000,0.909,0.000,0.365,0.090,0.096,958.000,946.000,0.009,0.628,0.805,1.000,0.886,0.000,0.372,0.091,0.104
969,634,541,0.011,0.629,0.795,1.000,0.894,0.000,0.371,0.091,0.114,921,912,0.012,0.639,0.821,1.000,0.893,0.000,0.361,0.091,0.088,955.000,944.000,0.014,0.635,0.813,1.000,0.909,0.000,0.365,0.090,0.096,958.000,946.000,0.009,0.628,0.805,1.000,0.886,0.000,0.372,0.091,0.104
970,634,541,0.011,0.629,0.795,1.000,0.894,0.000,0.371,0.091,0.114,958,946,0.009,0.628,0.805,1.000,0.886,0.000,0.372,0.091,0.104,962.000,955.000,0.010,0.642,0.817,0.999,0.897,0.000,0.358,0.080,0.103,963.000,955.000,0.014,0.642,0.811,1.000,0.904,0.002,0.356,0.086,0.103
971,634,541,0.011,0.629,0.795,1.000,0.894,0.000,0.371,0.091,0.114,958,946,0.009,0.628,0.805,1.000,0.886,0.000,0.372,0.091,0.104,962.000,955.000,0.010,0.642,0.817,0.999,0.897,0.000,0.358,0.080,0.103,963.000,955.000,0.014,0.642,0.811,1.000,0.904,0.002,0.356,0.086,0.103
972,634,541,0.011,0.629,0.795,1.000,0.894,0.000,0.371,0.091,0.114,958,946,0.009,0.628,0.805,1.000,0.886,0.000,0.372,0.091,0.104,962.000,955.000,0.010,0.642,0.817,0.999,0.897,0.000,0.358,0.080,0.103,963.000,955.000,0.014,0.642,0.811,1.000,0.904,0.002,0.356,0.086,0.103
973,634,541,0.011,0.629,0.795,1.000,0.894,0.000,0.371,0.091,0.114,958,946,0.009,0.628,0.805,1.000,0.886,0.000,0.372,0.091,0.104,962.000,955.000,0.010,0.642,0.817,0.999,0.897,0.000,0.358,0.080,0.103,963.000,955.000,0.014,0.642,0.811,1.000,0.904,0.002,0.356,0.086,0.103
974,634,541,0.011,0.629,0.795,1.000,0.894,0.000,0.371,0.091,0.114,958,946,0.009,0.628,0.805,1.000,0.886,0.000,0.372,0.091,0.104,962.000,955.000,0.010,0.642,0.817,0.999,0.897,0.000,0.358,0.080,0.103,963.000,955.000,0.014,0.642,0.811,1.000,0.904,0.002,0.356,0.086,0.103
975,634,541,0.011,0.629,0.795,1.000,0.894,0.000,0.371,0.091,0.114,958,946,0.009,0.628,0.805,1.000,0.886,0.000,0.372,0.091,0.104,962.000,955.000,0.010,0.642,0.817,0.999,0.897,0.000,0.358,0.080,0.103,963.000,955.000,0.014,0.642,0.811,1.000,0.904,0.002,0.356,0.086,0.103
976,634,541,0.011,0.629,0.795,1.000,0.894,0.000,0.371,0.091,0.114,958,946,0.009,0.628,0.805,1.000,0.886,0.000,0.372,0.091,0.104,962.000,955.000,0.010,0.642,0.817,0.999,0.897,0.000,0.358,0.080,0.103,963.000,955.000,0.014,0.642,0.811,1.000,0.904,0.002,0.356,0.086,0.103
977,634,541,0.011,0.629,0.795,1.000,0.894,0.000,0.371,0.091,0.114,958,946,0.009,0.628,0.805,1.000,0.886,0.000,0.372,0.091,0.104,962.000,955.000,0.010,0.642,0.817,0.999,0.897,0.000,0.358,0.080,0.103,964.000,955.000,0.006,0.639,0.816,1.000,0.909,0.000,0.361,0.089,0.094
978,634,541,0.011,0.629,0.795,1.000,0.894,0.000,0.371,0.091,0.114,958,946,0.009,0.628,0.805,1.000,0.886,0.000,0.372,0.091,0.104,962.000,955.000,0.010,0.642,0.817,0.999,0.897,0.000,0.358,0.080,0.103,964.000,955.000,0.006,0.639,0.816,1.000,0.909,0.000,0.361,0.089,0.094
979,634,541,0.011,0.629,0.795,1.000,0.894,0.000,0.371,0.091,0.114,958,946,0.009,0.628,0.805,1.000,0.886,0.000,0.372,0.091,0.104,962.000,955.000,0.010,0.642,0.817,0.999,0.897,0.000,0.358,0.080,0.103,964.000,955.000,0.006,0.639,0.816,1.000,0.909,0.000,0.361,0.089,0.094
980,634,541,0.011,0.629,0.795,1.000,0.894,0.000,0.371,0.091,0.114,958,946,0.009,0.628,0.805,1.000,0.886,0.000,0.372,0.091,0.104,964.000,955.000,0.006,0.639,0.816,1.000,0.909,0.000,0.361,0.089,0.094,965.000,963.000,0.013,0.643,0.807,1.000,0.883,0.000,0.357,0.078,0.115
981,634,541,0.011,0.629,0.795,1.000,0.894,0.000,0.371,0.091,0.114,958,946,0.009,0.628,0.805,1.000,0.886,0.000,0.372,0.091,0.104,965.000,963.000,0.013,0.643,0.807,1.000,0.883,0.000,0.357,0.078,0.115,969.000,958.000,0.011,0.621,0.801,1.000,0.887,0.000,0.379,0.085,0.114
982,634,541,0.011,0.629,0.795,1.000,0.894,0.000,0.371,0.091,0.114,958,946,0.009,0.628,0.805,1.000,0.886,0.000,0.372,0.091,0.104,965.000,963.000,0.013,0.643,0.807,1.000,0.883,0.000,0.357,0.078,0.115,969.000,958.000,0.011,0.621,0.801,1.000,0.887,0.000,0.379,0.085,0.114
983,634,541,0.011,0.629,0.795,1.000,0.894,0.000,0.371,0.091,0.114,958,946,0.009,0.628,0.805,1.000,0.886,0.000,0.372,0.091,0.104,965.000,963.000,0.013,0.643,0.807,1.000,0.883,0.000,0.357,0.078,0.115,969.000,958.000,0.011,0.621,0.801,1.000,0.887,0.000,0.379,0.085,0.114
984,634,541,0.011,0.629,0.795,1.000,0.894,0.000,0.371,0.091,0.114,958,946,0.009,0.628,0.805,1.000,0.886,0.000,0.372,0.091,0.104,965.000,963.000,0.013,0.643,0.807,1.000,0.883,0.000,0.357,0.078,0.115,969.000,958.000,0.011,0.621,0.801,1.000,0.887,0.000,0.379,0.085,0.114
985,634,541,0.011,0.629,0.795,1.000,0.894,0.000,0.371,0.091,0.114,958,946,0.009,0.628,0.805,1.000,0.886,0.000,0.372,0.091,0.104,965.000,963.000,0.013,0.643,0.807,1.000,0.883,0.000,0.357,0.078,0.115,969.000,958.000,0.011,0.621,0.801,1.000,0.887,0.000,0.379,0.085,0.114
986,634,541,0.011,0.629,0.795,1.000,0.894,0.000,0.371,0.091,0.114,958,946,0.009,0.628,0.805,1.000,0.886,0.000,0.372,0.091,0.104,965.000,963.000,0.013,0.643,0.807,1.000,0.883,0.000,0.357,0.078,0.115,969.000,958.000,0.011,0.621,0.801,1.000,0.887,0.000,0.379,0.085,0.114
987,634,541,0.011,0.629,0.795,1.000,0.894,0.000,0.371,0.091,0.114,958,946,0.009,0.628,0.805,1.000,0.886,0.000,0.372,0.091,0.104,965.000,963.000,0.013,0.643,0.807,1.000,0.883,0.000,0.357,0.078,0.115,969.000,958.000,0.011,0.621,0.801,1.000,0.887,0.000,0.379,0.085,0.114
988,634,541,0.011,0.629,0.795,1.000,0.894,0.000,0.371,0.091,0.114,958,946,0.009,0.628,0.805,1.000,0.886,0.000,0.372,0.091,0.104,965.000,963.000,0.013,0.643,0.807,1.000,0.883,0.000,0.357,0.078,0.115,969.000,958.000,0.011,0.621,0.801,1.000,0.887,0.000,0.379,0.085,0.114
989,634,541,0.011,0.629,0.795,1.000,0.894,0.000,0.371,0.091,0.114,958,946,0.009,0.628,0.805,1.000,0.886,0.000,0.372,0.091,0.104,965.000,963.000,0.013,0.643,0.807,1.000,0.883,0.000,0.357,0.078,0.115,969.000,958.000,0.011,0.621,0.801,1.000,0.887,0.000,0.379,0.085,0.114
990,634,541,0.011,0.629,0.795,1.000,0.894,0.000,0.371,0.091,0.114,958,946,0.009,0.628,0.805,1.000,0.886,0.000,0.372,0.091,0.104,965.000,963.000,0.013,0.643,0.807,1.000,0.883,0.000,0.357,0.078,0.115,969.000,958.000,0.011,0.621,0.801,1.000,0.887,0.000,0.379,0.085,0.114
991,634,541,0.011,0.629,0.795,1.000,0.894,0.000,0.371,0.091,0.114,958,946,0.009,0.628,0.805,1.000,0.886,0.000,0.372,0.091,0.104,965.000,963.000,0.013,0.643,0.807,1.000,0.883,0.000,0.357,0.078,0.115,969.000,958.000,0.011,0.621,0.801,1.000,0.887,0.000,0.379,0.085,0.114
992,634,541,0.011,0.629,0.795,1.000,0.894,0.000,0.371,0.091,0.114,958,946,0.009,0.628,0.805,1.000,0.886,0.000,0.372,0.091,0.104,965.000,963.000,0.013,0.643,0.807,1.000,0.883,0.000,0.357,0.078,0.115,969.000,958.000,0.011,0.621,0.801,1.000,0.887,0.000,0.379,0.085,0.114
993,634,541,0.011,0.629,0.795,1.000,0.894,0.000,0.371,0.091,0.114,958,946,0.009,0.628,0.805,1.000,0.886,0.000,0.372,0.091,0.104,965.000,963.000,0.013,0.643,0.807,1.000,0.883,0.000,0.357,0.078,0.115,969.000,958.000,0.011,0.621,0.801,1.000,0.887,0.000,0.379,0.085,0.114
994,634,541,0.011,0.629,0.795,1.000,0.894,0.000,0.371,0.091,0.114,958,946,0.009,0.628,0.805,1.000,0.886,0.000,0.372,0.091,0.104,965.000,963.000,0.013,0.643,0.807,1.000,0.883,0.000,0.357,0.078,0.115,969.000,958.000,0.011,0.621,0.801,1.000,0.887,0.000,0.379,0.085,0.114
995,634,541,0.011,0.629,0.795,1.000,0.894,0.000,0.371,0.091,0.114,958,946,0.009,0.628,0.805,1.000,0.886,0.000,0.372,0.091,0.104,965.000,963.000,0.013,0.643,0.807,1.000,0.883,0.000,0.357,0.078,0.115,969.000,958.000,0.011,0.621,0.801,1.000,0.887,0.000,0.379,0.085,0.114
996,634,541,0.011,0.629,0.795,1.000,0.894,0.000,0.371,0.091,0.114,958,946,0.009,0.628,0.805,1.000,0.886,0.000,0.372,0.091,0.104,965.000,963.000,0.013,0.643,0.807,1.000,0.883,0.000,0.357,0.078,0.115,969.000,958.000,0.011,0.621,0.801,1.000,0.887,0.000,0.379,0.085,0.114
997,634,541,0.011,0.629,0.795,1.000,0.894,0.000,0.371,0.091,0.114,958,946,0.009,0.628,0.805,1.000,0.886,0.000,0.372,0.091,0.104,965.000,963.000,0.013,0.643,0.807,1.000,0.883,0.000,0.357,0.078,0.115,969.000,958.000,0.011,0.621,0.801,1.000,0.887,0.000,0.379,0.085,0.114
998,634,541,0.011,0.629,0.795,1.000,0.894,0.000,0.371,0.091,0.114,958,946,0.009,0.628,0.805,1.000,0.886,0.000,0.372,0.091,0.104,965.000,963.000,0.013,0.643,0.807,1.000,0.883,0.000,0.357,0.078,0.115,969.000,958.000,0.011,0.621,0.801,1.000,0.887,0.000,0.379,0.085,0.114
999,634,541,0.011,0.629,0.795,1.000,0.894,0.000,0.371,0.091,0.114,958,946,0.009,0.628,0.805,1.000,0.886,0.000,0.372,0.091,0.104,965.000,963.000,0.013,0.643,0.807,1.000,0.883,0.000,0.357,0.078,0.115,969.000,958.000,0.011,0.621,0.801,1.000,0.887,0.000,0.379,0.085,0.114
