mutation_step,id_1,parent_1,phi_1,r1_1,r2_1,p1_1,p2_1,r1r2_1,r1p1_1,r2r1_1,r2p2_1,id_2,parent_2,phi_2,r1_2,r2_2,p1_2,p2_2,r1r2_2,r1p1_2,r2r1_2,r2p2_2,id_3,parent_3,phi_3,r1_3,r2_3,p1_3,p2_3,r1r2_3,r1p1_3,r2r1_3,r2p2_3,id_4,parent_4,phi_4,r1_4,r2_4,p1_4,p2_4,r1r2_4,r1p1_4,r2r1_4,r2p2_4
0,0,-1,0.001,0.990,0.990,0.990,0.990,0.005,0.005,0.005,0.005,1,0,0.000,0.970,1.000,0.983,0.985,0.019,0.011,0.000,0.000,,,,,,,,,,,,,,,,,,,,,,
1,0,-1,0.001,0.990,0.990,0.990,0.990,0.005,0.005,0.005,0.005,2,1,0.000,0.967,0.994,0.995,0.971,0.015,0.018,0.006,0.000,,,,,,,,,,,,,,,,,,,,,,
2,0,-1,0.001,0.990,0.990,0.990,0.990,0.005,0.005,0.005,0.005,2,1,0.000,0.967,0.994,0.995,0.971,0.015,0.018,0.006,0.000,3.000,2.000,0.003,0.958,0.987,0.991,0.961,0.029,0.013,0.013,0.000,,,,,,,,,,,
3,0,-1,0.001,0.990,0.990,0.990,0.990,0.005,0.005,0.005,0.005,2,1,0.000,0.967,0.994,0.995,0.971,0.015,0.018,0.006,0.000,3.000,2.000,0.003,0.958,0.987,0.991,0.961,0.029,0.013,0.013,0.000,4.000,3.000,0.013,0.954,0.979,0.997,0.967,0.031,0.015,0.006,0.015
4,0,-1,0.001,0.990,0.990,0.990,0.990,0.005,0.005,0.005,0.005,2,1,0.000,0.967,0.994,0.995,0.971,0.015,0.018,0.006,0.000,3.000,2.000,0.003,0.958,0.987,0.991,0.961,0.029,0.013,0.013,0.000,4.000,3.000,0.013,0.954,0.979,0.997,0.967,0.031,0.015,0.006,0.015
5,0,-1,0.001,0.990,0.990,0.990,0.990,0.005,0.005,0.005,0.005,2,1,0.000,0.967,0.994,0.995,0.971,0.015,0.018,0.006,0.000,3.000,2.000,0.003,0.958,0.987,0.991,0.961,0.029,0.013,0.013,0.000,5.000,2.000,0.000,0.968,0.990,0.987,0.989,0.013,0.018,0.008,0.002
6,0,-1,0.001,0.990,0.990,0.990,0.990,0.005,0.005,0.005,0.005,2,1,0.000,0.967,0.994,0.995,0.971,0.015,0.018,0.006,0.000,3.000,2.000,0.003,0.958,0.987,0.991,0.961,0.029,0.013,0.013,0.000,5.000,2.000,0.000,0.968,0.990,0.987,0.989,0.013,0.018,0.008,0.002
7,0,-1,0.001,0.990,0.990,0.990,0.990,0.005,0.005,0.005,0.005,2,1,0.000,0.967,0.994,0.995,0.971,0.015,0.018,0.006,0.000,3.000,2.000,0.003,0.958,0.987,0.991,0.961,0.029,0.013,0.013,0.000,5.000,2.000,0.000,0.968,0.990,0.987,0.989,0.013,0.018,0.008,0.002
8,2,1,0.000,0.967,0.994,0.995,0.971,0.015,0.018,0.006,0.000,9,2,0.000,0.957,0.988,1.000,0.988,0.017,0.026,0.012,0.000,,,,,,,,,,,,,,,,,,,,,,
9,2,1,0.000,0.967,0.994,0.995,0.971,0.015,0.018,0.006,0.000,9,2,0.000,0.957,0.988,1.000,0.988,0.017,0.026,0.012,0.000,10.000,9.000,0.007,0.976,0.984,1.000,0.993,0.010,0.014,0.009,0.007,,,,,,,,,,,
10,2,1,0.000,0.967,0.994,0.995,0.971,0.015,0.018,0.006,0.000,9,2,0.000,0.957,0.988,1.000,0.988,0.017,0.026,0.012,0.000,10.000,9.000,0.007,0.976,0.984,1.000,0.993,0.010,0.014,0.009,0.007,11.000,10.000,0.014,0.997,0.984,0.994,0.984,0.003,0.000,0.005,0.011
11,2,1,0.000,0.967,0.994,0.995,0.971,0.015,0.018,0.006,0.000,9,2,0.000,0.957,0.988,1.000,0.988,0.017,0.026,0.012,0.000,10.000,9.000,0.007,0.976,0.984,1.000,0.993,0.010,0.014,0.009,0.007,11.000,10.000,0.014,0.997,0.984,0.994,0.984,0.003,0.000,0.005,0.011
12,2,1,0.000,0.967,0.994,0.995,0.971,0.015,0.018,0.006,0.000,9,2,0.000,0.957,0.988,1.000,0.988,0.017,0.026,0.012,0.000,10.000,9.000,0.007,0.976,0.984,1.000,0.993,0.010,0.014,0.009,0.007,13.000,12.000,0.024,1.000,0.995,1.000,0.972,0.000,0.000,0.005,0.000
13,2,1,0.000,0.967,0.994,0.995,0.971,0.015,0.018,0.006,0.000,9,2,0.000,0.957,0.988,1.000,0.988,0.017,0.026,0.012,0.000,10.000,9.000,0.007,0.976,0.984,1.000,0.993,0.010,0.014,0.009,0.007,14.000,9.000,0.000,0.942,0.979,0.989,0.981,0.022,0.037,0.021,0.000
14,2,1,0.000,0.967,0.994,0.995,0.971,0.015,0.018,0.006,0.000,9,2,0.000,0.957,0.988,1.000,0.988,0.017,0.026,0.012,0.000,14.000,9.000,0.000,0.942,0.979,0.989,0.981,0.022,0.037,0.021,0.000,15.000,14.000,0.005,0.958,0.966,1.000,0.984,0.003,0.039,0.027,0.007
15,2,1,0.000,0.967,0.994,0.995,0.971,0.015,0.018,0.006,0.000,9,2,0.000,0.957,0.988,1.000,0.988,0.017,0.026,0.012,0.000,14.000,9.000,0.000,0.942,0.979,0.989,0.981,0.022,0.037,0.021,0.000,15.000,14.000,0.005,0.958,0.966,1.000,0.984,0.003,0.039,0.027,0.007
16,2,1,0.000,0.967,0.994,0.995,0.971,0.015,0.018,0.006,0.000,9,2,0.000,0.957,0.988,1.000,0.988,0.017,0.026,0.012,0.000,14.000,9.000,0.000,0.942,0.979,0.989,0.981,0.022,0.037,0.021,0.000,15.000,14.000,0.005,0.958,0.966,1.000,0.984,0.003,0.039,0.027,0.007
17,2,1,0.000,0.967,0.994,0.995,0.971,0.015,0.018,0.006,0.000,9,2,0.000,0.957,0.988,1.000,0.988,0.017,0.026,0.012,0.000,14.000,9.000,0.000,0.942,0.979,0.989,0.981,0.022,0.037,0.021,0.000,15.000,14.000,0.005,0.958,0.966,1.000,0.984,0.003,0.039,0.027,0.007
18,2,1,0.000,0.967,0.994,0.995,0.971,0.015,0.018,0.006,0.000,9,2,0.000,0.957,0.988,1.000,0.988,0.017,0.026,0.012,0.000,14.000,9.000,0.000,0.942,0.979,0.989,0.981,0.022,0.037,0.021,0.000,15.000,14.000,0.005,0.958,0.966,1.000,0.984,0.003,0.039,0.027,0.007
19,2,1,0.000,0.967,0.994,0.995,0.971,0.015,0.018,0.006,0.000,9,2,0.000,0.957,0.988,1.000,0.988,0.017,0.026,0.012,0.000,15.000,14.000,0.005,0.958,0.966,1.000,0.984,0.003,0.039,0.027,0.007,16.000,15.000,0.000,0.963,0.972,0.997,0.982,0.004,0.033,0.027,0.001
20,2,1,0.000,0.967,0.994,0.995,0.971,0.015,0.018,0.006,0.000,9,2,0.000,0.957,0.988,1.000,0.988,0.017,0.026,0.012,0.000,15.000,14.000,0.005,0.958,0.966,1.000,0.984,0.003,0.039,0.027,0.007,16.000,15.000,0.000,0.963,0.972,0.997,0.982,0.004,0.033,0.027,0.001
21,2,1,0.000,0.967,0.994,0.995,0.971,0.015,0.018,0.006,0.000,9,2,0.000,0.957,0.988,1.000,0.988,0.017,0.026,0.012,0.000,15.000,14.000,0.005,0.958,0.966,1.000,0.984,0.003,0.039,0.027,0.007,16.000,15.000,0.000,0.963,0.972,0.997,0.982,0.004,0.033,0.027,0.001
22,2,1,0.000,0.967,0.994,0.995,0.971,0.015,0.018,0.006,0.000,9,2,0.000,0.957,0.988,1.000,0.988,0.017,0.026,0.012,0.000,16.000,15.000,0.000,0.963,0.972,0.997,0.982,0.004,0.033,0.027,0.001,21.000,9.000,0.000,0.961,0.959,1.000,0.986,0.019,0.020,0.025,0.016
23,2,1,0.000,0.967,0.994,0.995,0.971,0.015,0.018,0.006,0.000,9,2,0.000,0.957,0.988,1.000,0.988,0.017,0.026,0.012,0.000,16.000,15.000,0.000,0.963,0.972,0.997,0.982,0.004,0.033,0.027,0.001,21.000,9.000,0.000,0.961,0.959,1.000,0.986,0.019,0.020,0.025,0.016
24,2,1,0.000,0.967,0.994,0.995,0.971,0.015,0.018,0.006,0.000,9,2,0.000,0.957,0.988,1.000,0.988,0.017,0.026,0.012,0.000,16.000,15.000,0.000,0.963,0.972,0.997,0.982,0.004,0.033,0.027,0.001,21.000,9.000,0.000,0.961,0.959,1.000,0.986,0.019,0.020,0.025,0.016
25,2,1,0.000,0.967,0.994,0.995,0.971,0.015,0.018,0.006,0.000,9,2,0.000,0.957,0.988,1.000,0.988,0.017,0.026,0.012,0.000,16.000,15.000,0.000,0.963,0.972,0.997,0.982,0.004,0.033,0.027,0.001,21.000,9.000,0.000,0.961,0.959,1.000,0.986,0.019,0.020,0.025,0.016
26,9,2,0.000,0.957,0.988,1.000,0.988,0.017,0.026,0.012,0.000,16,15,0.000,0.963,0.972,0.997,0.982,0.004,0.033,0.027,0.001,21.000,9.000,0.000,0.961,0.959,1.000,0.986,0.019,0.020,0.025,0.016,26.000,9.000,0.000,0.977,0.991,1.000,0.994,0.010,0.013,0.004,0.005
27,9,2,0.000,0.957,0.988,1.000,0.988,0.017,0.026,0.012,0.000,16,15,0.000,0.963,0.972,0.997,0.982,0.004,0.033,0.027,0.001,21.000,9.000,0.000,0.961,0.959,1.000,0.986,0.019,0.020,0.025,0.016,26.000,9.000,0.000,0.977,0.991,1.000,0.994,0.010,0.013,0.004,0.005
28,9,2,0.000,0.957,0.988,1.000,0.988,0.017,0.026,0.012,0.000,16,15,0.000,0.963,0.972,0.997,0.982,0.004,0.033,0.027,0.001,21.000,9.000,0.000,0.961,0.959,1.000,0.986,0.019,0.020,0.025,0.016,26.000,9.000,0.000,0.977,0.991,1.000,0.994,0.010,0.013,0.004,0.005
29,9,2,0.000,0.957,0.988,1.000,0.988,0.017,0.026,0.012,0.000,16,15,0.000,0.963,0.972,0.997,0.982,0.004,0.033,0.027,0.001,21.000,9.000,0.000,0.961,0.959,1.000,0.986,0.019,0.020,0.025,0.016,26.000,9.000,0.000,0.977,0.991,1.000,0.994,0.010,0.013,0.004,0.005
30,9,2,0.000,0.957,0.988,1.000,0.988,0.017,0.026,0.012,0.000,16,15,0.000,0.963,0.972,0.997,0.982,0.004,0.033,0.027,0.001,21.000,9.000,0.000,0.961,0.959,1.000,0.986,0.019,0.020,0.025,0.016,26.000,9.000,0.000,0.977,0.991,1.000,0.994,0.010,0.013,0.004,0.005
31,9,2,0.000,0.957,0.988,1.000,0.988,0.017,0.026,0.012,0.000,16,15,0.000,0.963,0.972,0.997,0.982,0.004,0.033,0.027,0.001,21.000,9.000,0.000,0.961,0.959,1.000,0.986,0.019,0.020,0.025,0.016,26.000,9.000,0.000,0.977,0.991,1.000,0.994,0.010,0.013,0.004,0.005
32,9,2,0.000,0.957,0.988,1.000,0.988,0.017,0.026,0.012,0.000,16,15,0.000,0.963,0.972,0.997,0.982,0.004,0.033,0.027,0.001,21.000,9.000,0.000,0.961,0.959,1.000,0.986,0.019,0.020,0.025,0.016,26.000,9.000,0.000,0.977,0.991,1.000,0.994,0.010,0.013,0.004,0.005
33,9,2,0.000,0.957,0.988,1.000,0.988,0.017,0.026,0.012,0.000,16,15,0.000,0.963,0.972,0.997,0.982,0.004,0.033,0.027,0.001,21.000,9.000,0.000,0.961,0.959,1.000,0.986,0.019,0.020,0.025,0.016,26.000,9.000,0.000,0.977,0.991,1.000,0.994,0.010,0.013,0.004,0.005
34,9,2,0.000,0.957,0.988,1.000,0.988,0.017,0.026,0.012,0.000,16,15,0.000,0.963,0.972,0.997,0.982,0.004,0.033,0.027,0.001,21.000,9.000,0.000,0.961,0.959,1.000,0.986,0.019,0.020,0.025,0.016,26.000,9.000,0.000,0.977,0.991,1.000,0.994,0.010,0.013,0.004,0.005
35,9,2,0.000,0.957,0.988,1.000,0.988,0.017,0.026,0.012,0.000,16,15,0.000,0.963,0.972,0.997,0.982,0.004,0.033,0.027,0.001,21.000,9.000,0.000,0.961,0.959,1.000,0.986,0.019,0.020,0.025,0.016,26.000,9.000,0.000,0.977,0.991,1.000,0.994,0.010,0.013,0.004,0.005
36,9,2,0.000,0.957,0.988,1.000,0.988,0.017,0.026,0.012,0.000,16,15,0.000,0.963,0.972,0.997,0.982,0.004,0.033,0.027,0.001,21.000,9.000,0.000,0.961,0.959,1.000,0.986,0.019,0.020,0.025,0.016,26.000,9.000,0.000,0.977,0.991,1.000,0.994,0.010,0.013,0.004,0.005
37,9,2,0.000,0.957,0.988,1.000,0.988,0.017,0.026,0.012,0.000,16,15,0.000,0.963,0.972,0.997,0.982,0.004,0.033,0.027,0.001,21.000,9.000,0.000,0.961,0.959,1.000,0.986,0.019,0.020,0.025,0.016,26.000,9.000,0.000,0.977,0.991,1.000,0.994,0.010,0.013,0.004,0.005
38,9,2,0.000,0.957,0.988,1.000,0.988,0.017,0.026,0.012,0.000,16,15,0.000,0.963,0.972,0.997,0.982,0.004,0.033,0.027,0.001,21.000,9.000,0.000,0.961,0.959,1.000,0.986,0.019,0.020,0.025,0.016,26.000,9.000,0.000,0.977,0.991,1.000,0.994,0.010,0.013,0.004,0.005
39,9,2,0.000,0.957,0.988,1.000,0.988,0.017,0.026,0.012,0.000,16,15,0.000,0.963,0.972,0.997,0.982,0.004,0.033,0.027,0.001,21.000,9.000,0.000,0.961,0.959,1.000,0.986,0.019,0.020,0.025,0.016,26.000,9.000,0.000,0.977,0.991,1.000,0.994,0.010,0.013,0.004,0.005
40,9,2,0.000,0.957,0.988,1.000,0.988,0.017,0.026,0.012,0.000,16,15,0.000,0.963,0.972,0.997,0.982,0.004,0.033,0.027,0.001,21.000,9.000,0.000,0.961,0.959,1.000,0.986,0.019,0.020,0.025,0.016,26.000,9.000,0.000,0.977,0.991,1.000,0.994,0.010,0.013,0.004,0.005
41,9,2,0.000,0.957,0.988,1.000,0.988,0.017,0.026,0.012,0.000,16,15,0.000,0.963,0.972,0.997,0.982,0.004,0.033,0.027,0.001,21.000,9.000,0.000,0.961,0.959,1.000,0.986,0.019,0.020,0.025,0.016,26.000,9.000,0.000,0.977,0.991,1.000,0.994,0.010,0.013,0.004,0.005
42,9,2,0.000,0.957,0.988,1.000,0.988,0.017,0.026,0.012,0.000,21,9,0.000,0.961,0.959,1.000,0.986,0.019,0.020,0.025,0.016,26.000,9.000,0.000,0.977,0.991,1.000,0.994,0.010,0.013,0.004,0.005,28.000,21.000,0.000,0.959,0.957,0.995,0.975,0.017,0.024,0.022,0.020
43,9,2,0.000,0.957,0.988,1.000,0.988,0.017,0.026,0.012,0.000,21,9,0.000,0.961,0.959,1.000,0.986,0.019,0.020,0.025,0.016,26.000,9.000,0.000,0.977,0.991,1.000,0.994,0.010,0.013,0.004,0.005,28.000,21.000,0.000,0.959,0.957,0.995,0.975,0.017,0.024,0.022,0.020
44,9,2,0.000,0.957,0.988,1.000,0.988,0.017,0.026,0.012,0.000,21,9,0.000,0.961,0.959,1.000,0.986,0.019,0.020,0.025,0.016,26.000,9.000,0.000,0.977,0.991,1.000,0.994,0.010,0.013,0.004,0.005,29.000,16.000,0.000,0.947,0.956,1.000,0.991,0.006,0.047,0.037,0.007
45,9,2,0.000,0.957,0.988,1.000,0.988,0.017,0.026,0.012,0.000,21,9,0.000,0.961,0.959,1.000,0.986,0.019,0.020,0.025,0.016,26.000,9.000,0.000,0.977,0.991,1.000,0.994,0.010,0.013,0.004,0.005,29.000,16.000,0.000,0.947,0.956,1.000,0.991,0.006,0.047,0.037,0.007
46,9,2,0.000,0.957,0.988,1.000,0.988,0.017,0.026,0.012,0.000,21,9,0.000,0.961,0.959,1.000,0.986,0.019,0.020,0.025,0.016,26.000,9.000,0.000,0.977,0.991,1.000,0.994,0.010,0.013,0.004,0.005,29.000,16.000,0.000,0.947,0.956,1.000,0.991,0.006,0.047,0.037,0.007
47,9,2,0.000,0.957,0.988,1.000,0.988,0.017,0.026,0.012,0.000,21,9,0.000,0.961,0.959,1.000,0.986,0.019,0.020,0.025,0.016,26.000,9.000,0.000,0.977,0.991,1.000,0.994,0.010,0.013,0.004,0.005,29.000,16.000,0.000,0.947,0.956,1.000,0.991,0.006,0.047,0.037,0.007
48,9,2,0.000,0.957,0.988,1.000,0.988,0.017,0.026,0.012,0.000,21,9,0.000,0.961,0.959,1.000,0.986,0.019,0.020,0.025,0.016,26.000,9.000,0.000,0.977,0.991,1.000,0.994,0.010,0.013,0.004,0.005,29.000,16.000,0.000,0.947,0.956,1.000,0.991,0.006,0.047,0.037,0.007
49,9,2,0.000,0.957,0.988,1.000,0.988,0.017,0.026,0.012,0.000,21,9,0.000,0.961,0.959,1.000,0.986,0.019,0.020,0.025,0.016,26.000,9.000,0.000,0.977,0.991,1.000,0.994,0.010,0.013,0.004,0.005,29.000,16.000,0.000,0.947,0.956,1.000,0.991,0.006,0.047,0.037,0.007
50,9,2,0.000,0.957,0.988,1.000,0.988,0.017,0.026,0.012,0.000,21,9,0.000,0.961,0.959,1.000,0.986,0.019,0.020,0.025,0.016,26.000,9.000,0.000,0.977,0.991,1.000,0.994,0.010,0.013,0.004,0.005,29.000,16.000,0.000,0.947,0.956,1.000,0.991,0.006,0.047,0.037,0.007
51,9,2,0.000,0.957,0.988,1.000,0.988,0.017,0.026,0.012,0.000,21,9,0.000,0.961,0.959,1.000,0.986,0.019,0.020,0.025,0.016,26.000,9.000,0.000,0.977,0.991,1.000,0.994,0.010,0.013,0.004,0.005,29.000,16.000,0.000,0.947,0.956,1.000,0.991,0.006,0.047,0.037,0.007
52,9,2,0.000,0.957,0.988,1.000,0.988,0.017,0.026,0.012,0.000,21,9,0.000,0.961,0.959,1.000,0.986,0.019,0.020,0.025,0.016,26.000,9.000,0.000,0.977,0.991,1.000,0.994,0.010,0.013,0.004,0.005,29.000,16.000,0.000,0.947,0.956,1.000,0.991,0.006,0.047,0.037,0.007
53,9,2,0.000,0.957,0.988,1.000,0.988,0.017,0.026,0.012,0.000,21,9,0.000,0.961,0.959,1.000,0.986,0.019,0.020,0.025,0.016,26.000,9.000,0.000,0.977,0.991,1.000,0.994,0.010,0.013,0.004,0.005,29.000,16.000,0.000,0.947,0.956,1.000,0.991,0.006,0.047,0.037,0.007
54,9,2,0.000,0.957,0.988,1.000,0.988,0.017,0.026,0.012,0.000,21,9,0.000,0.961,0.959,1.000,0.986,0.019,0.020,0.025,0.016,26.000,9.000,0.000,0.977,0.991,1.000,0.994,0.010,0.013,0.004,0.005,29.000,16.000,0.000,0.947,0.956,1.000,0.991,0.006,0.047,0.037,0.007
55,9,2,0.000,0.957,0.988,1.000,0.988,0.017,0.026,0.012,0.000,21,9,0.000,0.961,0.959,1.000,0.986,0.019,0.020,0.025,0.016,26.000,9.000,0.000,0.977,0.991,1.000,0.994,0.010,0.013,0.004,0.005,29.000,16.000,0.000,0.947,0.956,1.000,0.991,0.006,0.047,0.037,0.007
56,9,2,0.000,0.957,0.988,1.000,0.988,0.017,0.026,0.012,0.000,21,9,0.000,0.961,0.959,1.000,0.986,0.019,0.020,0.025,0.016,26.000,9.000,0.000,0.977,0.991,1.000,0.994,0.010,0.013,0.004,0.005,29.000,16.000,0.000,0.947,0.956,1.000,0.991,0.006,0.047,0.037,0.007
57,9,2,0.000,0.957,0.988,1.000,0.988,0.017,0.026,0.012,0.000,21,9,0.000,0.961,0.959,1.000,0.986,0.019,0.020,0.025,0.016,26.000,9.000,0.000,0.977,0.991,1.000,0.994,0.010,0.013,0.004,0.005,29.000,16.000,0.000,0.947,0.956,1.000,0.991,0.006,0.047,0.037,0.007
58,9,2,0.000,0.957,0.988,1.000,0.988,0.017,0.026,0.012,0.000,21,9,0.000,0.961,0.959,1.000,0.986,0.019,0.020,0.025,0.016,26.000,9.000,0.000,0.977,0.991,1.000,0.994,0.010,0.013,0.004,0.005,29.000,16.000,0.000,0.947,0.956,1.000,0.991,0.006,0.047,0.037,0.007
59,9,2,0.000,0.957,0.988,1.000,0.988,0.017,0.026,0.012,0.000,21,9,0.000,0.961,0.959,1.000,0.986,0.019,0.020,0.025,0.016,26.000,9.000,0.000,0.977,0.991,1.000,0.994,0.010,0.013,0.004,0.005,29.000,16.000,0.000,0.947,0.956,1.000,0.991,0.006,0.047,0.037,0.007
60,9,2,0.000,0.957,0.988,1.000,0.988,0.017,0.026,0.012,0.000,21,9,0.000,0.961,0.959,1.000,0.986,0.019,0.020,0.025,0.016,26.000,9.000,0.000,0.977,0.991,1.000,0.994,0.010,0.013,0.004,0.005,29.000,16.000,0.000,0.947,0.956,1.000,0.991,0.006,0.047,0.037,0.007
61,9,2,0.000,0.957,0.988,1.000,0.988,0.017,0.026,0.012,0.000,21,9,0.000,0.961,0.959,1.000,0.986,0.019,0.020,0.025,0.016,26.000,9.000,0.000,0.977,0.991,1.000,0.994,0.010,0.013,0.004,0.005,29.000,16.000,0.000,0.947,0.956,1.000,0.991,0.006,0.047,0.037,0.007
62,9,2,0.000,0.957,0.988,1.000,0.988,0.017,0.026,0.012,0.000,21,9,0.000,0.961,0.959,1.000,0.986,0.019,0.020,0.025,0.016,26.000,9.000,0.000,0.977,0.991,1.000,0.994,0.010,0.013,0.004,0.005,29.000,16.000,0.000,0.947,0.956,1.000,0.991,0.006,0.047,0.037,0.007
63,9,2,0.000,0.957,0.988,1.000,0.988,0.017,0.026,0.012,0.000,21,9,0.000,0.961,0.959,1.000,0.986,0.019,0.020,0.025,0.016,26.000,9.000,0.000,0.977,0.991,1.000,0.994,0.010,0.013,0.004,0.005,29.000,16.000,0.000,0.947,0.956,1.000,0.991,0.006,0.047,0.037,0.007
64,9,2,0.000,0.957,0.988,1.000,0.988,0.017,0.026,0.012,0.000,21,9,0.000,0.961,0.959,1.000,0.986,0.019,0.020,0.025,0.016,26.000,9.000,0.000,0.977,0.991,1.000,0.994,0.010,0.013,0.004,0.005,29.000,16.000,0.000,0.947,0.956,1.000,0.991,0.006,0.047,0.037,0.007
65,9,2,0.000,0.957,0.988,1.000,0.988,0.017,0.026,0.012,0.000,21,9,0.000,0.961,0.959,1.000,0.986,0.019,0.020,0.025,0.016,26.000,9.000,0.000,0.977,0.991,1.000,0.994,0.010,0.013,0.004,0.005,29.000,16.000,0.000,0.947,0.956,1.000,0.991,0.006,0.047,0.037,0.007
66,9,2,0.000,0.957,0.988,1.000,0.988,0.017,0.026,0.012,0.000,21,9,0.000,0.961,0.959,1.000,0.986,0.019,0.020,0.025,0.016,26.000,9.000,0.000,0.977,0.991,1.000,0.994,0.010,0.013,0.004,0.005,29.000,16.000,0.000,0.947,0.956,1.000,0.991,0.006,0.047,0.037,0.007
67,9,2,0.000,0.957,0.988,1.000,0.988,0.017,0.026,0.012,0.000,21,9,0.000,0.961,0.959,1.000,0.986,0.019,0.020,0.025,0.016,26.000,9.000,0.000,0.977,0.991,1.000,0.994,0.010,0.013,0.004,0.005,29.000,16.000,0.000,0.947,0.956,1.000,0.991,0.006,0.047,0.037,0.007
68,9,2,0.000,0.957,0.988,1.000,0.988,0.017,0.026,0.012,0.000,21,9,0.000,0.961,0.959,1.000,0.986,0.019,0.020,0.025,0.016,26.000,9.000,0.000,0.977,0.991,1.000,0.994,0.010,0.013,0.004,0.005,29.000,16.000,0.000,0.947,0.956,1.000,0.991,0.006,0.047,0.037,0.007
69,9,2,0.000,0.957,0.988,1.000,0.988,0.017,0.026,0.012,0.000,21,9,0.000,0.961,0.959,1.000,0.986,0.019,0.020,0.025,0.016,26.000,9.000,0.000,0.977,0.991,1.000,0.994,0.010,0.013,0.004,0.005,29.000,16.000,0.000,0.947,0.956,1.000,0.991,0.006,0.047,0.037,0.007
70,9,2,0.000,0.957,0.988,1.000,0.988,0.017,0.026,0.012,0.000,21,9,0.000,0.961,0.959,1.000,0.986,0.019,0.020,0.025,0.016,26.000,9.000,0.000,0.977,0.991,1.000,0.994,0.010,0.013,0.004,0.005,29.000,16.000,0.000,0.947,0.956,1.000,0.991,0.006,0.047,0.037,0.007
71,9,2,0.000,0.957,0.988,1.000,0.988,0.017,0.026,0.012,0.000,21,9,0.000,0.961,0.959,1.000,0.986,0.019,0.020,0.025,0.016,26.000,9.000,0.000,0.977,0.991,1.000,0.994,0.010,0.013,0.004,0.005,29.000,16.000,0.000,0.947,0.956,1.000,0.991,0.006,0.047,0.037,0.007
72,9,2,0.000,0.957,0.988,1.000,0.988,0.017,0.026,0.012,0.000,21,9,0.000,0.961,0.959,1.000,0.986,0.019,0.020,0.025,0.016,26.000,9.000,0.000,0.977,0.991,1.000,0.994,0.010,0.013,0.004,0.005,29.000,16.000,0.000,0.947,0.956,1.000,0.991,0.006,0.047,0.037,0.007
73,9,2,0.000,0.957,0.988,1.000,0.988,0.017,0.026,0.012,0.000,21,9,0.000,0.961,0.959,1.000,0.986,0.019,0.020,0.025,0.016,26.000,9.000,0.000,0.977,0.991,1.000,0.994,0.010,0.013,0.004,0.005,29.000,16.000,0.000,0.947,0.956,1.000,0.991,0.006,0.047,0.037,0.007
74,9,2,0.000,0.957,0.988,1.000,0.988,0.017,0.026,0.012,0.000,21,9,0.000,0.961,0.959,1.000,0.986,0.019,0.020,0.025,0.016,26.000,9.000,0.000,0.977,0.991,1.000,0.994,0.010,0.013,0.004,0.005,29.000,16.000,0.000,0.947,0.956,1.000,0.991,0.006,0.047,0.037,0.007
75,9,2,0.000,0.957,0.988,1.000,0.988,0.017,0.026,0.012,0.000,21,9,0.000,0.961,0.959,1.000,0.986,0.019,0.020,0.025,0.016,26.000,9.000,0.000,0.977,0.991,1.000,0.994,0.010,0.013,0.004,0.005,29.000,16.000,0.000,0.947,0.956,1.000,0.991,0.006,0.047,0.037,0.007
76,9,2,0.000,0.957,0.988,1.000,0.988,0.017,0.026,0.012,0.000,21,9,0.000,0.961,0.959,1.000,0.986,0.019,0.020,0.025,0.016,26.000,9.000,0.000,0.977,0.991,1.000,0.994,0.010,0.013,0.004,0.005,29.000,16.000,0.000,0.947,0.956,1.000,0.991,0.006,0.047,0.037,0.007
77,9,2,0.000,0.957,0.988,1.000,0.988,0.017,0.026,0.012,0.000,21,9,0.000,0.961,0.959,1.000,0.986,0.019,0.020,0.025,0.016,26.000,9.000,0.000,0.977,0.991,1.000,0.994,0.010,0.013,0.004,0.005,29.000,16.000,0.000,0.947,0.956,1.000,0.991,0.006,0.047,0.037,0.007
78,9,2,0.000,0.957,0.988,1.000,0.988,0.017,0.026,0.012,0.000,21,9,0.000,0.961,0.959,1.000,0.986,0.019,0.020,0.025,0.016,26.000,9.000,0.000,0.977,0.991,1.000,0.994,0.010,0.013,0.004,0.005,29.000,16.000,0.000,0.947,0.956,1.000,0.991,0.006,0.047,0.037,0.007
79,9,2,0.000,0.957,0.988,1.000,0.988,0.017,0.026,0.012,0.000,21,9,0.000,0.961,0.959,1.000,0.986,0.019,0.020,0.025,0.016,26.000,9.000,0.000,0.977,0.991,1.000,0.994,0.010,0.013,0.004,0.005,29.000,16.000,0.000,0.947,0.956,1.000,0.991,0.006,0.047,0.037,0.007
80,9,2,0.000,0.957,0.988,1.000,0.988,0.017,0.026,0.012,0.000,21,9,0.000,0.961,0.959,1.000,0.986,0.019,0.020,0.025,0.016,26.000,9.000,0.000,0.977,0.991,1.000,0.994,0.010,0.013,0.004,0.005,29.000,16.000,0.000,0.947,0.956,1.000,0.991,0.006,0.047,0.037,0.007
81,9,2,0.000,0.957,0.988,1.000,0.988,0.017,0.026,0.012,0.000,21,9,0.000,0.961,0.959,1.000,0.986,0.019,0.020,0.025,0.016,26.000,9.000,0.000,0.977,0.991,1.000,0.994,0.010,0.013,0.004,0.005,29.000,16.000,0.000,0.947,0.956,1.000,0.991,0.006,0.047,0.037,0.007
82,9,2,0.000,0.957,0.988,1.000,0.988,0.017,0.026,0.012,0.000,21,9,0.000,0.961,0.959,1.000,0.986,0.019,0.020,0.025,0.016,26.000,9.000,0.000,0.977,0.991,1.000,0.994,0.010,0.013,0.004,0.005,29.000,16.000,0.000,0.947,0.956,1.000,0.991,0.006,0.047,0.037,0.007
83,9,2,0.000,0.957,0.988,1.000,0.988,0.017,0.026,0.012,0.000,21,9,0.000,0.961,0.959,1.000,0.986,0.019,0.020,0.025,0.016,26.000,9.000,0.000,0.977,0.991,1.000,0.994,0.010,0.013,0.004,0.005,29.000,16.000,0.000,0.947,0.956,1.000,0.991,0.006,0.047,0.037,0.007
84,9,2,0.000,0.957,0.988,1.000,0.988,0.017,0.026,0.012,0.000,21,9,0.000,0.961,0.959,1.000,0.986,0.019,0.020,0.025,0.016,26.000,9.000,0.000,0.977,0.991,1.000,0.994,0.010,0.013,0.004,0.005,29.000,16.000,0.000,0.947,0.956,1.000,0.991,0.006,0.047,0.037,0.007
85,9,2,0.000,0.957,0.988,1.000,0.988,0.017,0.026,0.012,0.000,21,9,0.000,0.961,0.959,1.000,0.986,0.019,0.020,0.025,0.016,26.000,9.000,0.000,0.977,0.991,1.000,0.994,0.010,0.013,0.004,0.005,29.000,16.000,0.000,0.947,0.956,1.000,0.991,0.006,0.047,0.037,0.007
86,9,2,0.000,0.957,0.988,1.000,0.988,0.017,0.026,0.012,0.000,21,9,0.000,0.961,0.959,1.000,0.986,0.019,0.020,0.025,0.016,26.000,9.000,0.000,0.977,0.991,1.000,0.994,0.010,0.013,0.004,0.005,29.000,16.000,0.000,0.947,0.956,1.000,0.991,0.006,0.047,0.037,0.007
87,9,2,0.000,0.957,0.988,1.000,0.988,0.017,0.026,0.012,0.000,21,9,0.000,0.961,0.959,1.000,0.986,0.019,0.020,0.025,0.016,26.000,9.000,0.000,0.977,0.991,1.000,0.994,0.010,0.013,0.004,0.005,29.000,16.000,0.000,0.947,0.956,1.000,0.991,0.006,0.047,0.037,0.007
88,9,2,0.000,0.957,0.988,1.000,0.988,0.017,0.026,0.012,0.000,21,9,0.000,0.961,0.959,1.000,0.986,0.019,0.020,0.025,0.016,26.000,9.000,0.000,0.977,0.991,1.000,0.994,0.010,0.013,0.004,0.005,29.000,16.000,0.000,0.947,0.956,1.000,0.991,0.006,0.047,0.037,0.007
89,9,2,0.000,0.957,0.988,1.000,0.988,0.017,0.026,0.012,0.000,21,9,0.000,0.961,0.959,1.000,0.986,0.019,0.020,0.025,0.016,26.000,9.000,0.000,0.977,0.991,1.000,0.994,0.010,0.013,0.004,0.005,29.000,16.000,0.000,0.947,0.956,1.000,0.991,0.006,0.047,0.037,0.007
90,9,2,0.000,0.957,0.988,1.000,0.988,0.017,0.026,0.012,0.000,21,9,0.000,0.961,0.959,1.000,0.986,0.019,0.020,0.025,0.016,26.000,9.000,0.000,0.977,0.991,1.000,0.994,0.010,0.013,0.004,0.005,29.000,16.000,0.000,0.947,0.956,1.000,0.991,0.006,0.047,0.037,0.007
91,9,2,0.000,0.957,0.988,1.000,0.988,0.017,0.026,0.012,0.000,21,9,0.000,0.961,0.959,1.000,0.986,0.019,0.020,0.025,0.016,26.000,9.000,0.000,0.977,0.991,1.000,0.994,0.010,0.013,0.004,0.005,29.000,16.000,0.000,0.947,0.956,1.000,0.991,0.006,0.047,0.037,0.007
92,9,2,0.000,0.957,0.988,1.000,0.988,0.017,0.026,0.012,0.000,21,9,0.000,0.961,0.959,1.000,0.986,0.019,0.020,0.025,0.016,26.000,9.000,0.000,0.977,0.991,1.000,0.994,0.010,0.013,0.004,0.005,29.000,16.000,0.000,0.947,0.956,1.000,0.991,0.006,0.047,0.037,0.007
93,9,2,0.000,0.957,0.988,1.000,0.988,0.017,0.026,0.012,0.000,21,9,0.000,0.961,0.959,1.000,0.986,0.019,0.020,0.025,0.016,26.000,9.000,0.000,0.977,0.991,1.000,0.994,0.010,0.013,0.004,0.005,29.000,16.000,0.000,0.947,0.956,1.000,0.991,0.006,0.047,0.037,0.007
94,9,2,0.000,0.957,0.988,1.000,0.988,0.017,0.026,0.012,0.000,21,9,0.000,0.961,0.959,1.000,0.986,0.019,0.020,0.025,0.016,26.000,9.000,0.000,0.977,0.991,1.000,0.994,0.010,0.013,0.004,0.005,29.000,16.000,0.000,0.947,0.956,1.000,0.991,0.006,0.047,0.037,0.007
95,9,2,0.000,0.957,0.988,1.000,0.988,0.017,0.026,0.012,0.000,21,9,0.000,0.961,0.959,1.000,0.986,0.019,0.020,0.025,0.016,26.000,9.000,0.000,0.977,0.991,1.000,0.994,0.010,0.013,0.004,0.005,29.000,16.000,0.000,0.947,0.956,1.000,0.991,0.006,0.047,0.037,0.007
96,9,2,0.000,0.957,0.988,1.000,0.988,0.017,0.026,0.012,0.000,21,9,0.000,0.961,0.959,1.000,0.986,0.019,0.020,0.025,0.016,26.000,9.000,0.000,0.977,0.991,1.000,0.994,0.010,0.013,0.004,0.005,29.000,16.000,0.000,0.947,0.956,1.000,0.991,0.006,0.047,0.037,0.007
97,9,2,0.000,0.957,0.988,1.000,0.988,0.017,0.026,0.012,0.000,21,9,0.000,0.961,0.959,1.000,0.986,0.019,0.020,0.025,0.016,26.000,9.000,0.000,0.977,0.991,1.000,0.994,0.010,0.013,0.004,0.005,29.000,16.000,0.000,0.947,0.956,1.000,0.991,0.006,0.047,0.037,0.007
98,9,2,0.000,0.957,0.988,1.000,0.988,0.017,0.026,0.012,0.000,21,9,0.000,0.961,0.959,1.000,0.986,0.019,0.020,0.025,0.016,26.000,9.000,0.000,0.977,0.991,1.000,0.994,0.010,0.013,0.004,0.005,29.000,16.000,0.000,0.947,0.956,1.000,0.991,0.006,0.047,0.037,0.007
99,9,2,0.000,0.957,0.988,1.000,0.988,0.017,0.026,0.012,0.000,21,9,0.000,0.961,0.959,1.000,0.986,0.019,0.020,0.025,0.016,26.000,9.000,0.000,0.977,0.991,1.000,0.994,0.010,0.013,0.004,0.005,29.000,16.000,0.000,0.947,0.956,1.000,0.991,0.006,0.047,0.037,0.007
100,9,2,0.000,0.957,0.988,1.000,0.988,0.017,0.026,0.012,0.000,21,9,0.000,0.961,0.959,1.000,0.986,0.019,0.020,0.025,0.016,26.000,9.000,0.000,0.977,0.991,1.000,0.994,0.010,0.013,0.004,0.005,29.000,16.000,0.000,0.947,0.956,1.000,0.991,0.006,0.047,0.037,0.007
101,9,2,0.000,0.957,0.988,1.000,0.988,0.017,0.026,0.012,0.000,21,9,0.000,0.961,0.959,1.000,0.986,0.019,0.020,0.025,0.016,26.000,9.000,0.000,0.977,0.991,1.000,0.994,0.010,0.013,0.004,0.005,29.000,16.000,0.000,0.947,0.956,1.000,0.991,0.006,0.047,0.037,0.007
102,9,2,0.000,0.957,0.988,1.000,0.988,0.017,0.026,0.012,0.000,21,9,0.000,0.961,0.959,1.000,0.986,0.019,0.020,0.025,0.016,26.000,9.000,0.000,0.977,0.991,1.000,0.994,0.010,0.013,0.004,0.005,29.000,16.000,0.000,0.947,0.956,1.000,0.991,0.006,0.047,0.037,0.007
103,9,2,0.000,0.957,0.988,1.000,0.988,0.017,0.026,0.012,0.000,21,9,0.000,0.961,0.959,1.000,0.986,0.019,0.020,0.025,0.016,26.000,9.000,0.000,0.977,0.991,1.000,0.994,0.010,0.013,0.004,0.005,29.000,16.000,0.000,0.947,0.956,1.000,0.991,0.006,0.047,0.037,0.007
104,9,2,0.000,0.957,0.988,1.000,0.988,0.017,0.026,0.012,0.000,21,9,0.000,0.961,0.959,1.000,0.986,0.019,0.020,0.025,0.016,26.000,9.000,0.000,0.977,0.991,1.000,0.994,0.010,0.013,0.004,0.005,29.000,16.000,0.000,0.947,0.956,1.000,0.991,0.006,0.047,0.037,0.007
105,9,2,0.000,0.957,0.988,1.000,0.988,0.017,0.026,0.012,0.000,21,9,0.000,0.961,0.959,1.000,0.986,0.019,0.020,0.025,0.016,26.000,9.000,0.000,0.977,0.991,1.000,0.994,0.010,0.013,0.004,0.005,29.000,16.000,0.000,0.947,0.956,1.000,0.991,0.006,0.047,0.037,0.007
106,9,2,0.000,0.957,0.988,1.000,0.988,0.017,0.026,0.012,0.000,21,9,0.000,0.961,0.959,1.000,0.986,0.019,0.020,0.025,0.016,26.000,9.000,0.000,0.977,0.991,1.000,0.994,0.010,0.013,0.004,0.005,29.000,16.000,0.000,0.947,0.956,1.000,0.991,0.006,0.047,0.037,0.007
107,9,2,0.000,0.957,0.988,1.000,0.988,0.017,0.026,0.012,0.000,21,9,0.000,0.961,0.959,1.000,0.986,0.019,0.020,0.025,0.016,26.000,9.000,0.000,0.977,0.991,1.000,0.994,0.010,0.013,0.004,0.005,29.000,16.000,0.000,0.947,0.956,1.000,0.991,0.006,0.047,0.037,0.007
108,9,2,0.000,0.957,0.988,1.000,0.988,0.017,0.026,0.012,0.000,21,9,0.000,0.961,0.959,1.000,0.986,0.019,0.020,0.025,0.016,26.000,9.000,0.000,0.977,0.991,1.000,0.994,0.010,0.013,0.004,0.005,29.000,16.000,0.000,0.947,0.956,1.000,0.991,0.006,0.047,0.037,0.007
109,9,2,0.000,0.957,0.988,1.000,0.988,0.017,0.026,0.012,0.000,21,9,0.000,0.961,0.959,1.000,0.986,0.019,0.020,0.025,0.016,26.000,9.000,0.000,0.977,0.991,1.000,0.994,0.010,0.013,0.004,0.005,29.000,16.000,0.000,0.947,0.956,1.000,0.991,0.006,0.047,0.037,0.007
110,9,2,0.000,0.957,0.988,1.000,0.988,0.017,0.026,0.012,0.000,21,9,0.000,0.961,0.959,1.000,0.986,0.019,0.020,0.025,0.016,26.000,9.000,0.000,0.977,0.991,1.000,0.994,0.010,0.013,0.004,0.005,29.000,16.000,0.000,0.947,0.956,1.000,0.991,0.006,0.047,0.037,0.007
111,9,2,0.000,0.957,0.988,1.000,0.988,0.017,0.026,0.012,0.000,21,9,0.000,0.961,0.959,1.000,0.986,0.019,0.020,0.025,0.016,26.000,9.000,0.000,0.977,0.991,1.000,0.994,0.010,0.013,0.004,0.005,29.000,16.000,0.000,0.947,0.956,1.000,0.991,0.006,0.047,0.037,0.007
112,9,2,0.000,0.957,0.988,1.000,0.988,0.017,0.026,0.012,0.000,21,9,0.000,0.961,0.959,1.000,0.986,0.019,0.020,0.025,0.016,26.000,9.000,0.000,0.977,0.991,1.000,0.994,0.010,0.013,0.004,0.005,29.000,16.000,0.000,0.947,0.956,1.000,0.991,0.006,0.047,0.037,0.007
113,9,2,0.000,0.957,0.988,1.000,0.988,0.017,0.026,0.012,0.000,21,9,0.000,0.961,0.959,1.000,0.986,0.019,0.020,0.025,0.016,26.000,9.000,0.000,0.977,0.991,1.000,0.994,0.010,0.013,0.004,0.005,29.000,16.000,0.000,0.947,0.956,1.000,0.991,0.006,0.047,0.037,0.007
114,9,2,0.000,0.957,0.988,1.000,0.988,0.017,0.026,0.012,0.000,21,9,0.000,0.961,0.959,1.000,0.986,0.019,0.020,0.025,0.016,26.000,9.000,0.000,0.977,0.991,1.000,0.994,0.010,0.013,0.004,0.005,29.000,16.000,0.000,0.947,0.956,1.000,0.991,0.006,0.047,0.037,0.007
115,9,2,0.000,0.957,0.988,1.000,0.988,0.017,0.026,0.012,0.000,21,9,0.000,0.961,0.959,1.000,0.986,0.019,0.020,0.025,0.016,26.000,9.000,0.000,0.977,0.991,1.000,0.994,0.010,0.013,0.004,0.005,29.000,16.000,0.000,0.947,0.956,1.000,0.991,0.006,0.047,0.037,0.007
116,9,2,0.000,0.957,0.988,1.000,0.988,0.017,0.026,0.012,0.000,21,9,0.000,0.961,0.959,1.000,0.986,0.019,0.020,0.025,0.016,26.000,9.000,0.000,0.977,0.991,1.000,0.994,0.010,0.013,0.004,0.005,29.000,16.000,0.000,0.947,0.956,1.000,0.991,0.006,0.047,0.037,0.007
117,9,2,0.000,0.957,0.988,1.000,0.988,0.017,0.026,0.012,0.000,21,9,0.000,0.961,0.959,1.000,0.986,0.019,0.020,0.025,0.016,26.000,9.000,0.000,0.977,0.991,1.000,0.994,0.010,0.013,0.004,0.005,29.000,16.000,0.000,0.947,0.956,1.000,0.991,0.006,0.047,0.037,0.007
118,9,2,0.000,0.957,0.988,1.000,0.988,0.017,0.026,0.012,0.000,21,9,0.000,0.961,0.959,1.000,0.986,0.019,0.020,0.025,0.016,26.000,9.000,0.000,0.977,0.991,1.000,0.994,0.010,0.013,0.004,0.005,29.000,16.000,0.000,0.947,0.956,1.000,0.991,0.006,0.047,0.037,0.007
119,9,2,0.000,0.957,0.988,1.000,0.988,0.017,0.026,0.012,0.000,21,9,0.000,0.961,0.959,1.000,0.986,0.019,0.020,0.025,0.016,26.000,9.000,0.000,0.977,0.991,1.000,0.994,0.010,0.013,0.004,0.005,29.000,16.000,0.000,0.947,0.956,1.000,0.991,0.006,0.047,0.037,0.007
120,9,2,0.000,0.957,0.988,1.000,0.988,0.017,0.026,0.012,0.000,21,9,0.000,0.961,0.959,1.000,0.986,0.019,0.020,0.025,0.016,26.000,9.000,0.000,0.977,0.991,1.000,0.994,0.010,0.013,0.004,0.005,29.000,16.000,0.000,0.947,0.956,1.000,0.991,0.006,0.047,0.037,0.007
121,9,2,0.000,0.957,0.988,1.000,0.988,0.017,0.026,0.012,0.000,21,9,0.000,0.961,0.959,1.000,0.986,0.019,0.020,0.025,0.016,26.000,9.000,0.000,0.977,0.991,1.000,0.994,0.010,0.013,0.004,0.005,29.000,16.000,0.000,0.947,0.956,1.000,0.991,0.006,0.047,0.037,0.007
122,9,2,0.000,0.957,0.988,1.000,0.988,0.017,0.026,0.012,0.000,21,9,0.000,0.961,0.959,1.000,0.986,0.019,0.020,0.025,0.016,26.000,9.000,0.000,0.977,0.991,1.000,0.994,0.010,0.013,0.004,0.005,29.000,16.000,0.000,0.947,0.956,1.000,0.991,0.006,0.047,0.037,0.007
123,9,2,0.000,0.957,0.988,1.000,0.988,0.017,0.026,0.012,0.000,21,9,0.000,0.961,0.959,1.000,0.986,0.019,0.020,0.025,0.016,26.000,9.000,0.000,0.977,0.991,1.000,0.994,0.010,0.013,0.004,0.005,29.000,16.000,0.000,0.947,0.956,1.000,0.991,0.006,0.047,0.037,0.007
124,9,2,0.000,0.957,0.988,1.000,0.988,0.017,0.026,0.012,0.000,21,9,0.000,0.961,0.959,1.000,0.986,0.019,0.020,0.025,0.016,26.000,9.000,0.000,0.977,0.991,1.000,0.994,0.010,0.013,0.004,0.005,29.000,16.000,0.000,0.947,0.956,1.000,0.991,0.006,0.047,0.037,0.007
125,9,2,0.000,0.957,0.988,1.000,0.988,0.017,0.026,0.012,0.000,21,9,0.000,0.961,0.959,1.000,0.986,0.019,0.020,0.025,0.016,26.000,9.000,0.000,0.977,0.991,1.000,0.994,0.010,0.013,0.004,0.005,29.000,16.000,0.000,0.947,0.956,1.000,0.991,0.006,0.047,0.037,0.007
126,9,2,0.000,0.957,0.988,1.000,0.988,0.017,0.026,0.012,0.000,21,9,0.000,0.961,0.959,1.000,0.986,0.019,0.020,0.025,0.016,26.000,9.000,0.000,0.977,0.991,1.000,0.994,0.010,0.013,0.004,0.005,29.000,16.000,0.000,0.947,0.956,1.000,0.991,0.006,0.047,0.037,0.007
127,9,2,0.000,0.957,0.988,1.000,0.988,0.017,0.026,0.012,0.000,21,9,0.000,0.961,0.959,1.000,0.986,0.019,0.020,0.025,0.016,26.000,9.000,0.000,0.977,0.991,1.000,0.994,0.010,0.013,0.004,0.005,29.000,16.000,0.000,0.947,0.956,1.000,0.991,0.006,0.047,0.037,0.007
128,9,2,0.000,0.957,0.988,1.000,0.988,0.017,0.026,0.012,0.000,21,9,0.000,0.961,0.959,1.000,0.986,0.019,0.020,0.025,0.016,26.000,9.000,0.000,0.977,0.991,1.000,0.994,0.010,0.013,0.004,0.005,29.000,16.000,0.000,0.947,0.956,1.000,0.991,0.006,0.047,0.037,0.007
129,9,2,0.000,0.957,0.988,1.000,0.988,0.017,0.026,0.012,0.000,21,9,0.000,0.961,0.959,1.000,0.986,0.019,0.020,0.025,0.016,26.000,9.000,0.000,0.977,0.991,1.000,0.994,0.010,0.013,0.004,0.005,29.000,16.000,0.000,0.947,0.956,1.000,0.991,0.006,0.047,0.037,0.007
130,9,2,0.000,0.957,0.988,1.000,0.988,0.017,0.026,0.012,0.000,21,9,0.000,0.961,0.959,1.000,0.986,0.019,0.020,0.025,0.016,26.000,9.000,0.000,0.977,0.991,1.000,0.994,0.010,0.013,0.004,0.005,29.000,16.000,0.000,0.947,0.956,1.000,0.991,0.006,0.047,0.037,0.007
131,9,2,0.000,0.957,0.988,1.000,0.988,0.017,0.026,0.012,0.000,21,9,0.000,0.961,0.959,1.000,0.986,0.019,0.020,0.025,0.016,26.000,9.000,0.000,0.977,0.991,1.000,0.994,0.010,0.013,0.004,0.005,29.000,16.000,0.000,0.947,0.956,1.000,0.991,0.006,0.047,0.037,0.007
132,9,2,0.000,0.957,0.988,1.000,0.988,0.017,0.026,0.012,0.000,21,9,0.000,0.961,0.959,1.000,0.986,0.019,0.020,0.025,0.016,26.000,9.000,0.000,0.977,0.991,1.000,0.994,0.010,0.013,0.004,0.005,29.000,16.000,0.000,0.947,0.956,1.000,0.991,0.006,0.047,0.037,0.007
133,9,2,0.000,0.957,0.988,1.000,0.988,0.017,0.026,0.012,0.000,21,9,0.000,0.961,0.959,1.000,0.986,0.019,0.020,0.025,0.016,26.000,9.000,0.000,0.977,0.991,1.000,0.994,0.010,0.013,0.004,0.005,29.000,16.000,0.000,0.947,0.956,1.000,0.991,0.006,0.047,0.037,0.007
134,9,2,0.000,0.957,0.988,1.000,0.988,0.017,0.026,0.012,0.000,21,9,0.000,0.961,0.959,1.000,0.986,0.019,0.020,0.025,0.016,26.000,9.000,0.000,0.977,0.991,1.000,0.994,0.010,0.013,0.004,0.005,29.000,16.000,0.000,0.947,0.956,1.000,0.991,0.006,0.047,0.037,0.007
135,9,2,0.000,0.957,0.988,1.000,0.988,0.017,0.026,0.012,0.000,21,9,0.000,0.961,0.959,1.000,0.986,0.019,0.020,0.025,0.016,26.000,9.000,0.000,0.977,0.991,1.000,0.994,0.010,0.013,0.004,0.005,29.000,16.000,0.000,0.947,0.956,1.000,0.991,0.006,0.047,0.037,0.007
136,9,2,0.000,0.957,0.988,1.000,0.988,0.017,0.026,0.012,0.000,21,9,0.000,0.961,0.959,1.000,0.986,0.019,0.020,0.025,0.016,26.000,9.000,0.000,0.977,0.991,1.000,0.994,0.010,0.013,0.004,0.005,29.000,16.000,0.000,0.947,0.956,1.000,0.991,0.006,0.047,0.037,0.007
137,9,2,0.000,0.957,0.988,1.000,0.988,0.017,0.026,0.012,0.000,21,9,0.000,0.961,0.959,1.000,0.986,0.019,0.020,0.025,0.016,26.000,9.000,0.000,0.977,0.991,1.000,0.994,0.010,0.013,0.004,0.005,29.000,16.000,0.000,0.947,0.956,1.000,0.991,0.006,0.047,0.037,0.007
138,9,2,0.000,0.957,0.988,1.000,0.988,0.017,0.026,0.012,0.000,21,9,0.000,0.961,0.959,1.000,0.986,0.019,0.020,0.025,0.016,26.000,9.000,0.000,0.977,0.991,1.000,0.994,0.010,0.013,0.004,0.005,29.000,16.000,0.000,0.947,0.956,1.000,0.991,0.006,0.047,0.037,0.007
139,9,2,0.000,0.957,0.988,1.000,0.988,0.017,0.026,0.012,0.000,21,9,0.000,0.961,0.959,1.000,0.986,0.019,0.020,0.025,0.016,26.000,9.000,0.000,0.977,0.991,1.000,0.994,0.010,0.013,0.004,0.005,29.000,16.000,0.000,0.947,0.956,1.000,0.991,0.006,0.047,0.037,0.007
140,9,2,0.000,0.957,0.988,1.000,0.988,0.017,0.026,0.012,0.000,21,9,0.000,0.961,0.959,1.000,0.986,0.019,0.020,0.025,0.016,26.000,9.000,0.000,0.977,0.991,1.000,0.994,0.010,0.013,0.004,0.005,29.000,16.000,0.000,0.947,0.956,1.000,0.991,0.006,0.047,0.037,0.007
141,9,2,0.000,0.957,0.988,1.000,0.988,0.017,0.026,0.012,0.000,21,9,0.000,0.961,0.959,1.000,0.986,0.019,0.020,0.025,0.016,26.000,9.000,0.000,0.977,0.991,1.000,0.994,0.010,0.013,0.004,0.005,29.000,16.000,0.000,0.947,0.956,1.000,0.991,0.006,0.047,0.037,0.007
142,9,2,0.000,0.957,0.988,1.000,0.988,0.017,0.026,0.012,0.000,21,9,0.000,0.961,0.959,1.000,0.986,0.019,0.020,0.025,0.016,26.000,9.000,0.000,0.977,0.991,1.000,0.994,0.010,0.013,0.004,0.005,29.000,16.000,0.000,0.947,0.956,1.000,0.991,0.006,0.047,0.037,0.007
143,9,2,0.000,0.957,0.988,1.000,0.988,0.017,0.026,0.012,0.000,21,9,0.000,0.961,0.959,1.000,0.986,0.019,0.020,0.025,0.016,26.000,9.000,0.000,0.977,0.991,1.000,0.994,0.010,0.013,0.004,0.005,29.000,16.000,0.000,0.947,0.956,1.000,0.991,0.006,0.047,0.037,0.007
144,9,2,0.000,0.957,0.988,1.000,0.988,0.017,0.026,0.012,0.000,21,9,0.000,0.961,0.959,1.000,0.986,0.019,0.020,0.025,0.016,26.000,9.000,0.000,0.977,0.991,1.000,0.994,0.010,0.013,0.004,0.005,29.000,16.000,0.000,0.947,0.956,1.000,0.991,0.006,0.047,0.037,0.007
145,9,2,0.000,0.957,0.988,1.000,0.988,0.017,0.026,0.012,0.000,21,9,0.000,0.961,0.959,1.000,0.986,0.019,0.020,0.025,0.016,26.000,9.000,0.000,0.977,0.991,1.000,0.994,0.010,0.013,0.004,0.005,29.000,16.000,0.000,0.947,0.956,1.000,0.991,0.006,0.047,0.037,0.007
146,9,2,0.000,0.957,0.988,1.000,0.988,0.017,0.026,0.012,0.000,21,9,0.000,0.961,0.959,1.000,0.986,0.019,0.020,0.025,0.016,26.000,9.000,0.000,0.977,0.991,1.000,0.994,0.010,0.013,0.004,0.005,29.000,16.000,0.000,0.947,0.956,1.000,0.991,0.006,0.047,0.037,0.007
147,9,2,0.000,0.957,0.988,1.000,0.988,0.017,0.026,0.012,0.000,21,9,0.000,0.961,0.959,1.000,0.986,0.019,0.020,0.025,0.016,26.000,9.000,0.000,0.977,0.991,1.000,0.994,0.010,0.013,0.004,0.005,29.000,16.000,0.000,0.947,0.956,1.000,0.991,0.006,0.047,0.037,0.007
148,9,2,0.000,0.957,0.988,1.000,0.988,0.017,0.026,0.012,0.000,21,9,0.000,0.961,0.959,1.000,0.986,0.019,0.020,0.025,0.016,26.000,9.000,0.000,0.977,0.991,1.000,0.994,0.010,0.013,0.004,0.005,29.000,16.000,0.000,0.947,0.956,1.000,0.991,0.006,0.047,0.037,0.007
149,9,2,0.000,0.957,0.988,1.000,0.988,0.017,0.026,0.012,0.000,21,9,0.000,0.961,0.959,1.000,0.986,0.019,0.020,0.025,0.016,26.000,9.000,0.000,0.977,0.991,1.000,0.994,0.010,0.013,0.004,0.005,29.000,16.000,0.000,0.947,0.956,1.000,0.991,0.006,0.047,0.037,0.007
150,9,2,0.000,0.957,0.988,1.000,0.988,0.017,0.026,0.012,0.000,21,9,0.000,0.961,0.959,1.000,0.986,0.019,0.020,0.025,0.016,26.000,9.000,0.000,0.977,0.991,1.000,0.994,0.010,0.013,0.004,0.005,29.000,16.000,0.000,0.947,0.956,1.000,0.991,0.006,0.047,0.037,0.007
151,9,2,0.000,0.957,0.988,1.000,0.988,0.017,0.026,0.012,0.000,21,9,0.000,0.961,0.959,1.000,0.986,0.019,0.020,0.025,0.016,26.000,9.000,0.000,0.977,0.991,1.000,0.994,0.010,0.013,0.004,0.005,29.000,16.000,0.000,0.947,0.956,1.000,0.991,0.006,0.047,0.037,0.007
152,9,2,0.000,0.957,0.988,1.000,0.988,0.017,0.026,0.012,0.000,21,9,0.000,0.961,0.959,1.000,0.986,0.019,0.020,0.025,0.016,26.000,9.000,0.000,0.977,0.991,1.000,0.994,0.010,0.013,0.004,0.005,29.000,16.000,0.000,0.947,0.956,1.000,0.991,0.006,0.047,0.037,0.007
153,9,2,0.000,0.957,0.988,1.000,0.988,0.017,0.026,0.012,0.000,21,9,0.000,0.961,0.959,1.000,0.986,0.019,0.020,0.025,0.016,26.000,9.000,0.000,0.977,0.991,1.000,0.994,0.010,0.013,0.004,0.005,29.000,16.000,0.000,0.947,0.956,1.000,0.991,0.006,0.047,0.037,0.007
154,9,2,0.000,0.957,0.988,1.000,0.988,0.017,0.026,0.012,0.000,21,9,0.000,0.961,0.959,1.000,0.986,0.019,0.020,0.025,0.016,26.000,9.000,0.000,0.977,0.991,1.000,0.994,0.010,0.013,0.004,0.005,29.000,16.000,0.000,0.947,0.956,1.000,0.991,0.006,0.047,0.037,0.007
155,9,2,0.000,0.957,0.988,1.000,0.988,0.017,0.026,0.012,0.000,21,9,0.000,0.961,0.959,1.000,0.986,0.019,0.020,0.025,0.016,26.000,9.000,0.000,0.977,0.991,1.000,0.994,0.010,0.013,0.004,0.005,29.000,16.000,0.000,0.947,0.956,1.000,0.991,0.006,0.047,0.037,0.007
156,9,2,0.000,0.957,0.988,1.000,0.988,0.017,0.026,0.012,0.000,21,9,0.000,0.961,0.959,1.000,0.986,0.019,0.020,0.025,0.016,26.000,9.000,0.000,0.977,0.991,1.000,0.994,0.010,0.013,0.004,0.005,29.000,16.000,0.000,0.947,0.956,1.000,0.991,0.006,0.047,0.037,0.007
157,9,2,0.000,0.957,0.988,1.000,0.988,0.017,0.026,0.012,0.000,21,9,0.000,0.961,0.959,1.000,0.986,0.019,0.020,0.025,0.016,26.000,9.000,0.000,0.977,0.991,1.000,0.994,0.010,0.013,0.004,0.005,29.000,16.000,0.000,0.947,0.956,1.000,0.991,0.006,0.047,0.037,0.007
158,9,2,0.000,0.957,0.988,1.000,0.988,0.017,0.026,0.012,0.000,21,9,0.000,0.961,0.959,1.000,0.986,0.019,0.020,0.025,0.016,26.000,9.000,0.000,0.977,0.991,1.000,0.994,0.010,0.013,0.004,0.005,29.000,16.000,0.000,0.947,0.956,1.000,0.991,0.006,0.047,0.037,0.007
159,9,2,0.000,0.957,0.988,1.000,0.988,0.017,0.026,0.012,0.000,21,9,0.000,0.961,0.959,1.000,0.986,0.019,0.020,0.025,0.016,26.000,9.000,0.000,0.977,0.991,1.000,0.994,0.010,0.013,0.004,0.005,29.000,16.000,0.000,0.947,0.956,1.000,0.991,0.006,0.047,0.037,0.007
160,9,2,0.000,0.957,0.988,1.000,0.988,0.017,0.026,0.012,0.000,21,9,0.000,0.961,0.959,1.000,0.986,0.019,0.020,0.025,0.016,26.000,9.000,0.000,0.977,0.991,1.000,0.994,0.010,0.013,0.004,0.005,29.000,16.000,0.000,0.947,0.956,1.000,0.991,0.006,0.047,0.037,0.007
161,9,2,0.000,0.957,0.988,1.000,0.988,0.017,0.026,0.012,0.000,21,9,0.000,0.961,0.959,1.000,0.986,0.019,0.020,0.025,0.016,26.000,9.000,0.000,0.977,0.991,1.000,0.994,0.010,0.013,0.004,0.005,29.000,16.000,0.000,0.947,0.956,1.000,0.991,0.006,0.047,0.037,0.007
162,9,2,0.000,0.957,0.988,1.000,0.988,0.017,0.026,0.012,0.000,21,9,0.000,0.961,0.959,1.000,0.986,0.019,0.020,0.025,0.016,26.000,9.000,0.000,0.977,0.991,1.000,0.994,0.010,0.013,0.004,0.005,29.000,16.000,0.000,0.947,0.956,1.000,0.991,0.006,0.047,0.037,0.007
163,9,2,0.000,0.957,0.988,1.000,0.988,0.017,0.026,0.012,0.000,21,9,0.000,0.961,0.959,1.000,0.986,0.019,0.020,0.025,0.016,26.000,9.000,0.000,0.977,0.991,1.000,0.994,0.010,0.013,0.004,0.005,29.000,16.000,0.000,0.947,0.956,1.000,0.991,0.006,0.047,0.037,0.007
164,9,2,0.000,0.957,0.988,1.000,0.988,0.017,0.026,0.012,0.000,21,9,0.000,0.961,0.959,1.000,0.986,0.019,0.020,0.025,0.016,26.000,9.000,0.000,0.977,0.991,1.000,0.994,0.010,0.013,0.004,0.005,29.000,16.000,0.000,0.947,0.956,1.000,0.991,0.006,0.047,0.037,0.007
165,9,2,0.000,0.957,0.988,1.000,0.988,0.017,0.026,0.012,0.000,21,9,0.000,0.961,0.959,1.000,0.986,0.019,0.020,0.025,0.016,26.000,9.000,0.000,0.977,0.991,1.000,0.994,0.010,0.013,0.004,0.005,29.000,16.000,0.000,0.947,0.956,1.000,0.991,0.006,0.047,0.037,0.007
166,9,2,0.000,0.957,0.988,1.000,0.988,0.017,0.026,0.012,0.000,21,9,0.000,0.961,0.959,1.000,0.986,0.019,0.020,0.025,0.016,26.000,9.000,0.000,0.977,0.991,1.000,0.994,0.010,0.013,0.004,0.005,29.000,16.000,0.000,0.947,0.956,1.000,0.991,0.006,0.047,0.037,0.007
167,9,2,0.000,0.957,0.988,1.000,0.988,0.017,0.026,0.012,0.000,21,9,0.000,0.961,0.959,1.000,0.986,0.019,0.020,0.025,0.016,26.000,9.000,0.000,0.977,0.991,1.000,0.994,0.010,0.013,0.004,0.005,29.000,16.000,0.000,0.947,0.956,1.000,0.991,0.006,0.047,0.037,0.007
168,9,2,0.000,0.957,0.988,1.000,0.988,0.017,0.026,0.012,0.000,21,9,0.000,0.961,0.959,1.000,0.986,0.019,0.020,0.025,0.016,26.000,9.000,0.000,0.977,0.991,1.000,0.994,0.010,0.013,0.004,0.005,29.000,16.000,0.000,0.947,0.956,1.000,0.991,0.006,0.047,0.037,0.007
169,9,2,0.000,0.957,0.988,1.000,0.988,0.017,0.026,0.012,0.000,21,9,0.000,0.961,0.959,1.000,0.986,0.019,0.020,0.025,0.016,26.000,9.000,0.000,0.977,0.991,1.000,0.994,0.010,0.013,0.004,0.005,29.000,16.000,0.000,0.947,0.956,1.000,0.991,0.006,0.047,0.037,0.007
170,9,2,0.000,0.957,0.988,1.000,0.988,0.017,0.026,0.012,0.000,21,9,0.000,0.961,0.959,1.000,0.986,0.019,0.020,0.025,0.016,26.000,9.000,0.000,0.977,0.991,1.000,0.994,0.010,0.013,0.004,0.005,29.000,16.000,0.000,0.947,0.956,1.000,0.991,0.006,0.047,0.037,0.007
171,9,2,0.000,0.957,0.988,1.000,0.988,0.017,0.026,0.012,0.000,21,9,0.000,0.961,0.959,1.000,0.986,0.019,0.020,0.025,0.016,26.000,9.000,0.000,0.977,0.991,1.000,0.994,0.010,0.013,0.004,0.005,29.000,16.000,0.000,0.947,0.956,1.000,0.991,0.006,0.047,0.037,0.007
172,9,2,0.000,0.957,0.988,1.000,0.988,0.017,0.026,0.012,0.000,21,9,0.000,0.961,0.959,1.000,0.986,0.019,0.020,0.025,0.016,26.000,9.000,0.000,0.977,0.991,1.000,0.994,0.010,0.013,0.004,0.005,29.000,16.000,0.000,0.947,0.956,1.000,0.991,0.006,0.047,0.037,0.007
173,9,2,0.000,0.957,0.988,1.000,0.988,0.017,0.026,0.012,0.000,21,9,0.000,0.961,0.959,1.000,0.986,0.019,0.020,0.025,0.016,26.000,9.000,0.000,0.977,0.991,1.000,0.994,0.010,0.013,0.004,0.005,29.000,16.000,0.000,0.947,0.956,1.000,0.991,0.006,0.047,0.037,0.007
174,9,2,0.000,0.957,0.988,1.000,0.988,0.017,0.026,0.012,0.000,21,9,0.000,0.961,0.959,1.000,0.986,0.019,0.020,0.025,0.016,26.000,9.000,0.000,0.977,0.991,1.000,0.994,0.010,0.013,0.004,0.005,29.000,16.000,0.000,0.947,0.956,1.000,0.991,0.006,0.047,0.037,0.007
175,9,2,0.000,0.957,0.988,1.000,0.988,0.017,0.026,0.012,0.000,21,9,0.000,0.961,0.959,1.000,0.986,0.019,0.020,0.025,0.016,26.000,9.000,0.000,0.977,0.991,1.000,0.994,0.010,0.013,0.004,0.005,29.000,16.000,0.000,0.947,0.956,1.000,0.991,0.006,0.047,0.037,0.007
176,9,2,0.000,0.957,0.988,1.000,0.988,0.017,0.026,0.012,0.000,21,9,0.000,0.961,0.959,1.000,0.986,0.019,0.020,0.025,0.016,26.000,9.000,0.000,0.977,0.991,1.000,0.994,0.010,0.013,0.004,0.005,29.000,16.000,0.000,0.947,0.956,1.000,0.991,0.006,0.047,0.037,0.007
177,9,2,0.000,0.957,0.988,1.000,0.988,0.017,0.026,0.012,0.000,21,9,0.000,0.961,0.959,1.000,0.986,0.019,0.020,0.025,0.016,26.000,9.000,0.000,0.977,0.991,1.000,0.994,0.010,0.013,0.004,0.005,29.000,16.000,0.000,0.947,0.956,1.000,0.991,0.006,0.047,0.037,0.007
178,9,2,0.000,0.957,0.988,1.000,0.988,0.017,0.026,0.012,0.000,21,9,0.000,0.961,0.959,1.000,0.986,0.019,0.020,0.025,0.016,26.000,9.000,0.000,0.977,0.991,1.000,0.994,0.010,0.013,0.004,0.005,29.000,16.000,0.000,0.947,0.956,1.000,0.991,0.006,0.047,0.037,0.007
179,9,2,0.000,0.957,0.988,1.000,0.988,0.017,0.026,0.012,0.000,21,9,0.000,0.961,0.959,1.000,0.986,0.019,0.020,0.025,0.016,26.000,9.000,0.000,0.977,0.991,1.000,0.994,0.010,0.013,0.004,0.005,29.000,16.000,0.000,0.947,0.956,1.000,0.991,0.006,0.047,0.037,0.007
180,9,2,0.000,0.957,0.988,1.000,0.988,0.017,0.026,0.012,0.000,21,9,0.000,0.961,0.959,1.000,0.986,0.019,0.020,0.025,0.016,26.000,9.000,0.000,0.977,0.991,1.000,0.994,0.010,0.013,0.004,0.005,29.000,16.000,0.000,0.947,0.956,1.000,0.991,0.006,0.047,0.037,0.007
181,9,2,0.000,0.957,0.988,1.000,0.988,0.017,0.026,0.012,0.000,21,9,0.000,0.961,0.959,1.000,0.986,0.019,0.020,0.025,0.016,26.000,9.000,0.000,0.977,0.991,1.000,0.994,0.010,0.013,0.004,0.005,29.000,16.000,0.000,0.947,0.956,1.000,0.991,0.006,0.047,0.037,0.007
182,9,2,0.000,0.957,0.988,1.000,0.988,0.017,0.026,0.012,0.000,21,9,0.000,0.961,0.959,1.000,0.986,0.019,0.020,0.025,0.016,26.000,9.000,0.000,0.977,0.991,1.000,0.994,0.010,0.013,0.004,0.005,29.000,16.000,0.000,0.947,0.956,1.000,0.991,0.006,0.047,0.037,0.007
183,9,2,0.000,0.957,0.988,1.000,0.988,0.017,0.026,0.012,0.000,21,9,0.000,0.961,0.959,1.000,0.986,0.019,0.020,0.025,0.016,26.000,9.000,0.000,0.977,0.991,1.000,0.994,0.010,0.013,0.004,0.005,29.000,16.000,0.000,0.947,0.956,1.000,0.991,0.006,0.047,0.037,0.007
184,9,2,0.000,0.957,0.988,1.000,0.988,0.017,0.026,0.012,0.000,21,9,0.000,0.961,0.959,1.000,0.986,0.019,0.020,0.025,0.016,26.000,9.000,0.000,0.977,0.991,1.000,0.994,0.010,0.013,0.004,0.005,29.000,16.000,0.000,0.947,0.956,1.000,0.991,0.006,0.047,0.037,0.007
185,9,2,0.000,0.957,0.988,1.000,0.988,0.017,0.026,0.012,0.000,21,9,0.000,0.961,0.959,1.000,0.986,0.019,0.020,0.025,0.016,26.000,9.000,0.000,0.977,0.991,1.000,0.994,0.010,0.013,0.004,0.005,29.000,16.000,0.000,0.947,0.956,1.000,0.991,0.006,0.047,0.037,0.007
186,9,2,0.000,0.957,0.988,1.000,0.988,0.017,0.026,0.012,0.000,21,9,0.000,0.961,0.959,1.000,0.986,0.019,0.020,0.025,0.016,26.000,9.000,0.000,0.977,0.991,1.000,0.994,0.010,0.013,0.004,0.005,29.000,16.000,0.000,0.947,0.956,1.000,0.991,0.006,0.047,0.037,0.007
187,9,2,0.000,0.957,0.988,1.000,0.988,0.017,0.026,0.012,0.000,21,9,0.000,0.961,0.959,1.000,0.986,0.019,0.020,0.025,0.016,26.000,9.000,0.000,0.977,0.991,1.000,0.994,0.010,0.013,0.004,0.005,29.000,16.000,0.000,0.947,0.956,1.000,0.991,0.006,0.047,0.037,0.007
188,9,2,0.000,0.957,0.988,1.000,0.988,0.017,0.026,0.012,0.000,21,9,0.000,0.961,0.959,1.000,0.986,0.019,0.020,0.025,0.016,26.000,9.000,0.000,0.977,0.991,1.000,0.994,0.010,0.013,0.004,0.005,29.000,16.000,0.000,0.947,0.956,1.000,0.991,0.006,0.047,0.037,0.007
189,9,2,0.000,0.957,0.988,1.000,0.988,0.017,0.026,0.012,0.000,21,9,0.000,0.961,0.959,1.000,0.986,0.019,0.020,0.025,0.016,26.000,9.000,0.000,0.977,0.991,1.000,0.994,0.010,0.013,0.004,0.005,29.000,16.000,0.000,0.947,0.956,1.000,0.991,0.006,0.047,0.037,0.007
190,9,2,0.000,0.957,0.988,1.000,0.988,0.017,0.026,0.012,0.000,21,9,0.000,0.961,0.959,1.000,0.986,0.019,0.020,0.025,0.016,26.000,9.000,0.000,0.977,0.991,1.000,0.994,0.010,0.013,0.004,0.005,29.000,16.000,0.000,0.947,0.956,1.000,0.991,0.006,0.047,0.037,0.007
191,9,2,0.000,0.957,0.988,1.000,0.988,0.017,0.026,0.012,0.000,21,9,0.000,0.961,0.959,1.000,0.986,0.019,0.020,0.025,0.016,26.000,9.000,0.000,0.977,0.991,1.000,0.994,0.010,0.013,0.004,0.005,29.000,16.000,0.000,0.947,0.956,1.000,0.991,0.006,0.047,0.037,0.007
192,9,2,0.000,0.957,0.988,1.000,0.988,0.017,0.026,0.012,0.000,21,9,0.000,0.961,0.959,1.000,0.986,0.019,0.020,0.025,0.016,26.000,9.000,0.000,0.977,0.991,1.000,0.994,0.010,0.013,0.004,0.005,29.000,16.000,0.000,0.947,0.956,1.000,0.991,0.006,0.047,0.037,0.007
193,9,2,0.000,0.957,0.988,1.000,0.988,0.017,0.026,0.012,0.000,21,9,0.000,0.961,0.959,1.000,0.986,0.019,0.020,0.025,0.016,26.000,9.000,0.000,0.977,0.991,1.000,0.994,0.010,0.013,0.004,0.005,29.000,16.000,0.000,0.947,0.956,1.000,0.991,0.006,0.047,0.037,0.007
194,9,2,0.000,0.957,0.988,1.000,0.988,0.017,0.026,0.012,0.000,21,9,0.000,0.961,0.959,1.000,0.986,0.019,0.020,0.025,0.016,26.000,9.000,0.000,0.977,0.991,1.000,0.994,0.010,0.013,0.004,0.005,29.000,16.000,0.000,0.947,0.956,1.000,0.991,0.006,0.047,0.037,0.007
195,9,2,0.000,0.957,0.988,1.000,0.988,0.017,0.026,0.012,0.000,21,9,0.000,0.961,0.959,1.000,0.986,0.019,0.020,0.025,0.016,26.000,9.000,0.000,0.977,0.991,1.000,0.994,0.010,0.013,0.004,0.005,29.000,16.000,0.000,0.947,0.956,1.000,0.991,0.006,0.047,0.037,0.007
196,9,2,0.000,0.957,0.988,1.000,0.988,0.017,0.026,0.012,0.000,21,9,0.000,0.961,0.959,1.000,0.986,0.019,0.020,0.025,0.016,26.000,9.000,0.000,0.977,0.991,1.000,0.994,0.010,0.013,0.004,0.005,29.000,16.000,0.000,0.947,0.956,1.000,0.991,0.006,0.047,0.037,0.007
197,9,2,0.000,0.957,0.988,1.000,0.988,0.017,0.026,0.012,0.000,21,9,0.000,0.961,0.959,1.000,0.986,0.019,0.020,0.025,0.016,26.000,9.000,0.000,0.977,0.991,1.000,0.994,0.010,0.013,0.004,0.005,29.000,16.000,0.000,0.947,0.956,1.000,0.991,0.006,0.047,0.037,0.007
198,9,2,0.000,0.957,0.988,1.000,0.988,0.017,0.026,0.012,0.000,21,9,0.000,0.961,0.959,1.000,0.986,0.019,0.020,0.025,0.016,26.000,9.000,0.000,0.977,0.991,1.000,0.994,0.010,0.013,0.004,0.005,29.000,16.000,0.000,0.947,0.956,1.000,0.991,0.006,0.047,0.037,0.007
199,9,2,0.000,0.957,0.988,1.000,0.988,0.017,0.026,0.012,0.000,21,9,0.000,0.961,0.959,1.000,0.986,0.019,0.020,0.025,0.016,26.000,9.000,0.000,0.977,0.991,1.000,0.994,0.010,0.013,0.004,0.005,29.000,16.000,0.000,0.947,0.956,1.000,0.991,0.006,0.047,0.037,0.007
200,9,2,0.000,0.957,0.988,1.000,0.988,0.017,0.026,0.012,0.000,21,9,0.000,0.961,0.959,1.000,0.986,0.019,0.020,0.025,0.016,26.000,9.000,0.000,0.977,0.991,1.000,0.994,0.010,0.013,0.004,0.005,29.000,16.000,0.000,0.947,0.956,1.000,0.991,0.006,0.047,0.037,0.007
201,9,2,0.000,0.957,0.988,1.000,0.988,0.017,0.026,0.012,0.000,21,9,0.000,0.961,0.959,1.000,0.986,0.019,0.020,0.025,0.016,26.000,9.000,0.000,0.977,0.991,1.000,0.994,0.010,0.013,0.004,0.005,29.000,16.000,0.000,0.947,0.956,1.000,0.991,0.006,0.047,0.037,0.007
202,9,2,0.000,0.957,0.988,1.000,0.988,0.017,0.026,0.012,0.000,21,9,0.000,0.961,0.959,1.000,0.986,0.019,0.020,0.025,0.016,26.000,9.000,0.000,0.977,0.991,1.000,0.994,0.010,0.013,0.004,0.005,29.000,16.000,0.000,0.947,0.956,1.000,0.991,0.006,0.047,0.037,0.007
203,9,2,0.000,0.957,0.988,1.000,0.988,0.017,0.026,0.012,0.000,21,9,0.000,0.961,0.959,1.000,0.986,0.019,0.020,0.025,0.016,26.000,9.000,0.000,0.977,0.991,1.000,0.994,0.010,0.013,0.004,0.005,29.000,16.000,0.000,0.947,0.956,1.000,0.991,0.006,0.047,0.037,0.007
204,9,2,0.000,0.957,0.988,1.000,0.988,0.017,0.026,0.012,0.000,21,9,0.000,0.961,0.959,1.000,0.986,0.019,0.020,0.025,0.016,26.000,9.000,0.000,0.977,0.991,1.000,0.994,0.010,0.013,0.004,0.005,29.000,16.000,0.000,0.947,0.956,1.000,0.991,0.006,0.047,0.037,0.007
205,9,2,0.000,0.957,0.988,1.000,0.988,0.017,0.026,0.012,0.000,21,9,0.000,0.961,0.959,1.000,0.986,0.019,0.020,0.025,0.016,26.000,9.000,0.000,0.977,0.991,1.000,0.994,0.010,0.013,0.004,0.005,29.000,16.000,0.000,0.947,0.956,1.000,0.991,0.006,0.047,0.037,0.007
206,9,2,0.000,0.957,0.988,1.000,0.988,0.017,0.026,0.012,0.000,21,9,0.000,0.961,0.959,1.000,0.986,0.019,0.020,0.025,0.016,26.000,9.000,0.000,0.977,0.991,1.000,0.994,0.010,0.013,0.004,0.005,29.000,16.000,0.000,0.947,0.956,1.000,0.991,0.006,0.047,0.037,0.007
207,9,2,0.000,0.957,0.988,1.000,0.988,0.017,0.026,0.012,0.000,21,9,0.000,0.961,0.959,1.000,0.986,0.019,0.020,0.025,0.016,26.000,9.000,0.000,0.977,0.991,1.000,0.994,0.010,0.013,0.004,0.005,29.000,16.000,0.000,0.947,0.956,1.000,0.991,0.006,0.047,0.037,0.007
208,9,2,0.000,0.957,0.988,1.000,0.988,0.017,0.026,0.012,0.000,21,9,0.000,0.961,0.959,1.000,0.986,0.019,0.020,0.025,0.016,26.000,9.000,0.000,0.977,0.991,1.000,0.994,0.010,0.013,0.004,0.005,29.000,16.000,0.000,0.947,0.956,1.000,0.991,0.006,0.047,0.037,0.007
209,9,2,0.000,0.957,0.988,1.000,0.988,0.017,0.026,0.012,0.000,21,9,0.000,0.961,0.959,1.000,0.986,0.019,0.020,0.025,0.016,26.000,9.000,0.000,0.977,0.991,1.000,0.994,0.010,0.013,0.004,0.005,29.000,16.000,0.000,0.947,0.956,1.000,0.991,0.006,0.047,0.037,0.007
210,9,2,0.000,0.957,0.988,1.000,0.988,0.017,0.026,0.012,0.000,21,9,0.000,0.961,0.959,1.000,0.986,0.019,0.020,0.025,0.016,26.000,9.000,0.000,0.977,0.991,1.000,0.994,0.010,0.013,0.004,0.005,29.000,16.000,0.000,0.947,0.956,1.000,0.991,0.006,0.047,0.037,0.007
211,9,2,0.000,0.957,0.988,1.000,0.988,0.017,0.026,0.012,0.000,21,9,0.000,0.961,0.959,1.000,0.986,0.019,0.020,0.025,0.016,26.000,9.000,0.000,0.977,0.991,1.000,0.994,0.010,0.013,0.004,0.005,29.000,16.000,0.000,0.947,0.956,1.000,0.991,0.006,0.047,0.037,0.007
212,9,2,0.000,0.957,0.988,1.000,0.988,0.017,0.026,0.012,0.000,21,9,0.000,0.961,0.959,1.000,0.986,0.019,0.020,0.025,0.016,26.000,9.000,0.000,0.977,0.991,1.000,0.994,0.010,0.013,0.004,0.005,29.000,16.000,0.000,0.947,0.956,1.000,0.991,0.006,0.047,0.037,0.007
213,9,2,0.000,0.957,0.988,1.000,0.988,0.017,0.026,0.012,0.000,21,9,0.000,0.961,0.959,1.000,0.986,0.019,0.020,0.025,0.016,26.000,9.000,0.000,0.977,0.991,1.000,0.994,0.010,0.013,0.004,0.005,29.000,16.000,0.000,0.947,0.956,1.000,0.991,0.006,0.047,0.037,0.007
214,9,2,0.000,0.957,0.988,1.000,0.988,0.017,0.026,0.012,0.000,21,9,0.000,0.961,0.959,1.000,0.986,0.019,0.020,0.025,0.016,26.000,9.000,0.000,0.977,0.991,1.000,0.994,0.010,0.013,0.004,0.005,29.000,16.000,0.000,0.947,0.956,1.000,0.991,0.006,0.047,0.037,0.007
215,9,2,0.000,0.957,0.988,1.000,0.988,0.017,0.026,0.012,0.000,21,9,0.000,0.961,0.959,1.000,0.986,0.019,0.020,0.025,0.016,26.000,9.000,0.000,0.977,0.991,1.000,0.994,0.010,0.013,0.004,0.005,29.000,16.000,0.000,0.947,0.956,1.000,0.991,0.006,0.047,0.037,0.007
216,9,2,0.000,0.957,0.988,1.000,0.988,0.017,0.026,0.012,0.000,21,9,0.000,0.961,0.959,1.000,0.986,0.019,0.020,0.025,0.016,26.000,9.000,0.000,0.977,0.991,1.000,0.994,0.010,0.013,0.004,0.005,29.000,16.000,0.000,0.947,0.956,1.000,0.991,0.006,0.047,0.037,0.007
217,9,2,0.000,0.957,0.988,1.000,0.988,0.017,0.026,0.012,0.000,21,9,0.000,0.961,0.959,1.000,0.986,0.019,0.020,0.025,0.016,26.000,9.000,0.000,0.977,0.991,1.000,0.994,0.010,0.013,0.004,0.005,29.000,16.000,0.000,0.947,0.956,1.000,0.991,0.006,0.047,0.037,0.007
218,9,2,0.000,0.957,0.988,1.000,0.988,0.017,0.026,0.012,0.000,21,9,0.000,0.961,0.959,1.000,0.986,0.019,0.020,0.025,0.016,26.000,9.000,0.000,0.977,0.991,1.000,0.994,0.010,0.013,0.004,0.005,29.000,16.000,0.000,0.947,0.956,1.000,0.991,0.006,0.047,0.037,0.007
219,9,2,0.000,0.957,0.988,1.000,0.988,0.017,0.026,0.012,0.000,21,9,0.000,0.961,0.959,1.000,0.986,0.019,0.020,0.025,0.016,26.000,9.000,0.000,0.977,0.991,1.000,0.994,0.010,0.013,0.004,0.005,29.000,16.000,0.000,0.947,0.956,1.000,0.991,0.006,0.047,0.037,0.007
220,9,2,0.000,0.957,0.988,1.000,0.988,0.017,0.026,0.012,0.000,21,9,0.000,0.961,0.959,1.000,0.986,0.019,0.020,0.025,0.016,26.000,9.000,0.000,0.977,0.991,1.000,0.994,0.010,0.013,0.004,0.005,29.000,16.000,0.000,0.947,0.956,1.000,0.991,0.006,0.047,0.037,0.007
221,9,2,0.000,0.957,0.988,1.000,0.988,0.017,0.026,0.012,0.000,21,9,0.000,0.961,0.959,1.000,0.986,0.019,0.020,0.025,0.016,26.000,9.000,0.000,0.977,0.991,1.000,0.994,0.010,0.013,0.004,0.005,29.000,16.000,0.000,0.947,0.956,1.000,0.991,0.006,0.047,0.037,0.007
222,9,2,0.000,0.957,0.988,1.000,0.988,0.017,0.026,0.012,0.000,21,9,0.000,0.961,0.959,1.000,0.986,0.019,0.020,0.025,0.016,26.000,9.000,0.000,0.977,0.991,1.000,0.994,0.010,0.013,0.004,0.005,29.000,16.000,0.000,0.947,0.956,1.000,0.991,0.006,0.047,0.037,0.007
223,9,2,0.000,0.957,0.988,1.000,0.988,0.017,0.026,0.012,0.000,21,9,0.000,0.961,0.959,1.000,0.986,0.019,0.020,0.025,0.016,26.000,9.000,0.000,0.977,0.991,1.000,0.994,0.010,0.013,0.004,0.005,29.000,16.000,0.000,0.947,0.956,1.000,0.991,0.006,0.047,0.037,0.007
224,9,2,0.000,0.957,0.988,1.000,0.988,0.017,0.026,0.012,0.000,21,9,0.000,0.961,0.959,1.000,0.986,0.019,0.020,0.025,0.016,26.000,9.000,0.000,0.977,0.991,1.000,0.994,0.010,0.013,0.004,0.005,29.000,16.000,0.000,0.947,0.956,1.000,0.991,0.006,0.047,0.037,0.007
225,9,2,0.000,0.957,0.988,1.000,0.988,0.017,0.026,0.012,0.000,21,9,0.000,0.961,0.959,1.000,0.986,0.019,0.020,0.025,0.016,26.000,9.000,0.000,0.977,0.991,1.000,0.994,0.010,0.013,0.004,0.005,29.000,16.000,0.000,0.947,0.956,1.000,0.991,0.006,0.047,0.037,0.007
226,9,2,0.000,0.957,0.988,1.000,0.988,0.017,0.026,0.012,0.000,21,9,0.000,0.961,0.959,1.000,0.986,0.019,0.020,0.025,0.016,26.000,9.000,0.000,0.977,0.991,1.000,0.994,0.010,0.013,0.004,0.005,29.000,16.000,0.000,0.947,0.956,1.000,0.991,0.006,0.047,0.037,0.007
227,9,2,0.000,0.957,0.988,1.000,0.988,0.017,0.026,0.012,0.000,21,9,0.000,0.961,0.959,1.000,0.986,0.019,0.020,0.025,0.016,26.000,9.000,0.000,0.977,0.991,1.000,0.994,0.010,0.013,0.004,0.005,29.000,16.000,0.000,0.947,0.956,1.000,0.991,0.006,0.047,0.037,0.007
228,9,2,0.000,0.957,0.988,1.000,0.988,0.017,0.026,0.012,0.000,21,9,0.000,0.961,0.959,1.000,0.986,0.019,0.020,0.025,0.016,26.000,9.000,0.000,0.977,0.991,1.000,0.994,0.010,0.013,0.004,0.005,29.000,16.000,0.000,0.947,0.956,1.000,0.991,0.006,0.047,0.037,0.007
229,9,2,0.000,0.957,0.988,1.000,0.988,0.017,0.026,0.012,0.000,21,9,0.000,0.961,0.959,1.000,0.986,0.019,0.020,0.025,0.016,26.000,9.000,0.000,0.977,0.991,1.000,0.994,0.010,0.013,0.004,0.005,29.000,16.000,0.000,0.947,0.956,1.000,0.991,0.006,0.047,0.037,0.007
230,9,2,0.000,0.957,0.988,1.000,0.988,0.017,0.026,0.012,0.000,21,9,0.000,0.961,0.959,1.000,0.986,0.019,0.020,0.025,0.016,26.000,9.000,0.000,0.977,0.991,1.000,0.994,0.010,0.013,0.004,0.005,29.000,16.000,0.000,0.947,0.956,1.000,0.991,0.006,0.047,0.037,0.007
231,9,2,0.000,0.957,0.988,1.000,0.988,0.017,0.026,0.012,0.000,21,9,0.000,0.961,0.959,1.000,0.986,0.019,0.020,0.025,0.016,26.000,9.000,0.000,0.977,0.991,1.000,0.994,0.010,0.013,0.004,0.005,29.000,16.000,0.000,0.947,0.956,1.000,0.991,0.006,0.047,0.037,0.007
232,9,2,0.000,0.957,0.988,1.000,0.988,0.017,0.026,0.012,0.000,21,9,0.000,0.961,0.959,1.000,0.986,0.019,0.020,0.025,0.016,26.000,9.000,0.000,0.977,0.991,1.000,0.994,0.010,0.013,0.004,0.005,29.000,16.000,0.000,0.947,0.956,1.000,0.991,0.006,0.047,0.037,0.007
233,9,2,0.000,0.957,0.988,1.000,0.988,0.017,0.026,0.012,0.000,21,9,0.000,0.961,0.959,1.000,0.986,0.019,0.020,0.025,0.016,26.000,9.000,0.000,0.977,0.991,1.000,0.994,0.010,0.013,0.004,0.005,29.000,16.000,0.000,0.947,0.956,1.000,0.991,0.006,0.047,0.037,0.007
234,9,2,0.000,0.957,0.988,1.000,0.988,0.017,0.026,0.012,0.000,21,9,0.000,0.961,0.959,1.000,0.986,0.019,0.020,0.025,0.016,26.000,9.000,0.000,0.977,0.991,1.000,0.994,0.010,0.013,0.004,0.005,29.000,16.000,0.000,0.947,0.956,1.000,0.991,0.006,0.047,0.037,0.007
235,9,2,0.000,0.957,0.988,1.000,0.988,0.017,0.026,0.012,0.000,21,9,0.000,0.961,0.959,1.000,0.986,0.019,0.020,0.025,0.016,26.000,9.000,0.000,0.977,0.991,1.000,0.994,0.010,0.013,0.004,0.005,29.000,16.000,0.000,0.947,0.956,1.000,0.991,0.006,0.047,0.037,0.007
236,9,2,0.000,0.957,0.988,1.000,0.988,0.017,0.026,0.012,0.000,21,9,0.000,0.961,0.959,1.000,0.986,0.019,0.020,0.025,0.016,26.000,9.000,0.000,0.977,0.991,1.000,0.994,0.010,0.013,0.004,0.005,29.000,16.000,0.000,0.947,0.956,1.000,0.991,0.006,0.047,0.037,0.007
237,9,2,0.000,0.957,0.988,1.000,0.988,0.017,0.026,0.012,0.000,21,9,0.000,0.961,0.959,1.000,0.986,0.019,0.020,0.025,0.016,26.000,9.000,0.000,0.977,0.991,1.000,0.994,0.010,0.013,0.004,0.005,29.000,16.000,0.000,0.947,0.956,1.000,0.991,0.006,0.047,0.037,0.007
238,9,2,0.000,0.957,0.988,1.000,0.988,0.017,0.026,0.012,0.000,21,9,0.000,0.961,0.959,1.000,0.986,0.019,0.020,0.025,0.016,26.000,9.000,0.000,0.977,0.991,1.000,0.994,0.010,0.013,0.004,0.005,29.000,16.000,0.000,0.947,0.956,1.000,0.991,0.006,0.047,0.037,0.007
239,9,2,0.000,0.957,0.988,1.000,0.988,0.017,0.026,0.012,0.000,21,9,0.000,0.961,0.959,1.000,0.986,0.019,0.020,0.025,0.016,26.000,9.000,0.000,0.977,0.991,1.000,0.994,0.010,0.013,0.004,0.005,29.000,16.000,0.000,0.947,0.956,1.000,0.991,0.006,0.047,0.037,0.007
240,9,2,0.000,0.957,0.988,1.000,0.988,0.017,0.026,0.012,0.000,21,9,0.000,0.961,0.959,1.000,0.986,0.019,0.020,0.025,0.016,26.000,9.000,0.000,0.977,0.991,1.000,0.994,0.010,0.013,0.004,0.005,29.000,16.000,0.000,0.947,0.956,1.000,0.991,0.006,0.047,0.037,0.007
241,9,2,0.000,0.957,0.988,1.000,0.988,0.017,0.026,0.012,0.000,21,9,0.000,0.961,0.959,1.000,0.986,0.019,0.020,0.025,0.016,26.000,9.000,0.000,0.977,0.991,1.000,0.994,0.010,0.013,0.004,0.005,29.000,16.000,0.000,0.947,0.956,1.000,0.991,0.006,0.047,0.037,0.007
242,9,2,0.000,0.957,0.988,1.000,0.988,0.017,0.026,0.012,0.000,21,9,0.000,0.961,0.959,1.000,0.986,0.019,0.020,0.025,0.016,26.000,9.000,0.000,0.977,0.991,1.000,0.994,0.010,0.013,0.004,0.005,29.000,16.000,0.000,0.947,0.956,1.000,0.991,0.006,0.047,0.037,0.007
243,9,2,0.000,0.957,0.988,1.000,0.988,0.017,0.026,0.012,0.000,21,9,0.000,0.961,0.959,1.000,0.986,0.019,0.020,0.025,0.016,26.000,9.000,0.000,0.977,0.991,1.000,0.994,0.010,0.013,0.004,0.005,29.000,16.000,0.000,0.947,0.956,1.000,0.991,0.006,0.047,0.037,0.007
244,9,2,0.000,0.957,0.988,1.000,0.988,0.017,0.026,0.012,0.000,21,9,0.000,0.961,0.959,1.000,0.986,0.019,0.020,0.025,0.016,26.000,9.000,0.000,0.977,0.991,1.000,0.994,0.010,0.013,0.004,0.005,29.000,16.000,0.000,0.947,0.956,1.000,0.991,0.006,0.047,0.037,0.007
245,9,2,0.000,0.957,0.988,1.000,0.988,0.017,0.026,0.012,0.000,21,9,0.000,0.961,0.959,1.000,0.986,0.019,0.020,0.025,0.016,26.000,9.000,0.000,0.977,0.991,1.000,0.994,0.010,0.013,0.004,0.005,29.000,16.000,0.000,0.947,0.956,1.000,0.991,0.006,0.047,0.037,0.007
246,9,2,0.000,0.957,0.988,1.000,0.988,0.017,0.026,0.012,0.000,21,9,0.000,0.961,0.959,1.000,0.986,0.019,0.020,0.025,0.016,26.000,9.000,0.000,0.977,0.991,1.000,0.994,0.010,0.013,0.004,0.005,29.000,16.000,0.000,0.947,0.956,1.000,0.991,0.006,0.047,0.037,0.007
247,9,2,0.000,0.957,0.988,1.000,0.988,0.017,0.026,0.012,0.000,21,9,0.000,0.961,0.959,1.000,0.986,0.019,0.020,0.025,0.016,26.000,9.000,0.000,0.977,0.991,1.000,0.994,0.010,0.013,0.004,0.005,29.000,16.000,0.000,0.947,0.956,1.000,0.991,0.006,0.047,0.037,0.007
248,9,2,0.000,0.957,0.988,1.000,0.988,0.017,0.026,0.012,0.000,21,9,0.000,0.961,0.959,1.000,0.986,0.019,0.020,0.025,0.016,26.000,9.000,0.000,0.977,0.991,1.000,0.994,0.010,0.013,0.004,0.005,29.000,16.000,0.000,0.947,0.956,1.000,0.991,0.006,0.047,0.037,0.007
249,9,2,0.000,0.957,0.988,1.000,0.988,0.017,0.026,0.012,0.000,21,9,0.000,0.961,0.959,1.000,0.986,0.019,0.020,0.025,0.016,26.000,9.000,0.000,0.977,0.991,1.000,0.994,0.010,0.013,0.004,0.005,29.000,16.000,0.000,0.947,0.956,1.000,0.991,0.006,0.047,0.037,0.007
250,9,2,0.000,0.957,0.988,1.000,0.988,0.017,0.026,0.012,0.000,21,9,0.000,0.961,0.959,1.000,0.986,0.019,0.020,0.025,0.016,26.000,9.000,0.000,0.977,0.991,1.000,0.994,0.010,0.013,0.004,0.005,29.000,16.000,0.000,0.947,0.956,1.000,0.991,0.006,0.047,0.037,0.007
251,9,2,0.000,0.957,0.988,1.000,0.988,0.017,0.026,0.012,0.000,21,9,0.000,0.961,0.959,1.000,0.986,0.019,0.020,0.025,0.016,26.000,9.000,0.000,0.977,0.991,1.000,0.994,0.010,0.013,0.004,0.005,29.000,16.000,0.000,0.947,0.956,1.000,0.991,0.006,0.047,0.037,0.007
252,9,2,0.000,0.957,0.988,1.000,0.988,0.017,0.026,0.012,0.000,21,9,0.000,0.961,0.959,1.000,0.986,0.019,0.020,0.025,0.016,26.000,9.000,0.000,0.977,0.991,1.000,0.994,0.010,0.013,0.004,0.005,29.000,16.000,0.000,0.947,0.956,1.000,0.991,0.006,0.047,0.037,0.007
253,9,2,0.000,0.957,0.988,1.000,0.988,0.017,0.026,0.012,0.000,21,9,0.000,0.961,0.959,1.000,0.986,0.019,0.020,0.025,0.016,26.000,9.000,0.000,0.977,0.991,1.000,0.994,0.010,0.013,0.004,0.005,29.000,16.000,0.000,0.947,0.956,1.000,0.991,0.006,0.047,0.037,0.007
254,9,2,0.000,0.957,0.988,1.000,0.988,0.017,0.026,0.012,0.000,21,9,0.000,0.961,0.959,1.000,0.986,0.019,0.020,0.025,0.016,26.000,9.000,0.000,0.977,0.991,1.000,0.994,0.010,0.013,0.004,0.005,29.000,16.000,0.000,0.947,0.956,1.000,0.991,0.006,0.047,0.037,0.007
255,9,2,0.000,0.957,0.988,1.000,0.988,0.017,0.026,0.012,0.000,21,9,0.000,0.961,0.959,1.000,0.986,0.019,0.020,0.025,0.016,26.000,9.000,0.000,0.977,0.991,1.000,0.994,0.010,0.013,0.004,0.005,29.000,16.000,0.000,0.947,0.956,1.000,0.991,0.006,0.047,0.037,0.007
256,9,2,0.000,0.957,0.988,1.000,0.988,0.017,0.026,0.012,0.000,21,9,0.000,0.961,0.959,1.000,0.986,0.019,0.020,0.025,0.016,26.000,9.000,0.000,0.977,0.991,1.000,0.994,0.010,0.013,0.004,0.005,29.000,16.000,0.000,0.947,0.956,1.000,0.991,0.006,0.047,0.037,0.007
257,9,2,0.000,0.957,0.988,1.000,0.988,0.017,0.026,0.012,0.000,21,9,0.000,0.961,0.959,1.000,0.986,0.019,0.020,0.025,0.016,26.000,9.000,0.000,0.977,0.991,1.000,0.994,0.010,0.013,0.004,0.005,29.000,16.000,0.000,0.947,0.956,1.000,0.991,0.006,0.047,0.037,0.007
258,9,2,0.000,0.957,0.988,1.000,0.988,0.017,0.026,0.012,0.000,21,9,0.000,0.961,0.959,1.000,0.986,0.019,0.020,0.025,0.016,26.000,9.000,0.000,0.977,0.991,1.000,0.994,0.010,0.013,0.004,0.005,29.000,16.000,0.000,0.947,0.956,1.000,0.991,0.006,0.047,0.037,0.007
259,9,2,0.000,0.957,0.988,1.000,0.988,0.017,0.026,0.012,0.000,21,9,0.000,0.961,0.959,1.000,0.986,0.019,0.020,0.025,0.016,26.000,9.000,0.000,0.977,0.991,1.000,0.994,0.010,0.013,0.004,0.005,29.000,16.000,0.000,0.947,0.956,1.000,0.991,0.006,0.047,0.037,0.007
260,9,2,0.000,0.957,0.988,1.000,0.988,0.017,0.026,0.012,0.000,21,9,0.000,0.961,0.959,1.000,0.986,0.019,0.020,0.025,0.016,26.000,9.000,0.000,0.977,0.991,1.000,0.994,0.010,0.013,0.004,0.005,29.000,16.000,0.000,0.947,0.956,1.000,0.991,0.006,0.047,0.037,0.007
261,9,2,0.000,0.957,0.988,1.000,0.988,0.017,0.026,0.012,0.000,21,9,0.000,0.961,0.959,1.000,0.986,0.019,0.020,0.025,0.016,26.000,9.000,0.000,0.977,0.991,1.000,0.994,0.010,0.013,0.004,0.005,29.000,16.000,0.000,0.947,0.956,1.000,0.991,0.006,0.047,0.037,0.007
262,9,2,0.000,0.957,0.988,1.000,0.988,0.017,0.026,0.012,0.000,21,9,0.000,0.961,0.959,1.000,0.986,0.019,0.020,0.025,0.016,26.000,9.000,0.000,0.977,0.991,1.000,0.994,0.010,0.013,0.004,0.005,29.000,16.000,0.000,0.947,0.956,1.000,0.991,0.006,0.047,0.037,0.007
263,9,2,0.000,0.957,0.988,1.000,0.988,0.017,0.026,0.012,0.000,21,9,0.000,0.961,0.959,1.000,0.986,0.019,0.020,0.025,0.016,26.000,9.000,0.000,0.977,0.991,1.000,0.994,0.010,0.013,0.004,0.005,29.000,16.000,0.000,0.947,0.956,1.000,0.991,0.006,0.047,0.037,0.007
264,9,2,0.000,0.957,0.988,1.000,0.988,0.017,0.026,0.012,0.000,21,9,0.000,0.961,0.959,1.000,0.986,0.019,0.020,0.025,0.016,26.000,9.000,0.000,0.977,0.991,1.000,0.994,0.010,0.013,0.004,0.005,29.000,16.000,0.000,0.947,0.956,1.000,0.991,0.006,0.047,0.037,0.007
265,9,2,0.000,0.957,0.988,1.000,0.988,0.017,0.026,0.012,0.000,21,9,0.000,0.961,0.959,1.000,0.986,0.019,0.020,0.025,0.016,26.000,9.000,0.000,0.977,0.991,1.000,0.994,0.010,0.013,0.004,0.005,29.000,16.000,0.000,0.947,0.956,1.000,0.991,0.006,0.047,0.037,0.007
266,9,2,0.000,0.957,0.988,1.000,0.988,0.017,0.026,0.012,0.000,21,9,0.000,0.961,0.959,1.000,0.986,0.019,0.020,0.025,0.016,26.000,9.000,0.000,0.977,0.991,1.000,0.994,0.010,0.013,0.004,0.005,29.000,16.000,0.000,0.947,0.956,1.000,0.991,0.006,0.047,0.037,0.007
267,9,2,0.000,0.957,0.988,1.000,0.988,0.017,0.026,0.012,0.000,21,9,0.000,0.961,0.959,1.000,0.986,0.019,0.020,0.025,0.016,26.000,9.000,0.000,0.977,0.991,1.000,0.994,0.010,0.013,0.004,0.005,29.000,16.000,0.000,0.947,0.956,1.000,0.991,0.006,0.047,0.037,0.007
268,9,2,0.000,0.957,0.988,1.000,0.988,0.017,0.026,0.012,0.000,21,9,0.000,0.961,0.959,1.000,0.986,0.019,0.020,0.025,0.016,26.000,9.000,0.000,0.977,0.991,1.000,0.994,0.010,0.013,0.004,0.005,29.000,16.000,0.000,0.947,0.956,1.000,0.991,0.006,0.047,0.037,0.007
269,9,2,0.000,0.957,0.988,1.000,0.988,0.017,0.026,0.012,0.000,21,9,0.000,0.961,0.959,1.000,0.986,0.019,0.020,0.025,0.016,26.000,9.000,0.000,0.977,0.991,1.000,0.994,0.010,0.013,0.004,0.005,29.000,16.000,0.000,0.947,0.956,1.000,0.991,0.006,0.047,0.037,0.007
270,9,2,0.000,0.957,0.988,1.000,0.988,0.017,0.026,0.012,0.000,21,9,0.000,0.961,0.959,1.000,0.986,0.019,0.020,0.025,0.016,26.000,9.000,0.000,0.977,0.991,1.000,0.994,0.010,0.013,0.004,0.005,29.000,16.000,0.000,0.947,0.956,1.000,0.991,0.006,0.047,0.037,0.007
271,9,2,0.000,0.957,0.988,1.000,0.988,0.017,0.026,0.012,0.000,21,9,0.000,0.961,0.959,1.000,0.986,0.019,0.020,0.025,0.016,26.000,9.000,0.000,0.977,0.991,1.000,0.994,0.010,0.013,0.004,0.005,29.000,16.000,0.000,0.947,0.956,1.000,0.991,0.006,0.047,0.037,0.007
272,9,2,0.000,0.957,0.988,1.000,0.988,0.017,0.026,0.012,0.000,21,9,0.000,0.961,0.959,1.000,0.986,0.019,0.020,0.025,0.016,26.000,9.000,0.000,0.977,0.991,1.000,0.994,0.010,0.013,0.004,0.005,29.000,16.000,0.000,0.947,0.956,1.000,0.991,0.006,0.047,0.037,0.007
273,9,2,0.000,0.957,0.988,1.000,0.988,0.017,0.026,0.012,0.000,21,9,0.000,0.961,0.959,1.000,0.986,0.019,0.020,0.025,0.016,26.000,9.000,0.000,0.977,0.991,1.000,0.994,0.010,0.013,0.004,0.005,29.000,16.000,0.000,0.947,0.956,1.000,0.991,0.006,0.047,0.037,0.007
274,9,2,0.000,0.957,0.988,1.000,0.988,0.017,0.026,0.012,0.000,21,9,0.000,0.961,0.959,1.000,0.986,0.019,0.020,0.025,0.016,26.000,9.000,0.000,0.977,0.991,1.000,0.994,0.010,0.013,0.004,0.005,29.000,16.000,0.000,0.947,0.956,1.000,0.991,0.006,0.047,0.037,0.007
275,9,2,0.000,0.957,0.988,1.000,0.988,0.017,0.026,0.012,0.000,21,9,0.000,0.961,0.959,1.000,0.986,0.019,0.020,0.025,0.016,26.000,9.000,0.000,0.977,0.991,1.000,0.994,0.010,0.013,0.004,0.005,29.000,16.000,0.000,0.947,0.956,1.000,0.991,0.006,0.047,0.037,0.007
276,9,2,0.000,0.957,0.988,1.000,0.988,0.017,0.026,0.012,0.000,21,9,0.000,0.961,0.959,1.000,0.986,0.019,0.020,0.025,0.016,26.000,9.000,0.000,0.977,0.991,1.000,0.994,0.010,0.013,0.004,0.005,29.000,16.000,0.000,0.947,0.956,1.000,0.991,0.006,0.047,0.037,0.007
277,9,2,0.000,0.957,0.988,1.000,0.988,0.017,0.026,0.012,0.000,21,9,0.000,0.961,0.959,1.000,0.986,0.019,0.020,0.025,0.016,26.000,9.000,0.000,0.977,0.991,1.000,0.994,0.010,0.013,0.004,0.005,29.000,16.000,0.000,0.947,0.956,1.000,0.991,0.006,0.047,0.037,0.007
278,9,2,0.000,0.957,0.988,1.000,0.988,0.017,0.026,0.012,0.000,21,9,0.000,0.961,0.959,1.000,0.986,0.019,0.020,0.025,0.016,26.000,9.000,0.000,0.977,0.991,1.000,0.994,0.010,0.013,0.004,0.005,29.000,16.000,0.000,0.947,0.956,1.000,0.991,0.006,0.047,0.037,0.007
279,9,2,0.000,0.957,0.988,1.000,0.988,0.017,0.026,0.012,0.000,21,9,0.000,0.961,0.959,1.000,0.986,0.019,0.020,0.025,0.016,26.000,9.000,0.000,0.977,0.991,1.000,0.994,0.010,0.013,0.004,0.005,29.000,16.000,0.000,0.947,0.956,1.000,0.991,0.006,0.047,0.037,0.007
280,9,2,0.000,0.957,0.988,1.000,0.988,0.017,0.026,0.012,0.000,21,9,0.000,0.961,0.959,1.000,0.986,0.019,0.020,0.025,0.016,26.000,9.000,0.000,0.977,0.991,1.000,0.994,0.010,0.013,0.004,0.005,29.000,16.000,0.000,0.947,0.956,1.000,0.991,0.006,0.047,0.037,0.007
281,9,2,0.000,0.957,0.988,1.000,0.988,0.017,0.026,0.012,0.000,21,9,0.000,0.961,0.959,1.000,0.986,0.019,0.020,0.025,0.016,26.000,9.000,0.000,0.977,0.991,1.000,0.994,0.010,0.013,0.004,0.005,29.000,16.000,0.000,0.947,0.956,1.000,0.991,0.006,0.047,0.037,0.007
282,9,2,0.000,0.957,0.988,1.000,0.988,0.017,0.026,0.012,0.000,21,9,0.000,0.961,0.959,1.000,0.986,0.019,0.020,0.025,0.016,26.000,9.000,0.000,0.977,0.991,1.000,0.994,0.010,0.013,0.004,0.005,29.000,16.000,0.000,0.947,0.956,1.000,0.991,0.006,0.047,0.037,0.007
283,9,2,0.000,0.957,0.988,1.000,0.988,0.017,0.026,0.012,0.000,21,9,0.000,0.961,0.959,1.000,0.986,0.019,0.020,0.025,0.016,26.000,9.000,0.000,0.977,0.991,1.000,0.994,0.010,0.013,0.004,0.005,29.000,16.000,0.000,0.947,0.956,1.000,0.991,0.006,0.047,0.037,0.007
284,9,2,0.000,0.957,0.988,1.000,0.988,0.017,0.026,0.012,0.000,21,9,0.000,0.961,0.959,1.000,0.986,0.019,0.020,0.025,0.016,26.000,9.000,0.000,0.977,0.991,1.000,0.994,0.010,0.013,0.004,0.005,29.000,16.000,0.000,0.947,0.956,1.000,0.991,0.006,0.047,0.037,0.007
285,9,2,0.000,0.957,0.988,1.000,0.988,0.017,0.026,0.012,0.000,21,9,0.000,0.961,0.959,1.000,0.986,0.019,0.020,0.025,0.016,26.000,9.000,0.000,0.977,0.991,1.000,0.994,0.010,0.013,0.004,0.005,29.000,16.000,0.000,0.947,0.956,1.000,0.991,0.006,0.047,0.037,0.007
286,9,2,0.000,0.957,0.988,1.000,0.988,0.017,0.026,0.012,0.000,21,9,0.000,0.961,0.959,1.000,0.986,0.019,0.020,0.025,0.016,26.000,9.000,0.000,0.977,0.991,1.000,0.994,0.010,0.013,0.004,0.005,29.000,16.000,0.000,0.947,0.956,1.000,0.991,0.006,0.047,0.037,0.007
287,9,2,0.000,0.957,0.988,1.000,0.988,0.017,0.026,0.012,0.000,21,9,0.000,0.961,0.959,1.000,0.986,0.019,0.020,0.025,0.016,26.000,9.000,0.000,0.977,0.991,1.000,0.994,0.010,0.013,0.004,0.005,29.000,16.000,0.000,0.947,0.956,1.000,0.991,0.006,0.047,0.037,0.007
288,9,2,0.000,0.957,0.988,1.000,0.988,0.017,0.026,0.012,0.000,21,9,0.000,0.961,0.959,1.000,0.986,0.019,0.020,0.025,0.016,26.000,9.000,0.000,0.977,0.991,1.000,0.994,0.010,0.013,0.004,0.005,29.000,16.000,0.000,0.947,0.956,1.000,0.991,0.006,0.047,0.037,0.007
289,9,2,0.000,0.957,0.988,1.000,0.988,0.017,0.026,0.012,0.000,21,9,0.000,0.961,0.959,1.000,0.986,0.019,0.020,0.025,0.016,26.000,9.000,0.000,0.977,0.991,1.000,0.994,0.010,0.013,0.004,0.005,29.000,16.000,0.000,0.947,0.956,1.000,0.991,0.006,0.047,0.037,0.007
290,9,2,0.000,0.957,0.988,1.000,0.988,0.017,0.026,0.012,0.000,21,9,0.000,0.961,0.959,1.000,0.986,0.019,0.020,0.025,0.016,26.000,9.000,0.000,0.977,0.991,1.000,0.994,0.010,0.013,0.004,0.005,29.000,16.000,0.000,0.947,0.956,1.000,0.991,0.006,0.047,0.037,0.007
291,9,2,0.000,0.957,0.988,1.000,0.988,0.017,0.026,0.012,0.000,21,9,0.000,0.961,0.959,1.000,0.986,0.019,0.020,0.025,0.016,26.000,9.000,0.000,0.977,0.991,1.000,0.994,0.010,0.013,0.004,0.005,29.000,16.000,0.000,0.947,0.956,1.000,0.991,0.006,0.047,0.037,0.007
292,9,2,0.000,0.957,0.988,1.000,0.988,0.017,0.026,0.012,0.000,21,9,0.000,0.961,0.959,1.000,0.986,0.019,0.020,0.025,0.016,26.000,9.000,0.000,0.977,0.991,1.000,0.994,0.010,0.013,0.004,0.005,29.000,16.000,0.000,0.947,0.956,1.000,0.991,0.006,0.047,0.037,0.007
293,9,2,0.000,0.957,0.988,1.000,0.988,0.017,0.026,0.012,0.000,21,9,0.000,0.961,0.959,1.000,0.986,0.019,0.020,0.025,0.016,26.000,9.000,0.000,0.977,0.991,1.000,0.994,0.010,0.013,0.004,0.005,29.000,16.000,0.000,0.947,0.956,1.000,0.991,0.006,0.047,0.037,0.007
294,9,2,0.000,0.957,0.988,1.000,0.988,0.017,0.026,0.012,0.000,21,9,0.000,0.961,0.959,1.000,0.986,0.019,0.020,0.025,0.016,26.000,9.000,0.000,0.977,0.991,1.000,0.994,0.010,0.013,0.004,0.005,29.000,16.000,0.000,0.947,0.956,1.000,0.991,0.006,0.047,0.037,0.007
295,9,2,0.000,0.957,0.988,1.000,0.988,0.017,0.026,0.012,0.000,21,9,0.000,0.961,0.959,1.000,0.986,0.019,0.020,0.025,0.016,26.000,9.000,0.000,0.977,0.991,1.000,0.994,0.010,0.013,0.004,0.005,29.000,16.000,0.000,0.947,0.956,1.000,0.991,0.006,0.047,0.037,0.007
296,9,2,0.000,0.957,0.988,1.000,0.988,0.017,0.026,0.012,0.000,21,9,0.000,0.961,0.959,1.000,0.986,0.019,0.020,0.025,0.016,26.000,9.000,0.000,0.977,0.991,1.000,0.994,0.010,0.013,0.004,0.005,29.000,16.000,0.000,0.947,0.956,1.000,0.991,0.006,0.047,0.037,0.007
297,9,2,0.000,0.957,0.988,1.000,0.988,0.017,0.026,0.012,0.000,21,9,0.000,0.961,0.959,1.000,0.986,0.019,0.020,0.025,0.016,26.000,9.000,0.000,0.977,0.991,1.000,0.994,0.010,0.013,0.004,0.005,29.000,16.000,0.000,0.947,0.956,1.000,0.991,0.006,0.047,0.037,0.007
298,9,2,0.000,0.957,0.988,1.000,0.988,0.017,0.026,0.012,0.000,21,9,0.000,0.961,0.959,1.000,0.986,0.019,0.020,0.025,0.016,26.000,9.000,0.000,0.977,0.991,1.000,0.994,0.010,0.013,0.004,0.005,29.000,16.000,0.000,0.947,0.956,1.000,0.991,0.006,0.047,0.037,0.007
299,9,2,0.000,0.957,0.988,1.000,0.988,0.017,0.026,0.012,0.000,21,9,0.000,0.961,0.959,1.000,0.986,0.019,0.020,0.025,0.016,26.000,9.000,0.000,0.977,0.991,1.000,0.994,0.010,0.013,0.004,0.005,29.000,16.000,0.000,0.947,0.956,1.000,0.991,0.006,0.047,0.037,0.007
300,9,2,0.000,0.957,0.988,1.000,0.988,0.017,0.026,0.012,0.000,21,9,0.000,0.961,0.959,1.000,0.986,0.019,0.020,0.025,0.016,26.000,9.000,0.000,0.977,0.991,1.000,0.994,0.010,0.013,0.004,0.005,29.000,16.000,0.000,0.947,0.956,1.000,0.991,0.006,0.047,0.037,0.007
301,9,2,0.000,0.957,0.988,1.000,0.988,0.017,0.026,0.012,0.000,21,9,0.000,0.961,0.959,1.000,0.986,0.019,0.020,0.025,0.016,26.000,9.000,0.000,0.977,0.991,1.000,0.994,0.010,0.013,0.004,0.005,29.000,16.000,0.000,0.947,0.956,1.000,0.991,0.006,0.047,0.037,0.007
302,9,2,0.000,0.957,0.988,1.000,0.988,0.017,0.026,0.012,0.000,21,9,0.000,0.961,0.959,1.000,0.986,0.019,0.020,0.025,0.016,26.000,9.000,0.000,0.977,0.991,1.000,0.994,0.010,0.013,0.004,0.005,29.000,16.000,0.000,0.947,0.956,1.000,0.991,0.006,0.047,0.037,0.007
303,9,2,0.000,0.957,0.988,1.000,0.988,0.017,0.026,0.012,0.000,21,9,0.000,0.961,0.959,1.000,0.986,0.019,0.020,0.025,0.016,26.000,9.000,0.000,0.977,0.991,1.000,0.994,0.010,0.013,0.004,0.005,29.000,16.000,0.000,0.947,0.956,1.000,0.991,0.006,0.047,0.037,0.007
304,9,2,0.000,0.957,0.988,1.000,0.988,0.017,0.026,0.012,0.000,21,9,0.000,0.961,0.959,1.000,0.986,0.019,0.020,0.025,0.016,26.000,9.000,0.000,0.977,0.991,1.000,0.994,0.010,0.013,0.004,0.005,29.000,16.000,0.000,0.947,0.956,1.000,0.991,0.006,0.047,0.037,0.007
305,9,2,0.000,0.957,0.988,1.000,0.988,0.017,0.026,0.012,0.000,21,9,0.000,0.961,0.959,1.000,0.986,0.019,0.020,0.025,0.016,26.000,9.000,0.000,0.977,0.991,1.000,0.994,0.010,0.013,0.004,0.005,29.000,16.000,0.000,0.947,0.956,1.000,0.991,0.006,0.047,0.037,0.007
306,9,2,0.000,0.957,0.988,1.000,0.988,0.017,0.026,0.012,0.000,21,9,0.000,0.961,0.959,1.000,0.986,0.019,0.020,0.025,0.016,26.000,9.000,0.000,0.977,0.991,1.000,0.994,0.010,0.013,0.004,0.005,29.000,16.000,0.000,0.947,0.956,1.000,0.991,0.006,0.047,0.037,0.007
307,9,2,0.000,0.957,0.988,1.000,0.988,0.017,0.026,0.012,0.000,21,9,0.000,0.961,0.959,1.000,0.986,0.019,0.020,0.025,0.016,26.000,9.000,0.000,0.977,0.991,1.000,0.994,0.010,0.013,0.004,0.005,29.000,16.000,0.000,0.947,0.956,1.000,0.991,0.006,0.047,0.037,0.007
308,9,2,0.000,0.957,0.988,1.000,0.988,0.017,0.026,0.012,0.000,21,9,0.000,0.961,0.959,1.000,0.986,0.019,0.020,0.025,0.016,26.000,9.000,0.000,0.977,0.991,1.000,0.994,0.010,0.013,0.004,0.005,29.000,16.000,0.000,0.947,0.956,1.000,0.991,0.006,0.047,0.037,0.007
309,9,2,0.000,0.957,0.988,1.000,0.988,0.017,0.026,0.012,0.000,21,9,0.000,0.961,0.959,1.000,0.986,0.019,0.020,0.025,0.016,26.000,9.000,0.000,0.977,0.991,1.000,0.994,0.010,0.013,0.004,0.005,29.000,16.000,0.000,0.947,0.956,1.000,0.991,0.006,0.047,0.037,0.007
310,9,2,0.000,0.957,0.988,1.000,0.988,0.017,0.026,0.012,0.000,21,9,0.000,0.961,0.959,1.000,0.986,0.019,0.020,0.025,0.016,26.000,9.000,0.000,0.977,0.991,1.000,0.994,0.010,0.013,0.004,0.005,29.000,16.000,0.000,0.947,0.956,1.000,0.991,0.006,0.047,0.037,0.007
311,9,2,0.000,0.957,0.988,1.000,0.988,0.017,0.026,0.012,0.000,21,9,0.000,0.961,0.959,1.000,0.986,0.019,0.020,0.025,0.016,26.000,9.000,0.000,0.977,0.991,1.000,0.994,0.010,0.013,0.004,0.005,29.000,16.000,0.000,0.947,0.956,1.000,0.991,0.006,0.047,0.037,0.007
312,9,2,0.000,0.957,0.988,1.000,0.988,0.017,0.026,0.012,0.000,21,9,0.000,0.961,0.959,1.000,0.986,0.019,0.020,0.025,0.016,26.000,9.000,0.000,0.977,0.991,1.000,0.994,0.010,0.013,0.004,0.005,29.000,16.000,0.000,0.947,0.956,1.000,0.991,0.006,0.047,0.037,0.007
313,9,2,0.000,0.957,0.988,1.000,0.988,0.017,0.026,0.012,0.000,21,9,0.000,0.961,0.959,1.000,0.986,0.019,0.020,0.025,0.016,26.000,9.000,0.000,0.977,0.991,1.000,0.994,0.010,0.013,0.004,0.005,29.000,16.000,0.000,0.947,0.956,1.000,0.991,0.006,0.047,0.037,0.007
314,9,2,0.000,0.957,0.988,1.000,0.988,0.017,0.026,0.012,0.000,21,9,0.000,0.961,0.959,1.000,0.986,0.019,0.020,0.025,0.016,26.000,9.000,0.000,0.977,0.991,1.000,0.994,0.010,0.013,0.004,0.005,29.000,16.000,0.000,0.947,0.956,1.000,0.991,0.006,0.047,0.037,0.007
315,9,2,0.000,0.957,0.988,1.000,0.988,0.017,0.026,0.012,0.000,21,9,0.000,0.961,0.959,1.000,0.986,0.019,0.020,0.025,0.016,26.000,9.000,0.000,0.977,0.991,1.000,0.994,0.010,0.013,0.004,0.005,29.000,16.000,0.000,0.947,0.956,1.000,0.991,0.006,0.047,0.037,0.007
316,9,2,0.000,0.957,0.988,1.000,0.988,0.017,0.026,0.012,0.000,21,9,0.000,0.961,0.959,1.000,0.986,0.019,0.020,0.025,0.016,26.000,9.000,0.000,0.977,0.991,1.000,0.994,0.010,0.013,0.004,0.005,29.000,16.000,0.000,0.947,0.956,1.000,0.991,0.006,0.047,0.037,0.007
317,9,2,0.000,0.957,0.988,1.000,0.988,0.017,0.026,0.012,0.000,21,9,0.000,0.961,0.959,1.000,0.986,0.019,0.020,0.025,0.016,26.000,9.000,0.000,0.977,0.991,1.000,0.994,0.010,0.013,0.004,0.005,29.000,16.000,0.000,0.947,0.956,1.000,0.991,0.006,0.047,0.037,0.007
318,9,2,0.000,0.957,0.988,1.000,0.988,0.017,0.026,0.012,0.000,21,9,0.000,0.961,0.959,1.000,0.986,0.019,0.020,0.025,0.016,26.000,9.000,0.000,0.977,0.991,1.000,0.994,0.010,0.013,0.004,0.005,29.000,16.000,0.000,0.947,0.956,1.000,0.991,0.006,0.047,0.037,0.007
319,9,2,0.000,0.957,0.988,1.000,0.988,0.017,0.026,0.012,0.000,21,9,0.000,0.961,0.959,1.000,0.986,0.019,0.020,0.025,0.016,26.000,9.000,0.000,0.977,0.991,1.000,0.994,0.010,0.013,0.004,0.005,29.000,16.000,0.000,0.947,0.956,1.000,0.991,0.006,0.047,0.037,0.007
320,9,2,0.000,0.957,0.988,1.000,0.988,0.017,0.026,0.012,0.000,21,9,0.000,0.961,0.959,1.000,0.986,0.019,0.020,0.025,0.016,26.000,9.000,0.000,0.977,0.991,1.000,0.994,0.010,0.013,0.004,0.005,29.000,16.000,0.000,0.947,0.956,1.000,0.991,0.006,0.047,0.037,0.007
321,9,2,0.000,0.957,0.988,1.000,0.988,0.017,0.026,0.012,0.000,21,9,0.000,0.961,0.959,1.000,0.986,0.019,0.020,0.025,0.016,26.000,9.000,0.000,0.977,0.991,1.000,0.994,0.010,0.013,0.004,0.005,29.000,16.000,0.000,0.947,0.956,1.000,0.991,0.006,0.047,0.037,0.007
322,9,2,0.000,0.957,0.988,1.000,0.988,0.017,0.026,0.012,0.000,21,9,0.000,0.961,0.959,1.000,0.986,0.019,0.020,0.025,0.016,26.000,9.000,0.000,0.977,0.991,1.000,0.994,0.010,0.013,0.004,0.005,29.000,16.000,0.000,0.947,0.956,1.000,0.991,0.006,0.047,0.037,0.007
323,9,2,0.000,0.957,0.988,1.000,0.988,0.017,0.026,0.012,0.000,21,9,0.000,0.961,0.959,1.000,0.986,0.019,0.020,0.025,0.016,26.000,9.000,0.000,0.977,0.991,1.000,0.994,0.010,0.013,0.004,0.005,29.000,16.000,0.000,0.947,0.956,1.000,0.991,0.006,0.047,0.037,0.007
324,9,2,0.000,0.957,0.988,1.000,0.988,0.017,0.026,0.012,0.000,21,9,0.000,0.961,0.959,1.000,0.986,0.019,0.020,0.025,0.016,26.000,9.000,0.000,0.977,0.991,1.000,0.994,0.010,0.013,0.004,0.005,29.000,16.000,0.000,0.947,0.956,1.000,0.991,0.006,0.047,0.037,0.007
325,9,2,0.000,0.957,0.988,1.000,0.988,0.017,0.026,0.012,0.000,21,9,0.000,0.961,0.959,1.000,0.986,0.019,0.020,0.025,0.016,26.000,9.000,0.000,0.977,0.991,1.000,0.994,0.010,0.013,0.004,0.005,29.000,16.000,0.000,0.947,0.956,1.000,0.991,0.006,0.047,0.037,0.007
326,9,2,0.000,0.957,0.988,1.000,0.988,0.017,0.026,0.012,0.000,21,9,0.000,0.961,0.959,1.000,0.986,0.019,0.020,0.025,0.016,26.000,9.000,0.000,0.977,0.991,1.000,0.994,0.010,0.013,0.004,0.005,29.000,16.000,0.000,0.947,0.956,1.000,0.991,0.006,0.047,0.037,0.007
327,9,2,0.000,0.957,0.988,1.000,0.988,0.017,0.026,0.012,0.000,21,9,0.000,0.961,0.959,1.000,0.986,0.019,0.020,0.025,0.016,26.000,9.000,0.000,0.977,0.991,1.000,0.994,0.010,0.013,0.004,0.005,29.000,16.000,0.000,0.947,0.956,1.000,0.991,0.006,0.047,0.037,0.007
328,9,2,0.000,0.957,0.988,1.000,0.988,0.017,0.026,0.012,0.000,21,9,0.000,0.961,0.959,1.000,0.986,0.019,0.020,0.025,0.016,26.000,9.000,0.000,0.977,0.991,1.000,0.994,0.010,0.013,0.004,0.005,29.000,16.000,0.000,0.947,0.956,1.000,0.991,0.006,0.047,0.037,0.007
329,9,2,0.000,0.957,0.988,1.000,0.988,0.017,0.026,0.012,0.000,21,9,0.000,0.961,0.959,1.000,0.986,0.019,0.020,0.025,0.016,26.000,9.000,0.000,0.977,0.991,1.000,0.994,0.010,0.013,0.004,0.005,29.000,16.000,0.000,0.947,0.956,1.000,0.991,0.006,0.047,0.037,0.007
330,9,2,0.000,0.957,0.988,1.000,0.988,0.017,0.026,0.012,0.000,21,9,0.000,0.961,0.959,1.000,0.986,0.019,0.020,0.025,0.016,26.000,9.000,0.000,0.977,0.991,1.000,0.994,0.010,0.013,0.004,0.005,29.000,16.000,0.000,0.947,0.956,1.000,0.991,0.006,0.047,0.037,0.007
331,9,2,0.000,0.957,0.988,1.000,0.988,0.017,0.026,0.012,0.000,21,9,0.000,0.961,0.959,1.000,0.986,0.019,0.020,0.025,0.016,26.000,9.000,0.000,0.977,0.991,1.000,0.994,0.010,0.013,0.004,0.005,29.000,16.000,0.000,0.947,0.956,1.000,0.991,0.006,0.047,0.037,0.007
332,9,2,0.000,0.957,0.988,1.000,0.988,0.017,0.026,0.012,0.000,21,9,0.000,0.961,0.959,1.000,0.986,0.019,0.020,0.025,0.016,26.000,9.000,0.000,0.977,0.991,1.000,0.994,0.010,0.013,0.004,0.005,29.000,16.000,0.000,0.947,0.956,1.000,0.991,0.006,0.047,0.037,0.007
333,9,2,0.000,0.957,0.988,1.000,0.988,0.017,0.026,0.012,0.000,21,9,0.000,0.961,0.959,1.000,0.986,0.019,0.020,0.025,0.016,26.000,9.000,0.000,0.977,0.991,1.000,0.994,0.010,0.013,0.004,0.005,29.000,16.000,0.000,0.947,0.956,1.000,0.991,0.006,0.047,0.037,0.007
334,9,2,0.000,0.957,0.988,1.000,0.988,0.017,0.026,0.012,0.000,21,9,0.000,0.961,0.959,1.000,0.986,0.019,0.020,0.025,0.016,26.000,9.000,0.000,0.977,0.991,1.000,0.994,0.010,0.013,0.004,0.005,29.000,16.000,0.000,0.947,0.956,1.000,0.991,0.006,0.047,0.037,0.007
335,9,2,0.000,0.957,0.988,1.000,0.988,0.017,0.026,0.012,0.000,21,9,0.000,0.961,0.959,1.000,0.986,0.019,0.020,0.025,0.016,26.000,9.000,0.000,0.977,0.991,1.000,0.994,0.010,0.013,0.004,0.005,29.000,16.000,0.000,0.947,0.956,1.000,0.991,0.006,0.047,0.037,0.007
336,9,2,0.000,0.957,0.988,1.000,0.988,0.017,0.026,0.012,0.000,21,9,0.000,0.961,0.959,1.000,0.986,0.019,0.020,0.025,0.016,26.000,9.000,0.000,0.977,0.991,1.000,0.994,0.010,0.013,0.004,0.005,29.000,16.000,0.000,0.947,0.956,1.000,0.991,0.006,0.047,0.037,0.007
337,9,2,0.000,0.957,0.988,1.000,0.988,0.017,0.026,0.012,0.000,21,9,0.000,0.961,0.959,1.000,0.986,0.019,0.020,0.025,0.016,26.000,9.000,0.000,0.977,0.991,1.000,0.994,0.010,0.013,0.004,0.005,29.000,16.000,0.000,0.947,0.956,1.000,0.991,0.006,0.047,0.037,0.007
338,9,2,0.000,0.957,0.988,1.000,0.988,0.017,0.026,0.012,0.000,21,9,0.000,0.961,0.959,1.000,0.986,0.019,0.020,0.025,0.016,26.000,9.000,0.000,0.977,0.991,1.000,0.994,0.010,0.013,0.004,0.005,29.000,16.000,0.000,0.947,0.956,1.000,0.991,0.006,0.047,0.037,0.007
339,9,2,0.000,0.957,0.988,1.000,0.988,0.017,0.026,0.012,0.000,21,9,0.000,0.961,0.959,1.000,0.986,0.019,0.020,0.025,0.016,26.000,9.000,0.000,0.977,0.991,1.000,0.994,0.010,0.013,0.004,0.005,29.000,16.000,0.000,0.947,0.956,1.000,0.991,0.006,0.047,0.037,0.007
340,9,2,0.000,0.957,0.988,1.000,0.988,0.017,0.026,0.012,0.000,21,9,0.000,0.961,0.959,1.000,0.986,0.019,0.020,0.025,0.016,26.000,9.000,0.000,0.977,0.991,1.000,0.994,0.010,0.013,0.004,0.005,29.000,16.000,0.000,0.947,0.956,1.000,0.991,0.006,0.047,0.037,0.007
341,9,2,0.000,0.957,0.988,1.000,0.988,0.017,0.026,0.012,0.000,21,9,0.000,0.961,0.959,1.000,0.986,0.019,0.020,0.025,0.016,26.000,9.000,0.000,0.977,0.991,1.000,0.994,0.010,0.013,0.004,0.005,29.000,16.000,0.000,0.947,0.956,1.000,0.991,0.006,0.047,0.037,0.007
342,9,2,0.000,0.957,0.988,1.000,0.988,0.017,0.026,0.012,0.000,21,9,0.000,0.961,0.959,1.000,0.986,0.019,0.020,0.025,0.016,26.000,9.000,0.000,0.977,0.991,1.000,0.994,0.010,0.013,0.004,0.005,29.000,16.000,0.000,0.947,0.956,1.000,0.991,0.006,0.047,0.037,0.007
343,9,2,0.000,0.957,0.988,1.000,0.988,0.017,0.026,0.012,0.000,21,9,0.000,0.961,0.959,1.000,0.986,0.019,0.020,0.025,0.016,26.000,9.000,0.000,0.977,0.991,1.000,0.994,0.010,0.013,0.004,0.005,29.000,16.000,0.000,0.947,0.956,1.000,0.991,0.006,0.047,0.037,0.007
344,9,2,0.000,0.957,0.988,1.000,0.988,0.017,0.026,0.012,0.000,21,9,0.000,0.961,0.959,1.000,0.986,0.019,0.020,0.025,0.016,26.000,9.000,0.000,0.977,0.991,1.000,0.994,0.010,0.013,0.004,0.005,29.000,16.000,0.000,0.947,0.956,1.000,0.991,0.006,0.047,0.037,0.007
345,9,2,0.000,0.957,0.988,1.000,0.988,0.017,0.026,0.012,0.000,21,9,0.000,0.961,0.959,1.000,0.986,0.019,0.020,0.025,0.016,26.000,9.000,0.000,0.977,0.991,1.000,0.994,0.010,0.013,0.004,0.005,29.000,16.000,0.000,0.947,0.956,1.000,0.991,0.006,0.047,0.037,0.007
346,9,2,0.000,0.957,0.988,1.000,0.988,0.017,0.026,0.012,0.000,21,9,0.000,0.961,0.959,1.000,0.986,0.019,0.020,0.025,0.016,26.000,9.000,0.000,0.977,0.991,1.000,0.994,0.010,0.013,0.004,0.005,29.000,16.000,0.000,0.947,0.956,1.000,0.991,0.006,0.047,0.037,0.007
347,9,2,0.000,0.957,0.988,1.000,0.988,0.017,0.026,0.012,0.000,21,9,0.000,0.961,0.959,1.000,0.986,0.019,0.020,0.025,0.016,26.000,9.000,0.000,0.977,0.991,1.000,0.994,0.010,0.013,0.004,0.005,29.000,16.000,0.000,0.947,0.956,1.000,0.991,0.006,0.047,0.037,0.007
348,9,2,0.000,0.957,0.988,1.000,0.988,0.017,0.026,0.012,0.000,21,9,0.000,0.961,0.959,1.000,0.986,0.019,0.020,0.025,0.016,26.000,9.000,0.000,0.977,0.991,1.000,0.994,0.010,0.013,0.004,0.005,29.000,16.000,0.000,0.947,0.956,1.000,0.991,0.006,0.047,0.037,0.007
349,9,2,0.000,0.957,0.988,1.000,0.988,0.017,0.026,0.012,0.000,21,9,0.000,0.961,0.959,1.000,0.986,0.019,0.020,0.025,0.016,26.000,9.000,0.000,0.977,0.991,1.000,0.994,0.010,0.013,0.004,0.005,29.000,16.000,0.000,0.947,0.956,1.000,0.991,0.006,0.047,0.037,0.007
350,9,2,0.000,0.957,0.988,1.000,0.988,0.017,0.026,0.012,0.000,21,9,0.000,0.961,0.959,1.000,0.986,0.019,0.020,0.025,0.016,26.000,9.000,0.000,0.977,0.991,1.000,0.994,0.010,0.013,0.004,0.005,29.000,16.000,0.000,0.947,0.956,1.000,0.991,0.006,0.047,0.037,0.007
351,9,2,0.000,0.957,0.988,1.000,0.988,0.017,0.026,0.012,0.000,21,9,0.000,0.961,0.959,1.000,0.986,0.019,0.020,0.025,0.016,26.000,9.000,0.000,0.977,0.991,1.000,0.994,0.010,0.013,0.004,0.005,29.000,16.000,0.000,0.947,0.956,1.000,0.991,0.006,0.047,0.037,0.007
352,9,2,0.000,0.957,0.988,1.000,0.988,0.017,0.026,0.012,0.000,21,9,0.000,0.961,0.959,1.000,0.986,0.019,0.020,0.025,0.016,26.000,9.000,0.000,0.977,0.991,1.000,0.994,0.010,0.013,0.004,0.005,29.000,16.000,0.000,0.947,0.956,1.000,0.991,0.006,0.047,0.037,0.007
353,9,2,0.000,0.957,0.988,1.000,0.988,0.017,0.026,0.012,0.000,21,9,0.000,0.961,0.959,1.000,0.986,0.019,0.020,0.025,0.016,26.000,9.000,0.000,0.977,0.991,1.000,0.994,0.010,0.013,0.004,0.005,29.000,16.000,0.000,0.947,0.956,1.000,0.991,0.006,0.047,0.037,0.007
354,9,2,0.000,0.957,0.988,1.000,0.988,0.017,0.026,0.012,0.000,21,9,0.000,0.961,0.959,1.000,0.986,0.019,0.020,0.025,0.016,26.000,9.000,0.000,0.977,0.991,1.000,0.994,0.010,0.013,0.004,0.005,29.000,16.000,0.000,0.947,0.956,1.000,0.991,0.006,0.047,0.037,0.007
355,9,2,0.000,0.957,0.988,1.000,0.988,0.017,0.026,0.012,0.000,21,9,0.000,0.961,0.959,1.000,0.986,0.019,0.020,0.025,0.016,26.000,9.000,0.000,0.977,0.991,1.000,0.994,0.010,0.013,0.004,0.005,29.000,16.000,0.000,0.947,0.956,1.000,0.991,0.006,0.047,0.037,0.007
356,9,2,0.000,0.957,0.988,1.000,0.988,0.017,0.026,0.012,0.000,21,9,0.000,0.961,0.959,1.000,0.986,0.019,0.020,0.025,0.016,26.000,9.000,0.000,0.977,0.991,1.000,0.994,0.010,0.013,0.004,0.005,29.000,16.000,0.000,0.947,0.956,1.000,0.991,0.006,0.047,0.037,0.007
357,9,2,0.000,0.957,0.988,1.000,0.988,0.017,0.026,0.012,0.000,21,9,0.000,0.961,0.959,1.000,0.986,0.019,0.020,0.025,0.016,26.000,9.000,0.000,0.977,0.991,1.000,0.994,0.010,0.013,0.004,0.005,29.000,16.000,0.000,0.947,0.956,1.000,0.991,0.006,0.047,0.037,0.007
358,9,2,0.000,0.957,0.988,1.000,0.988,0.017,0.026,0.012,0.000,21,9,0.000,0.961,0.959,1.000,0.986,0.019,0.020,0.025,0.016,26.000,9.000,0.000,0.977,0.991,1.000,0.994,0.010,0.013,0.004,0.005,29.000,16.000,0.000,0.947,0.956,1.000,0.991,0.006,0.047,0.037,0.007
359,9,2,0.000,0.957,0.988,1.000,0.988,0.017,0.026,0.012,0.000,21,9,0.000,0.961,0.959,1.000,0.986,0.019,0.020,0.025,0.016,26.000,9.000,0.000,0.977,0.991,1.000,0.994,0.010,0.013,0.004,0.005,29.000,16.000,0.000,0.947,0.956,1.000,0.991,0.006,0.047,0.037,0.007
360,9,2,0.000,0.957,0.988,1.000,0.988,0.017,0.026,0.012,0.000,21,9,0.000,0.961,0.959,1.000,0.986,0.019,0.020,0.025,0.016,26.000,9.000,0.000,0.977,0.991,1.000,0.994,0.010,0.013,0.004,0.005,29.000,16.000,0.000,0.947,0.956,1.000,0.991,0.006,0.047,0.037,0.007
361,9,2,0.000,0.957,0.988,1.000,0.988,0.017,0.026,0.012,0.000,21,9,0.000,0.961,0.959,1.000,0.986,0.019,0.020,0.025,0.016,26.000,9.000,0.000,0.977,0.991,1.000,0.994,0.010,0.013,0.004,0.005,29.000,16.000,0.000,0.947,0.956,1.000,0.991,0.006,0.047,0.037,0.007
362,9,2,0.000,0.957,0.988,1.000,0.988,0.017,0.026,0.012,0.000,21,9,0.000,0.961,0.959,1.000,0.986,0.019,0.020,0.025,0.016,26.000,9.000,0.000,0.977,0.991,1.000,0.994,0.010,0.013,0.004,0.005,29.000,16.000,0.000,0.947,0.956,1.000,0.991,0.006,0.047,0.037,0.007
363,9,2,0.000,0.957,0.988,1.000,0.988,0.017,0.026,0.012,0.000,21,9,0.000,0.961,0.959,1.000,0.986,0.019,0.020,0.025,0.016,26.000,9.000,0.000,0.977,0.991,1.000,0.994,0.010,0.013,0.004,0.005,29.000,16.000,0.000,0.947,0.956,1.000,0.991,0.006,0.047,0.037,0.007
364,9,2,0.000,0.957,0.988,1.000,0.988,0.017,0.026,0.012,0.000,21,9,0.000,0.961,0.959,1.000,0.986,0.019,0.020,0.025,0.016,26.000,9.000,0.000,0.977,0.991,1.000,0.994,0.010,0.013,0.004,0.005,29.000,16.000,0.000,0.947,0.956,1.000,0.991,0.006,0.047,0.037,0.007
365,9,2,0.000,0.957,0.988,1.000,0.988,0.017,0.026,0.012,0.000,21,9,0.000,0.961,0.959,1.000,0.986,0.019,0.020,0.025,0.016,26.000,9.000,0.000,0.977,0.991,1.000,0.994,0.010,0.013,0.004,0.005,29.000,16.000,0.000,0.947,0.956,1.000,0.991,0.006,0.047,0.037,0.007
366,9,2,0.000,0.957,0.988,1.000,0.988,0.017,0.026,0.012,0.000,21,9,0.000,0.961,0.959,1.000,0.986,0.019,0.020,0.025,0.016,26.000,9.000,0.000,0.977,0.991,1.000,0.994,0.010,0.013,0.004,0.005,29.000,16.000,0.000,0.947,0.956,1.000,0.991,0.006,0.047,0.037,0.007
367,9,2,0.000,0.957,0.988,1.000,0.988,0.017,0.026,0.012,0.000,21,9,0.000,0.961,0.959,1.000,0.986,0.019,0.020,0.025,0.016,26.000,9.000,0.000,0.977,0.991,1.000,0.994,0.010,0.013,0.004,0.005,29.000,16.000,0.000,0.947,0.956,1.000,0.991,0.006,0.047,0.037,0.007
368,9,2,0.000,0.957,0.988,1.000,0.988,0.017,0.026,0.012,0.000,21,9,0.000,0.961,0.959,1.000,0.986,0.019,0.020,0.025,0.016,26.000,9.000,0.000,0.977,0.991,1.000,0.994,0.010,0.013,0.004,0.005,29.000,16.000,0.000,0.947,0.956,1.000,0.991,0.006,0.047,0.037,0.007
369,9,2,0.000,0.957,0.988,1.000,0.988,0.017,0.026,0.012,0.000,21,9,0.000,0.961,0.959,1.000,0.986,0.019,0.020,0.025,0.016,26.000,9.000,0.000,0.977,0.991,1.000,0.994,0.010,0.013,0.004,0.005,29.000,16.000,0.000,0.947,0.956,1.000,0.991,0.006,0.047,0.037,0.007
370,9,2,0.000,0.957,0.988,1.000,0.988,0.017,0.026,0.012,0.000,21,9,0.000,0.961,0.959,1.000,0.986,0.019,0.020,0.025,0.016,26.000,9.000,0.000,0.977,0.991,1.000,0.994,0.010,0.013,0.004,0.005,29.000,16.000,0.000,0.947,0.956,1.000,0.991,0.006,0.047,0.037,0.007
371,9,2,0.000,0.957,0.988,1.000,0.988,0.017,0.026,0.012,0.000,21,9,0.000,0.961,0.959,1.000,0.986,0.019,0.020,0.025,0.016,26.000,9.000,0.000,0.977,0.991,1.000,0.994,0.010,0.013,0.004,0.005,29.000,16.000,0.000,0.947,0.956,1.000,0.991,0.006,0.047,0.037,0.007
372,9,2,0.000,0.957,0.988,1.000,0.988,0.017,0.026,0.012,0.000,21,9,0.000,0.961,0.959,1.000,0.986,0.019,0.020,0.025,0.016,26.000,9.000,0.000,0.977,0.991,1.000,0.994,0.010,0.013,0.004,0.005,29.000,16.000,0.000,0.947,0.956,1.000,0.991,0.006,0.047,0.037,0.007
373,9,2,0.000,0.957,0.988,1.000,0.988,0.017,0.026,0.012,0.000,21,9,0.000,0.961,0.959,1.000,0.986,0.019,0.020,0.025,0.016,26.000,9.000,0.000,0.977,0.991,1.000,0.994,0.010,0.013,0.004,0.005,29.000,16.000,0.000,0.947,0.956,1.000,0.991,0.006,0.047,0.037,0.007
374,9,2,0.000,0.957,0.988,1.000,0.988,0.017,0.026,0.012,0.000,21,9,0.000,0.961,0.959,1.000,0.986,0.019,0.020,0.025,0.016,26.000,9.000,0.000,0.977,0.991,1.000,0.994,0.010,0.013,0.004,0.005,29.000,16.000,0.000,0.947,0.956,1.000,0.991,0.006,0.047,0.037,0.007
375,9,2,0.000,0.957,0.988,1.000,0.988,0.017,0.026,0.012,0.000,21,9,0.000,0.961,0.959,1.000,0.986,0.019,0.020,0.025,0.016,26.000,9.000,0.000,0.977,0.991,1.000,0.994,0.010,0.013,0.004,0.005,29.000,16.000,0.000,0.947,0.956,1.000,0.991,0.006,0.047,0.037,0.007
376,9,2,0.000,0.957,0.988,1.000,0.988,0.017,0.026,0.012,0.000,21,9,0.000,0.961,0.959,1.000,0.986,0.019,0.020,0.025,0.016,26.000,9.000,0.000,0.977,0.991,1.000,0.994,0.010,0.013,0.004,0.005,29.000,16.000,0.000,0.947,0.956,1.000,0.991,0.006,0.047,0.037,0.007
377,9,2,0.000,0.957,0.988,1.000,0.988,0.017,0.026,0.012,0.000,21,9,0.000,0.961,0.959,1.000,0.986,0.019,0.020,0.025,0.016,26.000,9.000,0.000,0.977,0.991,1.000,0.994,0.010,0.013,0.004,0.005,29.000,16.000,0.000,0.947,0.956,1.000,0.991,0.006,0.047,0.037,0.007
378,9,2,0.000,0.957,0.988,1.000,0.988,0.017,0.026,0.012,0.000,21,9,0.000,0.961,0.959,1.000,0.986,0.019,0.020,0.025,0.016,26.000,9.000,0.000,0.977,0.991,1.000,0.994,0.010,0.013,0.004,0.005,29.000,16.000,0.000,0.947,0.956,1.000,0.991,0.006,0.047,0.037,0.007
379,9,2,0.000,0.957,0.988,1.000,0.988,0.017,0.026,0.012,0.000,21,9,0.000,0.961,0.959,1.000,0.986,0.019,0.020,0.025,0.016,26.000,9.000,0.000,0.977,0.991,1.000,0.994,0.010,0.013,0.004,0.005,29.000,16.000,0.000,0.947,0.956,1.000,0.991,0.006,0.047,0.037,0.007
380,9,2,0.000,0.957,0.988,1.000,0.988,0.017,0.026,0.012,0.000,21,9,0.000,0.961,0.959,1.000,0.986,0.019,0.020,0.025,0.016,26.000,9.000,0.000,0.977,0.991,1.000,0.994,0.010,0.013,0.004,0.005,29.000,16.000,0.000,0.947,0.956,1.000,0.991,0.006,0.047,0.037,0.007
381,9,2,0.000,0.957,0.988,1.000,0.988,0.017,0.026,0.012,0.000,21,9,0.000,0.961,0.959,1.000,0.986,0.019,0.020,0.025,0.016,26.000,9.000,0.000,0.977,0.991,1.000,0.994,0.010,0.013,0.004,0.005,29.000,16.000,0.000,0.947,0.956,1.000,0.991,0.006,0.047,0.037,0.007
382,9,2,0.000,0.957,0.988,1.000,0.988,0.017,0.026,0.012,0.000,21,9,0.000,0.961,0.959,1.000,0.986,0.019,0.020,0.025,0.016,26.000,9.000,0.000,0.977,0.991,1.000,0.994,0.010,0.013,0.004,0.005,29.000,16.000,0.000,0.947,0.956,1.000,0.991,0.006,0.047,0.037,0.007
383,9,2,0.000,0.957,0.988,1.000,0.988,0.017,0.026,0.012,0.000,21,9,0.000,0.961,0.959,1.000,0.986,0.019,0.020,0.025,0.016,26.000,9.000,0.000,0.977,0.991,1.000,0.994,0.010,0.013,0.004,0.005,29.000,16.000,0.000,0.947,0.956,1.000,0.991,0.006,0.047,0.037,0.007
384,9,2,0.000,0.957,0.988,1.000,0.988,0.017,0.026,0.012,0.000,21,9,0.000,0.961,0.959,1.000,0.986,0.019,0.020,0.025,0.016,26.000,9.000,0.000,0.977,0.991,1.000,0.994,0.010,0.013,0.004,0.005,29.000,16.000,0.000,0.947,0.956,1.000,0.991,0.006,0.047,0.037,0.007
385,9,2,0.000,0.957,0.988,1.000,0.988,0.017,0.026,0.012,0.000,21,9,0.000,0.961,0.959,1.000,0.986,0.019,0.020,0.025,0.016,26.000,9.000,0.000,0.977,0.991,1.000,0.994,0.010,0.013,0.004,0.005,29.000,16.000,0.000,0.947,0.956,1.000,0.991,0.006,0.047,0.037,0.007
386,9,2,0.000,0.957,0.988,1.000,0.988,0.017,0.026,0.012,0.000,21,9,0.000,0.961,0.959,1.000,0.986,0.019,0.020,0.025,0.016,26.000,9.000,0.000,0.977,0.991,1.000,0.994,0.010,0.013,0.004,0.005,29.000,16.000,0.000,0.947,0.956,1.000,0.991,0.006,0.047,0.037,0.007
387,9,2,0.000,0.957,0.988,1.000,0.988,0.017,0.026,0.012,0.000,21,9,0.000,0.961,0.959,1.000,0.986,0.019,0.020,0.025,0.016,26.000,9.000,0.000,0.977,0.991,1.000,0.994,0.010,0.013,0.004,0.005,29.000,16.000,0.000,0.947,0.956,1.000,0.991,0.006,0.047,0.037,0.007
388,9,2,0.000,0.957,0.988,1.000,0.988,0.017,0.026,0.012,0.000,21,9,0.000,0.961,0.959,1.000,0.986,0.019,0.020,0.025,0.016,26.000,9.000,0.000,0.977,0.991,1.000,0.994,0.010,0.013,0.004,0.005,29.000,16.000,0.000,0.947,0.956,1.000,0.991,0.006,0.047,0.037,0.007
389,9,2,0.000,0.957,0.988,1.000,0.988,0.017,0.026,0.012,0.000,21,9,0.000,0.961,0.959,1.000,0.986,0.019,0.020,0.025,0.016,26.000,9.000,0.000,0.977,0.991,1.000,0.994,0.010,0.013,0.004,0.005,29.000,16.000,0.000,0.947,0.956,1.000,0.991,0.006,0.047,0.037,0.007
390,9,2,0.000,0.957,0.988,1.000,0.988,0.017,0.026,0.012,0.000,21,9,0.000,0.961,0.959,1.000,0.986,0.019,0.020,0.025,0.016,26.000,9.000,0.000,0.977,0.991,1.000,0.994,0.010,0.013,0.004,0.005,29.000,16.000,0.000,0.947,0.956,1.000,0.991,0.006,0.047,0.037,0.007
391,9,2,0.000,0.957,0.988,1.000,0.988,0.017,0.026,0.012,0.000,21,9,0.000,0.961,0.959,1.000,0.986,0.019,0.020,0.025,0.016,26.000,9.000,0.000,0.977,0.991,1.000,0.994,0.010,0.013,0.004,0.005,29.000,16.000,0.000,0.947,0.956,1.000,0.991,0.006,0.047,0.037,0.007
392,9,2,0.000,0.957,0.988,1.000,0.988,0.017,0.026,0.012,0.000,21,9,0.000,0.961,0.959,1.000,0.986,0.019,0.020,0.025,0.016,26.000,9.000,0.000,0.977,0.991,1.000,0.994,0.010,0.013,0.004,0.005,29.000,16.000,0.000,0.947,0.956,1.000,0.991,0.006,0.047,0.037,0.007
393,9,2,0.000,0.957,0.988,1.000,0.988,0.017,0.026,0.012,0.000,21,9,0.000,0.961,0.959,1.000,0.986,0.019,0.020,0.025,0.016,26.000,9.000,0.000,0.977,0.991,1.000,0.994,0.010,0.013,0.004,0.005,29.000,16.000,0.000,0.947,0.956,1.000,0.991,0.006,0.047,0.037,0.007
394,9,2,0.000,0.957,0.988,1.000,0.988,0.017,0.026,0.012,0.000,21,9,0.000,0.961,0.959,1.000,0.986,0.019,0.020,0.025,0.016,26.000,9.000,0.000,0.977,0.991,1.000,0.994,0.010,0.013,0.004,0.005,29.000,16.000,0.000,0.947,0.956,1.000,0.991,0.006,0.047,0.037,0.007
395,9,2,0.000,0.957,0.988,1.000,0.988,0.017,0.026,0.012,0.000,21,9,0.000,0.961,0.959,1.000,0.986,0.019,0.020,0.025,0.016,26.000,9.000,0.000,0.977,0.991,1.000,0.994,0.010,0.013,0.004,0.005,29.000,16.000,0.000,0.947,0.956,1.000,0.991,0.006,0.047,0.037,0.007
396,9,2,0.000,0.957,0.988,1.000,0.988,0.017,0.026,0.012,0.000,21,9,0.000,0.961,0.959,1.000,0.986,0.019,0.020,0.025,0.016,26.000,9.000,0.000,0.977,0.991,1.000,0.994,0.010,0.013,0.004,0.005,29.000,16.000,0.000,0.947,0.956,1.000,0.991,0.006,0.047,0.037,0.007
397,9,2,0.000,0.957,0.988,1.000,0.988,0.017,0.026,0.012,0.000,21,9,0.000,0.961,0.959,1.000,0.986,0.019,0.020,0.025,0.016,26.000,9.000,0.000,0.977,0.991,1.000,0.994,0.010,0.013,0.004,0.005,29.000,16.000,0.000,0.947,0.956,1.000,0.991,0.006,0.047,0.037,0.007
398,9,2,0.000,0.957,0.988,1.000,0.988,0.017,0.026,0.012,0.000,21,9,0.000,0.961,0.959,1.000,0.986,0.019,0.020,0.025,0.016,26.000,9.000,0.000,0.977,0.991,1.000,0.994,0.010,0.013,0.004,0.005,29.000,16.000,0.000,0.947,0.956,1.000,0.991,0.006,0.047,0.037,0.007
399,9,2,0.000,0.957,0.988,1.000,0.988,0.017,0.026,0.012,0.000,21,9,0.000,0.961,0.959,1.000,0.986,0.019,0.020,0.025,0.016,26.000,9.000,0.000,0.977,0.991,1.000,0.994,0.010,0.013,0.004,0.005,29.000,16.000,0.000,0.947,0.956,1.000,0.991,0.006,0.047,0.037,0.007
400,9,2,0.000,0.957,0.988,1.000,0.988,0.017,0.026,0.012,0.000,21,9,0.000,0.961,0.959,1.000,0.986,0.019,0.020,0.025,0.016,26.000,9.000,0.000,0.977,0.991,1.000,0.994,0.010,0.013,0.004,0.005,29.000,16.000,0.000,0.947,0.956,1.000,0.991,0.006,0.047,0.037,0.007
401,9,2,0.000,0.957,0.988,1.000,0.988,0.017,0.026,0.012,0.000,21,9,0.000,0.961,0.959,1.000,0.986,0.019,0.020,0.025,0.016,26.000,9.000,0.000,0.977,0.991,1.000,0.994,0.010,0.013,0.004,0.005,29.000,16.000,0.000,0.947,0.956,1.000,0.991,0.006,0.047,0.037,0.007
402,9,2,0.000,0.957,0.988,1.000,0.988,0.017,0.026,0.012,0.000,21,9,0.000,0.961,0.959,1.000,0.986,0.019,0.020,0.025,0.016,26.000,9.000,0.000,0.977,0.991,1.000,0.994,0.010,0.013,0.004,0.005,29.000,16.000,0.000,0.947,0.956,1.000,0.991,0.006,0.047,0.037,0.007
403,9,2,0.000,0.957,0.988,1.000,0.988,0.017,0.026,0.012,0.000,21,9,0.000,0.961,0.959,1.000,0.986,0.019,0.020,0.025,0.016,26.000,9.000,0.000,0.977,0.991,1.000,0.994,0.010,0.013,0.004,0.005,29.000,16.000,0.000,0.947,0.956,1.000,0.991,0.006,0.047,0.037,0.007
404,9,2,0.000,0.957,0.988,1.000,0.988,0.017,0.026,0.012,0.000,21,9,0.000,0.961,0.959,1.000,0.986,0.019,0.020,0.025,0.016,26.000,9.000,0.000,0.977,0.991,1.000,0.994,0.010,0.013,0.004,0.005,29.000,16.000,0.000,0.947,0.956,1.000,0.991,0.006,0.047,0.037,0.007
405,9,2,0.000,0.957,0.988,1.000,0.988,0.017,0.026,0.012,0.000,21,9,0.000,0.961,0.959,1.000,0.986,0.019,0.020,0.025,0.016,26.000,9.000,0.000,0.977,0.991,1.000,0.994,0.010,0.013,0.004,0.005,29.000,16.000,0.000,0.947,0.956,1.000,0.991,0.006,0.047,0.037,0.007
406,9,2,0.000,0.957,0.988,1.000,0.988,0.017,0.026,0.012,0.000,21,9,0.000,0.961,0.959,1.000,0.986,0.019,0.020,0.025,0.016,26.000,9.000,0.000,0.977,0.991,1.000,0.994,0.010,0.013,0.004,0.005,29.000,16.000,0.000,0.947,0.956,1.000,0.991,0.006,0.047,0.037,0.007
407,9,2,0.000,0.957,0.988,1.000,0.988,0.017,0.026,0.012,0.000,21,9,0.000,0.961,0.959,1.000,0.986,0.019,0.020,0.025,0.016,26.000,9.000,0.000,0.977,0.991,1.000,0.994,0.010,0.013,0.004,0.005,29.000,16.000,0.000,0.947,0.956,1.000,0.991,0.006,0.047,0.037,0.007
408,9,2,0.000,0.957,0.988,1.000,0.988,0.017,0.026,0.012,0.000,21,9,0.000,0.961,0.959,1.000,0.986,0.019,0.020,0.025,0.016,26.000,9.000,0.000,0.977,0.991,1.000,0.994,0.010,0.013,0.004,0.005,29.000,16.000,0.000,0.947,0.956,1.000,0.991,0.006,0.047,0.037,0.007
409,9,2,0.000,0.957,0.988,1.000,0.988,0.017,0.026,0.012,0.000,21,9,0.000,0.961,0.959,1.000,0.986,0.019,0.020,0.025,0.016,26.000,9.000,0.000,0.977,0.991,1.000,0.994,0.010,0.013,0.004,0.005,29.000,16.000,0.000,0.947,0.956,1.000,0.991,0.006,0.047,0.037,0.007
410,9,2,0.000,0.957,0.988,1.000,0.988,0.017,0.026,0.012,0.000,21,9,0.000,0.961,0.959,1.000,0.986,0.019,0.020,0.025,0.016,26.000,9.000,0.000,0.977,0.991,1.000,0.994,0.010,0.013,0.004,0.005,29.000,16.000,0.000,0.947,0.956,1.000,0.991,0.006,0.047,0.037,0.007
411,9,2,0.000,0.957,0.988,1.000,0.988,0.017,0.026,0.012,0.000,21,9,0.000,0.961,0.959,1.000,0.986,0.019,0.020,0.025,0.016,26.000,9.000,0.000,0.977,0.991,1.000,0.994,0.010,0.013,0.004,0.005,29.000,16.000,0.000,0.947,0.956,1.000,0.991,0.006,0.047,0.037,0.007
412,9,2,0.000,0.957,0.988,1.000,0.988,0.017,0.026,0.012,0.000,21,9,0.000,0.961,0.959,1.000,0.986,0.019,0.020,0.025,0.016,26.000,9.000,0.000,0.977,0.991,1.000,0.994,0.010,0.013,0.004,0.005,29.000,16.000,0.000,0.947,0.956,1.000,0.991,0.006,0.047,0.037,0.007
413,9,2,0.000,0.957,0.988,1.000,0.988,0.017,0.026,0.012,0.000,21,9,0.000,0.961,0.959,1.000,0.986,0.019,0.020,0.025,0.016,26.000,9.000,0.000,0.977,0.991,1.000,0.994,0.010,0.013,0.004,0.005,29.000,16.000,0.000,0.947,0.956,1.000,0.991,0.006,0.047,0.037,0.007
414,9,2,0.000,0.957,0.988,1.000,0.988,0.017,0.026,0.012,0.000,21,9,0.000,0.961,0.959,1.000,0.986,0.019,0.020,0.025,0.016,26.000,9.000,0.000,0.977,0.991,1.000,0.994,0.010,0.013,0.004,0.005,29.000,16.000,0.000,0.947,0.956,1.000,0.991,0.006,0.047,0.037,0.007
415,9,2,0.000,0.957,0.988,1.000,0.988,0.017,0.026,0.012,0.000,21,9,0.000,0.961,0.959,1.000,0.986,0.019,0.020,0.025,0.016,26.000,9.000,0.000,0.977,0.991,1.000,0.994,0.010,0.013,0.004,0.005,29.000,16.000,0.000,0.947,0.956,1.000,0.991,0.006,0.047,0.037,0.007
416,9,2,0.000,0.957,0.988,1.000,0.988,0.017,0.026,0.012,0.000,21,9,0.000,0.961,0.959,1.000,0.986,0.019,0.020,0.025,0.016,26.000,9.000,0.000,0.977,0.991,1.000,0.994,0.010,0.013,0.004,0.005,29.000,16.000,0.000,0.947,0.956,1.000,0.991,0.006,0.047,0.037,0.007
417,9,2,0.000,0.957,0.988,1.000,0.988,0.017,0.026,0.012,0.000,21,9,0.000,0.961,0.959,1.000,0.986,0.019,0.020,0.025,0.016,26.000,9.000,0.000,0.977,0.991,1.000,0.994,0.010,0.013,0.004,0.005,29.000,16.000,0.000,0.947,0.956,1.000,0.991,0.006,0.047,0.037,0.007
418,9,2,0.000,0.957,0.988,1.000,0.988,0.017,0.026,0.012,0.000,21,9,0.000,0.961,0.959,1.000,0.986,0.019,0.020,0.025,0.016,26.000,9.000,0.000,0.977,0.991,1.000,0.994,0.010,0.013,0.004,0.005,29.000,16.000,0.000,0.947,0.956,1.000,0.991,0.006,0.047,0.037,0.007
419,9,2,0.000,0.957,0.988,1.000,0.988,0.017,0.026,0.012,0.000,21,9,0.000,0.961,0.959,1.000,0.986,0.019,0.020,0.025,0.016,26.000,9.000,0.000,0.977,0.991,1.000,0.994,0.010,0.013,0.004,0.005,29.000,16.000,0.000,0.947,0.956,1.000,0.991,0.006,0.047,0.037,0.007
420,9,2,0.000,0.957,0.988,1.000,0.988,0.017,0.026,0.012,0.000,21,9,0.000,0.961,0.959,1.000,0.986,0.019,0.020,0.025,0.016,26.000,9.000,0.000,0.977,0.991,1.000,0.994,0.010,0.013,0.004,0.005,29.000,16.000,0.000,0.947,0.956,1.000,0.991,0.006,0.047,0.037,0.007
421,9,2,0.000,0.957,0.988,1.000,0.988,0.017,0.026,0.012,0.000,21,9,0.000,0.961,0.959,1.000,0.986,0.019,0.020,0.025,0.016,26.000,9.000,0.000,0.977,0.991,1.000,0.994,0.010,0.013,0.004,0.005,29.000,16.000,0.000,0.947,0.956,1.000,0.991,0.006,0.047,0.037,0.007
422,9,2,0.000,0.957,0.988,1.000,0.988,0.017,0.026,0.012,0.000,21,9,0.000,0.961,0.959,1.000,0.986,0.019,0.020,0.025,0.016,26.000,9.000,0.000,0.977,0.991,1.000,0.994,0.010,0.013,0.004,0.005,29.000,16.000,0.000,0.947,0.956,1.000,0.991,0.006,0.047,0.037,0.007
423,9,2,0.000,0.957,0.988,1.000,0.988,0.017,0.026,0.012,0.000,21,9,0.000,0.961,0.959,1.000,0.986,0.019,0.020,0.025,0.016,26.000,9.000,0.000,0.977,0.991,1.000,0.994,0.010,0.013,0.004,0.005,29.000,16.000,0.000,0.947,0.956,1.000,0.991,0.006,0.047,0.037,0.007
424,9,2,0.000,0.957,0.988,1.000,0.988,0.017,0.026,0.012,0.000,21,9,0.000,0.961,0.959,1.000,0.986,0.019,0.020,0.025,0.016,26.000,9.000,0.000,0.977,0.991,1.000,0.994,0.010,0.013,0.004,0.005,29.000,16.000,0.000,0.947,0.956,1.000,0.991,0.006,0.047,0.037,0.007
425,9,2,0.000,0.957,0.988,1.000,0.988,0.017,0.026,0.012,0.000,21,9,0.000,0.961,0.959,1.000,0.986,0.019,0.020,0.025,0.016,26.000,9.000,0.000,0.977,0.991,1.000,0.994,0.010,0.013,0.004,0.005,29.000,16.000,0.000,0.947,0.956,1.000,0.991,0.006,0.047,0.037,0.007
426,9,2,0.000,0.957,0.988,1.000,0.988,0.017,0.026,0.012,0.000,21,9,0.000,0.961,0.959,1.000,0.986,0.019,0.020,0.025,0.016,26.000,9.000,0.000,0.977,0.991,1.000,0.994,0.010,0.013,0.004,0.005,29.000,16.000,0.000,0.947,0.956,1.000,0.991,0.006,0.047,0.037,0.007
427,9,2,0.000,0.957,0.988,1.000,0.988,0.017,0.026,0.012,0.000,21,9,0.000,0.961,0.959,1.000,0.986,0.019,0.020,0.025,0.016,26.000,9.000,0.000,0.977,0.991,1.000,0.994,0.010,0.013,0.004,0.005,29.000,16.000,0.000,0.947,0.956,1.000,0.991,0.006,0.047,0.037,0.007
428,9,2,0.000,0.957,0.988,1.000,0.988,0.017,0.026,0.012,0.000,21,9,0.000,0.961,0.959,1.000,0.986,0.019,0.020,0.025,0.016,26.000,9.000,0.000,0.977,0.991,1.000,0.994,0.010,0.013,0.004,0.005,29.000,16.000,0.000,0.947,0.956,1.000,0.991,0.006,0.047,0.037,0.007
429,9,2,0.000,0.957,0.988,1.000,0.988,0.017,0.026,0.012,0.000,21,9,0.000,0.961,0.959,1.000,0.986,0.019,0.020,0.025,0.016,26.000,9.000,0.000,0.977,0.991,1.000,0.994,0.010,0.013,0.004,0.005,29.000,16.000,0.000,0.947,0.956,1.000,0.991,0.006,0.047,0.037,0.007
430,9,2,0.000,0.957,0.988,1.000,0.988,0.017,0.026,0.012,0.000,21,9,0.000,0.961,0.959,1.000,0.986,0.019,0.020,0.025,0.016,26.000,9.000,0.000,0.977,0.991,1.000,0.994,0.010,0.013,0.004,0.005,29.000,16.000,0.000,0.947,0.956,1.000,0.991,0.006,0.047,0.037,0.007
431,9,2,0.000,0.957,0.988,1.000,0.988,0.017,0.026,0.012,0.000,21,9,0.000,0.961,0.959,1.000,0.986,0.019,0.020,0.025,0.016,26.000,9.000,0.000,0.977,0.991,1.000,0.994,0.010,0.013,0.004,0.005,29.000,16.000,0.000,0.947,0.956,1.000,0.991,0.006,0.047,0.037,0.007
432,9,2,0.000,0.957,0.988,1.000,0.988,0.017,0.026,0.012,0.000,21,9,0.000,0.961,0.959,1.000,0.986,0.019,0.020,0.025,0.016,26.000,9.000,0.000,0.977,0.991,1.000,0.994,0.010,0.013,0.004,0.005,29.000,16.000,0.000,0.947,0.956,1.000,0.991,0.006,0.047,0.037,0.007
433,9,2,0.000,0.957,0.988,1.000,0.988,0.017,0.026,0.012,0.000,21,9,0.000,0.961,0.959,1.000,0.986,0.019,0.020,0.025,0.016,26.000,9.000,0.000,0.977,0.991,1.000,0.994,0.010,0.013,0.004,0.005,29.000,16.000,0.000,0.947,0.956,1.000,0.991,0.006,0.047,0.037,0.007
434,9,2,0.000,0.957,0.988,1.000,0.988,0.017,0.026,0.012,0.000,21,9,0.000,0.961,0.959,1.000,0.986,0.019,0.020,0.025,0.016,26.000,9.000,0.000,0.977,0.991,1.000,0.994,0.010,0.013,0.004,0.005,29.000,16.000,0.000,0.947,0.956,1.000,0.991,0.006,0.047,0.037,0.007
435,9,2,0.000,0.957,0.988,1.000,0.988,0.017,0.026,0.012,0.000,21,9,0.000,0.961,0.959,1.000,0.986,0.019,0.020,0.025,0.016,26.000,9.000,0.000,0.977,0.991,1.000,0.994,0.010,0.013,0.004,0.005,29.000,16.000,0.000,0.947,0.956,1.000,0.991,0.006,0.047,0.037,0.007
436,9,2,0.000,0.957,0.988,1.000,0.988,0.017,0.026,0.012,0.000,21,9,0.000,0.961,0.959,1.000,0.986,0.019,0.020,0.025,0.016,26.000,9.000,0.000,0.977,0.991,1.000,0.994,0.010,0.013,0.004,0.005,29.000,16.000,0.000,0.947,0.956,1.000,0.991,0.006,0.047,0.037,0.007
437,9,2,0.000,0.957,0.988,1.000,0.988,0.017,0.026,0.012,0.000,21,9,0.000,0.961,0.959,1.000,0.986,0.019,0.020,0.025,0.016,26.000,9.000,0.000,0.977,0.991,1.000,0.994,0.010,0.013,0.004,0.005,29.000,16.000,0.000,0.947,0.956,1.000,0.991,0.006,0.047,0.037,0.007
438,9,2,0.000,0.957,0.988,1.000,0.988,0.017,0.026,0.012,0.000,21,9,0.000,0.961,0.959,1.000,0.986,0.019,0.020,0.025,0.016,26.000,9.000,0.000,0.977,0.991,1.000,0.994,0.010,0.013,0.004,0.005,29.000,16.000,0.000,0.947,0.956,1.000,0.991,0.006,0.047,0.037,0.007
439,9,2,0.000,0.957,0.988,1.000,0.988,0.017,0.026,0.012,0.000,21,9,0.000,0.961,0.959,1.000,0.986,0.019,0.020,0.025,0.016,26.000,9.000,0.000,0.977,0.991,1.000,0.994,0.010,0.013,0.004,0.005,29.000,16.000,0.000,0.947,0.956,1.000,0.991,0.006,0.047,0.037,0.007
440,9,2,0.000,0.957,0.988,1.000,0.988,0.017,0.026,0.012,0.000,21,9,0.000,0.961,0.959,1.000,0.986,0.019,0.020,0.025,0.016,26.000,9.000,0.000,0.977,0.991,1.000,0.994,0.010,0.013,0.004,0.005,29.000,16.000,0.000,0.947,0.956,1.000,0.991,0.006,0.047,0.037,0.007
441,9,2,0.000,0.957,0.988,1.000,0.988,0.017,0.026,0.012,0.000,21,9,0.000,0.961,0.959,1.000,0.986,0.019,0.020,0.025,0.016,26.000,9.000,0.000,0.977,0.991,1.000,0.994,0.010,0.013,0.004,0.005,29.000,16.000,0.000,0.947,0.956,1.000,0.991,0.006,0.047,0.037,0.007
442,9,2,0.000,0.957,0.988,1.000,0.988,0.017,0.026,0.012,0.000,21,9,0.000,0.961,0.959,1.000,0.986,0.019,0.020,0.025,0.016,26.000,9.000,0.000,0.977,0.991,1.000,0.994,0.010,0.013,0.004,0.005,29.000,16.000,0.000,0.947,0.956,1.000,0.991,0.006,0.047,0.037,0.007
443,9,2,0.000,0.957,0.988,1.000,0.988,0.017,0.026,0.012,0.000,21,9,0.000,0.961,0.959,1.000,0.986,0.019,0.020,0.025,0.016,26.000,9.000,0.000,0.977,0.991,1.000,0.994,0.010,0.013,0.004,0.005,29.000,16.000,0.000,0.947,0.956,1.000,0.991,0.006,0.047,0.037,0.007
444,9,2,0.000,0.957,0.988,1.000,0.988,0.017,0.026,0.012,0.000,21,9,0.000,0.961,0.959,1.000,0.986,0.019,0.020,0.025,0.016,26.000,9.000,0.000,0.977,0.991,1.000,0.994,0.010,0.013,0.004,0.005,29.000,16.000,0.000,0.947,0.956,1.000,0.991,0.006,0.047,0.037,0.007
445,9,2,0.000,0.957,0.988,1.000,0.988,0.017,0.026,0.012,0.000,21,9,0.000,0.961,0.959,1.000,0.986,0.019,0.020,0.025,0.016,26.000,9.000,0.000,0.977,0.991,1.000,0.994,0.010,0.013,0.004,0.005,29.000,16.000,0.000,0.947,0.956,1.000,0.991,0.006,0.047,0.037,0.007
446,9,2,0.000,0.957,0.988,1.000,0.988,0.017,0.026,0.012,0.000,21,9,0.000,0.961,0.959,1.000,0.986,0.019,0.020,0.025,0.016,26.000,9.000,0.000,0.977,0.991,1.000,0.994,0.010,0.013,0.004,0.005,29.000,16.000,0.000,0.947,0.956,1.000,0.991,0.006,0.047,0.037,0.007
447,9,2,0.000,0.957,0.988,1.000,0.988,0.017,0.026,0.012,0.000,21,9,0.000,0.961,0.959,1.000,0.986,0.019,0.020,0.025,0.016,26.000,9.000,0.000,0.977,0.991,1.000,0.994,0.010,0.013,0.004,0.005,29.000,16.000,0.000,0.947,0.956,1.000,0.991,0.006,0.047,0.037,0.007
448,9,2,0.000,0.957,0.988,1.000,0.988,0.017,0.026,0.012,0.000,21,9,0.000,0.961,0.959,1.000,0.986,0.019,0.020,0.025,0.016,26.000,9.000,0.000,0.977,0.991,1.000,0.994,0.010,0.013,0.004,0.005,29.000,16.000,0.000,0.947,0.956,1.000,0.991,0.006,0.047,0.037,0.007
449,9,2,0.000,0.957,0.988,1.000,0.988,0.017,0.026,0.012,0.000,21,9,0.000,0.961,0.959,1.000,0.986,0.019,0.020,0.025,0.016,26.000,9.000,0.000,0.977,0.991,1.000,0.994,0.010,0.013,0.004,0.005,29.000,16.000,0.000,0.947,0.956,1.000,0.991,0.006,0.047,0.037,0.007
450,9,2,0.000,0.957,0.988,1.000,0.988,0.017,0.026,0.012,0.000,21,9,0.000,0.961,0.959,1.000,0.986,0.019,0.020,0.025,0.016,26.000,9.000,0.000,0.977,0.991,1.000,0.994,0.010,0.013,0.004,0.005,29.000,16.000,0.000,0.947,0.956,1.000,0.991,0.006,0.047,0.037,0.007
451,9,2,0.000,0.957,0.988,1.000,0.988,0.017,0.026,0.012,0.000,21,9,0.000,0.961,0.959,1.000,0.986,0.019,0.020,0.025,0.016,26.000,9.000,0.000,0.977,0.991,1.000,0.994,0.010,0.013,0.004,0.005,29.000,16.000,0.000,0.947,0.956,1.000,0.991,0.006,0.047,0.037,0.007
452,9,2,0.000,0.957,0.988,1.000,0.988,0.017,0.026,0.012,0.000,21,9,0.000,0.961,0.959,1.000,0.986,0.019,0.020,0.025,0.016,26.000,9.000,0.000,0.977,0.991,1.000,0.994,0.010,0.013,0.004,0.005,29.000,16.000,0.000,0.947,0.956,1.000,0.991,0.006,0.047,0.037,0.007
453,9,2,0.000,0.957,0.988,1.000,0.988,0.017,0.026,0.012,0.000,21,9,0.000,0.961,0.959,1.000,0.986,0.019,0.020,0.025,0.016,26.000,9.000,0.000,0.977,0.991,1.000,0.994,0.010,0.013,0.004,0.005,29.000,16.000,0.000,0.947,0.956,1.000,0.991,0.006,0.047,0.037,0.007
454,9,2,0.000,0.957,0.988,1.000,0.988,0.017,0.026,0.012,0.000,21,9,0.000,0.961,0.959,1.000,0.986,0.019,0.020,0.025,0.016,26.000,9.000,0.000,0.977,0.991,1.000,0.994,0.010,0.013,0.004,0.005,29.000,16.000,0.000,0.947,0.956,1.000,0.991,0.006,0.047,0.037,0.007
455,9,2,0.000,0.957,0.988,1.000,0.988,0.017,0.026,0.012,0.000,21,9,0.000,0.961,0.959,1.000,0.986,0.019,0.020,0.025,0.016,26.000,9.000,0.000,0.977,0.991,1.000,0.994,0.010,0.013,0.004,0.005,29.000,16.000,0.000,0.947,0.956,1.000,0.991,0.006,0.047,0.037,0.007
456,9,2,0.000,0.957,0.988,1.000,0.988,0.017,0.026,0.012,0.000,21,9,0.000,0.961,0.959,1.000,0.986,0.019,0.020,0.025,0.016,26.000,9.000,0.000,0.977,0.991,1.000,0.994,0.010,0.013,0.004,0.005,29.000,16.000,0.000,0.947,0.956,1.000,0.991,0.006,0.047,0.037,0.007
457,9,2,0.000,0.957,0.988,1.000,0.988,0.017,0.026,0.012,0.000,21,9,0.000,0.961,0.959,1.000,0.986,0.019,0.020,0.025,0.016,26.000,9.000,0.000,0.977,0.991,1.000,0.994,0.010,0.013,0.004,0.005,29.000,16.000,0.000,0.947,0.956,1.000,0.991,0.006,0.047,0.037,0.007
458,9,2,0.000,0.957,0.988,1.000,0.988,0.017,0.026,0.012,0.000,21,9,0.000,0.961,0.959,1.000,0.986,0.019,0.020,0.025,0.016,26.000,9.000,0.000,0.977,0.991,1.000,0.994,0.010,0.013,0.004,0.005,29.000,16.000,0.000,0.947,0.956,1.000,0.991,0.006,0.047,0.037,0.007
459,9,2,0.000,0.957,0.988,1.000,0.988,0.017,0.026,0.012,0.000,21,9,0.000,0.961,0.959,1.000,0.986,0.019,0.020,0.025,0.016,26.000,9.000,0.000,0.977,0.991,1.000,0.994,0.010,0.013,0.004,0.005,29.000,16.000,0.000,0.947,0.956,1.000,0.991,0.006,0.047,0.037,0.007
460,9,2,0.000,0.957,0.988,1.000,0.988,0.017,0.026,0.012,0.000,21,9,0.000,0.961,0.959,1.000,0.986,0.019,0.020,0.025,0.016,26.000,9.000,0.000,0.977,0.991,1.000,0.994,0.010,0.013,0.004,0.005,29.000,16.000,0.000,0.947,0.956,1.000,0.991,0.006,0.047,0.037,0.007
461,9,2,0.000,0.957,0.988,1.000,0.988,0.017,0.026,0.012,0.000,21,9,0.000,0.961,0.959,1.000,0.986,0.019,0.020,0.025,0.016,26.000,9.000,0.000,0.977,0.991,1.000,0.994,0.010,0.013,0.004,0.005,29.000,16.000,0.000,0.947,0.956,1.000,0.991,0.006,0.047,0.037,0.007
462,9,2,0.000,0.957,0.988,1.000,0.988,0.017,0.026,0.012,0.000,21,9,0.000,0.961,0.959,1.000,0.986,0.019,0.020,0.025,0.016,26.000,9.000,0.000,0.977,0.991,1.000,0.994,0.010,0.013,0.004,0.005,29.000,16.000,0.000,0.947,0.956,1.000,0.991,0.006,0.047,0.037,0.007
463,9,2,0.000,0.957,0.988,1.000,0.988,0.017,0.026,0.012,0.000,21,9,0.000,0.961,0.959,1.000,0.986,0.019,0.020,0.025,0.016,26.000,9.000,0.000,0.977,0.991,1.000,0.994,0.010,0.013,0.004,0.005,29.000,16.000,0.000,0.947,0.956,1.000,0.991,0.006,0.047,0.037,0.007
464,9,2,0.000,0.957,0.988,1.000,0.988,0.017,0.026,0.012,0.000,21,9,0.000,0.961,0.959,1.000,0.986,0.019,0.020,0.025,0.016,26.000,9.000,0.000,0.977,0.991,1.000,0.994,0.010,0.013,0.004,0.005,29.000,16.000,0.000,0.947,0.956,1.000,0.991,0.006,0.047,0.037,0.007
465,9,2,0.000,0.957,0.988,1.000,0.988,0.017,0.026,0.012,0.000,21,9,0.000,0.961,0.959,1.000,0.986,0.019,0.020,0.025,0.016,26.000,9.000,0.000,0.977,0.991,1.000,0.994,0.010,0.013,0.004,0.005,29.000,16.000,0.000,0.947,0.956,1.000,0.991,0.006,0.047,0.037,0.007
466,9,2,0.000,0.957,0.988,1.000,0.988,0.017,0.026,0.012,0.000,21,9,0.000,0.961,0.959,1.000,0.986,0.019,0.020,0.025,0.016,26.000,9.000,0.000,0.977,0.991,1.000,0.994,0.010,0.013,0.004,0.005,29.000,16.000,0.000,0.947,0.956,1.000,0.991,0.006,0.047,0.037,0.007
467,9,2,0.000,0.957,0.988,1.000,0.988,0.017,0.026,0.012,0.000,21,9,0.000,0.961,0.959,1.000,0.986,0.019,0.020,0.025,0.016,26.000,9.000,0.000,0.977,0.991,1.000,0.994,0.010,0.013,0.004,0.005,29.000,16.000,0.000,0.947,0.956,1.000,0.991,0.006,0.047,0.037,0.007
468,9,2,0.000,0.957,0.988,1.000,0.988,0.017,0.026,0.012,0.000,21,9,0.000,0.961,0.959,1.000,0.986,0.019,0.020,0.025,0.016,26.000,9.000,0.000,0.977,0.991,1.000,0.994,0.010,0.013,0.004,0.005,29.000,16.000,0.000,0.947,0.956,1.000,0.991,0.006,0.047,0.037,0.007
469,9,2,0.000,0.957,0.988,1.000,0.988,0.017,0.026,0.012,0.000,21,9,0.000,0.961,0.959,1.000,0.986,0.019,0.020,0.025,0.016,26.000,9.000,0.000,0.977,0.991,1.000,0.994,0.010,0.013,0.004,0.005,29.000,16.000,0.000,0.947,0.956,1.000,0.991,0.006,0.047,0.037,0.007
470,9,2,0.000,0.957,0.988,1.000,0.988,0.017,0.026,0.012,0.000,21,9,0.000,0.961,0.959,1.000,0.986,0.019,0.020,0.025,0.016,26.000,9.000,0.000,0.977,0.991,1.000,0.994,0.010,0.013,0.004,0.005,29.000,16.000,0.000,0.947,0.956,1.000,0.991,0.006,0.047,0.037,0.007
471,9,2,0.000,0.957,0.988,1.000,0.988,0.017,0.026,0.012,0.000,21,9,0.000,0.961,0.959,1.000,0.986,0.019,0.020,0.025,0.016,26.000,9.000,0.000,0.977,0.991,1.000,0.994,0.010,0.013,0.004,0.005,29.000,16.000,0.000,0.947,0.956,1.000,0.991,0.006,0.047,0.037,0.007
472,9,2,0.000,0.957,0.988,1.000,0.988,0.017,0.026,0.012,0.000,21,9,0.000,0.961,0.959,1.000,0.986,0.019,0.020,0.025,0.016,26.000,9.000,0.000,0.977,0.991,1.000,0.994,0.010,0.013,0.004,0.005,29.000,16.000,0.000,0.947,0.956,1.000,0.991,0.006,0.047,0.037,0.007
473,9,2,0.000,0.957,0.988,1.000,0.988,0.017,0.026,0.012,0.000,21,9,0.000,0.961,0.959,1.000,0.986,0.019,0.020,0.025,0.016,26.000,9.000,0.000,0.977,0.991,1.000,0.994,0.010,0.013,0.004,0.005,29.000,16.000,0.000,0.947,0.956,1.000,0.991,0.006,0.047,0.037,0.007
474,9,2,0.000,0.957,0.988,1.000,0.988,0.017,0.026,0.012,0.000,21,9,0.000,0.961,0.959,1.000,0.986,0.019,0.020,0.025,0.016,26.000,9.000,0.000,0.977,0.991,1.000,0.994,0.010,0.013,0.004,0.005,29.000,16.000,0.000,0.947,0.956,1.000,0.991,0.006,0.047,0.037,0.007
475,9,2,0.000,0.957,0.988,1.000,0.988,0.017,0.026,0.012,0.000,21,9,0.000,0.961,0.959,1.000,0.986,0.019,0.020,0.025,0.016,26.000,9.000,0.000,0.977,0.991,1.000,0.994,0.010,0.013,0.004,0.005,29.000,16.000,0.000,0.947,0.956,1.000,0.991,0.006,0.047,0.037,0.007
476,9,2,0.000,0.957,0.988,1.000,0.988,0.017,0.026,0.012,0.000,21,9,0.000,0.961,0.959,1.000,0.986,0.019,0.020,0.025,0.016,26.000,9.000,0.000,0.977,0.991,1.000,0.994,0.010,0.013,0.004,0.005,29.000,16.000,0.000,0.947,0.956,1.000,0.991,0.006,0.047,0.037,0.007
477,9,2,0.000,0.957,0.988,1.000,0.988,0.017,0.026,0.012,0.000,21,9,0.000,0.961,0.959,1.000,0.986,0.019,0.020,0.025,0.016,26.000,9.000,0.000,0.977,0.991,1.000,0.994,0.010,0.013,0.004,0.005,29.000,16.000,0.000,0.947,0.956,1.000,0.991,0.006,0.047,0.037,0.007
478,9,2,0.000,0.957,0.988,1.000,0.988,0.017,0.026,0.012,0.000,21,9,0.000,0.961,0.959,1.000,0.986,0.019,0.020,0.025,0.016,26.000,9.000,0.000,0.977,0.991,1.000,0.994,0.010,0.013,0.004,0.005,29.000,16.000,0.000,0.947,0.956,1.000,0.991,0.006,0.047,0.037,0.007
479,9,2,0.000,0.957,0.988,1.000,0.988,0.017,0.026,0.012,0.000,21,9,0.000,0.961,0.959,1.000,0.986,0.019,0.020,0.025,0.016,26.000,9.000,0.000,0.977,0.991,1.000,0.994,0.010,0.013,0.004,0.005,29.000,16.000,0.000,0.947,0.956,1.000,0.991,0.006,0.047,0.037,0.007
480,9,2,0.000,0.957,0.988,1.000,0.988,0.017,0.026,0.012,0.000,21,9,0.000,0.961,0.959,1.000,0.986,0.019,0.020,0.025,0.016,26.000,9.000,0.000,0.977,0.991,1.000,0.994,0.010,0.013,0.004,0.005,29.000,16.000,0.000,0.947,0.956,1.000,0.991,0.006,0.047,0.037,0.007
481,9,2,0.000,0.957,0.988,1.000,0.988,0.017,0.026,0.012,0.000,21,9,0.000,0.961,0.959,1.000,0.986,0.019,0.020,0.025,0.016,26.000,9.000,0.000,0.977,0.991,1.000,0.994,0.010,0.013,0.004,0.005,29.000,16.000,0.000,0.947,0.956,1.000,0.991,0.006,0.047,0.037,0.007
482,9,2,0.000,0.957,0.988,1.000,0.988,0.017,0.026,0.012,0.000,21,9,0.000,0.961,0.959,1.000,0.986,0.019,0.020,0.025,0.016,26.000,9.000,0.000,0.977,0.991,1.000,0.994,0.010,0.013,0.004,0.005,29.000,16.000,0.000,0.947,0.956,1.000,0.991,0.006,0.047,0.037,0.007
483,9,2,0.000,0.957,0.988,1.000,0.988,0.017,0.026,0.012,0.000,21,9,0.000,0.961,0.959,1.000,0.986,0.019,0.020,0.025,0.016,26.000,9.000,0.000,0.977,0.991,1.000,0.994,0.010,0.013,0.004,0.005,29.000,16.000,0.000,0.947,0.956,1.000,0.991,0.006,0.047,0.037,0.007
484,9,2,0.000,0.957,0.988,1.000,0.988,0.017,0.026,0.012,0.000,21,9,0.000,0.961,0.959,1.000,0.986,0.019,0.020,0.025,0.016,26.000,9.000,0.000,0.977,0.991,1.000,0.994,0.010,0.013,0.004,0.005,29.000,16.000,0.000,0.947,0.956,1.000,0.991,0.006,0.047,0.037,0.007
485,9,2,0.000,0.957,0.988,1.000,0.988,0.017,0.026,0.012,0.000,21,9,0.000,0.961,0.959,1.000,0.986,0.019,0.020,0.025,0.016,26.000,9.000,0.000,0.977,0.991,1.000,0.994,0.010,0.013,0.004,0.005,29.000,16.000,0.000,0.947,0.956,1.000,0.991,0.006,0.047,0.037,0.007
486,9,2,0.000,0.957,0.988,1.000,0.988,0.017,0.026,0.012,0.000,21,9,0.000,0.961,0.959,1.000,0.986,0.019,0.020,0.025,0.016,26.000,9.000,0.000,0.977,0.991,1.000,0.994,0.010,0.013,0.004,0.005,29.000,16.000,0.000,0.947,0.956,1.000,0.991,0.006,0.047,0.037,0.007
487,9,2,0.000,0.957,0.988,1.000,0.988,0.017,0.026,0.012,0.000,21,9,0.000,0.961,0.959,1.000,0.986,0.019,0.020,0.025,0.016,26.000,9.000,0.000,0.977,0.991,1.000,0.994,0.010,0.013,0.004,0.005,29.000,16.000,0.000,0.947,0.956,1.000,0.991,0.006,0.047,0.037,0.007
488,9,2,0.000,0.957,0.988,1.000,0.988,0.017,0.026,0.012,0.000,21,9,0.000,0.961,0.959,1.000,0.986,0.019,0.020,0.025,0.016,26.000,9.000,0.000,0.977,0.991,1.000,0.994,0.010,0.013,0.004,0.005,29.000,16.000,0.000,0.947,0.956,1.000,0.991,0.006,0.047,0.037,0.007
489,9,2,0.000,0.957,0.988,1.000,0.988,0.017,0.026,0.012,0.000,21,9,0.000,0.961,0.959,1.000,0.986,0.019,0.020,0.025,0.016,26.000,9.000,0.000,0.977,0.991,1.000,0.994,0.010,0.013,0.004,0.005,29.000,16.000,0.000,0.947,0.956,1.000,0.991,0.006,0.047,0.037,0.007
490,9,2,0.000,0.957,0.988,1.000,0.988,0.017,0.026,0.012,0.000,21,9,0.000,0.961,0.959,1.000,0.986,0.019,0.020,0.025,0.016,26.000,9.000,0.000,0.977,0.991,1.000,0.994,0.010,0.013,0.004,0.005,29.000,16.000,0.000,0.947,0.956,1.000,0.991,0.006,0.047,0.037,0.007
491,9,2,0.000,0.957,0.988,1.000,0.988,0.017,0.026,0.012,0.000,21,9,0.000,0.961,0.959,1.000,0.986,0.019,0.020,0.025,0.016,26.000,9.000,0.000,0.977,0.991,1.000,0.994,0.010,0.013,0.004,0.005,29.000,16.000,0.000,0.947,0.956,1.000,0.991,0.006,0.047,0.037,0.007
492,9,2,0.000,0.957,0.988,1.000,0.988,0.017,0.026,0.012,0.000,21,9,0.000,0.961,0.959,1.000,0.986,0.019,0.020,0.025,0.016,26.000,9.000,0.000,0.977,0.991,1.000,0.994,0.010,0.013,0.004,0.005,29.000,16.000,0.000,0.947,0.956,1.000,0.991,0.006,0.047,0.037,0.007
493,9,2,0.000,0.957,0.988,1.000,0.988,0.017,0.026,0.012,0.000,21,9,0.000,0.961,0.959,1.000,0.986,0.019,0.020,0.025,0.016,26.000,9.000,0.000,0.977,0.991,1.000,0.994,0.010,0.013,0.004,0.005,29.000,16.000,0.000,0.947,0.956,1.000,0.991,0.006,0.047,0.037,0.007
494,9,2,0.000,0.957,0.988,1.000,0.988,0.017,0.026,0.012,0.000,21,9,0.000,0.961,0.959,1.000,0.986,0.019,0.020,0.025,0.016,26.000,9.000,0.000,0.977,0.991,1.000,0.994,0.010,0.013,0.004,0.005,29.000,16.000,0.000,0.947,0.956,1.000,0.991,0.006,0.047,0.037,0.007
495,9,2,0.000,0.957,0.988,1.000,0.988,0.017,0.026,0.012,0.000,21,9,0.000,0.961,0.959,1.000,0.986,0.019,0.020,0.025,0.016,26.000,9.000,0.000,0.977,0.991,1.000,0.994,0.010,0.013,0.004,0.005,29.000,16.000,0.000,0.947,0.956,1.000,0.991,0.006,0.047,0.037,0.007
496,9,2,0.000,0.957,0.988,1.000,0.988,0.017,0.026,0.012,0.000,21,9,0.000,0.961,0.959,1.000,0.986,0.019,0.020,0.025,0.016,26.000,9.000,0.000,0.977,0.991,1.000,0.994,0.010,0.013,0.004,0.005,29.000,16.000,0.000,0.947,0.956,1.000,0.991,0.006,0.047,0.037,0.007
497,9,2,0.000,0.957,0.988,1.000,0.988,0.017,0.026,0.012,0.000,21,9,0.000,0.961,0.959,1.000,0.986,0.019,0.020,0.025,0.016,26.000,9.000,0.000,0.977,0.991,1.000,0.994,0.010,0.013,0.004,0.005,29.000,16.000,0.000,0.947,0.956,1.000,0.991,0.006,0.047,0.037,0.007
498,9,2,0.000,0.957,0.988,1.000,0.988,0.017,0.026,0.012,0.000,21,9,0.000,0.961,0.959,1.000,0.986,0.019,0.020,0.025,0.016,26.000,9.000,0.000,0.977,0.991,1.000,0.994,0.010,0.013,0.004,0.005,29.000,16.000,0.000,0.947,0.956,1.000,0.991,0.006,0.047,0.037,0.007
499,9,2,0.000,0.957,0.988,1.000,0.988,0.017,0.026,0.012,0.000,21,9,0.000,0.961,0.959,1.000,0.986,0.019,0.020,0.025,0.016,26.000,9.000,0.000,0.977,0.991,1.000,0.994,0.010,0.013,0.004,0.005,29.000,16.000,0.000,0.947,0.956,1.000,0.991,0.006,0.047,0.037,0.007
500,9,2,0.000,0.957,0.988,1.000,0.988,0.017,0.026,0.012,0.000,21,9,0.000,0.961,0.959,1.000,0.986,0.019,0.020,0.025,0.016,26.000,9.000,0.000,0.977,0.991,1.000,0.994,0.010,0.013,0.004,0.005,29.000,16.000,0.000,0.947,0.956,1.000,0.991,0.006,0.047,0.037,0.007
501,9,2,0.000,0.957,0.988,1.000,0.988,0.017,0.026,0.012,0.000,21,9,0.000,0.961,0.959,1.000,0.986,0.019,0.020,0.025,0.016,26.000,9.000,0.000,0.977,0.991,1.000,0.994,0.010,0.013,0.004,0.005,29.000,16.000,0.000,0.947,0.956,1.000,0.991,0.006,0.047,0.037,0.007
502,9,2,0.000,0.957,0.988,1.000,0.988,0.017,0.026,0.012,0.000,21,9,0.000,0.961,0.959,1.000,0.986,0.019,0.020,0.025,0.016,26.000,9.000,0.000,0.977,0.991,1.000,0.994,0.010,0.013,0.004,0.005,29.000,16.000,0.000,0.947,0.956,1.000,0.991,0.006,0.047,0.037,0.007
503,9,2,0.000,0.957,0.988,1.000,0.988,0.017,0.026,0.012,0.000,21,9,0.000,0.961,0.959,1.000,0.986,0.019,0.020,0.025,0.016,26.000,9.000,0.000,0.977,0.991,1.000,0.994,0.010,0.013,0.004,0.005,29.000,16.000,0.000,0.947,0.956,1.000,0.991,0.006,0.047,0.037,0.007
504,9,2,0.000,0.957,0.988,1.000,0.988,0.017,0.026,0.012,0.000,21,9,0.000,0.961,0.959,1.000,0.986,0.019,0.020,0.025,0.016,26.000,9.000,0.000,0.977,0.991,1.000,0.994,0.010,0.013,0.004,0.005,29.000,16.000,0.000,0.947,0.956,1.000,0.991,0.006,0.047,0.037,0.007
505,9,2,0.000,0.957,0.988,1.000,0.988,0.017,0.026,0.012,0.000,21,9,0.000,0.961,0.959,1.000,0.986,0.019,0.020,0.025,0.016,26.000,9.000,0.000,0.977,0.991,1.000,0.994,0.010,0.013,0.004,0.005,29.000,16.000,0.000,0.947,0.956,1.000,0.991,0.006,0.047,0.037,0.007
506,9,2,0.000,0.957,0.988,1.000,0.988,0.017,0.026,0.012,0.000,21,9,0.000,0.961,0.959,1.000,0.986,0.019,0.020,0.025,0.016,26.000,9.000,0.000,0.977,0.991,1.000,0.994,0.010,0.013,0.004,0.005,29.000,16.000,0.000,0.947,0.956,1.000,0.991,0.006,0.047,0.037,0.007
507,9,2,0.000,0.957,0.988,1.000,0.988,0.017,0.026,0.012,0.000,21,9,0.000,0.961,0.959,1.000,0.986,0.019,0.020,0.025,0.016,26.000,9.000,0.000,0.977,0.991,1.000,0.994,0.010,0.013,0.004,0.005,29.000,16.000,0.000,0.947,0.956,1.000,0.991,0.006,0.047,0.037,0.007
508,9,2,0.000,0.957,0.988,1.000,0.988,0.017,0.026,0.012,0.000,21,9,0.000,0.961,0.959,1.000,0.986,0.019,0.020,0.025,0.016,26.000,9.000,0.000,0.977,0.991,1.000,0.994,0.010,0.013,0.004,0.005,29.000,16.000,0.000,0.947,0.956,1.000,0.991,0.006,0.047,0.037,0.007
509,9,2,0.000,0.957,0.988,1.000,0.988,0.017,0.026,0.012,0.000,21,9,0.000,0.961,0.959,1.000,0.986,0.019,0.020,0.025,0.016,26.000,9.000,0.000,0.977,0.991,1.000,0.994,0.010,0.013,0.004,0.005,29.000,16.000,0.000,0.947,0.956,1.000,0.991,0.006,0.047,0.037,0.007
510,9,2,0.000,0.957,0.988,1.000,0.988,0.017,0.026,0.012,0.000,21,9,0.000,0.961,0.959,1.000,0.986,0.019,0.020,0.025,0.016,26.000,9.000,0.000,0.977,0.991,1.000,0.994,0.010,0.013,0.004,0.005,29.000,16.000,0.000,0.947,0.956,1.000,0.991,0.006,0.047,0.037,0.007
511,9,2,0.000,0.957,0.988,1.000,0.988,0.017,0.026,0.012,0.000,21,9,0.000,0.961,0.959,1.000,0.986,0.019,0.020,0.025,0.016,26.000,9.000,0.000,0.977,0.991,1.000,0.994,0.010,0.013,0.004,0.005,29.000,16.000,0.000,0.947,0.956,1.000,0.991,0.006,0.047,0.037,0.007
512,9,2,0.000,0.957,0.988,1.000,0.988,0.017,0.026,0.012,0.000,21,9,0.000,0.961,0.959,1.000,0.986,0.019,0.020,0.025,0.016,26.000,9.000,0.000,0.977,0.991,1.000,0.994,0.010,0.013,0.004,0.005,29.000,16.000,0.000,0.947,0.956,1.000,0.991,0.006,0.047,0.037,0.007
513,9,2,0.000,0.957,0.988,1.000,0.988,0.017,0.026,0.012,0.000,21,9,0.000,0.961,0.959,1.000,0.986,0.019,0.020,0.025,0.016,26.000,9.000,0.000,0.977,0.991,1.000,0.994,0.010,0.013,0.004,0.005,29.000,16.000,0.000,0.947,0.956,1.000,0.991,0.006,0.047,0.037,0.007
514,9,2,0.000,0.957,0.988,1.000,0.988,0.017,0.026,0.012,0.000,21,9,0.000,0.961,0.959,1.000,0.986,0.019,0.020,0.025,0.016,26.000,9.000,0.000,0.977,0.991,1.000,0.994,0.010,0.013,0.004,0.005,29.000,16.000,0.000,0.947,0.956,1.000,0.991,0.006,0.047,0.037,0.007
515,9,2,0.000,0.957,0.988,1.000,0.988,0.017,0.026,0.012,0.000,21,9,0.000,0.961,0.959,1.000,0.986,0.019,0.020,0.025,0.016,26.000,9.000,0.000,0.977,0.991,1.000,0.994,0.010,0.013,0.004,0.005,29.000,16.000,0.000,0.947,0.956,1.000,0.991,0.006,0.047,0.037,0.007
516,9,2,0.000,0.957,0.988,1.000,0.988,0.017,0.026,0.012,0.000,21,9,0.000,0.961,0.959,1.000,0.986,0.019,0.020,0.025,0.016,26.000,9.000,0.000,0.977,0.991,1.000,0.994,0.010,0.013,0.004,0.005,29.000,16.000,0.000,0.947,0.956,1.000,0.991,0.006,0.047,0.037,0.007
517,9,2,0.000,0.957,0.988,1.000,0.988,0.017,0.026,0.012,0.000,21,9,0.000,0.961,0.959,1.000,0.986,0.019,0.020,0.025,0.016,26.000,9.000,0.000,0.977,0.991,1.000,0.994,0.010,0.013,0.004,0.005,29.000,16.000,0.000,0.947,0.956,1.000,0.991,0.006,0.047,0.037,0.007
518,9,2,0.000,0.957,0.988,1.000,0.988,0.017,0.026,0.012,0.000,21,9,0.000,0.961,0.959,1.000,0.986,0.019,0.020,0.025,0.016,26.000,9.000,0.000,0.977,0.991,1.000,0.994,0.010,0.013,0.004,0.005,29.000,16.000,0.000,0.947,0.956,1.000,0.991,0.006,0.047,0.037,0.007
519,9,2,0.000,0.957,0.988,1.000,0.988,0.017,0.026,0.012,0.000,21,9,0.000,0.961,0.959,1.000,0.986,0.019,0.020,0.025,0.016,26.000,9.000,0.000,0.977,0.991,1.000,0.994,0.010,0.013,0.004,0.005,29.000,16.000,0.000,0.947,0.956,1.000,0.991,0.006,0.047,0.037,0.007
520,9,2,0.000,0.957,0.988,1.000,0.988,0.017,0.026,0.012,0.000,21,9,0.000,0.961,0.959,1.000,0.986,0.019,0.020,0.025,0.016,26.000,9.000,0.000,0.977,0.991,1.000,0.994,0.010,0.013,0.004,0.005,29.000,16.000,0.000,0.947,0.956,1.000,0.991,0.006,0.047,0.037,0.007
521,9,2,0.000,0.957,0.988,1.000,0.988,0.017,0.026,0.012,0.000,21,9,0.000,0.961,0.959,1.000,0.986,0.019,0.020,0.025,0.016,26.000,9.000,0.000,0.977,0.991,1.000,0.994,0.010,0.013,0.004,0.005,29.000,16.000,0.000,0.947,0.956,1.000,0.991,0.006,0.047,0.037,0.007
522,9,2,0.000,0.957,0.988,1.000,0.988,0.017,0.026,0.012,0.000,21,9,0.000,0.961,0.959,1.000,0.986,0.019,0.020,0.025,0.016,26.000,9.000,0.000,0.977,0.991,1.000,0.994,0.010,0.013,0.004,0.005,29.000,16.000,0.000,0.947,0.956,1.000,0.991,0.006,0.047,0.037,0.007
523,9,2,0.000,0.957,0.988,1.000,0.988,0.017,0.026,0.012,0.000,21,9,0.000,0.961,0.959,1.000,0.986,0.019,0.020,0.025,0.016,26.000,9.000,0.000,0.977,0.991,1.000,0.994,0.010,0.013,0.004,0.005,29.000,16.000,0.000,0.947,0.956,1.000,0.991,0.006,0.047,0.037,0.007
524,9,2,0.000,0.957,0.988,1.000,0.988,0.017,0.026,0.012,0.000,21,9,0.000,0.961,0.959,1.000,0.986,0.019,0.020,0.025,0.016,26.000,9.000,0.000,0.977,0.991,1.000,0.994,0.010,0.013,0.004,0.005,29.000,16.000,0.000,0.947,0.956,1.000,0.991,0.006,0.047,0.037,0.007
525,9,2,0.000,0.957,0.988,1.000,0.988,0.017,0.026,0.012,0.000,21,9,0.000,0.961,0.959,1.000,0.986,0.019,0.020,0.025,0.016,26.000,9.000,0.000,0.977,0.991,1.000,0.994,0.010,0.013,0.004,0.005,29.000,16.000,0.000,0.947,0.956,1.000,0.991,0.006,0.047,0.037,0.007
526,9,2,0.000,0.957,0.988,1.000,0.988,0.017,0.026,0.012,0.000,21,9,0.000,0.961,0.959,1.000,0.986,0.019,0.020,0.025,0.016,26.000,9.000,0.000,0.977,0.991,1.000,0.994,0.010,0.013,0.004,0.005,29.000,16.000,0.000,0.947,0.956,1.000,0.991,0.006,0.047,0.037,0.007
527,9,2,0.000,0.957,0.988,1.000,0.988,0.017,0.026,0.012,0.000,21,9,0.000,0.961,0.959,1.000,0.986,0.019,0.020,0.025,0.016,26.000,9.000,0.000,0.977,0.991,1.000,0.994,0.010,0.013,0.004,0.005,29.000,16.000,0.000,0.947,0.956,1.000,0.991,0.006,0.047,0.037,0.007
528,9,2,0.000,0.957,0.988,1.000,0.988,0.017,0.026,0.012,0.000,21,9,0.000,0.961,0.959,1.000,0.986,0.019,0.020,0.025,0.016,26.000,9.000,0.000,0.977,0.991,1.000,0.994,0.010,0.013,0.004,0.005,29.000,16.000,0.000,0.947,0.956,1.000,0.991,0.006,0.047,0.037,0.007
529,9,2,0.000,0.957,0.988,1.000,0.988,0.017,0.026,0.012,0.000,21,9,0.000,0.961,0.959,1.000,0.986,0.019,0.020,0.025,0.016,26.000,9.000,0.000,0.977,0.991,1.000,0.994,0.010,0.013,0.004,0.005,29.000,16.000,0.000,0.947,0.956,1.000,0.991,0.006,0.047,0.037,0.007
530,9,2,0.000,0.957,0.988,1.000,0.988,0.017,0.026,0.012,0.000,21,9,0.000,0.961,0.959,1.000,0.986,0.019,0.020,0.025,0.016,26.000,9.000,0.000,0.977,0.991,1.000,0.994,0.010,0.013,0.004,0.005,29.000,16.000,0.000,0.947,0.956,1.000,0.991,0.006,0.047,0.037,0.007
531,9,2,0.000,0.957,0.988,1.000,0.988,0.017,0.026,0.012,0.000,21,9,0.000,0.961,0.959,1.000,0.986,0.019,0.020,0.025,0.016,26.000,9.000,0.000,0.977,0.991,1.000,0.994,0.010,0.013,0.004,0.005,29.000,16.000,0.000,0.947,0.956,1.000,0.991,0.006,0.047,0.037,0.007
532,9,2,0.000,0.957,0.988,1.000,0.988,0.017,0.026,0.012,0.000,21,9,0.000,0.961,0.959,1.000,0.986,0.019,0.020,0.025,0.016,26.000,9.000,0.000,0.977,0.991,1.000,0.994,0.010,0.013,0.004,0.005,29.000,16.000,0.000,0.947,0.956,1.000,0.991,0.006,0.047,0.037,0.007
533,9,2,0.000,0.957,0.988,1.000,0.988,0.017,0.026,0.012,0.000,21,9,0.000,0.961,0.959,1.000,0.986,0.019,0.020,0.025,0.016,26.000,9.000,0.000,0.977,0.991,1.000,0.994,0.010,0.013,0.004,0.005,29.000,16.000,0.000,0.947,0.956,1.000,0.991,0.006,0.047,0.037,0.007
534,9,2,0.000,0.957,0.988,1.000,0.988,0.017,0.026,0.012,0.000,21,9,0.000,0.961,0.959,1.000,0.986,0.019,0.020,0.025,0.016,26.000,9.000,0.000,0.977,0.991,1.000,0.994,0.010,0.013,0.004,0.005,29.000,16.000,0.000,0.947,0.956,1.000,0.991,0.006,0.047,0.037,0.007
535,9,2,0.000,0.957,0.988,1.000,0.988,0.017,0.026,0.012,0.000,21,9,0.000,0.961,0.959,1.000,0.986,0.019,0.020,0.025,0.016,26.000,9.000,0.000,0.977,0.991,1.000,0.994,0.010,0.013,0.004,0.005,29.000,16.000,0.000,0.947,0.956,1.000,0.991,0.006,0.047,0.037,0.007
536,9,2,0.000,0.957,0.988,1.000,0.988,0.017,0.026,0.012,0.000,21,9,0.000,0.961,0.959,1.000,0.986,0.019,0.020,0.025,0.016,26.000,9.000,0.000,0.977,0.991,1.000,0.994,0.010,0.013,0.004,0.005,29.000,16.000,0.000,0.947,0.956,1.000,0.991,0.006,0.047,0.037,0.007
537,9,2,0.000,0.957,0.988,1.000,0.988,0.017,0.026,0.012,0.000,21,9,0.000,0.961,0.959,1.000,0.986,0.019,0.020,0.025,0.016,26.000,9.000,0.000,0.977,0.991,1.000,0.994,0.010,0.013,0.004,0.005,29.000,16.000,0.000,0.947,0.956,1.000,0.991,0.006,0.047,0.037,0.007
538,9,2,0.000,0.957,0.988,1.000,0.988,0.017,0.026,0.012,0.000,21,9,0.000,0.961,0.959,1.000,0.986,0.019,0.020,0.025,0.016,26.000,9.000,0.000,0.977,0.991,1.000,0.994,0.010,0.013,0.004,0.005,29.000,16.000,0.000,0.947,0.956,1.000,0.991,0.006,0.047,0.037,0.007
539,9,2,0.000,0.957,0.988,1.000,0.988,0.017,0.026,0.012,0.000,21,9,0.000,0.961,0.959,1.000,0.986,0.019,0.020,0.025,0.016,26.000,9.000,0.000,0.977,0.991,1.000,0.994,0.010,0.013,0.004,0.005,29.000,16.000,0.000,0.947,0.956,1.000,0.991,0.006,0.047,0.037,0.007
540,9,2,0.000,0.957,0.988,1.000,0.988,0.017,0.026,0.012,0.000,21,9,0.000,0.961,0.959,1.000,0.986,0.019,0.020,0.025,0.016,26.000,9.000,0.000,0.977,0.991,1.000,0.994,0.010,0.013,0.004,0.005,29.000,16.000,0.000,0.947,0.956,1.000,0.991,0.006,0.047,0.037,0.007
541,9,2,0.000,0.957,0.988,1.000,0.988,0.017,0.026,0.012,0.000,21,9,0.000,0.961,0.959,1.000,0.986,0.019,0.020,0.025,0.016,26.000,9.000,0.000,0.977,0.991,1.000,0.994,0.010,0.013,0.004,0.005,29.000,16.000,0.000,0.947,0.956,1.000,0.991,0.006,0.047,0.037,0.007
542,9,2,0.000,0.957,0.988,1.000,0.988,0.017,0.026,0.012,0.000,21,9,0.000,0.961,0.959,1.000,0.986,0.019,0.020,0.025,0.016,26.000,9.000,0.000,0.977,0.991,1.000,0.994,0.010,0.013,0.004,0.005,29.000,16.000,0.000,0.947,0.956,1.000,0.991,0.006,0.047,0.037,0.007
543,9,2,0.000,0.957,0.988,1.000,0.988,0.017,0.026,0.012,0.000,21,9,0.000,0.961,0.959,1.000,0.986,0.019,0.020,0.025,0.016,26.000,9.000,0.000,0.977,0.991,1.000,0.994,0.010,0.013,0.004,0.005,29.000,16.000,0.000,0.947,0.956,1.000,0.991,0.006,0.047,0.037,0.007
544,9,2,0.000,0.957,0.988,1.000,0.988,0.017,0.026,0.012,0.000,21,9,0.000,0.961,0.959,1.000,0.986,0.019,0.020,0.025,0.016,26.000,9.000,0.000,0.977,0.991,1.000,0.994,0.010,0.013,0.004,0.005,29.000,16.000,0.000,0.947,0.956,1.000,0.991,0.006,0.047,0.037,0.007
545,9,2,0.000,0.957,0.988,1.000,0.988,0.017,0.026,0.012,0.000,21,9,0.000,0.961,0.959,1.000,0.986,0.019,0.020,0.025,0.016,26.000,9.000,0.000,0.977,0.991,1.000,0.994,0.010,0.013,0.004,0.005,29.000,16.000,0.000,0.947,0.956,1.000,0.991,0.006,0.047,0.037,0.007
546,9,2,0.000,0.957,0.988,1.000,0.988,0.017,0.026,0.012,0.000,21,9,0.000,0.961,0.959,1.000,0.986,0.019,0.020,0.025,0.016,26.000,9.000,0.000,0.977,0.991,1.000,0.994,0.010,0.013,0.004,0.005,29.000,16.000,0.000,0.947,0.956,1.000,0.991,0.006,0.047,0.037,0.007
547,9,2,0.000,0.957,0.988,1.000,0.988,0.017,0.026,0.012,0.000,21,9,0.000,0.961,0.959,1.000,0.986,0.019,0.020,0.025,0.016,26.000,9.000,0.000,0.977,0.991,1.000,0.994,0.010,0.013,0.004,0.005,29.000,16.000,0.000,0.947,0.956,1.000,0.991,0.006,0.047,0.037,0.007
548,9,2,0.000,0.957,0.988,1.000,0.988,0.017,0.026,0.012,0.000,21,9,0.000,0.961,0.959,1.000,0.986,0.019,0.020,0.025,0.016,26.000,9.000,0.000,0.977,0.991,1.000,0.994,0.010,0.013,0.004,0.005,29.000,16.000,0.000,0.947,0.956,1.000,0.991,0.006,0.047,0.037,0.007
549,9,2,0.000,0.957,0.988,1.000,0.988,0.017,0.026,0.012,0.000,21,9,0.000,0.961,0.959,1.000,0.986,0.019,0.020,0.025,0.016,26.000,9.000,0.000,0.977,0.991,1.000,0.994,0.010,0.013,0.004,0.005,29.000,16.000,0.000,0.947,0.956,1.000,0.991,0.006,0.047,0.037,0.007
550,9,2,0.000,0.957,0.988,1.000,0.988,0.017,0.026,0.012,0.000,21,9,0.000,0.961,0.959,1.000,0.986,0.019,0.020,0.025,0.016,26.000,9.000,0.000,0.977,0.991,1.000,0.994,0.010,0.013,0.004,0.005,29.000,16.000,0.000,0.947,0.956,1.000,0.991,0.006,0.047,0.037,0.007
551,9,2,0.000,0.957,0.988,1.000,0.988,0.017,0.026,0.012,0.000,21,9,0.000,0.961,0.959,1.000,0.986,0.019,0.020,0.025,0.016,26.000,9.000,0.000,0.977,0.991,1.000,0.994,0.010,0.013,0.004,0.005,29.000,16.000,0.000,0.947,0.956,1.000,0.991,0.006,0.047,0.037,0.007
552,9,2,0.000,0.957,0.988,1.000,0.988,0.017,0.026,0.012,0.000,21,9,0.000,0.961,0.959,1.000,0.986,0.019,0.020,0.025,0.016,26.000,9.000,0.000,0.977,0.991,1.000,0.994,0.010,0.013,0.004,0.005,29.000,16.000,0.000,0.947,0.956,1.000,0.991,0.006,0.047,0.037,0.007
553,9,2,0.000,0.957,0.988,1.000,0.988,0.017,0.026,0.012,0.000,21,9,0.000,0.961,0.959,1.000,0.986,0.019,0.020,0.025,0.016,26.000,9.000,0.000,0.977,0.991,1.000,0.994,0.010,0.013,0.004,0.005,29.000,16.000,0.000,0.947,0.956,1.000,0.991,0.006,0.047,0.037,0.007
554,9,2,0.000,0.957,0.988,1.000,0.988,0.017,0.026,0.012,0.000,21,9,0.000,0.961,0.959,1.000,0.986,0.019,0.020,0.025,0.016,26.000,9.000,0.000,0.977,0.991,1.000,0.994,0.010,0.013,0.004,0.005,29.000,16.000,0.000,0.947,0.956,1.000,0.991,0.006,0.047,0.037,0.007
555,9,2,0.000,0.957,0.988,1.000,0.988,0.017,0.026,0.012,0.000,21,9,0.000,0.961,0.959,1.000,0.986,0.019,0.020,0.025,0.016,26.000,9.000,0.000,0.977,0.991,1.000,0.994,0.010,0.013,0.004,0.005,29.000,16.000,0.000,0.947,0.956,1.000,0.991,0.006,0.047,0.037,0.007
556,9,2,0.000,0.957,0.988,1.000,0.988,0.017,0.026,0.012,0.000,21,9,0.000,0.961,0.959,1.000,0.986,0.019,0.020,0.025,0.016,26.000,9.000,0.000,0.977,0.991,1.000,0.994,0.010,0.013,0.004,0.005,29.000,16.000,0.000,0.947,0.956,1.000,0.991,0.006,0.047,0.037,0.007
557,9,2,0.000,0.957,0.988,1.000,0.988,0.017,0.026,0.012,0.000,21,9,0.000,0.961,0.959,1.000,0.986,0.019,0.020,0.025,0.016,26.000,9.000,0.000,0.977,0.991,1.000,0.994,0.010,0.013,0.004,0.005,29.000,16.000,0.000,0.947,0.956,1.000,0.991,0.006,0.047,0.037,0.007
558,9,2,0.000,0.957,0.988,1.000,0.988,0.017,0.026,0.012,0.000,21,9,0.000,0.961,0.959,1.000,0.986,0.019,0.020,0.025,0.016,26.000,9.000,0.000,0.977,0.991,1.000,0.994,0.010,0.013,0.004,0.005,29.000,16.000,0.000,0.947,0.956,1.000,0.991,0.006,0.047,0.037,0.007
559,9,2,0.000,0.957,0.988,1.000,0.988,0.017,0.026,0.012,0.000,21,9,0.000,0.961,0.959,1.000,0.986,0.019,0.020,0.025,0.016,26.000,9.000,0.000,0.977,0.991,1.000,0.994,0.010,0.013,0.004,0.005,29.000,16.000,0.000,0.947,0.956,1.000,0.991,0.006,0.047,0.037,0.007
560,9,2,0.000,0.957,0.988,1.000,0.988,0.017,0.026,0.012,0.000,21,9,0.000,0.961,0.959,1.000,0.986,0.019,0.020,0.025,0.016,26.000,9.000,0.000,0.977,0.991,1.000,0.994,0.010,0.013,0.004,0.005,29.000,16.000,0.000,0.947,0.956,1.000,0.991,0.006,0.047,0.037,0.007
561,9,2,0.000,0.957,0.988,1.000,0.988,0.017,0.026,0.012,0.000,21,9,0.000,0.961,0.959,1.000,0.986,0.019,0.020,0.025,0.016,26.000,9.000,0.000,0.977,0.991,1.000,0.994,0.010,0.013,0.004,0.005,29.000,16.000,0.000,0.947,0.956,1.000,0.991,0.006,0.047,0.037,0.007
562,9,2,0.000,0.957,0.988,1.000,0.988,0.017,0.026,0.012,0.000,21,9,0.000,0.961,0.959,1.000,0.986,0.019,0.020,0.025,0.016,26.000,9.000,0.000,0.977,0.991,1.000,0.994,0.010,0.013,0.004,0.005,29.000,16.000,0.000,0.947,0.956,1.000,0.991,0.006,0.047,0.037,0.007
563,9,2,0.000,0.957,0.988,1.000,0.988,0.017,0.026,0.012,0.000,21,9,0.000,0.961,0.959,1.000,0.986,0.019,0.020,0.025,0.016,26.000,9.000,0.000,0.977,0.991,1.000,0.994,0.010,0.013,0.004,0.005,29.000,16.000,0.000,0.947,0.956,1.000,0.991,0.006,0.047,0.037,0.007
564,9,2,0.000,0.957,0.988,1.000,0.988,0.017,0.026,0.012,0.000,21,9,0.000,0.961,0.959,1.000,0.986,0.019,0.020,0.025,0.016,26.000,9.000,0.000,0.977,0.991,1.000,0.994,0.010,0.013,0.004,0.005,29.000,16.000,0.000,0.947,0.956,1.000,0.991,0.006,0.047,0.037,0.007
565,9,2,0.000,0.957,0.988,1.000,0.988,0.017,0.026,0.012,0.000,21,9,0.000,0.961,0.959,1.000,0.986,0.019,0.020,0.025,0.016,26.000,9.000,0.000,0.977,0.991,1.000,0.994,0.010,0.013,0.004,0.005,29.000,16.000,0.000,0.947,0.956,1.000,0.991,0.006,0.047,0.037,0.007
566,9,2,0.000,0.957,0.988,1.000,0.988,0.017,0.026,0.012,0.000,21,9,0.000,0.961,0.959,1.000,0.986,0.019,0.020,0.025,0.016,26.000,9.000,0.000,0.977,0.991,1.000,0.994,0.010,0.013,0.004,0.005,29.000,16.000,0.000,0.947,0.956,1.000,0.991,0.006,0.047,0.037,0.007
567,9,2,0.000,0.957,0.988,1.000,0.988,0.017,0.026,0.012,0.000,21,9,0.000,0.961,0.959,1.000,0.986,0.019,0.020,0.025,0.016,26.000,9.000,0.000,0.977,0.991,1.000,0.994,0.010,0.013,0.004,0.005,29.000,16.000,0.000,0.947,0.956,1.000,0.991,0.006,0.047,0.037,0.007
568,9,2,0.000,0.957,0.988,1.000,0.988,0.017,0.026,0.012,0.000,21,9,0.000,0.961,0.959,1.000,0.986,0.019,0.020,0.025,0.016,26.000,9.000,0.000,0.977,0.991,1.000,0.994,0.010,0.013,0.004,0.005,29.000,16.000,0.000,0.947,0.956,1.000,0.991,0.006,0.047,0.037,0.007
569,9,2,0.000,0.957,0.988,1.000,0.988,0.017,0.026,0.012,0.000,21,9,0.000,0.961,0.959,1.000,0.986,0.019,0.020,0.025,0.016,26.000,9.000,0.000,0.977,0.991,1.000,0.994,0.010,0.013,0.004,0.005,29.000,16.000,0.000,0.947,0.956,1.000,0.991,0.006,0.047,0.037,0.007
570,9,2,0.000,0.957,0.988,1.000,0.988,0.017,0.026,0.012,0.000,21,9,0.000,0.961,0.959,1.000,0.986,0.019,0.020,0.025,0.016,26.000,9.000,0.000,0.977,0.991,1.000,0.994,0.010,0.013,0.004,0.005,29.000,16.000,0.000,0.947,0.956,1.000,0.991,0.006,0.047,0.037,0.007
571,9,2,0.000,0.957,0.988,1.000,0.988,0.017,0.026,0.012,0.000,21,9,0.000,0.961,0.959,1.000,0.986,0.019,0.020,0.025,0.016,26.000,9.000,0.000,0.977,0.991,1.000,0.994,0.010,0.013,0.004,0.005,29.000,16.000,0.000,0.947,0.956,1.000,0.991,0.006,0.047,0.037,0.007
572,9,2,0.000,0.957,0.988,1.000,0.988,0.017,0.026,0.012,0.000,21,9,0.000,0.961,0.959,1.000,0.986,0.019,0.020,0.025,0.016,26.000,9.000,0.000,0.977,0.991,1.000,0.994,0.010,0.013,0.004,0.005,29.000,16.000,0.000,0.947,0.956,1.000,0.991,0.006,0.047,0.037,0.007
573,9,2,0.000,0.957,0.988,1.000,0.988,0.017,0.026,0.012,0.000,21,9,0.000,0.961,0.959,1.000,0.986,0.019,0.020,0.025,0.016,26.000,9.000,0.000,0.977,0.991,1.000,0.994,0.010,0.013,0.004,0.005,29.000,16.000,0.000,0.947,0.956,1.000,0.991,0.006,0.047,0.037,0.007
574,9,2,0.000,0.957,0.988,1.000,0.988,0.017,0.026,0.012,0.000,21,9,0.000,0.961,0.959,1.000,0.986,0.019,0.020,0.025,0.016,26.000,9.000,0.000,0.977,0.991,1.000,0.994,0.010,0.013,0.004,0.005,29.000,16.000,0.000,0.947,0.956,1.000,0.991,0.006,0.047,0.037,0.007
575,9,2,0.000,0.957,0.988,1.000,0.988,0.017,0.026,0.012,0.000,21,9,0.000,0.961,0.959,1.000,0.986,0.019,0.020,0.025,0.016,26.000,9.000,0.000,0.977,0.991,1.000,0.994,0.010,0.013,0.004,0.005,29.000,16.000,0.000,0.947,0.956,1.000,0.991,0.006,0.047,0.037,0.007
576,9,2,0.000,0.957,0.988,1.000,0.988,0.017,0.026,0.012,0.000,21,9,0.000,0.961,0.959,1.000,0.986,0.019,0.020,0.025,0.016,26.000,9.000,0.000,0.977,0.991,1.000,0.994,0.010,0.013,0.004,0.005,29.000,16.000,0.000,0.947,0.956,1.000,0.991,0.006,0.047,0.037,0.007
577,9,2,0.000,0.957,0.988,1.000,0.988,0.017,0.026,0.012,0.000,21,9,0.000,0.961,0.959,1.000,0.986,0.019,0.020,0.025,0.016,26.000,9.000,0.000,0.977,0.991,1.000,0.994,0.010,0.013,0.004,0.005,29.000,16.000,0.000,0.947,0.956,1.000,0.991,0.006,0.047,0.037,0.007
578,9,2,0.000,0.957,0.988,1.000,0.988,0.017,0.026,0.012,0.000,21,9,0.000,0.961,0.959,1.000,0.986,0.019,0.020,0.025,0.016,26.000,9.000,0.000,0.977,0.991,1.000,0.994,0.010,0.013,0.004,0.005,29.000,16.000,0.000,0.947,0.956,1.000,0.991,0.006,0.047,0.037,0.007
579,9,2,0.000,0.957,0.988,1.000,0.988,0.017,0.026,0.012,0.000,21,9,0.000,0.961,0.959,1.000,0.986,0.019,0.020,0.025,0.016,26.000,9.000,0.000,0.977,0.991,1.000,0.994,0.010,0.013,0.004,0.005,29.000,16.000,0.000,0.947,0.956,1.000,0.991,0.006,0.047,0.037,0.007
580,9,2,0.000,0.957,0.988,1.000,0.988,0.017,0.026,0.012,0.000,21,9,0.000,0.961,0.959,1.000,0.986,0.019,0.020,0.025,0.016,26.000,9.000,0.000,0.977,0.991,1.000,0.994,0.010,0.013,0.004,0.005,29.000,16.000,0.000,0.947,0.956,1.000,0.991,0.006,0.047,0.037,0.007
581,9,2,0.000,0.957,0.988,1.000,0.988,0.017,0.026,0.012,0.000,21,9,0.000,0.961,0.959,1.000,0.986,0.019,0.020,0.025,0.016,26.000,9.000,0.000,0.977,0.991,1.000,0.994,0.010,0.013,0.004,0.005,29.000,16.000,0.000,0.947,0.956,1.000,0.991,0.006,0.047,0.037,0.007
582,9,2,0.000,0.957,0.988,1.000,0.988,0.017,0.026,0.012,0.000,21,9,0.000,0.961,0.959,1.000,0.986,0.019,0.020,0.025,0.016,26.000,9.000,0.000,0.977,0.991,1.000,0.994,0.010,0.013,0.004,0.005,29.000,16.000,0.000,0.947,0.956,1.000,0.991,0.006,0.047,0.037,0.007
583,9,2,0.000,0.957,0.988,1.000,0.988,0.017,0.026,0.012,0.000,21,9,0.000,0.961,0.959,1.000,0.986,0.019,0.020,0.025,0.016,26.000,9.000,0.000,0.977,0.991,1.000,0.994,0.010,0.013,0.004,0.005,29.000,16.000,0.000,0.947,0.956,1.000,0.991,0.006,0.047,0.037,0.007
584,9,2,0.000,0.957,0.988,1.000,0.988,0.017,0.026,0.012,0.000,21,9,0.000,0.961,0.959,1.000,0.986,0.019,0.020,0.025,0.016,26.000,9.000,0.000,0.977,0.991,1.000,0.994,0.010,0.013,0.004,0.005,29.000,16.000,0.000,0.947,0.956,1.000,0.991,0.006,0.047,0.037,0.007
585,9,2,0.000,0.957,0.988,1.000,0.988,0.017,0.026,0.012,0.000,21,9,0.000,0.961,0.959,1.000,0.986,0.019,0.020,0.025,0.016,26.000,9.000,0.000,0.977,0.991,1.000,0.994,0.010,0.013,0.004,0.005,29.000,16.000,0.000,0.947,0.956,1.000,0.991,0.006,0.047,0.037,0.007
586,9,2,0.000,0.957,0.988,1.000,0.988,0.017,0.026,0.012,0.000,21,9,0.000,0.961,0.959,1.000,0.986,0.019,0.020,0.025,0.016,26.000,9.000,0.000,0.977,0.991,1.000,0.994,0.010,0.013,0.004,0.005,29.000,16.000,0.000,0.947,0.956,1.000,0.991,0.006,0.047,0.037,0.007
587,9,2,0.000,0.957,0.988,1.000,0.988,0.017,0.026,0.012,0.000,21,9,0.000,0.961,0.959,1.000,0.986,0.019,0.020,0.025,0.016,26.000,9.000,0.000,0.977,0.991,1.000,0.994,0.010,0.013,0.004,0.005,29.000,16.000,0.000,0.947,0.956,1.000,0.991,0.006,0.047,0.037,0.007
588,9,2,0.000,0.957,0.988,1.000,0.988,0.017,0.026,0.012,0.000,21,9,0.000,0.961,0.959,1.000,0.986,0.019,0.020,0.025,0.016,26.000,9.000,0.000,0.977,0.991,1.000,0.994,0.010,0.013,0.004,0.005,29.000,16.000,0.000,0.947,0.956,1.000,0.991,0.006,0.047,0.037,0.007
589,9,2,0.000,0.957,0.988,1.000,0.988,0.017,0.026,0.012,0.000,21,9,0.000,0.961,0.959,1.000,0.986,0.019,0.020,0.025,0.016,26.000,9.000,0.000,0.977,0.991,1.000,0.994,0.010,0.013,0.004,0.005,29.000,16.000,0.000,0.947,0.956,1.000,0.991,0.006,0.047,0.037,0.007
590,9,2,0.000,0.957,0.988,1.000,0.988,0.017,0.026,0.012,0.000,21,9,0.000,0.961,0.959,1.000,0.986,0.019,0.020,0.025,0.016,26.000,9.000,0.000,0.977,0.991,1.000,0.994,0.010,0.013,0.004,0.005,29.000,16.000,0.000,0.947,0.956,1.000,0.991,0.006,0.047,0.037,0.007
591,9,2,0.000,0.957,0.988,1.000,0.988,0.017,0.026,0.012,0.000,21,9,0.000,0.961,0.959,1.000,0.986,0.019,0.020,0.025,0.016,26.000,9.000,0.000,0.977,0.991,1.000,0.994,0.010,0.013,0.004,0.005,29.000,16.000,0.000,0.947,0.956,1.000,0.991,0.006,0.047,0.037,0.007
592,9,2,0.000,0.957,0.988,1.000,0.988,0.017,0.026,0.012,0.000,21,9,0.000,0.961,0.959,1.000,0.986,0.019,0.020,0.025,0.016,26.000,9.000,0.000,0.977,0.991,1.000,0.994,0.010,0.013,0.004,0.005,29.000,16.000,0.000,0.947,0.956,1.000,0.991,0.006,0.047,0.037,0.007
593,9,2,0.000,0.957,0.988,1.000,0.988,0.017,0.026,0.012,0.000,21,9,0.000,0.961,0.959,1.000,0.986,0.019,0.020,0.025,0.016,26.000,9.000,0.000,0.977,0.991,1.000,0.994,0.010,0.013,0.004,0.005,29.000,16.000,0.000,0.947,0.956,1.000,0.991,0.006,0.047,0.037,0.007
594,9,2,0.000,0.957,0.988,1.000,0.988,0.017,0.026,0.012,0.000,21,9,0.000,0.961,0.959,1.000,0.986,0.019,0.020,0.025,0.016,26.000,9.000,0.000,0.977,0.991,1.000,0.994,0.010,0.013,0.004,0.005,29.000,16.000,0.000,0.947,0.956,1.000,0.991,0.006,0.047,0.037,0.007
595,9,2,0.000,0.957,0.988,1.000,0.988,0.017,0.026,0.012,0.000,21,9,0.000,0.961,0.959,1.000,0.986,0.019,0.020,0.025,0.016,26.000,9.000,0.000,0.977,0.991,1.000,0.994,0.010,0.013,0.004,0.005,29.000,16.000,0.000,0.947,0.956,1.000,0.991,0.006,0.047,0.037,0.007
596,9,2,0.000,0.957,0.988,1.000,0.988,0.017,0.026,0.012,0.000,21,9,0.000,0.961,0.959,1.000,0.986,0.019,0.020,0.025,0.016,26.000,9.000,0.000,0.977,0.991,1.000,0.994,0.010,0.013,0.004,0.005,29.000,16.000,0.000,0.947,0.956,1.000,0.991,0.006,0.047,0.037,0.007
597,9,2,0.000,0.957,0.988,1.000,0.988,0.017,0.026,0.012,0.000,21,9,0.000,0.961,0.959,1.000,0.986,0.019,0.020,0.025,0.016,26.000,9.000,0.000,0.977,0.991,1.000,0.994,0.010,0.013,0.004,0.005,29.000,16.000,0.000,0.947,0.956,1.000,0.991,0.006,0.047,0.037,0.007
598,9,2,0.000,0.957,0.988,1.000,0.988,0.017,0.026,0.012,0.000,21,9,0.000,0.961,0.959,1.000,0.986,0.019,0.020,0.025,0.016,26.000,9.000,0.000,0.977,0.991,1.000,0.994,0.010,0.013,0.004,0.005,29.000,16.000,0.000,0.947,0.956,1.000,0.991,0.006,0.047,0.037,0.007
599,9,2,0.000,0.957,0.988,1.000,0.988,0.017,0.026,0.012,0.000,21,9,0.000,0.961,0.959,1.000,0.986,0.019,0.020,0.025,0.016,26.000,9.000,0.000,0.977,0.991,1.000,0.994,0.010,0.013,0.004,0.005,29.000,16.000,0.000,0.947,0.956,1.000,0.991,0.006,0.047,0.037,0.007
600,9,2,0.000,0.957,0.988,1.000,0.988,0.017,0.026,0.012,0.000,21,9,0.000,0.961,0.959,1.000,0.986,0.019,0.020,0.025,0.016,26.000,9.000,0.000,0.977,0.991,1.000,0.994,0.010,0.013,0.004,0.005,29.000,16.000,0.000,0.947,0.956,1.000,0.991,0.006,0.047,0.037,0.007
601,9,2,0.000,0.957,0.988,1.000,0.988,0.017,0.026,0.012,0.000,21,9,0.000,0.961,0.959,1.000,0.986,0.019,0.020,0.025,0.016,26.000,9.000,0.000,0.977,0.991,1.000,0.994,0.010,0.013,0.004,0.005,29.000,16.000,0.000,0.947,0.956,1.000,0.991,0.006,0.047,0.037,0.007
602,9,2,0.000,0.957,0.988,1.000,0.988,0.017,0.026,0.012,0.000,21,9,0.000,0.961,0.959,1.000,0.986,0.019,0.020,0.025,0.016,26.000,9.000,0.000,0.977,0.991,1.000,0.994,0.010,0.013,0.004,0.005,29.000,16.000,0.000,0.947,0.956,1.000,0.991,0.006,0.047,0.037,0.007
603,9,2,0.000,0.957,0.988,1.000,0.988,0.017,0.026,0.012,0.000,21,9,0.000,0.961,0.959,1.000,0.986,0.019,0.020,0.025,0.016,26.000,9.000,0.000,0.977,0.991,1.000,0.994,0.010,0.013,0.004,0.005,29.000,16.000,0.000,0.947,0.956,1.000,0.991,0.006,0.047,0.037,0.007
604,9,2,0.000,0.957,0.988,1.000,0.988,0.017,0.026,0.012,0.000,21,9,0.000,0.961,0.959,1.000,0.986,0.019,0.020,0.025,0.016,26.000,9.000,0.000,0.977,0.991,1.000,0.994,0.010,0.013,0.004,0.005,29.000,16.000,0.000,0.947,0.956,1.000,0.991,0.006,0.047,0.037,0.007
605,9,2,0.000,0.957,0.988,1.000,0.988,0.017,0.026,0.012,0.000,21,9,0.000,0.961,0.959,1.000,0.986,0.019,0.020,0.025,0.016,26.000,9.000,0.000,0.977,0.991,1.000,0.994,0.010,0.013,0.004,0.005,29.000,16.000,0.000,0.947,0.956,1.000,0.991,0.006,0.047,0.037,0.007
606,9,2,0.000,0.957,0.988,1.000,0.988,0.017,0.026,0.012,0.000,21,9,0.000,0.961,0.959,1.000,0.986,0.019,0.020,0.025,0.016,26.000,9.000,0.000,0.977,0.991,1.000,0.994,0.010,0.013,0.004,0.005,29.000,16.000,0.000,0.947,0.956,1.000,0.991,0.006,0.047,0.037,0.007
607,9,2,0.000,0.957,0.988,1.000,0.988,0.017,0.026,0.012,0.000,21,9,0.000,0.961,0.959,1.000,0.986,0.019,0.020,0.025,0.016,26.000,9.000,0.000,0.977,0.991,1.000,0.994,0.010,0.013,0.004,0.005,29.000,16.000,0.000,0.947,0.956,1.000,0.991,0.006,0.047,0.037,0.007
608,9,2,0.000,0.957,0.988,1.000,0.988,0.017,0.026,0.012,0.000,21,9,0.000,0.961,0.959,1.000,0.986,0.019,0.020,0.025,0.016,26.000,9.000,0.000,0.977,0.991,1.000,0.994,0.010,0.013,0.004,0.005,29.000,16.000,0.000,0.947,0.956,1.000,0.991,0.006,0.047,0.037,0.007
609,9,2,0.000,0.957,0.988,1.000,0.988,0.017,0.026,0.012,0.000,21,9,0.000,0.961,0.959,1.000,0.986,0.019,0.020,0.025,0.016,26.000,9.000,0.000,0.977,0.991,1.000,0.994,0.010,0.013,0.004,0.005,29.000,16.000,0.000,0.947,0.956,1.000,0.991,0.006,0.047,0.037,0.007
610,9,2,0.000,0.957,0.988,1.000,0.988,0.017,0.026,0.012,0.000,21,9,0.000,0.961,0.959,1.000,0.986,0.019,0.020,0.025,0.016,26.000,9.000,0.000,0.977,0.991,1.000,0.994,0.010,0.013,0.004,0.005,29.000,16.000,0.000,0.947,0.956,1.000,0.991,0.006,0.047,0.037,0.007
611,9,2,0.000,0.957,0.988,1.000,0.988,0.017,0.026,0.012,0.000,21,9,0.000,0.961,0.959,1.000,0.986,0.019,0.020,0.025,0.016,26.000,9.000,0.000,0.977,0.991,1.000,0.994,0.010,0.013,0.004,0.005,29.000,16.000,0.000,0.947,0.956,1.000,0.991,0.006,0.047,0.037,0.007
612,9,2,0.000,0.957,0.988,1.000,0.988,0.017,0.026,0.012,0.000,21,9,0.000,0.961,0.959,1.000,0.986,0.019,0.020,0.025,0.016,26.000,9.000,0.000,0.977,0.991,1.000,0.994,0.010,0.013,0.004,0.005,29.000,16.000,0.000,0.947,0.956,1.000,0.991,0.006,0.047,0.037,0.007
613,9,2,0.000,0.957,0.988,1.000,0.988,0.017,0.026,0.012,0.000,21,9,0.000,0.961,0.959,1.000,0.986,0.019,0.020,0.025,0.016,26.000,9.000,0.000,0.977,0.991,1.000,0.994,0.010,0.013,0.004,0.005,29.000,16.000,0.000,0.947,0.956,1.000,0.991,0.006,0.047,0.037,0.007
614,9,2,0.000,0.957,0.988,1.000,0.988,0.017,0.026,0.012,0.000,21,9,0.000,0.961,0.959,1.000,0.986,0.019,0.020,0.025,0.016,26.000,9.000,0.000,0.977,0.991,1.000,0.994,0.010,0.013,0.004,0.005,29.000,16.000,0.000,0.947,0.956,1.000,0.991,0.006,0.047,0.037,0.007
615,9,2,0.000,0.957,0.988,1.000,0.988,0.017,0.026,0.012,0.000,21,9,0.000,0.961,0.959,1.000,0.986,0.019,0.020,0.025,0.016,26.000,9.000,0.000,0.977,0.991,1.000,0.994,0.010,0.013,0.004,0.005,29.000,16.000,0.000,0.947,0.956,1.000,0.991,0.006,0.047,0.037,0.007
616,9,2,0.000,0.957,0.988,1.000,0.988,0.017,0.026,0.012,0.000,21,9,0.000,0.961,0.959,1.000,0.986,0.019,0.020,0.025,0.016,26.000,9.000,0.000,0.977,0.991,1.000,0.994,0.010,0.013,0.004,0.005,29.000,16.000,0.000,0.947,0.956,1.000,0.991,0.006,0.047,0.037,0.007
617,9,2,0.000,0.957,0.988,1.000,0.988,0.017,0.026,0.012,0.000,21,9,0.000,0.961,0.959,1.000,0.986,0.019,0.020,0.025,0.016,26.000,9.000,0.000,0.977,0.991,1.000,0.994,0.010,0.013,0.004,0.005,29.000,16.000,0.000,0.947,0.956,1.000,0.991,0.006,0.047,0.037,0.007
618,9,2,0.000,0.957,0.988,1.000,0.988,0.017,0.026,0.012,0.000,21,9,0.000,0.961,0.959,1.000,0.986,0.019,0.020,0.025,0.016,26.000,9.000,0.000,0.977,0.991,1.000,0.994,0.010,0.013,0.004,0.005,29.000,16.000,0.000,0.947,0.956,1.000,0.991,0.006,0.047,0.037,0.007
619,9,2,0.000,0.957,0.988,1.000,0.988,0.017,0.026,0.012,0.000,21,9,0.000,0.961,0.959,1.000,0.986,0.019,0.020,0.025,0.016,26.000,9.000,0.000,0.977,0.991,1.000,0.994,0.010,0.013,0.004,0.005,29.000,16.000,0.000,0.947,0.956,1.000,0.991,0.006,0.047,0.037,0.007
620,9,2,0.000,0.957,0.988,1.000,0.988,0.017,0.026,0.012,0.000,21,9,0.000,0.961,0.959,1.000,0.986,0.019,0.020,0.025,0.016,26.000,9.000,0.000,0.977,0.991,1.000,0.994,0.010,0.013,0.004,0.005,29.000,16.000,0.000,0.947,0.956,1.000,0.991,0.006,0.047,0.037,0.007
621,9,2,0.000,0.957,0.988,1.000,0.988,0.017,0.026,0.012,0.000,21,9,0.000,0.961,0.959,1.000,0.986,0.019,0.020,0.025,0.016,26.000,9.000,0.000,0.977,0.991,1.000,0.994,0.010,0.013,0.004,0.005,29.000,16.000,0.000,0.947,0.956,1.000,0.991,0.006,0.047,0.037,0.007
622,9,2,0.000,0.957,0.988,1.000,0.988,0.017,0.026,0.012,0.000,21,9,0.000,0.961,0.959,1.000,0.986,0.019,0.020,0.025,0.016,26.000,9.000,0.000,0.977,0.991,1.000,0.994,0.010,0.013,0.004,0.005,29.000,16.000,0.000,0.947,0.956,1.000,0.991,0.006,0.047,0.037,0.007
623,9,2,0.000,0.957,0.988,1.000,0.988,0.017,0.026,0.012,0.000,21,9,0.000,0.961,0.959,1.000,0.986,0.019,0.020,0.025,0.016,26.000,9.000,0.000,0.977,0.991,1.000,0.994,0.010,0.013,0.004,0.005,29.000,16.000,0.000,0.947,0.956,1.000,0.991,0.006,0.047,0.037,0.007
624,9,2,0.000,0.957,0.988,1.000,0.988,0.017,0.026,0.012,0.000,21,9,0.000,0.961,0.959,1.000,0.986,0.019,0.020,0.025,0.016,26.000,9.000,0.000,0.977,0.991,1.000,0.994,0.010,0.013,0.004,0.005,29.000,16.000,0.000,0.947,0.956,1.000,0.991,0.006,0.047,0.037,0.007
625,9,2,0.000,0.957,0.988,1.000,0.988,0.017,0.026,0.012,0.000,21,9,0.000,0.961,0.959,1.000,0.986,0.019,0.020,0.025,0.016,26.000,9.000,0.000,0.977,0.991,1.000,0.994,0.010,0.013,0.004,0.005,29.000,16.000,0.000,0.947,0.956,1.000,0.991,0.006,0.047,0.037,0.007
626,9,2,0.000,0.957,0.988,1.000,0.988,0.017,0.026,0.012,0.000,21,9,0.000,0.961,0.959,1.000,0.986,0.019,0.020,0.025,0.016,26.000,9.000,0.000,0.977,0.991,1.000,0.994,0.010,0.013,0.004,0.005,29.000,16.000,0.000,0.947,0.956,1.000,0.991,0.006,0.047,0.037,0.007
627,9,2,0.000,0.957,0.988,1.000,0.988,0.017,0.026,0.012,0.000,21,9,0.000,0.961,0.959,1.000,0.986,0.019,0.020,0.025,0.016,26.000,9.000,0.000,0.977,0.991,1.000,0.994,0.010,0.013,0.004,0.005,29.000,16.000,0.000,0.947,0.956,1.000,0.991,0.006,0.047,0.037,0.007
628,9,2,0.000,0.957,0.988,1.000,0.988,0.017,0.026,0.012,0.000,21,9,0.000,0.961,0.959,1.000,0.986,0.019,0.020,0.025,0.016,26.000,9.000,0.000,0.977,0.991,1.000,0.994,0.010,0.013,0.004,0.005,29.000,16.000,0.000,0.947,0.956,1.000,0.991,0.006,0.047,0.037,0.007
629,9,2,0.000,0.957,0.988,1.000,0.988,0.017,0.026,0.012,0.000,21,9,0.000,0.961,0.959,1.000,0.986,0.019,0.020,0.025,0.016,26.000,9.000,0.000,0.977,0.991,1.000,0.994,0.010,0.013,0.004,0.005,29.000,16.000,0.000,0.947,0.956,1.000,0.991,0.006,0.047,0.037,0.007
630,9,2,0.000,0.957,0.988,1.000,0.988,0.017,0.026,0.012,0.000,21,9,0.000,0.961,0.959,1.000,0.986,0.019,0.020,0.025,0.016,26.000,9.000,0.000,0.977,0.991,1.000,0.994,0.010,0.013,0.004,0.005,29.000,16.000,0.000,0.947,0.956,1.000,0.991,0.006,0.047,0.037,0.007
631,9,2,0.000,0.957,0.988,1.000,0.988,0.017,0.026,0.012,0.000,21,9,0.000,0.961,0.959,1.000,0.986,0.019,0.020,0.025,0.016,26.000,9.000,0.000,0.977,0.991,1.000,0.994,0.010,0.013,0.004,0.005,29.000,16.000,0.000,0.947,0.956,1.000,0.991,0.006,0.047,0.037,0.007
632,9,2,0.000,0.957,0.988,1.000,0.988,0.017,0.026,0.012,0.000,21,9,0.000,0.961,0.959,1.000,0.986,0.019,0.020,0.025,0.016,26.000,9.000,0.000,0.977,0.991,1.000,0.994,0.010,0.013,0.004,0.005,29.000,16.000,0.000,0.947,0.956,1.000,0.991,0.006,0.047,0.037,0.007
633,9,2,0.000,0.957,0.988,1.000,0.988,0.017,0.026,0.012,0.000,21,9,0.000,0.961,0.959,1.000,0.986,0.019,0.020,0.025,0.016,26.000,9.000,0.000,0.977,0.991,1.000,0.994,0.010,0.013,0.004,0.005,29.000,16.000,0.000,0.947,0.956,1.000,0.991,0.006,0.047,0.037,0.007
634,9,2,0.000,0.957,0.988,1.000,0.988,0.017,0.026,0.012,0.000,21,9,0.000,0.961,0.959,1.000,0.986,0.019,0.020,0.025,0.016,26.000,9.000,0.000,0.977,0.991,1.000,0.994,0.010,0.013,0.004,0.005,29.000,16.000,0.000,0.947,0.956,1.000,0.991,0.006,0.047,0.037,0.007
635,9,2,0.000,0.957,0.988,1.000,0.988,0.017,0.026,0.012,0.000,21,9,0.000,0.961,0.959,1.000,0.986,0.019,0.020,0.025,0.016,26.000,9.000,0.000,0.977,0.991,1.000,0.994,0.010,0.013,0.004,0.005,29.000,16.000,0.000,0.947,0.956,1.000,0.991,0.006,0.047,0.037,0.007
636,9,2,0.000,0.957,0.988,1.000,0.988,0.017,0.026,0.012,0.000,21,9,0.000,0.961,0.959,1.000,0.986,0.019,0.020,0.025,0.016,26.000,9.000,0.000,0.977,0.991,1.000,0.994,0.010,0.013,0.004,0.005,29.000,16.000,0.000,0.947,0.956,1.000,0.991,0.006,0.047,0.037,0.007
637,9,2,0.000,0.957,0.988,1.000,0.988,0.017,0.026,0.012,0.000,21,9,0.000,0.961,0.959,1.000,0.986,0.019,0.020,0.025,0.016,26.000,9.000,0.000,0.977,0.991,1.000,0.994,0.010,0.013,0.004,0.005,29.000,16.000,0.000,0.947,0.956,1.000,0.991,0.006,0.047,0.037,0.007
638,9,2,0.000,0.957,0.988,1.000,0.988,0.017,0.026,0.012,0.000,21,9,0.000,0.961,0.959,1.000,0.986,0.019,0.020,0.025,0.016,26.000,9.000,0.000,0.977,0.991,1.000,0.994,0.010,0.013,0.004,0.005,29.000,16.000,0.000,0.947,0.956,1.000,0.991,0.006,0.047,0.037,0.007
639,9,2,0.000,0.957,0.988,1.000,0.988,0.017,0.026,0.012,0.000,21,9,0.000,0.961,0.959,1.000,0.986,0.019,0.020,0.025,0.016,26.000,9.000,0.000,0.977,0.991,1.000,0.994,0.010,0.013,0.004,0.005,29.000,16.000,0.000,0.947,0.956,1.000,0.991,0.006,0.047,0.037,0.007
640,9,2,0.000,0.957,0.988,1.000,0.988,0.017,0.026,0.012,0.000,21,9,0.000,0.961,0.959,1.000,0.986,0.019,0.020,0.025,0.016,26.000,9.000,0.000,0.977,0.991,1.000,0.994,0.010,0.013,0.004,0.005,29.000,16.000,0.000,0.947,0.956,1.000,0.991,0.006,0.047,0.037,0.007
641,9,2,0.000,0.957,0.988,1.000,0.988,0.017,0.026,0.012,0.000,21,9,0.000,0.961,0.959,1.000,0.986,0.019,0.020,0.025,0.016,26.000,9.000,0.000,0.977,0.991,1.000,0.994,0.010,0.013,0.004,0.005,29.000,16.000,0.000,0.947,0.956,1.000,0.991,0.006,0.047,0.037,0.007
642,9,2,0.000,0.957,0.988,1.000,0.988,0.017,0.026,0.012,0.000,21,9,0.000,0.961,0.959,1.000,0.986,0.019,0.020,0.025,0.016,26.000,9.000,0.000,0.977,0.991,1.000,0.994,0.010,0.013,0.004,0.005,29.000,16.000,0.000,0.947,0.956,1.000,0.991,0.006,0.047,0.037,0.007
643,9,2,0.000,0.957,0.988,1.000,0.988,0.017,0.026,0.012,0.000,21,9,0.000,0.961,0.959,1.000,0.986,0.019,0.020,0.025,0.016,26.000,9.000,0.000,0.977,0.991,1.000,0.994,0.010,0.013,0.004,0.005,29.000,16.000,0.000,0.947,0.956,1.000,0.991,0.006,0.047,0.037,0.007
644,9,2,0.000,0.957,0.988,1.000,0.988,0.017,0.026,0.012,0.000,21,9,0.000,0.961,0.959,1.000,0.986,0.019,0.020,0.025,0.016,26.000,9.000,0.000,0.977,0.991,1.000,0.994,0.010,0.013,0.004,0.005,29.000,16.000,0.000,0.947,0.956,1.000,0.991,0.006,0.047,0.037,0.007
645,9,2,0.000,0.957,0.988,1.000,0.988,0.017,0.026,0.012,0.000,21,9,0.000,0.961,0.959,1.000,0.986,0.019,0.020,0.025,0.016,26.000,9.000,0.000,0.977,0.991,1.000,0.994,0.010,0.013,0.004,0.005,29.000,16.000,0.000,0.947,0.956,1.000,0.991,0.006,0.047,0.037,0.007
646,9,2,0.000,0.957,0.988,1.000,0.988,0.017,0.026,0.012,0.000,21,9,0.000,0.961,0.959,1.000,0.986,0.019,0.020,0.025,0.016,26.000,9.000,0.000,0.977,0.991,1.000,0.994,0.010,0.013,0.004,0.005,29.000,16.000,0.000,0.947,0.956,1.000,0.991,0.006,0.047,0.037,0.007
647,9,2,0.000,0.957,0.988,1.000,0.988,0.017,0.026,0.012,0.000,21,9,0.000,0.961,0.959,1.000,0.986,0.019,0.020,0.025,0.016,26.000,9.000,0.000,0.977,0.991,1.000,0.994,0.010,0.013,0.004,0.005,29.000,16.000,0.000,0.947,0.956,1.000,0.991,0.006,0.047,0.037,0.007
648,9,2,0.000,0.957,0.988,1.000,0.988,0.017,0.026,0.012,0.000,21,9,0.000,0.961,0.959,1.000,0.986,0.019,0.020,0.025,0.016,26.000,9.000,0.000,0.977,0.991,1.000,0.994,0.010,0.013,0.004,0.005,29.000,16.000,0.000,0.947,0.956,1.000,0.991,0.006,0.047,0.037,0.007
649,9,2,0.000,0.957,0.988,1.000,0.988,0.017,0.026,0.012,0.000,21,9,0.000,0.961,0.959,1.000,0.986,0.019,0.020,0.025,0.016,26.000,9.000,0.000,0.977,0.991,1.000,0.994,0.010,0.013,0.004,0.005,29.000,16.000,0.000,0.947,0.956,1.000,0.991,0.006,0.047,0.037,0.007
650,9,2,0.000,0.957,0.988,1.000,0.988,0.017,0.026,0.012,0.000,21,9,0.000,0.961,0.959,1.000,0.986,0.019,0.020,0.025,0.016,26.000,9.000,0.000,0.977,0.991,1.000,0.994,0.010,0.013,0.004,0.005,29.000,16.000,0.000,0.947,0.956,1.000,0.991,0.006,0.047,0.037,0.007
651,9,2,0.000,0.957,0.988,1.000,0.988,0.017,0.026,0.012,0.000,21,9,0.000,0.961,0.959,1.000,0.986,0.019,0.020,0.025,0.016,26.000,9.000,0.000,0.977,0.991,1.000,0.994,0.010,0.013,0.004,0.005,29.000,16.000,0.000,0.947,0.956,1.000,0.991,0.006,0.047,0.037,0.007
652,9,2,0.000,0.957,0.988,1.000,0.988,0.017,0.026,0.012,0.000,21,9,0.000,0.961,0.959,1.000,0.986,0.019,0.020,0.025,0.016,26.000,9.000,0.000,0.977,0.991,1.000,0.994,0.010,0.013,0.004,0.005,29.000,16.000,0.000,0.947,0.956,1.000,0.991,0.006,0.047,0.037,0.007
653,9,2,0.000,0.957,0.988,1.000,0.988,0.017,0.026,0.012,0.000,21,9,0.000,0.961,0.959,1.000,0.986,0.019,0.020,0.025,0.016,26.000,9.000,0.000,0.977,0.991,1.000,0.994,0.010,0.013,0.004,0.005,29.000,16.000,0.000,0.947,0.956,1.000,0.991,0.006,0.047,0.037,0.007
654,9,2,0.000,0.957,0.988,1.000,0.988,0.017,0.026,0.012,0.000,21,9,0.000,0.961,0.959,1.000,0.986,0.019,0.020,0.025,0.016,26.000,9.000,0.000,0.977,0.991,1.000,0.994,0.010,0.013,0.004,0.005,29.000,16.000,0.000,0.947,0.956,1.000,0.991,0.006,0.047,0.037,0.007
655,9,2,0.000,0.957,0.988,1.000,0.988,0.017,0.026,0.012,0.000,21,9,0.000,0.961,0.959,1.000,0.986,0.019,0.020,0.025,0.016,26.000,9.000,0.000,0.977,0.991,1.000,0.994,0.010,0.013,0.004,0.005,29.000,16.000,0.000,0.947,0.956,1.000,0.991,0.006,0.047,0.037,0.007
656,9,2,0.000,0.957,0.988,1.000,0.988,0.017,0.026,0.012,0.000,21,9,0.000,0.961,0.959,1.000,0.986,0.019,0.020,0.025,0.016,26.000,9.000,0.000,0.977,0.991,1.000,0.994,0.010,0.013,0.004,0.005,29.000,16.000,0.000,0.947,0.956,1.000,0.991,0.006,0.047,0.037,0.007
657,9,2,0.000,0.957,0.988,1.000,0.988,0.017,0.026,0.012,0.000,21,9,0.000,0.961,0.959,1.000,0.986,0.019,0.020,0.025,0.016,26.000,9.000,0.000,0.977,0.991,1.000,0.994,0.010,0.013,0.004,0.005,29.000,16.000,0.000,0.947,0.956,1.000,0.991,0.006,0.047,0.037,0.007
658,9,2,0.000,0.957,0.988,1.000,0.988,0.017,0.026,0.012,0.000,21,9,0.000,0.961,0.959,1.000,0.986,0.019,0.020,0.025,0.016,26.000,9.000,0.000,0.977,0.991,1.000,0.994,0.010,0.013,0.004,0.005,29.000,16.000,0.000,0.947,0.956,1.000,0.991,0.006,0.047,0.037,0.007
659,9,2,0.000,0.957,0.988,1.000,0.988,0.017,0.026,0.012,0.000,21,9,0.000,0.961,0.959,1.000,0.986,0.019,0.020,0.025,0.016,26.000,9.000,0.000,0.977,0.991,1.000,0.994,0.010,0.013,0.004,0.005,29.000,16.000,0.000,0.947,0.956,1.000,0.991,0.006,0.047,0.037,0.007
660,9,2,0.000,0.957,0.988,1.000,0.988,0.017,0.026,0.012,0.000,21,9,0.000,0.961,0.959,1.000,0.986,0.019,0.020,0.025,0.016,26.000,9.000,0.000,0.977,0.991,1.000,0.994,0.010,0.013,0.004,0.005,29.000,16.000,0.000,0.947,0.956,1.000,0.991,0.006,0.047,0.037,0.007
661,9,2,0.000,0.957,0.988,1.000,0.988,0.017,0.026,0.012,0.000,21,9,0.000,0.961,0.959,1.000,0.986,0.019,0.020,0.025,0.016,26.000,9.000,0.000,0.977,0.991,1.000,0.994,0.010,0.013,0.004,0.005,29.000,16.000,0.000,0.947,0.956,1.000,0.991,0.006,0.047,0.037,0.007
662,9,2,0.000,0.957,0.988,1.000,0.988,0.017,0.026,0.012,0.000,21,9,0.000,0.961,0.959,1.000,0.986,0.019,0.020,0.025,0.016,26.000,9.000,0.000,0.977,0.991,1.000,0.994,0.010,0.013,0.004,0.005,29.000,16.000,0.000,0.947,0.956,1.000,0.991,0.006,0.047,0.037,0.007
663,9,2,0.000,0.957,0.988,1.000,0.988,0.017,0.026,0.012,0.000,21,9,0.000,0.961,0.959,1.000,0.986,0.019,0.020,0.025,0.016,26.000,9.000,0.000,0.977,0.991,1.000,0.994,0.010,0.013,0.004,0.005,29.000,16.000,0.000,0.947,0.956,1.000,0.991,0.006,0.047,0.037,0.007
664,9,2,0.000,0.957,0.988,1.000,0.988,0.017,0.026,0.012,0.000,21,9,0.000,0.961,0.959,1.000,0.986,0.019,0.020,0.025,0.016,26.000,9.000,0.000,0.977,0.991,1.000,0.994,0.010,0.013,0.004,0.005,29.000,16.000,0.000,0.947,0.956,1.000,0.991,0.006,0.047,0.037,0.007
665,9,2,0.000,0.957,0.988,1.000,0.988,0.017,0.026,0.012,0.000,21,9,0.000,0.961,0.959,1.000,0.986,0.019,0.020,0.025,0.016,26.000,9.000,0.000,0.977,0.991,1.000,0.994,0.010,0.013,0.004,0.005,29.000,16.000,0.000,0.947,0.956,1.000,0.991,0.006,0.047,0.037,0.007
666,9,2,0.000,0.957,0.988,1.000,0.988,0.017,0.026,0.012,0.000,21,9,0.000,0.961,0.959,1.000,0.986,0.019,0.020,0.025,0.016,26.000,9.000,0.000,0.977,0.991,1.000,0.994,0.010,0.013,0.004,0.005,29.000,16.000,0.000,0.947,0.956,1.000,0.991,0.006,0.047,0.037,0.007
667,9,2,0.000,0.957,0.988,1.000,0.988,0.017,0.026,0.012,0.000,21,9,0.000,0.961,0.959,1.000,0.986,0.019,0.020,0.025,0.016,26.000,9.000,0.000,0.977,0.991,1.000,0.994,0.010,0.013,0.004,0.005,29.000,16.000,0.000,0.947,0.956,1.000,0.991,0.006,0.047,0.037,0.007
668,9,2,0.000,0.957,0.988,1.000,0.988,0.017,0.026,0.012,0.000,21,9,0.000,0.961,0.959,1.000,0.986,0.019,0.020,0.025,0.016,26.000,9.000,0.000,0.977,0.991,1.000,0.994,0.010,0.013,0.004,0.005,29.000,16.000,0.000,0.947,0.956,1.000,0.991,0.006,0.047,0.037,0.007
669,9,2,0.000,0.957,0.988,1.000,0.988,0.017,0.026,0.012,0.000,21,9,0.000,0.961,0.959,1.000,0.986,0.019,0.020,0.025,0.016,26.000,9.000,0.000,0.977,0.991,1.000,0.994,0.010,0.013,0.004,0.005,29.000,16.000,0.000,0.947,0.956,1.000,0.991,0.006,0.047,0.037,0.007
670,9,2,0.000,0.957,0.988,1.000,0.988,0.017,0.026,0.012,0.000,21,9,0.000,0.961,0.959,1.000,0.986,0.019,0.020,0.025,0.016,26.000,9.000,0.000,0.977,0.991,1.000,0.994,0.010,0.013,0.004,0.005,29.000,16.000,0.000,0.947,0.956,1.000,0.991,0.006,0.047,0.037,0.007
671,9,2,0.000,0.957,0.988,1.000,0.988,0.017,0.026,0.012,0.000,21,9,0.000,0.961,0.959,1.000,0.986,0.019,0.020,0.025,0.016,26.000,9.000,0.000,0.977,0.991,1.000,0.994,0.010,0.013,0.004,0.005,29.000,16.000,0.000,0.947,0.956,1.000,0.991,0.006,0.047,0.037,0.007
672,9,2,0.000,0.957,0.988,1.000,0.988,0.017,0.026,0.012,0.000,21,9,0.000,0.961,0.959,1.000,0.986,0.019,0.020,0.025,0.016,26.000,9.000,0.000,0.977,0.991,1.000,0.994,0.010,0.013,0.004,0.005,29.000,16.000,0.000,0.947,0.956,1.000,0.991,0.006,0.047,0.037,0.007
673,9,2,0.000,0.957,0.988,1.000,0.988,0.017,0.026,0.012,0.000,21,9,0.000,0.961,0.959,1.000,0.986,0.019,0.020,0.025,0.016,26.000,9.000,0.000,0.977,0.991,1.000,0.994,0.010,0.013,0.004,0.005,29.000,16.000,0.000,0.947,0.956,1.000,0.991,0.006,0.047,0.037,0.007
674,9,2,0.000,0.957,0.988,1.000,0.988,0.017,0.026,0.012,0.000,21,9,0.000,0.961,0.959,1.000,0.986,0.019,0.020,0.025,0.016,26.000,9.000,0.000,0.977,0.991,1.000,0.994,0.010,0.013,0.004,0.005,29.000,16.000,0.000,0.947,0.956,1.000,0.991,0.006,0.047,0.037,0.007
675,9,2,0.000,0.957,0.988,1.000,0.988,0.017,0.026,0.012,0.000,21,9,0.000,0.961,0.959,1.000,0.986,0.019,0.020,0.025,0.016,26.000,9.000,0.000,0.977,0.991,1.000,0.994,0.010,0.013,0.004,0.005,29.000,16.000,0.000,0.947,0.956,1.000,0.991,0.006,0.047,0.037,0.007
676,9,2,0.000,0.957,0.988,1.000,0.988,0.017,0.026,0.012,0.000,21,9,0.000,0.961,0.959,1.000,0.986,0.019,0.020,0.025,0.016,26.000,9.000,0.000,0.977,0.991,1.000,0.994,0.010,0.013,0.004,0.005,29.000,16.000,0.000,0.947,0.956,1.000,0.991,0.006,0.047,0.037,0.007
677,9,2,0.000,0.957,0.988,1.000,0.988,0.017,0.026,0.012,0.000,21,9,0.000,0.961,0.959,1.000,0.986,0.019,0.020,0.025,0.016,26.000,9.000,0.000,0.977,0.991,1.000,0.994,0.010,0.013,0.004,0.005,29.000,16.000,0.000,0.947,0.956,1.000,0.991,0.006,0.047,0.037,0.007
678,9,2,0.000,0.957,0.988,1.000,0.988,0.017,0.026,0.012,0.000,21,9,0.000,0.961,0.959,1.000,0.986,0.019,0.020,0.025,0.016,26.000,9.000,0.000,0.977,0.991,1.000,0.994,0.010,0.013,0.004,0.005,29.000,16.000,0.000,0.947,0.956,1.000,0.991,0.006,0.047,0.037,0.007
679,9,2,0.000,0.957,0.988,1.000,0.988,0.017,0.026,0.012,0.000,21,9,0.000,0.961,0.959,1.000,0.986,0.019,0.020,0.025,0.016,26.000,9.000,0.000,0.977,0.991,1.000,0.994,0.010,0.013,0.004,0.005,29.000,16.000,0.000,0.947,0.956,1.000,0.991,0.006,0.047,0.037,0.007
680,9,2,0.000,0.957,0.988,1.000,0.988,0.017,0.026,0.012,0.000,21,9,0.000,0.961,0.959,1.000,0.986,0.019,0.020,0.025,0.016,26.000,9.000,0.000,0.977,0.991,1.000,0.994,0.010,0.013,0.004,0.005,29.000,16.000,0.000,0.947,0.956,1.000,0.991,0.006,0.047,0.037,0.007
681,9,2,0.000,0.957,0.988,1.000,0.988,0.017,0.026,0.012,0.000,21,9,0.000,0.961,0.959,1.000,0.986,0.019,0.020,0.025,0.016,26.000,9.000,0.000,0.977,0.991,1.000,0.994,0.010,0.013,0.004,0.005,29.000,16.000,0.000,0.947,0.956,1.000,0.991,0.006,0.047,0.037,0.007
682,9,2,0.000,0.957,0.988,1.000,0.988,0.017,0.026,0.012,0.000,21,9,0.000,0.961,0.959,1.000,0.986,0.019,0.020,0.025,0.016,26.000,9.000,0.000,0.977,0.991,1.000,0.994,0.010,0.013,0.004,0.005,29.000,16.000,0.000,0.947,0.956,1.000,0.991,0.006,0.047,0.037,0.007
683,9,2,0.000,0.957,0.988,1.000,0.988,0.017,0.026,0.012,0.000,21,9,0.000,0.961,0.959,1.000,0.986,0.019,0.020,0.025,0.016,26.000,9.000,0.000,0.977,0.991,1.000,0.994,0.010,0.013,0.004,0.005,29.000,16.000,0.000,0.947,0.956,1.000,0.991,0.006,0.047,0.037,0.007
684,9,2,0.000,0.957,0.988,1.000,0.988,0.017,0.026,0.012,0.000,21,9,0.000,0.961,0.959,1.000,0.986,0.019,0.020,0.025,0.016,26.000,9.000,0.000,0.977,0.991,1.000,0.994,0.010,0.013,0.004,0.005,29.000,16.000,0.000,0.947,0.956,1.000,0.991,0.006,0.047,0.037,0.007
685,9,2,0.000,0.957,0.988,1.000,0.988,0.017,0.026,0.012,0.000,21,9,0.000,0.961,0.959,1.000,0.986,0.019,0.020,0.025,0.016,26.000,9.000,0.000,0.977,0.991,1.000,0.994,0.010,0.013,0.004,0.005,29.000,16.000,0.000,0.947,0.956,1.000,0.991,0.006,0.047,0.037,0.007
686,9,2,0.000,0.957,0.988,1.000,0.988,0.017,0.026,0.012,0.000,21,9,0.000,0.961,0.959,1.000,0.986,0.019,0.020,0.025,0.016,26.000,9.000,0.000,0.977,0.991,1.000,0.994,0.010,0.013,0.004,0.005,29.000,16.000,0.000,0.947,0.956,1.000,0.991,0.006,0.047,0.037,0.007
687,9,2,0.000,0.957,0.988,1.000,0.988,0.017,0.026,0.012,0.000,21,9,0.000,0.961,0.959,1.000,0.986,0.019,0.020,0.025,0.016,26.000,9.000,0.000,0.977,0.991,1.000,0.994,0.010,0.013,0.004,0.005,29.000,16.000,0.000,0.947,0.956,1.000,0.991,0.006,0.047,0.037,0.007
688,9,2,0.000,0.957,0.988,1.000,0.988,0.017,0.026,0.012,0.000,21,9,0.000,0.961,0.959,1.000,0.986,0.019,0.020,0.025,0.016,26.000,9.000,0.000,0.977,0.991,1.000,0.994,0.010,0.013,0.004,0.005,29.000,16.000,0.000,0.947,0.956,1.000,0.991,0.006,0.047,0.037,0.007
689,9,2,0.000,0.957,0.988,1.000,0.988,0.017,0.026,0.012,0.000,21,9,0.000,0.961,0.959,1.000,0.986,0.019,0.020,0.025,0.016,26.000,9.000,0.000,0.977,0.991,1.000,0.994,0.010,0.013,0.004,0.005,29.000,16.000,0.000,0.947,0.956,1.000,0.991,0.006,0.047,0.037,0.007
690,9,2,0.000,0.957,0.988,1.000,0.988,0.017,0.026,0.012,0.000,21,9,0.000,0.961,0.959,1.000,0.986,0.019,0.020,0.025,0.016,26.000,9.000,0.000,0.977,0.991,1.000,0.994,0.010,0.013,0.004,0.005,29.000,16.000,0.000,0.947,0.956,1.000,0.991,0.006,0.047,0.037,0.007
691,9,2,0.000,0.957,0.988,1.000,0.988,0.017,0.026,0.012,0.000,21,9,0.000,0.961,0.959,1.000,0.986,0.019,0.020,0.025,0.016,26.000,9.000,0.000,0.977,0.991,1.000,0.994,0.010,0.013,0.004,0.005,29.000,16.000,0.000,0.947,0.956,1.000,0.991,0.006,0.047,0.037,0.007
692,9,2,0.000,0.957,0.988,1.000,0.988,0.017,0.026,0.012,0.000,21,9,0.000,0.961,0.959,1.000,0.986,0.019,0.020,0.025,0.016,26.000,9.000,0.000,0.977,0.991,1.000,0.994,0.010,0.013,0.004,0.005,29.000,16.000,0.000,0.947,0.956,1.000,0.991,0.006,0.047,0.037,0.007
693,9,2,0.000,0.957,0.988,1.000,0.988,0.017,0.026,0.012,0.000,21,9,0.000,0.961,0.959,1.000,0.986,0.019,0.020,0.025,0.016,26.000,9.000,0.000,0.977,0.991,1.000,0.994,0.010,0.013,0.004,0.005,29.000,16.000,0.000,0.947,0.956,1.000,0.991,0.006,0.047,0.037,0.007
694,9,2,0.000,0.957,0.988,1.000,0.988,0.017,0.026,0.012,0.000,21,9,0.000,0.961,0.959,1.000,0.986,0.019,0.020,0.025,0.016,26.000,9.000,0.000,0.977,0.991,1.000,0.994,0.010,0.013,0.004,0.005,29.000,16.000,0.000,0.947,0.956,1.000,0.991,0.006,0.047,0.037,0.007
695,9,2,0.000,0.957,0.988,1.000,0.988,0.017,0.026,0.012,0.000,21,9,0.000,0.961,0.959,1.000,0.986,0.019,0.020,0.025,0.016,26.000,9.000,0.000,0.977,0.991,1.000,0.994,0.010,0.013,0.004,0.005,29.000,16.000,0.000,0.947,0.956,1.000,0.991,0.006,0.047,0.037,0.007
696,9,2,0.000,0.957,0.988,1.000,0.988,0.017,0.026,0.012,0.000,21,9,0.000,0.961,0.959,1.000,0.986,0.019,0.020,0.025,0.016,26.000,9.000,0.000,0.977,0.991,1.000,0.994,0.010,0.013,0.004,0.005,29.000,16.000,0.000,0.947,0.956,1.000,0.991,0.006,0.047,0.037,0.007
697,9,2,0.000,0.957,0.988,1.000,0.988,0.017,0.026,0.012,0.000,21,9,0.000,0.961,0.959,1.000,0.986,0.019,0.020,0.025,0.016,26.000,9.000,0.000,0.977,0.991,1.000,0.994,0.010,0.013,0.004,0.005,29.000,16.000,0.000,0.947,0.956,1.000,0.991,0.006,0.047,0.037,0.007
698,9,2,0.000,0.957,0.988,1.000,0.988,0.017,0.026,0.012,0.000,21,9,0.000,0.961,0.959,1.000,0.986,0.019,0.020,0.025,0.016,26.000,9.000,0.000,0.977,0.991,1.000,0.994,0.010,0.013,0.004,0.005,29.000,16.000,0.000,0.947,0.956,1.000,0.991,0.006,0.047,0.037,0.007
699,9,2,0.000,0.957,0.988,1.000,0.988,0.017,0.026,0.012,0.000,21,9,0.000,0.961,0.959,1.000,0.986,0.019,0.020,0.025,0.016,26.000,9.000,0.000,0.977,0.991,1.000,0.994,0.010,0.013,0.004,0.005,29.000,16.000,0.000,0.947,0.956,1.000,0.991,0.006,0.047,0.037,0.007
700,9,2,0.000,0.957,0.988,1.000,0.988,0.017,0.026,0.012,0.000,21,9,0.000,0.961,0.959,1.000,0.986,0.019,0.020,0.025,0.016,26.000,9.000,0.000,0.977,0.991,1.000,0.994,0.010,0.013,0.004,0.005,29.000,16.000,0.000,0.947,0.956,1.000,0.991,0.006,0.047,0.037,0.007
701,9,2,0.000,0.957,0.988,1.000,0.988,0.017,0.026,0.012,0.000,21,9,0.000,0.961,0.959,1.000,0.986,0.019,0.020,0.025,0.016,26.000,9.000,0.000,0.977,0.991,1.000,0.994,0.010,0.013,0.004,0.005,29.000,16.000,0.000,0.947,0.956,1.000,0.991,0.006,0.047,0.037,0.007
702,9,2,0.000,0.957,0.988,1.000,0.988,0.017,0.026,0.012,0.000,21,9,0.000,0.961,0.959,1.000,0.986,0.019,0.020,0.025,0.016,26.000,9.000,0.000,0.977,0.991,1.000,0.994,0.010,0.013,0.004,0.005,29.000,16.000,0.000,0.947,0.956,1.000,0.991,0.006,0.047,0.037,0.007
703,9,2,0.000,0.957,0.988,1.000,0.988,0.017,0.026,0.012,0.000,21,9,0.000,0.961,0.959,1.000,0.986,0.019,0.020,0.025,0.016,26.000,9.000,0.000,0.977,0.991,1.000,0.994,0.010,0.013,0.004,0.005,29.000,16.000,0.000,0.947,0.956,1.000,0.991,0.006,0.047,0.037,0.007
704,9,2,0.000,0.957,0.988,1.000,0.988,0.017,0.026,0.012,0.000,21,9,0.000,0.961,0.959,1.000,0.986,0.019,0.020,0.025,0.016,26.000,9.000,0.000,0.977,0.991,1.000,0.994,0.010,0.013,0.004,0.005,29.000,16.000,0.000,0.947,0.956,1.000,0.991,0.006,0.047,0.037,0.007
705,9,2,0.000,0.957,0.988,1.000,0.988,0.017,0.026,0.012,0.000,21,9,0.000,0.961,0.959,1.000,0.986,0.019,0.020,0.025,0.016,26.000,9.000,0.000,0.977,0.991,1.000,0.994,0.010,0.013,0.004,0.005,29.000,16.000,0.000,0.947,0.956,1.000,0.991,0.006,0.047,0.037,0.007
706,9,2,0.000,0.957,0.988,1.000,0.988,0.017,0.026,0.012,0.000,21,9,0.000,0.961,0.959,1.000,0.986,0.019,0.020,0.025,0.016,26.000,9.000,0.000,0.977,0.991,1.000,0.994,0.010,0.013,0.004,0.005,29.000,16.000,0.000,0.947,0.956,1.000,0.991,0.006,0.047,0.037,0.007
707,9,2,0.000,0.957,0.988,1.000,0.988,0.017,0.026,0.012,0.000,21,9,0.000,0.961,0.959,1.000,0.986,0.019,0.020,0.025,0.016,26.000,9.000,0.000,0.977,0.991,1.000,0.994,0.010,0.013,0.004,0.005,29.000,16.000,0.000,0.947,0.956,1.000,0.991,0.006,0.047,0.037,0.007
708,9,2,0.000,0.957,0.988,1.000,0.988,0.017,0.026,0.012,0.000,21,9,0.000,0.961,0.959,1.000,0.986,0.019,0.020,0.025,0.016,26.000,9.000,0.000,0.977,0.991,1.000,0.994,0.010,0.013,0.004,0.005,29.000,16.000,0.000,0.947,0.956,1.000,0.991,0.006,0.047,0.037,0.007
709,9,2,0.000,0.957,0.988,1.000,0.988,0.017,0.026,0.012,0.000,21,9,0.000,0.961,0.959,1.000,0.986,0.019,0.020,0.025,0.016,26.000,9.000,0.000,0.977,0.991,1.000,0.994,0.010,0.013,0.004,0.005,29.000,16.000,0.000,0.947,0.956,1.000,0.991,0.006,0.047,0.037,0.007
710,9,2,0.000,0.957,0.988,1.000,0.988,0.017,0.026,0.012,0.000,21,9,0.000,0.961,0.959,1.000,0.986,0.019,0.020,0.025,0.016,26.000,9.000,0.000,0.977,0.991,1.000,0.994,0.010,0.013,0.004,0.005,29.000,16.000,0.000,0.947,0.956,1.000,0.991,0.006,0.047,0.037,0.007
711,9,2,0.000,0.957,0.988,1.000,0.988,0.017,0.026,0.012,0.000,21,9,0.000,0.961,0.959,1.000,0.986,0.019,0.020,0.025,0.016,26.000,9.000,0.000,0.977,0.991,1.000,0.994,0.010,0.013,0.004,0.005,29.000,16.000,0.000,0.947,0.956,1.000,0.991,0.006,0.047,0.037,0.007
712,9,2,0.000,0.957,0.988,1.000,0.988,0.017,0.026,0.012,0.000,21,9,0.000,0.961,0.959,1.000,0.986,0.019,0.020,0.025,0.016,26.000,9.000,0.000,0.977,0.991,1.000,0.994,0.010,0.013,0.004,0.005,29.000,16.000,0.000,0.947,0.956,1.000,0.991,0.006,0.047,0.037,0.007
713,9,2,0.000,0.957,0.988,1.000,0.988,0.017,0.026,0.012,0.000,21,9,0.000,0.961,0.959,1.000,0.986,0.019,0.020,0.025,0.016,26.000,9.000,0.000,0.977,0.991,1.000,0.994,0.010,0.013,0.004,0.005,29.000,16.000,0.000,0.947,0.956,1.000,0.991,0.006,0.047,0.037,0.007
714,9,2,0.000,0.957,0.988,1.000,0.988,0.017,0.026,0.012,0.000,21,9,0.000,0.961,0.959,1.000,0.986,0.019,0.020,0.025,0.016,26.000,9.000,0.000,0.977,0.991,1.000,0.994,0.010,0.013,0.004,0.005,29.000,16.000,0.000,0.947,0.956,1.000,0.991,0.006,0.047,0.037,0.007
715,9,2,0.000,0.957,0.988,1.000,0.988,0.017,0.026,0.012,0.000,21,9,0.000,0.961,0.959,1.000,0.986,0.019,0.020,0.025,0.016,26.000,9.000,0.000,0.977,0.991,1.000,0.994,0.010,0.013,0.004,0.005,29.000,16.000,0.000,0.947,0.956,1.000,0.991,0.006,0.047,0.037,0.007
716,9,2,0.000,0.957,0.988,1.000,0.988,0.017,0.026,0.012,0.000,21,9,0.000,0.961,0.959,1.000,0.986,0.019,0.020,0.025,0.016,26.000,9.000,0.000,0.977,0.991,1.000,0.994,0.010,0.013,0.004,0.005,29.000,16.000,0.000,0.947,0.956,1.000,0.991,0.006,0.047,0.037,0.007
717,9,2,0.000,0.957,0.988,1.000,0.988,0.017,0.026,0.012,0.000,21,9,0.000,0.961,0.959,1.000,0.986,0.019,0.020,0.025,0.016,26.000,9.000,0.000,0.977,0.991,1.000,0.994,0.010,0.013,0.004,0.005,29.000,16.000,0.000,0.947,0.956,1.000,0.991,0.006,0.047,0.037,0.007
718,9,2,0.000,0.957,0.988,1.000,0.988,0.017,0.026,0.012,0.000,21,9,0.000,0.961,0.959,1.000,0.986,0.019,0.020,0.025,0.016,26.000,9.000,0.000,0.977,0.991,1.000,0.994,0.010,0.013,0.004,0.005,29.000,16.000,0.000,0.947,0.956,1.000,0.991,0.006,0.047,0.037,0.007
719,9,2,0.000,0.957,0.988,1.000,0.988,0.017,0.026,0.012,0.000,21,9,0.000,0.961,0.959,1.000,0.986,0.019,0.020,0.025,0.016,26.000,9.000,0.000,0.977,0.991,1.000,0.994,0.010,0.013,0.004,0.005,29.000,16.000,0.000,0.947,0.956,1.000,0.991,0.006,0.047,0.037,0.007
720,9,2,0.000,0.957,0.988,1.000,0.988,0.017,0.026,0.012,0.000,21,9,0.000,0.961,0.959,1.000,0.986,0.019,0.020,0.025,0.016,26.000,9.000,0.000,0.977,0.991,1.000,0.994,0.010,0.013,0.004,0.005,29.000,16.000,0.000,0.947,0.956,1.000,0.991,0.006,0.047,0.037,0.007
721,9,2,0.000,0.957,0.988,1.000,0.988,0.017,0.026,0.012,0.000,21,9,0.000,0.961,0.959,1.000,0.986,0.019,0.020,0.025,0.016,26.000,9.000,0.000,0.977,0.991,1.000,0.994,0.010,0.013,0.004,0.005,29.000,16.000,0.000,0.947,0.956,1.000,0.991,0.006,0.047,0.037,0.007
722,9,2,0.000,0.957,0.988,1.000,0.988,0.017,0.026,0.012,0.000,21,9,0.000,0.961,0.959,1.000,0.986,0.019,0.020,0.025,0.016,26.000,9.000,0.000,0.977,0.991,1.000,0.994,0.010,0.013,0.004,0.005,29.000,16.000,0.000,0.947,0.956,1.000,0.991,0.006,0.047,0.037,0.007
723,9,2,0.000,0.957,0.988,1.000,0.988,0.017,0.026,0.012,0.000,21,9,0.000,0.961,0.959,1.000,0.986,0.019,0.020,0.025,0.016,26.000,9.000,0.000,0.977,0.991,1.000,0.994,0.010,0.013,0.004,0.005,29.000,16.000,0.000,0.947,0.956,1.000,0.991,0.006,0.047,0.037,0.007
724,9,2,0.000,0.957,0.988,1.000,0.988,0.017,0.026,0.012,0.000,21,9,0.000,0.961,0.959,1.000,0.986,0.019,0.020,0.025,0.016,26.000,9.000,0.000,0.977,0.991,1.000,0.994,0.010,0.013,0.004,0.005,29.000,16.000,0.000,0.947,0.956,1.000,0.991,0.006,0.047,0.037,0.007
725,9,2,0.000,0.957,0.988,1.000,0.988,0.017,0.026,0.012,0.000,21,9,0.000,0.961,0.959,1.000,0.986,0.019,0.020,0.025,0.016,26.000,9.000,0.000,0.977,0.991,1.000,0.994,0.010,0.013,0.004,0.005,29.000,16.000,0.000,0.947,0.956,1.000,0.991,0.006,0.047,0.037,0.007
726,9,2,0.000,0.957,0.988,1.000,0.988,0.017,0.026,0.012,0.000,21,9,0.000,0.961,0.959,1.000,0.986,0.019,0.020,0.025,0.016,26.000,9.000,0.000,0.977,0.991,1.000,0.994,0.010,0.013,0.004,0.005,29.000,16.000,0.000,0.947,0.956,1.000,0.991,0.006,0.047,0.037,0.007
727,9,2,0.000,0.957,0.988,1.000,0.988,0.017,0.026,0.012,0.000,21,9,0.000,0.961,0.959,1.000,0.986,0.019,0.020,0.025,0.016,26.000,9.000,0.000,0.977,0.991,1.000,0.994,0.010,0.013,0.004,0.005,29.000,16.000,0.000,0.947,0.956,1.000,0.991,0.006,0.047,0.037,0.007
728,9,2,0.000,0.957,0.988,1.000,0.988,0.017,0.026,0.012,0.000,21,9,0.000,0.961,0.959,1.000,0.986,0.019,0.020,0.025,0.016,26.000,9.000,0.000,0.977,0.991,1.000,0.994,0.010,0.013,0.004,0.005,29.000,16.000,0.000,0.947,0.956,1.000,0.991,0.006,0.047,0.037,0.007
729,9,2,0.000,0.957,0.988,1.000,0.988,0.017,0.026,0.012,0.000,21,9,0.000,0.961,0.959,1.000,0.986,0.019,0.020,0.025,0.016,26.000,9.000,0.000,0.977,0.991,1.000,0.994,0.010,0.013,0.004,0.005,29.000,16.000,0.000,0.947,0.956,1.000,0.991,0.006,0.047,0.037,0.007
730,9,2,0.000,0.957,0.988,1.000,0.988,0.017,0.026,0.012,0.000,21,9,0.000,0.961,0.959,1.000,0.986,0.019,0.020,0.025,0.016,26.000,9.000,0.000,0.977,0.991,1.000,0.994,0.010,0.013,0.004,0.005,29.000,16.000,0.000,0.947,0.956,1.000,0.991,0.006,0.047,0.037,0.007
731,9,2,0.000,0.957,0.988,1.000,0.988,0.017,0.026,0.012,0.000,21,9,0.000,0.961,0.959,1.000,0.986,0.019,0.020,0.025,0.016,26.000,9.000,0.000,0.977,0.991,1.000,0.994,0.010,0.013,0.004,0.005,29.000,16.000,0.000,0.947,0.956,1.000,0.991,0.006,0.047,0.037,0.007
732,9,2,0.000,0.957,0.988,1.000,0.988,0.017,0.026,0.012,0.000,21,9,0.000,0.961,0.959,1.000,0.986,0.019,0.020,0.025,0.016,26.000,9.000,0.000,0.977,0.991,1.000,0.994,0.010,0.013,0.004,0.005,29.000,16.000,0.000,0.947,0.956,1.000,0.991,0.006,0.047,0.037,0.007
733,9,2,0.000,0.957,0.988,1.000,0.988,0.017,0.026,0.012,0.000,21,9,0.000,0.961,0.959,1.000,0.986,0.019,0.020,0.025,0.016,26.000,9.000,0.000,0.977,0.991,1.000,0.994,0.010,0.013,0.004,0.005,29.000,16.000,0.000,0.947,0.956,1.000,0.991,0.006,0.047,0.037,0.007
734,9,2,0.000,0.957,0.988,1.000,0.988,0.017,0.026,0.012,0.000,21,9,0.000,0.961,0.959,1.000,0.986,0.019,0.020,0.025,0.016,26.000,9.000,0.000,0.977,0.991,1.000,0.994,0.010,0.013,0.004,0.005,29.000,16.000,0.000,0.947,0.956,1.000,0.991,0.006,0.047,0.037,0.007
735,9,2,0.000,0.957,0.988,1.000,0.988,0.017,0.026,0.012,0.000,21,9,0.000,0.961,0.959,1.000,0.986,0.019,0.020,0.025,0.016,26.000,9.000,0.000,0.977,0.991,1.000,0.994,0.010,0.013,0.004,0.005,29.000,16.000,0.000,0.947,0.956,1.000,0.991,0.006,0.047,0.037,0.007
736,9,2,0.000,0.957,0.988,1.000,0.988,0.017,0.026,0.012,0.000,21,9,0.000,0.961,0.959,1.000,0.986,0.019,0.020,0.025,0.016,26.000,9.000,0.000,0.977,0.991,1.000,0.994,0.010,0.013,0.004,0.005,29.000,16.000,0.000,0.947,0.956,1.000,0.991,0.006,0.047,0.037,0.007
737,9,2,0.000,0.957,0.988,1.000,0.988,0.017,0.026,0.012,0.000,21,9,0.000,0.961,0.959,1.000,0.986,0.019,0.020,0.025,0.016,26.000,9.000,0.000,0.977,0.991,1.000,0.994,0.010,0.013,0.004,0.005,29.000,16.000,0.000,0.947,0.956,1.000,0.991,0.006,0.047,0.037,0.007
738,9,2,0.000,0.957,0.988,1.000,0.988,0.017,0.026,0.012,0.000,21,9,0.000,0.961,0.959,1.000,0.986,0.019,0.020,0.025,0.016,26.000,9.000,0.000,0.977,0.991,1.000,0.994,0.010,0.013,0.004,0.005,29.000,16.000,0.000,0.947,0.956,1.000,0.991,0.006,0.047,0.037,0.007
739,9,2,0.000,0.957,0.988,1.000,0.988,0.017,0.026,0.012,0.000,21,9,0.000,0.961,0.959,1.000,0.986,0.019,0.020,0.025,0.016,26.000,9.000,0.000,0.977,0.991,1.000,0.994,0.010,0.013,0.004,0.005,29.000,16.000,0.000,0.947,0.956,1.000,0.991,0.006,0.047,0.037,0.007
740,9,2,0.000,0.957,0.988,1.000,0.988,0.017,0.026,0.012,0.000,21,9,0.000,0.961,0.959,1.000,0.986,0.019,0.020,0.025,0.016,26.000,9.000,0.000,0.977,0.991,1.000,0.994,0.010,0.013,0.004,0.005,29.000,16.000,0.000,0.947,0.956,1.000,0.991,0.006,0.047,0.037,0.007
741,9,2,0.000,0.957,0.988,1.000,0.988,0.017,0.026,0.012,0.000,21,9,0.000,0.961,0.959,1.000,0.986,0.019,0.020,0.025,0.016,26.000,9.000,0.000,0.977,0.991,1.000,0.994,0.010,0.013,0.004,0.005,29.000,16.000,0.000,0.947,0.956,1.000,0.991,0.006,0.047,0.037,0.007
742,9,2,0.000,0.957,0.988,1.000,0.988,0.017,0.026,0.012,0.000,21,9,0.000,0.961,0.959,1.000,0.986,0.019,0.020,0.025,0.016,26.000,9.000,0.000,0.977,0.991,1.000,0.994,0.010,0.013,0.004,0.005,29.000,16.000,0.000,0.947,0.956,1.000,0.991,0.006,0.047,0.037,0.007
743,9,2,0.000,0.957,0.988,1.000,0.988,0.017,0.026,0.012,0.000,21,9,0.000,0.961,0.959,1.000,0.986,0.019,0.020,0.025,0.016,26.000,9.000,0.000,0.977,0.991,1.000,0.994,0.010,0.013,0.004,0.005,29.000,16.000,0.000,0.947,0.956,1.000,0.991,0.006,0.047,0.037,0.007
744,9,2,0.000,0.957,0.988,1.000,0.988,0.017,0.026,0.012,0.000,21,9,0.000,0.961,0.959,1.000,0.986,0.019,0.020,0.025,0.016,26.000,9.000,0.000,0.977,0.991,1.000,0.994,0.010,0.013,0.004,0.005,29.000,16.000,0.000,0.947,0.956,1.000,0.991,0.006,0.047,0.037,0.007
745,9,2,0.000,0.957,0.988,1.000,0.988,0.017,0.026,0.012,0.000,21,9,0.000,0.961,0.959,1.000,0.986,0.019,0.020,0.025,0.016,26.000,9.000,0.000,0.977,0.991,1.000,0.994,0.010,0.013,0.004,0.005,29.000,16.000,0.000,0.947,0.956,1.000,0.991,0.006,0.047,0.037,0.007
746,9,2,0.000,0.957,0.988,1.000,0.988,0.017,0.026,0.012,0.000,21,9,0.000,0.961,0.959,1.000,0.986,0.019,0.020,0.025,0.016,26.000,9.000,0.000,0.977,0.991,1.000,0.994,0.010,0.013,0.004,0.005,29.000,16.000,0.000,0.947,0.956,1.000,0.991,0.006,0.047,0.037,0.007
747,9,2,0.000,0.957,0.988,1.000,0.988,0.017,0.026,0.012,0.000,21,9,0.000,0.961,0.959,1.000,0.986,0.019,0.020,0.025,0.016,26.000,9.000,0.000,0.977,0.991,1.000,0.994,0.010,0.013,0.004,0.005,29.000,16.000,0.000,0.947,0.956,1.000,0.991,0.006,0.047,0.037,0.007
748,9,2,0.000,0.957,0.988,1.000,0.988,0.017,0.026,0.012,0.000,21,9,0.000,0.961,0.959,1.000,0.986,0.019,0.020,0.025,0.016,26.000,9.000,0.000,0.977,0.991,1.000,0.994,0.010,0.013,0.004,0.005,29.000,16.000,0.000,0.947,0.956,1.000,0.991,0.006,0.047,0.037,0.007
749,9,2,0.000,0.957,0.988,1.000,0.988,0.017,0.026,0.012,0.000,21,9,0.000,0.961,0.959,1.000,0.986,0.019,0.020,0.025,0.016,26.000,9.000,0.000,0.977,0.991,1.000,0.994,0.010,0.013,0.004,0.005,29.000,16.000,0.000,0.947,0.956,1.000,0.991,0.006,0.047,0.037,0.007
750,9,2,0.000,0.957,0.988,1.000,0.988,0.017,0.026,0.012,0.000,21,9,0.000,0.961,0.959,1.000,0.986,0.019,0.020,0.025,0.016,26.000,9.000,0.000,0.977,0.991,1.000,0.994,0.010,0.013,0.004,0.005,29.000,16.000,0.000,0.947,0.956,1.000,0.991,0.006,0.047,0.037,0.007
751,9,2,0.000,0.957,0.988,1.000,0.988,0.017,0.026,0.012,0.000,21,9,0.000,0.961,0.959,1.000,0.986,0.019,0.020,0.025,0.016,26.000,9.000,0.000,0.977,0.991,1.000,0.994,0.010,0.013,0.004,0.005,29.000,16.000,0.000,0.947,0.956,1.000,0.991,0.006,0.047,0.037,0.007
752,9,2,0.000,0.957,0.988,1.000,0.988,0.017,0.026,0.012,0.000,21,9,0.000,0.961,0.959,1.000,0.986,0.019,0.020,0.025,0.016,26.000,9.000,0.000,0.977,0.991,1.000,0.994,0.010,0.013,0.004,0.005,29.000,16.000,0.000,0.947,0.956,1.000,0.991,0.006,0.047,0.037,0.007
753,9,2,0.000,0.957,0.988,1.000,0.988,0.017,0.026,0.012,0.000,21,9,0.000,0.961,0.959,1.000,0.986,0.019,0.020,0.025,0.016,26.000,9.000,0.000,0.977,0.991,1.000,0.994,0.010,0.013,0.004,0.005,29.000,16.000,0.000,0.947,0.956,1.000,0.991,0.006,0.047,0.037,0.007
754,9,2,0.000,0.957,0.988,1.000,0.988,0.017,0.026,0.012,0.000,21,9,0.000,0.961,0.959,1.000,0.986,0.019,0.020,0.025,0.016,26.000,9.000,0.000,0.977,0.991,1.000,0.994,0.010,0.013,0.004,0.005,29.000,16.000,0.000,0.947,0.956,1.000,0.991,0.006,0.047,0.037,0.007
755,9,2,0.000,0.957,0.988,1.000,0.988,0.017,0.026,0.012,0.000,21,9,0.000,0.961,0.959,1.000,0.986,0.019,0.020,0.025,0.016,26.000,9.000,0.000,0.977,0.991,1.000,0.994,0.010,0.013,0.004,0.005,29.000,16.000,0.000,0.947,0.956,1.000,0.991,0.006,0.047,0.037,0.007
756,9,2,0.000,0.957,0.988,1.000,0.988,0.017,0.026,0.012,0.000,21,9,0.000,0.961,0.959,1.000,0.986,0.019,0.020,0.025,0.016,26.000,9.000,0.000,0.977,0.991,1.000,0.994,0.010,0.013,0.004,0.005,29.000,16.000,0.000,0.947,0.956,1.000,0.991,0.006,0.047,0.037,0.007
757,9,2,0.000,0.957,0.988,1.000,0.988,0.017,0.026,0.012,0.000,21,9,0.000,0.961,0.959,1.000,0.986,0.019,0.020,0.025,0.016,26.000,9.000,0.000,0.977,0.991,1.000,0.994,0.010,0.013,0.004,0.005,29.000,16.000,0.000,0.947,0.956,1.000,0.991,0.006,0.047,0.037,0.007
758,9,2,0.000,0.957,0.988,1.000,0.988,0.017,0.026,0.012,0.000,21,9,0.000,0.961,0.959,1.000,0.986,0.019,0.020,0.025,0.016,26.000,9.000,0.000,0.977,0.991,1.000,0.994,0.010,0.013,0.004,0.005,29.000,16.000,0.000,0.947,0.956,1.000,0.991,0.006,0.047,0.037,0.007
759,9,2,0.000,0.957,0.988,1.000,0.988,0.017,0.026,0.012,0.000,21,9,0.000,0.961,0.959,1.000,0.986,0.019,0.020,0.025,0.016,26.000,9.000,0.000,0.977,0.991,1.000,0.994,0.010,0.013,0.004,0.005,29.000,16.000,0.000,0.947,0.956,1.000,0.991,0.006,0.047,0.037,0.007
760,9,2,0.000,0.957,0.988,1.000,0.988,0.017,0.026,0.012,0.000,21,9,0.000,0.961,0.959,1.000,0.986,0.019,0.020,0.025,0.016,26.000,9.000,0.000,0.977,0.991,1.000,0.994,0.010,0.013,0.004,0.005,29.000,16.000,0.000,0.947,0.956,1.000,0.991,0.006,0.047,0.037,0.007
761,9,2,0.000,0.957,0.988,1.000,0.988,0.017,0.026,0.012,0.000,21,9,0.000,0.961,0.959,1.000,0.986,0.019,0.020,0.025,0.016,26.000,9.000,0.000,0.977,0.991,1.000,0.994,0.010,0.013,0.004,0.005,29.000,16.000,0.000,0.947,0.956,1.000,0.991,0.006,0.047,0.037,0.007
762,9,2,0.000,0.957,0.988,1.000,0.988,0.017,0.026,0.012,0.000,21,9,0.000,0.961,0.959,1.000,0.986,0.019,0.020,0.025,0.016,26.000,9.000,0.000,0.977,0.991,1.000,0.994,0.010,0.013,0.004,0.005,29.000,16.000,0.000,0.947,0.956,1.000,0.991,0.006,0.047,0.037,0.007
763,9,2,0.000,0.957,0.988,1.000,0.988,0.017,0.026,0.012,0.000,21,9,0.000,0.961,0.959,1.000,0.986,0.019,0.020,0.025,0.016,26.000,9.000,0.000,0.977,0.991,1.000,0.994,0.010,0.013,0.004,0.005,29.000,16.000,0.000,0.947,0.956,1.000,0.991,0.006,0.047,0.037,0.007
764,9,2,0.000,0.957,0.988,1.000,0.988,0.017,0.026,0.012,0.000,21,9,0.000,0.961,0.959,1.000,0.986,0.019,0.020,0.025,0.016,26.000,9.000,0.000,0.977,0.991,1.000,0.994,0.010,0.013,0.004,0.005,29.000,16.000,0.000,0.947,0.956,1.000,0.991,0.006,0.047,0.037,0.007
765,9,2,0.000,0.957,0.988,1.000,0.988,0.017,0.026,0.012,0.000,21,9,0.000,0.961,0.959,1.000,0.986,0.019,0.020,0.025,0.016,26.000,9.000,0.000,0.977,0.991,1.000,0.994,0.010,0.013,0.004,0.005,29.000,16.000,0.000,0.947,0.956,1.000,0.991,0.006,0.047,0.037,0.007
766,9,2,0.000,0.957,0.988,1.000,0.988,0.017,0.026,0.012,0.000,21,9,0.000,0.961,0.959,1.000,0.986,0.019,0.020,0.025,0.016,26.000,9.000,0.000,0.977,0.991,1.000,0.994,0.010,0.013,0.004,0.005,29.000,16.000,0.000,0.947,0.956,1.000,0.991,0.006,0.047,0.037,0.007
767,9,2,0.000,0.957,0.988,1.000,0.988,0.017,0.026,0.012,0.000,21,9,0.000,0.961,0.959,1.000,0.986,0.019,0.020,0.025,0.016,26.000,9.000,0.000,0.977,0.991,1.000,0.994,0.010,0.013,0.004,0.005,29.000,16.000,0.000,0.947,0.956,1.000,0.991,0.006,0.047,0.037,0.007
768,9,2,0.000,0.957,0.988,1.000,0.988,0.017,0.026,0.012,0.000,21,9,0.000,0.961,0.959,1.000,0.986,0.019,0.020,0.025,0.016,26.000,9.000,0.000,0.977,0.991,1.000,0.994,0.010,0.013,0.004,0.005,29.000,16.000,0.000,0.947,0.956,1.000,0.991,0.006,0.047,0.037,0.007
769,9,2,0.000,0.957,0.988,1.000,0.988,0.017,0.026,0.012,0.000,21,9,0.000,0.961,0.959,1.000,0.986,0.019,0.020,0.025,0.016,26.000,9.000,0.000,0.977,0.991,1.000,0.994,0.010,0.013,0.004,0.005,29.000,16.000,0.000,0.947,0.956,1.000,0.991,0.006,0.047,0.037,0.007
770,9,2,0.000,0.957,0.988,1.000,0.988,0.017,0.026,0.012,0.000,21,9,0.000,0.961,0.959,1.000,0.986,0.019,0.020,0.025,0.016,26.000,9.000,0.000,0.977,0.991,1.000,0.994,0.010,0.013,0.004,0.005,29.000,16.000,0.000,0.947,0.956,1.000,0.991,0.006,0.047,0.037,0.007
771,9,2,0.000,0.957,0.988,1.000,0.988,0.017,0.026,0.012,0.000,21,9,0.000,0.961,0.959,1.000,0.986,0.019,0.020,0.025,0.016,26.000,9.000,0.000,0.977,0.991,1.000,0.994,0.010,0.013,0.004,0.005,29.000,16.000,0.000,0.947,0.956,1.000,0.991,0.006,0.047,0.037,0.007
772,9,2,0.000,0.957,0.988,1.000,0.988,0.017,0.026,0.012,0.000,21,9,0.000,0.961,0.959,1.000,0.986,0.019,0.020,0.025,0.016,26.000,9.000,0.000,0.977,0.991,1.000,0.994,0.010,0.013,0.004,0.005,29.000,16.000,0.000,0.947,0.956,1.000,0.991,0.006,0.047,0.037,0.007
773,9,2,0.000,0.957,0.988,1.000,0.988,0.017,0.026,0.012,0.000,21,9,0.000,0.961,0.959,1.000,0.986,0.019,0.020,0.025,0.016,26.000,9.000,0.000,0.977,0.991,1.000,0.994,0.010,0.013,0.004,0.005,29.000,16.000,0.000,0.947,0.956,1.000,0.991,0.006,0.047,0.037,0.007
774,9,2,0.000,0.957,0.988,1.000,0.988,0.017,0.026,0.012,0.000,21,9,0.000,0.961,0.959,1.000,0.986,0.019,0.020,0.025,0.016,26.000,9.000,0.000,0.977,0.991,1.000,0.994,0.010,0.013,0.004,0.005,29.000,16.000,0.000,0.947,0.956,1.000,0.991,0.006,0.047,0.037,0.007
775,9,2,0.000,0.957,0.988,1.000,0.988,0.017,0.026,0.012,0.000,21,9,0.000,0.961,0.959,1.000,0.986,0.019,0.020,0.025,0.016,26.000,9.000,0.000,0.977,0.991,1.000,0.994,0.010,0.013,0.004,0.005,29.000,16.000,0.000,0.947,0.956,1.000,0.991,0.006,0.047,0.037,0.007
776,9,2,0.000,0.957,0.988,1.000,0.988,0.017,0.026,0.012,0.000,21,9,0.000,0.961,0.959,1.000,0.986,0.019,0.020,0.025,0.016,26.000,9.000,0.000,0.977,0.991,1.000,0.994,0.010,0.013,0.004,0.005,29.000,16.000,0.000,0.947,0.956,1.000,0.991,0.006,0.047,0.037,0.007
777,9,2,0.000,0.957,0.988,1.000,0.988,0.017,0.026,0.012,0.000,21,9,0.000,0.961,0.959,1.000,0.986,0.019,0.020,0.025,0.016,26.000,9.000,0.000,0.977,0.991,1.000,0.994,0.010,0.013,0.004,0.005,29.000,16.000,0.000,0.947,0.956,1.000,0.991,0.006,0.047,0.037,0.007
778,9,2,0.000,0.957,0.988,1.000,0.988,0.017,0.026,0.012,0.000,21,9,0.000,0.961,0.959,1.000,0.986,0.019,0.020,0.025,0.016,26.000,9.000,0.000,0.977,0.991,1.000,0.994,0.010,0.013,0.004,0.005,29.000,16.000,0.000,0.947,0.956,1.000,0.991,0.006,0.047,0.037,0.007
779,9,2,0.000,0.957,0.988,1.000,0.988,0.017,0.026,0.012,0.000,21,9,0.000,0.961,0.959,1.000,0.986,0.019,0.020,0.025,0.016,26.000,9.000,0.000,0.977,0.991,1.000,0.994,0.010,0.013,0.004,0.005,29.000,16.000,0.000,0.947,0.956,1.000,0.991,0.006,0.047,0.037,0.007
780,9,2,0.000,0.957,0.988,1.000,0.988,0.017,0.026,0.012,0.000,21,9,0.000,0.961,0.959,1.000,0.986,0.019,0.020,0.025,0.016,26.000,9.000,0.000,0.977,0.991,1.000,0.994,0.010,0.013,0.004,0.005,29.000,16.000,0.000,0.947,0.956,1.000,0.991,0.006,0.047,0.037,0.007
781,9,2,0.000,0.957,0.988,1.000,0.988,0.017,0.026,0.012,0.000,21,9,0.000,0.961,0.959,1.000,0.986,0.019,0.020,0.025,0.016,26.000,9.000,0.000,0.977,0.991,1.000,0.994,0.010,0.013,0.004,0.005,29.000,16.000,0.000,0.947,0.956,1.000,0.991,0.006,0.047,0.037,0.007
782,9,2,0.000,0.957,0.988,1.000,0.988,0.017,0.026,0.012,0.000,21,9,0.000,0.961,0.959,1.000,0.986,0.019,0.020,0.025,0.016,26.000,9.000,0.000,0.977,0.991,1.000,0.994,0.010,0.013,0.004,0.005,29.000,16.000,0.000,0.947,0.956,1.000,0.991,0.006,0.047,0.037,0.007
783,9,2,0.000,0.957,0.988,1.000,0.988,0.017,0.026,0.012,0.000,21,9,0.000,0.961,0.959,1.000,0.986,0.019,0.020,0.025,0.016,26.000,9.000,0.000,0.977,0.991,1.000,0.994,0.010,0.013,0.004,0.005,29.000,16.000,0.000,0.947,0.956,1.000,0.991,0.006,0.047,0.037,0.007
784,9,2,0.000,0.957,0.988,1.000,0.988,0.017,0.026,0.012,0.000,21,9,0.000,0.961,0.959,1.000,0.986,0.019,0.020,0.025,0.016,26.000,9.000,0.000,0.977,0.991,1.000,0.994,0.010,0.013,0.004,0.005,29.000,16.000,0.000,0.947,0.956,1.000,0.991,0.006,0.047,0.037,0.007
785,9,2,0.000,0.957,0.988,1.000,0.988,0.017,0.026,0.012,0.000,21,9,0.000,0.961,0.959,1.000,0.986,0.019,0.020,0.025,0.016,26.000,9.000,0.000,0.977,0.991,1.000,0.994,0.010,0.013,0.004,0.005,29.000,16.000,0.000,0.947,0.956,1.000,0.991,0.006,0.047,0.037,0.007
786,9,2,0.000,0.957,0.988,1.000,0.988,0.017,0.026,0.012,0.000,21,9,0.000,0.961,0.959,1.000,0.986,0.019,0.020,0.025,0.016,26.000,9.000,0.000,0.977,0.991,1.000,0.994,0.010,0.013,0.004,0.005,29.000,16.000,0.000,0.947,0.956,1.000,0.991,0.006,0.047,0.037,0.007
787,9,2,0.000,0.957,0.988,1.000,0.988,0.017,0.026,0.012,0.000,21,9,0.000,0.961,0.959,1.000,0.986,0.019,0.020,0.025,0.016,26.000,9.000,0.000,0.977,0.991,1.000,0.994,0.010,0.013,0.004,0.005,29.000,16.000,0.000,0.947,0.956,1.000,0.991,0.006,0.047,0.037,0.007
788,9,2,0.000,0.957,0.988,1.000,0.988,0.017,0.026,0.012,0.000,21,9,0.000,0.961,0.959,1.000,0.986,0.019,0.020,0.025,0.016,26.000,9.000,0.000,0.977,0.991,1.000,0.994,0.010,0.013,0.004,0.005,29.000,16.000,0.000,0.947,0.956,1.000,0.991,0.006,0.047,0.037,0.007
789,9,2,0.000,0.957,0.988,1.000,0.988,0.017,0.026,0.012,0.000,21,9,0.000,0.961,0.959,1.000,0.986,0.019,0.020,0.025,0.016,26.000,9.000,0.000,0.977,0.991,1.000,0.994,0.010,0.013,0.004,0.005,29.000,16.000,0.000,0.947,0.956,1.000,0.991,0.006,0.047,0.037,0.007
790,9,2,0.000,0.957,0.988,1.000,0.988,0.017,0.026,0.012,0.000,21,9,0.000,0.961,0.959,1.000,0.986,0.019,0.020,0.025,0.016,26.000,9.000,0.000,0.977,0.991,1.000,0.994,0.010,0.013,0.004,0.005,29.000,16.000,0.000,0.947,0.956,1.000,0.991,0.006,0.047,0.037,0.007
791,9,2,0.000,0.957,0.988,1.000,0.988,0.017,0.026,0.012,0.000,21,9,0.000,0.961,0.959,1.000,0.986,0.019,0.020,0.025,0.016,26.000,9.000,0.000,0.977,0.991,1.000,0.994,0.010,0.013,0.004,0.005,29.000,16.000,0.000,0.947,0.956,1.000,0.991,0.006,0.047,0.037,0.007
792,9,2,0.000,0.957,0.988,1.000,0.988,0.017,0.026,0.012,0.000,21,9,0.000,0.961,0.959,1.000,0.986,0.019,0.020,0.025,0.016,26.000,9.000,0.000,0.977,0.991,1.000,0.994,0.010,0.013,0.004,0.005,29.000,16.000,0.000,0.947,0.956,1.000,0.991,0.006,0.047,0.037,0.007
793,9,2,0.000,0.957,0.988,1.000,0.988,0.017,0.026,0.012,0.000,21,9,0.000,0.961,0.959,1.000,0.986,0.019,0.020,0.025,0.016,26.000,9.000,0.000,0.977,0.991,1.000,0.994,0.010,0.013,0.004,0.005,29.000,16.000,0.000,0.947,0.956,1.000,0.991,0.006,0.047,0.037,0.007
794,9,2,0.000,0.957,0.988,1.000,0.988,0.017,0.026,0.012,0.000,21,9,0.000,0.961,0.959,1.000,0.986,0.019,0.020,0.025,0.016,26.000,9.000,0.000,0.977,0.991,1.000,0.994,0.010,0.013,0.004,0.005,29.000,16.000,0.000,0.947,0.956,1.000,0.991,0.006,0.047,0.037,0.007
795,9,2,0.000,0.957,0.988,1.000,0.988,0.017,0.026,0.012,0.000,21,9,0.000,0.961,0.959,1.000,0.986,0.019,0.020,0.025,0.016,26.000,9.000,0.000,0.977,0.991,1.000,0.994,0.010,0.013,0.004,0.005,29.000,16.000,0.000,0.947,0.956,1.000,0.991,0.006,0.047,0.037,0.007
796,9,2,0.000,0.957,0.988,1.000,0.988,0.017,0.026,0.012,0.000,21,9,0.000,0.961,0.959,1.000,0.986,0.019,0.020,0.025,0.016,26.000,9.000,0.000,0.977,0.991,1.000,0.994,0.010,0.013,0.004,0.005,29.000,16.000,0.000,0.947,0.956,1.000,0.991,0.006,0.047,0.037,0.007
797,9,2,0.000,0.957,0.988,1.000,0.988,0.017,0.026,0.012,0.000,21,9,0.000,0.961,0.959,1.000,0.986,0.019,0.020,0.025,0.016,26.000,9.000,0.000,0.977,0.991,1.000,0.994,0.010,0.013,0.004,0.005,29.000,16.000,0.000,0.947,0.956,1.000,0.991,0.006,0.047,0.037,0.007
798,9,2,0.000,0.957,0.988,1.000,0.988,0.017,0.026,0.012,0.000,21,9,0.000,0.961,0.959,1.000,0.986,0.019,0.020,0.025,0.016,26.000,9.000,0.000,0.977,0.991,1.000,0.994,0.010,0.013,0.004,0.005,29.000,16.000,0.000,0.947,0.956,1.000,0.991,0.006,0.047,0.037,0.007
799,9,2,0.000,0.957,0.988,1.000,0.988,0.017,0.026,0.012,0.000,21,9,0.000,0.961,0.959,1.000,0.986,0.019,0.020,0.025,0.016,26.000,9.000,0.000,0.977,0.991,1.000,0.994,0.010,0.013,0.004,0.005,29.000,16.000,0.000,0.947,0.956,1.000,0.991,0.006,0.047,0.037,0.007
800,9,2,0.000,0.957,0.988,1.000,0.988,0.017,0.026,0.012,0.000,21,9,0.000,0.961,0.959,1.000,0.986,0.019,0.020,0.025,0.016,26.000,9.000,0.000,0.977,0.991,1.000,0.994,0.010,0.013,0.004,0.005,29.000,16.000,0.000,0.947,0.956,1.000,0.991,0.006,0.047,0.037,0.007
801,9,2,0.000,0.957,0.988,1.000,0.988,0.017,0.026,0.012,0.000,21,9,0.000,0.961,0.959,1.000,0.986,0.019,0.020,0.025,0.016,26.000,9.000,0.000,0.977,0.991,1.000,0.994,0.010,0.013,0.004,0.005,29.000,16.000,0.000,0.947,0.956,1.000,0.991,0.006,0.047,0.037,0.007
802,9,2,0.000,0.957,0.988,1.000,0.988,0.017,0.026,0.012,0.000,21,9,0.000,0.961,0.959,1.000,0.986,0.019,0.020,0.025,0.016,26.000,9.000,0.000,0.977,0.991,1.000,0.994,0.010,0.013,0.004,0.005,29.000,16.000,0.000,0.947,0.956,1.000,0.991,0.006,0.047,0.037,0.007
803,9,2,0.000,0.957,0.988,1.000,0.988,0.017,0.026,0.012,0.000,21,9,0.000,0.961,0.959,1.000,0.986,0.019,0.020,0.025,0.016,26.000,9.000,0.000,0.977,0.991,1.000,0.994,0.010,0.013,0.004,0.005,29.000,16.000,0.000,0.947,0.956,1.000,0.991,0.006,0.047,0.037,0.007
804,9,2,0.000,0.957,0.988,1.000,0.988,0.017,0.026,0.012,0.000,21,9,0.000,0.961,0.959,1.000,0.986,0.019,0.020,0.025,0.016,26.000,9.000,0.000,0.977,0.991,1.000,0.994,0.010,0.013,0.004,0.005,29.000,16.000,0.000,0.947,0.956,1.000,0.991,0.006,0.047,0.037,0.007
805,9,2,0.000,0.957,0.988,1.000,0.988,0.017,0.026,0.012,0.000,21,9,0.000,0.961,0.959,1.000,0.986,0.019,0.020,0.025,0.016,26.000,9.000,0.000,0.977,0.991,1.000,0.994,0.010,0.013,0.004,0.005,29.000,16.000,0.000,0.947,0.956,1.000,0.991,0.006,0.047,0.037,0.007
806,9,2,0.000,0.957,0.988,1.000,0.988,0.017,0.026,0.012,0.000,21,9,0.000,0.961,0.959,1.000,0.986,0.019,0.020,0.025,0.016,26.000,9.000,0.000,0.977,0.991,1.000,0.994,0.010,0.013,0.004,0.005,29.000,16.000,0.000,0.947,0.956,1.000,0.991,0.006,0.047,0.037,0.007
807,9,2,0.000,0.957,0.988,1.000,0.988,0.017,0.026,0.012,0.000,21,9,0.000,0.961,0.959,1.000,0.986,0.019,0.020,0.025,0.016,26.000,9.000,0.000,0.977,0.991,1.000,0.994,0.010,0.013,0.004,0.005,29.000,16.000,0.000,0.947,0.956,1.000,0.991,0.006,0.047,0.037,0.007
808,9,2,0.000,0.957,0.988,1.000,0.988,0.017,0.026,0.012,0.000,21,9,0.000,0.961,0.959,1.000,0.986,0.019,0.020,0.025,0.016,26.000,9.000,0.000,0.977,0.991,1.000,0.994,0.010,0.013,0.004,0.005,29.000,16.000,0.000,0.947,0.956,1.000,0.991,0.006,0.047,0.037,0.007
809,9,2,0.000,0.957,0.988,1.000,0.988,0.017,0.026,0.012,0.000,21,9,0.000,0.961,0.959,1.000,0.986,0.019,0.020,0.025,0.016,26.000,9.000,0.000,0.977,0.991,1.000,0.994,0.010,0.013,0.004,0.005,29.000,16.000,0.000,0.947,0.956,1.000,0.991,0.006,0.047,0.037,0.007
810,9,2,0.000,0.957,0.988,1.000,0.988,0.017,0.026,0.012,0.000,21,9,0.000,0.961,0.959,1.000,0.986,0.019,0.020,0.025,0.016,26.000,9.000,0.000,0.977,0.991,1.000,0.994,0.010,0.013,0.004,0.005,29.000,16.000,0.000,0.947,0.956,1.000,0.991,0.006,0.047,0.037,0.007
811,9,2,0.000,0.957,0.988,1.000,0.988,0.017,0.026,0.012,0.000,21,9,0.000,0.961,0.959,1.000,0.986,0.019,0.020,0.025,0.016,26.000,9.000,0.000,0.977,0.991,1.000,0.994,0.010,0.013,0.004,0.005,29.000,16.000,0.000,0.947,0.956,1.000,0.991,0.006,0.047,0.037,0.007
812,9,2,0.000,0.957,0.988,1.000,0.988,0.017,0.026,0.012,0.000,21,9,0.000,0.961,0.959,1.000,0.986,0.019,0.020,0.025,0.016,26.000,9.000,0.000,0.977,0.991,1.000,0.994,0.010,0.013,0.004,0.005,29.000,16.000,0.000,0.947,0.956,1.000,0.991,0.006,0.047,0.037,0.007
813,9,2,0.000,0.957,0.988,1.000,0.988,0.017,0.026,0.012,0.000,21,9,0.000,0.961,0.959,1.000,0.986,0.019,0.020,0.025,0.016,26.000,9.000,0.000,0.977,0.991,1.000,0.994,0.010,0.013,0.004,0.005,29.000,16.000,0.000,0.947,0.956,1.000,0.991,0.006,0.047,0.037,0.007
814,9,2,0.000,0.957,0.988,1.000,0.988,0.017,0.026,0.012,0.000,21,9,0.000,0.961,0.959,1.000,0.986,0.019,0.020,0.025,0.016,26.000,9.000,0.000,0.977,0.991,1.000,0.994,0.010,0.013,0.004,0.005,29.000,16.000,0.000,0.947,0.956,1.000,0.991,0.006,0.047,0.037,0.007
815,9,2,0.000,0.957,0.988,1.000,0.988,0.017,0.026,0.012,0.000,21,9,0.000,0.961,0.959,1.000,0.986,0.019,0.020,0.025,0.016,26.000,9.000,0.000,0.977,0.991,1.000,0.994,0.010,0.013,0.004,0.005,29.000,16.000,0.000,0.947,0.956,1.000,0.991,0.006,0.047,0.037,0.007
816,9,2,0.000,0.957,0.988,1.000,0.988,0.017,0.026,0.012,0.000,21,9,0.000,0.961,0.959,1.000,0.986,0.019,0.020,0.025,0.016,26.000,9.000,0.000,0.977,0.991,1.000,0.994,0.010,0.013,0.004,0.005,29.000,16.000,0.000,0.947,0.956,1.000,0.991,0.006,0.047,0.037,0.007
817,9,2,0.000,0.957,0.988,1.000,0.988,0.017,0.026,0.012,0.000,21,9,0.000,0.961,0.959,1.000,0.986,0.019,0.020,0.025,0.016,26.000,9.000,0.000,0.977,0.991,1.000,0.994,0.010,0.013,0.004,0.005,29.000,16.000,0.000,0.947,0.956,1.000,0.991,0.006,0.047,0.037,0.007
818,9,2,0.000,0.957,0.988,1.000,0.988,0.017,0.026,0.012,0.000,21,9,0.000,0.961,0.959,1.000,0.986,0.019,0.020,0.025,0.016,26.000,9.000,0.000,0.977,0.991,1.000,0.994,0.010,0.013,0.004,0.005,29.000,16.000,0.000,0.947,0.956,1.000,0.991,0.006,0.047,0.037,0.007
819,9,2,0.000,0.957,0.988,1.000,0.988,0.017,0.026,0.012,0.000,21,9,0.000,0.961,0.959,1.000,0.986,0.019,0.020,0.025,0.016,26.000,9.000,0.000,0.977,0.991,1.000,0.994,0.010,0.013,0.004,0.005,29.000,16.000,0.000,0.947,0.956,1.000,0.991,0.006,0.047,0.037,0.007
820,9,2,0.000,0.957,0.988,1.000,0.988,0.017,0.026,0.012,0.000,21,9,0.000,0.961,0.959,1.000,0.986,0.019,0.020,0.025,0.016,26.000,9.000,0.000,0.977,0.991,1.000,0.994,0.010,0.013,0.004,0.005,29.000,16.000,0.000,0.947,0.956,1.000,0.991,0.006,0.047,0.037,0.007
821,9,2,0.000,0.957,0.988,1.000,0.988,0.017,0.026,0.012,0.000,21,9,0.000,0.961,0.959,1.000,0.986,0.019,0.020,0.025,0.016,26.000,9.000,0.000,0.977,0.991,1.000,0.994,0.010,0.013,0.004,0.005,29.000,16.000,0.000,0.947,0.956,1.000,0.991,0.006,0.047,0.037,0.007
822,9,2,0.000,0.957,0.988,1.000,0.988,0.017,0.026,0.012,0.000,21,9,0.000,0.961,0.959,1.000,0.986,0.019,0.020,0.025,0.016,26.000,9.000,0.000,0.977,0.991,1.000,0.994,0.010,0.013,0.004,0.005,29.000,16.000,0.000,0.947,0.956,1.000,0.991,0.006,0.047,0.037,0.007
823,9,2,0.000,0.957,0.988,1.000,0.988,0.017,0.026,0.012,0.000,21,9,0.000,0.961,0.959,1.000,0.986,0.019,0.020,0.025,0.016,26.000,9.000,0.000,0.977,0.991,1.000,0.994,0.010,0.013,0.004,0.005,29.000,16.000,0.000,0.947,0.956,1.000,0.991,0.006,0.047,0.037,0.007
824,9,2,0.000,0.957,0.988,1.000,0.988,0.017,0.026,0.012,0.000,21,9,0.000,0.961,0.959,1.000,0.986,0.019,0.020,0.025,0.016,26.000,9.000,0.000,0.977,0.991,1.000,0.994,0.010,0.013,0.004,0.005,29.000,16.000,0.000,0.947,0.956,1.000,0.991,0.006,0.047,0.037,0.007
825,9,2,0.000,0.957,0.988,1.000,0.988,0.017,0.026,0.012,0.000,21,9,0.000,0.961,0.959,1.000,0.986,0.019,0.020,0.025,0.016,26.000,9.000,0.000,0.977,0.991,1.000,0.994,0.010,0.013,0.004,0.005,29.000,16.000,0.000,0.947,0.956,1.000,0.991,0.006,0.047,0.037,0.007
826,9,2,0.000,0.957,0.988,1.000,0.988,0.017,0.026,0.012,0.000,21,9,0.000,0.961,0.959,1.000,0.986,0.019,0.020,0.025,0.016,26.000,9.000,0.000,0.977,0.991,1.000,0.994,0.010,0.013,0.004,0.005,29.000,16.000,0.000,0.947,0.956,1.000,0.991,0.006,0.047,0.037,0.007
827,9,2,0.000,0.957,0.988,1.000,0.988,0.017,0.026,0.012,0.000,21,9,0.000,0.961,0.959,1.000,0.986,0.019,0.020,0.025,0.016,26.000,9.000,0.000,0.977,0.991,1.000,0.994,0.010,0.013,0.004,0.005,29.000,16.000,0.000,0.947,0.956,1.000,0.991,0.006,0.047,0.037,0.007
828,9,2,0.000,0.957,0.988,1.000,0.988,0.017,0.026,0.012,0.000,21,9,0.000,0.961,0.959,1.000,0.986,0.019,0.020,0.025,0.016,26.000,9.000,0.000,0.977,0.991,1.000,0.994,0.010,0.013,0.004,0.005,29.000,16.000,0.000,0.947,0.956,1.000,0.991,0.006,0.047,0.037,0.007
829,9,2,0.000,0.957,0.988,1.000,0.988,0.017,0.026,0.012,0.000,21,9,0.000,0.961,0.959,1.000,0.986,0.019,0.020,0.025,0.016,26.000,9.000,0.000,0.977,0.991,1.000,0.994,0.010,0.013,0.004,0.005,29.000,16.000,0.000,0.947,0.956,1.000,0.991,0.006,0.047,0.037,0.007
830,9,2,0.000,0.957,0.988,1.000,0.988,0.017,0.026,0.012,0.000,21,9,0.000,0.961,0.959,1.000,0.986,0.019,0.020,0.025,0.016,26.000,9.000,0.000,0.977,0.991,1.000,0.994,0.010,0.013,0.004,0.005,29.000,16.000,0.000,0.947,0.956,1.000,0.991,0.006,0.047,0.037,0.007
831,9,2,0.000,0.957,0.988,1.000,0.988,0.017,0.026,0.012,0.000,21,9,0.000,0.961,0.959,1.000,0.986,0.019,0.020,0.025,0.016,26.000,9.000,0.000,0.977,0.991,1.000,0.994,0.010,0.013,0.004,0.005,29.000,16.000,0.000,0.947,0.956,1.000,0.991,0.006,0.047,0.037,0.007
832,9,2,0.000,0.957,0.988,1.000,0.988,0.017,0.026,0.012,0.000,21,9,0.000,0.961,0.959,1.000,0.986,0.019,0.020,0.025,0.016,26.000,9.000,0.000,0.977,0.991,1.000,0.994,0.010,0.013,0.004,0.005,29.000,16.000,0.000,0.947,0.956,1.000,0.991,0.006,0.047,0.037,0.007
833,9,2,0.000,0.957,0.988,1.000,0.988,0.017,0.026,0.012,0.000,21,9,0.000,0.961,0.959,1.000,0.986,0.019,0.020,0.025,0.016,26.000,9.000,0.000,0.977,0.991,1.000,0.994,0.010,0.013,0.004,0.005,29.000,16.000,0.000,0.947,0.956,1.000,0.991,0.006,0.047,0.037,0.007
834,9,2,0.000,0.957,0.988,1.000,0.988,0.017,0.026,0.012,0.000,21,9,0.000,0.961,0.959,1.000,0.986,0.019,0.020,0.025,0.016,26.000,9.000,0.000,0.977,0.991,1.000,0.994,0.010,0.013,0.004,0.005,29.000,16.000,0.000,0.947,0.956,1.000,0.991,0.006,0.047,0.037,0.007
835,9,2,0.000,0.957,0.988,1.000,0.988,0.017,0.026,0.012,0.000,21,9,0.000,0.961,0.959,1.000,0.986,0.019,0.020,0.025,0.016,26.000,9.000,0.000,0.977,0.991,1.000,0.994,0.010,0.013,0.004,0.005,29.000,16.000,0.000,0.947,0.956,1.000,0.991,0.006,0.047,0.037,0.007
836,9,2,0.000,0.957,0.988,1.000,0.988,0.017,0.026,0.012,0.000,21,9,0.000,0.961,0.959,1.000,0.986,0.019,0.020,0.025,0.016,26.000,9.000,0.000,0.977,0.991,1.000,0.994,0.010,0.013,0.004,0.005,29.000,16.000,0.000,0.947,0.956,1.000,0.991,0.006,0.047,0.037,0.007
837,9,2,0.000,0.957,0.988,1.000,0.988,0.017,0.026,0.012,0.000,21,9,0.000,0.961,0.959,1.000,0.986,0.019,0.020,0.025,0.016,26.000,9.000,0.000,0.977,0.991,1.000,0.994,0.010,0.013,0.004,0.005,29.000,16.000,0.000,0.947,0.956,1.000,0.991,0.006,0.047,0.037,0.007
838,9,2,0.000,0.957,0.988,1.000,0.988,0.017,0.026,0.012,0.000,21,9,0.000,0.961,0.959,1.000,0.986,0.019,0.020,0.025,0.016,26.000,9.000,0.000,0.977,0.991,1.000,0.994,0.010,0.013,0.004,0.005,29.000,16.000,0.000,0.947,0.956,1.000,0.991,0.006,0.047,0.037,0.007
839,9,2,0.000,0.957,0.988,1.000,0.988,0.017,0.026,0.012,0.000,21,9,0.000,0.961,0.959,1.000,0.986,0.019,0.020,0.025,0.016,26.000,9.000,0.000,0.977,0.991,1.000,0.994,0.010,0.013,0.004,0.005,29.000,16.000,0.000,0.947,0.956,1.000,0.991,0.006,0.047,0.037,0.007
840,9,2,0.000,0.957,0.988,1.000,0.988,0.017,0.026,0.012,0.000,21,9,0.000,0.961,0.959,1.000,0.986,0.019,0.020,0.025,0.016,26.000,9.000,0.000,0.977,0.991,1.000,0.994,0.010,0.013,0.004,0.005,29.000,16.000,0.000,0.947,0.956,1.000,0.991,0.006,0.047,0.037,0.007
841,9,2,0.000,0.957,0.988,1.000,0.988,0.017,0.026,0.012,0.000,21,9,0.000,0.961,0.959,1.000,0.986,0.019,0.020,0.025,0.016,26.000,9.000,0.000,0.977,0.991,1.000,0.994,0.010,0.013,0.004,0.005,29.000,16.000,0.000,0.947,0.956,1.000,0.991,0.006,0.047,0.037,0.007
842,9,2,0.000,0.957,0.988,1.000,0.988,0.017,0.026,0.012,0.000,21,9,0.000,0.961,0.959,1.000,0.986,0.019,0.020,0.025,0.016,26.000,9.000,0.000,0.977,0.991,1.000,0.994,0.010,0.013,0.004,0.005,29.000,16.000,0.000,0.947,0.956,1.000,0.991,0.006,0.047,0.037,0.007
843,9,2,0.000,0.957,0.988,1.000,0.988,0.017,0.026,0.012,0.000,21,9,0.000,0.961,0.959,1.000,0.986,0.019,0.020,0.025,0.016,26.000,9.000,0.000,0.977,0.991,1.000,0.994,0.010,0.013,0.004,0.005,29.000,16.000,0.000,0.947,0.956,1.000,0.991,0.006,0.047,0.037,0.007
844,9,2,0.000,0.957,0.988,1.000,0.988,0.017,0.026,0.012,0.000,21,9,0.000,0.961,0.959,1.000,0.986,0.019,0.020,0.025,0.016,26.000,9.000,0.000,0.977,0.991,1.000,0.994,0.010,0.013,0.004,0.005,29.000,16.000,0.000,0.947,0.956,1.000,0.991,0.006,0.047,0.037,0.007
845,9,2,0.000,0.957,0.988,1.000,0.988,0.017,0.026,0.012,0.000,21,9,0.000,0.961,0.959,1.000,0.986,0.019,0.020,0.025,0.016,26.000,9.000,0.000,0.977,0.991,1.000,0.994,0.010,0.013,0.004,0.005,29.000,16.000,0.000,0.947,0.956,1.000,0.991,0.006,0.047,0.037,0.007
846,9,2,0.000,0.957,0.988,1.000,0.988,0.017,0.026,0.012,0.000,21,9,0.000,0.961,0.959,1.000,0.986,0.019,0.020,0.025,0.016,26.000,9.000,0.000,0.977,0.991,1.000,0.994,0.010,0.013,0.004,0.005,29.000,16.000,0.000,0.947,0.956,1.000,0.991,0.006,0.047,0.037,0.007
847,9,2,0.000,0.957,0.988,1.000,0.988,0.017,0.026,0.012,0.000,21,9,0.000,0.961,0.959,1.000,0.986,0.019,0.020,0.025,0.016,26.000,9.000,0.000,0.977,0.991,1.000,0.994,0.010,0.013,0.004,0.005,29.000,16.000,0.000,0.947,0.956,1.000,0.991,0.006,0.047,0.037,0.007
848,9,2,0.000,0.957,0.988,1.000,0.988,0.017,0.026,0.012,0.000,21,9,0.000,0.961,0.959,1.000,0.986,0.019,0.020,0.025,0.016,26.000,9.000,0.000,0.977,0.991,1.000,0.994,0.010,0.013,0.004,0.005,29.000,16.000,0.000,0.947,0.956,1.000,0.991,0.006,0.047,0.037,0.007
849,9,2,0.000,0.957,0.988,1.000,0.988,0.017,0.026,0.012,0.000,21,9,0.000,0.961,0.959,1.000,0.986,0.019,0.020,0.025,0.016,26.000,9.000,0.000,0.977,0.991,1.000,0.994,0.010,0.013,0.004,0.005,29.000,16.000,0.000,0.947,0.956,1.000,0.991,0.006,0.047,0.037,0.007
850,9,2,0.000,0.957,0.988,1.000,0.988,0.017,0.026,0.012,0.000,21,9,0.000,0.961,0.959,1.000,0.986,0.019,0.020,0.025,0.016,26.000,9.000,0.000,0.977,0.991,1.000,0.994,0.010,0.013,0.004,0.005,29.000,16.000,0.000,0.947,0.956,1.000,0.991,0.006,0.047,0.037,0.007
851,9,2,0.000,0.957,0.988,1.000,0.988,0.017,0.026,0.012,0.000,21,9,0.000,0.961,0.959,1.000,0.986,0.019,0.020,0.025,0.016,26.000,9.000,0.000,0.977,0.991,1.000,0.994,0.010,0.013,0.004,0.005,29.000,16.000,0.000,0.947,0.956,1.000,0.991,0.006,0.047,0.037,0.007
852,9,2,0.000,0.957,0.988,1.000,0.988,0.017,0.026,0.012,0.000,21,9,0.000,0.961,0.959,1.000,0.986,0.019,0.020,0.025,0.016,26.000,9.000,0.000,0.977,0.991,1.000,0.994,0.010,0.013,0.004,0.005,29.000,16.000,0.000,0.947,0.956,1.000,0.991,0.006,0.047,0.037,0.007
853,9,2,0.000,0.957,0.988,1.000,0.988,0.017,0.026,0.012,0.000,21,9,0.000,0.961,0.959,1.000,0.986,0.019,0.020,0.025,0.016,26.000,9.000,0.000,0.977,0.991,1.000,0.994,0.010,0.013,0.004,0.005,29.000,16.000,0.000,0.947,0.956,1.000,0.991,0.006,0.047,0.037,0.007
854,9,2,0.000,0.957,0.988,1.000,0.988,0.017,0.026,0.012,0.000,21,9,0.000,0.961,0.959,1.000,0.986,0.019,0.020,0.025,0.016,26.000,9.000,0.000,0.977,0.991,1.000,0.994,0.010,0.013,0.004,0.005,29.000,16.000,0.000,0.947,0.956,1.000,0.991,0.006,0.047,0.037,0.007
855,9,2,0.000,0.957,0.988,1.000,0.988,0.017,0.026,0.012,0.000,21,9,0.000,0.961,0.959,1.000,0.986,0.019,0.020,0.025,0.016,26.000,9.000,0.000,0.977,0.991,1.000,0.994,0.010,0.013,0.004,0.005,29.000,16.000,0.000,0.947,0.956,1.000,0.991,0.006,0.047,0.037,0.007
856,9,2,0.000,0.957,0.988,1.000,0.988,0.017,0.026,0.012,0.000,21,9,0.000,0.961,0.959,1.000,0.986,0.019,0.020,0.025,0.016,26.000,9.000,0.000,0.977,0.991,1.000,0.994,0.010,0.013,0.004,0.005,29.000,16.000,0.000,0.947,0.956,1.000,0.991,0.006,0.047,0.037,0.007
857,9,2,0.000,0.957,0.988,1.000,0.988,0.017,0.026,0.012,0.000,21,9,0.000,0.961,0.959,1.000,0.986,0.019,0.020,0.025,0.016,26.000,9.000,0.000,0.977,0.991,1.000,0.994,0.010,0.013,0.004,0.005,29.000,16.000,0.000,0.947,0.956,1.000,0.991,0.006,0.047,0.037,0.007
858,9,2,0.000,0.957,0.988,1.000,0.988,0.017,0.026,0.012,0.000,21,9,0.000,0.961,0.959,1.000,0.986,0.019,0.020,0.025,0.016,26.000,9.000,0.000,0.977,0.991,1.000,0.994,0.010,0.013,0.004,0.005,29.000,16.000,0.000,0.947,0.956,1.000,0.991,0.006,0.047,0.037,0.007
859,9,2,0.000,0.957,0.988,1.000,0.988,0.017,0.026,0.012,0.000,21,9,0.000,0.961,0.959,1.000,0.986,0.019,0.020,0.025,0.016,26.000,9.000,0.000,0.977,0.991,1.000,0.994,0.010,0.013,0.004,0.005,29.000,16.000,0.000,0.947,0.956,1.000,0.991,0.006,0.047,0.037,0.007
860,9,2,0.000,0.957,0.988,1.000,0.988,0.017,0.026,0.012,0.000,21,9,0.000,0.961,0.959,1.000,0.986,0.019,0.020,0.025,0.016,26.000,9.000,0.000,0.977,0.991,1.000,0.994,0.010,0.013,0.004,0.005,29.000,16.000,0.000,0.947,0.956,1.000,0.991,0.006,0.047,0.037,0.007
861,9,2,0.000,0.957,0.988,1.000,0.988,0.017,0.026,0.012,0.000,21,9,0.000,0.961,0.959,1.000,0.986,0.019,0.020,0.025,0.016,26.000,9.000,0.000,0.977,0.991,1.000,0.994,0.010,0.013,0.004,0.005,29.000,16.000,0.000,0.947,0.956,1.000,0.991,0.006,0.047,0.037,0.007
862,9,2,0.000,0.957,0.988,1.000,0.988,0.017,0.026,0.012,0.000,21,9,0.000,0.961,0.959,1.000,0.986,0.019,0.020,0.025,0.016,26.000,9.000,0.000,0.977,0.991,1.000,0.994,0.010,0.013,0.004,0.005,29.000,16.000,0.000,0.947,0.956,1.000,0.991,0.006,0.047,0.037,0.007
863,9,2,0.000,0.957,0.988,1.000,0.988,0.017,0.026,0.012,0.000,21,9,0.000,0.961,0.959,1.000,0.986,0.019,0.020,0.025,0.016,26.000,9.000,0.000,0.977,0.991,1.000,0.994,0.010,0.013,0.004,0.005,29.000,16.000,0.000,0.947,0.956,1.000,0.991,0.006,0.047,0.037,0.007
864,9,2,0.000,0.957,0.988,1.000,0.988,0.017,0.026,0.012,0.000,21,9,0.000,0.961,0.959,1.000,0.986,0.019,0.020,0.025,0.016,26.000,9.000,0.000,0.977,0.991,1.000,0.994,0.010,0.013,0.004,0.005,29.000,16.000,0.000,0.947,0.956,1.000,0.991,0.006,0.047,0.037,0.007
865,9,2,0.000,0.957,0.988,1.000,0.988,0.017,0.026,0.012,0.000,21,9,0.000,0.961,0.959,1.000,0.986,0.019,0.020,0.025,0.016,26.000,9.000,0.000,0.977,0.991,1.000,0.994,0.010,0.013,0.004,0.005,29.000,16.000,0.000,0.947,0.956,1.000,0.991,0.006,0.047,0.037,0.007
866,9,2,0.000,0.957,0.988,1.000,0.988,0.017,0.026,0.012,0.000,21,9,0.000,0.961,0.959,1.000,0.986,0.019,0.020,0.025,0.016,26.000,9.000,0.000,0.977,0.991,1.000,0.994,0.010,0.013,0.004,0.005,29.000,16.000,0.000,0.947,0.956,1.000,0.991,0.006,0.047,0.037,0.007
867,9,2,0.000,0.957,0.988,1.000,0.988,0.017,0.026,0.012,0.000,21,9,0.000,0.961,0.959,1.000,0.986,0.019,0.020,0.025,0.016,26.000,9.000,0.000,0.977,0.991,1.000,0.994,0.010,0.013,0.004,0.005,29.000,16.000,0.000,0.947,0.956,1.000,0.991,0.006,0.047,0.037,0.007
868,9,2,0.000,0.957,0.988,1.000,0.988,0.017,0.026,0.012,0.000,21,9,0.000,0.961,0.959,1.000,0.986,0.019,0.020,0.025,0.016,26.000,9.000,0.000,0.977,0.991,1.000,0.994,0.010,0.013,0.004,0.005,29.000,16.000,0.000,0.947,0.956,1.000,0.991,0.006,0.047,0.037,0.007
869,9,2,0.000,0.957,0.988,1.000,0.988,0.017,0.026,0.012,0.000,21,9,0.000,0.961,0.959,1.000,0.986,0.019,0.020,0.025,0.016,26.000,9.000,0.000,0.977,0.991,1.000,0.994,0.010,0.013,0.004,0.005,29.000,16.000,0.000,0.947,0.956,1.000,0.991,0.006,0.047,0.037,0.007
870,9,2,0.000,0.957,0.988,1.000,0.988,0.017,0.026,0.012,0.000,21,9,0.000,0.961,0.959,1.000,0.986,0.019,0.020,0.025,0.016,26.000,9.000,0.000,0.977,0.991,1.000,0.994,0.010,0.013,0.004,0.005,29.000,16.000,0.000,0.947,0.956,1.000,0.991,0.006,0.047,0.037,0.007
871,9,2,0.000,0.957,0.988,1.000,0.988,0.017,0.026,0.012,0.000,21,9,0.000,0.961,0.959,1.000,0.986,0.019,0.020,0.025,0.016,26.000,9.000,0.000,0.977,0.991,1.000,0.994,0.010,0.013,0.004,0.005,29.000,16.000,0.000,0.947,0.956,1.000,0.991,0.006,0.047,0.037,0.007
872,9,2,0.000,0.957,0.988,1.000,0.988,0.017,0.026,0.012,0.000,21,9,0.000,0.961,0.959,1.000,0.986,0.019,0.020,0.025,0.016,26.000,9.000,0.000,0.977,0.991,1.000,0.994,0.010,0.013,0.004,0.005,29.000,16.000,0.000,0.947,0.956,1.000,0.991,0.006,0.047,0.037,0.007
873,9,2,0.000,0.957,0.988,1.000,0.988,0.017,0.026,0.012,0.000,21,9,0.000,0.961,0.959,1.000,0.986,0.019,0.020,0.025,0.016,26.000,9.000,0.000,0.977,0.991,1.000,0.994,0.010,0.013,0.004,0.005,29.000,16.000,0.000,0.947,0.956,1.000,0.991,0.006,0.047,0.037,0.007
874,9,2,0.000,0.957,0.988,1.000,0.988,0.017,0.026,0.012,0.000,21,9,0.000,0.961,0.959,1.000,0.986,0.019,0.020,0.025,0.016,26.000,9.000,0.000,0.977,0.991,1.000,0.994,0.010,0.013,0.004,0.005,29.000,16.000,0.000,0.947,0.956,1.000,0.991,0.006,0.047,0.037,0.007
875,9,2,0.000,0.957,0.988,1.000,0.988,0.017,0.026,0.012,0.000,21,9,0.000,0.961,0.959,1.000,0.986,0.019,0.020,0.025,0.016,26.000,9.000,0.000,0.977,0.991,1.000,0.994,0.010,0.013,0.004,0.005,29.000,16.000,0.000,0.947,0.956,1.000,0.991,0.006,0.047,0.037,0.007
876,9,2,0.000,0.957,0.988,1.000,0.988,0.017,0.026,0.012,0.000,21,9,0.000,0.961,0.959,1.000,0.986,0.019,0.020,0.025,0.016,26.000,9.000,0.000,0.977,0.991,1.000,0.994,0.010,0.013,0.004,0.005,29.000,16.000,0.000,0.947,0.956,1.000,0.991,0.006,0.047,0.037,0.007
877,9,2,0.000,0.957,0.988,1.000,0.988,0.017,0.026,0.012,0.000,21,9,0.000,0.961,0.959,1.000,0.986,0.019,0.020,0.025,0.016,26.000,9.000,0.000,0.977,0.991,1.000,0.994,0.010,0.013,0.004,0.005,29.000,16.000,0.000,0.947,0.956,1.000,0.991,0.006,0.047,0.037,0.007
878,9,2,0.000,0.957,0.988,1.000,0.988,0.017,0.026,0.012,0.000,21,9,0.000,0.961,0.959,1.000,0.986,0.019,0.020,0.025,0.016,26.000,9.000,0.000,0.977,0.991,1.000,0.994,0.010,0.013,0.004,0.005,29.000,16.000,0.000,0.947,0.956,1.000,0.991,0.006,0.047,0.037,0.007
879,9,2,0.000,0.957,0.988,1.000,0.988,0.017,0.026,0.012,0.000,21,9,0.000,0.961,0.959,1.000,0.986,0.019,0.020,0.025,0.016,26.000,9.000,0.000,0.977,0.991,1.000,0.994,0.010,0.013,0.004,0.005,29.000,16.000,0.000,0.947,0.956,1.000,0.991,0.006,0.047,0.037,0.007
880,9,2,0.000,0.957,0.988,1.000,0.988,0.017,0.026,0.012,0.000,21,9,0.000,0.961,0.959,1.000,0.986,0.019,0.020,0.025,0.016,26.000,9.000,0.000,0.977,0.991,1.000,0.994,0.010,0.013,0.004,0.005,29.000,16.000,0.000,0.947,0.956,1.000,0.991,0.006,0.047,0.037,0.007
881,9,2,0.000,0.957,0.988,1.000,0.988,0.017,0.026,0.012,0.000,21,9,0.000,0.961,0.959,1.000,0.986,0.019,0.020,0.025,0.016,26.000,9.000,0.000,0.977,0.991,1.000,0.994,0.010,0.013,0.004,0.005,29.000,16.000,0.000,0.947,0.956,1.000,0.991,0.006,0.047,0.037,0.007
882,9,2,0.000,0.957,0.988,1.000,0.988,0.017,0.026,0.012,0.000,21,9,0.000,0.961,0.959,1.000,0.986,0.019,0.020,0.025,0.016,26.000,9.000,0.000,0.977,0.991,1.000,0.994,0.010,0.013,0.004,0.005,29.000,16.000,0.000,0.947,0.956,1.000,0.991,0.006,0.047,0.037,0.007
883,9,2,0.000,0.957,0.988,1.000,0.988,0.017,0.026,0.012,0.000,21,9,0.000,0.961,0.959,1.000,0.986,0.019,0.020,0.025,0.016,26.000,9.000,0.000,0.977,0.991,1.000,0.994,0.010,0.013,0.004,0.005,29.000,16.000,0.000,0.947,0.956,1.000,0.991,0.006,0.047,0.037,0.007
884,9,2,0.000,0.957,0.988,1.000,0.988,0.017,0.026,0.012,0.000,21,9,0.000,0.961,0.959,1.000,0.986,0.019,0.020,0.025,0.016,26.000,9.000,0.000,0.977,0.991,1.000,0.994,0.010,0.013,0.004,0.005,29.000,16.000,0.000,0.947,0.956,1.000,0.991,0.006,0.047,0.037,0.007
885,9,2,0.000,0.957,0.988,1.000,0.988,0.017,0.026,0.012,0.000,21,9,0.000,0.961,0.959,1.000,0.986,0.019,0.020,0.025,0.016,26.000,9.000,0.000,0.977,0.991,1.000,0.994,0.010,0.013,0.004,0.005,29.000,16.000,0.000,0.947,0.956,1.000,0.991,0.006,0.047,0.037,0.007
886,9,2,0.000,0.957,0.988,1.000,0.988,0.017,0.026,0.012,0.000,21,9,0.000,0.961,0.959,1.000,0.986,0.019,0.020,0.025,0.016,26.000,9.000,0.000,0.977,0.991,1.000,0.994,0.010,0.013,0.004,0.005,29.000,16.000,0.000,0.947,0.956,1.000,0.991,0.006,0.047,0.037,0.007
887,9,2,0.000,0.957,0.988,1.000,0.988,0.017,0.026,0.012,0.000,21,9,0.000,0.961,0.959,1.000,0.986,0.019,0.020,0.025,0.016,26.000,9.000,0.000,0.977,0.991,1.000,0.994,0.010,0.013,0.004,0.005,29.000,16.000,0.000,0.947,0.956,1.000,0.991,0.006,0.047,0.037,0.007
888,9,2,0.000,0.957,0.988,1.000,0.988,0.017,0.026,0.012,0.000,21,9,0.000,0.961,0.959,1.000,0.986,0.019,0.020,0.025,0.016,26.000,9.000,0.000,0.977,0.991,1.000,0.994,0.010,0.013,0.004,0.005,29.000,16.000,0.000,0.947,0.956,1.000,0.991,0.006,0.047,0.037,0.007
889,9,2,0.000,0.957,0.988,1.000,0.988,0.017,0.026,0.012,0.000,21,9,0.000,0.961,0.959,1.000,0.986,0.019,0.020,0.025,0.016,26.000,9.000,0.000,0.977,0.991,1.000,0.994,0.010,0.013,0.004,0.005,29.000,16.000,0.000,0.947,0.956,1.000,0.991,0.006,0.047,0.037,0.007
890,9,2,0.000,0.957,0.988,1.000,0.988,0.017,0.026,0.012,0.000,21,9,0.000,0.961,0.959,1.000,0.986,0.019,0.020,0.025,0.016,26.000,9.000,0.000,0.977,0.991,1.000,0.994,0.010,0.013,0.004,0.005,29.000,16.000,0.000,0.947,0.956,1.000,0.991,0.006,0.047,0.037,0.007
891,9,2,0.000,0.957,0.988,1.000,0.988,0.017,0.026,0.012,0.000,21,9,0.000,0.961,0.959,1.000,0.986,0.019,0.020,0.025,0.016,26.000,9.000,0.000,0.977,0.991,1.000,0.994,0.010,0.013,0.004,0.005,29.000,16.000,0.000,0.947,0.956,1.000,0.991,0.006,0.047,0.037,0.007
892,9,2,0.000,0.957,0.988,1.000,0.988,0.017,0.026,0.012,0.000,21,9,0.000,0.961,0.959,1.000,0.986,0.019,0.020,0.025,0.016,26.000,9.000,0.000,0.977,0.991,1.000,0.994,0.010,0.013,0.004,0.005,29.000,16.000,0.000,0.947,0.956,1.000,0.991,0.006,0.047,0.037,0.007
893,9,2,0.000,0.957,0.988,1.000,0.988,0.017,0.026,0.012,0.000,21,9,0.000,0.961,0.959,1.000,0.986,0.019,0.020,0.025,0.016,26.000,9.000,0.000,0.977,0.991,1.000,0.994,0.010,0.013,0.004,0.005,29.000,16.000,0.000,0.947,0.956,1.000,0.991,0.006,0.047,0.037,0.007
894,9,2,0.000,0.957,0.988,1.000,0.988,0.017,0.026,0.012,0.000,21,9,0.000,0.961,0.959,1.000,0.986,0.019,0.020,0.025,0.016,26.000,9.000,0.000,0.977,0.991,1.000,0.994,0.010,0.013,0.004,0.005,29.000,16.000,0.000,0.947,0.956,1.000,0.991,0.006,0.047,0.037,0.007
895,9,2,0.000,0.957,0.988,1.000,0.988,0.017,0.026,0.012,0.000,21,9,0.000,0.961,0.959,1.000,0.986,0.019,0.020,0.025,0.016,26.000,9.000,0.000,0.977,0.991,1.000,0.994,0.010,0.013,0.004,0.005,29.000,16.000,0.000,0.947,0.956,1.000,0.991,0.006,0.047,0.037,0.007
896,9,2,0.000,0.957,0.988,1.000,0.988,0.017,0.026,0.012,0.000,21,9,0.000,0.961,0.959,1.000,0.986,0.019,0.020,0.025,0.016,26.000,9.000,0.000,0.977,0.991,1.000,0.994,0.010,0.013,0.004,0.005,29.000,16.000,0.000,0.947,0.956,1.000,0.991,0.006,0.047,0.037,0.007
897,9,2,0.000,0.957,0.988,1.000,0.988,0.017,0.026,0.012,0.000,21,9,0.000,0.961,0.959,1.000,0.986,0.019,0.020,0.025,0.016,26.000,9.000,0.000,0.977,0.991,1.000,0.994,0.010,0.013,0.004,0.005,29.000,16.000,0.000,0.947,0.956,1.000,0.991,0.006,0.047,0.037,0.007
898,9,2,0.000,0.957,0.988,1.000,0.988,0.017,0.026,0.012,0.000,21,9,0.000,0.961,0.959,1.000,0.986,0.019,0.020,0.025,0.016,26.000,9.000,0.000,0.977,0.991,1.000,0.994,0.010,0.013,0.004,0.005,29.000,16.000,0.000,0.947,0.956,1.000,0.991,0.006,0.047,0.037,0.007
899,9,2,0.000,0.957,0.988,1.000,0.988,0.017,0.026,0.012,0.000,21,9,0.000,0.961,0.959,1.000,0.986,0.019,0.020,0.025,0.016,26.000,9.000,0.000,0.977,0.991,1.000,0.994,0.010,0.013,0.004,0.005,29.000,16.000,0.000,0.947,0.956,1.000,0.991,0.006,0.047,0.037,0.007
900,9,2,0.000,0.957,0.988,1.000,0.988,0.017,0.026,0.012,0.000,21,9,0.000,0.961,0.959,1.000,0.986,0.019,0.020,0.025,0.016,26.000,9.000,0.000,0.977,0.991,1.000,0.994,0.010,0.013,0.004,0.005,29.000,16.000,0.000,0.947,0.956,1.000,0.991,0.006,0.047,0.037,0.007
901,9,2,0.000,0.957,0.988,1.000,0.988,0.017,0.026,0.012,0.000,21,9,0.000,0.961,0.959,1.000,0.986,0.019,0.020,0.025,0.016,26.000,9.000,0.000,0.977,0.991,1.000,0.994,0.010,0.013,0.004,0.005,29.000,16.000,0.000,0.947,0.956,1.000,0.991,0.006,0.047,0.037,0.007
902,9,2,0.000,0.957,0.988,1.000,0.988,0.017,0.026,0.012,0.000,21,9,0.000,0.961,0.959,1.000,0.986,0.019,0.020,0.025,0.016,26.000,9.000,0.000,0.977,0.991,1.000,0.994,0.010,0.013,0.004,0.005,29.000,16.000,0.000,0.947,0.956,1.000,0.991,0.006,0.047,0.037,0.007
903,9,2,0.000,0.957,0.988,1.000,0.988,0.017,0.026,0.012,0.000,21,9,0.000,0.961,0.959,1.000,0.986,0.019,0.020,0.025,0.016,26.000,9.000,0.000,0.977,0.991,1.000,0.994,0.010,0.013,0.004,0.005,29.000,16.000,0.000,0.947,0.956,1.000,0.991,0.006,0.047,0.037,0.007
904,9,2,0.000,0.957,0.988,1.000,0.988,0.017,0.026,0.012,0.000,21,9,0.000,0.961,0.959,1.000,0.986,0.019,0.020,0.025,0.016,26.000,9.000,0.000,0.977,0.991,1.000,0.994,0.010,0.013,0.004,0.005,29.000,16.000,0.000,0.947,0.956,1.000,0.991,0.006,0.047,0.037,0.007
905,9,2,0.000,0.957,0.988,1.000,0.988,0.017,0.026,0.012,0.000,21,9,0.000,0.961,0.959,1.000,0.986,0.019,0.020,0.025,0.016,26.000,9.000,0.000,0.977,0.991,1.000,0.994,0.010,0.013,0.004,0.005,29.000,16.000,0.000,0.947,0.956,1.000,0.991,0.006,0.047,0.037,0.007
906,9,2,0.000,0.957,0.988,1.000,0.988,0.017,0.026,0.012,0.000,21,9,0.000,0.961,0.959,1.000,0.986,0.019,0.020,0.025,0.016,26.000,9.000,0.000,0.977,0.991,1.000,0.994,0.010,0.013,0.004,0.005,29.000,16.000,0.000,0.947,0.956,1.000,0.991,0.006,0.047,0.037,0.007
907,9,2,0.000,0.957,0.988,1.000,0.988,0.017,0.026,0.012,0.000,21,9,0.000,0.961,0.959,1.000,0.986,0.019,0.020,0.025,0.016,26.000,9.000,0.000,0.977,0.991,1.000,0.994,0.010,0.013,0.004,0.005,29.000,16.000,0.000,0.947,0.956,1.000,0.991,0.006,0.047,0.037,0.007
908,9,2,0.000,0.957,0.988,1.000,0.988,0.017,0.026,0.012,0.000,21,9,0.000,0.961,0.959,1.000,0.986,0.019,0.020,0.025,0.016,26.000,9.000,0.000,0.977,0.991,1.000,0.994,0.010,0.013,0.004,0.005,29.000,16.000,0.000,0.947,0.956,1.000,0.991,0.006,0.047,0.037,0.007
909,9,2,0.000,0.957,0.988,1.000,0.988,0.017,0.026,0.012,0.000,21,9,0.000,0.961,0.959,1.000,0.986,0.019,0.020,0.025,0.016,26.000,9.000,0.000,0.977,0.991,1.000,0.994,0.010,0.013,0.004,0.005,29.000,16.000,0.000,0.947,0.956,1.000,0.991,0.006,0.047,0.037,0.007
910,9,2,0.000,0.957,0.988,1.000,0.988,0.017,0.026,0.012,0.000,21,9,0.000,0.961,0.959,1.000,0.986,0.019,0.020,0.025,0.016,26.000,9.000,0.000,0.977,0.991,1.000,0.994,0.010,0.013,0.004,0.005,29.000,16.000,0.000,0.947,0.956,1.000,0.991,0.006,0.047,0.037,0.007
911,9,2,0.000,0.957,0.988,1.000,0.988,0.017,0.026,0.012,0.000,21,9,0.000,0.961,0.959,1.000,0.986,0.019,0.020,0.025,0.016,26.000,9.000,0.000,0.977,0.991,1.000,0.994,0.010,0.013,0.004,0.005,29.000,16.000,0.000,0.947,0.956,1.000,0.991,0.006,0.047,0.037,0.007
912,9,2,0.000,0.957,0.988,1.000,0.988,0.017,0.026,0.012,0.000,21,9,0.000,0.961,0.959,1.000,0.986,0.019,0.020,0.025,0.016,26.000,9.000,0.000,0.977,0.991,1.000,0.994,0.010,0.013,0.004,0.005,29.000,16.000,0.000,0.947,0.956,1.000,0.991,0.006,0.047,0.037,0.007
913,9,2,0.000,0.957,0.988,1.000,0.988,0.017,0.026,0.012,0.000,21,9,0.000,0.961,0.959,1.000,0.986,0.019,0.020,0.025,0.016,26.000,9.000,0.000,0.977,0.991,1.000,0.994,0.010,0.013,0.004,0.005,29.000,16.000,0.000,0.947,0.956,1.000,0.991,0.006,0.047,0.037,0.007
914,9,2,0.000,0.957,0.988,1.000,0.988,0.017,0.026,0.012,0.000,21,9,0.000,0.961,0.959,1.000,0.986,0.019,0.020,0.025,0.016,26.000,9.000,0.000,0.977,0.991,1.000,0.994,0.010,0.013,0.004,0.005,29.000,16.000,0.000,0.947,0.956,1.000,0.991,0.006,0.047,0.037,0.007
915,9,2,0.000,0.957,0.988,1.000,0.988,0.017,0.026,0.012,0.000,21,9,0.000,0.961,0.959,1.000,0.986,0.019,0.020,0.025,0.016,26.000,9.000,0.000,0.977,0.991,1.000,0.994,0.010,0.013,0.004,0.005,29.000,16.000,0.000,0.947,0.956,1.000,0.991,0.006,0.047,0.037,0.007
916,9,2,0.000,0.957,0.988,1.000,0.988,0.017,0.026,0.012,0.000,21,9,0.000,0.961,0.959,1.000,0.986,0.019,0.020,0.025,0.016,26.000,9.000,0.000,0.977,0.991,1.000,0.994,0.010,0.013,0.004,0.005,29.000,16.000,0.000,0.947,0.956,1.000,0.991,0.006,0.047,0.037,0.007
917,9,2,0.000,0.957,0.988,1.000,0.988,0.017,0.026,0.012,0.000,21,9,0.000,0.961,0.959,1.000,0.986,0.019,0.020,0.025,0.016,26.000,9.000,0.000,0.977,0.991,1.000,0.994,0.010,0.013,0.004,0.005,29.000,16.000,0.000,0.947,0.956,1.000,0.991,0.006,0.047,0.037,0.007
918,9,2,0.000,0.957,0.988,1.000,0.988,0.017,0.026,0.012,0.000,21,9,0.000,0.961,0.959,1.000,0.986,0.019,0.020,0.025,0.016,26.000,9.000,0.000,0.977,0.991,1.000,0.994,0.010,0.013,0.004,0.005,29.000,16.000,0.000,0.947,0.956,1.000,0.991,0.006,0.047,0.037,0.007
919,9,2,0.000,0.957,0.988,1.000,0.988,0.017,0.026,0.012,0.000,21,9,0.000,0.961,0.959,1.000,0.986,0.019,0.020,0.025,0.016,26.000,9.000,0.000,0.977,0.991,1.000,0.994,0.010,0.013,0.004,0.005,29.000,16.000,0.000,0.947,0.956,1.000,0.991,0.006,0.047,0.037,0.007
920,9,2,0.000,0.957,0.988,1.000,0.988,0.017,0.026,0.012,0.000,21,9,0.000,0.961,0.959,1.000,0.986,0.019,0.020,0.025,0.016,26.000,9.000,0.000,0.977,0.991,1.000,0.994,0.010,0.013,0.004,0.005,29.000,16.000,0.000,0.947,0.956,1.000,0.991,0.006,0.047,0.037,0.007
921,9,2,0.000,0.957,0.988,1.000,0.988,0.017,0.026,0.012,0.000,21,9,0.000,0.961,0.959,1.000,0.986,0.019,0.020,0.025,0.016,26.000,9.000,0.000,0.977,0.991,1.000,0.994,0.010,0.013,0.004,0.005,29.000,16.000,0.000,0.947,0.956,1.000,0.991,0.006,0.047,0.037,0.007
922,9,2,0.000,0.957,0.988,1.000,0.988,0.017,0.026,0.012,0.000,21,9,0.000,0.961,0.959,1.000,0.986,0.019,0.020,0.025,0.016,26.000,9.000,0.000,0.977,0.991,1.000,0.994,0.010,0.013,0.004,0.005,29.000,16.000,0.000,0.947,0.956,1.000,0.991,0.006,0.047,0.037,0.007
923,9,2,0.000,0.957,0.988,1.000,0.988,0.017,0.026,0.012,0.000,21,9,0.000,0.961,0.959,1.000,0.986,0.019,0.020,0.025,0.016,26.000,9.000,0.000,0.977,0.991,1.000,0.994,0.010,0.013,0.004,0.005,29.000,16.000,0.000,0.947,0.956,1.000,0.991,0.006,0.047,0.037,0.007
924,9,2,0.000,0.957,0.988,1.000,0.988,0.017,0.026,0.012,0.000,21,9,0.000,0.961,0.959,1.000,0.986,0.019,0.020,0.025,0.016,26.000,9.000,0.000,0.977,0.991,1.000,0.994,0.010,0.013,0.004,0.005,29.000,16.000,0.000,0.947,0.956,1.000,0.991,0.006,0.047,0.037,0.007
925,9,2,0.000,0.957,0.988,1.000,0.988,0.017,0.026,0.012,0.000,21,9,0.000,0.961,0.959,1.000,0.986,0.019,0.020,0.025,0.016,26.000,9.000,0.000,0.977,0.991,1.000,0.994,0.010,0.013,0.004,0.005,29.000,16.000,0.000,0.947,0.956,1.000,0.991,0.006,0.047,0.037,0.007
926,9,2,0.000,0.957,0.988,1.000,0.988,0.017,0.026,0.012,0.000,21,9,0.000,0.961,0.959,1.000,0.986,0.019,0.020,0.025,0.016,26.000,9.000,0.000,0.977,0.991,1.000,0.994,0.010,0.013,0.004,0.005,29.000,16.000,0.000,0.947,0.956,1.000,0.991,0.006,0.047,0.037,0.007
927,9,2,0.000,0.957,0.988,1.000,0.988,0.017,0.026,0.012,0.000,21,9,0.000,0.961,0.959,1.000,0.986,0.019,0.020,0.025,0.016,26.000,9.000,0.000,0.977,0.991,1.000,0.994,0.010,0.013,0.004,0.005,29.000,16.000,0.000,0.947,0.956,1.000,0.991,0.006,0.047,0.037,0.007
928,9,2,0.000,0.957,0.988,1.000,0.988,0.017,0.026,0.012,0.000,21,9,0.000,0.961,0.959,1.000,0.986,0.019,0.020,0.025,0.016,26.000,9.000,0.000,0.977,0.991,1.000,0.994,0.010,0.013,0.004,0.005,29.000,16.000,0.000,0.947,0.956,1.000,0.991,0.006,0.047,0.037,0.007
929,9,2,0.000,0.957,0.988,1.000,0.988,0.017,0.026,0.012,0.000,21,9,0.000,0.961,0.959,1.000,0.986,0.019,0.020,0.025,0.016,26.000,9.000,0.000,0.977,0.991,1.000,0.994,0.010,0.013,0.004,0.005,29.000,16.000,0.000,0.947,0.956,1.000,0.991,0.006,0.047,0.037,0.007
930,9,2,0.000,0.957,0.988,1.000,0.988,0.017,0.026,0.012,0.000,21,9,0.000,0.961,0.959,1.000,0.986,0.019,0.020,0.025,0.016,26.000,9.000,0.000,0.977,0.991,1.000,0.994,0.010,0.013,0.004,0.005,29.000,16.000,0.000,0.947,0.956,1.000,0.991,0.006,0.047,0.037,0.007
931,9,2,0.000,0.957,0.988,1.000,0.988,0.017,0.026,0.012,0.000,21,9,0.000,0.961,0.959,1.000,0.986,0.019,0.020,0.025,0.016,26.000,9.000,0.000,0.977,0.991,1.000,0.994,0.010,0.013,0.004,0.005,29.000,16.000,0.000,0.947,0.956,1.000,0.991,0.006,0.047,0.037,0.007
932,9,2,0.000,0.957,0.988,1.000,0.988,0.017,0.026,0.012,0.000,21,9,0.000,0.961,0.959,1.000,0.986,0.019,0.020,0.025,0.016,26.000,9.000,0.000,0.977,0.991,1.000,0.994,0.010,0.013,0.004,0.005,29.000,16.000,0.000,0.947,0.956,1.000,0.991,0.006,0.047,0.037,0.007
933,9,2,0.000,0.957,0.988,1.000,0.988,0.017,0.026,0.012,0.000,21,9,0.000,0.961,0.959,1.000,0.986,0.019,0.020,0.025,0.016,26.000,9.000,0.000,0.977,0.991,1.000,0.994,0.010,0.013,0.004,0.005,29.000,16.000,0.000,0.947,0.956,1.000,0.991,0.006,0.047,0.037,0.007
934,9,2,0.000,0.957,0.988,1.000,0.988,0.017,0.026,0.012,0.000,21,9,0.000,0.961,0.959,1.000,0.986,0.019,0.020,0.025,0.016,26.000,9.000,0.000,0.977,0.991,1.000,0.994,0.010,0.013,0.004,0.005,29.000,16.000,0.000,0.947,0.956,1.000,0.991,0.006,0.047,0.037,0.007
935,9,2,0.000,0.957,0.988,1.000,0.988,0.017,0.026,0.012,0.000,21,9,0.000,0.961,0.959,1.000,0.986,0.019,0.020,0.025,0.016,26.000,9.000,0.000,0.977,0.991,1.000,0.994,0.010,0.013,0.004,0.005,29.000,16.000,0.000,0.947,0.956,1.000,0.991,0.006,0.047,0.037,0.007
936,9,2,0.000,0.957,0.988,1.000,0.988,0.017,0.026,0.012,0.000,21,9,0.000,0.961,0.959,1.000,0.986,0.019,0.020,0.025,0.016,26.000,9.000,0.000,0.977,0.991,1.000,0.994,0.010,0.013,0.004,0.005,29.000,16.000,0.000,0.947,0.956,1.000,0.991,0.006,0.047,0.037,0.007
937,9,2,0.000,0.957,0.988,1.000,0.988,0.017,0.026,0.012,0.000,21,9,0.000,0.961,0.959,1.000,0.986,0.019,0.020,0.025,0.016,26.000,9.000,0.000,0.977,0.991,1.000,0.994,0.010,0.013,0.004,0.005,29.000,16.000,0.000,0.947,0.956,1.000,0.991,0.006,0.047,0.037,0.007
938,9,2,0.000,0.957,0.988,1.000,0.988,0.017,0.026,0.012,0.000,21,9,0.000,0.961,0.959,1.000,0.986,0.019,0.020,0.025,0.016,26.000,9.000,0.000,0.977,0.991,1.000,0.994,0.010,0.013,0.004,0.005,29.000,16.000,0.000,0.947,0.956,1.000,0.991,0.006,0.047,0.037,0.007
939,9,2,0.000,0.957,0.988,1.000,0.988,0.017,0.026,0.012,0.000,21,9,0.000,0.961,0.959,1.000,0.986,0.019,0.020,0.025,0.016,26.000,9.000,0.000,0.977,0.991,1.000,0.994,0.010,0.013,0.004,0.005,29.000,16.000,0.000,0.947,0.956,1.000,0.991,0.006,0.047,0.037,0.007
940,9,2,0.000,0.957,0.988,1.000,0.988,0.017,0.026,0.012,0.000,21,9,0.000,0.961,0.959,1.000,0.986,0.019,0.020,0.025,0.016,26.000,9.000,0.000,0.977,0.991,1.000,0.994,0.010,0.013,0.004,0.005,29.000,16.000,0.000,0.947,0.956,1.000,0.991,0.006,0.047,0.037,0.007
941,9,2,0.000,0.957,0.988,1.000,0.988,0.017,0.026,0.012,0.000,21,9,0.000,0.961,0.959,1.000,0.986,0.019,0.020,0.025,0.016,26.000,9.000,0.000,0.977,0.991,1.000,0.994,0.010,0.013,0.004,0.005,29.000,16.000,0.000,0.947,0.956,1.000,0.991,0.006,0.047,0.037,0.007
942,9,2,0.000,0.957,0.988,1.000,0.988,0.017,0.026,0.012,0.000,21,9,0.000,0.961,0.959,1.000,0.986,0.019,0.020,0.025,0.016,26.000,9.000,0.000,0.977,0.991,1.000,0.994,0.010,0.013,0.004,0.005,29.000,16.000,0.000,0.947,0.956,1.000,0.991,0.006,0.047,0.037,0.007
943,9,2,0.000,0.957,0.988,1.000,0.988,0.017,0.026,0.012,0.000,21,9,0.000,0.961,0.959,1.000,0.986,0.019,0.020,0.025,0.016,26.000,9.000,0.000,0.977,0.991,1.000,0.994,0.010,0.013,0.004,0.005,29.000,16.000,0.000,0.947,0.956,1.000,0.991,0.006,0.047,0.037,0.007
944,9,2,0.000,0.957,0.988,1.000,0.988,0.017,0.026,0.012,0.000,21,9,0.000,0.961,0.959,1.000,0.986,0.019,0.020,0.025,0.016,26.000,9.000,0.000,0.977,0.991,1.000,0.994,0.010,0.013,0.004,0.005,29.000,16.000,0.000,0.947,0.956,1.000,0.991,0.006,0.047,0.037,0.007
945,9,2,0.000,0.957,0.988,1.000,0.988,0.017,0.026,0.012,0.000,21,9,0.000,0.961,0.959,1.000,0.986,0.019,0.020,0.025,0.016,26.000,9.000,0.000,0.977,0.991,1.000,0.994,0.010,0.013,0.004,0.005,29.000,16.000,0.000,0.947,0.956,1.000,0.991,0.006,0.047,0.037,0.007
946,9,2,0.000,0.957,0.988,1.000,0.988,0.017,0.026,0.012,0.000,21,9,0.000,0.961,0.959,1.000,0.986,0.019,0.020,0.025,0.016,26.000,9.000,0.000,0.977,0.991,1.000,0.994,0.010,0.013,0.004,0.005,29.000,16.000,0.000,0.947,0.956,1.000,0.991,0.006,0.047,0.037,0.007
947,9,2,0.000,0.957,0.988,1.000,0.988,0.017,0.026,0.012,0.000,21,9,0.000,0.961,0.959,1.000,0.986,0.019,0.020,0.025,0.016,26.000,9.000,0.000,0.977,0.991,1.000,0.994,0.010,0.013,0.004,0.005,29.000,16.000,0.000,0.947,0.956,1.000,0.991,0.006,0.047,0.037,0.007
948,9,2,0.000,0.957,0.988,1.000,0.988,0.017,0.026,0.012,0.000,21,9,0.000,0.961,0.959,1.000,0.986,0.019,0.020,0.025,0.016,26.000,9.000,0.000,0.977,0.991,1.000,0.994,0.010,0.013,0.004,0.005,29.000,16.000,0.000,0.947,0.956,1.000,0.991,0.006,0.047,0.037,0.007
949,9,2,0.000,0.957,0.988,1.000,0.988,0.017,0.026,0.012,0.000,21,9,0.000,0.961,0.959,1.000,0.986,0.019,0.020,0.025,0.016,26.000,9.000,0.000,0.977,0.991,1.000,0.994,0.010,0.013,0.004,0.005,29.000,16.000,0.000,0.947,0.956,1.000,0.991,0.006,0.047,0.037,0.007
950,9,2,0.000,0.957,0.988,1.000,0.988,0.017,0.026,0.012,0.000,21,9,0.000,0.961,0.959,1.000,0.986,0.019,0.020,0.025,0.016,26.000,9.000,0.000,0.977,0.991,1.000,0.994,0.010,0.013,0.004,0.005,29.000,16.000,0.000,0.947,0.956,1.000,0.991,0.006,0.047,0.037,0.007
951,9,2,0.000,0.957,0.988,1.000,0.988,0.017,0.026,0.012,0.000,21,9,0.000,0.961,0.959,1.000,0.986,0.019,0.020,0.025,0.016,26.000,9.000,0.000,0.977,0.991,1.000,0.994,0.010,0.013,0.004,0.005,29.000,16.000,0.000,0.947,0.956,1.000,0.991,0.006,0.047,0.037,0.007
952,9,2,0.000,0.957,0.988,1.000,0.988,0.017,0.026,0.012,0.000,21,9,0.000,0.961,0.959,1.000,0.986,0.019,0.020,0.025,0.016,26.000,9.000,0.000,0.977,0.991,1.000,0.994,0.010,0.013,0.004,0.005,29.000,16.000,0.000,0.947,0.956,1.000,0.991,0.006,0.047,0.037,0.007
953,9,2,0.000,0.957,0.988,1.000,0.988,0.017,0.026,0.012,0.000,21,9,0.000,0.961,0.959,1.000,0.986,0.019,0.020,0.025,0.016,26.000,9.000,0.000,0.977,0.991,1.000,0.994,0.010,0.013,0.004,0.005,29.000,16.000,0.000,0.947,0.956,1.000,0.991,0.006,0.047,0.037,0.007
954,9,2,0.000,0.957,0.988,1.000,0.988,0.017,0.026,0.012,0.000,21,9,0.000,0.961,0.959,1.000,0.986,0.019,0.020,0.025,0.016,26.000,9.000,0.000,0.977,0.991,1.000,0.994,0.010,0.013,0.004,0.005,29.000,16.000,0.000,0.947,0.956,1.000,0.991,0.006,0.047,0.037,0.007
955,9,2,0.000,0.957,0.988,1.000,0.988,0.017,0.026,0.012,0.000,21,9,0.000,0.961,0.959,1.000,0.986,0.019,0.020,0.025,0.016,26.000,9.000,0.000,0.977,0.991,1.000,0.994,0.010,0.013,0.004,0.005,29.000,16.000,0.000,0.947,0.956,1.000,0.991,0.006,0.047,0.037,0.007
956,9,2,0.000,0.957,0.988,1.000,0.988,0.017,0.026,0.012,0.000,21,9,0.000,0.961,0.959,1.000,0.986,0.019,0.020,0.025,0.016,26.000,9.000,0.000,0.977,0.991,1.000,0.994,0.010,0.013,0.004,0.005,29.000,16.000,0.000,0.947,0.956,1.000,0.991,0.006,0.047,0.037,0.007
957,9,2,0.000,0.957,0.988,1.000,0.988,0.017,0.026,0.012,0.000,21,9,0.000,0.961,0.959,1.000,0.986,0.019,0.020,0.025,0.016,26.000,9.000,0.000,0.977,0.991,1.000,0.994,0.010,0.013,0.004,0.005,29.000,16.000,0.000,0.947,0.956,1.000,0.991,0.006,0.047,0.037,0.007
958,9,2,0.000,0.957,0.988,1.000,0.988,0.017,0.026,0.012,0.000,21,9,0.000,0.961,0.959,1.000,0.986,0.019,0.020,0.025,0.016,26.000,9.000,0.000,0.977,0.991,1.000,0.994,0.010,0.013,0.004,0.005,29.000,16.000,0.000,0.947,0.956,1.000,0.991,0.006,0.047,0.037,0.007
959,9,2,0.000,0.957,0.988,1.000,0.988,0.017,0.026,0.012,0.000,21,9,0.000,0.961,0.959,1.000,0.986,0.019,0.020,0.025,0.016,26.000,9.000,0.000,0.977,0.991,1.000,0.994,0.010,0.013,0.004,0.005,29.000,16.000,0.000,0.947,0.956,1.000,0.991,0.006,0.047,0.037,0.007
960,9,2,0.000,0.957,0.988,1.000,0.988,0.017,0.026,0.012,0.000,21,9,0.000,0.961,0.959,1.000,0.986,0.019,0.020,0.025,0.016,26.000,9.000,0.000,0.977,0.991,1.000,0.994,0.010,0.013,0.004,0.005,29.000,16.000,0.000,0.947,0.956,1.000,0.991,0.006,0.047,0.037,0.007
961,9,2,0.000,0.957,0.988,1.000,0.988,0.017,0.026,0.012,0.000,21,9,0.000,0.961,0.959,1.000,0.986,0.019,0.020,0.025,0.016,26.000,9.000,0.000,0.977,0.991,1.000,0.994,0.010,0.013,0.004,0.005,29.000,16.000,0.000,0.947,0.956,1.000,0.991,0.006,0.047,0.037,0.007
962,9,2,0.000,0.957,0.988,1.000,0.988,0.017,0.026,0.012,0.000,21,9,0.000,0.961,0.959,1.000,0.986,0.019,0.020,0.025,0.016,26.000,9.000,0.000,0.977,0.991,1.000,0.994,0.010,0.013,0.004,0.005,29.000,16.000,0.000,0.947,0.956,1.000,0.991,0.006,0.047,0.037,0.007
963,9,2,0.000,0.957,0.988,1.000,0.988,0.017,0.026,0.012,0.000,21,9,0.000,0.961,0.959,1.000,0.986,0.019,0.020,0.025,0.016,26.000,9.000,0.000,0.977,0.991,1.000,0.994,0.010,0.013,0.004,0.005,29.000,16.000,0.000,0.947,0.956,1.000,0.991,0.006,0.047,0.037,0.007
964,9,2,0.000,0.957,0.988,1.000,0.988,0.017,0.026,0.012,0.000,21,9,0.000,0.961,0.959,1.000,0.986,0.019,0.020,0.025,0.016,26.000,9.000,0.000,0.977,0.991,1.000,0.994,0.010,0.013,0.004,0.005,29.000,16.000,0.000,0.947,0.956,1.000,0.991,0.006,0.047,0.037,0.007
965,9,2,0.000,0.957,0.988,1.000,0.988,0.017,0.026,0.012,0.000,21,9,0.000,0.961,0.959,1.000,0.986,0.019,0.020,0.025,0.016,26.000,9.000,0.000,0.977,0.991,1.000,0.994,0.010,0.013,0.004,0.005,29.000,16.000,0.000,0.947,0.956,1.000,0.991,0.006,0.047,0.037,0.007
966,9,2,0.000,0.957,0.988,1.000,0.988,0.017,0.026,0.012,0.000,21,9,0.000,0.961,0.959,1.000,0.986,0.019,0.020,0.025,0.016,26.000,9.000,0.000,0.977,0.991,1.000,0.994,0.010,0.013,0.004,0.005,29.000,16.000,0.000,0.947,0.956,1.000,0.991,0.006,0.047,0.037,0.007
967,9,2,0.000,0.957,0.988,1.000,0.988,0.017,0.026,0.012,0.000,21,9,0.000,0.961,0.959,1.000,0.986,0.019,0.020,0.025,0.016,26.000,9.000,0.000,0.977,0.991,1.000,0.994,0.010,0.013,0.004,0.005,29.000,16.000,0.000,0.947,0.956,1.000,0.991,0.006,0.047,0.037,0.007
968,9,2,0.000,0.957,0.988,1.000,0.988,0.017,0.026,0.012,0.000,21,9,0.000,0.961,0.959,1.000,0.986,0.019,0.020,0.025,0.016,26.000,9.000,0.000,0.977,0.991,1.000,0.994,0.010,0.013,0.004,0.005,29.000,16.000,0.000,0.947,0.956,1.000,0.991,0.006,0.047,0.037,0.007
969,9,2,0.000,0.957,0.988,1.000,0.988,0.017,0.026,0.012,0.000,21,9,0.000,0.961,0.959,1.000,0.986,0.019,0.020,0.025,0.016,26.000,9.000,0.000,0.977,0.991,1.000,0.994,0.010,0.013,0.004,0.005,29.000,16.000,0.000,0.947,0.956,1.000,0.991,0.006,0.047,0.037,0.007
970,9,2,0.000,0.957,0.988,1.000,0.988,0.017,0.026,0.012,0.000,21,9,0.000,0.961,0.959,1.000,0.986,0.019,0.020,0.025,0.016,26.000,9.000,0.000,0.977,0.991,1.000,0.994,0.010,0.013,0.004,0.005,29.000,16.000,0.000,0.947,0.956,1.000,0.991,0.006,0.047,0.037,0.007
971,9,2,0.000,0.957,0.988,1.000,0.988,0.017,0.026,0.012,0.000,21,9,0.000,0.961,0.959,1.000,0.986,0.019,0.020,0.025,0.016,26.000,9.000,0.000,0.977,0.991,1.000,0.994,0.010,0.013,0.004,0.005,29.000,16.000,0.000,0.947,0.956,1.000,0.991,0.006,0.047,0.037,0.007
972,9,2,0.000,0.957,0.988,1.000,0.988,0.017,0.026,0.012,0.000,21,9,0.000,0.961,0.959,1.000,0.986,0.019,0.020,0.025,0.016,26.000,9.000,0.000,0.977,0.991,1.000,0.994,0.010,0.013,0.004,0.005,29.000,16.000,0.000,0.947,0.956,1.000,0.991,0.006,0.047,0.037,0.007
973,9,2,0.000,0.957,0.988,1.000,0.988,0.017,0.026,0.012,0.000,21,9,0.000,0.961,0.959,1.000,0.986,0.019,0.020,0.025,0.016,26.000,9.000,0.000,0.977,0.991,1.000,0.994,0.010,0.013,0.004,0.005,29.000,16.000,0.000,0.947,0.956,1.000,0.991,0.006,0.047,0.037,0.007
974,9,2,0.000,0.957,0.988,1.000,0.988,0.017,0.026,0.012,0.000,21,9,0.000,0.961,0.959,1.000,0.986,0.019,0.020,0.025,0.016,26.000,9.000,0.000,0.977,0.991,1.000,0.994,0.010,0.013,0.004,0.005,29.000,16.000,0.000,0.947,0.956,1.000,0.991,0.006,0.047,0.037,0.007
975,9,2,0.000,0.957,0.988,1.000,0.988,0.017,0.026,0.012,0.000,21,9,0.000,0.961,0.959,1.000,0.986,0.019,0.020,0.025,0.016,26.000,9.000,0.000,0.977,0.991,1.000,0.994,0.010,0.013,0.004,0.005,29.000,16.000,0.000,0.947,0.956,1.000,0.991,0.006,0.047,0.037,0.007
976,9,2,0.000,0.957,0.988,1.000,0.988,0.017,0.026,0.012,0.000,21,9,0.000,0.961,0.959,1.000,0.986,0.019,0.020,0.025,0.016,26.000,9.000,0.000,0.977,0.991,1.000,0.994,0.010,0.013,0.004,0.005,29.000,16.000,0.000,0.947,0.956,1.000,0.991,0.006,0.047,0.037,0.007
977,9,2,0.000,0.957,0.988,1.000,0.988,0.017,0.026,0.012,0.000,21,9,0.000,0.961,0.959,1.000,0.986,0.019,0.020,0.025,0.016,26.000,9.000,0.000,0.977,0.991,1.000,0.994,0.010,0.013,0.004,0.005,29.000,16.000,0.000,0.947,0.956,1.000,0.991,0.006,0.047,0.037,0.007
978,9,2,0.000,0.957,0.988,1.000,0.988,0.017,0.026,0.012,0.000,21,9,0.000,0.961,0.959,1.000,0.986,0.019,0.020,0.025,0.016,26.000,9.000,0.000,0.977,0.991,1.000,0.994,0.010,0.013,0.004,0.005,29.000,16.000,0.000,0.947,0.956,1.000,0.991,0.006,0.047,0.037,0.007
979,9,2,0.000,0.957,0.988,1.000,0.988,0.017,0.026,0.012,0.000,21,9,0.000,0.961,0.959,1.000,0.986,0.019,0.020,0.025,0.016,26.000,9.000,0.000,0.977,0.991,1.000,0.994,0.010,0.013,0.004,0.005,29.000,16.000,0.000,0.947,0.956,1.000,0.991,0.006,0.047,0.037,0.007
980,9,2,0.000,0.957,0.988,1.000,0.988,0.017,0.026,0.012,0.000,21,9,0.000,0.961,0.959,1.000,0.986,0.019,0.020,0.025,0.016,26.000,9.000,0.000,0.977,0.991,1.000,0.994,0.010,0.013,0.004,0.005,29.000,16.000,0.000,0.947,0.956,1.000,0.991,0.006,0.047,0.037,0.007
981,9,2,0.000,0.957,0.988,1.000,0.988,0.017,0.026,0.012,0.000,21,9,0.000,0.961,0.959,1.000,0.986,0.019,0.020,0.025,0.016,26.000,9.000,0.000,0.977,0.991,1.000,0.994,0.010,0.013,0.004,0.005,29.000,16.000,0.000,0.947,0.956,1.000,0.991,0.006,0.047,0.037,0.007
982,9,2,0.000,0.957,0.988,1.000,0.988,0.017,0.026,0.012,0.000,21,9,0.000,0.961,0.959,1.000,0.986,0.019,0.020,0.025,0.016,26.000,9.000,0.000,0.977,0.991,1.000,0.994,0.010,0.013,0.004,0.005,29.000,16.000,0.000,0.947,0.956,1.000,0.991,0.006,0.047,0.037,0.007
983,9,2,0.000,0.957,0.988,1.000,0.988,0.017,0.026,0.012,0.000,21,9,0.000,0.961,0.959,1.000,0.986,0.019,0.020,0.025,0.016,26.000,9.000,0.000,0.977,0.991,1.000,0.994,0.010,0.013,0.004,0.005,29.000,16.000,0.000,0.947,0.956,1.000,0.991,0.006,0.047,0.037,0.007
984,9,2,0.000,0.957,0.988,1.000,0.988,0.017,0.026,0.012,0.000,21,9,0.000,0.961,0.959,1.000,0.986,0.019,0.020,0.025,0.016,26.000,9.000,0.000,0.977,0.991,1.000,0.994,0.010,0.013,0.004,0.005,29.000,16.000,0.000,0.947,0.956,1.000,0.991,0.006,0.047,0.037,0.007
985,9,2,0.000,0.957,0.988,1.000,0.988,0.017,0.026,0.012,0.000,21,9,0.000,0.961,0.959,1.000,0.986,0.019,0.020,0.025,0.016,26.000,9.000,0.000,0.977,0.991,1.000,0.994,0.010,0.013,0.004,0.005,29.000,16.000,0.000,0.947,0.956,1.000,0.991,0.006,0.047,0.037,0.007
986,9,2,0.000,0.957,0.988,1.000,0.988,0.017,0.026,0.012,0.000,21,9,0.000,0.961,0.959,1.000,0.986,0.019,0.020,0.025,0.016,26.000,9.000,0.000,0.977,0.991,1.000,0.994,0.010,0.013,0.004,0.005,29.000,16.000,0.000,0.947,0.956,1.000,0.991,0.006,0.047,0.037,0.007
987,9,2,0.000,0.957,0.988,1.000,0.988,0.017,0.026,0.012,0.000,21,9,0.000,0.961,0.959,1.000,0.986,0.019,0.020,0.025,0.016,26.000,9.000,0.000,0.977,0.991,1.000,0.994,0.010,0.013,0.004,0.005,29.000,16.000,0.000,0.947,0.956,1.000,0.991,0.006,0.047,0.037,0.007
988,9,2,0.000,0.957,0.988,1.000,0.988,0.017,0.026,0.012,0.000,21,9,0.000,0.961,0.959,1.000,0.986,0.019,0.020,0.025,0.016,26.000,9.000,0.000,0.977,0.991,1.000,0.994,0.010,0.013,0.004,0.005,29.000,16.000,0.000,0.947,0.956,1.000,0.991,0.006,0.047,0.037,0.007
989,9,2,0.000,0.957,0.988,1.000,0.988,0.017,0.026,0.012,0.000,21,9,0.000,0.961,0.959,1.000,0.986,0.019,0.020,0.025,0.016,26.000,9.000,0.000,0.977,0.991,1.000,0.994,0.010,0.013,0.004,0.005,29.000,16.000,0.000,0.947,0.956,1.000,0.991,0.006,0.047,0.037,0.007
990,9,2,0.000,0.957,0.988,1.000,0.988,0.017,0.026,0.012,0.000,21,9,0.000,0.961,0.959,1.000,0.986,0.019,0.020,0.025,0.016,26.000,9.000,0.000,0.977,0.991,1.000,0.994,0.010,0.013,0.004,0.005,29.000,16.000,0.000,0.947,0.956,1.000,0.991,0.006,0.047,0.037,0.007
991,9,2,0.000,0.957,0.988,1.000,0.988,0.017,0.026,0.012,0.000,21,9,0.000,0.961,0.959,1.000,0.986,0.019,0.020,0.025,0.016,26.000,9.000,0.000,0.977,0.991,1.000,0.994,0.010,0.013,0.004,0.005,29.000,16.000,0.000,0.947,0.956,1.000,0.991,0.006,0.047,0.037,0.007
992,9,2,0.000,0.957,0.988,1.000,0.988,0.017,0.026,0.012,0.000,21,9,0.000,0.961,0.959,1.000,0.986,0.019,0.020,0.025,0.016,26.000,9.000,0.000,0.977,0.991,1.000,0.994,0.010,0.013,0.004,0.005,29.000,16.000,0.000,0.947,0.956,1.000,0.991,0.006,0.047,0.037,0.007
993,9,2,0.000,0.957,0.988,1.000,0.988,0.017,0.026,0.012,0.000,21,9,0.000,0.961,0.959,1.000,0.986,0.019,0.020,0.025,0.016,26.000,9.000,0.000,0.977,0.991,1.000,0.994,0.010,0.013,0.004,0.005,29.000,16.000,0.000,0.947,0.956,1.000,0.991,0.006,0.047,0.037,0.007
994,9,2,0.000,0.957,0.988,1.000,0.988,0.017,0.026,0.012,0.000,21,9,0.000,0.961,0.959,1.000,0.986,0.019,0.020,0.025,0.016,26.000,9.000,0.000,0.977,0.991,1.000,0.994,0.010,0.013,0.004,0.005,29.000,16.000,0.000,0.947,0.956,1.000,0.991,0.006,0.047,0.037,0.007
995,9,2,0.000,0.957,0.988,1.000,0.988,0.017,0.026,0.012,0.000,21,9,0.000,0.961,0.959,1.000,0.986,0.019,0.020,0.025,0.016,26.000,9.000,0.000,0.977,0.991,1.000,0.994,0.010,0.013,0.004,0.005,29.000,16.000,0.000,0.947,0.956,1.000,0.991,0.006,0.047,0.037,0.007
996,9,2,0.000,0.957,0.988,1.000,0.988,0.017,0.026,0.012,0.000,21,9,0.000,0.961,0.959,1.000,0.986,0.019,0.020,0.025,0.016,26.000,9.000,0.000,0.977,0.991,1.000,0.994,0.010,0.013,0.004,0.005,29.000,16.000,0.000,0.947,0.956,1.000,0.991,0.006,0.047,0.037,0.007
997,9,2,0.000,0.957,0.988,1.000,0.988,0.017,0.026,0.012,0.000,21,9,0.000,0.961,0.959,1.000,0.986,0.019,0.020,0.025,0.016,26.000,9.000,0.000,0.977,0.991,1.000,0.994,0.010,0.013,0.004,0.005,29.000,16.000,0.000,0.947,0.956,1.000,0.991,0.006,0.047,0.037,0.007
998,9,2,0.000,0.957,0.988,1.000,0.988,0.017,0.026,0.012,0.000,21,9,0.000,0.961,0.959,1.000,0.986,0.019,0.020,0.025,0.016,26.000,9.000,0.000,0.977,0.991,1.000,0.994,0.010,0.013,0.004,0.005,29.000,16.000,0.000,0.947,0.956,1.000,0.991,0.006,0.047,0.037,0.007
999,9,2,0.000,0.957,0.988,1.000,0.988,0.017,0.026,0.012,0.000,21,9,0.000,0.961,0.959,1.000,0.986,0.019,0.020,0.025,0.016,26.000,9.000,0.000,0.977,0.991,1.000,0.994,0.010,0.013,0.004,0.005,29.000,16.000,0.000,0.947,0.956,1.000,0.991,0.006,0.047,0.037,0.007
