mutation_step,id_1,parent_1,phi_1,r1_1,r2_1,p1_1,p2_1,r1r2_1,r1p1_1,r2r1_1,r2p2_1,id_2,parent_2,phi_2,r1_2,r2_2,p1_2,p2_2,r1r2_2,r1p1_2,r2r1_2,r2p2_2,id_3,parent_3,phi_3,r1_3,r2_3,p1_3,p2_3,r1r2_3,r1p1_3,r2r1_3,r2p2_3,id_4,parent_4,phi_4,r1_4,r2_4,p1_4,p2_4,r1r2_4,r1p1_4,r2r1_4,r2p2_4
0,0,-1,0.001,0.990,0.990,0.990,0.990,0.005,0.005,0.005,0.005,1.000,0.000,0.000,0.976,1.000,0.992,0.996,0.000,0.024,0.000,0.000,,,,,,,,,,,,,,,,,,,,,,
1,1,0,0.000,0.976,1.000,0.992,0.996,0.000,0.024,0.000,0.000,2.000,1.000,0.000,0.980,0.987,0.992,1.000,0.009,0.011,0.000,0.013,,,,,,,,,,,,,,,,,,,,,,
2,1,0,0.000,0.976,1.000,0.992,0.996,0.000,0.024,0.000,0.000,3.000,2.000,0.000,0.962,0.987,0.996,0.997,0.013,0.025,0.013,0.000,,,,,,,,,,,,,,,,,,,,,,
3,3,2,0.000,0.962,0.987,0.996,0.997,0.013,0.025,0.013,0.000,4.000,3.000,0.002,0.937,0.984,1.000,1.000,0.023,0.040,0.016,0.000,,,,,,,,,,,,,,,,,,,,,,
4,3,2,0.000,0.962,0.987,0.996,0.997,0.013,0.025,0.013,0.000,4.000,3.000,0.002,0.937,0.984,1.000,1.000,0.023,0.040,0.016,0.000,5.000,3.000,0.001,0.971,0.977,0.982,0.962,0.006,0.023,0.009,0.014,,,,,,,,,,,
5,4,3,0.002,0.937,0.984,1.000,1.000,0.023,0.040,0.016,0.000,5.000,3.000,0.001,0.971,0.977,0.982,0.962,0.006,0.023,0.009,0.014,6.000,3.000,0.005,0.957,0.990,1.000,0.996,0.013,0.030,0.000,0.010,,,,,,,,,,,
6,4,3,0.002,0.937,0.984,1.000,1.000,0.023,0.040,0.016,0.000,6.000,3.000,0.005,0.957,0.990,1.000,0.996,0.013,0.030,0.000,0.010,7.000,5.000,0.008,0.975,0.953,0.975,0.963,0.000,0.025,0.024,0.023,,,,,,,,,,,
7,4,3,0.002,0.937,0.984,1.000,1.000,0.023,0.040,0.016,0.000,6.000,3.000,0.005,0.957,0.990,1.000,0.996,0.013,0.030,0.000,0.010,,,,,,,,,,,,,,,,,,,,,,
8,4,3,0.002,0.937,0.984,1.000,1.000,0.023,0.040,0.016,0.000,9.000,4.000,0.000,0.940,0.971,0.991,1.000,0.015,0.044,0.016,0.013,,,,,,,,,,,,,,,,,,,,,,
9,4,3,0.002,0.937,0.984,1.000,1.000,0.023,0.040,0.016,0.000,9.000,4.000,0.000,0.940,0.971,0.991,1.000,0.015,0.044,0.016,0.013,10.000,4.000,0.004,0.946,0.981,0.992,1.000,0.023,0.031,0.019,0.000,,,,,,,,,,,
10,4,3,0.002,0.937,0.984,1.000,1.000,0.023,0.040,0.016,0.000,9.000,4.000,0.000,0.940,0.971,0.991,1.000,0.015,0.044,0.016,0.013,10.000,4.000,0.004,0.946,0.981,0.992,1.000,0.023,0.031,0.019,0.000,,,,,,,,,,,
11,4,3,0.002,0.937,0.984,1.000,1.000,0.023,0.040,0.016,0.000,9.000,4.000,0.000,0.940,0.971,0.991,1.000,0.015,0.044,0.016,0.013,12.000,4.000,0.005,0.953,0.975,0.983,1.000,0.014,0.033,0.025,0.000,,,,,,,,,,,
12,4,3,0.002,0.937,0.984,1.000,1.000,0.023,0.040,0.016,0.000,9.000,4.000,0.000,0.940,0.971,0.991,1.000,0.015,0.044,0.016,0.013,13.000,12.000,0.009,0.943,0.962,0.986,0.996,0.024,0.034,0.038,0.000,,,,,,,,,,,
13,4,3,0.002,0.937,0.984,1.000,1.000,0.023,0.040,0.016,0.000,14.000,13.000,0.012,0.922,0.930,0.991,1.000,0.022,0.056,0.066,0.004,,,,,,,,,,,,,,,,,,,,,,
14,14,13,0.012,0.922,0.930,0.991,1.000,0.022,0.056,0.066,0.004,15.000,14.000,0.009,0.918,0.920,1.000,1.000,0.025,0.057,0.067,0.013,,,,,,,,,,,,,,,,,,,,,,
15,15,14,0.009,0.918,0.920,1.000,1.000,0.025,0.057,0.067,0.013,16.000,14.000,0.016,0.916,0.944,0.996,0.988,0.028,0.056,0.050,0.005,,,,,,,,,,,,,,,,,,,,,,
16,15,14,0.009,0.918,0.920,1.000,1.000,0.025,0.057,0.067,0.013,16.000,14.000,0.016,0.916,0.944,0.996,0.988,0.028,0.056,0.050,0.005,17.000,15.000,0.008,0.916,0.892,1.000,0.999,0.034,0.051,0.073,0.034,,,,,,,,,,,
17,15,14,0.009,0.918,0.920,1.000,1.000,0.025,0.057,0.067,0.013,16.000,14.000,0.016,0.916,0.944,0.996,0.988,0.028,0.056,0.050,0.005,17.000,15.000,0.008,0.916,0.892,1.000,0.999,0.034,0.051,0.073,0.034,18.000,17.000,0.014,0.938,0.894,0.983,1.000,0.034,0.028,0.062,0.044
18,15,14,0.009,0.918,0.920,1.000,1.000,0.025,0.057,0.067,0.013,16.000,14.000,0.016,0.916,0.944,0.996,0.988,0.028,0.056,0.050,0.005,17.000,15.000,0.008,0.916,0.892,1.000,0.999,0.034,0.051,0.073,0.034,19.000,17.000,0.010,0.915,0.865,0.993,0.995,0.030,0.056,0.084,0.051
19,15,14,0.009,0.918,0.920,1.000,1.000,0.025,0.057,0.067,0.013,16.000,14.000,0.016,0.916,0.944,0.996,0.988,0.028,0.056,0.050,0.005,19.000,17.000,0.010,0.915,0.865,0.993,0.995,0.030,0.056,0.084,0.051,20.000,16.000,0.019,0.949,0.935,1.000,0.979,0.011,0.039,0.052,0.013
20,15,14,0.009,0.918,0.920,1.000,1.000,0.025,0.057,0.067,0.013,16.000,14.000,0.016,0.916,0.944,0.996,0.988,0.028,0.056,0.050,0.005,19.000,17.000,0.010,0.915,0.865,0.993,0.995,0.030,0.056,0.084,0.051,20.000,16.000,0.019,0.949,0.935,1.000,0.979,0.011,0.039,0.052,0.013
21,15,14,0.009,0.918,0.920,1.000,1.000,0.025,0.057,0.067,0.013,16.000,14.000,0.016,0.916,0.944,0.996,0.988,0.028,0.056,0.050,0.005,19.000,17.000,0.010,0.915,0.865,0.993,0.995,0.030,0.056,0.084,0.051,20.000,16.000,0.019,0.949,0.935,1.000,0.979,0.011,0.039,0.052,0.013
22,15,14,0.009,0.918,0.920,1.000,1.000,0.025,0.057,0.067,0.013,16.000,14.000,0.016,0.916,0.944,0.996,0.988,0.028,0.056,0.050,0.005,19.000,17.000,0.010,0.915,0.865,0.993,0.995,0.030,0.056,0.084,0.051,21.000,16.000,0.018,0.926,0.925,0.987,0.990,0.018,0.056,0.067,0.008
23,16,14,0.016,0.916,0.944,0.996,0.988,0.028,0.056,0.050,0.005,23.000,21.000,0.016,0.911,0.920,0.967,0.961,0.018,0.071,0.067,0.013,,,,,,,,,,,,,,,,,,,,,,
24,16,14,0.016,0.916,0.944,0.996,0.988,0.028,0.056,0.050,0.005,23.000,21.000,0.016,0.911,0.920,0.967,0.961,0.018,0.071,0.067,0.013,25.000,16.000,0.015,0.914,0.940,0.981,0.984,0.032,0.054,0.047,0.013,,,,,,,,,,,
25,16,14,0.016,0.916,0.944,0.996,0.988,0.028,0.056,0.050,0.005,23.000,21.000,0.016,0.911,0.920,0.967,0.961,0.018,0.071,0.067,0.013,25.000,16.000,0.015,0.914,0.940,0.981,0.984,0.032,0.054,0.047,0.013,26.000,16.000,0.014,0.928,0.952,0.989,1.000,0.015,0.056,0.048,0.000
26,23,21,0.016,0.911,0.920,0.967,0.961,0.018,0.071,0.067,0.013,27.000,23.000,0.020,0.892,0.940,0.979,0.970,0.022,0.086,0.050,0.010,,,,,,,,,,,,,,,,,,,,,,
27,23,21,0.016,0.911,0.920,0.967,0.961,0.018,0.071,0.067,0.013,27.000,23.000,0.020,0.892,0.940,0.979,0.970,0.022,0.086,0.050,0.010,28.000,27.000,0.020,0.894,0.924,0.977,0.963,0.021,0.085,0.049,0.027,,,,,,,,,,,
28,27,23,0.020,0.892,0.940,0.979,0.970,0.022,0.086,0.050,0.010,29.000,27.000,0.021,0.877,0.934,0.961,0.970,0.023,0.100,0.066,0.000,,,,,,,,,,,,,,,,,,,,,,
29,27,23,0.020,0.892,0.940,0.979,0.970,0.022,0.086,0.050,0.010,29.000,27.000,0.021,0.877,0.934,0.961,0.970,0.023,0.100,0.066,0.000,30.000,27.000,0.025,0.888,0.948,0.966,0.951,0.037,0.075,0.045,0.007,,,,,,,,,,,
30,27,23,0.020,0.892,0.940,0.979,0.970,0.022,0.086,0.050,0.010,29.000,27.000,0.021,0.877,0.934,0.961,0.970,0.023,0.100,0.066,0.000,31.000,29.000,0.019,0.875,0.934,0.965,0.970,0.024,0.102,0.064,0.003,,,,,,,,,,,
31,27,23,0.020,0.892,0.940,0.979,0.970,0.022,0.086,0.050,0.010,29.000,27.000,0.021,0.877,0.934,0.961,0.970,0.023,0.100,0.066,0.000,31.000,29.000,0.019,0.875,0.934,0.965,0.970,0.024,0.102,0.064,0.003,32.000,31.000,0.023,0.879,0.920,0.974,0.976,0.027,0.094,0.078,0.003
32,31,29,0.019,0.875,0.934,0.965,0.970,0.024,0.102,0.064,0.003,32.000,31.000,0.023,0.879,0.920,0.974,0.976,0.027,0.094,0.078,0.003,,,,,,,,,,,,,,,,,,,,,,
33,31,29,0.019,0.875,0.934,0.965,0.970,0.024,0.102,0.064,0.003,32.000,31.000,0.023,0.879,0.920,0.974,0.976,0.027,0.094,0.078,0.003,34.000,32.000,0.026,0.889,0.903,0.979,0.983,0.036,0.075,0.090,0.007,,,,,,,,,,,
34,31,29,0.019,0.875,0.934,0.965,0.970,0.024,0.102,0.064,0.003,32.000,31.000,0.023,0.879,0.920,0.974,0.976,0.027,0.094,0.078,0.003,34.000,32.000,0.026,0.889,0.903,0.979,0.983,0.036,0.075,0.090,0.007,35.000,34.000,0.018,0.878,0.893,0.980,0.999,0.039,0.083,0.083,0.024
35,31,29,0.019,0.875,0.934,0.965,0.970,0.024,0.102,0.064,0.003,32.000,31.000,0.023,0.879,0.920,0.974,0.976,0.027,0.094,0.078,0.003,36.000,35.000,0.013,0.870,0.897,0.985,0.997,0.048,0.082,0.083,0.019,,,,,,,,,,,
36,31,29,0.019,0.875,0.934,0.965,0.970,0.024,0.102,0.064,0.003,32.000,31.000,0.023,0.879,0.920,0.974,0.976,0.027,0.094,0.078,0.003,37.000,31.000,0.023,0.891,0.933,0.949,0.968,0.011,0.098,0.058,0.009,,,,,,,,,,,
37,31,29,0.019,0.875,0.934,0.965,0.970,0.024,0.102,0.064,0.003,38.000,32.000,0.019,0.850,0.931,0.982,0.977,0.050,0.099,0.069,0.000,,,,,,,,,,,,,,,,,,,,,,
38,31,29,0.019,0.875,0.934,0.965,0.970,0.024,0.102,0.064,0.003,38.000,32.000,0.019,0.850,0.931,0.982,0.977,0.050,0.099,0.069,0.000,39.000,31.000,0.020,0.869,0.910,0.958,0.960,0.026,0.106,0.081,0.009,,,,,,,,,,,
39,31,29,0.019,0.875,0.934,0.965,0.970,0.024,0.102,0.064,0.003,38.000,32.000,0.019,0.850,0.931,0.982,0.977,0.050,0.099,0.069,0.000,39.000,31.000,0.020,0.869,0.910,0.958,0.960,0.026,0.106,0.081,0.009,40.000,38.000,0.020,0.869,0.926,0.970,0.966,0.035,0.096,0.074,0.000
40,31,29,0.019,0.875,0.934,0.965,0.970,0.024,0.102,0.064,0.003,38.000,32.000,0.019,0.850,0.931,0.982,0.977,0.050,0.099,0.069,0.000,39.000,31.000,0.020,0.869,0.910,0.958,0.960,0.026,0.106,0.081,0.009,40.000,38.000,0.020,0.869,0.926,0.970,0.966,0.035,0.096,0.074,0.000
41,31,29,0.019,0.875,0.934,0.965,0.970,0.024,0.102,0.064,0.003,38.000,32.000,0.019,0.850,0.931,0.982,0.977,0.050,0.099,0.069,0.000,39.000,31.000,0.020,0.869,0.910,0.958,0.960,0.026,0.106,0.081,0.009,40.000,38.000,0.020,0.869,0.926,0.970,0.966,0.035,0.096,0.074,0.000
42,31,29,0.019,0.875,0.934,0.965,0.970,0.024,0.102,0.064,0.003,38.000,32.000,0.019,0.850,0.931,0.982,0.977,0.050,0.099,0.069,0.000,39.000,31.000,0.020,0.869,0.910,0.958,0.960,0.026,0.106,0.081,0.009,42.000,39.000,0.015,0.889,0.909,0.969,0.956,0.014,0.098,0.075,0.016
43,31,29,0.019,0.875,0.934,0.965,0.970,0.024,0.102,0.064,0.003,38.000,32.000,0.019,0.850,0.931,0.982,0.977,0.050,0.099,0.069,0.000,39.000,31.000,0.020,0.869,0.910,0.958,0.960,0.026,0.106,0.081,0.009,42.000,39.000,0.015,0.889,0.909,0.969,0.956,0.014,0.098,0.075,0.016
44,31,29,0.019,0.875,0.934,0.965,0.970,0.024,0.102,0.064,0.003,38.000,32.000,0.019,0.850,0.931,0.982,0.977,0.050,0.099,0.069,0.000,39.000,31.000,0.020,0.869,0.910,0.958,0.960,0.026,0.106,0.081,0.009,42.000,39.000,0.015,0.889,0.909,0.969,0.956,0.014,0.098,0.075,0.016
45,38,32,0.019,0.850,0.931,0.982,0.977,0.050,0.099,0.069,0.000,46.000,39.000,0.019,0.884,0.902,0.958,0.962,0.009,0.107,0.077,0.021,,,,,,,,,,,,,,,,,,,,,,
46,38,32,0.019,0.850,0.931,0.982,0.977,0.050,0.099,0.069,0.000,46.000,39.000,0.019,0.884,0.902,0.958,0.962,0.009,0.107,0.077,0.021,47.000,46.000,0.022,0.849,0.891,0.957,0.956,0.039,0.112,0.096,0.013,,,,,,,,,,,
47,46,39,0.019,0.884,0.902,0.958,0.962,0.009,0.107,0.077,0.021,48.000,47.000,0.023,0.838,0.882,0.962,0.948,0.043,0.119,0.095,0.023,,,,,,,,,,,,,,,,,,,,,,
48,46,39,0.019,0.884,0.902,0.958,0.962,0.009,0.107,0.077,0.021,48.000,47.000,0.023,0.838,0.882,0.962,0.948,0.043,0.119,0.095,0.023,49.000,46.000,0.020,0.890,0.906,0.952,0.972,0.008,0.101,0.073,0.020,,,,,,,,,,,
49,46,39,0.019,0.884,0.902,0.958,0.962,0.009,0.107,0.077,0.021,48.000,47.000,0.023,0.838,0.882,0.962,0.948,0.043,0.119,0.095,0.023,49.000,46.000,0.020,0.890,0.906,0.952,0.972,0.008,0.101,0.073,0.020,50.000,49.000,0.019,0.894,0.893,0.951,0.967,0.013,0.093,0.080,0.027
50,48,47,0.023,0.838,0.882,0.962,0.948,0.043,0.119,0.095,0.023,51.000,46.000,0.018,0.885,0.892,0.959,0.955,0.000,0.115,0.062,0.045,,,,,,,,,,,,,,,,,,,,,,
51,48,47,0.023,0.838,0.882,0.962,0.948,0.043,0.119,0.095,0.023,51.000,46.000,0.018,0.885,0.892,0.959,0.955,0.000,0.115,0.062,0.045,52.000,48.000,0.023,0.846,0.881,0.958,0.948,0.043,0.111,0.088,0.031,,,,,,,,,,,
52,48,47,0.023,0.838,0.882,0.962,0.948,0.043,0.119,0.095,0.023,51.000,46.000,0.018,0.885,0.892,0.959,0.955,0.000,0.115,0.062,0.045,52.000,48.000,0.023,0.846,0.881,0.958,0.948,0.043,0.111,0.088,0.031,53.000,51.000,0.022,0.874,0.877,0.966,0.938,0.017,0.109,0.070,0.053
53,48,47,0.023,0.838,0.882,0.962,0.948,0.043,0.119,0.095,0.023,51.000,46.000,0.018,0.885,0.892,0.959,0.955,0.000,0.115,0.062,0.045,53.000,51.000,0.022,0.874,0.877,0.966,0.938,0.017,0.109,0.070,0.053,54.000,52.000,0.022,0.853,0.890,0.954,0.960,0.039,0.108,0.085,0.025
54,48,47,0.023,0.838,0.882,0.962,0.948,0.043,0.119,0.095,0.023,51.000,46.000,0.018,0.885,0.892,0.959,0.955,0.000,0.115,0.062,0.045,53.000,51.000,0.022,0.874,0.877,0.966,0.938,0.017,0.109,0.070,0.053,54.000,52.000,0.022,0.853,0.890,0.954,0.960,0.039,0.108,0.085,0.025
55,48,47,0.023,0.838,0.882,0.962,0.948,0.043,0.119,0.095,0.023,51.000,46.000,0.018,0.885,0.892,0.959,0.955,0.000,0.115,0.062,0.045,53.000,51.000,0.022,0.874,0.877,0.966,0.938,0.017,0.109,0.070,0.053,54.000,52.000,0.022,0.853,0.890,0.954,0.960,0.039,0.108,0.085,0.025
56,51,46,0.018,0.885,0.892,0.959,0.955,0.000,0.115,0.062,0.045,57.000,51.000,0.015,0.871,0.918,0.971,0.948,0.004,0.125,0.048,0.034,,,,,,,,,,,,,,,,,,,,,,
57,57,51,0.015,0.871,0.918,0.971,0.948,0.004,0.125,0.048,0.034,58.000,57.000,0.017,0.864,0.937,0.973,0.949,0.000,0.136,0.023,0.040,,,,,,,,,,,,,,,,,,,,,,
58,57,51,0.015,0.871,0.918,0.971,0.948,0.004,0.125,0.048,0.034,58.000,57.000,0.017,0.864,0.937,0.973,0.949,0.000,0.136,0.023,0.040,59.000,58.000,0.011,0.867,0.946,0.988,0.939,0.006,0.128,0.031,0.022,,,,,,,,,,,
59,58,57,0.017,0.864,0.937,0.973,0.949,0.000,0.136,0.023,0.040,60.000,58.000,0.022,0.858,0.928,0.962,0.957,0.000,0.142,0.024,0.048,,,,,,,,,,,,,,,,,,,,,,
60,58,57,0.017,0.864,0.937,0.973,0.949,0.000,0.136,0.023,0.040,60.000,58.000,0.022,0.858,0.928,0.962,0.957,0.000,0.142,0.024,0.048,61.000,58.000,0.005,0.847,0.926,0.968,0.946,0.011,0.142,0.030,0.044,,,,,,,,,,,
61,58,57,0.017,0.864,0.937,0.973,0.949,0.000,0.136,0.023,0.040,60.000,58.000,0.022,0.858,0.928,0.962,0.957,0.000,0.142,0.024,0.048,61.000,58.000,0.005,0.847,0.926,0.968,0.946,0.011,0.142,0.030,0.044,62.000,58.000,0.017,0.861,0.950,0.962,0.961,0.003,0.135,0.019,0.031
62,58,57,0.017,0.864,0.937,0.973,0.949,0.000,0.136,0.023,0.040,60.000,58.000,0.022,0.858,0.928,0.962,0.957,0.000,0.142,0.024,0.048,62.000,58.000,0.017,0.861,0.950,0.962,0.961,0.003,0.135,0.019,0.031,63.000,62.000,0.009,0.858,0.939,0.958,0.957,0.005,0.138,0.021,0.040
63,58,57,0.017,0.864,0.937,0.973,0.949,0.000,0.136,0.023,0.040,60.000,58.000,0.022,0.858,0.928,0.962,0.957,0.000,0.142,0.024,0.048,62.000,58.000,0.017,0.861,0.950,0.962,0.961,0.003,0.135,0.019,0.031,63.000,62.000,0.009,0.858,0.939,0.958,0.957,0.005,0.138,0.021,0.040
64,60,58,0.022,0.858,0.928,0.962,0.957,0.000,0.142,0.024,0.048,65.000,62.000,0.019,0.858,0.963,0.973,0.962,0.000,0.142,0.018,0.019,,,,,,,,,,,,,,,,,,,,,,
65,60,58,0.022,0.858,0.928,0.962,0.957,0.000,0.142,0.024,0.048,65.000,62.000,0.019,0.858,0.963,0.973,0.962,0.000,0.142,0.018,0.019,66.000,60.000,0.029,0.853,0.913,0.956,0.949,0.000,0.147,0.037,0.050,,,,,,,,,,,
66,60,58,0.022,0.858,0.928,0.962,0.957,0.000,0.142,0.024,0.048,65.000,62.000,0.019,0.858,0.963,0.973,0.962,0.000,0.142,0.018,0.019,66.000,60.000,0.029,0.853,0.913,0.956,0.949,0.000,0.147,0.037,0.050,67.000,60.000,0.021,0.856,0.928,0.976,0.958,0.008,0.136,0.030,0.042
67,65,62,0.019,0.858,0.963,0.973,0.962,0.000,0.142,0.018,0.019,68.000,67.000,0.024,0.844,0.947,0.973,0.951,0.012,0.144,0.007,0.046,,,,,,,,,,,,,,,,,,,,,,
68,65,62,0.019,0.858,0.963,0.973,0.962,0.000,0.142,0.018,0.019,68.000,67.000,0.024,0.844,0.947,0.973,0.951,0.012,0.144,0.007,0.046,69.000,68.000,0.029,0.834,0.933,0.945,0.944,0.002,0.163,0.004,0.063,,,,,,,,,,,
69,65,62,0.019,0.858,0.963,0.973,0.962,0.000,0.142,0.018,0.019,68.000,67.000,0.024,0.844,0.947,0.973,0.951,0.012,0.144,0.007,0.046,69.000,68.000,0.029,0.834,0.933,0.945,0.944,0.002,0.163,0.004,0.063,70.000,69.000,0.024,0.818,0.924,0.941,0.946,0.017,0.165,0.021,0.055
70,65,62,0.019,0.858,0.963,0.973,0.962,0.000,0.142,0.018,0.019,68.000,67.000,0.024,0.844,0.947,0.973,0.951,0.012,0.144,0.007,0.046,69.000,68.000,0.029,0.834,0.933,0.945,0.944,0.002,0.163,0.004,0.063,71.000,70.000,0.026,0.813,0.931,0.944,0.961,0.016,0.171,0.011,0.058
71,65,62,0.019,0.858,0.963,0.973,0.962,0.000,0.142,0.018,0.019,68.000,67.000,0.024,0.844,0.947,0.973,0.951,0.012,0.144,0.007,0.046,69.000,68.000,0.029,0.834,0.933,0.945,0.944,0.002,0.163,0.004,0.063,71.000,70.000,0.026,0.813,0.931,0.944,0.961,0.016,0.171,0.011,0.058
72,68,67,0.024,0.844,0.947,0.973,0.951,0.012,0.144,0.007,0.046,71.000,70.000,0.026,0.813,0.931,0.944,0.961,0.016,0.171,0.011,0.058,72.000,68.000,0.018,0.841,0.953,0.968,0.936,0.014,0.145,0.000,0.047,73.000,69.000,0.034,0.834,0.931,0.949,0.953,0.003,0.163,0.003,0.066
73,68,67,0.024,0.844,0.947,0.973,0.951,0.012,0.144,0.007,0.046,74.000,68.000,0.033,0.831,0.958,0.981,0.958,0.022,0.148,0.008,0.035,,,,,,,,,,,,,,,,,,,,,,
74,68,67,0.024,0.844,0.947,0.973,0.951,0.012,0.144,0.007,0.046,74.000,68.000,0.033,0.831,0.958,0.981,0.958,0.022,0.148,0.008,0.035,75.000,74.000,0.033,0.836,0.959,0.983,0.963,0.022,0.142,0.006,0.034,,,,,,,,,,,
75,68,67,0.024,0.844,0.947,0.973,0.951,0.012,0.144,0.007,0.046,74.000,68.000,0.033,0.831,0.958,0.981,0.958,0.022,0.148,0.008,0.035,75.000,74.000,0.033,0.836,0.959,0.983,0.963,0.022,0.142,0.006,0.034,76.000,75.000,0.035,0.848,0.949,0.981,0.987,0.019,0.133,0.001,0.050
76,74,68,0.033,0.831,0.958,0.981,0.958,0.022,0.148,0.008,0.035,77.000,75.000,0.032,0.840,0.946,1.000,0.957,0.018,0.143,0.016,0.037,,,,,,,,,,,,,,,,,,,,,,
77,74,68,0.033,0.831,0.958,0.981,0.958,0.022,0.148,0.008,0.035,77.000,75.000,0.032,0.840,0.946,1.000,0.957,0.018,0.143,0.016,0.037,78.000,77.000,0.029,0.857,0.948,0.972,0.956,0.001,0.142,0.012,0.039,,,,,,,,,,,
78,74,68,0.033,0.831,0.958,0.981,0.958,0.022,0.148,0.008,0.035,77.000,75.000,0.032,0.840,0.946,1.000,0.957,0.018,0.143,0.016,0.037,78.000,77.000,0.029,0.857,0.948,0.972,0.956,0.001,0.142,0.012,0.039,79.000,77.000,0.030,0.842,0.947,0.987,0.966,0.018,0.140,0.006,0.047
79,77,75,0.032,0.840,0.946,1.000,0.957,0.018,0.143,0.016,0.037,80.000,74.000,0.033,0.833,0.966,0.978,0.964,0.008,0.158,0.006,0.028,,,,,,,,,,,,,,,,,,,,,,
80,77,75,0.032,0.840,0.946,1.000,0.957,0.018,0.143,0.016,0.037,80.000,74.000,0.033,0.833,0.966,0.978,0.964,0.008,0.158,0.006,0.028,81.000,77.000,0.027,0.861,0.953,1.000,0.959,0.008,0.131,0.006,0.042,,,,,,,,,,,
81,77,75,0.032,0.840,0.946,1.000,0.957,0.018,0.143,0.016,0.037,80.000,74.000,0.033,0.833,0.966,0.978,0.964,0.008,0.158,0.006,0.028,81.000,77.000,0.027,0.861,0.953,1.000,0.959,0.008,0.131,0.006,0.042,82.000,77.000,0.026,0.850,0.974,1.000,0.938,0.017,0.132,0.000,0.026
82,77,75,0.032,0.840,0.946,1.000,0.957,0.018,0.143,0.016,0.037,80.000,74.000,0.033,0.833,0.966,0.978,0.964,0.008,0.158,0.006,0.028,81.000,77.000,0.027,0.861,0.953,1.000,0.959,0.008,0.131,0.006,0.042,82.000,77.000,0.026,0.850,0.974,1.000,0.938,0.017,0.132,0.000,0.026
83,77,75,0.032,0.840,0.946,1.000,0.957,0.018,0.143,0.016,0.037,84.000,80.000,0.037,0.822,0.980,0.981,0.957,0.001,0.177,0.000,0.020,,,,,,,,,,,,,,,,,,,,,,
84,77,75,0.032,0.840,0.946,1.000,0.957,0.018,0.143,0.016,0.037,84.000,80.000,0.037,0.822,0.980,0.981,0.957,0.001,0.177,0.000,0.020,85.000,84.000,0.044,0.824,0.983,0.990,0.933,0.004,0.172,0.000,0.017,,,,,,,,,,,
85,77,75,0.032,0.840,0.946,1.000,0.957,0.018,0.143,0.016,0.037,84.000,80.000,0.037,0.822,0.980,0.981,0.957,0.001,0.177,0.000,0.020,85.000,84.000,0.044,0.824,0.983,0.990,0.933,0.004,0.172,0.000,0.017,86.000,77.000,0.026,0.841,0.939,1.000,0.949,0.019,0.140,0.018,0.043
86,84,80,0.037,0.822,0.980,0.981,0.957,0.001,0.177,0.000,0.020,85.000,84.000,0.044,0.824,0.983,0.990,0.933,0.004,0.172,0.000,0.017,86.000,77.000,0.026,0.841,0.939,1.000,0.949,0.019,0.140,0.018,0.043,87.000,77.000,0.034,0.833,0.947,1.000,0.970,0.018,0.149,0.019,0.034
87,84,80,0.037,0.822,0.980,0.981,0.957,0.001,0.177,0.000,0.020,85.000,84.000,0.044,0.824,0.983,0.990,0.933,0.004,0.172,0.000,0.017,86.000,77.000,0.026,0.841,0.939,1.000,0.949,0.019,0.140,0.018,0.043,87.000,77.000,0.034,0.833,0.947,1.000,0.970,0.018,0.149,0.019,0.034
88,84,80,0.037,0.822,0.980,0.981,0.957,0.001,0.177,0.000,0.020,88.000,84.000,0.042,0.799,0.961,0.980,0.956,0.006,0.195,0.006,0.033,,,,,,,,,,,,,,,,,,,,,,
89,84,80,0.037,0.822,0.980,0.981,0.957,0.001,0.177,0.000,0.020,88.000,84.000,0.042,0.799,0.961,0.980,0.956,0.006,0.195,0.006,0.033,90.000,84.000,0.039,0.835,0.991,0.989,0.948,0.002,0.163,0.000,0.009,,,,,,,,,,,
90,84,80,0.037,0.822,0.980,0.981,0.957,0.001,0.177,0.000,0.020,88.000,84.000,0.042,0.799,0.961,0.980,0.956,0.006,0.195,0.006,0.033,90.000,84.000,0.039,0.835,0.991,0.989,0.948,0.002,0.163,0.000,0.009,91.000,90.000,0.030,0.841,1.000,0.985,0.936,0.000,0.159,0.000,0.000
91,84,80,0.037,0.822,0.980,0.981,0.957,0.001,0.177,0.000,0.020,88.000,84.000,0.042,0.799,0.961,0.980,0.956,0.006,0.195,0.006,0.033,90.000,84.000,0.039,0.835,0.991,0.989,0.948,0.002,0.163,0.000,0.009,91.000,90.000,0.030,0.841,1.000,0.985,0.936,0.000,0.159,0.000,0.000
92,84,80,0.037,0.822,0.980,0.981,0.957,0.001,0.177,0.000,0.020,88.000,84.000,0.042,0.799,0.961,0.980,0.956,0.006,0.195,0.006,0.033,90.000,84.000,0.039,0.835,0.991,0.989,0.948,0.002,0.163,0.000,0.009,91.000,90.000,0.030,0.841,1.000,0.985,0.936,0.000,0.159,0.000,0.000
93,84,80,0.037,0.822,0.980,0.981,0.957,0.001,0.177,0.000,0.020,88.000,84.000,0.042,0.799,0.961,0.980,0.956,0.006,0.195,0.006,0.033,90.000,84.000,0.039,0.835,0.991,0.989,0.948,0.002,0.163,0.000,0.009,91.000,90.000,0.030,0.841,1.000,0.985,0.936,0.000,0.159,0.000,0.000
94,84,80,0.037,0.822,0.980,0.981,0.957,0.001,0.177,0.000,0.020,88.000,84.000,0.042,0.799,0.961,0.980,0.956,0.006,0.195,0.006,0.033,90.000,84.000,0.039,0.835,0.991,0.989,0.948,0.002,0.163,0.000,0.009,91.000,90.000,0.030,0.841,1.000,0.985,0.936,0.000,0.159,0.000,0.000
95,84,80,0.037,0.822,0.980,0.981,0.957,0.001,0.177,0.000,0.020,88.000,84.000,0.042,0.799,0.961,0.980,0.956,0.006,0.195,0.006,0.033,90.000,84.000,0.039,0.835,0.991,0.989,0.948,0.002,0.163,0.000,0.009,91.000,90.000,0.030,0.841,1.000,0.985,0.936,0.000,0.159,0.000,0.000
96,88,84,0.042,0.799,0.961,0.980,0.956,0.006,0.195,0.006,0.033,97.000,90.000,0.039,0.830,0.999,1.000,0.948,0.000,0.170,0.001,0.000,,,,,,,,,,,,,,,,,,,,,,
97,88,84,0.042,0.799,0.961,0.980,0.956,0.006,0.195,0.006,0.033,97.000,90.000,0.039,0.830,0.999,1.000,0.948,0.000,0.170,0.001,0.000,98.000,97.000,0.032,0.833,1.000,0.986,0.942,0.016,0.151,0.000,0.000,,,,,,,,,,,
98,88,84,0.042,0.799,0.961,0.980,0.956,0.006,0.195,0.006,0.033,97.000,90.000,0.039,0.830,0.999,1.000,0.948,0.000,0.170,0.001,0.000,98.000,97.000,0.032,0.833,1.000,0.986,0.942,0.016,0.151,0.000,0.000,99.000,98.000,0.032,0.853,0.979,0.987,0.963,0.015,0.132,0.000,0.021
99,88,84,0.042,0.799,0.961,0.980,0.956,0.006,0.195,0.006,0.033,,,,,,,,,,,,,,,,,,,,,,,,,,,,,,,,,
100,88,84,0.042,0.799,0.961,0.980,0.956,0.006,0.195,0.006,0.033,101.000,88.000,0.045,0.795,0.976,0.990,0.955,0.001,0.204,0.000,0.024,,,,,,,,,,,,,,,,,,,,,,
101,88,84,0.042,0.799,0.961,0.980,0.956,0.006,0.195,0.006,0.033,101.000,88.000,0.045,0.795,0.976,0.990,0.955,0.001,0.204,0.000,0.024,102.000,101.000,0.046,0.794,0.975,0.992,0.937,0.011,0.195,0.008,0.017,,,,,,,,,,,
102,88,84,0.042,0.799,0.961,0.980,0.956,0.006,0.195,0.006,0.033,101.000,88.000,0.045,0.795,0.976,0.990,0.955,0.001,0.204,0.000,0.024,102.000,101.000,0.046,0.794,0.975,0.992,0.937,0.011,0.195,0.008,0.017,103.000,101.000,0.045,0.797,0.983,0.987,0.952,0.000,0.203,0.002,0.015
103,88,84,0.042,0.799,0.961,0.980,0.956,0.006,0.195,0.006,0.033,101.000,88.000,0.045,0.795,0.976,0.990,0.955,0.001,0.204,0.000,0.024,102.000,101.000,0.046,0.794,0.975,0.992,0.937,0.011,0.195,0.008,0.017,103.000,101.000,0.045,0.797,0.983,0.987,0.952,0.000,0.203,0.002,0.015
104,88,84,0.042,0.799,0.961,0.980,0.956,0.006,0.195,0.006,0.033,101.000,88.000,0.045,0.795,0.976,0.990,0.955,0.001,0.204,0.000,0.024,102.000,101.000,0.046,0.794,0.975,0.992,0.937,0.011,0.195,0.008,0.017,103.000,101.000,0.045,0.797,0.983,0.987,0.952,0.000,0.203,0.002,0.015
105,101,88,0.045,0.795,0.976,0.990,0.955,0.001,0.204,0.000,0.024,106.000,88.000,0.041,0.794,0.936,0.992,0.973,0.002,0.204,0.018,0.046,,,,,,,,,,,,,,,,,,,,,,
106,101,88,0.045,0.795,0.976,0.990,0.955,0.001,0.204,0.000,0.024,106.000,88.000,0.041,0.794,0.936,0.992,0.973,0.002,0.204,0.018,0.046,107.000,106.000,0.042,0.787,0.925,0.964,0.965,0.000,0.213,0.023,0.052,,,,,,,,,,,
107,101,88,0.045,0.795,0.976,0.990,0.955,0.001,0.204,0.000,0.024,106.000,88.000,0.041,0.794,0.936,0.992,0.973,0.002,0.204,0.018,0.046,107.000,106.000,0.042,0.787,0.925,0.964,0.965,0.000,0.213,0.023,0.052,108.000,107.000,0.035,0.786,0.935,0.956,0.984,0.000,0.214,0.013,0.052
108,101,88,0.045,0.795,0.976,0.990,0.955,0.001,0.204,0.000,0.024,106.000,88.000,0.041,0.794,0.936,0.992,0.973,0.002,0.204,0.018,0.046,107.000,106.000,0.042,0.787,0.925,0.964,0.965,0.000,0.213,0.023,0.052,108.000,107.000,0.035,0.786,0.935,0.956,0.984,0.000,0.214,0.013,0.052
109,101,88,0.045,0.795,0.976,0.990,0.955,0.001,0.204,0.000,0.024,106.000,88.000,0.041,0.794,0.936,0.992,0.973,0.002,0.204,0.018,0.046,108.000,107.000,0.035,0.786,0.935,0.956,0.984,0.000,0.214,0.013,0.052,109.000,101.000,0.043,0.776,0.960,0.997,0.956,0.001,0.223,0.009,0.031
110,101,88,0.045,0.795,0.976,0.990,0.955,0.001,0.204,0.000,0.024,106.000,88.000,0.041,0.794,0.936,0.992,0.973,0.002,0.204,0.018,0.046,109.000,101.000,0.043,0.776,0.960,0.997,0.956,0.001,0.223,0.009,0.031,110.000,106.000,0.043,0.784,0.923,0.973,0.990,0.017,0.200,0.013,0.063
111,106,88,0.041,0.794,0.936,0.992,0.973,0.002,0.204,0.018,0.046,109.000,101.000,0.043,0.776,0.960,0.997,0.956,0.001,0.223,0.009,0.031,,,,,,,,,,,,,,,,,,,,,,
112,106,88,0.041,0.794,0.936,0.992,0.973,0.002,0.204,0.018,0.046,109.000,101.000,0.043,0.776,0.960,0.997,0.956,0.001,0.223,0.009,0.031,113.000,109.000,0.045,0.774,0.964,1.000,0.944,0.000,0.226,0.003,0.033,,,,,,,,,,,
113,106,88,0.041,0.794,0.936,0.992,0.973,0.002,0.204,0.018,0.046,109.000,101.000,0.043,0.776,0.960,0.997,0.956,0.001,0.223,0.009,0.031,113.000,109.000,0.045,0.774,0.964,1.000,0.944,0.000,0.226,0.003,0.033,114.000,113.000,0.043,0.764,0.953,1.000,0.958,0.014,0.222,0.000,0.047
114,106,88,0.041,0.794,0.936,0.992,0.973,0.002,0.204,0.018,0.046,109.000,101.000,0.043,0.776,0.960,0.997,0.956,0.001,0.223,0.009,0.031,113.000,109.000,0.045,0.774,0.964,1.000,0.944,0.000,0.226,0.003,0.033,114.000,113.000,0.043,0.764,0.953,1.000,0.958,0.014,0.222,0.000,0.047
115,109,101,0.043,0.776,0.960,0.997,0.956,0.001,0.223,0.009,0.031,116.000,109.000,0.035,0.772,0.949,1.000,0.982,0.005,0.223,0.011,0.039,,,,,,,,,,,,,,,,,,,,,,
116,109,101,0.043,0.776,0.960,0.997,0.956,0.001,0.223,0.009,0.031,116.000,109.000,0.035,0.772,0.949,1.000,0.982,0.005,0.223,0.011,0.039,117.000,116.000,0.035,0.760,0.955,0.997,0.976,0.017,0.223,0.020,0.024,,,,,,,,,,,
117,109,101,0.043,0.776,0.960,0.997,0.956,0.001,0.223,0.009,0.031,116.000,109.000,0.035,0.772,0.949,1.000,0.982,0.005,0.223,0.011,0.039,117.000,116.000,0.035,0.760,0.955,0.997,0.976,0.017,0.223,0.020,0.024,118.000,117.000,0.037,0.776,0.958,0.996,0.983,0.000,0.224,0.022,0.020
118,109,101,0.043,0.776,0.960,0.997,0.956,0.001,0.223,0.009,0.031,116.000,109.000,0.035,0.772,0.949,1.000,0.982,0.005,0.223,0.011,0.039,117.000,116.000,0.035,0.760,0.955,0.997,0.976,0.017,0.223,0.020,0.024,118.000,117.000,0.037,0.776,0.958,0.996,0.983,0.000,0.224,0.022,0.020
119,109,101,0.043,0.776,0.960,0.997,0.956,0.001,0.223,0.009,0.031,116.000,109.000,0.035,0.772,0.949,1.000,0.982,0.005,0.223,0.011,0.039,117.000,116.000,0.035,0.760,0.955,0.997,0.976,0.017,0.223,0.020,0.024,118.000,117.000,0.037,0.776,0.958,0.996,0.983,0.000,0.224,0.022,0.020
120,109,101,0.043,0.776,0.960,0.997,0.956,0.001,0.223,0.009,0.031,116.000,109.000,0.035,0.772,0.949,1.000,0.982,0.005,0.223,0.011,0.039,117.000,116.000,0.035,0.760,0.955,0.997,0.976,0.017,0.223,0.020,0.024,118.000,117.000,0.037,0.776,0.958,0.996,0.983,0.000,0.224,0.022,0.020
121,116,109,0.035,0.772,0.949,1.000,0.982,0.005,0.223,0.011,0.039,117.000,116.000,0.035,0.760,0.955,0.997,0.976,0.017,0.223,0.020,0.024,118.000,117.000,0.037,0.776,0.958,0.996,0.983,0.000,0.224,0.022,0.020,119.000,118.000,0.039,0.776,0.966,0.989,0.983,0.000,0.224,0.023,0.010
122,116,109,0.035,0.772,0.949,1.000,0.982,0.005,0.223,0.011,0.039,117.000,116.000,0.035,0.760,0.955,0.997,0.976,0.017,0.223,0.020,0.024,118.000,117.000,0.037,0.776,0.958,0.996,0.983,0.000,0.224,0.022,0.020,119.000,118.000,0.039,0.776,0.966,0.989,0.983,0.000,0.224,0.023,0.010
123,116,109,0.035,0.772,0.949,1.000,0.982,0.005,0.223,0.011,0.039,117.000,116.000,0.035,0.760,0.955,0.997,0.976,0.017,0.223,0.020,0.024,118.000,117.000,0.037,0.776,0.958,0.996,0.983,0.000,0.224,0.022,0.020,119.000,118.000,0.039,0.776,0.966,0.989,0.983,0.000,0.224,0.023,0.010
124,116,109,0.035,0.772,0.949,1.000,0.982,0.005,0.223,0.011,0.039,118.000,117.000,0.037,0.776,0.958,0.996,0.983,0.000,0.224,0.022,0.020,121.000,109.000,0.041,0.780,0.963,1.000,0.963,0.000,0.220,0.007,0.031,122.000,120.000,0.030,0.782,0.993,0.995,0.996,0.000,0.218,0.000,0.007
125,116,109,0.035,0.772,0.949,1.000,0.982,0.005,0.223,0.011,0.039,118.000,117.000,0.037,0.776,0.958,0.996,0.983,0.000,0.224,0.022,0.020,121.000,109.000,0.041,0.780,0.963,1.000,0.963,0.000,0.220,0.007,0.031,122.000,120.000,0.030,0.782,0.993,0.995,0.996,0.000,0.218,0.000,0.007
126,116,109,0.035,0.772,0.949,1.000,0.982,0.005,0.223,0.011,0.039,118.000,117.000,0.037,0.776,0.958,0.996,0.983,0.000,0.224,0.022,0.020,121.000,109.000,0.041,0.780,0.963,1.000,0.963,0.000,0.220,0.007,0.031,122.000,120.000,0.030,0.782,0.993,0.995,0.996,0.000,0.218,0.000,0.007
127,116,109,0.035,0.772,0.949,1.000,0.982,0.005,0.223,0.011,0.039,118.000,117.000,0.037,0.776,0.958,0.996,0.983,0.000,0.224,0.022,0.020,121.000,109.000,0.041,0.780,0.963,1.000,0.963,0.000,0.220,0.007,0.031,122.000,120.000,0.030,0.782,0.993,0.995,0.996,0.000,0.218,0.000,0.007
128,116,109,0.035,0.772,0.949,1.000,0.982,0.005,0.223,0.011,0.039,118.000,117.000,0.037,0.776,0.958,0.996,0.983,0.000,0.224,0.022,0.020,122.000,120.000,0.030,0.782,0.993,0.995,0.996,0.000,0.218,0.000,0.007,125.000,122.000,0.037,0.780,0.983,0.997,0.980,0.000,0.220,0.000,0.017
129,116,109,0.035,0.772,0.949,1.000,0.982,0.005,0.223,0.011,0.039,118.000,117.000,0.037,0.776,0.958,0.996,0.983,0.000,0.224,0.022,0.020,122.000,120.000,0.030,0.782,0.993,0.995,0.996,0.000,0.218,0.000,0.007,125.000,122.000,0.037,0.780,0.983,0.997,0.980,0.000,0.220,0.000,0.017
130,116,109,0.035,0.772,0.949,1.000,0.982,0.005,0.223,0.011,0.039,118.000,117.000,0.037,0.776,0.958,0.996,0.983,0.000,0.224,0.022,0.020,122.000,120.000,0.030,0.782,0.993,0.995,0.996,0.000,0.218,0.000,0.007,125.000,122.000,0.037,0.780,0.983,0.997,0.980,0.000,0.220,0.000,0.017
131,116,109,0.035,0.772,0.949,1.000,0.982,0.005,0.223,0.011,0.039,118.000,117.000,0.037,0.776,0.958,0.996,0.983,0.000,0.224,0.022,0.020,122.000,120.000,0.030,0.782,0.993,0.995,0.996,0.000,0.218,0.000,0.007,125.000,122.000,0.037,0.780,0.983,0.997,0.980,0.000,0.220,0.000,0.017
132,116,109,0.035,0.772,0.949,1.000,0.982,0.005,0.223,0.011,0.039,118.000,117.000,0.037,0.776,0.958,0.996,0.983,0.000,0.224,0.022,0.020,122.000,120.000,0.030,0.782,0.993,0.995,0.996,0.000,0.218,0.000,0.007,125.000,122.000,0.037,0.780,0.983,0.997,0.980,0.000,0.220,0.000,0.017
133,116,109,0.035,0.772,0.949,1.000,0.982,0.005,0.223,0.011,0.039,118.000,117.000,0.037,0.776,0.958,0.996,0.983,0.000,0.224,0.022,0.020,122.000,120.000,0.030,0.782,0.993,0.995,0.996,0.000,0.218,0.000,0.007,125.000,122.000,0.037,0.780,0.983,0.997,0.980,0.000,0.220,0.000,0.017
134,116,109,0.035,0.772,0.949,1.000,0.982,0.005,0.223,0.011,0.039,118.000,117.000,0.037,0.776,0.958,0.996,0.983,0.000,0.224,0.022,0.020,122.000,120.000,0.030,0.782,0.993,0.995,0.996,0.000,0.218,0.000,0.007,125.000,122.000,0.037,0.780,0.983,0.997,0.980,0.000,0.220,0.000,0.017
135,116,109,0.035,0.772,0.949,1.000,0.982,0.005,0.223,0.011,0.039,118.000,117.000,0.037,0.776,0.958,0.996,0.983,0.000,0.224,0.022,0.020,122.000,120.000,0.030,0.782,0.993,0.995,0.996,0.000,0.218,0.000,0.007,127.000,116.000,0.035,0.747,0.941,1.000,0.992,0.021,0.233,0.011,0.048
136,116,109,0.035,0.772,0.949,1.000,0.982,0.005,0.223,0.011,0.039,118.000,117.000,0.037,0.776,0.958,0.996,0.983,0.000,0.224,0.022,0.020,127.000,116.000,0.035,0.747,0.941,1.000,0.992,0.021,0.233,0.011,0.048,132.000,129.000,0.033,0.785,0.944,1.000,0.976,0.000,0.215,0.024,0.032
137,116,109,0.035,0.772,0.949,1.000,0.982,0.005,0.223,0.011,0.039,118.000,117.000,0.037,0.776,0.958,0.996,0.983,0.000,0.224,0.022,0.020,127.000,116.000,0.035,0.747,0.941,1.000,0.992,0.021,0.233,0.011,0.048,132.000,129.000,0.033,0.785,0.944,1.000,0.976,0.000,0.215,0.024,0.032
138,116,109,0.035,0.772,0.949,1.000,0.982,0.005,0.223,0.011,0.039,118.000,117.000,0.037,0.776,0.958,0.996,0.983,0.000,0.224,0.022,0.020,127.000,116.000,0.035,0.747,0.941,1.000,0.992,0.021,0.233,0.011,0.048,132.000,129.000,0.033,0.785,0.944,1.000,0.976,0.000,0.215,0.024,0.032
139,116,109,0.035,0.772,0.949,1.000,0.982,0.005,0.223,0.011,0.039,118.000,117.000,0.037,0.776,0.958,0.996,0.983,0.000,0.224,0.022,0.020,127.000,116.000,0.035,0.747,0.941,1.000,0.992,0.021,0.233,0.011,0.048,132.000,129.000,0.033,0.785,0.944,1.000,0.976,0.000,0.215,0.024,0.032
140,116,109,0.035,0.772,0.949,1.000,0.982,0.005,0.223,0.011,0.039,127.000,116.000,0.035,0.747,0.941,1.000,0.992,0.021,0.233,0.011,0.048,134.000,132.000,0.034,0.777,0.942,1.000,0.970,0.002,0.220,0.024,0.034,137.000,132.000,0.035,0.777,0.932,0.996,0.978,0.000,0.223,0.023,0.045
141,116,109,0.035,0.772,0.949,1.000,0.982,0.005,0.223,0.011,0.039,127.000,116.000,0.035,0.747,0.941,1.000,0.992,0.021,0.233,0.011,0.048,134.000,132.000,0.034,0.777,0.942,1.000,0.970,0.002,0.220,0.024,0.034,137.000,132.000,0.035,0.777,0.932,0.996,0.978,0.000,0.223,0.023,0.045
142,116,109,0.035,0.772,0.949,1.000,0.982,0.005,0.223,0.011,0.039,134.000,132.000,0.034,0.777,0.942,1.000,0.970,0.002,0.220,0.024,0.034,137.000,132.000,0.035,0.777,0.932,0.996,0.978,0.000,0.223,0.023,0.045,141.000,116.000,0.035,0.756,0.955,0.996,0.992,0.013,0.231,0.002,0.043
143,116,109,0.035,0.772,0.949,1.000,0.982,0.005,0.223,0.011,0.039,134.000,132.000,0.034,0.777,0.942,1.000,0.970,0.002,0.220,0.024,0.034,144.000,116.000,0.037,0.772,0.960,1.000,1.000,0.001,0.227,0.015,0.026,,,,,,,,,,,
144,134,132,0.034,0.777,0.942,1.000,0.970,0.002,0.220,0.024,0.034,144.000,116.000,0.037,0.772,0.960,1.000,1.000,0.001,0.227,0.015,0.026,145.000,144.000,0.037,0.747,0.969,1.000,1.000,0.011,0.242,0.000,0.031,,,,,,,,,,,
145,134,132,0.034,0.777,0.942,1.000,0.970,0.002,0.220,0.024,0.034,144.000,116.000,0.037,0.772,0.960,1.000,1.000,0.001,0.227,0.015,0.026,145.000,144.000,0.037,0.747,0.969,1.000,1.000,0.011,0.242,0.000,0.031,146.000,144.000,0.039,0.773,0.968,0.996,1.000,0.000,0.227,0.006,0.026
146,134,132,0.034,0.777,0.942,1.000,0.970,0.002,0.220,0.024,0.034,144.000,116.000,0.037,0.772,0.960,1.000,1.000,0.001,0.227,0.015,0.026,145.000,144.000,0.037,0.747,0.969,1.000,1.000,0.011,0.242,0.000,0.031,146.000,144.000,0.039,0.773,0.968,0.996,1.000,0.000,0.227,0.006,0.026
147,134,132,0.034,0.777,0.942,1.000,0.970,0.002,0.220,0.024,0.034,145.000,144.000,0.037,0.747,0.969,1.000,1.000,0.011,0.242,0.000,0.031,146.000,144.000,0.039,0.773,0.968,0.996,1.000,0.000,0.227,0.006,0.026,147.000,145.000,0.042,0.740,0.960,1.000,1.000,0.015,0.244,0.000,0.040
148,134,132,0.034,0.777,0.942,1.000,0.970,0.002,0.220,0.024,0.034,145.000,144.000,0.037,0.747,0.969,1.000,1.000,0.011,0.242,0.000,0.031,146.000,144.000,0.039,0.773,0.968,0.996,1.000,0.000,0.227,0.006,0.026,147.000,145.000,0.042,0.740,0.960,1.000,1.000,0.015,0.244,0.000,0.040
149,134,132,0.034,0.777,0.942,1.000,0.970,0.002,0.220,0.024,0.034,145.000,144.000,0.037,0.747,0.969,1.000,1.000,0.011,0.242,0.000,0.031,146.000,144.000,0.039,0.773,0.968,0.996,1.000,0.000,0.227,0.006,0.026,147.000,145.000,0.042,0.740,0.960,1.000,1.000,0.015,0.244,0.000,0.040
150,134,132,0.034,0.777,0.942,1.000,0.970,0.002,0.220,0.024,0.034,145.000,144.000,0.037,0.747,0.969,1.000,1.000,0.011,0.242,0.000,0.031,146.000,144.000,0.039,0.773,0.968,0.996,1.000,0.000,0.227,0.006,0.026,147.000,145.000,0.042,0.740,0.960,1.000,1.000,0.015,0.244,0.000,0.040
151,145,144,0.037,0.747,0.969,1.000,1.000,0.011,0.242,0.000,0.031,152.000,134.000,0.024,0.758,0.959,1.000,0.971,0.015,0.226,0.019,0.022,,,,,,,,,,,,,,,,,,,,,,
152,145,144,0.037,0.747,0.969,1.000,1.000,0.011,0.242,0.000,0.031,152.000,134.000,0.024,0.758,0.959,1.000,0.971,0.015,0.226,0.019,0.022,153.000,152.000,0.019,0.743,0.952,1.000,0.974,0.026,0.231,0.031,0.017,,,,,,,,,,,
153,145,144,0.037,0.747,0.969,1.000,1.000,0.011,0.242,0.000,0.031,152.000,134.000,0.024,0.758,0.959,1.000,0.971,0.015,0.226,0.019,0.022,153.000,152.000,0.019,0.743,0.952,1.000,0.974,0.026,0.231,0.031,0.017,154.000,145.000,0.040,0.750,0.989,1.000,1.000,0.010,0.241,0.000,0.011
154,145,144,0.037,0.747,0.969,1.000,1.000,0.011,0.242,0.000,0.031,155.000,145.000,0.030,0.753,0.974,1.000,0.998,0.010,0.237,0.000,0.026,,,,,,,,,,,,,,,,,,,,,,
155,145,144,0.037,0.747,0.969,1.000,1.000,0.011,0.242,0.000,0.031,155.000,145.000,0.030,0.753,0.974,1.000,0.998,0.010,0.237,0.000,0.026,156.000,155.000,0.022,0.748,0.964,1.000,0.977,0.018,0.233,0.000,0.036,,,,,,,,,,,
156,145,144,0.037,0.747,0.969,1.000,1.000,0.011,0.242,0.000,0.031,155.000,145.000,0.030,0.753,0.974,1.000,0.998,0.010,0.237,0.000,0.026,156.000,155.000,0.022,0.748,0.964,1.000,0.977,0.018,0.233,0.000,0.036,157.000,145.000,0.042,0.744,0.980,0.981,1.000,0.000,0.256,0.000,0.020
157,145,144,0.037,0.747,0.969,1.000,1.000,0.011,0.242,0.000,0.031,155.000,145.000,0.030,0.753,0.974,1.000,0.998,0.010,0.237,0.000,0.026,156.000,155.000,0.022,0.748,0.964,1.000,0.977,0.018,0.233,0.000,0.036,157.000,145.000,0.042,0.744,0.980,0.981,1.000,0.000,0.256,0.000,0.020
158,145,144,0.037,0.747,0.969,1.000,1.000,0.011,0.242,0.000,0.031,155.000,145.000,0.030,0.753,0.974,1.000,0.998,0.010,0.237,0.000,0.026,156.000,155.000,0.022,0.748,0.964,1.000,0.977,0.018,0.233,0.000,0.036,157.000,145.000,0.042,0.744,0.980,0.981,1.000,0.000,0.256,0.000,0.020
159,155,145,0.030,0.753,0.974,1.000,0.998,0.010,0.237,0.000,0.026,156.000,155.000,0.022,0.748,0.964,1.000,0.977,0.018,0.233,0.000,0.036,158.000,155.000,0.032,0.769,0.971,1.000,0.970,0.000,0.231,0.013,0.017,159.000,158.000,0.032,0.774,0.964,1.000,0.980,0.000,0.226,0.010,0.026
160,155,145,0.030,0.753,0.974,1.000,0.998,0.010,0.237,0.000,0.026,156.000,155.000,0.022,0.748,0.964,1.000,0.977,0.018,0.233,0.000,0.036,158.000,155.000,0.032,0.769,0.971,1.000,0.970,0.000,0.231,0.013,0.017,159.000,158.000,0.032,0.774,0.964,1.000,0.980,0.000,0.226,0.010,0.026
161,155,145,0.030,0.753,0.974,1.000,0.998,0.010,0.237,0.000,0.026,156.000,155.000,0.022,0.748,0.964,1.000,0.977,0.018,0.233,0.000,0.036,158.000,155.000,0.032,0.769,0.971,1.000,0.970,0.000,0.231,0.013,0.017,159.000,158.000,0.032,0.774,0.964,1.000,0.980,0.000,0.226,0.010,0.026
162,155,145,0.030,0.753,0.974,1.000,0.998,0.010,0.237,0.000,0.026,156.000,155.000,0.022,0.748,0.964,1.000,0.977,0.018,0.233,0.000,0.036,158.000,155.000,0.032,0.769,0.971,1.000,0.970,0.000,0.231,0.013,0.017,159.000,158.000,0.032,0.774,0.964,1.000,0.980,0.000,0.226,0.010,0.026
163,155,145,0.030,0.753,0.974,1.000,0.998,0.010,0.237,0.000,0.026,156.000,155.000,0.022,0.748,0.964,1.000,0.977,0.018,0.233,0.000,0.036,158.000,155.000,0.032,0.769,0.971,1.000,0.970,0.000,0.231,0.013,0.017,159.000,158.000,0.032,0.774,0.964,1.000,0.980,0.000,0.226,0.010,0.026
164,155,145,0.030,0.753,0.974,1.000,0.998,0.010,0.237,0.000,0.026,158.000,155.000,0.032,0.769,0.971,1.000,0.970,0.000,0.231,0.013,0.017,,,,,,,,,,,,,,,,,,,,,,
165,155,145,0.030,0.753,0.974,1.000,0.998,0.010,0.237,0.000,0.026,158.000,155.000,0.032,0.769,0.971,1.000,0.970,0.000,0.231,0.013,0.017,166.000,158.000,0.033,0.747,0.973,1.000,0.972,0.000,0.253,0.003,0.024,,,,,,,,,,,
166,155,145,0.030,0.753,0.974,1.000,0.998,0.010,0.237,0.000,0.026,158.000,155.000,0.032,0.769,0.971,1.000,0.970,0.000,0.231,0.013,0.017,166.000,158.000,0.033,0.747,0.973,1.000,0.972,0.000,0.253,0.003,0.024,167.000,158.000,0.025,0.766,0.960,1.000,0.959,0.005,0.228,0.025,0.015
167,155,145,0.030,0.753,0.974,1.000,0.998,0.010,0.237,0.000,0.026,158.000,155.000,0.032,0.769,0.971,1.000,0.970,0.000,0.231,0.013,0.017,166.000,158.000,0.033,0.747,0.973,1.000,0.972,0.000,0.253,0.003,0.024,167.000,158.000,0.025,0.766,0.960,1.000,0.959,0.005,0.228,0.025,0.015
168,155,145,0.030,0.753,0.974,1.000,0.998,0.010,0.237,0.000,0.026,158.000,155.000,0.032,0.769,0.971,1.000,0.970,0.000,0.231,0.013,0.017,166.000,158.000,0.033,0.747,0.973,1.000,0.972,0.000,0.253,0.003,0.024,167.000,158.000,0.025,0.766,0.960,1.000,0.959,0.005,0.228,0.025,0.015
169,155,145,0.030,0.753,0.974,1.000,0.998,0.010,0.237,0.000,0.026,158.000,155.000,0.032,0.769,0.971,1.000,0.970,0.000,0.231,0.013,0.017,166.000,158.000,0.033,0.747,0.973,1.000,0.972,0.000,0.253,0.003,0.024,167.000,158.000,0.025,0.766,0.960,1.000,0.959,0.005,0.228,0.025,0.015
170,155,145,0.030,0.753,0.974,1.000,0.998,0.010,0.237,0.000,0.026,158.000,155.000,0.032,0.769,0.971,1.000,0.970,0.000,0.231,0.013,0.017,166.000,158.000,0.033,0.747,0.973,1.000,0.972,0.000,0.253,0.003,0.024,168.000,155.000,0.028,0.762,0.959,0.988,1.000,0.001,0.237,0.012,0.029
171,155,145,0.030,0.753,0.974,1.000,0.998,0.010,0.237,0.000,0.026,158.000,155.000,0.032,0.769,0.971,1.000,0.970,0.000,0.231,0.013,0.017,166.000,158.000,0.033,0.747,0.973,1.000,0.972,0.000,0.253,0.003,0.024,168.000,155.000,0.028,0.762,0.959,0.988,1.000,0.001,0.237,0.012,0.029
172,158,155,0.032,0.769,0.971,1.000,0.970,0.000,0.231,0.013,0.017,166.000,158.000,0.033,0.747,0.973,1.000,0.972,0.000,0.253,0.003,0.024,168.000,155.000,0.028,0.762,0.959,0.988,1.000,0.001,0.237,0.012,0.029,169.000,166.000,0.033,0.741,0.953,1.000,0.964,0.000,0.259,0.015,0.031
173,158,155,0.032,0.769,0.971,1.000,0.970,0.000,0.231,0.013,0.017,166.000,158.000,0.033,0.747,0.973,1.000,0.972,0.000,0.253,0.003,0.024,169.000,166.000,0.033,0.741,0.953,1.000,0.964,0.000,0.259,0.015,0.031,171.000,168.000,0.029,0.757,0.940,0.984,0.997,0.000,0.243,0.014,0.046
174,158,155,0.032,0.769,0.971,1.000,0.970,0.000,0.231,0.013,0.017,166.000,158.000,0.033,0.747,0.973,1.000,0.972,0.000,0.253,0.003,0.024,169.000,166.000,0.033,0.741,0.953,1.000,0.964,0.000,0.259,0.015,0.031,171.000,168.000,0.029,0.757,0.940,0.984,0.997,0.000,0.243,0.014,0.046
175,158,155,0.032,0.769,0.971,1.000,0.970,0.000,0.231,0.013,0.017,166.000,158.000,0.033,0.747,0.973,1.000,0.972,0.000,0.253,0.003,0.024,169.000,166.000,0.033,0.741,0.953,1.000,0.964,0.000,0.259,0.015,0.031,171.000,168.000,0.029,0.757,0.940,0.984,0.997,0.000,0.243,0.014,0.046
176,166,158,0.033,0.747,0.973,1.000,0.972,0.000,0.253,0.003,0.024,169.000,166.000,0.033,0.741,0.953,1.000,0.964,0.000,0.259,0.015,0.031,172.000,155.000,0.030,0.742,0.981,0.998,0.990,0.023,0.235,0.006,0.013,174.000,172.000,0.033,0.741,0.967,0.998,0.980,0.028,0.231,0.004,0.029
177,166,158,0.033,0.747,0.973,1.000,0.972,0.000,0.253,0.003,0.024,169.000,166.000,0.033,0.741,0.953,1.000,0.964,0.000,0.259,0.015,0.031,,,,,,,,,,,,,,,,,,,,,,
178,169,166,0.033,0.741,0.953,1.000,0.964,0.000,0.259,0.015,0.031,179.000,169.000,0.028,0.739,0.947,1.000,0.968,0.000,0.261,0.005,0.048,,,,,,,,,,,,,,,,,,,,,,
179,169,166,0.033,0.741,0.953,1.000,0.964,0.000,0.259,0.015,0.031,179.000,169.000,0.028,0.739,0.947,1.000,0.968,0.000,0.261,0.005,0.048,180.000,179.000,0.026,0.724,0.959,0.981,0.960,0.008,0.268,0.000,0.041,,,,,,,,,,,
180,169,166,0.033,0.741,0.953,1.000,0.964,0.000,0.259,0.015,0.031,179.000,169.000,0.028,0.739,0.947,1.000,0.968,0.000,0.261,0.005,0.048,180.000,179.000,0.026,0.724,0.959,0.981,0.960,0.008,0.268,0.000,0.041,181.000,180.000,0.023,0.727,0.955,0.964,0.969,0.000,0.273,0.000,0.045
181,169,166,0.033,0.741,0.953,1.000,0.964,0.000,0.259,0.015,0.031,179.000,169.000,0.028,0.739,0.947,1.000,0.968,0.000,0.261,0.005,0.048,180.000,179.000,0.026,0.724,0.959,0.981,0.960,0.008,0.268,0.000,0.041,181.000,180.000,0.023,0.727,0.955,0.964,0.969,0.000,0.273,0.000,0.045
182,169,166,0.033,0.741,0.953,1.000,0.964,0.000,0.259,0.015,0.031,179.000,169.000,0.028,0.739,0.947,1.000,0.968,0.000,0.261,0.005,0.048,180.000,179.000,0.026,0.724,0.959,0.981,0.960,0.008,0.268,0.000,0.041,181.000,180.000,0.023,0.727,0.955,0.964,0.969,0.000,0.273,0.000,0.045
183,169,166,0.033,0.741,0.953,1.000,0.964,0.000,0.259,0.015,0.031,179.000,169.000,0.028,0.739,0.947,1.000,0.968,0.000,0.261,0.005,0.048,180.000,179.000,0.026,0.724,0.959,0.981,0.960,0.008,0.268,0.000,0.041,182.000,180.000,0.025,0.711,0.979,0.987,0.956,0.022,0.267,0.000,0.021
184,169,166,0.033,0.741,0.953,1.000,0.964,0.000,0.259,0.015,0.031,179.000,169.000,0.028,0.739,0.947,1.000,0.968,0.000,0.261,0.005,0.048,182.000,180.000,0.025,0.711,0.979,0.987,0.956,0.022,0.267,0.000,0.021,183.000,181.000,0.018,0.718,0.949,0.964,0.957,0.000,0.282,0.000,0.051
185,169,166,0.033,0.741,0.953,1.000,0.964,0.000,0.259,0.015,0.031,179.000,169.000,0.028,0.739,0.947,1.000,0.968,0.000,0.261,0.005,0.048,182.000,180.000,0.025,0.711,0.979,0.987,0.956,0.022,0.267,0.000,0.021,184.000,182.000,0.027,0.711,0.978,0.990,0.956,0.020,0.269,0.003,0.019
186,169,166,0.033,0.741,0.953,1.000,0.964,0.000,0.259,0.015,0.031,179.000,169.000,0.028,0.739,0.947,1.000,0.968,0.000,0.261,0.005,0.048,184.000,182.000,0.027,0.711,0.978,0.990,0.956,0.020,0.269,0.003,0.019,186.000,169.000,0.027,0.732,0.928,0.991,0.967,0.014,0.254,0.039,0.033
187,169,166,0.033,0.741,0.953,1.000,0.964,0.000,0.259,0.015,0.031,179.000,169.000,0.028,0.739,0.947,1.000,0.968,0.000,0.261,0.005,0.048,187.000,186.000,0.029,0.729,0.915,0.995,0.969,0.004,0.267,0.040,0.044,188.000,184.000,0.038,0.707,0.974,0.988,0.948,0.012,0.281,0.015,0.010
188,169,166,0.033,0.741,0.953,1.000,0.964,0.000,0.259,0.015,0.031,179.000,169.000,0.028,0.739,0.947,1.000,0.968,0.000,0.261,0.005,0.048,187.000,186.000,0.029,0.729,0.915,0.995,0.969,0.004,0.267,0.040,0.044,188.000,184.000,0.038,0.707,0.974,0.988,0.948,0.012,0.281,0.015,0.010
189,169,166,0.033,0.741,0.953,1.000,0.964,0.000,0.259,0.015,0.031,179.000,169.000,0.028,0.739,0.947,1.000,0.968,0.000,0.261,0.005,0.048,187.000,186.000,0.029,0.729,0.915,0.995,0.969,0.004,0.267,0.040,0.044,189.000,188.000,0.037,0.705,0.979,0.996,0.947,0.008,0.288,0.013,0.008
190,189,188,0.037,0.705,0.979,0.996,0.947,0.008,0.288,0.013,0.008,191.000,189.000,0.045,0.696,0.988,1.000,0.947,0.000,0.304,0.000,0.012,,,,,,,,,,,,,,,,,,,,,,
191,189,188,0.037,0.705,0.979,0.996,0.947,0.008,0.288,0.013,0.008,191.000,189.000,0.045,0.696,0.988,1.000,0.947,0.000,0.304,0.000,0.012,192.000,191.000,0.042,0.690,0.981,1.000,0.951,0.000,0.310,0.008,0.011,,,,,,,,,,,
192,189,188,0.037,0.705,0.979,0.996,0.947,0.008,0.288,0.013,0.008,191.000,189.000,0.045,0.696,0.988,1.000,0.947,0.000,0.304,0.000,0.012,192.000,191.000,0.042,0.690,0.981,1.000,0.951,0.000,0.310,0.008,0.011,193.000,191.000,0.042,0.705,0.985,1.000,0.934,0.003,0.292,0.003,0.012
193,189,188,0.037,0.705,0.979,0.996,0.947,0.008,0.288,0.013,0.008,192.000,191.000,0.042,0.690,0.981,1.000,0.951,0.000,0.310,0.008,0.011,193.000,191.000,0.042,0.705,0.985,1.000,0.934,0.003,0.292,0.003,0.012,194.000,189.000,0.037,0.712,0.959,0.976,0.940,0.001,0.288,0.037,0.004
194,189,188,0.037,0.705,0.979,0.996,0.947,0.008,0.288,0.013,0.008,192.000,191.000,0.042,0.690,0.981,1.000,0.951,0.000,0.310,0.008,0.011,193.000,191.000,0.042,0.705,0.985,1.000,0.934,0.003,0.292,0.003,0.012,194.000,189.000,0.037,0.712,0.959,0.976,0.940,0.001,0.288,0.037,0.004
195,189,188,0.037,0.705,0.979,0.996,0.947,0.008,0.288,0.013,0.008,192.000,191.000,0.042,0.690,0.981,1.000,0.951,0.000,0.310,0.008,0.011,193.000,191.000,0.042,0.705,0.985,1.000,0.934,0.003,0.292,0.003,0.012,194.000,189.000,0.037,0.712,0.959,0.976,0.940,0.001,0.288,0.037,0.004
196,189,188,0.037,0.705,0.979,0.996,0.947,0.008,0.288,0.013,0.008,192.000,191.000,0.042,0.690,0.981,1.000,0.951,0.000,0.310,0.008,0.011,193.000,191.000,0.042,0.705,0.985,1.000,0.934,0.003,0.292,0.003,0.012,194.000,189.000,0.037,0.712,0.959,0.976,0.940,0.001,0.288,0.037,0.004
197,189,188,0.037,0.705,0.979,0.996,0.947,0.008,0.288,0.013,0.008,192.000,191.000,0.042,0.690,0.981,1.000,0.951,0.000,0.310,0.008,0.011,193.000,191.000,0.042,0.705,0.985,1.000,0.934,0.003,0.292,0.003,0.012,194.000,189.000,0.037,0.712,0.959,0.976,0.940,0.001,0.288,0.037,0.004
198,189,188,0.037,0.705,0.979,0.996,0.947,0.008,0.288,0.013,0.008,192.000,191.000,0.042,0.690,0.981,1.000,0.951,0.000,0.310,0.008,0.011,193.000,191.000,0.042,0.705,0.985,1.000,0.934,0.003,0.292,0.003,0.012,198.000,197.000,0.062,0.697,0.952,0.995,0.934,0.012,0.291,0.016,0.032
199,189,188,0.037,0.705,0.979,0.996,0.947,0.008,0.288,0.013,0.008,192.000,191.000,0.042,0.690,0.981,1.000,0.951,0.000,0.310,0.008,0.011,193.000,191.000,0.042,0.705,0.985,1.000,0.934,0.003,0.292,0.003,0.012,199.000,198.000,0.064,0.710,0.976,0.992,0.948,0.006,0.284,0.014,0.010
200,189,188,0.037,0.705,0.979,0.996,0.947,0.008,0.288,0.013,0.008,192.000,191.000,0.042,0.690,0.981,1.000,0.951,0.000,0.310,0.008,0.011,193.000,191.000,0.042,0.705,0.985,1.000,0.934,0.003,0.292,0.003,0.012,199.000,198.000,0.064,0.710,0.976,0.992,0.948,0.006,0.284,0.014,0.010
201,189,188,0.037,0.705,0.979,0.996,0.947,0.008,0.288,0.013,0.008,192.000,191.000,0.042,0.690,0.981,1.000,0.951,0.000,0.310,0.008,0.011,193.000,191.000,0.042,0.705,0.985,1.000,0.934,0.003,0.292,0.003,0.012,200.000,193.000,0.040,0.699,0.991,0.999,0.933,0.016,0.285,0.001,0.008
202,189,188,0.037,0.705,0.979,0.996,0.947,0.008,0.288,0.013,0.008,192.000,191.000,0.042,0.690,0.981,1.000,0.951,0.000,0.310,0.008,0.011,193.000,191.000,0.042,0.705,0.985,1.000,0.934,0.003,0.292,0.003,0.012,200.000,193.000,0.040,0.699,0.991,0.999,0.933,0.016,0.285,0.001,0.008
203,192,191,0.042,0.690,0.981,1.000,0.951,0.000,0.310,0.008,0.011,203.000,192.000,0.032,0.683,0.974,0.982,0.946,0.001,0.317,0.006,0.021,204.000,192.000,0.040,0.686,0.987,0.988,0.973,0.000,0.314,0.004,0.009,,,,,,,,,,,
204,192,191,0.042,0.690,0.981,1.000,0.951,0.000,0.310,0.008,0.011,203.000,192.000,0.032,0.683,0.974,0.982,0.946,0.001,0.317,0.006,0.021,204.000,192.000,0.040,0.686,0.987,0.988,0.973,0.000,0.314,0.004,0.009,205.000,192.000,0.043,0.688,0.989,1.000,0.949,0.000,0.312,0.006,0.005
205,192,191,0.042,0.690,0.981,1.000,0.951,0.000,0.310,0.008,0.011,203.000,192.000,0.032,0.683,0.974,0.982,0.946,0.001,0.317,0.006,0.021,204.000,192.000,0.040,0.686,0.987,0.988,0.973,0.000,0.314,0.004,0.009,205.000,192.000,0.043,0.688,0.989,1.000,0.949,0.000,0.312,0.006,0.005
206,192,191,0.042,0.690,0.981,1.000,0.951,0.000,0.310,0.008,0.011,203.000,192.000,0.032,0.683,0.974,0.982,0.946,0.001,0.317,0.006,0.021,204.000,192.000,0.040,0.686,0.987,0.988,0.973,0.000,0.314,0.004,0.009,205.000,192.000,0.043,0.688,0.989,1.000,0.949,0.000,0.312,0.006,0.005
207,192,191,0.042,0.690,0.981,1.000,0.951,0.000,0.310,0.008,0.011,203.000,192.000,0.032,0.683,0.974,0.982,0.946,0.001,0.317,0.006,0.021,204.000,192.000,0.040,0.686,0.987,0.988,0.973,0.000,0.314,0.004,0.009,205.000,192.000,0.043,0.688,0.989,1.000,0.949,0.000,0.312,0.006,0.005
208,192,191,0.042,0.690,0.981,1.000,0.951,0.000,0.310,0.008,0.011,209.000,207.000,0.038,0.673,0.987,1.000,0.986,0.006,0.321,0.000,0.013,,,,,,,,,,,,,,,,,,,,,,
209,192,191,0.042,0.690,0.981,1.000,0.951,0.000,0.310,0.008,0.011,209.000,207.000,0.038,0.673,0.987,1.000,0.986,0.006,0.321,0.000,0.013,210.000,192.000,0.041,0.679,0.994,0.988,0.967,0.000,0.321,0.000,0.006,,,,,,,,,,,
210,192,191,0.042,0.690,0.981,1.000,0.951,0.000,0.310,0.008,0.011,209.000,207.000,0.038,0.673,0.987,1.000,0.986,0.006,0.321,0.000,0.013,210.000,192.000,0.041,0.679,0.994,0.988,0.967,0.000,0.321,0.000,0.006,211.000,192.000,0.039,0.684,0.963,0.991,0.954,0.011,0.305,0.029,0.008
211,192,191,0.042,0.690,0.981,1.000,0.951,0.000,0.310,0.008,0.011,209.000,207.000,0.038,0.673,0.987,1.000,0.986,0.006,0.321,0.000,0.013,210.000,192.000,0.041,0.679,0.994,0.988,0.967,0.000,0.321,0.000,0.006,211.000,192.000,0.039,0.684,0.963,0.991,0.954,0.011,0.305,0.029,0.008
212,192,191,0.042,0.690,0.981,1.000,0.951,0.000,0.310,0.008,0.011,209.000,207.000,0.038,0.673,0.987,1.000,0.986,0.006,0.321,0.000,0.013,210.000,192.000,0.041,0.679,0.994,0.988,0.967,0.000,0.321,0.000,0.006,211.000,192.000,0.039,0.684,0.963,0.991,0.954,0.011,0.305,0.029,0.008
213,192,191,0.042,0.690,0.981,1.000,0.951,0.000,0.310,0.008,0.011,209.000,207.000,0.038,0.673,0.987,1.000,0.986,0.006,0.321,0.000,0.013,210.000,192.000,0.041,0.679,0.994,0.988,0.967,0.000,0.321,0.000,0.006,213.000,210.000,0.045,0.669,0.993,0.994,0.975,0.010,0.321,0.000,0.007
214,192,191,0.042,0.690,0.981,1.000,0.951,0.000,0.310,0.008,0.011,209.000,207.000,0.038,0.673,0.987,1.000,0.986,0.006,0.321,0.000,0.013,210.000,192.000,0.041,0.679,0.994,0.988,0.967,0.000,0.321,0.000,0.006,213.000,210.000,0.045,0.669,0.993,0.994,0.975,0.010,0.321,0.000,0.007
215,192,191,0.042,0.690,0.981,1.000,0.951,0.000,0.310,0.008,0.011,209.000,207.000,0.038,0.673,0.987,1.000,0.986,0.006,0.321,0.000,0.013,213.000,210.000,0.045,0.669,0.993,0.994,0.975,0.010,0.321,0.000,0.007,215.000,192.000,0.042,0.685,0.998,0.998,0.937,0.009,0.305,0.000,0.002
216,192,191,0.042,0.690,0.981,1.000,0.951,0.000,0.310,0.008,0.011,209.000,207.000,0.038,0.673,0.987,1.000,0.986,0.006,0.321,0.000,0.013,215.000,192.000,0.042,0.685,0.998,0.998,0.937,0.009,0.305,0.000,0.002,217.000,213.000,0.035,0.676,0.963,0.999,0.969,0.010,0.314,0.011,0.027
217,192,191,0.042,0.690,0.981,1.000,0.951,0.000,0.310,0.008,0.011,209.000,207.000,0.038,0.673,0.987,1.000,0.986,0.006,0.321,0.000,0.013,215.000,192.000,0.042,0.685,0.998,0.998,0.937,0.009,0.305,0.000,0.002,217.000,213.000,0.035,0.676,0.963,0.999,0.969,0.010,0.314,0.011,0.027
218,209,207,0.038,0.673,0.987,1.000,0.986,0.006,0.321,0.000,0.013,219.000,217.000,0.036,0.673,0.959,1.000,0.949,0.007,0.320,0.013,0.027,,,,,,,,,,,,,,,,,,,,,,
219,209,207,0.038,0.673,0.987,1.000,0.986,0.006,0.321,0.000,0.013,219.000,217.000,0.036,0.673,0.959,1.000,0.949,0.007,0.320,0.013,0.027,220.000,209.000,0.033,0.674,0.989,1.000,0.992,0.007,0.319,0.001,0.010,,,,,,,,,,,
220,209,207,0.038,0.673,0.987,1.000,0.986,0.006,0.321,0.000,0.013,219.000,217.000,0.036,0.673,0.959,1.000,0.949,0.007,0.320,0.013,0.027,220.000,209.000,0.033,0.674,0.989,1.000,0.992,0.007,0.319,0.001,0.010,221.000,209.000,0.043,0.679,0.991,1.000,0.985,0.007,0.314,0.000,0.009
221,219,217,0.036,0.673,0.959,1.000,0.949,0.007,0.320,0.013,0.027,220.000,209.000,0.033,0.674,0.989,1.000,0.992,0.007,0.319,0.001,0.010,221.000,209.000,0.043,0.679,0.991,1.000,0.985,0.007,0.314,0.000,0.009,222.000,220.000,0.029,0.678,1.000,0.997,0.976,0.000,0.322,0.000,0.000
222,219,217,0.036,0.673,0.959,1.000,0.949,0.007,0.320,0.013,0.027,220.000,209.000,0.033,0.674,0.989,1.000,0.992,0.007,0.319,0.001,0.010,222.000,220.000,0.029,0.678,1.000,0.997,0.976,0.000,0.322,0.000,0.000,223.000,220.000,0.036,0.655,0.986,1.000,0.989,0.021,0.323,0.000,0.014
223,219,217,0.036,0.673,0.959,1.000,0.949,0.007,0.320,0.013,0.027,222.000,220.000,0.029,0.678,1.000,0.997,0.976,0.000,0.322,0.000,0.000,224.000,220.000,0.028,0.669,0.991,0.997,0.986,0.002,0.329,0.000,0.009,,,,,,,,,,,
224,219,217,0.036,0.673,0.959,1.000,0.949,0.007,0.320,0.013,0.027,222.000,220.000,0.029,0.678,1.000,0.997,0.976,0.000,0.322,0.000,0.000,224.000,220.000,0.028,0.669,0.991,0.997,0.986,0.002,0.329,0.000,0.009,225.000,219.000,0.035,0.656,0.950,1.000,0.957,0.014,0.330,0.027,0.022
225,222,220,0.029,0.678,1.000,0.997,0.976,0.000,0.322,0.000,0.000,224.000,220.000,0.028,0.669,0.991,0.997,0.986,0.002,0.329,0.000,0.009,225.000,219.000,0.035,0.656,0.950,1.000,0.957,0.014,0.330,0.027,0.022,226.000,225.000,0.043,0.649,0.968,0.998,0.977,0.015,0.335,0.015,0.017
226,222,220,0.029,0.678,1.000,0.997,0.976,0.000,0.322,0.000,0.000,224.000,220.000,0.028,0.669,0.991,0.997,0.986,0.002,0.329,0.000,0.009,225.000,219.000,0.035,0.656,0.950,1.000,0.957,0.014,0.330,0.027,0.022,226.000,225.000,0.043,0.649,0.968,0.998,0.977,0.015,0.335,0.015,0.017
227,222,220,0.029,0.678,1.000,0.997,0.976,0.000,0.322,0.000,0.000,224.000,220.000,0.028,0.669,0.991,0.997,0.986,0.002,0.329,0.000,0.009,225.000,219.000,0.035,0.656,0.950,1.000,0.957,0.014,0.330,0.027,0.022,226.000,225.000,0.043,0.649,0.968,0.998,0.977,0.015,0.335,0.015,0.017
228,222,220,0.029,0.678,1.000,0.997,0.976,0.000,0.322,0.000,0.000,224.000,220.000,0.028,0.669,0.991,0.997,0.986,0.002,0.329,0.000,0.009,225.000,219.000,0.035,0.656,0.950,1.000,0.957,0.014,0.330,0.027,0.022,227.000,225.000,0.032,0.650,0.960,0.998,0.959,0.023,0.327,0.015,0.025
229,222,220,0.029,0.678,1.000,0.997,0.976,0.000,0.322,0.000,0.000,224.000,220.000,0.028,0.669,0.991,0.997,0.986,0.002,0.329,0.000,0.009,225.000,219.000,0.035,0.656,0.950,1.000,0.957,0.014,0.330,0.027,0.022,227.000,225.000,0.032,0.650,0.960,0.998,0.959,0.023,0.327,0.015,0.025
230,222,220,0.029,0.678,1.000,0.997,0.976,0.000,0.322,0.000,0.000,224.000,220.000,0.028,0.669,0.991,0.997,0.986,0.002,0.329,0.000,0.009,225.000,219.000,0.035,0.656,0.950,1.000,0.957,0.014,0.330,0.027,0.022,227.000,225.000,0.032,0.650,0.960,0.998,0.959,0.023,0.327,0.015,0.025
231,222,220,0.029,0.678,1.000,0.997,0.976,0.000,0.322,0.000,0.000,224.000,220.000,0.028,0.669,0.991,0.997,0.986,0.002,0.329,0.000,0.009,225.000,219.000,0.035,0.656,0.950,1.000,0.957,0.014,0.330,0.027,0.022,227.000,225.000,0.032,0.650,0.960,0.998,0.959,0.023,0.327,0.015,0.025
232,222,220,0.029,0.678,1.000,0.997,0.976,0.000,0.322,0.000,0.000,224.000,220.000,0.028,0.669,0.991,0.997,0.986,0.002,0.329,0.000,0.009,225.000,219.000,0.035,0.656,0.950,1.000,0.957,0.014,0.330,0.027,0.022,227.000,225.000,0.032,0.650,0.960,0.998,0.959,0.023,0.327,0.015,0.025
233,224,220,0.028,0.669,0.991,0.997,0.986,0.002,0.329,0.000,0.009,225.000,219.000,0.035,0.656,0.950,1.000,0.957,0.014,0.330,0.027,0.022,228.000,224.000,0.030,0.661,0.986,1.000,1.000,0.010,0.329,0.007,0.007,232.000,224.000,0.030,0.654,0.992,1.000,0.993,0.004,0.342,0.000,0.008
234,224,220,0.028,0.669,0.991,0.997,0.986,0.002,0.329,0.000,0.009,232.000,224.000,0.030,0.654,0.992,1.000,0.993,0.004,0.342,0.000,0.008,,,,,,,,,,,,,,,,,,,,,,
235,224,220,0.028,0.669,0.991,0.997,0.986,0.002,0.329,0.000,0.009,232.000,224.000,0.030,0.654,0.992,1.000,0.993,0.004,0.342,0.000,0.008,,,,,,,,,,,,,,,,,,,,,,
236,232,224,0.030,0.654,0.992,1.000,0.993,0.004,0.342,0.000,0.008,237.000,232.000,0.033,0.643,0.995,1.000,0.999,0.000,0.357,0.005,0.000,,,,,,,,,,,,,,,,,,,,,,
237,232,224,0.030,0.654,0.992,1.000,0.993,0.004,0.342,0.000,0.008,237.000,232.000,0.033,0.643,0.995,1.000,0.999,0.000,0.357,0.005,0.000,238.000,232.000,0.036,0.655,0.965,1.000,1.000,0.001,0.344,0.016,0.019,,,,,,,,,,,
238,232,224,0.030,0.654,0.992,1.000,0.993,0.004,0.342,0.000,0.008,237.000,232.000,0.033,0.643,0.995,1.000,0.999,0.000,0.357,0.005,0.000,238.000,232.000,0.036,0.655,0.965,1.000,1.000,0.001,0.344,0.016,0.019,239.000,237.000,0.034,0.637,0.993,0.998,1.000,0.008,0.355,0.004,0.003
239,232,224,0.030,0.654,0.992,1.000,0.993,0.004,0.342,0.000,0.008,237.000,232.000,0.033,0.643,0.995,1.000,0.999,0.000,0.357,0.005,0.000,238.000,232.000,0.036,0.655,0.965,1.000,1.000,0.001,0.344,0.016,0.019,239.000,237.000,0.034,0.637,0.993,0.998,1.000,0.008,0.355,0.004,0.003
240,232,224,0.030,0.654,0.992,1.000,0.993,0.004,0.342,0.000,0.008,237.000,232.000,0.033,0.643,0.995,1.000,0.999,0.000,0.357,0.005,0.000,238.000,232.000,0.036,0.655,0.965,1.000,1.000,0.001,0.344,0.016,0.019,239.000,237.000,0.034,0.637,0.993,0.998,1.000,0.008,0.355,0.004,0.003
241,232,224,0.030,0.654,0.992,1.000,0.993,0.004,0.342,0.000,0.008,237.000,232.000,0.033,0.643,0.995,1.000,0.999,0.000,0.357,0.005,0.000,238.000,232.000,0.036,0.655,0.965,1.000,1.000,0.001,0.344,0.016,0.019,239.000,237.000,0.034,0.637,0.993,0.998,1.000,0.008,0.355,0.004,0.003
242,232,224,0.030,0.654,0.992,1.000,0.993,0.004,0.342,0.000,0.008,237.000,232.000,0.033,0.643,0.995,1.000,0.999,0.000,0.357,0.005,0.000,238.000,232.000,0.036,0.655,0.965,1.000,1.000,0.001,0.344,0.016,0.019,239.000,237.000,0.034,0.637,0.993,0.998,1.000,0.008,0.355,0.004,0.003
243,232,224,0.030,0.654,0.992,1.000,0.993,0.004,0.342,0.000,0.008,239.000,237.000,0.034,0.637,0.993,0.998,1.000,0.008,0.355,0.004,0.003,240.000,232.000,0.024,0.654,1.000,0.984,0.982,0.018,0.328,0.000,0.000,241.000,240.000,0.020,0.665,1.000,0.989,0.974,0.018,0.317,0.000,0.000
244,232,224,0.030,0.654,0.992,1.000,0.993,0.004,0.342,0.000,0.008,239.000,237.000,0.034,0.637,0.993,0.998,1.000,0.008,0.355,0.004,0.003,241.000,240.000,0.020,0.665,1.000,0.989,0.974,0.018,0.317,0.000,0.000,243.000,241.000,0.022,0.667,0.997,0.990,0.982,0.007,0.325,0.003,0.000
245,232,224,0.030,0.654,0.992,1.000,0.993,0.004,0.342,0.000,0.008,239.000,237.000,0.034,0.637,0.993,0.998,1.000,0.008,0.355,0.004,0.003,243.000,241.000,0.022,0.667,0.997,0.990,0.982,0.007,0.325,0.003,0.000,244.000,240.000,0.024,0.659,1.000,0.996,0.983,0.011,0.330,0.000,0.000
246,232,224,0.030,0.654,0.992,1.000,0.993,0.004,0.342,0.000,0.008,239.000,237.000,0.034,0.637,0.993,0.998,1.000,0.008,0.355,0.004,0.003,243.000,241.000,0.022,0.667,0.997,0.990,0.982,0.007,0.325,0.003,0.000,244.000,240.000,0.024,0.659,1.000,0.996,0.983,0.011,0.330,0.000,0.000
247,232,224,0.030,0.654,0.992,1.000,0.993,0.004,0.342,0.000,0.008,239.000,237.000,0.034,0.637,0.993,0.998,1.000,0.008,0.355,0.004,0.003,243.000,241.000,0.022,0.667,0.997,0.990,0.982,0.007,0.325,0.003,0.000,244.000,240.000,0.024,0.659,1.000,0.996,0.983,0.011,0.330,0.000,0.000
248,232,224,0.030,0.654,0.992,1.000,0.993,0.004,0.342,0.000,0.008,239.000,237.000,0.034,0.637,0.993,0.998,1.000,0.008,0.355,0.004,0.003,243.000,241.000,0.022,0.667,0.997,0.990,0.982,0.007,0.325,0.003,0.000,244.000,240.000,0.024,0.659,1.000,0.996,0.983,0.011,0.330,0.000,0.000
249,232,224,0.030,0.654,0.992,1.000,0.993,0.004,0.342,0.000,0.008,239.000,237.000,0.034,0.637,0.993,0.998,1.000,0.008,0.355,0.004,0.003,244.000,240.000,0.024,0.659,1.000,0.996,0.983,0.011,0.330,0.000,0.000,245.000,240.000,0.027,0.653,0.991,1.000,0.984,0.021,0.326,0.008,0.000
250,232,224,0.030,0.654,0.992,1.000,0.993,0.004,0.342,0.000,0.008,248.000,244.000,0.027,0.665,1.000,0.991,0.993,0.000,0.335,0.000,0.000,250.000,244.000,0.032,0.666,1.000,0.984,0.988,0.006,0.327,0.000,0.000,251.000,250.000,0.029,0.673,1.000,0.986,0.985,0.000,0.327,0.000,0.000
251,232,224,0.030,0.654,0.992,1.000,0.993,0.004,0.342,0.000,0.008,248.000,244.000,0.027,0.665,1.000,0.991,0.993,0.000,0.335,0.000,0.000,250.000,244.000,0.032,0.666,1.000,0.984,0.988,0.006,0.327,0.000,0.000,251.000,250.000,0.029,0.673,1.000,0.986,0.985,0.000,0.327,0.000,0.000
252,232,224,0.030,0.654,0.992,1.000,0.993,0.004,0.342,0.000,0.008,248.000,244.000,0.027,0.665,1.000,0.991,0.993,0.000,0.335,0.000,0.000,251.000,250.000,0.029,0.673,1.000,0.986,0.985,0.000,0.327,0.000,0.000,252.000,250.000,0.034,0.654,1.000,0.982,0.981,0.016,0.329,0.000,0.000
253,232,224,0.030,0.654,0.992,1.000,0.993,0.004,0.342,0.000,0.008,248.000,244.000,0.027,0.665,1.000,0.991,0.993,0.000,0.335,0.000,0.000,251.000,250.000,0.029,0.673,1.000,0.986,0.985,0.000,0.327,0.000,0.000,252.000,250.000,0.034,0.654,1.000,0.982,0.981,0.016,0.329,0.000,0.000
254,232,224,0.030,0.654,0.992,1.000,0.993,0.004,0.342,0.000,0.008,252.000,250.000,0.034,0.654,1.000,0.982,0.981,0.016,0.329,0.000,0.000,254.000,252.000,0.034,0.650,0.989,0.991,0.977,0.018,0.331,0.011,0.000,255.000,252.000,0.043,0.666,1.000,0.988,0.978,0.002,0.332,0.000,0.000
255,232,224,0.030,0.654,0.992,1.000,0.993,0.004,0.342,0.000,0.008,254.000,252.000,0.034,0.650,0.989,0.991,0.977,0.018,0.331,0.011,0.000,255.000,252.000,0.043,0.666,1.000,0.988,0.978,0.002,0.332,0.000,0.000,256.000,255.000,0.047,0.659,0.984,0.986,0.959,0.000,0.341,0.016,0.000
256,232,224,0.030,0.654,0.992,1.000,0.993,0.004,0.342,0.000,0.008,254.000,252.000,0.034,0.650,0.989,0.991,0.977,0.018,0.331,0.011,0.000,256.000,255.000,0.047,0.659,0.984,0.986,0.959,0.000,0.341,0.016,0.000,257.000,255.000,0.029,0.666,0.990,0.982,0.990,0.014,0.320,0.006,0.004
257,232,224,0.030,0.654,0.992,1.000,0.993,0.004,0.342,0.000,0.008,256.000,255.000,0.047,0.659,0.984,0.986,0.959,0.000,0.341,0.016,0.000,257.000,255.000,0.029,0.666,0.990,0.982,0.990,0.014,0.320,0.006,0.004,258.000,254.000,0.031,0.647,0.985,0.991,0.974,0.007,0.346,0.015,0.000
258,232,224,0.030,0.654,0.992,1.000,0.993,0.004,0.342,0.000,0.008,258.000,254.000,0.031,0.647,0.985,0.991,0.974,0.007,0.346,0.015,0.000,259.000,258.000,0.035,0.652,0.992,0.990,0.968,0.000,0.348,0.008,0.000,,,,,,,,,,,
259,232,224,0.030,0.654,0.992,1.000,0.993,0.004,0.342,0.000,0.008,258.000,254.000,0.031,0.647,0.985,0.991,0.974,0.007,0.346,0.015,0.000,259.000,258.000,0.035,0.652,0.992,0.990,0.968,0.000,0.348,0.008,0.000,260.000,232.000,0.028,0.655,0.982,0.971,0.991,0.000,0.345,0.000,0.018
260,232,224,0.030,0.654,0.992,1.000,0.993,0.004,0.342,0.000,0.008,258.000,254.000,0.031,0.647,0.985,0.991,0.974,0.007,0.346,0.015,0.000,259.000,258.000,0.035,0.652,0.992,0.990,0.968,0.000,0.348,0.008,0.000,260.000,232.000,0.028,0.655,0.982,0.971,0.991,0.000,0.345,0.000,0.018
261,232,224,0.030,0.654,0.992,1.000,0.993,0.004,0.342,0.000,0.008,258.000,254.000,0.031,0.647,0.985,0.991,0.974,0.007,0.346,0.015,0.000,259.000,258.000,0.035,0.652,0.992,0.990,0.968,0.000,0.348,0.008,0.000,260.000,232.000,0.028,0.655,0.982,0.971,0.991,0.000,0.345,0.000,0.018
262,232,224,0.030,0.654,0.992,1.000,0.993,0.004,0.342,0.000,0.008,258.000,254.000,0.031,0.647,0.985,0.991,0.974,0.007,0.346,0.015,0.000,259.000,258.000,0.035,0.652,0.992,0.990,0.968,0.000,0.348,0.008,0.000,260.000,232.000,0.028,0.655,0.982,0.971,0.991,0.000,0.345,0.000,0.018
263,232,224,0.030,0.654,0.992,1.000,0.993,0.004,0.342,0.000,0.008,258.000,254.000,0.031,0.647,0.985,0.991,0.974,0.007,0.346,0.015,0.000,259.000,258.000,0.035,0.652,0.992,0.990,0.968,0.000,0.348,0.008,0.000,261.000,259.000,0.032,0.662,1.000,0.991,0.962,0.003,0.335,0.000,0.000
264,232,224,0.030,0.654,0.992,1.000,0.993,0.004,0.342,0.000,0.008,259.000,258.000,0.035,0.652,0.992,0.990,0.968,0.000,0.348,0.008,0.000,261.000,259.000,0.032,0.662,1.000,0.991,0.962,0.003,0.335,0.000,0.000,263.000,232.000,0.034,0.666,0.991,0.988,0.987,0.000,0.334,0.001,0.008
265,232,224,0.030,0.654,0.992,1.000,0.993,0.004,0.342,0.000,0.008,259.000,258.000,0.035,0.652,0.992,0.990,0.968,0.000,0.348,0.008,0.000,261.000,259.000,0.032,0.662,1.000,0.991,0.962,0.003,0.335,0.000,0.000,263.000,232.000,0.034,0.666,0.991,0.988,0.987,0.000,0.334,0.001,0.008
266,232,224,0.030,0.654,0.992,1.000,0.993,0.004,0.342,0.000,0.008,259.000,258.000,0.035,0.652,0.992,0.990,0.968,0.000,0.348,0.008,0.000,261.000,259.000,0.032,0.662,1.000,0.991,0.962,0.003,0.335,0.000,0.000,263.000,232.000,0.034,0.666,0.991,0.988,0.987,0.000,0.334,0.001,0.008
267,232,224,0.030,0.654,0.992,1.000,0.993,0.004,0.342,0.000,0.008,259.000,258.000,0.035,0.652,0.992,0.990,0.968,0.000,0.348,0.008,0.000,263.000,232.000,0.034,0.666,0.991,0.988,0.987,0.000,0.334,0.001,0.008,264.000,232.000,0.036,0.662,0.984,0.993,0.999,0.000,0.338,0.008,0.008
268,232,224,0.030,0.654,0.992,1.000,0.993,0.004,0.342,0.000,0.008,263.000,232.000,0.034,0.666,0.991,0.988,0.987,0.000,0.334,0.001,0.008,264.000,232.000,0.036,0.662,0.984,0.993,0.999,0.000,0.338,0.008,0.008,265.000,258.000,0.031,0.652,0.991,0.995,0.968,0.001,0.347,0.001,0.008
269,232,224,0.030,0.654,0.992,1.000,0.993,0.004,0.342,0.000,0.008,270.000,265.000,0.035,0.659,0.990,1.000,0.952,0.001,0.339,0.000,0.010,,,,,,,,,,,,,,,,,,,,,,
270,232,224,0.030,0.654,0.992,1.000,0.993,0.004,0.342,0.000,0.008,270.000,265.000,0.035,0.659,0.990,1.000,0.952,0.001,0.339,0.000,0.010,,,,,,,,,,,,,,,,,,,,,,
271,232,224,0.030,0.654,0.992,1.000,0.993,0.004,0.342,0.000,0.008,270.000,265.000,0.035,0.659,0.990,1.000,0.952,0.001,0.339,0.000,0.010,,,,,,,,,,,,,,,,,,,,,,
272,232,224,0.030,0.654,0.992,1.000,0.993,0.004,0.342,0.000,0.008,270.000,265.000,0.035,0.659,0.990,1.000,0.952,0.001,0.339,0.000,0.010,,,,,,,,,,,,,,,,,,,,,,
273,232,224,0.030,0.654,0.992,1.000,0.993,0.004,0.342,0.000,0.008,270.000,265.000,0.035,0.659,0.990,1.000,0.952,0.001,0.339,0.000,0.010,,,,,,,,,,,,,,,,,,,,,,
274,232,224,0.030,0.654,0.992,1.000,0.993,0.004,0.342,0.000,0.008,270.000,265.000,0.035,0.659,0.990,1.000,0.952,0.001,0.339,0.000,0.010,275.000,270.000,0.042,0.655,0.971,1.000,0.970,0.000,0.345,0.002,0.027,,,,,,,,,,,
275,232,224,0.030,0.654,0.992,1.000,0.993,0.004,0.342,0.000,0.008,270.000,265.000,0.035,0.659,0.990,1.000,0.952,0.001,0.339,0.000,0.010,275.000,270.000,0.042,0.655,0.971,1.000,0.970,0.000,0.345,0.002,0.027,276.000,232.000,0.037,0.633,0.994,1.000,0.989,0.000,0.367,0.000,0.006
276,232,224,0.030,0.654,0.992,1.000,0.993,0.004,0.342,0.000,0.008,270.000,265.000,0.035,0.659,0.990,1.000,0.952,0.001,0.339,0.000,0.010,276.000,232.000,0.037,0.633,0.994,1.000,0.989,0.000,0.367,0.000,0.006,277.000,275.000,0.040,0.657,0.978,1.000,0.981,0.000,0.343,0.000,0.022
277,232,224,0.030,0.654,0.992,1.000,0.993,0.004,0.342,0.000,0.008,270.000,265.000,0.035,0.659,0.990,1.000,0.952,0.001,0.339,0.000,0.010,276.000,232.000,0.037,0.633,0.994,1.000,0.989,0.000,0.367,0.000,0.006,277.000,275.000,0.040,0.657,0.978,1.000,0.981,0.000,0.343,0.000,0.022
278,232,224,0.030,0.654,0.992,1.000,0.993,0.004,0.342,0.000,0.008,270.000,265.000,0.035,0.659,0.990,1.000,0.952,0.001,0.339,0.000,0.010,276.000,232.000,0.037,0.633,0.994,1.000,0.989,0.000,0.367,0.000,0.006,277.000,275.000,0.040,0.657,0.978,1.000,0.981,0.000,0.343,0.000,0.022
279,232,224,0.030,0.654,0.992,1.000,0.993,0.004,0.342,0.000,0.008,270.000,265.000,0.035,0.659,0.990,1.000,0.952,0.001,0.339,0.000,0.010,276.000,232.000,0.037,0.633,0.994,1.000,0.989,0.000,0.367,0.000,0.006,277.000,275.000,0.040,0.657,0.978,1.000,0.981,0.000,0.343,0.000,0.022
280,232,224,0.030,0.654,0.992,1.000,0.993,0.004,0.342,0.000,0.008,270.000,265.000,0.035,0.659,0.990,1.000,0.952,0.001,0.339,0.000,0.010,276.000,232.000,0.037,0.633,0.994,1.000,0.989,0.000,0.367,0.000,0.006,277.000,275.000,0.040,0.657,0.978,1.000,0.981,0.000,0.343,0.000,0.022
281,232,224,0.030,0.654,0.992,1.000,0.993,0.004,0.342,0.000,0.008,270.000,265.000,0.035,0.659,0.990,1.000,0.952,0.001,0.339,0.000,0.010,281.000,270.000,0.034,0.655,1.000,1.000,0.954,0.007,0.338,0.000,0.000,,,,,,,,,,,
282,232,224,0.030,0.654,0.992,1.000,0.993,0.004,0.342,0.000,0.008,270.000,265.000,0.035,0.659,0.990,1.000,0.952,0.001,0.339,0.000,0.010,281.000,270.000,0.034,0.655,1.000,1.000,0.954,0.007,0.338,0.000,0.000,283.000,281.000,0.025,0.653,0.995,1.000,0.962,0.026,0.322,0.000,0.005
283,232,224,0.030,0.654,0.992,1.000,0.993,0.004,0.342,0.000,0.008,270.000,265.000,0.035,0.659,0.990,1.000,0.952,0.001,0.339,0.000,0.010,281.000,270.000,0.034,0.655,1.000,1.000,0.954,0.007,0.338,0.000,0.000,283.000,281.000,0.025,0.653,0.995,1.000,0.962,0.026,0.322,0.000,0.005
284,232,224,0.030,0.654,0.992,1.000,0.993,0.004,0.342,0.000,0.008,270.000,265.000,0.035,0.659,0.990,1.000,0.952,0.001,0.339,0.000,0.010,283.000,281.000,0.025,0.653,0.995,1.000,0.962,0.026,0.322,0.000,0.005,284.000,270.000,0.035,0.666,0.986,1.000,0.942,0.000,0.334,0.005,0.009
285,232,224,0.030,0.654,0.992,1.000,0.993,0.004,0.342,0.000,0.008,270.000,265.000,0.035,0.659,0.990,1.000,0.952,0.001,0.339,0.000,0.010,284.000,270.000,0.035,0.666,0.986,1.000,0.942,0.000,0.334,0.005,0.009,285.000,270.000,0.034,0.669,0.996,0.992,0.944,0.000,0.331,0.000,0.004
286,232,224,0.030,0.654,0.992,1.000,0.993,0.004,0.342,0.000,0.008,270.000,265.000,0.035,0.659,0.990,1.000,0.952,0.001,0.339,0.000,0.010,284.000,270.000,0.035,0.666,0.986,1.000,0.942,0.000,0.334,0.005,0.009,,,,,,,,,,,
287,232,224,0.030,0.654,0.992,1.000,0.993,0.004,0.342,0.000,0.008,270.000,265.000,0.035,0.659,0.990,1.000,0.952,0.001,0.339,0.000,0.010,,,,,,,,,,,,,,,,,,,,,,
288,232,224,0.030,0.654,0.992,1.000,0.993,0.004,0.342,0.000,0.008,270.000,265.000,0.035,0.659,0.990,1.000,0.952,0.001,0.339,0.000,0.010,289.000,232.000,0.027,0.650,0.984,1.000,0.994,0.000,0.350,0.012,0.004,,,,,,,,,,,
289,232,224,0.030,0.654,0.992,1.000,0.993,0.004,0.342,0.000,0.008,270.000,265.000,0.035,0.659,0.990,1.000,0.952,0.001,0.339,0.000,0.010,289.000,232.000,0.027,0.650,0.984,1.000,0.994,0.000,0.350,0.012,0.004,,,,,,,,,,,
290,232,224,0.030,0.654,0.992,1.000,0.993,0.004,0.342,0.000,0.008,270.000,265.000,0.035,0.659,0.990,1.000,0.952,0.001,0.339,0.000,0.010,289.000,232.000,0.027,0.650,0.984,1.000,0.994,0.000,0.350,0.012,0.004,,,,,,,,,,,
291,232,224,0.030,0.654,0.992,1.000,0.993,0.004,0.342,0.000,0.008,270.000,265.000,0.035,0.659,0.990,1.000,0.952,0.001,0.339,0.000,0.010,289.000,232.000,0.027,0.650,0.984,1.000,0.994,0.000,0.350,0.012,0.004,,,,,,,,,,,
292,232,224,0.030,0.654,0.992,1.000,0.993,0.004,0.342,0.000,0.008,270.000,265.000,0.035,0.659,0.990,1.000,0.952,0.001,0.339,0.000,0.010,289.000,232.000,0.027,0.650,0.984,1.000,0.994,0.000,0.350,0.012,0.004,,,,,,,,,,,
293,232,224,0.030,0.654,0.992,1.000,0.993,0.004,0.342,0.000,0.008,270.000,265.000,0.035,0.659,0.990,1.000,0.952,0.001,0.339,0.000,0.010,289.000,232.000,0.027,0.650,0.984,1.000,0.994,0.000,0.350,0.012,0.004,,,,,,,,,,,
294,232,224,0.030,0.654,0.992,1.000,0.993,0.004,0.342,0.000,0.008,270.000,265.000,0.035,0.659,0.990,1.000,0.952,0.001,0.339,0.000,0.010,289.000,232.000,0.027,0.650,0.984,1.000,0.994,0.000,0.350,0.012,0.004,,,,,,,,,,,
295,232,224,0.030,0.654,0.992,1.000,0.993,0.004,0.342,0.000,0.008,270.000,265.000,0.035,0.659,0.990,1.000,0.952,0.001,0.339,0.000,0.010,,,,,,,,,,,,,,,,,,,,,,
296,232,224,0.030,0.654,0.992,1.000,0.993,0.004,0.342,0.000,0.008,270.000,265.000,0.035,0.659,0.990,1.000,0.952,0.001,0.339,0.000,0.010,,,,,,,,,,,,,,,,,,,,,,
297,232,224,0.030,0.654,0.992,1.000,0.993,0.004,0.342,0.000,0.008,270.000,265.000,0.035,0.659,0.990,1.000,0.952,0.001,0.339,0.000,0.010,,,,,,,,,,,,,,,,,,,,,,
298,232,224,0.030,0.654,0.992,1.000,0.993,0.004,0.342,0.000,0.008,270.000,265.000,0.035,0.659,0.990,1.000,0.952,0.001,0.339,0.000,0.010,,,,,,,,,,,,,,,,,,,,,,
299,232,224,0.030,0.654,0.992,1.000,0.993,0.004,0.342,0.000,0.008,270.000,265.000,0.035,0.659,0.990,1.000,0.952,0.001,0.339,0.000,0.010,,,,,,,,,,,,,,,,,,,,,,
300,232,224,0.030,0.654,0.992,1.000,0.993,0.004,0.342,0.000,0.008,270.000,265.000,0.035,0.659,0.990,1.000,0.952,0.001,0.339,0.000,0.010,301.000,270.000,0.029,0.664,0.985,0.999,0.940,0.000,0.336,0.000,0.015,,,,,,,,,,,
301,232,224,0.030,0.654,0.992,1.000,0.993,0.004,0.342,0.000,0.008,270.000,265.000,0.035,0.659,0.990,1.000,0.952,0.001,0.339,0.000,0.010,301.000,270.000,0.029,0.664,0.985,0.999,0.940,0.000,0.336,0.000,0.015,,,,,,,,,,,
302,232,224,0.030,0.654,0.992,1.000,0.993,0.004,0.342,0.000,0.008,270.000,265.000,0.035,0.659,0.990,1.000,0.952,0.001,0.339,0.000,0.010,301.000,270.000,0.029,0.664,0.985,0.999,0.940,0.000,0.336,0.000,0.015,,,,,,,,,,,
303,232,224,0.030,0.654,0.992,1.000,0.993,0.004,0.342,0.000,0.008,270.000,265.000,0.035,0.659,0.990,1.000,0.952,0.001,0.339,0.000,0.010,301.000,270.000,0.029,0.664,0.985,0.999,0.940,0.000,0.336,0.000,0.015,,,,,,,,,,,
304,270,265,0.035,0.659,0.990,1.000,0.952,0.001,0.339,0.000,0.010,301.000,270.000,0.029,0.664,0.985,0.999,0.940,0.000,0.336,0.000,0.015,,,,,,,,,,,,,,,,,,,,,,
305,270,265,0.035,0.659,0.990,1.000,0.952,0.001,0.339,0.000,0.010,301.000,270.000,0.029,0.664,0.985,0.999,0.940,0.000,0.336,0.000,0.015,,,,,,,,,,,,,,,,,,,,,,
306,270,265,0.035,0.659,0.990,1.000,0.952,0.001,0.339,0.000,0.010,301.000,270.000,0.029,0.664,0.985,0.999,0.940,0.000,0.336,0.000,0.015,,,,,,,,,,,,,,,,,,,,,,
307,270,265,0.035,0.659,0.990,1.000,0.952,0.001,0.339,0.000,0.010,301.000,270.000,0.029,0.664,0.985,0.999,0.940,0.000,0.336,0.000,0.015,,,,,,,,,,,,,,,,,,,,,,
308,270,265,0.035,0.659,0.990,1.000,0.952,0.001,0.339,0.000,0.010,301.000,270.000,0.029,0.664,0.985,0.999,0.940,0.000,0.336,0.000,0.015,,,,,,,,,,,,,,,,,,,,,,
309,270,265,0.035,0.659,0.990,1.000,0.952,0.001,0.339,0.000,0.010,301.000,270.000,0.029,0.664,0.985,0.999,0.940,0.000,0.336,0.000,0.015,,,,,,,,,,,,,,,,,,,,,,
310,270,265,0.035,0.659,0.990,1.000,0.952,0.001,0.339,0.000,0.010,301.000,270.000,0.029,0.664,0.985,0.999,0.940,0.000,0.336,0.000,0.015,,,,,,,,,,,,,,,,,,,,,,
311,270,265,0.035,0.659,0.990,1.000,0.952,0.001,0.339,0.000,0.010,301.000,270.000,0.029,0.664,0.985,0.999,0.940,0.000,0.336,0.000,0.015,312.000,301.000,0.036,0.671,0.989,0.994,0.942,0.000,0.329,0.000,0.011,,,,,,,,,,,
312,270,265,0.035,0.659,0.990,1.000,0.952,0.001,0.339,0.000,0.010,301.000,270.000,0.029,0.664,0.985,0.999,0.940,0.000,0.336,0.000,0.015,312.000,301.000,0.036,0.671,0.989,0.994,0.942,0.000,0.329,0.000,0.011,313.000,312.000,0.037,0.673,0.978,0.991,0.951,0.000,0.327,0.008,0.014
313,270,265,0.035,0.659,0.990,1.000,0.952,0.001,0.339,0.000,0.010,301.000,270.000,0.029,0.664,0.985,0.999,0.940,0.000,0.336,0.000,0.015,312.000,301.000,0.036,0.671,0.989,0.994,0.942,0.000,0.329,0.000,0.011,313.000,312.000,0.037,0.673,0.978,0.991,0.951,0.000,0.327,0.008,0.014
314,270,265,0.035,0.659,0.990,1.000,0.952,0.001,0.339,0.000,0.010,301.000,270.000,0.029,0.664,0.985,0.999,0.940,0.000,0.336,0.000,0.015,312.000,301.000,0.036,0.671,0.989,0.994,0.942,0.000,0.329,0.000,0.011,313.000,312.000,0.037,0.673,0.978,0.991,0.951,0.000,0.327,0.008,0.014
315,270,265,0.035,0.659,0.990,1.000,0.952,0.001,0.339,0.000,0.010,301.000,270.000,0.029,0.664,0.985,0.999,0.940,0.000,0.336,0.000,0.015,314.000,313.000,0.031,0.677,0.981,0.994,0.949,0.000,0.323,0.014,0.005,316.000,312.000,0.035,0.662,0.974,0.998,0.940,0.010,0.328,0.000,0.026
316,270,265,0.035,0.659,0.990,1.000,0.952,0.001,0.339,0.000,0.010,301.000,270.000,0.029,0.664,0.985,0.999,0.940,0.000,0.336,0.000,0.015,314.000,313.000,0.031,0.677,0.981,0.994,0.949,0.000,0.323,0.014,0.005,316.000,312.000,0.035,0.662,0.974,0.998,0.940,0.010,0.328,0.000,0.026
317,270,265,0.035,0.659,0.990,1.000,0.952,0.001,0.339,0.000,0.010,301.000,270.000,0.029,0.664,0.985,0.999,0.940,0.000,0.336,0.000,0.015,314.000,313.000,0.031,0.677,0.981,0.994,0.949,0.000,0.323,0.014,0.005,316.000,312.000,0.035,0.662,0.974,0.998,0.940,0.010,0.328,0.000,0.026
318,270,265,0.035,0.659,0.990,1.000,0.952,0.001,0.339,0.000,0.010,301.000,270.000,0.029,0.664,0.985,0.999,0.940,0.000,0.336,0.000,0.015,314.000,313.000,0.031,0.677,0.981,0.994,0.949,0.000,0.323,0.014,0.005,316.000,312.000,0.035,0.662,0.974,0.998,0.940,0.010,0.328,0.000,0.026
319,270,265,0.035,0.659,0.990,1.000,0.952,0.001,0.339,0.000,0.010,301.000,270.000,0.029,0.664,0.985,0.999,0.940,0.000,0.336,0.000,0.015,314.000,313.000,0.031,0.677,0.981,0.994,0.949,0.000,0.323,0.014,0.005,316.000,312.000,0.035,0.662,0.974,0.998,0.940,0.010,0.328,0.000,0.026
320,270,265,0.035,0.659,0.990,1.000,0.952,0.001,0.339,0.000,0.010,301.000,270.000,0.029,0.664,0.985,0.999,0.940,0.000,0.336,0.000,0.015,314.000,313.000,0.031,0.677,0.981,0.994,0.949,0.000,0.323,0.014,0.005,316.000,312.000,0.035,0.662,0.974,0.998,0.940,0.010,0.328,0.000,0.026
321,270,265,0.035,0.659,0.990,1.000,0.952,0.001,0.339,0.000,0.010,301.000,270.000,0.029,0.664,0.985,0.999,0.940,0.000,0.336,0.000,0.015,314.000,313.000,0.031,0.677,0.981,0.994,0.949,0.000,0.323,0.014,0.005,317.000,314.000,0.031,0.673,0.984,1.000,0.969,0.007,0.320,0.009,0.007
322,270,265,0.035,0.659,0.990,1.000,0.952,0.001,0.339,0.000,0.010,301.000,270.000,0.029,0.664,0.985,0.999,0.940,0.000,0.336,0.000,0.015,317.000,314.000,0.031,0.673,0.984,1.000,0.969,0.007,0.320,0.009,0.007,318.000,301.000,0.024,0.659,0.991,0.995,0.928,0.000,0.341,0.000,0.009
323,270,265,0.035,0.659,0.990,1.000,0.952,0.001,0.339,0.000,0.010,301.000,270.000,0.029,0.664,0.985,0.999,0.940,0.000,0.336,0.000,0.015,318.000,301.000,0.024,0.659,0.991,0.995,0.928,0.000,0.341,0.000,0.009,320.000,314.000,0.031,0.683,0.978,1.000,0.953,0.001,0.316,0.016,0.006
324,270,265,0.035,0.659,0.990,1.000,0.952,0.001,0.339,0.000,0.010,301.000,270.000,0.029,0.664,0.985,0.999,0.940,0.000,0.336,0.000,0.015,320.000,314.000,0.031,0.683,0.978,1.000,0.953,0.001,0.316,0.016,0.006,323.000,314.000,0.037,0.674,0.956,0.998,0.939,0.000,0.326,0.034,0.010
325,270,265,0.035,0.659,0.990,1.000,0.952,0.001,0.339,0.000,0.010,301.000,270.000,0.029,0.664,0.985,0.999,0.940,0.000,0.336,0.000,0.015,320.000,314.000,0.031,0.683,0.978,1.000,0.953,0.001,0.316,0.016,0.006,324.000,301.000,0.033,0.655,0.986,0.999,0.943,0.002,0.343,0.000,0.014
326,301,270,0.029,0.664,0.985,0.999,0.940,0.000,0.336,0.000,0.015,324.000,301.000,0.033,0.655,0.986,0.999,0.943,0.002,0.343,0.000,0.014,,,,,,,,,,,,,,,,,,,,,,
327,301,270,0.029,0.664,0.985,0.999,0.940,0.000,0.336,0.000,0.015,324.000,301.000,0.033,0.655,0.986,0.999,0.943,0.002,0.343,0.000,0.014,,,,,,,,,,,,,,,,,,,,,,
328,301,270,0.029,0.664,0.985,0.999,0.940,0.000,0.336,0.000,0.015,324.000,301.000,0.033,0.655,0.986,0.999,0.943,0.002,0.343,0.000,0.014,329.000,324.000,0.023,0.641,0.991,1.000,0.936,0.016,0.343,0.005,0.005,,,,,,,,,,,
329,301,270,0.029,0.664,0.985,0.999,0.940,0.000,0.336,0.000,0.015,324.000,301.000,0.033,0.655,0.986,0.999,0.943,0.002,0.343,0.000,0.014,329.000,324.000,0.023,0.641,0.991,1.000,0.936,0.016,0.343,0.005,0.005,330.000,324.000,0.034,0.651,0.981,1.000,0.924,0.007,0.342,0.006,0.013
330,301,270,0.029,0.664,0.985,0.999,0.940,0.000,0.336,0.000,0.015,324.000,301.000,0.033,0.655,0.986,0.999,0.943,0.002,0.343,0.000,0.014,330.000,324.000,0.034,0.651,0.981,1.000,0.924,0.007,0.342,0.006,0.013,331.000,324.000,0.028,0.654,0.975,0.995,0.941,0.000,0.346,0.006,0.019
331,301,270,0.029,0.664,0.985,0.999,0.940,0.000,0.336,0.000,0.015,324.000,301.000,0.033,0.655,0.986,0.999,0.943,0.002,0.343,0.000,0.014,330.000,324.000,0.034,0.651,0.981,1.000,0.924,0.007,0.342,0.006,0.013,331.000,324.000,0.028,0.654,0.975,0.995,0.941,0.000,0.346,0.006,0.019
332,301,270,0.029,0.664,0.985,0.999,0.940,0.000,0.336,0.000,0.015,324.000,301.000,0.033,0.655,0.986,0.999,0.943,0.002,0.343,0.000,0.014,330.000,324.000,0.034,0.651,0.981,1.000,0.924,0.007,0.342,0.006,0.013,331.000,324.000,0.028,0.654,0.975,0.995,0.941,0.000,0.346,0.006,0.019
333,301,270,0.029,0.664,0.985,0.999,0.940,0.000,0.336,0.000,0.015,324.000,301.000,0.033,0.655,0.986,0.999,0.943,0.002,0.343,0.000,0.014,330.000,324.000,0.034,0.651,0.981,1.000,0.924,0.007,0.342,0.006,0.013,331.000,324.000,0.028,0.654,0.975,0.995,0.941,0.000,0.346,0.006,0.019
334,301,270,0.029,0.664,0.985,0.999,0.940,0.000,0.336,0.000,0.015,324.000,301.000,0.033,0.655,0.986,0.999,0.943,0.002,0.343,0.000,0.014,330.000,324.000,0.034,0.651,0.981,1.000,0.924,0.007,0.342,0.006,0.013,331.000,324.000,0.028,0.654,0.975,0.995,0.941,0.000,0.346,0.006,0.019
335,324,301,0.033,0.655,0.986,0.999,0.943,0.002,0.343,0.000,0.014,336.000,301.000,0.031,0.657,0.974,1.000,0.931,0.000,0.343,0.000,0.026,,,,,,,,,,,,,,,,,,,,,,
336,324,301,0.033,0.655,0.986,0.999,0.943,0.002,0.343,0.000,0.014,336.000,301.000,0.031,0.657,0.974,1.000,0.931,0.000,0.343,0.000,0.026,,,,,,,,,,,,,,,,,,,,,,
337,324,301,0.033,0.655,0.986,0.999,0.943,0.002,0.343,0.000,0.014,336.000,301.000,0.031,0.657,0.974,1.000,0.931,0.000,0.343,0.000,0.026,,,,,,,,,,,,,,,,,,,,,,
338,324,301,0.033,0.655,0.986,0.999,0.943,0.002,0.343,0.000,0.014,336.000,301.000,0.031,0.657,0.974,1.000,0.931,0.000,0.343,0.000,0.026,339.000,324.000,0.032,0.659,0.981,1.000,0.931,0.001,0.340,0.000,0.019,,,,,,,,,,,
339,324,301,0.033,0.655,0.986,0.999,0.943,0.002,0.343,0.000,0.014,336.000,301.000,0.031,0.657,0.974,1.000,0.931,0.000,0.343,0.000,0.026,339.000,324.000,0.032,0.659,0.981,1.000,0.931,0.001,0.340,0.000,0.019,,,,,,,,,,,
340,324,301,0.033,0.655,0.986,0.999,0.943,0.002,0.343,0.000,0.014,336.000,301.000,0.031,0.657,0.974,1.000,0.931,0.000,0.343,0.000,0.026,339.000,324.000,0.032,0.659,0.981,1.000,0.931,0.001,0.340,0.000,0.019,341.000,336.000,0.030,0.652,0.961,0.999,0.931,0.000,0.348,0.011,0.028
341,324,301,0.033,0.655,0.986,0.999,0.943,0.002,0.343,0.000,0.014,339.000,324.000,0.032,0.659,0.981,1.000,0.931,0.001,0.340,0.000,0.019,341.000,336.000,0.030,0.652,0.961,0.999,0.931,0.000,0.348,0.011,0.028,,,,,,,,,,,
342,339,324,0.032,0.659,0.981,1.000,0.931,0.001,0.340,0.000,0.019,341.000,336.000,0.030,0.652,0.961,0.999,0.931,0.000,0.348,0.011,0.028,,,,,,,,,,,,,,,,,,,,,,
343,339,324,0.032,0.659,0.981,1.000,0.931,0.001,0.340,0.000,0.019,341.000,336.000,0.030,0.652,0.961,0.999,0.931,0.000,0.348,0.011,0.028,,,,,,,,,,,,,,,,,,,,,,
344,339,324,0.032,0.659,0.981,1.000,0.931,0.001,0.340,0.000,0.019,341.000,336.000,0.030,0.652,0.961,0.999,0.931,0.000,0.348,0.011,0.028,,,,,,,,,,,,,,,,,,,,,,
345,339,324,0.032,0.659,0.981,1.000,0.931,0.001,0.340,0.000,0.019,341.000,336.000,0.030,0.652,0.961,0.999,0.931,0.000,0.348,0.011,0.028,,,,,,,,,,,,,,,,,,,,,,
346,339,324,0.032,0.659,0.981,1.000,0.931,0.001,0.340,0.000,0.019,341.000,336.000,0.030,0.652,0.961,0.999,0.931,0.000,0.348,0.011,0.028,,,,,,,,,,,,,,,,,,,,,,
347,339,324,0.032,0.659,0.981,1.000,0.931,0.001,0.340,0.000,0.019,341.000,336.000,0.030,0.652,0.961,0.999,0.931,0.000,0.348,0.011,0.028,,,,,,,,,,,,,,,,,,,,,,
348,339,324,0.032,0.659,0.981,1.000,0.931,0.001,0.340,0.000,0.019,341.000,336.000,0.030,0.652,0.961,0.999,0.931,0.000,0.348,0.011,0.028,,,,,,,,,,,,,,,,,,,,,,
349,339,324,0.032,0.659,0.981,1.000,0.931,0.001,0.340,0.000,0.019,341.000,336.000,0.030,0.652,0.961,0.999,0.931,0.000,0.348,0.011,0.028,,,,,,,,,,,,,,,,,,,,,,
350,339,324,0.032,0.659,0.981,1.000,0.931,0.001,0.340,0.000,0.019,341.000,336.000,0.030,0.652,0.961,0.999,0.931,0.000,0.348,0.011,0.028,,,,,,,,,,,,,,,,,,,,,,
351,339,324,0.032,0.659,0.981,1.000,0.931,0.001,0.340,0.000,0.019,341.000,336.000,0.030,0.652,0.961,0.999,0.931,0.000,0.348,0.011,0.028,352.000,341.000,0.028,0.658,0.918,0.982,0.938,0.001,0.341,0.037,0.045,,,,,,,,,,,
352,339,324,0.032,0.659,0.981,1.000,0.931,0.001,0.340,0.000,0.019,341.000,336.000,0.030,0.652,0.961,0.999,0.931,0.000,0.348,0.011,0.028,352.000,341.000,0.028,0.658,0.918,0.982,0.938,0.001,0.341,0.037,0.045,353.000,339.000,0.037,0.663,0.973,1.000,0.925,0.008,0.329,0.010,0.017
353,339,324,0.032,0.659,0.981,1.000,0.931,0.001,0.340,0.000,0.019,341.000,336.000,0.030,0.652,0.961,0.999,0.931,0.000,0.348,0.011,0.028,352.000,341.000,0.028,0.658,0.918,0.982,0.938,0.001,0.341,0.037,0.045,353.000,339.000,0.037,0.663,0.973,1.000,0.925,0.008,0.329,0.010,0.017
354,339,324,0.032,0.659,0.981,1.000,0.931,0.001,0.340,0.000,0.019,341.000,336.000,0.030,0.652,0.961,0.999,0.931,0.000,0.348,0.011,0.028,353.000,339.000,0.037,0.663,0.973,1.000,0.925,0.008,0.329,0.010,0.017,354.000,353.000,0.036,0.658,0.995,1.000,0.914,0.019,0.323,0.000,0.005
355,339,324,0.032,0.659,0.981,1.000,0.931,0.001,0.340,0.000,0.019,341.000,336.000,0.030,0.652,0.961,0.999,0.931,0.000,0.348,0.011,0.028,353.000,339.000,0.037,0.663,0.973,1.000,0.925,0.008,0.329,0.010,0.017,354.000,353.000,0.036,0.658,0.995,1.000,0.914,0.019,0.323,0.000,0.005
356,339,324,0.032,0.659,0.981,1.000,0.931,0.001,0.340,0.000,0.019,341.000,336.000,0.030,0.652,0.961,0.999,0.931,0.000,0.348,0.011,0.028,353.000,339.000,0.037,0.663,0.973,1.000,0.925,0.008,0.329,0.010,0.017,354.000,353.000,0.036,0.658,0.995,1.000,0.914,0.019,0.323,0.000,0.005
357,339,324,0.032,0.659,0.981,1.000,0.931,0.001,0.340,0.000,0.019,341.000,336.000,0.030,0.652,0.961,0.999,0.931,0.000,0.348,0.011,0.028,353.000,339.000,0.037,0.663,0.973,1.000,0.925,0.008,0.329,0.010,0.017,356.000,353.000,0.046,0.683,0.953,1.000,0.943,0.000,0.317,0.029,0.018
358,339,324,0.032,0.659,0.981,1.000,0.931,0.001,0.340,0.000,0.019,341.000,336.000,0.030,0.652,0.961,0.999,0.931,0.000,0.348,0.011,0.028,353.000,339.000,0.037,0.663,0.973,1.000,0.925,0.008,0.329,0.010,0.017,356.000,353.000,0.046,0.683,0.953,1.000,0.943,0.000,0.317,0.029,0.018
359,339,324,0.032,0.659,0.981,1.000,0.931,0.001,0.340,0.000,0.019,341.000,336.000,0.030,0.652,0.961,0.999,0.931,0.000,0.348,0.011,0.028,353.000,339.000,0.037,0.663,0.973,1.000,0.925,0.008,0.329,0.010,0.017,356.000,353.000,0.046,0.683,0.953,1.000,0.943,0.000,0.317,0.029,0.018
360,339,324,0.032,0.659,0.981,1.000,0.931,0.001,0.340,0.000,0.019,341.000,336.000,0.030,0.652,0.961,0.999,0.931,0.000,0.348,0.011,0.028,353.000,339.000,0.037,0.663,0.973,1.000,0.925,0.008,0.329,0.010,0.017,359.000,339.000,0.027,0.644,0.986,0.993,0.925,0.000,0.356,0.000,0.014
361,339,324,0.032,0.659,0.981,1.000,0.931,0.001,0.340,0.000,0.019,341.000,336.000,0.030,0.652,0.961,0.999,0.931,0.000,0.348,0.011,0.028,359.000,339.000,0.027,0.644,0.986,0.993,0.925,0.000,0.356,0.000,0.014,361.000,353.000,0.031,0.654,0.968,0.985,0.910,0.000,0.346,0.016,0.016
362,339,324,0.032,0.659,0.981,1.000,0.931,0.001,0.340,0.000,0.019,341.000,336.000,0.030,0.652,0.961,0.999,0.931,0.000,0.348,0.011,0.028,359.000,339.000,0.027,0.644,0.986,0.993,0.925,0.000,0.356,0.000,0.014,361.000,353.000,0.031,0.654,0.968,0.985,0.910,0.000,0.346,0.016,0.016
363,339,324,0.032,0.659,0.981,1.000,0.931,0.001,0.340,0.000,0.019,341.000,336.000,0.030,0.652,0.961,0.999,0.931,0.000,0.348,0.011,0.028,359.000,339.000,0.027,0.644,0.986,0.993,0.925,0.000,0.356,0.000,0.014,362.000,341.000,0.023,0.655,0.951,1.000,0.932,0.003,0.343,0.008,0.041
364,339,324,0.032,0.659,0.981,1.000,0.931,0.001,0.340,0.000,0.019,341.000,336.000,0.030,0.652,0.961,0.999,0.931,0.000,0.348,0.011,0.028,359.000,339.000,0.027,0.644,0.986,0.993,0.925,0.000,0.356,0.000,0.014,362.000,341.000,0.023,0.655,0.951,1.000,0.932,0.003,0.343,0.008,0.041
365,339,324,0.032,0.659,0.981,1.000,0.931,0.001,0.340,0.000,0.019,341.000,336.000,0.030,0.652,0.961,0.999,0.931,0.000,0.348,0.011,0.028,359.000,339.000,0.027,0.644,0.986,0.993,0.925,0.000,0.356,0.000,0.014,362.000,341.000,0.023,0.655,0.951,1.000,0.932,0.003,0.343,0.008,0.041
366,339,324,0.032,0.659,0.981,1.000,0.931,0.001,0.340,0.000,0.019,341.000,336.000,0.030,0.652,0.961,0.999,0.931,0.000,0.348,0.011,0.028,359.000,339.000,0.027,0.644,0.986,0.993,0.925,0.000,0.356,0.000,0.014,362.000,341.000,0.023,0.655,0.951,1.000,0.932,0.003,0.343,0.008,0.041
367,339,324,0.032,0.659,0.981,1.000,0.931,0.001,0.340,0.000,0.019,341.000,336.000,0.030,0.652,0.961,0.999,0.931,0.000,0.348,0.011,0.028,359.000,339.000,0.027,0.644,0.986,0.993,0.925,0.000,0.356,0.000,0.014,362.000,341.000,0.023,0.655,0.951,1.000,0.932,0.003,0.343,0.008,0.041
368,339,324,0.032,0.659,0.981,1.000,0.931,0.001,0.340,0.000,0.019,341.000,336.000,0.030,0.652,0.961,0.999,0.931,0.000,0.348,0.011,0.028,362.000,341.000,0.023,0.655,0.951,1.000,0.932,0.003,0.343,0.008,0.041,369.000,362.000,0.028,0.661,0.949,1.000,0.941,0.014,0.325,0.008,0.043
369,339,324,0.032,0.659,0.981,1.000,0.931,0.001,0.340,0.000,0.019,362.000,341.000,0.023,0.655,0.951,1.000,0.932,0.003,0.343,0.008,0.041,,,,,,,,,,,,,,,,,,,,,,
370,339,324,0.032,0.659,0.981,1.000,0.931,0.001,0.340,0.000,0.019,362.000,341.000,0.023,0.655,0.951,1.000,0.932,0.003,0.343,0.008,0.041,,,,,,,,,,,,,,,,,,,,,,
371,339,324,0.032,0.659,0.981,1.000,0.931,0.001,0.340,0.000,0.019,362.000,341.000,0.023,0.655,0.951,1.000,0.932,0.003,0.343,0.008,0.041,372.000,362.000,0.032,0.652,0.958,1.000,0.934,0.003,0.345,0.000,0.042,,,,,,,,,,,
372,339,324,0.032,0.659,0.981,1.000,0.931,0.001,0.340,0.000,0.019,362.000,341.000,0.023,0.655,0.951,1.000,0.932,0.003,0.343,0.008,0.041,372.000,362.000,0.032,0.652,0.958,1.000,0.934,0.003,0.345,0.000,0.042,,,,,,,,,,,
373,339,324,0.032,0.659,0.981,1.000,0.931,0.001,0.340,0.000,0.019,362.000,341.000,0.023,0.655,0.951,1.000,0.932,0.003,0.343,0.008,0.041,372.000,362.000,0.032,0.652,0.958,1.000,0.934,0.003,0.345,0.000,0.042,374.000,339.000,0.029,0.660,0.978,1.000,0.935,0.000,0.340,0.000,0.022
374,339,324,0.032,0.659,0.981,1.000,0.931,0.001,0.340,0.000,0.019,372.000,362.000,0.032,0.652,0.958,1.000,0.934,0.003,0.345,0.000,0.042,374.000,339.000,0.029,0.660,0.978,1.000,0.935,0.000,0.340,0.000,0.022,,,,,,,,,,,
375,339,324,0.032,0.659,0.981,1.000,0.931,0.001,0.340,0.000,0.019,372.000,362.000,0.032,0.652,0.958,1.000,0.934,0.003,0.345,0.000,0.042,374.000,339.000,0.029,0.660,0.978,1.000,0.935,0.000,0.340,0.000,0.022,376.000,374.000,0.028,0.672,0.965,0.998,0.946,0.000,0.327,0.008,0.027
376,339,324,0.032,0.659,0.981,1.000,0.931,0.001,0.340,0.000,0.019,372.000,362.000,0.032,0.652,0.958,1.000,0.934,0.003,0.345,0.000,0.042,374.000,339.000,0.029,0.660,0.978,1.000,0.935,0.000,0.340,0.000,0.022,376.000,374.000,0.028,0.672,0.965,0.998,0.946,0.000,0.327,0.008,0.027
377,339,324,0.032,0.659,0.981,1.000,0.931,0.001,0.340,0.000,0.019,372.000,362.000,0.032,0.652,0.958,1.000,0.934,0.003,0.345,0.000,0.042,377.000,339.000,0.030,0.649,0.966,1.000,0.935,0.002,0.350,0.013,0.020,378.000,372.000,0.035,0.643,0.954,1.000,0.932,0.000,0.357,0.000,0.046
378,339,324,0.032,0.659,0.981,1.000,0.931,0.001,0.340,0.000,0.019,377.000,339.000,0.030,0.649,0.966,1.000,0.935,0.002,0.350,0.013,0.020,,,,,,,,,,,,,,,,,,,,,,
379,339,324,0.032,0.659,0.981,1.000,0.931,0.001,0.340,0.000,0.019,377.000,339.000,0.030,0.649,0.966,1.000,0.935,0.002,0.350,0.013,0.020,380.000,339.000,0.037,0.643,0.977,1.000,0.939,0.005,0.352,0.001,0.022,,,,,,,,,,,
380,339,324,0.032,0.659,0.981,1.000,0.931,0.001,0.340,0.000,0.019,377.000,339.000,0.030,0.649,0.966,1.000,0.935,0.002,0.350,0.013,0.020,380.000,339.000,0.037,0.643,0.977,1.000,0.939,0.005,0.352,0.001,0.022,381.000,377.000,0.031,0.640,0.982,1.000,0.956,0.000,0.360,0.015,0.003
381,339,324,0.032,0.659,0.981,1.000,0.931,0.001,0.340,0.000,0.019,377.000,339.000,0.030,0.649,0.966,1.000,0.935,0.002,0.350,0.013,0.020,380.000,339.000,0.037,0.643,0.977,1.000,0.939,0.005,0.352,0.001,0.022,381.000,377.000,0.031,0.640,0.982,1.000,0.956,0.000,0.360,0.015,0.003
382,339,324,0.032,0.659,0.981,1.000,0.931,0.001,0.340,0.000,0.019,377.000,339.000,0.030,0.649,0.966,1.000,0.935,0.002,0.350,0.013,0.020,380.000,339.000,0.037,0.643,0.977,1.000,0.939,0.005,0.352,0.001,0.022,381.000,377.000,0.031,0.640,0.982,1.000,0.956,0.000,0.360,0.015,0.003
383,339,324,0.032,0.659,0.981,1.000,0.931,0.001,0.340,0.000,0.019,377.000,339.000,0.030,0.649,0.966,1.000,0.935,0.002,0.350,0.013,0.020,380.000,339.000,0.037,0.643,0.977,1.000,0.939,0.005,0.352,0.001,0.022,381.000,377.000,0.031,0.640,0.982,1.000,0.956,0.000,0.360,0.015,0.003
384,339,324,0.032,0.659,0.981,1.000,0.931,0.001,0.340,0.000,0.019,377.000,339.000,0.030,0.649,0.966,1.000,0.935,0.002,0.350,0.013,0.020,380.000,339.000,0.037,0.643,0.977,1.000,0.939,0.005,0.352,0.001,0.022,381.000,377.000,0.031,0.640,0.982,1.000,0.956,0.000,0.360,0.015,0.003
385,339,324,0.032,0.659,0.981,1.000,0.931,0.001,0.340,0.000,0.019,377.000,339.000,0.030,0.649,0.966,1.000,0.935,0.002,0.350,0.013,0.020,380.000,339.000,0.037,0.643,0.977,1.000,0.939,0.005,0.352,0.001,0.022,381.000,377.000,0.031,0.640,0.982,1.000,0.956,0.000,0.360,0.015,0.003
386,339,324,0.032,0.659,0.981,1.000,0.931,0.001,0.340,0.000,0.019,377.000,339.000,0.030,0.649,0.966,1.000,0.935,0.002,0.350,0.013,0.020,380.000,339.000,0.037,0.643,0.977,1.000,0.939,0.005,0.352,0.001,0.022,381.000,377.000,0.031,0.640,0.982,1.000,0.956,0.000,0.360,0.015,0.003
387,377,339,0.030,0.649,0.966,1.000,0.935,0.002,0.350,0.013,0.020,381.000,377.000,0.031,0.640,0.982,1.000,0.956,0.000,0.360,0.015,0.003,388.000,381.000,0.025,0.629,0.988,1.000,0.943,0.000,0.371,0.006,0.006,,,,,,,,,,,
388,377,339,0.030,0.649,0.966,1.000,0.935,0.002,0.350,0.013,0.020,381.000,377.000,0.031,0.640,0.982,1.000,0.956,0.000,0.360,0.015,0.003,388.000,381.000,0.025,0.629,0.988,1.000,0.943,0.000,0.371,0.006,0.006,389.000,381.000,0.029,0.638,0.995,1.000,0.966,0.000,0.362,0.001,0.004
389,377,339,0.030,0.649,0.966,1.000,0.935,0.002,0.350,0.013,0.020,381.000,377.000,0.031,0.640,0.982,1.000,0.956,0.000,0.360,0.015,0.003,388.000,381.000,0.025,0.629,0.988,1.000,0.943,0.000,0.371,0.006,0.006,389.000,381.000,0.029,0.638,0.995,1.000,0.966,0.000,0.362,0.001,0.004
390,377,339,0.030,0.649,0.966,1.000,0.935,0.002,0.350,0.013,0.020,381.000,377.000,0.031,0.640,0.982,1.000,0.956,0.000,0.360,0.015,0.003,388.000,381.000,0.025,0.629,0.988,1.000,0.943,0.000,0.371,0.006,0.006,389.000,381.000,0.029,0.638,0.995,1.000,0.966,0.000,0.362,0.001,0.004
391,377,339,0.030,0.649,0.966,1.000,0.935,0.002,0.350,0.013,0.020,389.000,381.000,0.029,0.638,0.995,1.000,0.966,0.000,0.362,0.001,0.004,391.000,388.000,0.024,0.626,0.970,1.000,0.951,0.009,0.365,0.021,0.009,392.000,389.000,0.033,0.633,0.991,1.000,0.976,0.005,0.363,0.000,0.009
392,377,339,0.030,0.649,0.966,1.000,0.935,0.002,0.350,0.013,0.020,389.000,381.000,0.029,0.638,0.995,1.000,0.966,0.000,0.362,0.001,0.004,392.000,389.000,0.033,0.633,0.991,1.000,0.976,0.005,0.363,0.000,0.009,393.000,391.000,0.025,0.632,0.979,1.000,0.940,0.006,0.362,0.021,0.000
393,377,339,0.030,0.649,0.966,1.000,0.935,0.002,0.350,0.013,0.020,389.000,381.000,0.029,0.638,0.995,1.000,0.966,0.000,0.362,0.001,0.004,392.000,389.000,0.033,0.633,0.991,1.000,0.976,0.005,0.363,0.000,0.009,393.000,391.000,0.025,0.632,0.979,1.000,0.940,0.006,0.362,0.021,0.000
394,377,339,0.030,0.649,0.966,1.000,0.935,0.002,0.350,0.013,0.020,389.000,381.000,0.029,0.638,0.995,1.000,0.966,0.000,0.362,0.001,0.004,392.000,389.000,0.033,0.633,0.991,1.000,0.976,0.005,0.363,0.000,0.009,393.000,391.000,0.025,0.632,0.979,1.000,0.940,0.006,0.362,0.021,0.000
395,377,339,0.030,0.649,0.966,1.000,0.935,0.002,0.350,0.013,0.020,392.000,389.000,0.033,0.633,0.991,1.000,0.976,0.005,0.363,0.000,0.009,393.000,391.000,0.025,0.632,0.979,1.000,0.940,0.006,0.362,0.021,0.000,394.000,377.000,0.030,0.656,0.957,1.000,0.929,0.000,0.344,0.026,0.017
396,377,339,0.030,0.649,0.966,1.000,0.935,0.002,0.350,0.013,0.020,392.000,389.000,0.033,0.633,0.991,1.000,0.976,0.005,0.363,0.000,0.009,393.000,391.000,0.025,0.632,0.979,1.000,0.940,0.006,0.362,0.021,0.000,394.000,377.000,0.030,0.656,0.957,1.000,0.929,0.000,0.344,0.026,0.017
397,377,339,0.030,0.649,0.966,1.000,0.935,0.002,0.350,0.013,0.020,392.000,389.000,0.033,0.633,0.991,1.000,0.976,0.005,0.363,0.000,0.009,393.000,391.000,0.025,0.632,0.979,1.000,0.940,0.006,0.362,0.021,0.000,394.000,377.000,0.030,0.656,0.957,1.000,0.929,0.000,0.344,0.026,0.017
398,377,339,0.030,0.649,0.966,1.000,0.935,0.002,0.350,0.013,0.020,392.000,389.000,0.033,0.633,0.991,1.000,0.976,0.005,0.363,0.000,0.009,393.000,391.000,0.025,0.632,0.979,1.000,0.940,0.006,0.362,0.021,0.000,394.000,377.000,0.030,0.656,0.957,1.000,0.929,0.000,0.344,0.026,0.017
399,377,339,0.030,0.649,0.966,1.000,0.935,0.002,0.350,0.013,0.020,392.000,389.000,0.033,0.633,0.991,1.000,0.976,0.005,0.363,0.000,0.009,393.000,391.000,0.025,0.632,0.979,1.000,0.940,0.006,0.362,0.021,0.000,394.000,377.000,0.030,0.656,0.957,1.000,0.929,0.000,0.344,0.026,0.017
400,377,339,0.030,0.649,0.966,1.000,0.935,0.002,0.350,0.013,0.020,392.000,389.000,0.033,0.633,0.991,1.000,0.976,0.005,0.363,0.000,0.009,393.000,391.000,0.025,0.632,0.979,1.000,0.940,0.006,0.362,0.021,0.000,394.000,377.000,0.030,0.656,0.957,1.000,0.929,0.000,0.344,0.026,0.017
401,377,339,0.030,0.649,0.966,1.000,0.935,0.002,0.350,0.013,0.020,392.000,389.000,0.033,0.633,0.991,1.000,0.976,0.005,0.363,0.000,0.009,394.000,377.000,0.030,0.656,0.957,1.000,0.929,0.000,0.344,0.026,0.017,397.000,377.000,0.026,0.642,0.958,1.000,0.933,0.005,0.354,0.021,0.021
402,377,339,0.030,0.649,0.966,1.000,0.935,0.002,0.350,0.013,0.020,392.000,389.000,0.033,0.633,0.991,1.000,0.976,0.005,0.363,0.000,0.009,394.000,377.000,0.030,0.656,0.957,1.000,0.929,0.000,0.344,0.026,0.017,397.000,377.000,0.026,0.642,0.958,1.000,0.933,0.005,0.354,0.021,0.021
403,377,339,0.030,0.649,0.966,1.000,0.935,0.002,0.350,0.013,0.020,392.000,389.000,0.033,0.633,0.991,1.000,0.976,0.005,0.363,0.000,0.009,394.000,377.000,0.030,0.656,0.957,1.000,0.929,0.000,0.344,0.026,0.017,397.000,377.000,0.026,0.642,0.958,1.000,0.933,0.005,0.354,0.021,0.021
404,377,339,0.030,0.649,0.966,1.000,0.935,0.002,0.350,0.013,0.020,394.000,377.000,0.030,0.656,0.957,1.000,0.929,0.000,0.344,0.026,0.017,403.000,377.000,0.024,0.651,0.963,1.000,0.925,0.000,0.349,0.010,0.027,404.000,394.000,0.030,0.648,0.941,1.000,0.934,0.010,0.343,0.048,0.010
405,377,339,0.030,0.649,0.966,1.000,0.935,0.002,0.350,0.013,0.020,394.000,377.000,0.030,0.656,0.957,1.000,0.929,0.000,0.344,0.026,0.017,403.000,377.000,0.024,0.651,0.963,1.000,0.925,0.000,0.349,0.010,0.027,405.000,377.000,0.027,0.660,0.953,0.997,0.931,0.007,0.334,0.024,0.023
406,377,339,0.030,0.649,0.966,1.000,0.935,0.002,0.350,0.013,0.020,394.000,377.000,0.030,0.656,0.957,1.000,0.929,0.000,0.344,0.026,0.017,405.000,377.000,0.027,0.660,0.953,0.997,0.931,0.007,0.334,0.024,0.023,406.000,377.000,0.042,0.654,0.988,1.000,0.946,0.000,0.346,0.000,0.012
407,377,339,0.030,0.649,0.966,1.000,0.935,0.002,0.350,0.013,0.020,394.000,377.000,0.030,0.656,0.957,1.000,0.929,0.000,0.344,0.026,0.017,405.000,377.000,0.027,0.660,0.953,0.997,0.931,0.007,0.334,0.024,0.023,407.000,406.000,0.037,0.657,0.985,0.994,0.938,0.000,0.343,0.008,0.008
408,377,339,0.030,0.649,0.966,1.000,0.935,0.002,0.350,0.013,0.020,394.000,377.000,0.030,0.656,0.957,1.000,0.929,0.000,0.344,0.026,0.017,409.000,405.000,0.034,0.666,0.951,0.999,0.916,0.000,0.334,0.028,0.021,,,,,,,,,,,
409,377,339,0.030,0.649,0.966,1.000,0.935,0.002,0.350,0.013,0.020,394.000,377.000,0.030,0.656,0.957,1.000,0.929,0.000,0.344,0.026,0.017,409.000,405.000,0.034,0.666,0.951,0.999,0.916,0.000,0.334,0.028,0.021,410.000,377.000,0.037,0.657,0.979,1.000,0.931,0.011,0.332,0.021,0.000
410,377,339,0.030,0.649,0.966,1.000,0.935,0.002,0.350,0.013,0.020,394.000,377.000,0.030,0.656,0.957,1.000,0.929,0.000,0.344,0.026,0.017,409.000,405.000,0.034,0.666,0.951,0.999,0.916,0.000,0.334,0.028,0.021,410.000,377.000,0.037,0.657,0.979,1.000,0.931,0.011,0.332,0.021,0.000
411,377,339,0.030,0.649,0.966,1.000,0.935,0.002,0.350,0.013,0.020,394.000,377.000,0.030,0.656,0.957,1.000,0.929,0.000,0.344,0.026,0.017,409.000,405.000,0.034,0.666,0.951,0.999,0.916,0.000,0.334,0.028,0.021,410.000,377.000,0.037,0.657,0.979,1.000,0.931,0.011,0.332,0.021,0.000
412,377,339,0.030,0.649,0.966,1.000,0.935,0.002,0.350,0.013,0.020,394.000,377.000,0.030,0.656,0.957,1.000,0.929,0.000,0.344,0.026,0.017,409.000,405.000,0.034,0.666,0.951,0.999,0.916,0.000,0.334,0.028,0.021,410.000,377.000,0.037,0.657,0.979,1.000,0.931,0.011,0.332,0.021,0.000
413,377,339,0.030,0.649,0.966,1.000,0.935,0.002,0.350,0.013,0.020,394.000,377.000,0.030,0.656,0.957,1.000,0.929,0.000,0.344,0.026,0.017,409.000,405.000,0.034,0.666,0.951,0.999,0.916,0.000,0.334,0.028,0.021,410.000,377.000,0.037,0.657,0.979,1.000,0.931,0.011,0.332,0.021,0.000
414,377,339,0.030,0.649,0.966,1.000,0.935,0.002,0.350,0.013,0.020,394.000,377.000,0.030,0.656,0.957,1.000,0.929,0.000,0.344,0.026,0.017,409.000,405.000,0.034,0.666,0.951,0.999,0.916,0.000,0.334,0.028,0.021,410.000,377.000,0.037,0.657,0.979,1.000,0.931,0.011,0.332,0.021,0.000
415,377,339,0.030,0.649,0.966,1.000,0.935,0.002,0.350,0.013,0.020,394.000,377.000,0.030,0.656,0.957,1.000,0.929,0.000,0.344,0.026,0.017,409.000,405.000,0.034,0.666,0.951,0.999,0.916,0.000,0.334,0.028,0.021,410.000,377.000,0.037,0.657,0.979,1.000,0.931,0.011,0.332,0.021,0.000
416,377,339,0.030,0.649,0.966,1.000,0.935,0.002,0.350,0.013,0.020,394.000,377.000,0.030,0.656,0.957,1.000,0.929,0.000,0.344,0.026,0.017,409.000,405.000,0.034,0.666,0.951,0.999,0.916,0.000,0.334,0.028,0.021,410.000,377.000,0.037,0.657,0.979,1.000,0.931,0.011,0.332,0.021,0.000
417,377,339,0.030,0.649,0.966,1.000,0.935,0.002,0.350,0.013,0.020,394.000,377.000,0.030,0.656,0.957,1.000,0.929,0.000,0.344,0.026,0.017,409.000,405.000,0.034,0.666,0.951,0.999,0.916,0.000,0.334,0.028,0.021,410.000,377.000,0.037,0.657,0.979,1.000,0.931,0.011,0.332,0.021,0.000
418,377,339,0.030,0.649,0.966,1.000,0.935,0.002,0.350,0.013,0.020,394.000,377.000,0.030,0.656,0.957,1.000,0.929,0.000,0.344,0.026,0.017,409.000,405.000,0.034,0.666,0.951,0.999,0.916,0.000,0.334,0.028,0.021,415.000,394.000,0.032,0.658,0.975,1.000,0.923,0.000,0.342,0.013,0.012
419,377,339,0.030,0.649,0.966,1.000,0.935,0.002,0.350,0.013,0.020,394.000,377.000,0.030,0.656,0.957,1.000,0.929,0.000,0.344,0.026,0.017,409.000,405.000,0.034,0.666,0.951,0.999,0.916,0.000,0.334,0.028,0.021,415.000,394.000,0.032,0.658,0.975,1.000,0.923,0.000,0.342,0.013,0.012
420,377,339,0.030,0.649,0.966,1.000,0.935,0.002,0.350,0.013,0.020,394.000,377.000,0.030,0.656,0.957,1.000,0.929,0.000,0.344,0.026,0.017,415.000,394.000,0.032,0.658,0.975,1.000,0.923,0.000,0.342,0.013,0.012,,,,,,,,,,,
421,377,339,0.030,0.649,0.966,1.000,0.935,0.002,0.350,0.013,0.020,422.000,415.000,0.027,0.648,0.973,1.000,0.928,0.000,0.352,0.010,0.017,,,,,,,,,,,,,,,,,,,,,,
422,377,339,0.030,0.649,0.966,1.000,0.935,0.002,0.350,0.013,0.020,422.000,415.000,0.027,0.648,0.973,1.000,0.928,0.000,0.352,0.010,0.017,423.000,377.000,0.027,0.653,0.973,1.000,0.921,0.000,0.347,0.008,0.019,,,,,,,,,,,
423,377,339,0.030,0.649,0.966,1.000,0.935,0.002,0.350,0.013,0.020,422.000,415.000,0.027,0.648,0.973,1.000,0.928,0.000,0.352,0.010,0.017,423.000,377.000,0.027,0.653,0.973,1.000,0.921,0.000,0.347,0.008,0.019,424.000,423.000,0.031,0.651,0.960,1.000,0.937,0.010,0.340,0.000,0.040
424,377,339,0.030,0.649,0.966,1.000,0.935,0.002,0.350,0.013,0.020,422.000,415.000,0.027,0.648,0.973,1.000,0.928,0.000,0.352,0.010,0.017,423.000,377.000,0.027,0.653,0.973,1.000,0.921,0.000,0.347,0.008,0.019,424.000,423.000,0.031,0.651,0.960,1.000,0.937,0.010,0.340,0.000,0.040
425,377,339,0.030,0.649,0.966,1.000,0.935,0.002,0.350,0.013,0.020,422.000,415.000,0.027,0.648,0.973,1.000,0.928,0.000,0.352,0.010,0.017,423.000,377.000,0.027,0.653,0.973,1.000,0.921,0.000,0.347,0.008,0.019,424.000,423.000,0.031,0.651,0.960,1.000,0.937,0.010,0.340,0.000,0.040
426,377,339,0.030,0.649,0.966,1.000,0.935,0.002,0.350,0.013,0.020,423.000,377.000,0.027,0.653,0.973,1.000,0.921,0.000,0.347,0.008,0.019,424.000,423.000,0.031,0.651,0.960,1.000,0.937,0.010,0.340,0.000,0.040,425.000,424.000,0.036,0.647,0.937,0.992,0.930,0.004,0.349,0.021,0.041
427,377,339,0.030,0.649,0.966,1.000,0.935,0.002,0.350,0.013,0.020,423.000,377.000,0.027,0.653,0.973,1.000,0.921,0.000,0.347,0.008,0.019,424.000,423.000,0.031,0.651,0.960,1.000,0.937,0.010,0.340,0.000,0.040,425.000,424.000,0.036,0.647,0.937,0.992,0.930,0.004,0.349,0.021,0.041
428,377,339,0.030,0.649,0.966,1.000,0.935,0.002,0.350,0.013,0.020,423.000,377.000,0.027,0.653,0.973,1.000,0.921,0.000,0.347,0.008,0.019,424.000,423.000,0.031,0.651,0.960,1.000,0.937,0.010,0.340,0.000,0.040,425.000,424.000,0.036,0.647,0.937,0.992,0.930,0.004,0.349,0.021,0.041
429,377,339,0.030,0.649,0.966,1.000,0.935,0.002,0.350,0.013,0.020,430.000,423.000,0.026,0.653,0.983,1.000,0.927,0.000,0.347,0.001,0.017,,,,,,,,,,,,,,,,,,,,,,
430,377,339,0.030,0.649,0.966,1.000,0.935,0.002,0.350,0.013,0.020,430.000,423.000,0.026,0.653,0.983,1.000,0.927,0.000,0.347,0.001,0.017,431.000,430.000,0.022,0.646,0.974,0.984,0.931,0.028,0.326,0.000,0.026,,,,,,,,,,,
431,377,339,0.030,0.649,0.966,1.000,0.935,0.002,0.350,0.013,0.020,430.000,423.000,0.026,0.653,0.983,1.000,0.927,0.000,0.347,0.001,0.017,431.000,430.000,0.022,0.646,0.974,0.984,0.931,0.028,0.326,0.000,0.026,432.000,431.000,0.015,0.638,0.971,0.972,0.942,0.031,0.331,0.000,0.029
432,377,339,0.030,0.649,0.966,1.000,0.935,0.002,0.350,0.013,0.020,430.000,423.000,0.026,0.653,0.983,1.000,0.927,0.000,0.347,0.001,0.017,431.000,430.000,0.022,0.646,0.974,0.984,0.931,0.028,0.326,0.000,0.026,432.000,431.000,0.015,0.638,0.971,0.972,0.942,0.031,0.331,0.000,0.029
433,377,339,0.030,0.649,0.966,1.000,0.935,0.002,0.350,0.013,0.020,430.000,423.000,0.026,0.653,0.983,1.000,0.927,0.000,0.347,0.001,0.017,431.000,430.000,0.022,0.646,0.974,0.984,0.931,0.028,0.326,0.000,0.026,433.000,377.000,0.036,0.663,0.953,1.000,0.935,0.000,0.337,0.017,0.030
434,377,339,0.030,0.649,0.966,1.000,0.935,0.002,0.350,0.013,0.020,430.000,423.000,0.026,0.653,0.983,1.000,0.927,0.000,0.347,0.001,0.017,433.000,377.000,0.036,0.663,0.953,1.000,0.935,0.000,0.337,0.017,0.030,435.000,431.000,0.024,0.657,0.971,0.978,0.947,0.030,0.312,0.000,0.029
435,377,339,0.030,0.649,0.966,1.000,0.935,0.002,0.350,0.013,0.020,430.000,423.000,0.026,0.653,0.983,1.000,0.927,0.000,0.347,0.001,0.017,433.000,377.000,0.036,0.663,0.953,1.000,0.935,0.000,0.337,0.017,0.030,435.000,431.000,0.024,0.657,0.971,0.978,0.947,0.030,0.312,0.000,0.029
436,377,339,0.030,0.649,0.966,1.000,0.935,0.002,0.350,0.013,0.020,430.000,423.000,0.026,0.653,0.983,1.000,0.927,0.000,0.347,0.001,0.017,433.000,377.000,0.036,0.663,0.953,1.000,0.935,0.000,0.337,0.017,0.030,436.000,433.000,0.038,0.668,0.925,0.999,0.947,0.000,0.332,0.031,0.045
437,377,339,0.030,0.649,0.966,1.000,0.935,0.002,0.350,0.013,0.020,430.000,423.000,0.026,0.653,0.983,1.000,0.927,0.000,0.347,0.001,0.017,433.000,377.000,0.036,0.663,0.953,1.000,0.935,0.000,0.337,0.017,0.030,436.000,433.000,0.038,0.668,0.925,0.999,0.947,0.000,0.332,0.031,0.045
438,377,339,0.030,0.649,0.966,1.000,0.935,0.002,0.350,0.013,0.020,433.000,377.000,0.036,0.663,0.953,1.000,0.935,0.000,0.337,0.017,0.030,437.000,377.000,0.026,0.647,0.940,0.998,0.937,0.000,0.353,0.020,0.040,439.000,377.000,0.033,0.641,0.982,1.000,0.937,0.000,0.359,0.001,0.017
439,377,339,0.030,0.649,0.966,1.000,0.935,0.002,0.350,0.013,0.020,433.000,377.000,0.036,0.663,0.953,1.000,0.935,0.000,0.337,0.017,0.030,437.000,377.000,0.026,0.647,0.940,0.998,0.937,0.000,0.353,0.020,0.040,439.000,377.000,0.033,0.641,0.982,1.000,0.937,0.000,0.359,0.001,0.017
440,377,339,0.030,0.649,0.966,1.000,0.935,0.002,0.350,0.013,0.020,433.000,377.000,0.036,0.663,0.953,1.000,0.935,0.000,0.337,0.017,0.030,437.000,377.000,0.026,0.647,0.940,0.998,0.937,0.000,0.353,0.020,0.040,439.000,377.000,0.033,0.641,0.982,1.000,0.937,0.000,0.359,0.001,0.017
441,377,339,0.030,0.649,0.966,1.000,0.935,0.002,0.350,0.013,0.020,437.000,377.000,0.026,0.647,0.940,0.998,0.937,0.000,0.353,0.020,0.040,439.000,377.000,0.033,0.641,0.982,1.000,0.937,0.000,0.359,0.001,0.017,441.000,437.000,0.022,0.641,0.950,0.996,0.931,0.000,0.359,0.018,0.033
442,377,339,0.030,0.649,0.966,1.000,0.935,0.002,0.350,0.013,0.020,437.000,377.000,0.026,0.647,0.940,0.998,0.937,0.000,0.353,0.020,0.040,439.000,377.000,0.033,0.641,0.982,1.000,0.937,0.000,0.359,0.001,0.017,441.000,437.000,0.022,0.641,0.950,0.996,0.931,0.000,0.359,0.018,0.033
443,377,339,0.030,0.649,0.966,1.000,0.935,0.002,0.350,0.013,0.020,437.000,377.000,0.026,0.647,0.940,0.998,0.937,0.000,0.353,0.020,0.040,439.000,377.000,0.033,0.641,0.982,1.000,0.937,0.000,0.359,0.001,0.017,441.000,437.000,0.022,0.641,0.950,0.996,0.931,0.000,0.359,0.018,0.033
444,377,339,0.030,0.649,0.966,1.000,0.935,0.002,0.350,0.013,0.020,437.000,377.000,0.026,0.647,0.940,0.998,0.937,0.000,0.353,0.020,0.040,439.000,377.000,0.033,0.641,0.982,1.000,0.937,0.000,0.359,0.001,0.017,441.000,437.000,0.022,0.641,0.950,0.996,0.931,0.000,0.359,0.018,0.033
445,377,339,0.030,0.649,0.966,1.000,0.935,0.002,0.350,0.013,0.020,439.000,377.000,0.033,0.641,0.982,1.000,0.937,0.000,0.359,0.001,0.017,441.000,437.000,0.022,0.641,0.950,0.996,0.931,0.000,0.359,0.018,0.033,442.000,439.000,0.032,0.642,0.994,0.997,0.949,0.000,0.358,0.000,0.006
446,377,339,0.030,0.649,0.966,1.000,0.935,0.002,0.350,0.013,0.020,439.000,377.000,0.033,0.641,0.982,1.000,0.937,0.000,0.359,0.001,0.017,441.000,437.000,0.022,0.641,0.950,0.996,0.931,0.000,0.359,0.018,0.033,442.000,439.000,0.032,0.642,0.994,0.997,0.949,0.000,0.358,0.000,0.006
447,377,339,0.030,0.649,0.966,1.000,0.935,0.002,0.350,0.013,0.020,439.000,377.000,0.033,0.641,0.982,1.000,0.937,0.000,0.359,0.001,0.017,442.000,439.000,0.032,0.642,0.994,0.997,0.949,0.000,0.358,0.000,0.006,443.000,377.000,0.027,0.653,0.949,0.990,0.937,0.000,0.347,0.034,0.017
448,377,339,0.030,0.649,0.966,1.000,0.935,0.002,0.350,0.013,0.020,439.000,377.000,0.033,0.641,0.982,1.000,0.937,0.000,0.359,0.001,0.017,442.000,439.000,0.032,0.642,0.994,0.997,0.949,0.000,0.358,0.000,0.006,444.000,377.000,0.030,0.638,0.965,1.000,0.932,0.004,0.358,0.016,0.019
449,377,339,0.030,0.649,0.966,1.000,0.935,0.002,0.350,0.013,0.020,439.000,377.000,0.033,0.641,0.982,1.000,0.937,0.000,0.359,0.001,0.017,442.000,439.000,0.032,0.642,0.994,0.997,0.949,0.000,0.358,0.000,0.006,444.000,377.000,0.030,0.638,0.965,1.000,0.932,0.004,0.358,0.016,0.019
450,377,339,0.030,0.649,0.966,1.000,0.935,0.002,0.350,0.013,0.020,439.000,377.000,0.033,0.641,0.982,1.000,0.937,0.000,0.359,0.001,0.017,444.000,377.000,0.030,0.638,0.965,1.000,0.932,0.004,0.358,0.016,0.019,450.000,444.000,0.032,0.637,0.983,1.000,0.933,0.000,0.363,0.000,0.017
451,377,339,0.030,0.649,0.966,1.000,0.935,0.002,0.350,0.013,0.020,444.000,377.000,0.030,0.638,0.965,1.000,0.932,0.004,0.358,0.016,0.019,450.000,444.000,0.032,0.637,0.983,1.000,0.933,0.000,0.363,0.000,0.017,451.000,439.000,0.027,0.632,0.988,1.000,0.937,0.000,0.368,0.000,0.012
452,377,339,0.030,0.649,0.966,1.000,0.935,0.002,0.350,0.013,0.020,444.000,377.000,0.030,0.638,0.965,1.000,0.932,0.004,0.358,0.016,0.019,450.000,444.000,0.032,0.637,0.983,1.000,0.933,0.000,0.363,0.000,0.017,451.000,439.000,0.027,0.632,0.988,1.000,0.937,0.000,0.368,0.000,0.012
453,377,339,0.030,0.649,0.966,1.000,0.935,0.002,0.350,0.013,0.020,444.000,377.000,0.030,0.638,0.965,1.000,0.932,0.004,0.358,0.016,0.019,450.000,444.000,0.032,0.637,0.983,1.000,0.933,0.000,0.363,0.000,0.017,452.000,377.000,0.034,0.655,0.961,1.000,0.942,0.000,0.345,0.008,0.031
454,377,339,0.030,0.649,0.966,1.000,0.935,0.002,0.350,0.013,0.020,444.000,377.000,0.030,0.638,0.965,1.000,0.932,0.004,0.358,0.016,0.019,450.000,444.000,0.032,0.637,0.983,1.000,0.933,0.000,0.363,0.000,0.017,452.000,377.000,0.034,0.655,0.961,1.000,0.942,0.000,0.345,0.008,0.031
455,377,339,0.030,0.649,0.966,1.000,0.935,0.002,0.350,0.013,0.020,444.000,377.000,0.030,0.638,0.965,1.000,0.932,0.004,0.358,0.016,0.019,450.000,444.000,0.032,0.637,0.983,1.000,0.933,0.000,0.363,0.000,0.017,452.000,377.000,0.034,0.655,0.961,1.000,0.942,0.000,0.345,0.008,0.031
456,377,339,0.030,0.649,0.966,1.000,0.935,0.002,0.350,0.013,0.020,444.000,377.000,0.030,0.638,0.965,1.000,0.932,0.004,0.358,0.016,0.019,454.000,452.000,0.032,0.648,0.955,1.000,0.942,0.000,0.352,0.005,0.040,455.000,450.000,0.030,0.629,0.973,1.000,0.935,0.000,0.371,0.000,0.027
457,377,339,0.030,0.649,0.966,1.000,0.935,0.002,0.350,0.013,0.020,444.000,377.000,0.030,0.638,0.965,1.000,0.932,0.004,0.358,0.016,0.019,454.000,452.000,0.032,0.648,0.955,1.000,0.942,0.000,0.352,0.005,0.040,455.000,450.000,0.030,0.629,0.973,1.000,0.935,0.000,0.371,0.000,0.027
458,377,339,0.030,0.649,0.966,1.000,0.935,0.002,0.350,0.013,0.020,444.000,377.000,0.030,0.638,0.965,1.000,0.932,0.004,0.358,0.016,0.019,454.000,452.000,0.032,0.648,0.955,1.000,0.942,0.000,0.352,0.005,0.040,455.000,450.000,0.030,0.629,0.973,1.000,0.935,0.000,0.371,0.000,0.027
459,377,339,0.030,0.649,0.966,1.000,0.935,0.002,0.350,0.013,0.020,444.000,377.000,0.030,0.638,0.965,1.000,0.932,0.004,0.358,0.016,0.019,454.000,452.000,0.032,0.648,0.955,1.000,0.942,0.000,0.352,0.005,0.040,455.000,450.000,0.030,0.629,0.973,1.000,0.935,0.000,0.371,0.000,0.027
460,377,339,0.030,0.649,0.966,1.000,0.935,0.002,0.350,0.013,0.020,444.000,377.000,0.030,0.638,0.965,1.000,0.932,0.004,0.358,0.016,0.019,454.000,452.000,0.032,0.648,0.955,1.000,0.942,0.000,0.352,0.005,0.040,455.000,450.000,0.030,0.629,0.973,1.000,0.935,0.000,0.371,0.000,0.027
461,377,339,0.030,0.649,0.966,1.000,0.935,0.002,0.350,0.013,0.020,454.000,452.000,0.032,0.648,0.955,1.000,0.942,0.000,0.352,0.005,0.040,455.000,450.000,0.030,0.629,0.973,1.000,0.935,0.000,0.371,0.000,0.027,459.000,444.000,0.026,0.630,0.961,0.997,0.941,0.000,0.370,0.021,0.018
462,377,339,0.030,0.649,0.966,1.000,0.935,0.002,0.350,0.013,0.020,454.000,452.000,0.032,0.648,0.955,1.000,0.942,0.000,0.352,0.005,0.040,455.000,450.000,0.030,0.629,0.973,1.000,0.935,0.000,0.371,0.000,0.027,459.000,444.000,0.026,0.630,0.961,0.997,0.941,0.000,0.370,0.021,0.018
463,377,339,0.030,0.649,0.966,1.000,0.935,0.002,0.350,0.013,0.020,454.000,452.000,0.032,0.648,0.955,1.000,0.942,0.000,0.352,0.005,0.040,455.000,450.000,0.030,0.629,0.973,1.000,0.935,0.000,0.371,0.000,0.027,459.000,444.000,0.026,0.630,0.961,0.997,0.941,0.000,0.370,0.021,0.018
464,377,339,0.030,0.649,0.966,1.000,0.935,0.002,0.350,0.013,0.020,454.000,452.000,0.032,0.648,0.955,1.000,0.942,0.000,0.352,0.005,0.040,455.000,450.000,0.030,0.629,0.973,1.000,0.935,0.000,0.371,0.000,0.027,459.000,444.000,0.026,0.630,0.961,0.997,0.941,0.000,0.370,0.021,0.018
465,377,339,0.030,0.649,0.966,1.000,0.935,0.002,0.350,0.013,0.020,454.000,452.000,0.032,0.648,0.955,1.000,0.942,0.000,0.352,0.005,0.040,455.000,450.000,0.030,0.629,0.973,1.000,0.935,0.000,0.371,0.000,0.027,459.000,444.000,0.026,0.630,0.961,0.997,0.941,0.000,0.370,0.021,0.018
466,377,339,0.030,0.649,0.966,1.000,0.935,0.002,0.350,0.013,0.020,454.000,452.000,0.032,0.648,0.955,1.000,0.942,0.000,0.352,0.005,0.040,455.000,450.000,0.030,0.629,0.973,1.000,0.935,0.000,0.371,0.000,0.027,459.000,444.000,0.026,0.630,0.961,0.997,0.941,0.000,0.370,0.021,0.018
467,377,339,0.030,0.649,0.966,1.000,0.935,0.002,0.350,0.013,0.020,454.000,452.000,0.032,0.648,0.955,1.000,0.942,0.000,0.352,0.005,0.040,455.000,450.000,0.030,0.629,0.973,1.000,0.935,0.000,0.371,0.000,0.027,459.000,444.000,0.026,0.630,0.961,0.997,0.941,0.000,0.370,0.021,0.018
468,377,339,0.030,0.649,0.966,1.000,0.935,0.002,0.350,0.013,0.020,454.000,452.000,0.032,0.648,0.955,1.000,0.942,0.000,0.352,0.005,0.040,455.000,450.000,0.030,0.629,0.973,1.000,0.935,0.000,0.371,0.000,0.027,459.000,444.000,0.026,0.630,0.961,0.997,0.941,0.000,0.370,0.021,0.018
469,377,339,0.030,0.649,0.966,1.000,0.935,0.002,0.350,0.013,0.020,454.000,452.000,0.032,0.648,0.955,1.000,0.942,0.000,0.352,0.005,0.040,455.000,450.000,0.030,0.629,0.973,1.000,0.935,0.000,0.371,0.000,0.027,461.000,444.000,0.030,0.623,0.982,1.000,0.948,0.003,0.374,0.000,0.018
470,377,339,0.030,0.649,0.966,1.000,0.935,0.002,0.350,0.013,0.020,454.000,452.000,0.032,0.648,0.955,1.000,0.942,0.000,0.352,0.005,0.040,455.000,450.000,0.030,0.629,0.973,1.000,0.935,0.000,0.371,0.000,0.027,461.000,444.000,0.030,0.623,0.982,1.000,0.948,0.003,0.374,0.000,0.018
471,377,339,0.030,0.649,0.966,1.000,0.935,0.002,0.350,0.013,0.020,455.000,450.000,0.030,0.629,0.973,1.000,0.935,0.000,0.371,0.000,0.027,463.000,459.000,0.026,0.626,0.929,1.000,0.944,0.000,0.374,0.042,0.028,,,,,,,,,,,
472,377,339,0.030,0.649,0.966,1.000,0.935,0.002,0.350,0.013,0.020,455.000,450.000,0.030,0.629,0.973,1.000,0.935,0.000,0.371,0.000,0.027,,,,,,,,,,,,,,,,,,,,,,
473,377,339,0.030,0.649,0.966,1.000,0.935,0.002,0.350,0.013,0.020,455.000,450.000,0.030,0.629,0.973,1.000,0.935,0.000,0.371,0.000,0.027,,,,,,,,,,,,,,,,,,,,,,
474,377,339,0.030,0.649,0.966,1.000,0.935,0.002,0.350,0.013,0.020,455.000,450.000,0.030,0.629,0.973,1.000,0.935,0.000,0.371,0.000,0.027,475.000,377.000,0.032,0.655,0.937,0.987,0.940,0.000,0.345,0.023,0.040,,,,,,,,,,,
475,377,339,0.030,0.649,0.966,1.000,0.935,0.002,0.350,0.013,0.020,455.000,450.000,0.030,0.629,0.973,1.000,0.935,0.000,0.371,0.000,0.027,476.000,455.000,0.035,0.635,0.967,1.000,0.932,0.002,0.363,0.010,0.023,,,,,,,,,,,
476,377,339,0.030,0.649,0.966,1.000,0.935,0.002,0.350,0.013,0.020,455.000,450.000,0.030,0.629,0.973,1.000,0.935,0.000,0.371,0.000,0.027,476.000,455.000,0.035,0.635,0.967,1.000,0.932,0.002,0.363,0.010,0.023,477.000,455.000,0.030,0.624,0.948,1.000,0.930,0.000,0.376,0.010,0.042
477,377,339,0.030,0.649,0.966,1.000,0.935,0.002,0.350,0.013,0.020,455.000,450.000,0.030,0.629,0.973,1.000,0.935,0.000,0.371,0.000,0.027,476.000,455.000,0.035,0.635,0.967,1.000,0.932,0.002,0.363,0.010,0.023,477.000,455.000,0.030,0.624,0.948,1.000,0.930,0.000,0.376,0.010,0.042
478,377,339,0.030,0.649,0.966,1.000,0.935,0.002,0.350,0.013,0.020,455.000,450.000,0.030,0.629,0.973,1.000,0.935,0.000,0.371,0.000,0.027,476.000,455.000,0.035,0.635,0.967,1.000,0.932,0.002,0.363,0.010,0.023,477.000,455.000,0.030,0.624,0.948,1.000,0.930,0.000,0.376,0.010,0.042
479,377,339,0.030,0.649,0.966,1.000,0.935,0.002,0.350,0.013,0.020,455.000,450.000,0.030,0.629,0.973,1.000,0.935,0.000,0.371,0.000,0.027,476.000,455.000,0.035,0.635,0.967,1.000,0.932,0.002,0.363,0.010,0.023,477.000,455.000,0.030,0.624,0.948,1.000,0.930,0.000,0.376,0.010,0.042
480,377,339,0.030,0.649,0.966,1.000,0.935,0.002,0.350,0.013,0.020,455.000,450.000,0.030,0.629,0.973,1.000,0.935,0.000,0.371,0.000,0.027,476.000,455.000,0.035,0.635,0.967,1.000,0.932,0.002,0.363,0.010,0.023,477.000,455.000,0.030,0.624,0.948,1.000,0.930,0.000,0.376,0.010,0.042
481,377,339,0.030,0.649,0.966,1.000,0.935,0.002,0.350,0.013,0.020,455.000,450.000,0.030,0.629,0.973,1.000,0.935,0.000,0.371,0.000,0.027,476.000,455.000,0.035,0.635,0.967,1.000,0.932,0.002,0.363,0.010,0.023,477.000,455.000,0.030,0.624,0.948,1.000,0.930,0.000,0.376,0.010,0.042
482,377,339,0.030,0.649,0.966,1.000,0.935,0.002,0.350,0.013,0.020,455.000,450.000,0.030,0.629,0.973,1.000,0.935,0.000,0.371,0.000,0.027,476.000,455.000,0.035,0.635,0.967,1.000,0.932,0.002,0.363,0.010,0.023,477.000,455.000,0.030,0.624,0.948,1.000,0.930,0.000,0.376,0.010,0.042
483,377,339,0.030,0.649,0.966,1.000,0.935,0.002,0.350,0.013,0.020,455.000,450.000,0.030,0.629,0.973,1.000,0.935,0.000,0.371,0.000,0.027,476.000,455.000,0.035,0.635,0.967,1.000,0.932,0.002,0.363,0.010,0.023,477.000,455.000,0.030,0.624,0.948,1.000,0.930,0.000,0.376,0.010,0.042
484,377,339,0.030,0.649,0.966,1.000,0.935,0.002,0.350,0.013,0.020,455.000,450.000,0.030,0.629,0.973,1.000,0.935,0.000,0.371,0.000,0.027,476.000,455.000,0.035,0.635,0.967,1.000,0.932,0.002,0.363,0.010,0.023,477.000,455.000,0.030,0.624,0.948,1.000,0.930,0.000,0.376,0.010,0.042
485,377,339,0.030,0.649,0.966,1.000,0.935,0.002,0.350,0.013,0.020,455.000,450.000,0.030,0.629,0.973,1.000,0.935,0.000,0.371,0.000,0.027,476.000,455.000,0.035,0.635,0.967,1.000,0.932,0.002,0.363,0.010,0.023,477.000,455.000,0.030,0.624,0.948,1.000,0.930,0.000,0.376,0.010,0.042
486,377,339,0.030,0.649,0.966,1.000,0.935,0.002,0.350,0.013,0.020,455.000,450.000,0.030,0.629,0.973,1.000,0.935,0.000,0.371,0.000,0.027,476.000,455.000,0.035,0.635,0.967,1.000,0.932,0.002,0.363,0.010,0.023,477.000,455.000,0.030,0.624,0.948,1.000,0.930,0.000,0.376,0.010,0.042
487,377,339,0.030,0.649,0.966,1.000,0.935,0.002,0.350,0.013,0.020,455.000,450.000,0.030,0.629,0.973,1.000,0.935,0.000,0.371,0.000,0.027,476.000,455.000,0.035,0.635,0.967,1.000,0.932,0.002,0.363,0.010,0.023,477.000,455.000,0.030,0.624,0.948,1.000,0.930,0.000,0.376,0.010,0.042
488,377,339,0.030,0.649,0.966,1.000,0.935,0.002,0.350,0.013,0.020,455.000,450.000,0.030,0.629,0.973,1.000,0.935,0.000,0.371,0.000,0.027,477.000,455.000,0.030,0.624,0.948,1.000,0.930,0.000,0.376,0.010,0.042,478.000,477.000,0.028,0.619,0.938,1.000,0.930,0.000,0.381,0.024,0.038
489,377,339,0.030,0.649,0.966,1.000,0.935,0.002,0.350,0.013,0.020,455.000,450.000,0.030,0.629,0.973,1.000,0.935,0.000,0.371,0.000,0.027,477.000,455.000,0.030,0.624,0.948,1.000,0.930,0.000,0.376,0.010,0.042,478.000,477.000,0.028,0.619,0.938,1.000,0.930,0.000,0.381,0.024,0.038
490,377,339,0.030,0.649,0.966,1.000,0.935,0.002,0.350,0.013,0.020,455.000,450.000,0.030,0.629,0.973,1.000,0.935,0.000,0.371,0.000,0.027,477.000,455.000,0.030,0.624,0.948,1.000,0.930,0.000,0.376,0.010,0.042,,,,,,,,,,,
491,377,339,0.030,0.649,0.966,1.000,0.935,0.002,0.350,0.013,0.020,455.000,450.000,0.030,0.629,0.973,1.000,0.935,0.000,0.371,0.000,0.027,477.000,455.000,0.030,0.624,0.948,1.000,0.930,0.000,0.376,0.010,0.042,,,,,,,,,,,
492,377,339,0.030,0.649,0.966,1.000,0.935,0.002,0.350,0.013,0.020,455.000,450.000,0.030,0.629,0.973,1.000,0.935,0.000,0.371,0.000,0.027,477.000,455.000,0.030,0.624,0.948,1.000,0.930,0.000,0.376,0.010,0.042,493.000,377.000,0.025,0.652,0.960,0.991,0.933,0.014,0.334,0.000,0.040
493,377,339,0.030,0.649,0.966,1.000,0.935,0.002,0.350,0.013,0.020,455.000,450.000,0.030,0.629,0.973,1.000,0.935,0.000,0.371,0.000,0.027,477.000,455.000,0.030,0.624,0.948,1.000,0.930,0.000,0.376,0.010,0.042,493.000,377.000,0.025,0.652,0.960,0.991,0.933,0.014,0.334,0.000,0.040
494,377,339,0.030,0.649,0.966,1.000,0.935,0.002,0.350,0.013,0.020,455.000,450.000,0.030,0.629,0.973,1.000,0.935,0.000,0.371,0.000,0.027,477.000,455.000,0.030,0.624,0.948,1.000,0.930,0.000,0.376,0.010,0.042,,,,,,,,,,,
495,377,339,0.030,0.649,0.966,1.000,0.935,0.002,0.350,0.013,0.020,455.000,450.000,0.030,0.629,0.973,1.000,0.935,0.000,0.371,0.000,0.027,477.000,455.000,0.030,0.624,0.948,1.000,0.930,0.000,0.376,0.010,0.042,496.000,377.000,0.023,0.640,0.983,0.996,0.931,0.019,0.340,0.014,0.003
496,377,339,0.030,0.649,0.966,1.000,0.935,0.002,0.350,0.013,0.020,455.000,450.000,0.030,0.629,0.973,1.000,0.935,0.000,0.371,0.000,0.027,477.000,455.000,0.030,0.624,0.948,1.000,0.930,0.000,0.376,0.010,0.042,496.000,377.000,0.023,0.640,0.983,0.996,0.931,0.019,0.340,0.014,0.003
497,377,339,0.030,0.649,0.966,1.000,0.935,0.002,0.350,0.013,0.020,455.000,450.000,0.030,0.629,0.973,1.000,0.935,0.000,0.371,0.000,0.027,477.000,455.000,0.030,0.624,0.948,1.000,0.930,0.000,0.376,0.010,0.042,498.000,455.000,0.035,0.635,0.963,0.990,0.951,0.000,0.365,0.000,0.037
498,377,339,0.030,0.649,0.966,1.000,0.935,0.002,0.350,0.013,0.020,455.000,450.000,0.030,0.629,0.973,1.000,0.935,0.000,0.371,0.000,0.027,477.000,455.000,0.030,0.624,0.948,1.000,0.930,0.000,0.376,0.010,0.042,498.000,455.000,0.035,0.635,0.963,0.990,0.951,0.000,0.365,0.000,0.037
499,377,339,0.030,0.649,0.966,1.000,0.935,0.002,0.350,0.013,0.020,455.000,450.000,0.030,0.629,0.973,1.000,0.935,0.000,0.371,0.000,0.027,477.000,455.000,0.030,0.624,0.948,1.000,0.930,0.000,0.376,0.010,0.042,499.000,455.000,0.026,0.613,0.979,0.994,0.920,0.000,0.387,0.002,0.019
500,377,339,0.030,0.649,0.966,1.000,0.935,0.002,0.350,0.013,0.020,455.000,450.000,0.030,0.629,0.973,1.000,0.935,0.000,0.371,0.000,0.027,477.000,455.000,0.030,0.624,0.948,1.000,0.930,0.000,0.376,0.010,0.042,499.000,455.000,0.026,0.613,0.979,0.994,0.920,0.000,0.387,0.002,0.019
501,377,339,0.030,0.649,0.966,1.000,0.935,0.002,0.350,0.013,0.020,455.000,450.000,0.030,0.629,0.973,1.000,0.935,0.000,0.371,0.000,0.027,477.000,455.000,0.030,0.624,0.948,1.000,0.930,0.000,0.376,0.010,0.042,499.000,455.000,0.026,0.613,0.979,0.994,0.920,0.000,0.387,0.002,0.019
502,377,339,0.030,0.649,0.966,1.000,0.935,0.002,0.350,0.013,0.020,455.000,450.000,0.030,0.629,0.973,1.000,0.935,0.000,0.371,0.000,0.027,477.000,455.000,0.030,0.624,0.948,1.000,0.930,0.000,0.376,0.010,0.042,499.000,455.000,0.026,0.613,0.979,0.994,0.920,0.000,0.387,0.002,0.019
503,377,339,0.030,0.649,0.966,1.000,0.935,0.002,0.350,0.013,0.020,455.000,450.000,0.030,0.629,0.973,1.000,0.935,0.000,0.371,0.000,0.027,477.000,455.000,0.030,0.624,0.948,1.000,0.930,0.000,0.376,0.010,0.042,499.000,455.000,0.026,0.613,0.979,0.994,0.920,0.000,0.387,0.002,0.019
504,377,339,0.030,0.649,0.966,1.000,0.935,0.002,0.350,0.013,0.020,455.000,450.000,0.030,0.629,0.973,1.000,0.935,0.000,0.371,0.000,0.027,477.000,455.000,0.030,0.624,0.948,1.000,0.930,0.000,0.376,0.010,0.042,500.000,377.000,0.023,0.650,0.984,1.000,0.944,0.005,0.345,0.000,0.016
505,377,339,0.030,0.649,0.966,1.000,0.935,0.002,0.350,0.013,0.020,455.000,450.000,0.030,0.629,0.973,1.000,0.935,0.000,0.371,0.000,0.027,477.000,455.000,0.030,0.624,0.948,1.000,0.930,0.000,0.376,0.010,0.042,502.000,499.000,0.030,0.617,0.965,0.999,0.925,0.000,0.383,0.000,0.035
506,377,339,0.030,0.649,0.966,1.000,0.935,0.002,0.350,0.013,0.020,455.000,450.000,0.030,0.629,0.973,1.000,0.935,0.000,0.371,0.000,0.027,477.000,455.000,0.030,0.624,0.948,1.000,0.930,0.000,0.376,0.010,0.042,502.000,499.000,0.030,0.617,0.965,0.999,0.925,0.000,0.383,0.000,0.035
507,377,339,0.030,0.649,0.966,1.000,0.935,0.002,0.350,0.013,0.020,455.000,450.000,0.030,0.629,0.973,1.000,0.935,0.000,0.371,0.000,0.027,477.000,455.000,0.030,0.624,0.948,1.000,0.930,0.000,0.376,0.010,0.042,502.000,499.000,0.030,0.617,0.965,0.999,0.925,0.000,0.383,0.000,0.035
508,377,339,0.030,0.649,0.966,1.000,0.935,0.002,0.350,0.013,0.020,455.000,450.000,0.030,0.629,0.973,1.000,0.935,0.000,0.371,0.000,0.027,477.000,455.000,0.030,0.624,0.948,1.000,0.930,0.000,0.376,0.010,0.042,502.000,499.000,0.030,0.617,0.965,0.999,0.925,0.000,0.383,0.000,0.035
509,377,339,0.030,0.649,0.966,1.000,0.935,0.002,0.350,0.013,0.020,455.000,450.000,0.030,0.629,0.973,1.000,0.935,0.000,0.371,0.000,0.027,477.000,455.000,0.030,0.624,0.948,1.000,0.930,0.000,0.376,0.010,0.042,504.000,502.000,0.030,0.631,0.944,1.000,0.930,0.000,0.369,0.015,0.041
510,377,339,0.030,0.649,0.966,1.000,0.935,0.002,0.350,0.013,0.020,455.000,450.000,0.030,0.629,0.973,1.000,0.935,0.000,0.371,0.000,0.027,477.000,455.000,0.030,0.624,0.948,1.000,0.930,0.000,0.376,0.010,0.042,504.000,502.000,0.030,0.631,0.944,1.000,0.930,0.000,0.369,0.015,0.041
511,377,339,0.030,0.649,0.966,1.000,0.935,0.002,0.350,0.013,0.020,455.000,450.000,0.030,0.629,0.973,1.000,0.935,0.000,0.371,0.000,0.027,477.000,455.000,0.030,0.624,0.948,1.000,0.930,0.000,0.376,0.010,0.042,504.000,502.000,0.030,0.631,0.944,1.000,0.930,0.000,0.369,0.015,0.041
512,377,339,0.030,0.649,0.966,1.000,0.935,0.002,0.350,0.013,0.020,455.000,450.000,0.030,0.629,0.973,1.000,0.935,0.000,0.371,0.000,0.027,477.000,455.000,0.030,0.624,0.948,1.000,0.930,0.000,0.376,0.010,0.042,504.000,502.000,0.030,0.631,0.944,1.000,0.930,0.000,0.369,0.015,0.041
513,377,339,0.030,0.649,0.966,1.000,0.935,0.002,0.350,0.013,0.020,455.000,450.000,0.030,0.629,0.973,1.000,0.935,0.000,0.371,0.000,0.027,477.000,455.000,0.030,0.624,0.948,1.000,0.930,0.000,0.376,0.010,0.042,504.000,502.000,0.030,0.631,0.944,1.000,0.930,0.000,0.369,0.015,0.041
514,377,339,0.030,0.649,0.966,1.000,0.935,0.002,0.350,0.013,0.020,455.000,450.000,0.030,0.629,0.973,1.000,0.935,0.000,0.371,0.000,0.027,477.000,455.000,0.030,0.624,0.948,1.000,0.930,0.000,0.376,0.010,0.042,504.000,502.000,0.030,0.631,0.944,1.000,0.930,0.000,0.369,0.015,0.041
515,377,339,0.030,0.649,0.966,1.000,0.935,0.002,0.350,0.013,0.020,455.000,450.000,0.030,0.629,0.973,1.000,0.935,0.000,0.371,0.000,0.027,477.000,455.000,0.030,0.624,0.948,1.000,0.930,0.000,0.376,0.010,0.042,504.000,502.000,0.030,0.631,0.944,1.000,0.930,0.000,0.369,0.015,0.041
516,377,339,0.030,0.649,0.966,1.000,0.935,0.002,0.350,0.013,0.020,455.000,450.000,0.030,0.629,0.973,1.000,0.935,0.000,0.371,0.000,0.027,477.000,455.000,0.030,0.624,0.948,1.000,0.930,0.000,0.376,0.010,0.042,504.000,502.000,0.030,0.631,0.944,1.000,0.930,0.000,0.369,0.015,0.041
517,377,339,0.030,0.649,0.966,1.000,0.935,0.002,0.350,0.013,0.020,455.000,450.000,0.030,0.629,0.973,1.000,0.935,0.000,0.371,0.000,0.027,477.000,455.000,0.030,0.624,0.948,1.000,0.930,0.000,0.376,0.010,0.042,504.000,502.000,0.030,0.631,0.944,1.000,0.930,0.000,0.369,0.015,0.041
518,377,339,0.030,0.649,0.966,1.000,0.935,0.002,0.350,0.013,0.020,455.000,450.000,0.030,0.629,0.973,1.000,0.935,0.000,0.371,0.000,0.027,477.000,455.000,0.030,0.624,0.948,1.000,0.930,0.000,0.376,0.010,0.042,504.000,502.000,0.030,0.631,0.944,1.000,0.930,0.000,0.369,0.015,0.041
519,377,339,0.030,0.649,0.966,1.000,0.935,0.002,0.350,0.013,0.020,455.000,450.000,0.030,0.629,0.973,1.000,0.935,0.000,0.371,0.000,0.027,477.000,455.000,0.030,0.624,0.948,1.000,0.930,0.000,0.376,0.010,0.042,504.000,502.000,0.030,0.631,0.944,1.000,0.930,0.000,0.369,0.015,0.041
520,377,339,0.030,0.649,0.966,1.000,0.935,0.002,0.350,0.013,0.020,455.000,450.000,0.030,0.629,0.973,1.000,0.935,0.000,0.371,0.000,0.027,477.000,455.000,0.030,0.624,0.948,1.000,0.930,0.000,0.376,0.010,0.042,504.000,502.000,0.030,0.631,0.944,1.000,0.930,0.000,0.369,0.015,0.041
521,377,339,0.030,0.649,0.966,1.000,0.935,0.002,0.350,0.013,0.020,455.000,450.000,0.030,0.629,0.973,1.000,0.935,0.000,0.371,0.000,0.027,477.000,455.000,0.030,0.624,0.948,1.000,0.930,0.000,0.376,0.010,0.042,504.000,502.000,0.030,0.631,0.944,1.000,0.930,0.000,0.369,0.015,0.041
522,377,339,0.030,0.649,0.966,1.000,0.935,0.002,0.350,0.013,0.020,455.000,450.000,0.030,0.629,0.973,1.000,0.935,0.000,0.371,0.000,0.027,477.000,455.000,0.030,0.624,0.948,1.000,0.930,0.000,0.376,0.010,0.042,504.000,502.000,0.030,0.631,0.944,1.000,0.930,0.000,0.369,0.015,0.041
523,377,339,0.030,0.649,0.966,1.000,0.935,0.002,0.350,0.013,0.020,455.000,450.000,0.030,0.629,0.973,1.000,0.935,0.000,0.371,0.000,0.027,477.000,455.000,0.030,0.624,0.948,1.000,0.930,0.000,0.376,0.010,0.042,504.000,502.000,0.030,0.631,0.944,1.000,0.930,0.000,0.369,0.015,0.041
524,377,339,0.030,0.649,0.966,1.000,0.935,0.002,0.350,0.013,0.020,455.000,450.000,0.030,0.629,0.973,1.000,0.935,0.000,0.371,0.000,0.027,477.000,455.000,0.030,0.624,0.948,1.000,0.930,0.000,0.376,0.010,0.042,504.000,502.000,0.030,0.631,0.944,1.000,0.930,0.000,0.369,0.015,0.041
525,377,339,0.030,0.649,0.966,1.000,0.935,0.002,0.350,0.013,0.020,455.000,450.000,0.030,0.629,0.973,1.000,0.935,0.000,0.371,0.000,0.027,477.000,455.000,0.030,0.624,0.948,1.000,0.930,0.000,0.376,0.010,0.042,504.000,502.000,0.030,0.631,0.944,1.000,0.930,0.000,0.369,0.015,0.041
526,377,339,0.030,0.649,0.966,1.000,0.935,0.002,0.350,0.013,0.020,455.000,450.000,0.030,0.629,0.973,1.000,0.935,0.000,0.371,0.000,0.027,477.000,455.000,0.030,0.624,0.948,1.000,0.930,0.000,0.376,0.010,0.042,504.000,502.000,0.030,0.631,0.944,1.000,0.930,0.000,0.369,0.015,0.041
527,377,339,0.030,0.649,0.966,1.000,0.935,0.002,0.350,0.013,0.020,455.000,450.000,0.030,0.629,0.973,1.000,0.935,0.000,0.371,0.000,0.027,477.000,455.000,0.030,0.624,0.948,1.000,0.930,0.000,0.376,0.010,0.042,504.000,502.000,0.030,0.631,0.944,1.000,0.930,0.000,0.369,0.015,0.041
528,377,339,0.030,0.649,0.966,1.000,0.935,0.002,0.350,0.013,0.020,455.000,450.000,0.030,0.629,0.973,1.000,0.935,0.000,0.371,0.000,0.027,477.000,455.000,0.030,0.624,0.948,1.000,0.930,0.000,0.376,0.010,0.042,504.000,502.000,0.030,0.631,0.944,1.000,0.930,0.000,0.369,0.015,0.041
529,377,339,0.030,0.649,0.966,1.000,0.935,0.002,0.350,0.013,0.020,455.000,450.000,0.030,0.629,0.973,1.000,0.935,0.000,0.371,0.000,0.027,477.000,455.000,0.030,0.624,0.948,1.000,0.930,0.000,0.376,0.010,0.042,504.000,502.000,0.030,0.631,0.944,1.000,0.930,0.000,0.369,0.015,0.041
530,377,339,0.030,0.649,0.966,1.000,0.935,0.002,0.350,0.013,0.020,477.000,455.000,0.030,0.624,0.948,1.000,0.930,0.000,0.376,0.010,0.042,504.000,502.000,0.030,0.631,0.944,1.000,0.930,0.000,0.369,0.015,0.041,527.000,504.000,0.030,0.624,0.942,1.000,0.936,0.000,0.376,0.026,0.033
531,377,339,0.030,0.649,0.966,1.000,0.935,0.002,0.350,0.013,0.020,477.000,455.000,0.030,0.624,0.948,1.000,0.930,0.000,0.376,0.010,0.042,504.000,502.000,0.030,0.631,0.944,1.000,0.930,0.000,0.369,0.015,0.041,527.000,504.000,0.030,0.624,0.942,1.000,0.936,0.000,0.376,0.026,0.033
532,377,339,0.030,0.649,0.966,1.000,0.935,0.002,0.350,0.013,0.020,477.000,455.000,0.030,0.624,0.948,1.000,0.930,0.000,0.376,0.010,0.042,504.000,502.000,0.030,0.631,0.944,1.000,0.930,0.000,0.369,0.015,0.041,527.000,504.000,0.030,0.624,0.942,1.000,0.936,0.000,0.376,0.026,0.033
533,377,339,0.030,0.649,0.966,1.000,0.935,0.002,0.350,0.013,0.020,477.000,455.000,0.030,0.624,0.948,1.000,0.930,0.000,0.376,0.010,0.042,504.000,502.000,0.030,0.631,0.944,1.000,0.930,0.000,0.369,0.015,0.041,527.000,504.000,0.030,0.624,0.942,1.000,0.936,0.000,0.376,0.026,0.033
534,377,339,0.030,0.649,0.966,1.000,0.935,0.002,0.350,0.013,0.020,477.000,455.000,0.030,0.624,0.948,1.000,0.930,0.000,0.376,0.010,0.042,504.000,502.000,0.030,0.631,0.944,1.000,0.930,0.000,0.369,0.015,0.041,527.000,504.000,0.030,0.624,0.942,1.000,0.936,0.000,0.376,0.026,0.033
535,377,339,0.030,0.649,0.966,1.000,0.935,0.002,0.350,0.013,0.020,477.000,455.000,0.030,0.624,0.948,1.000,0.930,0.000,0.376,0.010,0.042,504.000,502.000,0.030,0.631,0.944,1.000,0.930,0.000,0.369,0.015,0.041,527.000,504.000,0.030,0.624,0.942,1.000,0.936,0.000,0.376,0.026,0.033
536,377,339,0.030,0.649,0.966,1.000,0.935,0.002,0.350,0.013,0.020,477.000,455.000,0.030,0.624,0.948,1.000,0.930,0.000,0.376,0.010,0.042,504.000,502.000,0.030,0.631,0.944,1.000,0.930,0.000,0.369,0.015,0.041,527.000,504.000,0.030,0.624,0.942,1.000,0.936,0.000,0.376,0.026,0.033
537,377,339,0.030,0.649,0.966,1.000,0.935,0.002,0.350,0.013,0.020,477.000,455.000,0.030,0.624,0.948,1.000,0.930,0.000,0.376,0.010,0.042,504.000,502.000,0.030,0.631,0.944,1.000,0.930,0.000,0.369,0.015,0.041,527.000,504.000,0.030,0.624,0.942,1.000,0.936,0.000,0.376,0.026,0.033
538,377,339,0.030,0.649,0.966,1.000,0.935,0.002,0.350,0.013,0.020,477.000,455.000,0.030,0.624,0.948,1.000,0.930,0.000,0.376,0.010,0.042,504.000,502.000,0.030,0.631,0.944,1.000,0.930,0.000,0.369,0.015,0.041,527.000,504.000,0.030,0.624,0.942,1.000,0.936,0.000,0.376,0.026,0.033
539,377,339,0.030,0.649,0.966,1.000,0.935,0.002,0.350,0.013,0.020,477.000,455.000,0.030,0.624,0.948,1.000,0.930,0.000,0.376,0.010,0.042,504.000,502.000,0.030,0.631,0.944,1.000,0.930,0.000,0.369,0.015,0.041,527.000,504.000,0.030,0.624,0.942,1.000,0.936,0.000,0.376,0.026,0.033
540,377,339,0.030,0.649,0.966,1.000,0.935,0.002,0.350,0.013,0.020,477.000,455.000,0.030,0.624,0.948,1.000,0.930,0.000,0.376,0.010,0.042,504.000,502.000,0.030,0.631,0.944,1.000,0.930,0.000,0.369,0.015,0.041,529.000,527.000,0.029,0.627,0.933,1.000,0.940,0.000,0.373,0.025,0.042
541,377,339,0.030,0.649,0.966,1.000,0.935,0.002,0.350,0.013,0.020,477.000,455.000,0.030,0.624,0.948,1.000,0.930,0.000,0.376,0.010,0.042,504.000,502.000,0.030,0.631,0.944,1.000,0.930,0.000,0.369,0.015,0.041,529.000,527.000,0.029,0.627,0.933,1.000,0.940,0.000,0.373,0.025,0.042
542,377,339,0.030,0.649,0.966,1.000,0.935,0.002,0.350,0.013,0.020,477.000,455.000,0.030,0.624,0.948,1.000,0.930,0.000,0.376,0.010,0.042,504.000,502.000,0.030,0.631,0.944,1.000,0.930,0.000,0.369,0.015,0.041,529.000,527.000,0.029,0.627,0.933,1.000,0.940,0.000,0.373,0.025,0.042
543,377,339,0.030,0.649,0.966,1.000,0.935,0.002,0.350,0.013,0.020,477.000,455.000,0.030,0.624,0.948,1.000,0.930,0.000,0.376,0.010,0.042,504.000,502.000,0.030,0.631,0.944,1.000,0.930,0.000,0.369,0.015,0.041,529.000,527.000,0.029,0.627,0.933,1.000,0.940,0.000,0.373,0.025,0.042
544,377,339,0.030,0.649,0.966,1.000,0.935,0.002,0.350,0.013,0.020,477.000,455.000,0.030,0.624,0.948,1.000,0.930,0.000,0.376,0.010,0.042,504.000,502.000,0.030,0.631,0.944,1.000,0.930,0.000,0.369,0.015,0.041,529.000,527.000,0.029,0.627,0.933,1.000,0.940,0.000,0.373,0.025,0.042
545,377,339,0.030,0.649,0.966,1.000,0.935,0.002,0.350,0.013,0.020,477.000,455.000,0.030,0.624,0.948,1.000,0.930,0.000,0.376,0.010,0.042,504.000,502.000,0.030,0.631,0.944,1.000,0.930,0.000,0.369,0.015,0.041,529.000,527.000,0.029,0.627,0.933,1.000,0.940,0.000,0.373,0.025,0.042
546,377,339,0.030,0.649,0.966,1.000,0.935,0.002,0.350,0.013,0.020,477.000,455.000,0.030,0.624,0.948,1.000,0.930,0.000,0.376,0.010,0.042,504.000,502.000,0.030,0.631,0.944,1.000,0.930,0.000,0.369,0.015,0.041,529.000,527.000,0.029,0.627,0.933,1.000,0.940,0.000,0.373,0.025,0.042
547,377,339,0.030,0.649,0.966,1.000,0.935,0.002,0.350,0.013,0.020,477.000,455.000,0.030,0.624,0.948,1.000,0.930,0.000,0.376,0.010,0.042,504.000,502.000,0.030,0.631,0.944,1.000,0.930,0.000,0.369,0.015,0.041,529.000,527.000,0.029,0.627,0.933,1.000,0.940,0.000,0.373,0.025,0.042
548,377,339,0.030,0.649,0.966,1.000,0.935,0.002,0.350,0.013,0.020,477.000,455.000,0.030,0.624,0.948,1.000,0.930,0.000,0.376,0.010,0.042,504.000,502.000,0.030,0.631,0.944,1.000,0.930,0.000,0.369,0.015,0.041,529.000,527.000,0.029,0.627,0.933,1.000,0.940,0.000,0.373,0.025,0.042
549,377,339,0.030,0.649,0.966,1.000,0.935,0.002,0.350,0.013,0.020,477.000,455.000,0.030,0.624,0.948,1.000,0.930,0.000,0.376,0.010,0.042,504.000,502.000,0.030,0.631,0.944,1.000,0.930,0.000,0.369,0.015,0.041,529.000,527.000,0.029,0.627,0.933,1.000,0.940,0.000,0.373,0.025,0.042
550,377,339,0.030,0.649,0.966,1.000,0.935,0.002,0.350,0.013,0.020,477.000,455.000,0.030,0.624,0.948,1.000,0.930,0.000,0.376,0.010,0.042,504.000,502.000,0.030,0.631,0.944,1.000,0.930,0.000,0.369,0.015,0.041,529.000,527.000,0.029,0.627,0.933,1.000,0.940,0.000,0.373,0.025,0.042
551,377,339,0.030,0.649,0.966,1.000,0.935,0.002,0.350,0.013,0.020,477.000,455.000,0.030,0.624,0.948,1.000,0.930,0.000,0.376,0.010,0.042,504.000,502.000,0.030,0.631,0.944,1.000,0.930,0.000,0.369,0.015,0.041,529.000,527.000,0.029,0.627,0.933,1.000,0.940,0.000,0.373,0.025,0.042
552,377,339,0.030,0.649,0.966,1.000,0.935,0.002,0.350,0.013,0.020,477.000,455.000,0.030,0.624,0.948,1.000,0.930,0.000,0.376,0.010,0.042,504.000,502.000,0.030,0.631,0.944,1.000,0.930,0.000,0.369,0.015,0.041,529.000,527.000,0.029,0.627,0.933,1.000,0.940,0.000,0.373,0.025,0.042
553,377,339,0.030,0.649,0.966,1.000,0.935,0.002,0.350,0.013,0.020,477.000,455.000,0.030,0.624,0.948,1.000,0.930,0.000,0.376,0.010,0.042,504.000,502.000,0.030,0.631,0.944,1.000,0.930,0.000,0.369,0.015,0.041,529.000,527.000,0.029,0.627,0.933,1.000,0.940,0.000,0.373,0.025,0.042
554,377,339,0.030,0.649,0.966,1.000,0.935,0.002,0.350,0.013,0.020,477.000,455.000,0.030,0.624,0.948,1.000,0.930,0.000,0.376,0.010,0.042,504.000,502.000,0.030,0.631,0.944,1.000,0.930,0.000,0.369,0.015,0.041,529.000,527.000,0.029,0.627,0.933,1.000,0.940,0.000,0.373,0.025,0.042
555,377,339,0.030,0.649,0.966,1.000,0.935,0.002,0.350,0.013,0.020,477.000,455.000,0.030,0.624,0.948,1.000,0.930,0.000,0.376,0.010,0.042,504.000,502.000,0.030,0.631,0.944,1.000,0.930,0.000,0.369,0.015,0.041,529.000,527.000,0.029,0.627,0.933,1.000,0.940,0.000,0.373,0.025,0.042
556,377,339,0.030,0.649,0.966,1.000,0.935,0.002,0.350,0.013,0.020,477.000,455.000,0.030,0.624,0.948,1.000,0.930,0.000,0.376,0.010,0.042,504.000,502.000,0.030,0.631,0.944,1.000,0.930,0.000,0.369,0.015,0.041,529.000,527.000,0.029,0.627,0.933,1.000,0.940,0.000,0.373,0.025,0.042
557,377,339,0.030,0.649,0.966,1.000,0.935,0.002,0.350,0.013,0.020,477.000,455.000,0.030,0.624,0.948,1.000,0.930,0.000,0.376,0.010,0.042,504.000,502.000,0.030,0.631,0.944,1.000,0.930,0.000,0.369,0.015,0.041,529.000,527.000,0.029,0.627,0.933,1.000,0.940,0.000,0.373,0.025,0.042
558,377,339,0.030,0.649,0.966,1.000,0.935,0.002,0.350,0.013,0.020,477.000,455.000,0.030,0.624,0.948,1.000,0.930,0.000,0.376,0.010,0.042,504.000,502.000,0.030,0.631,0.944,1.000,0.930,0.000,0.369,0.015,0.041,529.000,527.000,0.029,0.627,0.933,1.000,0.940,0.000,0.373,0.025,0.042
559,377,339,0.030,0.649,0.966,1.000,0.935,0.002,0.350,0.013,0.020,477.000,455.000,0.030,0.624,0.948,1.000,0.930,0.000,0.376,0.010,0.042,504.000,502.000,0.030,0.631,0.944,1.000,0.930,0.000,0.369,0.015,0.041,529.000,527.000,0.029,0.627,0.933,1.000,0.940,0.000,0.373,0.025,0.042
560,377,339,0.030,0.649,0.966,1.000,0.935,0.002,0.350,0.013,0.020,477.000,455.000,0.030,0.624,0.948,1.000,0.930,0.000,0.376,0.010,0.042,504.000,502.000,0.030,0.631,0.944,1.000,0.930,0.000,0.369,0.015,0.041,529.000,527.000,0.029,0.627,0.933,1.000,0.940,0.000,0.373,0.025,0.042
561,377,339,0.030,0.649,0.966,1.000,0.935,0.002,0.350,0.013,0.020,477.000,455.000,0.030,0.624,0.948,1.000,0.930,0.000,0.376,0.010,0.042,504.000,502.000,0.030,0.631,0.944,1.000,0.930,0.000,0.369,0.015,0.041,529.000,527.000,0.029,0.627,0.933,1.000,0.940,0.000,0.373,0.025,0.042
562,377,339,0.030,0.649,0.966,1.000,0.935,0.002,0.350,0.013,0.020,477.000,455.000,0.030,0.624,0.948,1.000,0.930,0.000,0.376,0.010,0.042,504.000,502.000,0.030,0.631,0.944,1.000,0.930,0.000,0.369,0.015,0.041,529.000,527.000,0.029,0.627,0.933,1.000,0.940,0.000,0.373,0.025,0.042
563,377,339,0.030,0.649,0.966,1.000,0.935,0.002,0.350,0.013,0.020,477.000,455.000,0.030,0.624,0.948,1.000,0.930,0.000,0.376,0.010,0.042,504.000,502.000,0.030,0.631,0.944,1.000,0.930,0.000,0.369,0.015,0.041,529.000,527.000,0.029,0.627,0.933,1.000,0.940,0.000,0.373,0.025,0.042
564,377,339,0.030,0.649,0.966,1.000,0.935,0.002,0.350,0.013,0.020,477.000,455.000,0.030,0.624,0.948,1.000,0.930,0.000,0.376,0.010,0.042,504.000,502.000,0.030,0.631,0.944,1.000,0.930,0.000,0.369,0.015,0.041,529.000,527.000,0.029,0.627,0.933,1.000,0.940,0.000,0.373,0.025,0.042
565,377,339,0.030,0.649,0.966,1.000,0.935,0.002,0.350,0.013,0.020,477.000,455.000,0.030,0.624,0.948,1.000,0.930,0.000,0.376,0.010,0.042,504.000,502.000,0.030,0.631,0.944,1.000,0.930,0.000,0.369,0.015,0.041,529.000,527.000,0.029,0.627,0.933,1.000,0.940,0.000,0.373,0.025,0.042
566,377,339,0.030,0.649,0.966,1.000,0.935,0.002,0.350,0.013,0.020,477.000,455.000,0.030,0.624,0.948,1.000,0.930,0.000,0.376,0.010,0.042,504.000,502.000,0.030,0.631,0.944,1.000,0.930,0.000,0.369,0.015,0.041,529.000,527.000,0.029,0.627,0.933,1.000,0.940,0.000,0.373,0.025,0.042
567,377,339,0.030,0.649,0.966,1.000,0.935,0.002,0.350,0.013,0.020,477.000,455.000,0.030,0.624,0.948,1.000,0.930,0.000,0.376,0.010,0.042,504.000,502.000,0.030,0.631,0.944,1.000,0.930,0.000,0.369,0.015,0.041,529.000,527.000,0.029,0.627,0.933,1.000,0.940,0.000,0.373,0.025,0.042
568,377,339,0.030,0.649,0.966,1.000,0.935,0.002,0.350,0.013,0.020,477.000,455.000,0.030,0.624,0.948,1.000,0.930,0.000,0.376,0.010,0.042,504.000,502.000,0.030,0.631,0.944,1.000,0.930,0.000,0.369,0.015,0.041,529.000,527.000,0.029,0.627,0.933,1.000,0.940,0.000,0.373,0.025,0.042
569,377,339,0.030,0.649,0.966,1.000,0.935,0.002,0.350,0.013,0.020,477.000,455.000,0.030,0.624,0.948,1.000,0.930,0.000,0.376,0.010,0.042,504.000,502.000,0.030,0.631,0.944,1.000,0.930,0.000,0.369,0.015,0.041,529.000,527.000,0.029,0.627,0.933,1.000,0.940,0.000,0.373,0.025,0.042
570,377,339,0.030,0.649,0.966,1.000,0.935,0.002,0.350,0.013,0.020,477.000,455.000,0.030,0.624,0.948,1.000,0.930,0.000,0.376,0.010,0.042,504.000,502.000,0.030,0.631,0.944,1.000,0.930,0.000,0.369,0.015,0.041,529.000,527.000,0.029,0.627,0.933,1.000,0.940,0.000,0.373,0.025,0.042
571,377,339,0.030,0.649,0.966,1.000,0.935,0.002,0.350,0.013,0.020,477.000,455.000,0.030,0.624,0.948,1.000,0.930,0.000,0.376,0.010,0.042,504.000,502.000,0.030,0.631,0.944,1.000,0.930,0.000,0.369,0.015,0.041,529.000,527.000,0.029,0.627,0.933,1.000,0.940,0.000,0.373,0.025,0.042
572,377,339,0.030,0.649,0.966,1.000,0.935,0.002,0.350,0.013,0.020,477.000,455.000,0.030,0.624,0.948,1.000,0.930,0.000,0.376,0.010,0.042,504.000,502.000,0.030,0.631,0.944,1.000,0.930,0.000,0.369,0.015,0.041,529.000,527.000,0.029,0.627,0.933,1.000,0.940,0.000,0.373,0.025,0.042
573,377,339,0.030,0.649,0.966,1.000,0.935,0.002,0.350,0.013,0.020,477.000,455.000,0.030,0.624,0.948,1.000,0.930,0.000,0.376,0.010,0.042,504.000,502.000,0.030,0.631,0.944,1.000,0.930,0.000,0.369,0.015,0.041,529.000,527.000,0.029,0.627,0.933,1.000,0.940,0.000,0.373,0.025,0.042
574,377,339,0.030,0.649,0.966,1.000,0.935,0.002,0.350,0.013,0.020,477.000,455.000,0.030,0.624,0.948,1.000,0.930,0.000,0.376,0.010,0.042,504.000,502.000,0.030,0.631,0.944,1.000,0.930,0.000,0.369,0.015,0.041,529.000,527.000,0.029,0.627,0.933,1.000,0.940,0.000,0.373,0.025,0.042
575,377,339,0.030,0.649,0.966,1.000,0.935,0.002,0.350,0.013,0.020,477.000,455.000,0.030,0.624,0.948,1.000,0.930,0.000,0.376,0.010,0.042,504.000,502.000,0.030,0.631,0.944,1.000,0.930,0.000,0.369,0.015,0.041,529.000,527.000,0.029,0.627,0.933,1.000,0.940,0.000,0.373,0.025,0.042
576,377,339,0.030,0.649,0.966,1.000,0.935,0.002,0.350,0.013,0.020,477.000,455.000,0.030,0.624,0.948,1.000,0.930,0.000,0.376,0.010,0.042,504.000,502.000,0.030,0.631,0.944,1.000,0.930,0.000,0.369,0.015,0.041,529.000,527.000,0.029,0.627,0.933,1.000,0.940,0.000,0.373,0.025,0.042
577,377,339,0.030,0.649,0.966,1.000,0.935,0.002,0.350,0.013,0.020,477.000,455.000,0.030,0.624,0.948,1.000,0.930,0.000,0.376,0.010,0.042,504.000,502.000,0.030,0.631,0.944,1.000,0.930,0.000,0.369,0.015,0.041,529.000,527.000,0.029,0.627,0.933,1.000,0.940,0.000,0.373,0.025,0.042
578,377,339,0.030,0.649,0.966,1.000,0.935,0.002,0.350,0.013,0.020,477.000,455.000,0.030,0.624,0.948,1.000,0.930,0.000,0.376,0.010,0.042,504.000,502.000,0.030,0.631,0.944,1.000,0.930,0.000,0.369,0.015,0.041,529.000,527.000,0.029,0.627,0.933,1.000,0.940,0.000,0.373,0.025,0.042
579,377,339,0.030,0.649,0.966,1.000,0.935,0.002,0.350,0.013,0.020,477.000,455.000,0.030,0.624,0.948,1.000,0.930,0.000,0.376,0.010,0.042,504.000,502.000,0.030,0.631,0.944,1.000,0.930,0.000,0.369,0.015,0.041,529.000,527.000,0.029,0.627,0.933,1.000,0.940,0.000,0.373,0.025,0.042
580,377,339,0.030,0.649,0.966,1.000,0.935,0.002,0.350,0.013,0.020,477.000,455.000,0.030,0.624,0.948,1.000,0.930,0.000,0.376,0.010,0.042,504.000,502.000,0.030,0.631,0.944,1.000,0.930,0.000,0.369,0.015,0.041,529.000,527.000,0.029,0.627,0.933,1.000,0.940,0.000,0.373,0.025,0.042
581,377,339,0.030,0.649,0.966,1.000,0.935,0.002,0.350,0.013,0.020,477.000,455.000,0.030,0.624,0.948,1.000,0.930,0.000,0.376,0.010,0.042,504.000,502.000,0.030,0.631,0.944,1.000,0.930,0.000,0.369,0.015,0.041,529.000,527.000,0.029,0.627,0.933,1.000,0.940,0.000,0.373,0.025,0.042
582,377,339,0.030,0.649,0.966,1.000,0.935,0.002,0.350,0.013,0.020,477.000,455.000,0.030,0.624,0.948,1.000,0.930,0.000,0.376,0.010,0.042,504.000,502.000,0.030,0.631,0.944,1.000,0.930,0.000,0.369,0.015,0.041,529.000,527.000,0.029,0.627,0.933,1.000,0.940,0.000,0.373,0.025,0.042
583,377,339,0.030,0.649,0.966,1.000,0.935,0.002,0.350,0.013,0.020,477.000,455.000,0.030,0.624,0.948,1.000,0.930,0.000,0.376,0.010,0.042,504.000,502.000,0.030,0.631,0.944,1.000,0.930,0.000,0.369,0.015,0.041,529.000,527.000,0.029,0.627,0.933,1.000,0.940,0.000,0.373,0.025,0.042
584,377,339,0.030,0.649,0.966,1.000,0.935,0.002,0.350,0.013,0.020,477.000,455.000,0.030,0.624,0.948,1.000,0.930,0.000,0.376,0.010,0.042,504.000,502.000,0.030,0.631,0.944,1.000,0.930,0.000,0.369,0.015,0.041,529.000,527.000,0.029,0.627,0.933,1.000,0.940,0.000,0.373,0.025,0.042
585,377,339,0.030,0.649,0.966,1.000,0.935,0.002,0.350,0.013,0.020,477.000,455.000,0.030,0.624,0.948,1.000,0.930,0.000,0.376,0.010,0.042,504.000,502.000,0.030,0.631,0.944,1.000,0.930,0.000,0.369,0.015,0.041,529.000,527.000,0.029,0.627,0.933,1.000,0.940,0.000,0.373,0.025,0.042
586,377,339,0.030,0.649,0.966,1.000,0.935,0.002,0.350,0.013,0.020,477.000,455.000,0.030,0.624,0.948,1.000,0.930,0.000,0.376,0.010,0.042,504.000,502.000,0.030,0.631,0.944,1.000,0.930,0.000,0.369,0.015,0.041,529.000,527.000,0.029,0.627,0.933,1.000,0.940,0.000,0.373,0.025,0.042
587,377,339,0.030,0.649,0.966,1.000,0.935,0.002,0.350,0.013,0.020,477.000,455.000,0.030,0.624,0.948,1.000,0.930,0.000,0.376,0.010,0.042,504.000,502.000,0.030,0.631,0.944,1.000,0.930,0.000,0.369,0.015,0.041,529.000,527.000,0.029,0.627,0.933,1.000,0.940,0.000,0.373,0.025,0.042
588,377,339,0.030,0.649,0.966,1.000,0.935,0.002,0.350,0.013,0.020,477.000,455.000,0.030,0.624,0.948,1.000,0.930,0.000,0.376,0.010,0.042,504.000,502.000,0.030,0.631,0.944,1.000,0.930,0.000,0.369,0.015,0.041,529.000,527.000,0.029,0.627,0.933,1.000,0.940,0.000,0.373,0.025,0.042
589,377,339,0.030,0.649,0.966,1.000,0.935,0.002,0.350,0.013,0.020,477.000,455.000,0.030,0.624,0.948,1.000,0.930,0.000,0.376,0.010,0.042,504.000,502.000,0.030,0.631,0.944,1.000,0.930,0.000,0.369,0.015,0.041,529.000,527.000,0.029,0.627,0.933,1.000,0.940,0.000,0.373,0.025,0.042
590,377,339,0.030,0.649,0.966,1.000,0.935,0.002,0.350,0.013,0.020,477.000,455.000,0.030,0.624,0.948,1.000,0.930,0.000,0.376,0.010,0.042,504.000,502.000,0.030,0.631,0.944,1.000,0.930,0.000,0.369,0.015,0.041,529.000,527.000,0.029,0.627,0.933,1.000,0.940,0.000,0.373,0.025,0.042
591,377,339,0.030,0.649,0.966,1.000,0.935,0.002,0.350,0.013,0.020,477.000,455.000,0.030,0.624,0.948,1.000,0.930,0.000,0.376,0.010,0.042,504.000,502.000,0.030,0.631,0.944,1.000,0.930,0.000,0.369,0.015,0.041,529.000,527.000,0.029,0.627,0.933,1.000,0.940,0.000,0.373,0.025,0.042
592,377,339,0.030,0.649,0.966,1.000,0.935,0.002,0.350,0.013,0.020,477.000,455.000,0.030,0.624,0.948,1.000,0.930,0.000,0.376,0.010,0.042,504.000,502.000,0.030,0.631,0.944,1.000,0.930,0.000,0.369,0.015,0.041,529.000,527.000,0.029,0.627,0.933,1.000,0.940,0.000,0.373,0.025,0.042
593,377,339,0.030,0.649,0.966,1.000,0.935,0.002,0.350,0.013,0.020,477.000,455.000,0.030,0.624,0.948,1.000,0.930,0.000,0.376,0.010,0.042,504.000,502.000,0.030,0.631,0.944,1.000,0.930,0.000,0.369,0.015,0.041,529.000,527.000,0.029,0.627,0.933,1.000,0.940,0.000,0.373,0.025,0.042
594,377,339,0.030,0.649,0.966,1.000,0.935,0.002,0.350,0.013,0.020,477.000,455.000,0.030,0.624,0.948,1.000,0.930,0.000,0.376,0.010,0.042,504.000,502.000,0.030,0.631,0.944,1.000,0.930,0.000,0.369,0.015,0.041,529.000,527.000,0.029,0.627,0.933,1.000,0.940,0.000,0.373,0.025,0.042
595,377,339,0.030,0.649,0.966,1.000,0.935,0.002,0.350,0.013,0.020,477.000,455.000,0.030,0.624,0.948,1.000,0.930,0.000,0.376,0.010,0.042,504.000,502.000,0.030,0.631,0.944,1.000,0.930,0.000,0.369,0.015,0.041,529.000,527.000,0.029,0.627,0.933,1.000,0.940,0.000,0.373,0.025,0.042
596,377,339,0.030,0.649,0.966,1.000,0.935,0.002,0.350,0.013,0.020,477.000,455.000,0.030,0.624,0.948,1.000,0.930,0.000,0.376,0.010,0.042,504.000,502.000,0.030,0.631,0.944,1.000,0.930,0.000,0.369,0.015,0.041,529.000,527.000,0.029,0.627,0.933,1.000,0.940,0.000,0.373,0.025,0.042
597,377,339,0.030,0.649,0.966,1.000,0.935,0.002,0.350,0.013,0.020,477.000,455.000,0.030,0.624,0.948,1.000,0.930,0.000,0.376,0.010,0.042,504.000,502.000,0.030,0.631,0.944,1.000,0.930,0.000,0.369,0.015,0.041,529.000,527.000,0.029,0.627,0.933,1.000,0.940,0.000,0.373,0.025,0.042
598,377,339,0.030,0.649,0.966,1.000,0.935,0.002,0.350,0.013,0.020,477.000,455.000,0.030,0.624,0.948,1.000,0.930,0.000,0.376,0.010,0.042,504.000,502.000,0.030,0.631,0.944,1.000,0.930,0.000,0.369,0.015,0.041,529.000,527.000,0.029,0.627,0.933,1.000,0.940,0.000,0.373,0.025,0.042
599,377,339,0.030,0.649,0.966,1.000,0.935,0.002,0.350,0.013,0.020,477.000,455.000,0.030,0.624,0.948,1.000,0.930,0.000,0.376,0.010,0.042,504.000,502.000,0.030,0.631,0.944,1.000,0.930,0.000,0.369,0.015,0.041,529.000,527.000,0.029,0.627,0.933,1.000,0.940,0.000,0.373,0.025,0.042
600,377,339,0.030,0.649,0.966,1.000,0.935,0.002,0.350,0.013,0.020,477.000,455.000,0.030,0.624,0.948,1.000,0.930,0.000,0.376,0.010,0.042,504.000,502.000,0.030,0.631,0.944,1.000,0.930,0.000,0.369,0.015,0.041,529.000,527.000,0.029,0.627,0.933,1.000,0.940,0.000,0.373,0.025,0.042
601,377,339,0.030,0.649,0.966,1.000,0.935,0.002,0.350,0.013,0.020,477.000,455.000,0.030,0.624,0.948,1.000,0.930,0.000,0.376,0.010,0.042,504.000,502.000,0.030,0.631,0.944,1.000,0.930,0.000,0.369,0.015,0.041,529.000,527.000,0.029,0.627,0.933,1.000,0.940,0.000,0.373,0.025,0.042
602,377,339,0.030,0.649,0.966,1.000,0.935,0.002,0.350,0.013,0.020,477.000,455.000,0.030,0.624,0.948,1.000,0.930,0.000,0.376,0.010,0.042,504.000,502.000,0.030,0.631,0.944,1.000,0.930,0.000,0.369,0.015,0.041,529.000,527.000,0.029,0.627,0.933,1.000,0.940,0.000,0.373,0.025,0.042
603,377,339,0.030,0.649,0.966,1.000,0.935,0.002,0.350,0.013,0.020,477.000,455.000,0.030,0.624,0.948,1.000,0.930,0.000,0.376,0.010,0.042,504.000,502.000,0.030,0.631,0.944,1.000,0.930,0.000,0.369,0.015,0.041,529.000,527.000,0.029,0.627,0.933,1.000,0.940,0.000,0.373,0.025,0.042
604,377,339,0.030,0.649,0.966,1.000,0.935,0.002,0.350,0.013,0.020,477.000,455.000,0.030,0.624,0.948,1.000,0.930,0.000,0.376,0.010,0.042,504.000,502.000,0.030,0.631,0.944,1.000,0.930,0.000,0.369,0.015,0.041,529.000,527.000,0.029,0.627,0.933,1.000,0.940,0.000,0.373,0.025,0.042
605,377,339,0.030,0.649,0.966,1.000,0.935,0.002,0.350,0.013,0.020,477.000,455.000,0.030,0.624,0.948,1.000,0.930,0.000,0.376,0.010,0.042,504.000,502.000,0.030,0.631,0.944,1.000,0.930,0.000,0.369,0.015,0.041,529.000,527.000,0.029,0.627,0.933,1.000,0.940,0.000,0.373,0.025,0.042
606,377,339,0.030,0.649,0.966,1.000,0.935,0.002,0.350,0.013,0.020,477.000,455.000,0.030,0.624,0.948,1.000,0.930,0.000,0.376,0.010,0.042,504.000,502.000,0.030,0.631,0.944,1.000,0.930,0.000,0.369,0.015,0.041,529.000,527.000,0.029,0.627,0.933,1.000,0.940,0.000,0.373,0.025,0.042
607,377,339,0.030,0.649,0.966,1.000,0.935,0.002,0.350,0.013,0.020,477.000,455.000,0.030,0.624,0.948,1.000,0.930,0.000,0.376,0.010,0.042,504.000,502.000,0.030,0.631,0.944,1.000,0.930,0.000,0.369,0.015,0.041,529.000,527.000,0.029,0.627,0.933,1.000,0.940,0.000,0.373,0.025,0.042
608,377,339,0.030,0.649,0.966,1.000,0.935,0.002,0.350,0.013,0.020,477.000,455.000,0.030,0.624,0.948,1.000,0.930,0.000,0.376,0.010,0.042,504.000,502.000,0.030,0.631,0.944,1.000,0.930,0.000,0.369,0.015,0.041,529.000,527.000,0.029,0.627,0.933,1.000,0.940,0.000,0.373,0.025,0.042
609,377,339,0.030,0.649,0.966,1.000,0.935,0.002,0.350,0.013,0.020,477.000,455.000,0.030,0.624,0.948,1.000,0.930,0.000,0.376,0.010,0.042,504.000,502.000,0.030,0.631,0.944,1.000,0.930,0.000,0.369,0.015,0.041,529.000,527.000,0.029,0.627,0.933,1.000,0.940,0.000,0.373,0.025,0.042
610,377,339,0.030,0.649,0.966,1.000,0.935,0.002,0.350,0.013,0.020,477.000,455.000,0.030,0.624,0.948,1.000,0.930,0.000,0.376,0.010,0.042,504.000,502.000,0.030,0.631,0.944,1.000,0.930,0.000,0.369,0.015,0.041,599.000,477.000,0.031,0.618,0.949,1.000,0.933,0.002,0.380,0.000,0.051
611,377,339,0.030,0.649,0.966,1.000,0.935,0.002,0.350,0.013,0.020,477.000,455.000,0.030,0.624,0.948,1.000,0.930,0.000,0.376,0.010,0.042,504.000,502.000,0.030,0.631,0.944,1.000,0.930,0.000,0.369,0.015,0.041,599.000,477.000,0.031,0.618,0.949,1.000,0.933,0.002,0.380,0.000,0.051
612,377,339,0.030,0.649,0.966,1.000,0.935,0.002,0.350,0.013,0.020,477.000,455.000,0.030,0.624,0.948,1.000,0.930,0.000,0.376,0.010,0.042,599.000,477.000,0.031,0.618,0.949,1.000,0.933,0.002,0.380,0.000,0.051,609.000,477.000,0.030,0.619,0.968,1.000,0.932,0.000,0.381,0.000,0.032
613,377,339,0.030,0.649,0.966,1.000,0.935,0.002,0.350,0.013,0.020,599.000,477.000,0.031,0.618,0.949,1.000,0.933,0.002,0.380,0.000,0.051,609.000,477.000,0.030,0.619,0.968,1.000,0.932,0.000,0.381,0.000,0.032,614.000,599.000,0.028,0.616,0.913,1.000,0.940,0.001,0.383,0.014,0.073
614,377,339,0.030,0.649,0.966,1.000,0.935,0.002,0.350,0.013,0.020,599.000,477.000,0.031,0.618,0.949,1.000,0.933,0.002,0.380,0.000,0.051,609.000,477.000,0.030,0.619,0.968,1.000,0.932,0.000,0.381,0.000,0.032,614.000,599.000,0.028,0.616,0.913,1.000,0.940,0.001,0.383,0.014,0.073
615,377,339,0.030,0.649,0.966,1.000,0.935,0.002,0.350,0.013,0.020,599.000,477.000,0.031,0.618,0.949,1.000,0.933,0.002,0.380,0.000,0.051,609.000,477.000,0.030,0.619,0.968,1.000,0.932,0.000,0.381,0.000,0.032,614.000,599.000,0.028,0.616,0.913,1.000,0.940,0.001,0.383,0.014,0.073
616,377,339,0.030,0.649,0.966,1.000,0.935,0.002,0.350,0.013,0.020,599.000,477.000,0.031,0.618,0.949,1.000,0.933,0.002,0.380,0.000,0.051,609.000,477.000,0.030,0.619,0.968,1.000,0.932,0.000,0.381,0.000,0.032,614.000,599.000,0.028,0.616,0.913,1.000,0.940,0.001,0.383,0.014,0.073
617,377,339,0.030,0.649,0.966,1.000,0.935,0.002,0.350,0.013,0.020,609.000,477.000,0.030,0.619,0.968,1.000,0.932,0.000,0.381,0.000,0.032,614.000,599.000,0.028,0.616,0.913,1.000,0.940,0.001,0.383,0.014,0.073,,,,,,,,,,,
618,377,339,0.030,0.649,0.966,1.000,0.935,0.002,0.350,0.013,0.020,609.000,477.000,0.030,0.619,0.968,1.000,0.932,0.000,0.381,0.000,0.032,614.000,599.000,0.028,0.616,0.913,1.000,0.940,0.001,0.383,0.014,0.073,,,,,,,,,,,
619,377,339,0.030,0.649,0.966,1.000,0.935,0.002,0.350,0.013,0.020,609.000,477.000,0.030,0.619,0.968,1.000,0.932,0.000,0.381,0.000,0.032,614.000,599.000,0.028,0.616,0.913,1.000,0.940,0.001,0.383,0.014,0.073,,,,,,,,,,,
620,377,339,0.030,0.649,0.966,1.000,0.935,0.002,0.350,0.013,0.020,609.000,477.000,0.030,0.619,0.968,1.000,0.932,0.000,0.381,0.000,0.032,614.000,599.000,0.028,0.616,0.913,1.000,0.940,0.001,0.383,0.014,0.073,,,,,,,,,,,
621,377,339,0.030,0.649,0.966,1.000,0.935,0.002,0.350,0.013,0.020,609.000,477.000,0.030,0.619,0.968,1.000,0.932,0.000,0.381,0.000,0.032,614.000,599.000,0.028,0.616,0.913,1.000,0.940,0.001,0.383,0.014,0.073,,,,,,,,,,,
622,377,339,0.030,0.649,0.966,1.000,0.935,0.002,0.350,0.013,0.020,609.000,477.000,0.030,0.619,0.968,1.000,0.932,0.000,0.381,0.000,0.032,614.000,599.000,0.028,0.616,0.913,1.000,0.940,0.001,0.383,0.014,0.073,,,,,,,,,,,
623,377,339,0.030,0.649,0.966,1.000,0.935,0.002,0.350,0.013,0.020,614.000,599.000,0.028,0.616,0.913,1.000,0.940,0.001,0.383,0.014,0.073,,,,,,,,,,,,,,,,,,,,,,
624,377,339,0.030,0.649,0.966,1.000,0.935,0.002,0.350,0.013,0.020,614.000,599.000,0.028,0.616,0.913,1.000,0.940,0.001,0.383,0.014,0.073,625.000,377.000,0.035,0.641,0.947,0.999,0.923,0.019,0.340,0.015,0.038,,,,,,,,,,,
625,377,339,0.030,0.649,0.966,1.000,0.935,0.002,0.350,0.013,0.020,614.000,599.000,0.028,0.616,0.913,1.000,0.940,0.001,0.383,0.014,0.073,626.000,614.000,0.029,0.622,0.912,0.988,0.946,0.000,0.378,0.019,0.069,,,,,,,,,,,
626,377,339,0.030,0.649,0.966,1.000,0.935,0.002,0.350,0.013,0.020,614.000,599.000,0.028,0.616,0.913,1.000,0.940,0.001,0.383,0.014,0.073,626.000,614.000,0.029,0.622,0.912,0.988,0.946,0.000,0.378,0.019,0.069,627.000,377.000,0.037,0.650,0.973,1.000,0.933,0.006,0.344,0.014,0.013
627,377,339,0.030,0.649,0.966,1.000,0.935,0.002,0.350,0.013,0.020,614.000,599.000,0.028,0.616,0.913,1.000,0.940,0.001,0.383,0.014,0.073,626.000,614.000,0.029,0.622,0.912,0.988,0.946,0.000,0.378,0.019,0.069,627.000,377.000,0.037,0.650,0.973,1.000,0.933,0.006,0.344,0.014,0.013
628,377,339,0.030,0.649,0.966,1.000,0.935,0.002,0.350,0.013,0.020,614.000,599.000,0.028,0.616,0.913,1.000,0.940,0.001,0.383,0.014,0.073,626.000,614.000,0.029,0.622,0.912,0.988,0.946,0.000,0.378,0.019,0.069,627.000,377.000,0.037,0.650,0.973,1.000,0.933,0.006,0.344,0.014,0.013
629,377,339,0.030,0.649,0.966,1.000,0.935,0.002,0.350,0.013,0.020,614.000,599.000,0.028,0.616,0.913,1.000,0.940,0.001,0.383,0.014,0.073,627.000,377.000,0.037,0.650,0.973,1.000,0.933,0.006,0.344,0.014,0.013,628.000,377.000,0.026,0.642,0.954,0.996,0.948,0.000,0.358,0.011,0.035
630,377,339,0.030,0.649,0.966,1.000,0.935,0.002,0.350,0.013,0.020,614.000,599.000,0.028,0.616,0.913,1.000,0.940,0.001,0.383,0.014,0.073,627.000,377.000,0.037,0.650,0.973,1.000,0.933,0.006,0.344,0.014,0.013,628.000,377.000,0.026,0.642,0.954,0.996,0.948,0.000,0.358,0.011,0.035
631,377,339,0.030,0.649,0.966,1.000,0.935,0.002,0.350,0.013,0.020,614.000,599.000,0.028,0.616,0.913,1.000,0.940,0.001,0.383,0.014,0.073,629.000,628.000,0.028,0.636,0.968,1.000,0.940,0.005,0.359,0.016,0.016,630.000,629.000,0.031,0.629,0.987,1.000,0.939,0.003,0.368,0.003,0.010
632,377,339,0.030,0.649,0.966,1.000,0.935,0.002,0.350,0.013,0.020,614.000,599.000,0.028,0.616,0.913,1.000,0.940,0.001,0.383,0.014,0.073,629.000,628.000,0.028,0.636,0.968,1.000,0.940,0.005,0.359,0.016,0.016,630.000,629.000,0.031,0.629,0.987,1.000,0.939,0.003,0.368,0.003,0.010
633,377,339,0.030,0.649,0.966,1.000,0.935,0.002,0.350,0.013,0.020,614.000,599.000,0.028,0.616,0.913,1.000,0.940,0.001,0.383,0.014,0.073,629.000,628.000,0.028,0.636,0.968,1.000,0.940,0.005,0.359,0.016,0.016,630.000,629.000,0.031,0.629,0.987,1.000,0.939,0.003,0.368,0.003,0.010
634,377,339,0.030,0.649,0.966,1.000,0.935,0.002,0.350,0.013,0.020,614.000,599.000,0.028,0.616,0.913,1.000,0.940,0.001,0.383,0.014,0.073,629.000,628.000,0.028,0.636,0.968,1.000,0.940,0.005,0.359,0.016,0.016,630.000,629.000,0.031,0.629,0.987,1.000,0.939,0.003,0.368,0.003,0.010
635,377,339,0.030,0.649,0.966,1.000,0.935,0.002,0.350,0.013,0.020,614.000,599.000,0.028,0.616,0.913,1.000,0.940,0.001,0.383,0.014,0.073,629.000,628.000,0.028,0.636,0.968,1.000,0.940,0.005,0.359,0.016,0.016,630.000,629.000,0.031,0.629,0.987,1.000,0.939,0.003,0.368,0.003,0.010
636,377,339,0.030,0.649,0.966,1.000,0.935,0.002,0.350,0.013,0.020,614.000,599.000,0.028,0.616,0.913,1.000,0.940,0.001,0.383,0.014,0.073,629.000,628.000,0.028,0.636,0.968,1.000,0.940,0.005,0.359,0.016,0.016,630.000,629.000,0.031,0.629,0.987,1.000,0.939,0.003,0.368,0.003,0.010
637,377,339,0.030,0.649,0.966,1.000,0.935,0.002,0.350,0.013,0.020,614.000,599.000,0.028,0.616,0.913,1.000,0.940,0.001,0.383,0.014,0.073,629.000,628.000,0.028,0.636,0.968,1.000,0.940,0.005,0.359,0.016,0.016,630.000,629.000,0.031,0.629,0.987,1.000,0.939,0.003,0.368,0.003,0.010
638,377,339,0.030,0.649,0.966,1.000,0.935,0.002,0.350,0.013,0.020,614.000,599.000,0.028,0.616,0.913,1.000,0.940,0.001,0.383,0.014,0.073,629.000,628.000,0.028,0.636,0.968,1.000,0.940,0.005,0.359,0.016,0.016,630.000,629.000,0.031,0.629,0.987,1.000,0.939,0.003,0.368,0.003,0.010
639,377,339,0.030,0.649,0.966,1.000,0.935,0.002,0.350,0.013,0.020,614.000,599.000,0.028,0.616,0.913,1.000,0.940,0.001,0.383,0.014,0.073,629.000,628.000,0.028,0.636,0.968,1.000,0.940,0.005,0.359,0.016,0.016,630.000,629.000,0.031,0.629,0.987,1.000,0.939,0.003,0.368,0.003,0.010
640,377,339,0.030,0.649,0.966,1.000,0.935,0.002,0.350,0.013,0.020,614.000,599.000,0.028,0.616,0.913,1.000,0.940,0.001,0.383,0.014,0.073,629.000,628.000,0.028,0.636,0.968,1.000,0.940,0.005,0.359,0.016,0.016,630.000,629.000,0.031,0.629,0.987,1.000,0.939,0.003,0.368,0.003,0.010
641,377,339,0.030,0.649,0.966,1.000,0.935,0.002,0.350,0.013,0.020,614.000,599.000,0.028,0.616,0.913,1.000,0.940,0.001,0.383,0.014,0.073,629.000,628.000,0.028,0.636,0.968,1.000,0.940,0.005,0.359,0.016,0.016,630.000,629.000,0.031,0.629,0.987,1.000,0.939,0.003,0.368,0.003,0.010
642,377,339,0.030,0.649,0.966,1.000,0.935,0.002,0.350,0.013,0.020,614.000,599.000,0.028,0.616,0.913,1.000,0.940,0.001,0.383,0.014,0.073,629.000,628.000,0.028,0.636,0.968,1.000,0.940,0.005,0.359,0.016,0.016,630.000,629.000,0.031,0.629,0.987,1.000,0.939,0.003,0.368,0.003,0.010
643,377,339,0.030,0.649,0.966,1.000,0.935,0.002,0.350,0.013,0.020,614.000,599.000,0.028,0.616,0.913,1.000,0.940,0.001,0.383,0.014,0.073,630.000,629.000,0.031,0.629,0.987,1.000,0.939,0.003,0.368,0.003,0.010,637.000,614.000,0.027,0.608,0.906,0.998,0.925,0.000,0.392,0.016,0.079
644,377,339,0.030,0.649,0.966,1.000,0.935,0.002,0.350,0.013,0.020,614.000,599.000,0.028,0.616,0.913,1.000,0.940,0.001,0.383,0.014,0.073,638.000,630.000,0.027,0.632,0.968,1.000,0.936,0.000,0.368,0.000,0.032,645.000,614.000,0.032,0.621,0.917,1.000,0.917,0.000,0.379,0.027,0.056
645,614,599,0.028,0.616,0.913,1.000,0.940,0.001,0.383,0.014,0.073,645.000,614.000,0.032,0.621,0.917,1.000,0.917,0.000,0.379,0.027,0.056,646.000,614.000,0.028,0.612,0.911,1.000,0.944,0.000,0.388,0.009,0.080,,,,,,,,,,,
646,614,599,0.028,0.616,0.913,1.000,0.940,0.001,0.383,0.014,0.073,645.000,614.000,0.032,0.621,0.917,1.000,0.917,0.000,0.379,0.027,0.056,646.000,614.000,0.028,0.612,0.911,1.000,0.944,0.000,0.388,0.009,0.080,647.000,614.000,0.030,0.624,0.913,1.000,0.943,0.006,0.370,0.010,0.077
647,614,599,0.028,0.616,0.913,1.000,0.940,0.001,0.383,0.014,0.073,645.000,614.000,0.032,0.621,0.917,1.000,0.917,0.000,0.379,0.027,0.056,,,,,,,,,,,,,,,,,,,,,,
648,614,599,0.028,0.616,0.913,1.000,0.940,0.001,0.383,0.014,0.073,645.000,614.000,0.032,0.621,0.917,1.000,0.917,0.000,0.379,0.027,0.056,649.000,645.000,0.031,0.603,0.914,1.000,0.930,0.005,0.391,0.032,0.054,,,,,,,,,,,
649,614,599,0.028,0.616,0.913,1.000,0.940,0.001,0.383,0.014,0.073,645.000,614.000,0.032,0.621,0.917,1.000,0.917,0.000,0.379,0.027,0.056,649.000,645.000,0.031,0.603,0.914,1.000,0.930,0.005,0.391,0.032,0.054,650.000,645.000,0.028,0.621,0.908,0.990,0.909,0.003,0.376,0.033,0.060
650,614,599,0.028,0.616,0.913,1.000,0.940,0.001,0.383,0.014,0.073,645.000,614.000,0.032,0.621,0.917,1.000,0.917,0.000,0.379,0.027,0.056,649.000,645.000,0.031,0.603,0.914,1.000,0.930,0.005,0.391,0.032,0.054,650.000,645.000,0.028,0.621,0.908,0.990,0.909,0.003,0.376,0.033,0.060
651,614,599,0.028,0.616,0.913,1.000,0.940,0.001,0.383,0.014,0.073,645.000,614.000,0.032,0.621,0.917,1.000,0.917,0.000,0.379,0.027,0.056,649.000,645.000,0.031,0.603,0.914,1.000,0.930,0.005,0.391,0.032,0.054,650.000,645.000,0.028,0.621,0.908,0.990,0.909,0.003,0.376,0.033,0.060
652,614,599,0.028,0.616,0.913,1.000,0.940,0.001,0.383,0.014,0.073,645.000,614.000,0.032,0.621,0.917,1.000,0.917,0.000,0.379,0.027,0.056,649.000,645.000,0.031,0.603,0.914,1.000,0.930,0.005,0.391,0.032,0.054,650.000,645.000,0.028,0.621,0.908,0.990,0.909,0.003,0.376,0.033,0.060
653,614,599,0.028,0.616,0.913,1.000,0.940,0.001,0.383,0.014,0.073,645.000,614.000,0.032,0.621,0.917,1.000,0.917,0.000,0.379,0.027,0.056,649.000,645.000,0.031,0.603,0.914,1.000,0.930,0.005,0.391,0.032,0.054,650.000,645.000,0.028,0.621,0.908,0.990,0.909,0.003,0.376,0.033,0.060
654,614,599,0.028,0.616,0.913,1.000,0.940,0.001,0.383,0.014,0.073,649.000,645.000,0.031,0.603,0.914,1.000,0.930,0.005,0.391,0.032,0.054,651.000,649.000,0.033,0.605,0.922,0.994,0.928,0.010,0.386,0.021,0.056,652.000,651.000,0.039,0.602,0.895,0.996,0.903,0.011,0.387,0.042,0.063
655,614,599,0.028,0.616,0.913,1.000,0.940,0.001,0.383,0.014,0.073,649.000,645.000,0.031,0.603,0.914,1.000,0.930,0.005,0.391,0.032,0.054,651.000,649.000,0.033,0.605,0.922,0.994,0.928,0.010,0.386,0.021,0.056,652.000,651.000,0.039,0.602,0.895,0.996,0.903,0.011,0.387,0.042,0.063
656,614,599,0.028,0.616,0.913,1.000,0.940,0.001,0.383,0.014,0.073,649.000,645.000,0.031,0.603,0.914,1.000,0.930,0.005,0.391,0.032,0.054,651.000,649.000,0.033,0.605,0.922,0.994,0.928,0.010,0.386,0.021,0.056,652.000,651.000,0.039,0.602,0.895,0.996,0.903,0.011,0.387,0.042,0.063
657,614,599,0.028,0.616,0.913,1.000,0.940,0.001,0.383,0.014,0.073,649.000,645.000,0.031,0.603,0.914,1.000,0.930,0.005,0.391,0.032,0.054,651.000,649.000,0.033,0.605,0.922,0.994,0.928,0.010,0.386,0.021,0.056,653.000,645.000,0.029,0.617,0.920,0.995,0.913,0.012,0.372,0.021,0.059
658,614,599,0.028,0.616,0.913,1.000,0.940,0.001,0.383,0.014,0.073,649.000,645.000,0.031,0.603,0.914,1.000,0.930,0.005,0.391,0.032,0.054,653.000,645.000,0.029,0.617,0.920,0.995,0.913,0.012,0.372,0.021,0.059,654.000,649.000,0.029,0.615,0.912,1.000,0.937,0.000,0.385,0.028,0.060
659,614,599,0.028,0.616,0.913,1.000,0.940,0.001,0.383,0.014,0.073,649.000,645.000,0.031,0.603,0.914,1.000,0.930,0.005,0.391,0.032,0.054,653.000,645.000,0.029,0.617,0.920,0.995,0.913,0.012,0.372,0.021,0.059,654.000,649.000,0.029,0.615,0.912,1.000,0.937,0.000,0.385,0.028,0.060
660,614,599,0.028,0.616,0.913,1.000,0.940,0.001,0.383,0.014,0.073,649.000,645.000,0.031,0.603,0.914,1.000,0.930,0.005,0.391,0.032,0.054,654.000,649.000,0.029,0.615,0.912,1.000,0.937,0.000,0.385,0.028,0.060,657.000,652.000,0.031,0.597,0.912,1.000,0.894,0.018,0.386,0.033,0.054
661,614,599,0.028,0.616,0.913,1.000,0.940,0.001,0.383,0.014,0.073,654.000,649.000,0.029,0.615,0.912,1.000,0.937,0.000,0.385,0.028,0.060,662.000,614.000,0.037,0.618,0.916,1.000,0.940,0.001,0.381,0.012,0.073,,,,,,,,,,,
662,614,599,0.028,0.616,0.913,1.000,0.940,0.001,0.383,0.014,0.073,654.000,649.000,0.029,0.615,0.912,1.000,0.937,0.000,0.385,0.028,0.060,662.000,614.000,0.037,0.618,0.916,1.000,0.940,0.001,0.381,0.012,0.073,663.000,654.000,0.029,0.622,0.932,0.997,0.951,0.000,0.378,0.022,0.046
663,614,599,0.028,0.616,0.913,1.000,0.940,0.001,0.383,0.014,0.073,654.000,649.000,0.029,0.615,0.912,1.000,0.937,0.000,0.385,0.028,0.060,662.000,614.000,0.037,0.618,0.916,1.000,0.940,0.001,0.381,0.012,0.073,663.000,654.000,0.029,0.622,0.932,0.997,0.951,0.000,0.378,0.022,0.046
664,614,599,0.028,0.616,0.913,1.000,0.940,0.001,0.383,0.014,0.073,654.000,649.000,0.029,0.615,0.912,1.000,0.937,0.000,0.385,0.028,0.060,662.000,614.000,0.037,0.618,0.916,1.000,0.940,0.001,0.381,0.012,0.073,663.000,654.000,0.029,0.622,0.932,0.997,0.951,0.000,0.378,0.022,0.046
665,614,599,0.028,0.616,0.913,1.000,0.940,0.001,0.383,0.014,0.073,654.000,649.000,0.029,0.615,0.912,1.000,0.937,0.000,0.385,0.028,0.060,662.000,614.000,0.037,0.618,0.916,1.000,0.940,0.001,0.381,0.012,0.073,663.000,654.000,0.029,0.622,0.932,0.997,0.951,0.000,0.378,0.022,0.046
666,614,599,0.028,0.616,0.913,1.000,0.940,0.001,0.383,0.014,0.073,654.000,649.000,0.029,0.615,0.912,1.000,0.937,0.000,0.385,0.028,0.060,662.000,614.000,0.037,0.618,0.916,1.000,0.940,0.001,0.381,0.012,0.073,663.000,654.000,0.029,0.622,0.932,0.997,0.951,0.000,0.378,0.022,0.046
667,614,599,0.028,0.616,0.913,1.000,0.940,0.001,0.383,0.014,0.073,654.000,649.000,0.029,0.615,0.912,1.000,0.937,0.000,0.385,0.028,0.060,662.000,614.000,0.037,0.618,0.916,1.000,0.940,0.001,0.381,0.012,0.073,663.000,654.000,0.029,0.622,0.932,0.997,0.951,0.000,0.378,0.022,0.046
668,614,599,0.028,0.616,0.913,1.000,0.940,0.001,0.383,0.014,0.073,654.000,649.000,0.029,0.615,0.912,1.000,0.937,0.000,0.385,0.028,0.060,662.000,614.000,0.037,0.618,0.916,1.000,0.940,0.001,0.381,0.012,0.073,663.000,654.000,0.029,0.622,0.932,0.997,0.951,0.000,0.378,0.022,0.046
669,614,599,0.028,0.616,0.913,1.000,0.940,0.001,0.383,0.014,0.073,654.000,649.000,0.029,0.615,0.912,1.000,0.937,0.000,0.385,0.028,0.060,663.000,654.000,0.029,0.622,0.932,0.997,0.951,0.000,0.378,0.022,0.046,664.000,663.000,0.027,0.630,0.928,0.997,0.965,0.000,0.370,0.016,0.056
670,614,599,0.028,0.616,0.913,1.000,0.940,0.001,0.383,0.014,0.073,654.000,649.000,0.029,0.615,0.912,1.000,0.937,0.000,0.385,0.028,0.060,663.000,654.000,0.029,0.622,0.932,0.997,0.951,0.000,0.378,0.022,0.046,664.000,663.000,0.027,0.630,0.928,0.997,0.965,0.000,0.370,0.016,0.056
671,614,599,0.028,0.616,0.913,1.000,0.940,0.001,0.383,0.014,0.073,669.000,667.000,0.033,0.629,0.933,1.000,0.968,0.000,0.371,0.024,0.043,670.000,669.000,0.033,0.635,0.918,1.000,0.966,0.000,0.365,0.037,0.045,671.000,614.000,0.032,0.626,0.925,1.000,0.942,0.004,0.370,0.005,0.071
672,614,599,0.028,0.616,0.913,1.000,0.940,0.001,0.383,0.014,0.073,669.000,667.000,0.033,0.629,0.933,1.000,0.968,0.000,0.371,0.024,0.043,670.000,669.000,0.033,0.635,0.918,1.000,0.966,0.000,0.365,0.037,0.045,671.000,614.000,0.032,0.626,0.925,1.000,0.942,0.004,0.370,0.005,0.071
673,614,599,0.028,0.616,0.913,1.000,0.940,0.001,0.383,0.014,0.073,669.000,667.000,0.033,0.629,0.933,1.000,0.968,0.000,0.371,0.024,0.043,670.000,669.000,0.033,0.635,0.918,1.000,0.966,0.000,0.365,0.037,0.045,671.000,614.000,0.032,0.626,0.925,1.000,0.942,0.004,0.370,0.005,0.071
674,614,599,0.028,0.616,0.913,1.000,0.940,0.001,0.383,0.014,0.073,669.000,667.000,0.033,0.629,0.933,1.000,0.968,0.000,0.371,0.024,0.043,670.000,669.000,0.033,0.635,0.918,1.000,0.966,0.000,0.365,0.037,0.045,672.000,670.000,0.031,0.633,0.917,1.000,0.945,0.000,0.367,0.039,0.044
675,614,599,0.028,0.616,0.913,1.000,0.940,0.001,0.383,0.014,0.073,670.000,669.000,0.033,0.635,0.918,1.000,0.966,0.000,0.365,0.037,0.045,672.000,670.000,0.031,0.633,0.917,1.000,0.945,0.000,0.367,0.039,0.044,676.000,672.000,0.031,0.622,0.918,1.000,0.944,0.000,0.378,0.032,0.050
676,614,599,0.028,0.616,0.913,1.000,0.940,0.001,0.383,0.014,0.073,672.000,670.000,0.031,0.633,0.917,1.000,0.945,0.000,0.367,0.039,0.044,,,,,,,,,,,,,,,,,,,,,,
677,614,599,0.028,0.616,0.913,1.000,0.940,0.001,0.383,0.014,0.073,672.000,670.000,0.031,0.633,0.917,1.000,0.945,0.000,0.367,0.039,0.044,,,,,,,,,,,,,,,,,,,,,,
678,614,599,0.028,0.616,0.913,1.000,0.940,0.001,0.383,0.014,0.073,672.000,670.000,0.031,0.633,0.917,1.000,0.945,0.000,0.367,0.039,0.044,679.000,672.000,0.028,0.638,0.908,0.990,0.960,0.009,0.353,0.039,0.052,,,,,,,,,,,
679,614,599,0.028,0.616,0.913,1.000,0.940,0.001,0.383,0.014,0.073,672.000,670.000,0.031,0.633,0.917,1.000,0.945,0.000,0.367,0.039,0.044,680.000,679.000,0.022,0.644,0.897,1.000,0.946,0.000,0.356,0.033,0.070,,,,,,,,,,,
680,614,599,0.028,0.616,0.913,1.000,0.940,0.001,0.383,0.014,0.073,672.000,670.000,0.031,0.633,0.917,1.000,0.945,0.000,0.367,0.039,0.044,680.000,679.000,0.022,0.644,0.897,1.000,0.946,0.000,0.356,0.033,0.070,681.000,680.000,0.017,0.631,0.892,1.000,0.962,0.013,0.356,0.036,0.072
681,614,599,0.028,0.616,0.913,1.000,0.940,0.001,0.383,0.014,0.073,681.000,680.000,0.017,0.631,0.892,1.000,0.962,0.013,0.356,0.036,0.072,682.000,681.000,0.007,0.621,0.891,1.000,0.953,0.014,0.366,0.042,0.068,,,,,,,,,,,
682,614,599,0.028,0.616,0.913,1.000,0.940,0.001,0.383,0.014,0.073,681.000,680.000,0.017,0.631,0.892,1.000,0.962,0.013,0.356,0.036,0.072,683.000,614.000,0.031,0.613,0.923,1.000,0.949,0.000,0.387,0.001,0.076,,,,,,,,,,,
683,614,599,0.028,0.616,0.913,1.000,0.940,0.001,0.383,0.014,0.073,681.000,680.000,0.017,0.631,0.892,1.000,0.962,0.013,0.356,0.036,0.072,683.000,614.000,0.031,0.613,0.923,1.000,0.949,0.000,0.387,0.001,0.076,684.000,681.000,0.030,0.632,0.894,1.000,0.958,0.014,0.354,0.025,0.081
684,614,599,0.028,0.616,0.913,1.000,0.940,0.001,0.383,0.014,0.073,681.000,680.000,0.017,0.631,0.892,1.000,0.962,0.013,0.356,0.036,0.072,683.000,614.000,0.031,0.613,0.923,1.000,0.949,0.000,0.387,0.001,0.076,684.000,681.000,0.030,0.632,0.894,1.000,0.958,0.014,0.354,0.025,0.081
685,614,599,0.028,0.616,0.913,1.000,0.940,0.001,0.383,0.014,0.073,681.000,680.000,0.017,0.631,0.892,1.000,0.962,0.013,0.356,0.036,0.072,683.000,614.000,0.031,0.613,0.923,1.000,0.949,0.000,0.387,0.001,0.076,684.000,681.000,0.030,0.632,0.894,1.000,0.958,0.014,0.354,0.025,0.081
686,614,599,0.028,0.616,0.913,1.000,0.940,0.001,0.383,0.014,0.073,681.000,680.000,0.017,0.631,0.892,1.000,0.962,0.013,0.356,0.036,0.072,683.000,614.000,0.031,0.613,0.923,1.000,0.949,0.000,0.387,0.001,0.076,684.000,681.000,0.030,0.632,0.894,1.000,0.958,0.014,0.354,0.025,0.081
687,614,599,0.028,0.616,0.913,1.000,0.940,0.001,0.383,0.014,0.073,683.000,614.000,0.031,0.613,0.923,1.000,0.949,0.000,0.387,0.001,0.076,684.000,681.000,0.030,0.632,0.894,1.000,0.958,0.014,0.354,0.025,0.081,687.000,683.000,0.033,0.629,0.900,0.996,0.982,0.000,0.371,0.000,0.100
688,614,599,0.028,0.616,0.913,1.000,0.940,0.001,0.383,0.014,0.073,687.000,683.000,0.033,0.629,0.900,0.996,0.982,0.000,0.371,0.000,0.100,689.000,614.000,0.033,0.615,0.914,1.000,0.926,0.000,0.385,0.018,0.068,,,,,,,,,,,
689,614,599,0.028,0.616,0.913,1.000,0.940,0.001,0.383,0.014,0.073,687.000,683.000,0.033,0.629,0.900,0.996,0.982,0.000,0.371,0.000,0.100,689.000,614.000,0.033,0.615,0.914,1.000,0.926,0.000,0.385,0.018,0.068,690.000,614.000,0.029,0.608,0.926,0.988,0.926,0.000,0.392,0.000,0.074
690,614,599,0.028,0.616,0.913,1.000,0.940,0.001,0.383,0.014,0.073,687.000,683.000,0.033,0.629,0.900,0.996,0.982,0.000,0.371,0.000,0.100,690.000,614.000,0.029,0.608,0.926,0.988,0.926,0.000,0.392,0.000,0.074,691.000,689.000,0.030,0.615,0.915,0.998,0.904,0.000,0.385,0.029,0.055
691,614,599,0.028,0.616,0.913,1.000,0.940,0.001,0.383,0.014,0.073,687.000,683.000,0.033,0.629,0.900,0.996,0.982,0.000,0.371,0.000,0.100,691.000,689.000,0.030,0.615,0.915,0.998,0.904,0.000,0.385,0.029,0.055,692.000,614.000,0.036,0.602,0.927,0.995,0.940,0.002,0.395,0.008,0.065
692,614,599,0.028,0.616,0.913,1.000,0.940,0.001,0.383,0.014,0.073,687.000,683.000,0.033,0.629,0.900,0.996,0.982,0.000,0.371,0.000,0.100,691.000,689.000,0.030,0.615,0.915,0.998,0.904,0.000,0.385,0.029,0.055,692.000,614.000,0.036,0.602,0.927,0.995,0.940,0.002,0.395,0.008,0.065
693,614,599,0.028,0.616,0.913,1.000,0.940,0.001,0.383,0.014,0.073,691.000,689.000,0.030,0.615,0.915,0.998,0.904,0.000,0.385,0.029,0.055,693.000,691.000,0.028,0.617,0.914,1.000,0.905,0.000,0.383,0.020,0.066,,,,,,,,,,,
694,614,599,0.028,0.616,0.913,1.000,0.940,0.001,0.383,0.014,0.073,691.000,689.000,0.030,0.615,0.915,0.998,0.904,0.000,0.385,0.029,0.055,693.000,691.000,0.028,0.617,0.914,1.000,0.905,0.000,0.383,0.020,0.066,695.000,691.000,0.037,0.600,0.904,1.000,0.899,0.014,0.386,0.041,0.055
695,614,599,0.028,0.616,0.913,1.000,0.940,0.001,0.383,0.014,0.073,691.000,689.000,0.030,0.615,0.915,0.998,0.904,0.000,0.385,0.029,0.055,693.000,691.000,0.028,0.617,0.914,1.000,0.905,0.000,0.383,0.020,0.066,695.000,691.000,0.037,0.600,0.904,1.000,0.899,0.014,0.386,0.041,0.055
696,614,599,0.028,0.616,0.913,1.000,0.940,0.001,0.383,0.014,0.073,691.000,689.000,0.030,0.615,0.915,0.998,0.904,0.000,0.385,0.029,0.055,693.000,691.000,0.028,0.617,0.914,1.000,0.905,0.000,0.383,0.020,0.066,695.000,691.000,0.037,0.600,0.904,1.000,0.899,0.014,0.386,0.041,0.055
697,614,599,0.028,0.616,0.913,1.000,0.940,0.001,0.383,0.014,0.073,691.000,689.000,0.030,0.615,0.915,0.998,0.904,0.000,0.385,0.029,0.055,693.000,691.000,0.028,0.617,0.914,1.000,0.905,0.000,0.383,0.020,0.066,695.000,691.000,0.037,0.600,0.904,1.000,0.899,0.014,0.386,0.041,0.055
698,614,599,0.028,0.616,0.913,1.000,0.940,0.001,0.383,0.014,0.073,691.000,689.000,0.030,0.615,0.915,0.998,0.904,0.000,0.385,0.029,0.055,693.000,691.000,0.028,0.617,0.914,1.000,0.905,0.000,0.383,0.020,0.066,695.000,691.000,0.037,0.600,0.904,1.000,0.899,0.014,0.386,0.041,0.055
699,614,599,0.028,0.616,0.913,1.000,0.940,0.001,0.383,0.014,0.073,691.000,689.000,0.030,0.615,0.915,0.998,0.904,0.000,0.385,0.029,0.055,693.000,691.000,0.028,0.617,0.914,1.000,0.905,0.000,0.383,0.020,0.066,699.000,693.000,0.029,0.623,0.936,0.997,0.915,0.000,0.377,0.013,0.050
700,614,599,0.028,0.616,0.913,1.000,0.940,0.001,0.383,0.014,0.073,691.000,689.000,0.030,0.615,0.915,0.998,0.904,0.000,0.385,0.029,0.055,,,,,,,,,,,,,,,,,,,,,,
701,614,599,0.028,0.616,0.913,1.000,0.940,0.001,0.383,0.014,0.073,691.000,689.000,0.030,0.615,0.915,0.998,0.904,0.000,0.385,0.029,0.055,702.000,691.000,0.033,0.619,0.922,0.993,0.916,0.000,0.381,0.029,0.049,,,,,,,,,,,
702,614,599,0.028,0.616,0.913,1.000,0.940,0.001,0.383,0.014,0.073,703.000,702.000,0.043,0.614,0.935,1.000,0.916,0.010,0.377,0.029,0.037,,,,,,,,,,,,,,,,,,,,,,
703,614,599,0.028,0.616,0.913,1.000,0.940,0.001,0.383,0.014,0.073,703.000,702.000,0.043,0.614,0.935,1.000,0.916,0.010,0.377,0.029,0.037,704.000,614.000,0.024,0.617,0.911,0.994,0.943,0.008,0.375,0.011,0.079,,,,,,,,,,,
704,614,599,0.028,0.616,0.913,1.000,0.940,0.001,0.383,0.014,0.073,705.000,614.000,0.033,0.623,0.912,0.998,0.934,0.000,0.377,0.008,0.080,,,,,,,,,,,,,,,,,,,,,,
705,614,599,0.028,0.616,0.913,1.000,0.940,0.001,0.383,0.014,0.073,705.000,614.000,0.033,0.623,0.912,0.998,0.934,0.000,0.377,0.008,0.080,706.000,614.000,0.034,0.610,0.894,1.000,0.934,0.000,0.390,0.018,0.088,,,,,,,,,,,
706,614,599,0.028,0.616,0.913,1.000,0.940,0.001,0.383,0.014,0.073,705.000,614.000,0.033,0.623,0.912,0.998,0.934,0.000,0.377,0.008,0.080,706.000,614.000,0.034,0.610,0.894,1.000,0.934,0.000,0.390,0.018,0.088,707.000,705.000,0.030,0.607,0.905,1.000,0.915,0.008,0.385,0.000,0.095
707,614,599,0.028,0.616,0.913,1.000,0.940,0.001,0.383,0.014,0.073,705.000,614.000,0.033,0.623,0.912,0.998,0.934,0.000,0.377,0.008,0.080,706.000,614.000,0.034,0.610,0.894,1.000,0.934,0.000,0.390,0.018,0.088,707.000,705.000,0.030,0.607,0.905,1.000,0.915,0.008,0.385,0.000,0.095
708,614,599,0.028,0.616,0.913,1.000,0.940,0.001,0.383,0.014,0.073,705.000,614.000,0.033,0.623,0.912,0.998,0.934,0.000,0.377,0.008,0.080,,,,,,,,,,,,,,,,,,,,,,
709,614,599,0.028,0.616,0.913,1.000,0.940,0.001,0.383,0.014,0.073,705.000,614.000,0.033,0.623,0.912,0.998,0.934,0.000,0.377,0.008,0.080,710.000,705.000,0.033,0.620,0.909,1.000,0.942,0.000,0.380,0.009,0.083,,,,,,,,,,,
710,614,599,0.028,0.616,0.913,1.000,0.940,0.001,0.383,0.014,0.073,705.000,614.000,0.033,0.623,0.912,0.998,0.934,0.000,0.377,0.008,0.080,711.000,614.000,0.038,0.605,0.912,1.000,0.955,0.009,0.386,0.019,0.069,,,,,,,,,,,
711,614,599,0.028,0.616,0.913,1.000,0.940,0.001,0.383,0.014,0.073,705.000,614.000,0.033,0.623,0.912,0.998,0.934,0.000,0.377,0.008,0.080,712.000,705.000,0.035,0.627,0.913,0.998,0.944,0.000,0.373,0.004,0.083,,,,,,,,,,,
712,614,599,0.028,0.616,0.913,1.000,0.940,0.001,0.383,0.014,0.073,705.000,614.000,0.033,0.623,0.912,0.998,0.934,0.000,0.377,0.008,0.080,712.000,705.000,0.035,0.627,0.913,0.998,0.944,0.000,0.373,0.004,0.083,713.000,705.000,0.026,0.629,0.918,1.000,0.926,0.016,0.355,0.001,0.082
713,614,599,0.028,0.616,0.913,1.000,0.940,0.001,0.383,0.014,0.073,705.000,614.000,0.033,0.623,0.912,0.998,0.934,0.000,0.377,0.008,0.080,712.000,705.000,0.035,0.627,0.913,0.998,0.944,0.000,0.373,0.004,0.083,713.000,705.000,0.026,0.629,0.918,1.000,0.926,0.016,0.355,0.001,0.082
714,614,599,0.028,0.616,0.913,1.000,0.940,0.001,0.383,0.014,0.073,705.000,614.000,0.033,0.623,0.912,0.998,0.934,0.000,0.377,0.008,0.080,712.000,705.000,0.035,0.627,0.913,0.998,0.944,0.000,0.373,0.004,0.083,713.000,705.000,0.026,0.629,0.918,1.000,0.926,0.016,0.355,0.001,0.082
715,614,599,0.028,0.616,0.913,1.000,0.940,0.001,0.383,0.014,0.073,705.000,614.000,0.033,0.623,0.912,0.998,0.934,0.000,0.377,0.008,0.080,712.000,705.000,0.035,0.627,0.913,0.998,0.944,0.000,0.373,0.004,0.083,714.000,712.000,0.034,0.631,0.905,1.000,0.953,0.000,0.369,0.024,0.072
716,614,599,0.028,0.616,0.913,1.000,0.940,0.001,0.383,0.014,0.073,712.000,705.000,0.035,0.627,0.913,0.998,0.944,0.000,0.373,0.004,0.083,714.000,712.000,0.034,0.631,0.905,1.000,0.953,0.000,0.369,0.024,0.072,717.000,714.000,0.034,0.635,0.916,1.000,0.970,0.000,0.365,0.021,0.063
717,614,599,0.028,0.616,0.913,1.000,0.940,0.001,0.383,0.014,0.073,712.000,705.000,0.035,0.627,0.913,0.998,0.944,0.000,0.373,0.004,0.083,714.000,712.000,0.034,0.631,0.905,1.000,0.953,0.000,0.369,0.024,0.072,717.000,714.000,0.034,0.635,0.916,1.000,0.970,0.000,0.365,0.021,0.063
718,614,599,0.028,0.616,0.913,1.000,0.940,0.001,0.383,0.014,0.073,714.000,712.000,0.034,0.631,0.905,1.000,0.953,0.000,0.369,0.024,0.072,717.000,714.000,0.034,0.635,0.916,1.000,0.970,0.000,0.365,0.021,0.063,719.000,614.000,0.020,0.622,0.925,1.000,0.934,0.003,0.374,0.007,0.068
719,614,599,0.028,0.616,0.913,1.000,0.940,0.001,0.383,0.014,0.073,714.000,712.000,0.034,0.631,0.905,1.000,0.953,0.000,0.369,0.024,0.072,717.000,714.000,0.034,0.635,0.916,1.000,0.970,0.000,0.365,0.021,0.063,720.000,614.000,0.030,0.613,0.894,1.000,0.939,0.000,0.387,0.045,0.061
720,614,599,0.028,0.616,0.913,1.000,0.940,0.001,0.383,0.014,0.073,714.000,712.000,0.034,0.631,0.905,1.000,0.953,0.000,0.369,0.024,0.072,717.000,714.000,0.034,0.635,0.916,1.000,0.970,0.000,0.365,0.021,0.063,720.000,614.000,0.030,0.613,0.894,1.000,0.939,0.000,0.387,0.045,0.061
721,614,599,0.028,0.616,0.913,1.000,0.940,0.001,0.383,0.014,0.073,714.000,712.000,0.034,0.631,0.905,1.000,0.953,0.000,0.369,0.024,0.072,717.000,714.000,0.034,0.635,0.916,1.000,0.970,0.000,0.365,0.021,0.063,720.000,614.000,0.030,0.613,0.894,1.000,0.939,0.000,0.387,0.045,0.061
722,614,599,0.028,0.616,0.913,1.000,0.940,0.001,0.383,0.014,0.073,714.000,712.000,0.034,0.631,0.905,1.000,0.953,0.000,0.369,0.024,0.072,720.000,614.000,0.030,0.613,0.894,1.000,0.939,0.000,0.387,0.045,0.061,721.000,720.000,0.030,0.603,0.889,1.000,0.929,0.010,0.388,0.050,0.061
723,614,599,0.028,0.616,0.913,1.000,0.940,0.001,0.383,0.014,0.073,714.000,712.000,0.034,0.631,0.905,1.000,0.953,0.000,0.369,0.024,0.072,720.000,614.000,0.030,0.613,0.894,1.000,0.939,0.000,0.387,0.045,0.061,721.000,720.000,0.030,0.603,0.889,1.000,0.929,0.010,0.388,0.050,0.061
724,614,599,0.028,0.616,0.913,1.000,0.940,0.001,0.383,0.014,0.073,714.000,712.000,0.034,0.631,0.905,1.000,0.953,0.000,0.369,0.024,0.072,720.000,614.000,0.030,0.613,0.894,1.000,0.939,0.000,0.387,0.045,0.061,721.000,720.000,0.030,0.603,0.889,1.000,0.929,0.010,0.388,0.050,0.061
725,614,599,0.028,0.616,0.913,1.000,0.940,0.001,0.383,0.014,0.073,714.000,712.000,0.034,0.631,0.905,1.000,0.953,0.000,0.369,0.024,0.072,720.000,614.000,0.030,0.613,0.894,1.000,0.939,0.000,0.387,0.045,0.061,721.000,720.000,0.030,0.603,0.889,1.000,0.929,0.010,0.388,0.050,0.061
726,614,599,0.028,0.616,0.913,1.000,0.940,0.001,0.383,0.014,0.073,714.000,712.000,0.034,0.631,0.905,1.000,0.953,0.000,0.369,0.024,0.072,720.000,614.000,0.030,0.613,0.894,1.000,0.939,0.000,0.387,0.045,0.061,721.000,720.000,0.030,0.603,0.889,1.000,0.929,0.010,0.388,0.050,0.061
727,614,599,0.028,0.616,0.913,1.000,0.940,0.001,0.383,0.014,0.073,714.000,712.000,0.034,0.631,0.905,1.000,0.953,0.000,0.369,0.024,0.072,720.000,614.000,0.030,0.613,0.894,1.000,0.939,0.000,0.387,0.045,0.061,721.000,720.000,0.030,0.603,0.889,1.000,0.929,0.010,0.388,0.050,0.061
728,614,599,0.028,0.616,0.913,1.000,0.940,0.001,0.383,0.014,0.073,714.000,712.000,0.034,0.631,0.905,1.000,0.953,0.000,0.369,0.024,0.072,720.000,614.000,0.030,0.613,0.894,1.000,0.939,0.000,0.387,0.045,0.061,721.000,720.000,0.030,0.603,0.889,1.000,0.929,0.010,0.388,0.050,0.061
729,614,599,0.028,0.616,0.913,1.000,0.940,0.001,0.383,0.014,0.073,714.000,712.000,0.034,0.631,0.905,1.000,0.953,0.000,0.369,0.024,0.072,720.000,614.000,0.030,0.613,0.894,1.000,0.939,0.000,0.387,0.045,0.061,721.000,720.000,0.030,0.603,0.889,1.000,0.929,0.010,0.388,0.050,0.061
730,614,599,0.028,0.616,0.913,1.000,0.940,0.001,0.383,0.014,0.073,714.000,712.000,0.034,0.631,0.905,1.000,0.953,0.000,0.369,0.024,0.072,720.000,614.000,0.030,0.613,0.894,1.000,0.939,0.000,0.387,0.045,0.061,721.000,720.000,0.030,0.603,0.889,1.000,0.929,0.010,0.388,0.050,0.061
731,614,599,0.028,0.616,0.913,1.000,0.940,0.001,0.383,0.014,0.073,714.000,712.000,0.034,0.631,0.905,1.000,0.953,0.000,0.369,0.024,0.072,720.000,614.000,0.030,0.613,0.894,1.000,0.939,0.000,0.387,0.045,0.061,721.000,720.000,0.030,0.603,0.889,1.000,0.929,0.010,0.388,0.050,0.061
732,614,599,0.028,0.616,0.913,1.000,0.940,0.001,0.383,0.014,0.073,714.000,712.000,0.034,0.631,0.905,1.000,0.953,0.000,0.369,0.024,0.072,720.000,614.000,0.030,0.613,0.894,1.000,0.939,0.000,0.387,0.045,0.061,723.000,614.000,0.024,0.619,0.938,1.000,0.940,0.000,0.381,0.011,0.051
733,614,599,0.028,0.616,0.913,1.000,0.940,0.001,0.383,0.014,0.073,714.000,712.000,0.034,0.631,0.905,1.000,0.953,0.000,0.369,0.024,0.072,720.000,614.000,0.030,0.613,0.894,1.000,0.939,0.000,0.387,0.045,0.061,731.000,714.000,0.035,0.629,0.914,0.997,0.927,0.001,0.371,0.017,0.069
734,614,599,0.028,0.616,0.913,1.000,0.940,0.001,0.383,0.014,0.073,714.000,712.000,0.034,0.631,0.905,1.000,0.953,0.000,0.369,0.024,0.072,720.000,614.000,0.030,0.613,0.894,1.000,0.939,0.000,0.387,0.045,0.061,731.000,714.000,0.035,0.629,0.914,0.997,0.927,0.001,0.371,0.017,0.069
735,614,599,0.028,0.616,0.913,1.000,0.940,0.001,0.383,0.014,0.073,714.000,712.000,0.034,0.631,0.905,1.000,0.953,0.000,0.369,0.024,0.072,720.000,614.000,0.030,0.613,0.894,1.000,0.939,0.000,0.387,0.045,0.061,731.000,714.000,0.035,0.629,0.914,0.997,0.927,0.001,0.371,0.017,0.069
736,614,599,0.028,0.616,0.913,1.000,0.940,0.001,0.383,0.014,0.073,737.000,614.000,0.033,0.632,0.909,0.999,0.947,0.000,0.368,0.025,0.067,,,,,,,,,,,,,,,,,,,,,,
737,614,599,0.028,0.616,0.913,1.000,0.940,0.001,0.383,0.014,0.073,737.000,614.000,0.033,0.632,0.909,0.999,0.947,0.000,0.368,0.025,0.067,738.000,737.000,0.039,0.623,0.908,1.000,0.964,0.004,0.374,0.035,0.057,,,,,,,,,,,
738,614,599,0.028,0.616,0.913,1.000,0.940,0.001,0.383,0.014,0.073,737.000,614.000,0.033,0.632,0.909,0.999,0.947,0.000,0.368,0.025,0.067,738.000,737.000,0.039,0.623,0.908,1.000,0.964,0.004,0.374,0.035,0.057,739.000,737.000,0.036,0.619,0.930,0.989,0.965,0.000,0.381,0.018,0.052
739,614,599,0.028,0.616,0.913,1.000,0.940,0.001,0.383,0.014,0.073,737.000,614.000,0.033,0.632,0.909,0.999,0.947,0.000,0.368,0.025,0.067,740.000,737.000,0.031,0.631,0.900,0.998,0.940,0.000,0.369,0.035,0.065,,,,,,,,,,,
740,614,599,0.028,0.616,0.913,1.000,0.940,0.001,0.383,0.014,0.073,737.000,614.000,0.033,0.632,0.909,0.999,0.947,0.000,0.368,0.025,0.067,740.000,737.000,0.031,0.631,0.900,0.998,0.940,0.000,0.369,0.035,0.065,741.000,737.000,0.041,0.623,0.934,0.987,0.947,0.008,0.370,0.027,0.039
741,614,599,0.028,0.616,0.913,1.000,0.940,0.001,0.383,0.014,0.073,737.000,614.000,0.033,0.632,0.909,0.999,0.947,0.000,0.368,0.025,0.067,740.000,737.000,0.031,0.631,0.900,0.998,0.940,0.000,0.369,0.035,0.065,741.000,737.000,0.041,0.623,0.934,0.987,0.947,0.008,0.370,0.027,0.039
742,614,599,0.028,0.616,0.913,1.000,0.940,0.001,0.383,0.014,0.073,737.000,614.000,0.033,0.632,0.909,0.999,0.947,0.000,0.368,0.025,0.067,740.000,737.000,0.031,0.631,0.900,0.998,0.940,0.000,0.369,0.035,0.065,742.000,614.000,0.029,0.621,0.911,0.992,0.939,0.000,0.379,0.007,0.082
743,614,599,0.028,0.616,0.913,1.000,0.940,0.001,0.383,0.014,0.073,737.000,614.000,0.033,0.632,0.909,0.999,0.947,0.000,0.368,0.025,0.067,740.000,737.000,0.031,0.631,0.900,0.998,0.940,0.000,0.369,0.035,0.065,742.000,614.000,0.029,0.621,0.911,0.992,0.939,0.000,0.379,0.007,0.082
744,614,599,0.028,0.616,0.913,1.000,0.940,0.001,0.383,0.014,0.073,737.000,614.000,0.033,0.632,0.909,0.999,0.947,0.000,0.368,0.025,0.067,740.000,737.000,0.031,0.631,0.900,0.998,0.940,0.000,0.369,0.035,0.065,742.000,614.000,0.029,0.621,0.911,0.992,0.939,0.000,0.379,0.007,0.082
745,614,599,0.028,0.616,0.913,1.000,0.940,0.001,0.383,0.014,0.073,737.000,614.000,0.033,0.632,0.909,0.999,0.947,0.000,0.368,0.025,0.067,740.000,737.000,0.031,0.631,0.900,0.998,0.940,0.000,0.369,0.035,0.065,742.000,614.000,0.029,0.621,0.911,0.992,0.939,0.000,0.379,0.007,0.082
746,614,599,0.028,0.616,0.913,1.000,0.940,0.001,0.383,0.014,0.073,737.000,614.000,0.033,0.632,0.909,0.999,0.947,0.000,0.368,0.025,0.067,740.000,737.000,0.031,0.631,0.900,0.998,0.940,0.000,0.369,0.035,0.065,742.000,614.000,0.029,0.621,0.911,0.992,0.939,0.000,0.379,0.007,0.082
747,614,599,0.028,0.616,0.913,1.000,0.940,0.001,0.383,0.014,0.073,737.000,614.000,0.033,0.632,0.909,0.999,0.947,0.000,0.368,0.025,0.067,740.000,737.000,0.031,0.631,0.900,0.998,0.940,0.000,0.369,0.035,0.065,742.000,614.000,0.029,0.621,0.911,0.992,0.939,0.000,0.379,0.007,0.082
748,614,599,0.028,0.616,0.913,1.000,0.940,0.001,0.383,0.014,0.073,737.000,614.000,0.033,0.632,0.909,0.999,0.947,0.000,0.368,0.025,0.067,740.000,737.000,0.031,0.631,0.900,0.998,0.940,0.000,0.369,0.035,0.065,742.000,614.000,0.029,0.621,0.911,0.992,0.939,0.000,0.379,0.007,0.082
749,614,599,0.028,0.616,0.913,1.000,0.940,0.001,0.383,0.014,0.073,737.000,614.000,0.033,0.632,0.909,0.999,0.947,0.000,0.368,0.025,0.067,740.000,737.000,0.031,0.631,0.900,0.998,0.940,0.000,0.369,0.035,0.065,742.000,614.000,0.029,0.621,0.911,0.992,0.939,0.000,0.379,0.007,0.082
750,614,599,0.028,0.616,0.913,1.000,0.940,0.001,0.383,0.014,0.073,737.000,614.000,0.033,0.632,0.909,0.999,0.947,0.000,0.368,0.025,0.067,740.000,737.000,0.031,0.631,0.900,0.998,0.940,0.000,0.369,0.035,0.065,742.000,614.000,0.029,0.621,0.911,0.992,0.939,0.000,0.379,0.007,0.082
751,614,599,0.028,0.616,0.913,1.000,0.940,0.001,0.383,0.014,0.073,737.000,614.000,0.033,0.632,0.909,0.999,0.947,0.000,0.368,0.025,0.067,740.000,737.000,0.031,0.631,0.900,0.998,0.940,0.000,0.369,0.035,0.065,742.000,614.000,0.029,0.621,0.911,0.992,0.939,0.000,0.379,0.007,0.082
752,614,599,0.028,0.616,0.913,1.000,0.940,0.001,0.383,0.014,0.073,737.000,614.000,0.033,0.632,0.909,0.999,0.947,0.000,0.368,0.025,0.067,740.000,737.000,0.031,0.631,0.900,0.998,0.940,0.000,0.369,0.035,0.065,746.000,740.000,0.029,0.619,0.900,1.000,0.930,0.000,0.381,0.038,0.062
753,614,599,0.028,0.616,0.913,1.000,0.940,0.001,0.383,0.014,0.073,737.000,614.000,0.033,0.632,0.909,0.999,0.947,0.000,0.368,0.025,0.067,740.000,737.000,0.031,0.631,0.900,0.998,0.940,0.000,0.369,0.035,0.065,746.000,740.000,0.029,0.619,0.900,1.000,0.930,0.000,0.381,0.038,0.062
754,614,599,0.028,0.616,0.913,1.000,0.940,0.001,0.383,0.014,0.073,737.000,614.000,0.033,0.632,0.909,0.999,0.947,0.000,0.368,0.025,0.067,740.000,737.000,0.031,0.631,0.900,0.998,0.940,0.000,0.369,0.035,0.065,746.000,740.000,0.029,0.619,0.900,1.000,0.930,0.000,0.381,0.038,0.062
755,614,599,0.028,0.616,0.913,1.000,0.940,0.001,0.383,0.014,0.073,737.000,614.000,0.033,0.632,0.909,0.999,0.947,0.000,0.368,0.025,0.067,746.000,740.000,0.029,0.619,0.900,1.000,0.930,0.000,0.381,0.038,0.062,749.000,746.000,0.026,0.623,0.910,0.999,0.921,0.002,0.375,0.036,0.054
756,614,599,0.028,0.616,0.913,1.000,0.940,0.001,0.383,0.014,0.073,737.000,614.000,0.033,0.632,0.909,0.999,0.947,0.000,0.368,0.025,0.067,746.000,740.000,0.029,0.619,0.900,1.000,0.930,0.000,0.381,0.038,0.062,749.000,746.000,0.026,0.623,0.910,0.999,0.921,0.002,0.375,0.036,0.054
757,614,599,0.028,0.616,0.913,1.000,0.940,0.001,0.383,0.014,0.073,737.000,614.000,0.033,0.632,0.909,0.999,0.947,0.000,0.368,0.025,0.067,746.000,740.000,0.029,0.619,0.900,1.000,0.930,0.000,0.381,0.038,0.062,749.000,746.000,0.026,0.623,0.910,0.999,0.921,0.002,0.375,0.036,0.054
758,614,599,0.028,0.616,0.913,1.000,0.940,0.001,0.383,0.014,0.073,737.000,614.000,0.033,0.632,0.909,0.999,0.947,0.000,0.368,0.025,0.067,746.000,740.000,0.029,0.619,0.900,1.000,0.930,0.000,0.381,0.038,0.062,749.000,746.000,0.026,0.623,0.910,0.999,0.921,0.002,0.375,0.036,0.054
759,614,599,0.028,0.616,0.913,1.000,0.940,0.001,0.383,0.014,0.073,737.000,614.000,0.033,0.632,0.909,0.999,0.947,0.000,0.368,0.025,0.067,746.000,740.000,0.029,0.619,0.900,1.000,0.930,0.000,0.381,0.038,0.062,749.000,746.000,0.026,0.623,0.910,0.999,0.921,0.002,0.375,0.036,0.054
760,614,599,0.028,0.616,0.913,1.000,0.940,0.001,0.383,0.014,0.073,737.000,614.000,0.033,0.632,0.909,0.999,0.947,0.000,0.368,0.025,0.067,746.000,740.000,0.029,0.619,0.900,1.000,0.930,0.000,0.381,0.038,0.062,749.000,746.000,0.026,0.623,0.910,0.999,0.921,0.002,0.375,0.036,0.054
761,614,599,0.028,0.616,0.913,1.000,0.940,0.001,0.383,0.014,0.073,737.000,614.000,0.033,0.632,0.909,0.999,0.947,0.000,0.368,0.025,0.067,746.000,740.000,0.029,0.619,0.900,1.000,0.930,0.000,0.381,0.038,0.062,749.000,746.000,0.026,0.623,0.910,0.999,0.921,0.002,0.375,0.036,0.054
762,614,599,0.028,0.616,0.913,1.000,0.940,0.001,0.383,0.014,0.073,737.000,614.000,0.033,0.632,0.909,0.999,0.947,0.000,0.368,0.025,0.067,746.000,740.000,0.029,0.619,0.900,1.000,0.930,0.000,0.381,0.038,0.062,749.000,746.000,0.026,0.623,0.910,0.999,0.921,0.002,0.375,0.036,0.054
763,614,599,0.028,0.616,0.913,1.000,0.940,0.001,0.383,0.014,0.073,737.000,614.000,0.033,0.632,0.909,0.999,0.947,0.000,0.368,0.025,0.067,746.000,740.000,0.029,0.619,0.900,1.000,0.930,0.000,0.381,0.038,0.062,749.000,746.000,0.026,0.623,0.910,0.999,0.921,0.002,0.375,0.036,0.054
764,614,599,0.028,0.616,0.913,1.000,0.940,0.001,0.383,0.014,0.073,737.000,614.000,0.033,0.632,0.909,0.999,0.947,0.000,0.368,0.025,0.067,746.000,740.000,0.029,0.619,0.900,1.000,0.930,0.000,0.381,0.038,0.062,749.000,746.000,0.026,0.623,0.910,0.999,0.921,0.002,0.375,0.036,0.054
765,614,599,0.028,0.616,0.913,1.000,0.940,0.001,0.383,0.014,0.073,746.000,740.000,0.029,0.619,0.900,1.000,0.930,0.000,0.381,0.038,0.062,749.000,746.000,0.026,0.623,0.910,0.999,0.921,0.002,0.375,0.036,0.054,757.000,737.000,0.037,0.626,0.915,1.000,0.957,0.001,0.373,0.019,0.066
766,614,599,0.028,0.616,0.913,1.000,0.940,0.001,0.383,0.014,0.073,746.000,740.000,0.029,0.619,0.900,1.000,0.930,0.000,0.381,0.038,0.062,749.000,746.000,0.026,0.623,0.910,0.999,0.921,0.002,0.375,0.036,0.054,757.000,737.000,0.037,0.626,0.915,1.000,0.957,0.001,0.373,0.019,0.066
767,614,599,0.028,0.616,0.913,1.000,0.940,0.001,0.383,0.014,0.073,746.000,740.000,0.029,0.619,0.900,1.000,0.930,0.000,0.381,0.038,0.062,749.000,746.000,0.026,0.623,0.910,0.999,0.921,0.002,0.375,0.036,0.054,757.000,737.000,0.037,0.626,0.915,1.000,0.957,0.001,0.373,0.019,0.066
768,614,599,0.028,0.616,0.913,1.000,0.940,0.001,0.383,0.014,0.073,746.000,740.000,0.029,0.619,0.900,1.000,0.930,0.000,0.381,0.038,0.062,766.000,614.000,0.031,0.611,0.941,1.000,0.934,0.000,0.389,0.000,0.059,768.000,766.000,0.030,0.614,0.926,1.000,0.942,0.000,0.386,0.000,0.074
769,614,599,0.028,0.616,0.913,1.000,0.940,0.001,0.383,0.014,0.073,746.000,740.000,0.029,0.619,0.900,1.000,0.930,0.000,0.381,0.038,0.062,766.000,614.000,0.031,0.611,0.941,1.000,0.934,0.000,0.389,0.000,0.059,768.000,766.000,0.030,0.614,0.926,1.000,0.942,0.000,0.386,0.000,0.074
770,614,599,0.028,0.616,0.913,1.000,0.940,0.001,0.383,0.014,0.073,746.000,740.000,0.029,0.619,0.900,1.000,0.930,0.000,0.381,0.038,0.062,766.000,614.000,0.031,0.611,0.941,1.000,0.934,0.000,0.389,0.000,0.059,768.000,766.000,0.030,0.614,0.926,1.000,0.942,0.000,0.386,0.000,0.074
771,614,599,0.028,0.616,0.913,1.000,0.940,0.001,0.383,0.014,0.073,746.000,740.000,0.029,0.619,0.900,1.000,0.930,0.000,0.381,0.038,0.062,766.000,614.000,0.031,0.611,0.941,1.000,0.934,0.000,0.389,0.000,0.059,768.000,766.000,0.030,0.614,0.926,1.000,0.942,0.000,0.386,0.000,0.074
772,614,599,0.028,0.616,0.913,1.000,0.940,0.001,0.383,0.014,0.073,746.000,740.000,0.029,0.619,0.900,1.000,0.930,0.000,0.381,0.038,0.062,766.000,614.000,0.031,0.611,0.941,1.000,0.934,0.000,0.389,0.000,0.059,768.000,766.000,0.030,0.614,0.926,1.000,0.942,0.000,0.386,0.000,0.074
773,614,599,0.028,0.616,0.913,1.000,0.940,0.001,0.383,0.014,0.073,746.000,740.000,0.029,0.619,0.900,1.000,0.930,0.000,0.381,0.038,0.062,766.000,614.000,0.031,0.611,0.941,1.000,0.934,0.000,0.389,0.000,0.059,768.000,766.000,0.030,0.614,0.926,1.000,0.942,0.000,0.386,0.000,0.074
774,614,599,0.028,0.616,0.913,1.000,0.940,0.001,0.383,0.014,0.073,746.000,740.000,0.029,0.619,0.900,1.000,0.930,0.000,0.381,0.038,0.062,766.000,614.000,0.031,0.611,0.941,1.000,0.934,0.000,0.389,0.000,0.059,768.000,766.000,0.030,0.614,0.926,1.000,0.942,0.000,0.386,0.000,0.074
775,614,599,0.028,0.616,0.913,1.000,0.940,0.001,0.383,0.014,0.073,746.000,740.000,0.029,0.619,0.900,1.000,0.930,0.000,0.381,0.038,0.062,766.000,614.000,0.031,0.611,0.941,1.000,0.934,0.000,0.389,0.000,0.059,768.000,766.000,0.030,0.614,0.926,1.000,0.942,0.000,0.386,0.000,0.074
776,614,599,0.028,0.616,0.913,1.000,0.940,0.001,0.383,0.014,0.073,746.000,740.000,0.029,0.619,0.900,1.000,0.930,0.000,0.381,0.038,0.062,766.000,614.000,0.031,0.611,0.941,1.000,0.934,0.000,0.389,0.000,0.059,768.000,766.000,0.030,0.614,0.926,1.000,0.942,0.000,0.386,0.000,0.074
777,614,599,0.028,0.616,0.913,1.000,0.940,0.001,0.383,0.014,0.073,746.000,740.000,0.029,0.619,0.900,1.000,0.930,0.000,0.381,0.038,0.062,766.000,614.000,0.031,0.611,0.941,1.000,0.934,0.000,0.389,0.000,0.059,768.000,766.000,0.030,0.614,0.926,1.000,0.942,0.000,0.386,0.000,0.074
778,614,599,0.028,0.616,0.913,1.000,0.940,0.001,0.383,0.014,0.073,746.000,740.000,0.029,0.619,0.900,1.000,0.930,0.000,0.381,0.038,0.062,766.000,614.000,0.031,0.611,0.941,1.000,0.934,0.000,0.389,0.000,0.059,768.000,766.000,0.030,0.614,0.926,1.000,0.942,0.000,0.386,0.000,0.074
779,614,599,0.028,0.616,0.913,1.000,0.940,0.001,0.383,0.014,0.073,746.000,740.000,0.029,0.619,0.900,1.000,0.930,0.000,0.381,0.038,0.062,766.000,614.000,0.031,0.611,0.941,1.000,0.934,0.000,0.389,0.000,0.059,768.000,766.000,0.030,0.614,0.926,1.000,0.942,0.000,0.386,0.000,0.074
780,614,599,0.028,0.616,0.913,1.000,0.940,0.001,0.383,0.014,0.073,746.000,740.000,0.029,0.619,0.900,1.000,0.930,0.000,0.381,0.038,0.062,766.000,614.000,0.031,0.611,0.941,1.000,0.934,0.000,0.389,0.000,0.059,768.000,766.000,0.030,0.614,0.926,1.000,0.942,0.000,0.386,0.000,0.074
781,614,599,0.028,0.616,0.913,1.000,0.940,0.001,0.383,0.014,0.073,746.000,740.000,0.029,0.619,0.900,1.000,0.930,0.000,0.381,0.038,0.062,766.000,614.000,0.031,0.611,0.941,1.000,0.934,0.000,0.389,0.000,0.059,768.000,766.000,0.030,0.614,0.926,1.000,0.942,0.000,0.386,0.000,0.074
782,614,599,0.028,0.616,0.913,1.000,0.940,0.001,0.383,0.014,0.073,746.000,740.000,0.029,0.619,0.900,1.000,0.930,0.000,0.381,0.038,0.062,766.000,614.000,0.031,0.611,0.941,1.000,0.934,0.000,0.389,0.000,0.059,768.000,766.000,0.030,0.614,0.926,1.000,0.942,0.000,0.386,0.000,0.074
783,614,599,0.028,0.616,0.913,1.000,0.940,0.001,0.383,0.014,0.073,746.000,740.000,0.029,0.619,0.900,1.000,0.930,0.000,0.381,0.038,0.062,766.000,614.000,0.031,0.611,0.941,1.000,0.934,0.000,0.389,0.000,0.059,768.000,766.000,0.030,0.614,0.926,1.000,0.942,0.000,0.386,0.000,0.074
784,614,599,0.028,0.616,0.913,1.000,0.940,0.001,0.383,0.014,0.073,746.000,740.000,0.029,0.619,0.900,1.000,0.930,0.000,0.381,0.038,0.062,766.000,614.000,0.031,0.611,0.941,1.000,0.934,0.000,0.389,0.000,0.059,768.000,766.000,0.030,0.614,0.926,1.000,0.942,0.000,0.386,0.000,0.074
785,614,599,0.028,0.616,0.913,1.000,0.940,0.001,0.383,0.014,0.073,746.000,740.000,0.029,0.619,0.900,1.000,0.930,0.000,0.381,0.038,0.062,766.000,614.000,0.031,0.611,0.941,1.000,0.934,0.000,0.389,0.000,0.059,768.000,766.000,0.030,0.614,0.926,1.000,0.942,0.000,0.386,0.000,0.074
786,614,599,0.028,0.616,0.913,1.000,0.940,0.001,0.383,0.014,0.073,746.000,740.000,0.029,0.619,0.900,1.000,0.930,0.000,0.381,0.038,0.062,766.000,614.000,0.031,0.611,0.941,1.000,0.934,0.000,0.389,0.000,0.059,768.000,766.000,0.030,0.614,0.926,1.000,0.942,0.000,0.386,0.000,0.074
787,614,599,0.028,0.616,0.913,1.000,0.940,0.001,0.383,0.014,0.073,746.000,740.000,0.029,0.619,0.900,1.000,0.930,0.000,0.381,0.038,0.062,766.000,614.000,0.031,0.611,0.941,1.000,0.934,0.000,0.389,0.000,0.059,768.000,766.000,0.030,0.614,0.926,1.000,0.942,0.000,0.386,0.000,0.074
788,614,599,0.028,0.616,0.913,1.000,0.940,0.001,0.383,0.014,0.073,746.000,740.000,0.029,0.619,0.900,1.000,0.930,0.000,0.381,0.038,0.062,768.000,766.000,0.030,0.614,0.926,1.000,0.942,0.000,0.386,0.000,0.074,776.000,773.000,0.027,0.624,0.896,0.999,0.943,0.000,0.376,0.014,0.090
789,614,599,0.028,0.616,0.913,1.000,0.940,0.001,0.383,0.014,0.073,746.000,740.000,0.029,0.619,0.900,1.000,0.930,0.000,0.381,0.038,0.062,768.000,766.000,0.030,0.614,0.926,1.000,0.942,0.000,0.386,0.000,0.074,776.000,773.000,0.027,0.624,0.896,0.999,0.943,0.000,0.376,0.014,0.090
790,614,599,0.028,0.616,0.913,1.000,0.940,0.001,0.383,0.014,0.073,746.000,740.000,0.029,0.619,0.900,1.000,0.930,0.000,0.381,0.038,0.062,776.000,773.000,0.027,0.624,0.896,0.999,0.943,0.000,0.376,0.014,0.090,777.000,776.000,0.026,0.623,0.885,1.000,0.943,0.000,0.377,0.014,0.102
791,614,599,0.028,0.616,0.913,1.000,0.940,0.001,0.383,0.014,0.073,746.000,740.000,0.029,0.619,0.900,1.000,0.930,0.000,0.381,0.038,0.062,776.000,773.000,0.027,0.624,0.896,0.999,0.943,0.000,0.376,0.014,0.090,,,,,,,,,,,
792,614,599,0.028,0.616,0.913,1.000,0.940,0.001,0.383,0.014,0.073,746.000,740.000,0.029,0.619,0.900,1.000,0.930,0.000,0.381,0.038,0.062,776.000,773.000,0.027,0.624,0.896,0.999,0.943,0.000,0.376,0.014,0.090,,,,,,,,,,,
793,614,599,0.028,0.616,0.913,1.000,0.940,0.001,0.383,0.014,0.073,776.000,773.000,0.027,0.624,0.896,0.999,0.943,0.000,0.376,0.014,0.090,,,,,,,,,,,,,,,,,,,,,,
794,614,599,0.028,0.616,0.913,1.000,0.940,0.001,0.383,0.014,0.073,776.000,773.000,0.027,0.624,0.896,0.999,0.943,0.000,0.376,0.014,0.090,795.000,614.000,0.021,0.627,0.902,0.995,0.940,0.000,0.373,0.016,0.082,,,,,,,,,,,
795,614,599,0.028,0.616,0.913,1.000,0.940,0.001,0.383,0.014,0.073,776.000,773.000,0.027,0.624,0.896,0.999,0.943,0.000,0.376,0.014,0.090,795.000,614.000,0.021,0.627,0.902,0.995,0.940,0.000,0.373,0.016,0.082,796.000,795.000,0.018,0.634,0.923,1.000,0.940,0.000,0.366,0.000,0.077
796,614,599,0.028,0.616,0.913,1.000,0.940,0.001,0.383,0.014,0.073,776.000,773.000,0.027,0.624,0.896,0.999,0.943,0.000,0.376,0.014,0.090,795.000,614.000,0.021,0.627,0.902,0.995,0.940,0.000,0.373,0.016,0.082,796.000,795.000,0.018,0.634,0.923,1.000,0.940,0.000,0.366,0.000,0.077
797,614,599,0.028,0.616,0.913,1.000,0.940,0.001,0.383,0.014,0.073,776.000,773.000,0.027,0.624,0.896,0.999,0.943,0.000,0.376,0.014,0.090,795.000,614.000,0.021,0.627,0.902,0.995,0.940,0.000,0.373,0.016,0.082,796.000,795.000,0.018,0.634,0.923,1.000,0.940,0.000,0.366,0.000,0.077
798,614,599,0.028,0.616,0.913,1.000,0.940,0.001,0.383,0.014,0.073,776.000,773.000,0.027,0.624,0.896,0.999,0.943,0.000,0.376,0.014,0.090,795.000,614.000,0.021,0.627,0.902,0.995,0.940,0.000,0.373,0.016,0.082,796.000,795.000,0.018,0.634,0.923,1.000,0.940,0.000,0.366,0.000,0.077
799,614,599,0.028,0.616,0.913,1.000,0.940,0.001,0.383,0.014,0.073,776.000,773.000,0.027,0.624,0.896,0.999,0.943,0.000,0.376,0.014,0.090,795.000,614.000,0.021,0.627,0.902,0.995,0.940,0.000,0.373,0.016,0.082,796.000,795.000,0.018,0.634,0.923,1.000,0.940,0.000,0.366,0.000,0.077
800,614,599,0.028,0.616,0.913,1.000,0.940,0.001,0.383,0.014,0.073,776.000,773.000,0.027,0.624,0.896,0.999,0.943,0.000,0.376,0.014,0.090,,,,,,,,,,,,,,,,,,,,,,
801,614,599,0.028,0.616,0.913,1.000,0.940,0.001,0.383,0.014,0.073,776.000,773.000,0.027,0.624,0.896,0.999,0.943,0.000,0.376,0.014,0.090,802.000,776.000,0.026,0.632,0.897,1.000,0.945,0.004,0.364,0.019,0.084,,,,,,,,,,,
802,614,599,0.028,0.616,0.913,1.000,0.940,0.001,0.383,0.014,0.073,776.000,773.000,0.027,0.624,0.896,0.999,0.943,0.000,0.376,0.014,0.090,802.000,776.000,0.026,0.632,0.897,1.000,0.945,0.004,0.364,0.019,0.084,803.000,776.000,0.021,0.629,0.899,1.000,0.953,0.004,0.367,0.014,0.086
803,614,599,0.028,0.616,0.913,1.000,0.940,0.001,0.383,0.014,0.073,776.000,773.000,0.027,0.624,0.896,0.999,0.943,0.000,0.376,0.014,0.090,802.000,776.000,0.026,0.632,0.897,1.000,0.945,0.004,0.364,0.019,0.084,803.000,776.000,0.021,0.629,0.899,1.000,0.953,0.004,0.367,0.014,0.086
804,614,599,0.028,0.616,0.913,1.000,0.940,0.001,0.383,0.014,0.073,776.000,773.000,0.027,0.624,0.896,0.999,0.943,0.000,0.376,0.014,0.090,805.000,614.000,0.031,0.610,0.907,1.000,0.943,0.002,0.388,0.013,0.080,,,,,,,,,,,
805,614,599,0.028,0.616,0.913,1.000,0.940,0.001,0.383,0.014,0.073,776.000,773.000,0.027,0.624,0.896,0.999,0.943,0.000,0.376,0.014,0.090,805.000,614.000,0.031,0.610,0.907,1.000,0.943,0.002,0.388,0.013,0.080,806.000,776.000,0.031,0.631,0.901,0.997,0.929,0.000,0.369,0.010,0.089
806,614,599,0.028,0.616,0.913,1.000,0.940,0.001,0.383,0.014,0.073,776.000,773.000,0.027,0.624,0.896,0.999,0.943,0.000,0.376,0.014,0.090,805.000,614.000,0.031,0.610,0.907,1.000,0.943,0.002,0.388,0.013,0.080,806.000,776.000,0.031,0.631,0.901,0.997,0.929,0.000,0.369,0.010,0.089
807,614,599,0.028,0.616,0.913,1.000,0.940,0.001,0.383,0.014,0.073,776.000,773.000,0.027,0.624,0.896,0.999,0.943,0.000,0.376,0.014,0.090,805.000,614.000,0.031,0.610,0.907,1.000,0.943,0.002,0.388,0.013,0.080,806.000,776.000,0.031,0.631,0.901,0.997,0.929,0.000,0.369,0.010,0.089
808,614,599,0.028,0.616,0.913,1.000,0.940,0.001,0.383,0.014,0.073,776.000,773.000,0.027,0.624,0.896,0.999,0.943,0.000,0.376,0.014,0.090,805.000,614.000,0.031,0.610,0.907,1.000,0.943,0.002,0.388,0.013,0.080,806.000,776.000,0.031,0.631,0.901,0.997,0.929,0.000,0.369,0.010,0.089
809,614,599,0.028,0.616,0.913,1.000,0.940,0.001,0.383,0.014,0.073,776.000,773.000,0.027,0.624,0.896,0.999,0.943,0.000,0.376,0.014,0.090,805.000,614.000,0.031,0.610,0.907,1.000,0.943,0.002,0.388,0.013,0.080,806.000,776.000,0.031,0.631,0.901,0.997,0.929,0.000,0.369,0.010,0.089
810,614,599,0.028,0.616,0.913,1.000,0.940,0.001,0.383,0.014,0.073,776.000,773.000,0.027,0.624,0.896,0.999,0.943,0.000,0.376,0.014,0.090,805.000,614.000,0.031,0.610,0.907,1.000,0.943,0.002,0.388,0.013,0.080,806.000,776.000,0.031,0.631,0.901,0.997,0.929,0.000,0.369,0.010,0.089
811,614,599,0.028,0.616,0.913,1.000,0.940,0.001,0.383,0.014,0.073,776.000,773.000,0.027,0.624,0.896,0.999,0.943,0.000,0.376,0.014,0.090,805.000,614.000,0.031,0.610,0.907,1.000,0.943,0.002,0.388,0.013,0.080,808.000,614.000,0.028,0.608,0.930,1.000,0.947,0.003,0.389,0.000,0.070
812,614,599,0.028,0.616,0.913,1.000,0.940,0.001,0.383,0.014,0.073,776.000,773.000,0.027,0.624,0.896,0.999,0.943,0.000,0.376,0.014,0.090,805.000,614.000,0.031,0.610,0.907,1.000,0.943,0.002,0.388,0.013,0.080,808.000,614.000,0.028,0.608,0.930,1.000,0.947,0.003,0.389,0.000,0.070
813,614,599,0.028,0.616,0.913,1.000,0.940,0.001,0.383,0.014,0.073,776.000,773.000,0.027,0.624,0.896,0.999,0.943,0.000,0.376,0.014,0.090,805.000,614.000,0.031,0.610,0.907,1.000,0.943,0.002,0.388,0.013,0.080,810.000,614.000,0.033,0.618,0.928,0.999,0.943,0.001,0.381,0.007,0.065
814,614,599,0.028,0.616,0.913,1.000,0.940,0.001,0.383,0.014,0.073,776.000,773.000,0.027,0.624,0.896,0.999,0.943,0.000,0.376,0.014,0.090,805.000,614.000,0.031,0.610,0.907,1.000,0.943,0.002,0.388,0.013,0.080,810.000,614.000,0.033,0.618,0.928,0.999,0.943,0.001,0.381,0.007,0.065
815,614,599,0.028,0.616,0.913,1.000,0.940,0.001,0.383,0.014,0.073,776.000,773.000,0.027,0.624,0.896,0.999,0.943,0.000,0.376,0.014,0.090,805.000,614.000,0.031,0.610,0.907,1.000,0.943,0.002,0.388,0.013,0.080,810.000,614.000,0.033,0.618,0.928,0.999,0.943,0.001,0.381,0.007,0.065
816,614,599,0.028,0.616,0.913,1.000,0.940,0.001,0.383,0.014,0.073,776.000,773.000,0.027,0.624,0.896,0.999,0.943,0.000,0.376,0.014,0.090,810.000,614.000,0.033,0.618,0.928,0.999,0.943,0.001,0.381,0.007,0.065,813.000,776.000,0.024,0.624,0.911,1.000,0.943,0.000,0.376,0.000,0.088
817,614,599,0.028,0.616,0.913,1.000,0.940,0.001,0.383,0.014,0.073,776.000,773.000,0.027,0.624,0.896,0.999,0.943,0.000,0.376,0.014,0.090,810.000,614.000,0.033,0.618,0.928,0.999,0.943,0.001,0.381,0.007,0.065,813.000,776.000,0.024,0.624,0.911,1.000,0.943,0.000,0.376,0.000,0.088
818,614,599,0.028,0.616,0.913,1.000,0.940,0.001,0.383,0.014,0.073,814.000,614.000,0.028,0.619,0.916,1.000,0.942,0.002,0.379,0.008,0.076,819.000,818.000,0.031,0.630,0.907,0.990,0.940,0.012,0.358,0.000,0.093,,,,,,,,,,,
819,614,599,0.028,0.616,0.913,1.000,0.940,0.001,0.383,0.014,0.073,814.000,614.000,0.028,0.619,0.916,1.000,0.942,0.002,0.379,0.008,0.076,819.000,818.000,0.031,0.630,0.907,0.990,0.940,0.012,0.358,0.000,0.093,820.000,614.000,0.024,0.608,0.911,1.000,0.943,0.000,0.392,0.010,0.079
820,614,599,0.028,0.616,0.913,1.000,0.940,0.001,0.383,0.014,0.073,814.000,614.000,0.028,0.619,0.916,1.000,0.942,0.002,0.379,0.008,0.076,819.000,818.000,0.031,0.630,0.907,0.990,0.940,0.012,0.358,0.000,0.093,820.000,614.000,0.024,0.608,0.911,1.000,0.943,0.000,0.392,0.010,0.079
821,614,599,0.028,0.616,0.913,1.000,0.940,0.001,0.383,0.014,0.073,814.000,614.000,0.028,0.619,0.916,1.000,0.942,0.002,0.379,0.008,0.076,819.000,818.000,0.031,0.630,0.907,0.990,0.940,0.012,0.358,0.000,0.093,820.000,614.000,0.024,0.608,0.911,1.000,0.943,0.000,0.392,0.010,0.079
822,614,599,0.028,0.616,0.913,1.000,0.940,0.001,0.383,0.014,0.073,814.000,614.000,0.028,0.619,0.916,1.000,0.942,0.002,0.379,0.008,0.076,820.000,614.000,0.024,0.608,0.911,1.000,0.943,0.000,0.392,0.010,0.079,821.000,819.000,0.032,0.633,0.887,0.987,0.944,0.002,0.364,0.000,0.113
823,614,599,0.028,0.616,0.913,1.000,0.940,0.001,0.383,0.014,0.073,814.000,614.000,0.028,0.619,0.916,1.000,0.942,0.002,0.379,0.008,0.076,820.000,614.000,0.024,0.608,0.911,1.000,0.943,0.000,0.392,0.010,0.079,821.000,819.000,0.032,0.633,0.887,0.987,0.944,0.002,0.364,0.000,0.113
824,614,599,0.028,0.616,0.913,1.000,0.940,0.001,0.383,0.014,0.073,814.000,614.000,0.028,0.619,0.916,1.000,0.942,0.002,0.379,0.008,0.076,820.000,614.000,0.024,0.608,0.911,1.000,0.943,0.000,0.392,0.010,0.079,823.000,821.000,0.033,0.635,0.898,0.994,0.936,0.005,0.360,0.000,0.102
825,614,599,0.028,0.616,0.913,1.000,0.940,0.001,0.383,0.014,0.073,814.000,614.000,0.028,0.619,0.916,1.000,0.942,0.002,0.379,0.008,0.076,820.000,614.000,0.024,0.608,0.911,1.000,0.943,0.000,0.392,0.010,0.079,823.000,821.000,0.033,0.635,0.898,0.994,0.936,0.005,0.360,0.000,0.102
826,614,599,0.028,0.616,0.913,1.000,0.940,0.001,0.383,0.014,0.073,814.000,614.000,0.028,0.619,0.916,1.000,0.942,0.002,0.379,0.008,0.076,820.000,614.000,0.024,0.608,0.911,1.000,0.943,0.000,0.392,0.010,0.079,823.000,821.000,0.033,0.635,0.898,0.994,0.936,0.005,0.360,0.000,0.102
827,614,599,0.028,0.616,0.913,1.000,0.940,0.001,0.383,0.014,0.073,814.000,614.000,0.028,0.619,0.916,1.000,0.942,0.002,0.379,0.008,0.076,820.000,614.000,0.024,0.608,0.911,1.000,0.943,0.000,0.392,0.010,0.079,823.000,821.000,0.033,0.635,0.898,0.994,0.936,0.005,0.360,0.000,0.102
828,614,599,0.028,0.616,0.913,1.000,0.940,0.001,0.383,0.014,0.073,814.000,614.000,0.028,0.619,0.916,1.000,0.942,0.002,0.379,0.008,0.076,820.000,614.000,0.024,0.608,0.911,1.000,0.943,0.000,0.392,0.010,0.079,827.000,823.000,0.029,0.641,0.888,0.981,0.929,0.000,0.359,0.009,0.103
829,614,599,0.028,0.616,0.913,1.000,0.940,0.001,0.383,0.014,0.073,814.000,614.000,0.028,0.619,0.916,1.000,0.942,0.002,0.379,0.008,0.076,,,,,,,,,,,,,,,,,,,,,,
830,614,599,0.028,0.616,0.913,1.000,0.940,0.001,0.383,0.014,0.073,814.000,614.000,0.028,0.619,0.916,1.000,0.942,0.002,0.379,0.008,0.076,831.000,614.000,0.030,0.616,0.912,0.985,0.933,0.007,0.377,0.020,0.068,,,,,,,,,,,
831,614,599,0.028,0.616,0.913,1.000,0.940,0.001,0.383,0.014,0.073,814.000,614.000,0.028,0.619,0.916,1.000,0.942,0.002,0.379,0.008,0.076,831.000,614.000,0.030,0.616,0.912,0.985,0.933,0.007,0.377,0.020,0.068,832.000,814.000,0.022,0.615,0.908,0.989,0.930,0.000,0.385,0.010,0.082
832,614,599,0.028,0.616,0.913,1.000,0.940,0.001,0.383,0.014,0.073,814.000,614.000,0.028,0.619,0.916,1.000,0.942,0.002,0.379,0.008,0.076,831.000,614.000,0.030,0.616,0.912,0.985,0.933,0.007,0.377,0.020,0.068,832.000,814.000,0.022,0.615,0.908,0.989,0.930,0.000,0.385,0.010,0.082
833,614,599,0.028,0.616,0.913,1.000,0.940,0.001,0.383,0.014,0.073,814.000,614.000,0.028,0.619,0.916,1.000,0.942,0.002,0.379,0.008,0.076,832.000,814.000,0.022,0.615,0.908,0.989,0.930,0.000,0.385,0.010,0.082,833.000,814.000,0.020,0.613,0.934,0.988,0.947,0.009,0.378,0.000,0.066
834,614,599,0.028,0.616,0.913,1.000,0.940,0.001,0.383,0.014,0.073,814.000,614.000,0.028,0.619,0.916,1.000,0.942,0.002,0.379,0.008,0.076,,,,,,,,,,,,,,,,,,,,,,
835,614,599,0.028,0.616,0.913,1.000,0.940,0.001,0.383,0.014,0.073,814.000,614.000,0.028,0.619,0.916,1.000,0.942,0.002,0.379,0.008,0.076,836.000,614.000,0.025,0.608,0.930,0.985,0.948,0.009,0.383,0.017,0.054,,,,,,,,,,,
836,614,599,0.028,0.616,0.913,1.000,0.940,0.001,0.383,0.014,0.073,814.000,614.000,0.028,0.619,0.916,1.000,0.942,0.002,0.379,0.008,0.076,836.000,614.000,0.025,0.608,0.930,0.985,0.948,0.009,0.383,0.017,0.054,837.000,836.000,0.027,0.623,0.954,0.989,0.948,0.016,0.361,0.005,0.041
837,614,599,0.028,0.616,0.913,1.000,0.940,0.001,0.383,0.014,0.073,814.000,614.000,0.028,0.619,0.916,1.000,0.942,0.002,0.379,0.008,0.076,836.000,614.000,0.025,0.608,0.930,0.985,0.948,0.009,0.383,0.017,0.054,837.000,836.000,0.027,0.623,0.954,0.989,0.948,0.016,0.361,0.005,0.041
838,614,599,0.028,0.616,0.913,1.000,0.940,0.001,0.383,0.014,0.073,814.000,614.000,0.028,0.619,0.916,1.000,0.942,0.002,0.379,0.008,0.076,839.000,614.000,0.034,0.615,0.907,0.997,0.920,0.000,0.385,0.010,0.083,,,,,,,,,,,
839,614,599,0.028,0.616,0.913,1.000,0.940,0.001,0.383,0.014,0.073,814.000,614.000,0.028,0.619,0.916,1.000,0.942,0.002,0.379,0.008,0.076,840.000,814.000,0.036,0.619,0.894,0.999,0.933,0.000,0.381,0.016,0.090,,,,,,,,,,,
840,614,599,0.028,0.616,0.913,1.000,0.940,0.001,0.383,0.014,0.073,814.000,614.000,0.028,0.619,0.916,1.000,0.942,0.002,0.379,0.008,0.076,840.000,814.000,0.036,0.619,0.894,0.999,0.933,0.000,0.381,0.016,0.090,841.000,840.000,0.035,0.625,0.900,0.998,0.920,0.001,0.374,0.021,0.079
841,614,599,0.028,0.616,0.913,1.000,0.940,0.001,0.383,0.014,0.073,814.000,614.000,0.028,0.619,0.916,1.000,0.942,0.002,0.379,0.008,0.076,840.000,814.000,0.036,0.619,0.894,0.999,0.933,0.000,0.381,0.016,0.090,841.000,840.000,0.035,0.625,0.900,0.998,0.920,0.001,0.374,0.021,0.079
842,614,599,0.028,0.616,0.913,1.000,0.940,0.001,0.383,0.014,0.073,814.000,614.000,0.028,0.619,0.916,1.000,0.942,0.002,0.379,0.008,0.076,841.000,840.000,0.035,0.625,0.900,0.998,0.920,0.001,0.374,0.021,0.079,,,,,,,,,,,
843,614,599,0.028,0.616,0.913,1.000,0.940,0.001,0.383,0.014,0.073,814.000,614.000,0.028,0.619,0.916,1.000,0.942,0.002,0.379,0.008,0.076,841.000,840.000,0.035,0.625,0.900,0.998,0.920,0.001,0.374,0.021,0.079,844.000,614.000,0.032,0.625,0.907,1.000,0.935,0.000,0.375,0.008,0.086
844,614,599,0.028,0.616,0.913,1.000,0.940,0.001,0.383,0.014,0.073,814.000,614.000,0.028,0.619,0.916,1.000,0.942,0.002,0.379,0.008,0.076,844.000,614.000,0.032,0.625,0.907,1.000,0.935,0.000,0.375,0.008,0.086,845.000,614.000,0.025,0.628,0.906,1.000,0.940,0.000,0.372,0.021,0.073
845,614,599,0.028,0.616,0.913,1.000,0.940,0.001,0.383,0.014,0.073,814.000,614.000,0.028,0.619,0.916,1.000,0.942,0.002,0.379,0.008,0.076,844.000,614.000,0.032,0.625,0.907,1.000,0.935,0.000,0.375,0.008,0.086,,,,,,,,,,,
846,614,599,0.028,0.616,0.913,1.000,0.940,0.001,0.383,0.014,0.073,844.000,614.000,0.032,0.625,0.907,1.000,0.935,0.000,0.375,0.008,0.086,,,,,,,,,,,,,,,,,,,,,,
847,614,599,0.028,0.616,0.913,1.000,0.940,0.001,0.383,0.014,0.073,844.000,614.000,0.032,0.625,0.907,1.000,0.935,0.000,0.375,0.008,0.086,848.000,614.000,0.031,0.614,0.925,0.984,0.932,0.002,0.384,0.023,0.052,,,,,,,,,,,
848,614,599,0.028,0.616,0.913,1.000,0.940,0.001,0.383,0.014,0.073,844.000,614.000,0.032,0.625,0.907,1.000,0.935,0.000,0.375,0.008,0.086,848.000,614.000,0.031,0.614,0.925,0.984,0.932,0.002,0.384,0.023,0.052,849.000,848.000,0.038,0.613,0.914,0.977,0.930,0.000,0.387,0.034,0.053
849,614,599,0.028,0.616,0.913,1.000,0.940,0.001,0.383,0.014,0.073,844.000,614.000,0.032,0.625,0.907,1.000,0.935,0.000,0.375,0.008,0.086,850.000,614.000,0.025,0.624,0.903,1.000,0.942,0.000,0.376,0.022,0.075,,,,,,,,,,,
850,614,599,0.028,0.616,0.913,1.000,0.940,0.001,0.383,0.014,0.073,844.000,614.000,0.032,0.625,0.907,1.000,0.935,0.000,0.375,0.008,0.086,850.000,614.000,0.025,0.624,0.903,1.000,0.942,0.000,0.376,0.022,0.075,851.000,844.000,0.031,0.616,0.900,1.000,0.934,0.014,0.370,0.006,0.095
851,614,599,0.028,0.616,0.913,1.000,0.940,0.001,0.383,0.014,0.073,844.000,614.000,0.032,0.625,0.907,1.000,0.935,0.000,0.375,0.008,0.086,850.000,614.000,0.025,0.624,0.903,1.000,0.942,0.000,0.376,0.022,0.075,851.000,844.000,0.031,0.616,0.900,1.000,0.934,0.014,0.370,0.006,0.095
852,614,599,0.028,0.616,0.913,1.000,0.940,0.001,0.383,0.014,0.073,844.000,614.000,0.032,0.625,0.907,1.000,0.935,0.000,0.375,0.008,0.086,850.000,614.000,0.025,0.624,0.903,1.000,0.942,0.000,0.376,0.022,0.075,851.000,844.000,0.031,0.616,0.900,1.000,0.934,0.014,0.370,0.006,0.095
853,614,599,0.028,0.616,0.913,1.000,0.940,0.001,0.383,0.014,0.073,844.000,614.000,0.032,0.625,0.907,1.000,0.935,0.000,0.375,0.008,0.086,850.000,614.000,0.025,0.624,0.903,1.000,0.942,0.000,0.376,0.022,0.075,851.000,844.000,0.031,0.616,0.900,1.000,0.934,0.014,0.370,0.006,0.095
854,614,599,0.028,0.616,0.913,1.000,0.940,0.001,0.383,0.014,0.073,844.000,614.000,0.032,0.625,0.907,1.000,0.935,0.000,0.375,0.008,0.086,850.000,614.000,0.025,0.624,0.903,1.000,0.942,0.000,0.376,0.022,0.075,854.000,852.000,0.036,0.624,0.890,0.984,0.926,0.000,0.376,0.017,0.093
855,614,599,0.028,0.616,0.913,1.000,0.940,0.001,0.383,0.014,0.073,844.000,614.000,0.032,0.625,0.907,1.000,0.935,0.000,0.375,0.008,0.086,850.000,614.000,0.025,0.624,0.903,1.000,0.942,0.000,0.376,0.022,0.075,854.000,852.000,0.036,0.624,0.890,0.984,0.926,0.000,0.376,0.017,0.093
856,614,599,0.028,0.616,0.913,1.000,0.940,0.001,0.383,0.014,0.073,844.000,614.000,0.032,0.625,0.907,1.000,0.935,0.000,0.375,0.008,0.086,850.000,614.000,0.025,0.624,0.903,1.000,0.942,0.000,0.376,0.022,0.075,854.000,852.000,0.036,0.624,0.890,0.984,0.926,0.000,0.376,0.017,0.093
857,614,599,0.028,0.616,0.913,1.000,0.940,0.001,0.383,0.014,0.073,844.000,614.000,0.032,0.625,0.907,1.000,0.935,0.000,0.375,0.008,0.086,850.000,614.000,0.025,0.624,0.903,1.000,0.942,0.000,0.376,0.022,0.075,856.000,614.000,0.023,0.607,0.919,0.986,0.938,0.005,0.388,0.009,0.072
858,614,599,0.028,0.616,0.913,1.000,0.940,0.001,0.383,0.014,0.073,844.000,614.000,0.032,0.625,0.907,1.000,0.935,0.000,0.375,0.008,0.086,859.000,850.000,0.029,0.639,0.894,1.000,0.965,0.000,0.361,0.016,0.090,,,,,,,,,,,
859,614,599,0.028,0.616,0.913,1.000,0.940,0.001,0.383,0.014,0.073,844.000,614.000,0.032,0.625,0.907,1.000,0.935,0.000,0.375,0.008,0.086,859.000,850.000,0.029,0.639,0.894,1.000,0.965,0.000,0.361,0.016,0.090,860.000,844.000,0.042,0.632,0.895,0.993,0.942,0.000,0.368,0.020,0.084
860,844,614,0.032,0.625,0.907,1.000,0.935,0.000,0.375,0.008,0.086,860.000,844.000,0.042,0.632,0.895,0.993,0.942,0.000,0.368,0.020,0.084,861.000,614.000,0.025,0.627,0.925,1.000,0.935,0.003,0.369,0.008,0.067,,,,,,,,,,,
861,844,614,0.032,0.625,0.907,1.000,0.935,0.000,0.375,0.008,0.086,860.000,844.000,0.042,0.632,0.895,0.993,0.942,0.000,0.368,0.020,0.084,861.000,614.000,0.025,0.627,0.925,1.000,0.935,0.003,0.369,0.008,0.067,862.000,860.000,0.039,0.625,0.888,0.999,0.935,0.016,0.359,0.029,0.083
862,844,614,0.032,0.625,0.907,1.000,0.935,0.000,0.375,0.008,0.086,860.000,844.000,0.042,0.632,0.895,0.993,0.942,0.000,0.368,0.020,0.084,861.000,614.000,0.025,0.627,0.925,1.000,0.935,0.003,0.369,0.008,0.067,862.000,860.000,0.039,0.625,0.888,0.999,0.935,0.016,0.359,0.029,0.083
863,844,614,0.032,0.625,0.907,1.000,0.935,0.000,0.375,0.008,0.086,860.000,844.000,0.042,0.632,0.895,0.993,0.942,0.000,0.368,0.020,0.084,861.000,614.000,0.025,0.627,0.925,1.000,0.935,0.003,0.369,0.008,0.067,862.000,860.000,0.039,0.625,0.888,0.999,0.935,0.016,0.359,0.029,0.083
864,844,614,0.032,0.625,0.907,1.000,0.935,0.000,0.375,0.008,0.086,861.000,614.000,0.025,0.627,0.925,1.000,0.935,0.003,0.369,0.008,0.067,863.000,861.000,0.026,0.621,0.919,0.998,0.936,0.003,0.377,0.008,0.072,865.000,861.000,0.028,0.623,0.937,1.000,0.948,0.009,0.368,0.001,0.062
865,844,614,0.032,0.625,0.907,1.000,0.935,0.000,0.375,0.008,0.086,861.000,614.000,0.025,0.627,0.925,1.000,0.935,0.003,0.369,0.008,0.067,863.000,861.000,0.026,0.621,0.919,0.998,0.936,0.003,0.377,0.008,0.072,865.000,861.000,0.028,0.623,0.937,1.000,0.948,0.009,0.368,0.001,0.062
866,844,614,0.032,0.625,0.907,1.000,0.935,0.000,0.375,0.008,0.086,861.000,614.000,0.025,0.627,0.925,1.000,0.935,0.003,0.369,0.008,0.067,863.000,861.000,0.026,0.621,0.919,0.998,0.936,0.003,0.377,0.008,0.072,865.000,861.000,0.028,0.623,0.937,1.000,0.948,0.009,0.368,0.001,0.062
867,844,614,0.032,0.625,0.907,1.000,0.935,0.000,0.375,0.008,0.086,861.000,614.000,0.025,0.627,0.925,1.000,0.935,0.003,0.369,0.008,0.067,863.000,861.000,0.026,0.621,0.919,0.998,0.936,0.003,0.377,0.008,0.072,866.000,844.000,0.040,0.635,0.915,1.000,0.932,0.000,0.365,0.007,0.078
868,844,614,0.032,0.625,0.907,1.000,0.935,0.000,0.375,0.008,0.086,861.000,614.000,0.025,0.627,0.925,1.000,0.935,0.003,0.369,0.008,0.067,863.000,861.000,0.026,0.621,0.919,0.998,0.936,0.003,0.377,0.008,0.072,866.000,844.000,0.040,0.635,0.915,1.000,0.932,0.000,0.365,0.007,0.078
869,844,614,0.032,0.625,0.907,1.000,0.935,0.000,0.375,0.008,0.086,861.000,614.000,0.025,0.627,0.925,1.000,0.935,0.003,0.369,0.008,0.067,863.000,861.000,0.026,0.621,0.919,0.998,0.936,0.003,0.377,0.008,0.072,866.000,844.000,0.040,0.635,0.915,1.000,0.932,0.000,0.365,0.007,0.078
870,844,614,0.032,0.625,0.907,1.000,0.935,0.000,0.375,0.008,0.086,861.000,614.000,0.025,0.627,0.925,1.000,0.935,0.003,0.369,0.008,0.067,863.000,861.000,0.026,0.621,0.919,0.998,0.936,0.003,0.377,0.008,0.072,866.000,844.000,0.040,0.635,0.915,1.000,0.932,0.000,0.365,0.007,0.078
871,844,614,0.032,0.625,0.907,1.000,0.935,0.000,0.375,0.008,0.086,861.000,614.000,0.025,0.627,0.925,1.000,0.935,0.003,0.369,0.008,0.067,863.000,861.000,0.026,0.621,0.919,0.998,0.936,0.003,0.377,0.008,0.072,866.000,844.000,0.040,0.635,0.915,1.000,0.932,0.000,0.365,0.007,0.078
872,844,614,0.032,0.625,0.907,1.000,0.935,0.000,0.375,0.008,0.086,861.000,614.000,0.025,0.627,0.925,1.000,0.935,0.003,0.369,0.008,0.067,863.000,861.000,0.026,0.621,0.919,0.998,0.936,0.003,0.377,0.008,0.072,872.000,844.000,0.033,0.634,0.897,1.000,0.930,0.000,0.366,0.019,0.084
873,844,614,0.032,0.625,0.907,1.000,0.935,0.000,0.375,0.008,0.086,861.000,614.000,0.025,0.627,0.925,1.000,0.935,0.003,0.369,0.008,0.067,863.000,861.000,0.026,0.621,0.919,0.998,0.936,0.003,0.377,0.008,0.072,,,,,,,,,,,
874,844,614,0.032,0.625,0.907,1.000,0.935,0.000,0.375,0.008,0.086,863.000,861.000,0.026,0.621,0.919,0.998,0.936,0.003,0.377,0.008,0.072,875.000,844.000,0.026,0.631,0.907,1.000,0.942,0.002,0.367,0.001,0.092,,,,,,,,,,,
875,844,614,0.032,0.625,0.907,1.000,0.935,0.000,0.375,0.008,0.086,875.000,844.000,0.026,0.631,0.907,1.000,0.942,0.002,0.367,0.001,0.092,,,,,,,,,,,,,,,,,,,,,,
876,844,614,0.032,0.625,0.907,1.000,0.935,0.000,0.375,0.008,0.086,875.000,844.000,0.026,0.631,0.907,1.000,0.942,0.002,0.367,0.001,0.092,,,,,,,,,,,,,,,,,,,,,,
877,844,614,0.032,0.625,0.907,1.000,0.935,0.000,0.375,0.008,0.086,875.000,844.000,0.026,0.631,0.907,1.000,0.942,0.002,0.367,0.001,0.092,,,,,,,,,,,,,,,,,,,,,,
878,844,614,0.032,0.625,0.907,1.000,0.935,0.000,0.375,0.008,0.086,875.000,844.000,0.026,0.631,0.907,1.000,0.942,0.002,0.367,0.001,0.092,879.000,875.000,0.024,0.624,0.893,1.000,0.928,0.018,0.358,0.011,0.096,,,,,,,,,,,
879,844,614,0.032,0.625,0.907,1.000,0.935,0.000,0.375,0.008,0.086,875.000,844.000,0.026,0.631,0.907,1.000,0.942,0.002,0.367,0.001,0.092,879.000,875.000,0.024,0.624,0.893,1.000,0.928,0.018,0.358,0.011,0.096,880.000,879.000,0.016,0.628,0.898,0.978,0.928,0.027,0.345,0.009,0.093
880,844,614,0.032,0.625,0.907,1.000,0.935,0.000,0.375,0.008,0.086,875.000,844.000,0.026,0.631,0.907,1.000,0.942,0.002,0.367,0.001,0.092,879.000,875.000,0.024,0.624,0.893,1.000,0.928,0.018,0.358,0.011,0.096,880.000,879.000,0.016,0.628,0.898,0.978,0.928,0.027,0.345,0.009,0.093
881,844,614,0.032,0.625,0.907,1.000,0.935,0.000,0.375,0.008,0.086,875.000,844.000,0.026,0.631,0.907,1.000,0.942,0.002,0.367,0.001,0.092,879.000,875.000,0.024,0.624,0.893,1.000,0.928,0.018,0.358,0.011,0.096,880.000,879.000,0.016,0.628,0.898,0.978,0.928,0.027,0.345,0.009,0.093
882,844,614,0.032,0.625,0.907,1.000,0.935,0.000,0.375,0.008,0.086,875.000,844.000,0.026,0.631,0.907,1.000,0.942,0.002,0.367,0.001,0.092,,,,,,,,,,,,,,,,,,,,,,
883,844,614,0.032,0.625,0.907,1.000,0.935,0.000,0.375,0.008,0.086,875.000,844.000,0.026,0.631,0.907,1.000,0.942,0.002,0.367,0.001,0.092,,,,,,,,,,,,,,,,,,,,,,
884,844,614,0.032,0.625,0.907,1.000,0.935,0.000,0.375,0.008,0.086,875.000,844.000,0.026,0.631,0.907,1.000,0.942,0.002,0.367,0.001,0.092,885.000,844.000,0.029,0.634,0.914,0.998,0.942,0.001,0.365,0.000,0.086,,,,,,,,,,,
885,844,614,0.032,0.625,0.907,1.000,0.935,0.000,0.375,0.008,0.086,875.000,844.000,0.026,0.631,0.907,1.000,0.942,0.002,0.367,0.001,0.092,885.000,844.000,0.029,0.634,0.914,0.998,0.942,0.001,0.365,0.000,0.086,886.000,875.000,0.026,0.636,0.908,1.000,0.947,0.003,0.361,0.016,0.077
886,844,614,0.032,0.625,0.907,1.000,0.935,0.000,0.375,0.008,0.086,875.000,844.000,0.026,0.631,0.907,1.000,0.942,0.002,0.367,0.001,0.092,885.000,844.000,0.029,0.634,0.914,0.998,0.942,0.001,0.365,0.000,0.086,886.000,875.000,0.026,0.636,0.908,1.000,0.947,0.003,0.361,0.016,0.077
887,844,614,0.032,0.625,0.907,1.000,0.935,0.000,0.375,0.008,0.086,875.000,844.000,0.026,0.631,0.907,1.000,0.942,0.002,0.367,0.001,0.092,885.000,844.000,0.029,0.634,0.914,0.998,0.942,0.001,0.365,0.000,0.086,886.000,875.000,0.026,0.636,0.908,1.000,0.947,0.003,0.361,0.016,0.077
888,844,614,0.032,0.625,0.907,1.000,0.935,0.000,0.375,0.008,0.086,875.000,844.000,0.026,0.631,0.907,1.000,0.942,0.002,0.367,0.001,0.092,885.000,844.000,0.029,0.634,0.914,0.998,0.942,0.001,0.365,0.000,0.086,886.000,875.000,0.026,0.636,0.908,1.000,0.947,0.003,0.361,0.016,0.077
889,844,614,0.032,0.625,0.907,1.000,0.935,0.000,0.375,0.008,0.086,875.000,844.000,0.026,0.631,0.907,1.000,0.942,0.002,0.367,0.001,0.092,885.000,844.000,0.029,0.634,0.914,0.998,0.942,0.001,0.365,0.000,0.086,886.000,875.000,0.026,0.636,0.908,1.000,0.947,0.003,0.361,0.016,0.077
890,844,614,0.032,0.625,0.907,1.000,0.935,0.000,0.375,0.008,0.086,875.000,844.000,0.026,0.631,0.907,1.000,0.942,0.002,0.367,0.001,0.092,885.000,844.000,0.029,0.634,0.914,0.998,0.942,0.001,0.365,0.000,0.086,886.000,875.000,0.026,0.636,0.908,1.000,0.947,0.003,0.361,0.016,0.077
891,844,614,0.032,0.625,0.907,1.000,0.935,0.000,0.375,0.008,0.086,875.000,844.000,0.026,0.631,0.907,1.000,0.942,0.002,0.367,0.001,0.092,885.000,844.000,0.029,0.634,0.914,0.998,0.942,0.001,0.365,0.000,0.086,886.000,875.000,0.026,0.636,0.908,1.000,0.947,0.003,0.361,0.016,0.077
892,844,614,0.032,0.625,0.907,1.000,0.935,0.000,0.375,0.008,0.086,875.000,844.000,0.026,0.631,0.907,1.000,0.942,0.002,0.367,0.001,0.092,885.000,844.000,0.029,0.634,0.914,0.998,0.942,0.001,0.365,0.000,0.086,886.000,875.000,0.026,0.636,0.908,1.000,0.947,0.003,0.361,0.016,0.077
893,844,614,0.032,0.625,0.907,1.000,0.935,0.000,0.375,0.008,0.086,875.000,844.000,0.026,0.631,0.907,1.000,0.942,0.002,0.367,0.001,0.092,885.000,844.000,0.029,0.634,0.914,0.998,0.942,0.001,0.365,0.000,0.086,886.000,875.000,0.026,0.636,0.908,1.000,0.947,0.003,0.361,0.016,0.077
894,844,614,0.032,0.625,0.907,1.000,0.935,0.000,0.375,0.008,0.086,875.000,844.000,0.026,0.631,0.907,1.000,0.942,0.002,0.367,0.001,0.092,885.000,844.000,0.029,0.634,0.914,0.998,0.942,0.001,0.365,0.000,0.086,886.000,875.000,0.026,0.636,0.908,1.000,0.947,0.003,0.361,0.016,0.077
895,844,614,0.032,0.625,0.907,1.000,0.935,0.000,0.375,0.008,0.086,885.000,844.000,0.029,0.634,0.914,0.998,0.942,0.001,0.365,0.000,0.086,886.000,875.000,0.026,0.636,0.908,1.000,0.947,0.003,0.361,0.016,0.077,890.000,886.000,0.027,0.644,0.892,1.000,0.953,0.000,0.356,0.020,0.088
896,844,614,0.032,0.625,0.907,1.000,0.935,0.000,0.375,0.008,0.086,885.000,844.000,0.029,0.634,0.914,0.998,0.942,0.001,0.365,0.000,0.086,886.000,875.000,0.026,0.636,0.908,1.000,0.947,0.003,0.361,0.016,0.077,890.000,886.000,0.027,0.644,0.892,1.000,0.953,0.000,0.356,0.020,0.088
897,844,614,0.032,0.625,0.907,1.000,0.935,0.000,0.375,0.008,0.086,885.000,844.000,0.029,0.634,0.914,0.998,0.942,0.001,0.365,0.000,0.086,886.000,875.000,0.026,0.636,0.908,1.000,0.947,0.003,0.361,0.016,0.077,890.000,886.000,0.027,0.644,0.892,1.000,0.953,0.000,0.356,0.020,0.088
898,844,614,0.032,0.625,0.907,1.000,0.935,0.000,0.375,0.008,0.086,885.000,844.000,0.029,0.634,0.914,0.998,0.942,0.001,0.365,0.000,0.086,886.000,875.000,0.026,0.636,0.908,1.000,0.947,0.003,0.361,0.016,0.077,890.000,886.000,0.027,0.644,0.892,1.000,0.953,0.000,0.356,0.020,0.088
899,844,614,0.032,0.625,0.907,1.000,0.935,0.000,0.375,0.008,0.086,885.000,844.000,0.029,0.634,0.914,0.998,0.942,0.001,0.365,0.000,0.086,886.000,875.000,0.026,0.636,0.908,1.000,0.947,0.003,0.361,0.016,0.077,890.000,886.000,0.027,0.644,0.892,1.000,0.953,0.000,0.356,0.020,0.088
900,844,614,0.032,0.625,0.907,1.000,0.935,0.000,0.375,0.008,0.086,885.000,844.000,0.029,0.634,0.914,0.998,0.942,0.001,0.365,0.000,0.086,886.000,875.000,0.026,0.636,0.908,1.000,0.947,0.003,0.361,0.016,0.077,890.000,886.000,0.027,0.644,0.892,1.000,0.953,0.000,0.356,0.020,0.088
901,844,614,0.032,0.625,0.907,1.000,0.935,0.000,0.375,0.008,0.086,885.000,844.000,0.029,0.634,0.914,0.998,0.942,0.001,0.365,0.000,0.086,886.000,875.000,0.026,0.636,0.908,1.000,0.947,0.003,0.361,0.016,0.077,890.000,886.000,0.027,0.644,0.892,1.000,0.953,0.000,0.356,0.020,0.088
902,844,614,0.032,0.625,0.907,1.000,0.935,0.000,0.375,0.008,0.086,885.000,844.000,0.029,0.634,0.914,0.998,0.942,0.001,0.365,0.000,0.086,886.000,875.000,0.026,0.636,0.908,1.000,0.947,0.003,0.361,0.016,0.077,890.000,886.000,0.027,0.644,0.892,1.000,0.953,0.000,0.356,0.020,0.088
903,844,614,0.032,0.625,0.907,1.000,0.935,0.000,0.375,0.008,0.086,885.000,844.000,0.029,0.634,0.914,0.998,0.942,0.001,0.365,0.000,0.086,886.000,875.000,0.026,0.636,0.908,1.000,0.947,0.003,0.361,0.016,0.077,890.000,886.000,0.027,0.644,0.892,1.000,0.953,0.000,0.356,0.020,0.088
904,844,614,0.032,0.625,0.907,1.000,0.935,0.000,0.375,0.008,0.086,885.000,844.000,0.029,0.634,0.914,0.998,0.942,0.001,0.365,0.000,0.086,886.000,875.000,0.026,0.636,0.908,1.000,0.947,0.003,0.361,0.016,0.077,890.000,886.000,0.027,0.644,0.892,1.000,0.953,0.000,0.356,0.020,0.088
905,844,614,0.032,0.625,0.907,1.000,0.935,0.000,0.375,0.008,0.086,885.000,844.000,0.029,0.634,0.914,0.998,0.942,0.001,0.365,0.000,0.086,886.000,875.000,0.026,0.636,0.908,1.000,0.947,0.003,0.361,0.016,0.077,890.000,886.000,0.027,0.644,0.892,1.000,0.953,0.000,0.356,0.020,0.088
906,844,614,0.032,0.625,0.907,1.000,0.935,0.000,0.375,0.008,0.086,885.000,844.000,0.029,0.634,0.914,0.998,0.942,0.001,0.365,0.000,0.086,886.000,875.000,0.026,0.636,0.908,1.000,0.947,0.003,0.361,0.016,0.077,890.000,886.000,0.027,0.644,0.892,1.000,0.953,0.000,0.356,0.020,0.088
907,844,614,0.032,0.625,0.907,1.000,0.935,0.000,0.375,0.008,0.086,885.000,844.000,0.029,0.634,0.914,0.998,0.942,0.001,0.365,0.000,0.086,886.000,875.000,0.026,0.636,0.908,1.000,0.947,0.003,0.361,0.016,0.077,890.000,886.000,0.027,0.644,0.892,1.000,0.953,0.000,0.356,0.020,0.088
908,844,614,0.032,0.625,0.907,1.000,0.935,0.000,0.375,0.008,0.086,885.000,844.000,0.029,0.634,0.914,0.998,0.942,0.001,0.365,0.000,0.086,890.000,886.000,0.027,0.644,0.892,1.000,0.953,0.000,0.356,0.020,0.088,909.000,886.000,0.025,0.628,0.906,1.000,0.944,0.000,0.372,0.024,0.070
909,844,614,0.032,0.625,0.907,1.000,0.935,0.000,0.375,0.008,0.086,885.000,844.000,0.029,0.634,0.914,0.998,0.942,0.001,0.365,0.000,0.086,890.000,886.000,0.027,0.644,0.892,1.000,0.953,0.000,0.356,0.020,0.088,909.000,886.000,0.025,0.628,0.906,1.000,0.944,0.000,0.372,0.024,0.070
910,844,614,0.032,0.625,0.907,1.000,0.935,0.000,0.375,0.008,0.086,885.000,844.000,0.029,0.634,0.914,0.998,0.942,0.001,0.365,0.000,0.086,890.000,886.000,0.027,0.644,0.892,1.000,0.953,0.000,0.356,0.020,0.088,909.000,886.000,0.025,0.628,0.906,1.000,0.944,0.000,0.372,0.024,0.070
911,844,614,0.032,0.625,0.907,1.000,0.935,0.000,0.375,0.008,0.086,885.000,844.000,0.029,0.634,0.914,0.998,0.942,0.001,0.365,0.000,0.086,890.000,886.000,0.027,0.644,0.892,1.000,0.953,0.000,0.356,0.020,0.088,909.000,886.000,0.025,0.628,0.906,1.000,0.944,0.000,0.372,0.024,0.070
912,844,614,0.032,0.625,0.907,1.000,0.935,0.000,0.375,0.008,0.086,885.000,844.000,0.029,0.634,0.914,0.998,0.942,0.001,0.365,0.000,0.086,890.000,886.000,0.027,0.644,0.892,1.000,0.953,0.000,0.356,0.020,0.088,909.000,886.000,0.025,0.628,0.906,1.000,0.944,0.000,0.372,0.024,0.070
913,844,614,0.032,0.625,0.907,1.000,0.935,0.000,0.375,0.008,0.086,885.000,844.000,0.029,0.634,0.914,0.998,0.942,0.001,0.365,0.000,0.086,890.000,886.000,0.027,0.644,0.892,1.000,0.953,0.000,0.356,0.020,0.088,909.000,886.000,0.025,0.628,0.906,1.000,0.944,0.000,0.372,0.024,0.070
914,844,614,0.032,0.625,0.907,1.000,0.935,0.000,0.375,0.008,0.086,885.000,844.000,0.029,0.634,0.914,0.998,0.942,0.001,0.365,0.000,0.086,890.000,886.000,0.027,0.644,0.892,1.000,0.953,0.000,0.356,0.020,0.088,909.000,886.000,0.025,0.628,0.906,1.000,0.944,0.000,0.372,0.024,0.070
915,844,614,0.032,0.625,0.907,1.000,0.935,0.000,0.375,0.008,0.086,885.000,844.000,0.029,0.634,0.914,0.998,0.942,0.001,0.365,0.000,0.086,890.000,886.000,0.027,0.644,0.892,1.000,0.953,0.000,0.356,0.020,0.088,909.000,886.000,0.025,0.628,0.906,1.000,0.944,0.000,0.372,0.024,0.070
916,844,614,0.032,0.625,0.907,1.000,0.935,0.000,0.375,0.008,0.086,885.000,844.000,0.029,0.634,0.914,0.998,0.942,0.001,0.365,0.000,0.086,890.000,886.000,0.027,0.644,0.892,1.000,0.953,0.000,0.356,0.020,0.088,909.000,886.000,0.025,0.628,0.906,1.000,0.944,0.000,0.372,0.024,0.070
917,844,614,0.032,0.625,0.907,1.000,0.935,0.000,0.375,0.008,0.086,885.000,844.000,0.029,0.634,0.914,0.998,0.942,0.001,0.365,0.000,0.086,890.000,886.000,0.027,0.644,0.892,1.000,0.953,0.000,0.356,0.020,0.088,909.000,886.000,0.025,0.628,0.906,1.000,0.944,0.000,0.372,0.024,0.070
918,844,614,0.032,0.625,0.907,1.000,0.935,0.000,0.375,0.008,0.086,885.000,844.000,0.029,0.634,0.914,0.998,0.942,0.001,0.365,0.000,0.086,912.000,910.000,0.025,0.635,0.897,1.000,0.935,0.000,0.365,0.000,0.103,914.000,909.000,0.030,0.629,0.912,0.997,0.959,0.000,0.371,0.011,0.077
919,844,614,0.032,0.625,0.907,1.000,0.935,0.000,0.375,0.008,0.086,885.000,844.000,0.029,0.634,0.914,0.998,0.942,0.001,0.365,0.000,0.086,912.000,910.000,0.025,0.635,0.897,1.000,0.935,0.000,0.365,0.000,0.103,914.000,909.000,0.030,0.629,0.912,0.997,0.959,0.000,0.371,0.011,0.077
920,844,614,0.032,0.625,0.907,1.000,0.935,0.000,0.375,0.008,0.086,885.000,844.000,0.029,0.634,0.914,0.998,0.942,0.001,0.365,0.000,0.086,912.000,910.000,0.025,0.635,0.897,1.000,0.935,0.000,0.365,0.000,0.103,914.000,909.000,0.030,0.629,0.912,0.997,0.959,0.000,0.371,0.011,0.077
921,844,614,0.032,0.625,0.907,1.000,0.935,0.000,0.375,0.008,0.086,885.000,844.000,0.029,0.634,0.914,0.998,0.942,0.001,0.365,0.000,0.086,914.000,909.000,0.030,0.629,0.912,0.997,0.959,0.000,0.371,0.011,0.077,915.000,890.000,0.035,0.630,0.904,1.000,0.967,0.000,0.370,0.022,0.074
922,844,614,0.032,0.625,0.907,1.000,0.935,0.000,0.375,0.008,0.086,885.000,844.000,0.029,0.634,0.914,0.998,0.942,0.001,0.365,0.000,0.086,914.000,909.000,0.030,0.629,0.912,0.997,0.959,0.000,0.371,0.011,0.077,915.000,890.000,0.035,0.630,0.904,1.000,0.967,0.000,0.370,0.022,0.074
923,844,614,0.032,0.625,0.907,1.000,0.935,0.000,0.375,0.008,0.086,885.000,844.000,0.029,0.634,0.914,0.998,0.942,0.001,0.365,0.000,0.086,914.000,909.000,0.030,0.629,0.912,0.997,0.959,0.000,0.371,0.011,0.077,915.000,890.000,0.035,0.630,0.904,1.000,0.967,0.000,0.370,0.022,0.074
924,844,614,0.032,0.625,0.907,1.000,0.935,0.000,0.375,0.008,0.086,885.000,844.000,0.029,0.634,0.914,0.998,0.942,0.001,0.365,0.000,0.086,914.000,909.000,0.030,0.629,0.912,0.997,0.959,0.000,0.371,0.011,0.077,915.000,890.000,0.035,0.630,0.904,1.000,0.967,0.000,0.370,0.022,0.074
925,844,614,0.032,0.625,0.907,1.000,0.935,0.000,0.375,0.008,0.086,915.000,890.000,0.035,0.630,0.904,1.000,0.967,0.000,0.370,0.022,0.074,924.000,920.000,0.040,0.618,0.920,1.000,0.936,0.007,0.376,0.003,0.077,925.000,844.000,0.031,0.621,0.894,1.000,0.938,0.000,0.379,0.022,0.083
926,844,614,0.032,0.625,0.907,1.000,0.935,0.000,0.375,0.008,0.086,915.000,890.000,0.035,0.630,0.904,1.000,0.967,0.000,0.370,0.022,0.074,924.000,920.000,0.040,0.618,0.920,1.000,0.936,0.007,0.376,0.003,0.077,925.000,844.000,0.031,0.621,0.894,1.000,0.938,0.000,0.379,0.022,0.083
927,844,614,0.032,0.625,0.907,1.000,0.935,0.000,0.375,0.008,0.086,915.000,890.000,0.035,0.630,0.904,1.000,0.967,0.000,0.370,0.022,0.074,924.000,920.000,0.040,0.618,0.920,1.000,0.936,0.007,0.376,0.003,0.077,925.000,844.000,0.031,0.621,0.894,1.000,0.938,0.000,0.379,0.022,0.083
928,844,614,0.032,0.625,0.907,1.000,0.935,0.000,0.375,0.008,0.086,915.000,890.000,0.035,0.630,0.904,1.000,0.967,0.000,0.370,0.022,0.074,924.000,920.000,0.040,0.618,0.920,1.000,0.936,0.007,0.376,0.003,0.077,925.000,844.000,0.031,0.621,0.894,1.000,0.938,0.000,0.379,0.022,0.083
929,844,614,0.032,0.625,0.907,1.000,0.935,0.000,0.375,0.008,0.086,915.000,890.000,0.035,0.630,0.904,1.000,0.967,0.000,0.370,0.022,0.074,924.000,920.000,0.040,0.618,0.920,1.000,0.936,0.007,0.376,0.003,0.077,925.000,844.000,0.031,0.621,0.894,1.000,0.938,0.000,0.379,0.022,0.083
930,844,614,0.032,0.625,0.907,1.000,0.935,0.000,0.375,0.008,0.086,915.000,890.000,0.035,0.630,0.904,1.000,0.967,0.000,0.370,0.022,0.074,925.000,844.000,0.031,0.621,0.894,1.000,0.938,0.000,0.379,0.022,0.083,927.000,844.000,0.030,0.617,0.909,1.000,0.943,0.009,0.374,0.004,0.087
931,844,614,0.032,0.625,0.907,1.000,0.935,0.000,0.375,0.008,0.086,915.000,890.000,0.035,0.630,0.904,1.000,0.967,0.000,0.370,0.022,0.074,925.000,844.000,0.031,0.621,0.894,1.000,0.938,0.000,0.379,0.022,0.083,927.000,844.000,0.030,0.617,0.909,1.000,0.943,0.009,0.374,0.004,0.087
932,844,614,0.032,0.625,0.907,1.000,0.935,0.000,0.375,0.008,0.086,915.000,890.000,0.035,0.630,0.904,1.000,0.967,0.000,0.370,0.022,0.074,925.000,844.000,0.031,0.621,0.894,1.000,0.938,0.000,0.379,0.022,0.083,933.000,925.000,0.027,0.621,0.894,1.000,0.953,0.000,0.379,0.024,0.081
933,844,614,0.032,0.625,0.907,1.000,0.935,0.000,0.375,0.008,0.086,915.000,890.000,0.035,0.630,0.904,1.000,0.967,0.000,0.370,0.022,0.074,925.000,844.000,0.031,0.621,0.894,1.000,0.938,0.000,0.379,0.022,0.083,933.000,925.000,0.027,0.621,0.894,1.000,0.953,0.000,0.379,0.024,0.081
934,844,614,0.032,0.625,0.907,1.000,0.935,0.000,0.375,0.008,0.086,915.000,890.000,0.035,0.630,0.904,1.000,0.967,0.000,0.370,0.022,0.074,925.000,844.000,0.031,0.621,0.894,1.000,0.938,0.000,0.379,0.022,0.083,933.000,925.000,0.027,0.621,0.894,1.000,0.953,0.000,0.379,0.024,0.081
935,844,614,0.032,0.625,0.907,1.000,0.935,0.000,0.375,0.008,0.086,915.000,890.000,0.035,0.630,0.904,1.000,0.967,0.000,0.370,0.022,0.074,925.000,844.000,0.031,0.621,0.894,1.000,0.938,0.000,0.379,0.022,0.083,933.000,925.000,0.027,0.621,0.894,1.000,0.953,0.000,0.379,0.024,0.081
936,844,614,0.032,0.625,0.907,1.000,0.935,0.000,0.375,0.008,0.086,915.000,890.000,0.035,0.630,0.904,1.000,0.967,0.000,0.370,0.022,0.074,925.000,844.000,0.031,0.621,0.894,1.000,0.938,0.000,0.379,0.022,0.083,933.000,925.000,0.027,0.621,0.894,1.000,0.953,0.000,0.379,0.024,0.081
937,844,614,0.032,0.625,0.907,1.000,0.935,0.000,0.375,0.008,0.086,915.000,890.000,0.035,0.630,0.904,1.000,0.967,0.000,0.370,0.022,0.074,925.000,844.000,0.031,0.621,0.894,1.000,0.938,0.000,0.379,0.022,0.083,933.000,925.000,0.027,0.621,0.894,1.000,0.953,0.000,0.379,0.024,0.081
938,844,614,0.032,0.625,0.907,1.000,0.935,0.000,0.375,0.008,0.086,915.000,890.000,0.035,0.630,0.904,1.000,0.967,0.000,0.370,0.022,0.074,925.000,844.000,0.031,0.621,0.894,1.000,0.938,0.000,0.379,0.022,0.083,933.000,925.000,0.027,0.621,0.894,1.000,0.953,0.000,0.379,0.024,0.081
939,844,614,0.032,0.625,0.907,1.000,0.935,0.000,0.375,0.008,0.086,915.000,890.000,0.035,0.630,0.904,1.000,0.967,0.000,0.370,0.022,0.074,925.000,844.000,0.031,0.621,0.894,1.000,0.938,0.000,0.379,0.022,0.083,933.000,925.000,0.027,0.621,0.894,1.000,0.953,0.000,0.379,0.024,0.081
940,844,614,0.032,0.625,0.907,1.000,0.935,0.000,0.375,0.008,0.086,915.000,890.000,0.035,0.630,0.904,1.000,0.967,0.000,0.370,0.022,0.074,925.000,844.000,0.031,0.621,0.894,1.000,0.938,0.000,0.379,0.022,0.083,933.000,925.000,0.027,0.621,0.894,1.000,0.953,0.000,0.379,0.024,0.081
941,844,614,0.032,0.625,0.907,1.000,0.935,0.000,0.375,0.008,0.086,915.000,890.000,0.035,0.630,0.904,1.000,0.967,0.000,0.370,0.022,0.074,925.000,844.000,0.031,0.621,0.894,1.000,0.938,0.000,0.379,0.022,0.083,933.000,925.000,0.027,0.621,0.894,1.000,0.953,0.000,0.379,0.024,0.081
942,844,614,0.032,0.625,0.907,1.000,0.935,0.000,0.375,0.008,0.086,915.000,890.000,0.035,0.630,0.904,1.000,0.967,0.000,0.370,0.022,0.074,925.000,844.000,0.031,0.621,0.894,1.000,0.938,0.000,0.379,0.022,0.083,933.000,925.000,0.027,0.621,0.894,1.000,0.953,0.000,0.379,0.024,0.081
943,844,614,0.032,0.625,0.907,1.000,0.935,0.000,0.375,0.008,0.086,915.000,890.000,0.035,0.630,0.904,1.000,0.967,0.000,0.370,0.022,0.074,925.000,844.000,0.031,0.621,0.894,1.000,0.938,0.000,0.379,0.022,0.083,933.000,925.000,0.027,0.621,0.894,1.000,0.953,0.000,0.379,0.024,0.081
944,844,614,0.032,0.625,0.907,1.000,0.935,0.000,0.375,0.008,0.086,915.000,890.000,0.035,0.630,0.904,1.000,0.967,0.000,0.370,0.022,0.074,925.000,844.000,0.031,0.621,0.894,1.000,0.938,0.000,0.379,0.022,0.083,933.000,925.000,0.027,0.621,0.894,1.000,0.953,0.000,0.379,0.024,0.081
945,844,614,0.032,0.625,0.907,1.000,0.935,0.000,0.375,0.008,0.086,915.000,890.000,0.035,0.630,0.904,1.000,0.967,0.000,0.370,0.022,0.074,925.000,844.000,0.031,0.621,0.894,1.000,0.938,0.000,0.379,0.022,0.083,933.000,925.000,0.027,0.621,0.894,1.000,0.953,0.000,0.379,0.024,0.081
946,844,614,0.032,0.625,0.907,1.000,0.935,0.000,0.375,0.008,0.086,915.000,890.000,0.035,0.630,0.904,1.000,0.967,0.000,0.370,0.022,0.074,925.000,844.000,0.031,0.621,0.894,1.000,0.938,0.000,0.379,0.022,0.083,933.000,925.000,0.027,0.621,0.894,1.000,0.953,0.000,0.379,0.024,0.081
947,844,614,0.032,0.625,0.907,1.000,0.935,0.000,0.375,0.008,0.086,915.000,890.000,0.035,0.630,0.904,1.000,0.967,0.000,0.370,0.022,0.074,925.000,844.000,0.031,0.621,0.894,1.000,0.938,0.000,0.379,0.022,0.083,933.000,925.000,0.027,0.621,0.894,1.000,0.953,0.000,0.379,0.024,0.081
948,844,614,0.032,0.625,0.907,1.000,0.935,0.000,0.375,0.008,0.086,915.000,890.000,0.035,0.630,0.904,1.000,0.967,0.000,0.370,0.022,0.074,925.000,844.000,0.031,0.621,0.894,1.000,0.938,0.000,0.379,0.022,0.083,933.000,925.000,0.027,0.621,0.894,1.000,0.953,0.000,0.379,0.024,0.081
949,844,614,0.032,0.625,0.907,1.000,0.935,0.000,0.375,0.008,0.086,915.000,890.000,0.035,0.630,0.904,1.000,0.967,0.000,0.370,0.022,0.074,925.000,844.000,0.031,0.621,0.894,1.000,0.938,0.000,0.379,0.022,0.083,933.000,925.000,0.027,0.621,0.894,1.000,0.953,0.000,0.379,0.024,0.081
950,844,614,0.032,0.625,0.907,1.000,0.935,0.000,0.375,0.008,0.086,915.000,890.000,0.035,0.630,0.904,1.000,0.967,0.000,0.370,0.022,0.074,925.000,844.000,0.031,0.621,0.894,1.000,0.938,0.000,0.379,0.022,0.083,933.000,925.000,0.027,0.621,0.894,1.000,0.953,0.000,0.379,0.024,0.081
951,844,614,0.032,0.625,0.907,1.000,0.935,0.000,0.375,0.008,0.086,915.000,890.000,0.035,0.630,0.904,1.000,0.967,0.000,0.370,0.022,0.074,925.000,844.000,0.031,0.621,0.894,1.000,0.938,0.000,0.379,0.022,0.083,933.000,925.000,0.027,0.621,0.894,1.000,0.953,0.000,0.379,0.024,0.081
952,844,614,0.032,0.625,0.907,1.000,0.935,0.000,0.375,0.008,0.086,915.000,890.000,0.035,0.630,0.904,1.000,0.967,0.000,0.370,0.022,0.074,925.000,844.000,0.031,0.621,0.894,1.000,0.938,0.000,0.379,0.022,0.083,933.000,925.000,0.027,0.621,0.894,1.000,0.953,0.000,0.379,0.024,0.081
953,844,614,0.032,0.625,0.907,1.000,0.935,0.000,0.375,0.008,0.086,915.000,890.000,0.035,0.630,0.904,1.000,0.967,0.000,0.370,0.022,0.074,925.000,844.000,0.031,0.621,0.894,1.000,0.938,0.000,0.379,0.022,0.083,933.000,925.000,0.027,0.621,0.894,1.000,0.953,0.000,0.379,0.024,0.081
954,844,614,0.032,0.625,0.907,1.000,0.935,0.000,0.375,0.008,0.086,915.000,890.000,0.035,0.630,0.904,1.000,0.967,0.000,0.370,0.022,0.074,925.000,844.000,0.031,0.621,0.894,1.000,0.938,0.000,0.379,0.022,0.083,933.000,925.000,0.027,0.621,0.894,1.000,0.953,0.000,0.379,0.024,0.081
955,844,614,0.032,0.625,0.907,1.000,0.935,0.000,0.375,0.008,0.086,925.000,844.000,0.031,0.621,0.894,1.000,0.938,0.000,0.379,0.022,0.083,933.000,925.000,0.027,0.621,0.894,1.000,0.953,0.000,0.379,0.024,0.081,943.000,915.000,0.033,0.628,0.895,1.000,0.978,0.002,0.370,0.030,0.076
956,844,614,0.032,0.625,0.907,1.000,0.935,0.000,0.375,0.008,0.086,925.000,844.000,0.031,0.621,0.894,1.000,0.938,0.000,0.379,0.022,0.083,933.000,925.000,0.027,0.621,0.894,1.000,0.953,0.000,0.379,0.024,0.081,943.000,915.000,0.033,0.628,0.895,1.000,0.978,0.002,0.370,0.030,0.076
957,844,614,0.032,0.625,0.907,1.000,0.935,0.000,0.375,0.008,0.086,925.000,844.000,0.031,0.621,0.894,1.000,0.938,0.000,0.379,0.022,0.083,933.000,925.000,0.027,0.621,0.894,1.000,0.953,0.000,0.379,0.024,0.081,943.000,915.000,0.033,0.628,0.895,1.000,0.978,0.002,0.370,0.030,0.076
958,844,614,0.032,0.625,0.907,1.000,0.935,0.000,0.375,0.008,0.086,925.000,844.000,0.031,0.621,0.894,1.000,0.938,0.000,0.379,0.022,0.083,933.000,925.000,0.027,0.621,0.894,1.000,0.953,0.000,0.379,0.024,0.081,943.000,915.000,0.033,0.628,0.895,1.000,0.978,0.002,0.370,0.030,0.076
959,844,614,0.032,0.625,0.907,1.000,0.935,0.000,0.375,0.008,0.086,925.000,844.000,0.031,0.621,0.894,1.000,0.938,0.000,0.379,0.022,0.083,933.000,925.000,0.027,0.621,0.894,1.000,0.953,0.000,0.379,0.024,0.081,943.000,915.000,0.033,0.628,0.895,1.000,0.978,0.002,0.370,0.030,0.076
960,844,614,0.032,0.625,0.907,1.000,0.935,0.000,0.375,0.008,0.086,925.000,844.000,0.031,0.621,0.894,1.000,0.938,0.000,0.379,0.022,0.083,933.000,925.000,0.027,0.621,0.894,1.000,0.953,0.000,0.379,0.024,0.081,943.000,915.000,0.033,0.628,0.895,1.000,0.978,0.002,0.370,0.030,0.076
961,844,614,0.032,0.625,0.907,1.000,0.935,0.000,0.375,0.008,0.086,925.000,844.000,0.031,0.621,0.894,1.000,0.938,0.000,0.379,0.022,0.083,933.000,925.000,0.027,0.621,0.894,1.000,0.953,0.000,0.379,0.024,0.081,943.000,915.000,0.033,0.628,0.895,1.000,0.978,0.002,0.370,0.030,0.076
962,844,614,0.032,0.625,0.907,1.000,0.935,0.000,0.375,0.008,0.086,925.000,844.000,0.031,0.621,0.894,1.000,0.938,0.000,0.379,0.022,0.083,933.000,925.000,0.027,0.621,0.894,1.000,0.953,0.000,0.379,0.024,0.081,943.000,915.000,0.033,0.628,0.895,1.000,0.978,0.002,0.370,0.030,0.076
963,844,614,0.032,0.625,0.907,1.000,0.935,0.000,0.375,0.008,0.086,925.000,844.000,0.031,0.621,0.894,1.000,0.938,0.000,0.379,0.022,0.083,933.000,925.000,0.027,0.621,0.894,1.000,0.953,0.000,0.379,0.024,0.081,943.000,915.000,0.033,0.628,0.895,1.000,0.978,0.002,0.370,0.030,0.076
964,844,614,0.032,0.625,0.907,1.000,0.935,0.000,0.375,0.008,0.086,925.000,844.000,0.031,0.621,0.894,1.000,0.938,0.000,0.379,0.022,0.083,943.000,915.000,0.033,0.628,0.895,1.000,0.978,0.002,0.370,0.030,0.076,964.000,925.000,0.031,0.628,0.901,1.000,0.939,0.002,0.370,0.020,0.079
965,844,614,0.032,0.625,0.907,1.000,0.935,0.000,0.375,0.008,0.086,964.000,925.000,0.031,0.628,0.901,1.000,0.939,0.002,0.370,0.020,0.079,,,,,,,,,,,,,,,,,,,,,,
966,844,614,0.032,0.625,0.907,1.000,0.935,0.000,0.375,0.008,0.086,964.000,925.000,0.031,0.628,0.901,1.000,0.939,0.002,0.370,0.020,0.079,,,,,,,,,,,,,,,,,,,,,,
967,844,614,0.032,0.625,0.907,1.000,0.935,0.000,0.375,0.008,0.086,964.000,925.000,0.031,0.628,0.901,1.000,0.939,0.002,0.370,0.020,0.079,968.000,964.000,0.040,0.624,0.897,1.000,0.944,0.016,0.360,0.021,0.082,,,,,,,,,,,
968,844,614,0.032,0.625,0.907,1.000,0.935,0.000,0.375,0.008,0.086,964.000,925.000,0.031,0.628,0.901,1.000,0.939,0.002,0.370,0.020,0.079,969.000,964.000,0.031,0.619,0.898,0.994,0.936,0.000,0.381,0.018,0.084,,,,,,,,,,,
969,844,614,0.032,0.625,0.907,1.000,0.935,0.000,0.375,0.008,0.086,964.000,925.000,0.031,0.628,0.901,1.000,0.939,0.002,0.370,0.020,0.079,,,,,,,,,,,,,,,,,,,,,,
970,844,614,0.032,0.625,0.907,1.000,0.935,0.000,0.375,0.008,0.086,964.000,925.000,0.031,0.628,0.901,1.000,0.939,0.002,0.370,0.020,0.079,971.000,844.000,0.032,0.615,0.896,1.000,0.923,0.000,0.385,0.003,0.102,,,,,,,,,,,
971,844,614,0.032,0.625,0.907,1.000,0.935,0.000,0.375,0.008,0.086,964.000,925.000,0.031,0.628,0.901,1.000,0.939,0.002,0.370,0.020,0.079,,,,,,,,,,,,,,,,,,,,,,
972,844,614,0.032,0.625,0.907,1.000,0.935,0.000,0.375,0.008,0.086,964.000,925.000,0.031,0.628,0.901,1.000,0.939,0.002,0.370,0.020,0.079,,,,,,,,,,,,,,,,,,,,,,
973,844,614,0.032,0.625,0.907,1.000,0.935,0.000,0.375,0.008,0.086,964.000,925.000,0.031,0.628,0.901,1.000,0.939,0.002,0.370,0.020,0.079,,,,,,,,,,,,,,,,,,,,,,
974,844,614,0.032,0.625,0.907,1.000,0.935,0.000,0.375,0.008,0.086,964.000,925.000,0.031,0.628,0.901,1.000,0.939,0.002,0.370,0.020,0.079,,,,,,,,,,,,,,,,,,,,,,
975,844,614,0.032,0.625,0.907,1.000,0.935,0.000,0.375,0.008,0.086,964.000,925.000,0.031,0.628,0.901,1.000,0.939,0.002,0.370,0.020,0.079,,,,,,,,,,,,,,,,,,,,,,
976,844,614,0.032,0.625,0.907,1.000,0.935,0.000,0.375,0.008,0.086,964.000,925.000,0.031,0.628,0.901,1.000,0.939,0.002,0.370,0.020,0.079,,,,,,,,,,,,,,,,,,,,,,
977,844,614,0.032,0.625,0.907,1.000,0.935,0.000,0.375,0.008,0.086,964.000,925.000,0.031,0.628,0.901,1.000,0.939,0.002,0.370,0.020,0.079,,,,,,,,,,,,,,,,,,,,,,
978,844,614,0.032,0.625,0.907,1.000,0.935,0.000,0.375,0.008,0.086,964.000,925.000,0.031,0.628,0.901,1.000,0.939,0.002,0.370,0.020,0.079,979.000,844.000,0.033,0.624,0.918,0.982,0.926,0.002,0.374,0.002,0.080,,,,,,,,,,,
979,844,614,0.032,0.625,0.907,1.000,0.935,0.000,0.375,0.008,0.086,964.000,925.000,0.031,0.628,0.901,1.000,0.939,0.002,0.370,0.020,0.079,979.000,844.000,0.033,0.624,0.918,0.982,0.926,0.002,0.374,0.002,0.080,980.000,964.000,0.033,0.634,0.889,0.981,0.939,0.006,0.360,0.019,0.092
980,844,614,0.032,0.625,0.907,1.000,0.935,0.000,0.375,0.008,0.086,964.000,925.000,0.031,0.628,0.901,1.000,0.939,0.002,0.370,0.020,0.079,979.000,844.000,0.033,0.624,0.918,0.982,0.926,0.002,0.374,0.002,0.080,980.000,964.000,0.033,0.634,0.889,0.981,0.939,0.006,0.360,0.019,0.092
981,844,614,0.032,0.625,0.907,1.000,0.935,0.000,0.375,0.008,0.086,964.000,925.000,0.031,0.628,0.901,1.000,0.939,0.002,0.370,0.020,0.079,979.000,844.000,0.033,0.624,0.918,0.982,0.926,0.002,0.374,0.002,0.080,980.000,964.000,0.033,0.634,0.889,0.981,0.939,0.006,0.360,0.019,0.092
982,844,614,0.032,0.625,0.907,1.000,0.935,0.000,0.375,0.008,0.086,964.000,925.000,0.031,0.628,0.901,1.000,0.939,0.002,0.370,0.020,0.079,979.000,844.000,0.033,0.624,0.918,0.982,0.926,0.002,0.374,0.002,0.080,980.000,964.000,0.033,0.634,0.889,0.981,0.939,0.006,0.360,0.019,0.092
983,844,614,0.032,0.625,0.907,1.000,0.935,0.000,0.375,0.008,0.086,964.000,925.000,0.031,0.628,0.901,1.000,0.939,0.002,0.370,0.020,0.079,981.000,980.000,0.029,0.627,0.903,0.990,0.916,0.005,0.368,0.014,0.083,982.000,964.000,0.034,0.636,0.875,0.999,0.924,0.000,0.364,0.037,0.088
984,844,614,0.032,0.625,0.907,1.000,0.935,0.000,0.375,0.008,0.086,964.000,925.000,0.031,0.628,0.901,1.000,0.939,0.002,0.370,0.020,0.079,982.000,964.000,0.034,0.636,0.875,0.999,0.924,0.000,0.364,0.037,0.088,985.000,844.000,0.037,0.633,0.924,0.999,0.944,0.000,0.367,0.000,0.076
985,844,614,0.032,0.625,0.907,1.000,0.935,0.000,0.375,0.008,0.086,964.000,925.000,0.031,0.628,0.901,1.000,0.939,0.002,0.370,0.020,0.079,982.000,964.000,0.034,0.636,0.875,0.999,0.924,0.000,0.364,0.037,0.088,985.000,844.000,0.037,0.633,0.924,0.999,0.944,0.000,0.367,0.000,0.076
986,844,614,0.032,0.625,0.907,1.000,0.935,0.000,0.375,0.008,0.086,964.000,925.000,0.031,0.628,0.901,1.000,0.939,0.002,0.370,0.020,0.079,982.000,964.000,0.034,0.636,0.875,0.999,0.924,0.000,0.364,0.037,0.088,985.000,844.000,0.037,0.633,0.924,0.999,0.944,0.000,0.367,0.000,0.076
987,844,614,0.032,0.625,0.907,1.000,0.935,0.000,0.375,0.008,0.086,964.000,925.000,0.031,0.628,0.901,1.000,0.939,0.002,0.370,0.020,0.079,982.000,964.000,0.034,0.636,0.875,0.999,0.924,0.000,0.364,0.037,0.088,987.000,982.000,0.028,0.640,0.884,0.992,0.930,0.000,0.359,0.037,0.079
988,844,614,0.032,0.625,0.907,1.000,0.935,0.000,0.375,0.008,0.086,964.000,925.000,0.031,0.628,0.901,1.000,0.939,0.002,0.370,0.020,0.079,982.000,964.000,0.034,0.636,0.875,0.999,0.924,0.000,0.364,0.037,0.088,988.000,844.000,0.037,0.624,0.892,1.000,0.929,0.000,0.375,0.011,0.096
989,844,614,0.032,0.625,0.907,1.000,0.935,0.000,0.375,0.008,0.086,964.000,925.000,0.031,0.628,0.901,1.000,0.939,0.002,0.370,0.020,0.079,982.000,964.000,0.034,0.636,0.875,0.999,0.924,0.000,0.364,0.037,0.088,988.000,844.000,0.037,0.624,0.892,1.000,0.929,0.000,0.375,0.011,0.096
990,844,614,0.032,0.625,0.907,1.000,0.935,0.000,0.375,0.008,0.086,964.000,925.000,0.031,0.628,0.901,1.000,0.939,0.002,0.370,0.020,0.079,982.000,964.000,0.034,0.636,0.875,0.999,0.924,0.000,0.364,0.037,0.088,988.000,844.000,0.037,0.624,0.892,1.000,0.929,0.000,0.375,0.011,0.096
991,844,614,0.032,0.625,0.907,1.000,0.935,0.000,0.375,0.008,0.086,964.000,925.000,0.031,0.628,0.901,1.000,0.939,0.002,0.370,0.020,0.079,982.000,964.000,0.034,0.636,0.875,0.999,0.924,0.000,0.364,0.037,0.088,988.000,844.000,0.037,0.624,0.892,1.000,0.929,0.000,0.375,0.011,0.096
992,844,614,0.032,0.625,0.907,1.000,0.935,0.000,0.375,0.008,0.086,964.000,925.000,0.031,0.628,0.901,1.000,0.939,0.002,0.370,0.020,0.079,982.000,964.000,0.034,0.636,0.875,0.999,0.924,0.000,0.364,0.037,0.088,988.000,844.000,0.037,0.624,0.892,1.000,0.929,0.000,0.375,0.011,0.096
993,844,614,0.032,0.625,0.907,1.000,0.935,0.000,0.375,0.008,0.086,964.000,925.000,0.031,0.628,0.901,1.000,0.939,0.002,0.370,0.020,0.079,982.000,964.000,0.034,0.636,0.875,0.999,0.924,0.000,0.364,0.037,0.088,,,,,,,,,,,
994,844,614,0.032,0.625,0.907,1.000,0.935,0.000,0.375,0.008,0.086,964.000,925.000,0.031,0.628,0.901,1.000,0.939,0.002,0.370,0.020,0.079,,,,,,,,,,,,,,,,,,,,,,
995,844,614,0.032,0.625,0.907,1.000,0.935,0.000,0.375,0.008,0.086,964.000,925.000,0.031,0.628,0.901,1.000,0.939,0.002,0.370,0.020,0.079,,,,,,,,,,,,,,,,,,,,,,
996,844,614,0.032,0.625,0.907,1.000,0.935,0.000,0.375,0.008,0.086,964.000,925.000,0.031,0.628,0.901,1.000,0.939,0.002,0.370,0.020,0.079,997.000,964.000,0.027,0.627,0.912,1.000,0.949,0.000,0.373,0.013,0.074,,,,,,,,,,,
997,844,614,0.032,0.625,0.907,1.000,0.935,0.000,0.375,0.008,0.086,964.000,925.000,0.031,0.628,0.901,1.000,0.939,0.002,0.370,0.020,0.079,997.000,964.000,0.027,0.627,0.912,1.000,0.949,0.000,0.373,0.013,0.074,998.000,997.000,0.029,0.633,0.879,1.000,0.940,0.000,0.367,0.035,0.086
998,844,614,0.032,0.625,0.907,1.000,0.935,0.000,0.375,0.008,0.086,964.000,925.000,0.031,0.628,0.901,1.000,0.939,0.002,0.370,0.020,0.079,997.000,964.000,0.027,0.627,0.912,1.000,0.949,0.000,0.373,0.013,0.074,998.000,997.000,0.029,0.633,0.879,1.000,0.940,0.000,0.367,0.035,0.086
999,844,614,0.032,0.625,0.907,1.000,0.935,0.000,0.375,0.008,0.086,964.000,925.000,0.031,0.628,0.901,1.000,0.939,0.002,0.370,0.020,0.079,997.000,964.000,0.027,0.627,0.912,1.000,0.949,0.000,0.373,0.013,0.074,998.000,997.000,0.029,0.633,0.879,1.000,0.940,0.000,0.367,0.035,0.086
