mutation_step,id_1,parent_1,phi_1,r1_1,r2_1,p1_1,p2_1,r1r2_1,r1p1_1,r2r1_1,r2p2_1,id_2,parent_2,phi_2,r1_2,r2_2,p1_2,p2_2,r1r2_2,r1p1_2,r2r1_2,r2p2_2,id_3,parent_3,phi_3,r1_3,r2_3,p1_3,p2_3,r1r2_3,r1p1_3,r2r1_3,r2p2_3,id_4,parent_4,phi_4,r1_4,r2_4,p1_4,p2_4,r1r2_4,r1p1_4,r2r1_4,r2p2_4
0,0,-1,0.001,0.990,0.990,0.990,0.990,0.005,0.005,0.005,0.005,1,0,0.002,0.979,0.973,0.971,0.976,0.015,0.006,0.016,0.012,,,,,,,,,,,,,,,,,,,,,,
1,1,0,0.002,0.979,0.973,0.971,0.976,0.015,0.006,0.016,0.012,2,1,0.000,0.978,0.976,0.960,0.984,0.011,0.011,0.021,0.003,,,,,,,,,,,,,,,,,,,,,,
2,2,1,0.000,0.978,0.976,0.960,0.984,0.011,0.011,0.021,0.003,3,2,0.000,0.956,0.979,0.967,0.978,0.016,0.028,0.021,0.000,,,,,,,,,,,,,,,,,,,,,,
3,2,1,0.000,0.978,0.976,0.960,0.984,0.011,0.011,0.021,0.003,3,2,0.000,0.956,0.979,0.967,0.978,0.016,0.028,0.021,0.000,4.000,3.000,0.002,0.971,0.984,0.961,0.983,0.005,0.024,0.015,0.001,,,,,,,,,,,
4,2,1,0.000,0.978,0.976,0.960,0.984,0.011,0.011,0.021,0.003,3,2,0.000,0.956,0.979,0.967,0.978,0.016,0.028,0.021,0.000,4.000,3.000,0.002,0.971,0.984,0.961,0.983,0.005,0.024,0.015,0.001,5.000,2.000,0.000,0.968,0.974,0.946,0.979,0.014,0.017,0.026,0.000
5,3,2,0.000,0.956,0.979,0.967,0.978,0.016,0.028,0.021,0.000,5,2,0.000,0.968,0.974,0.946,0.979,0.014,0.017,0.026,0.000,6.000,4.000,0.001,0.980,0.976,0.944,0.985,0.007,0.013,0.017,0.008,,,,,,,,,,,
6,5,2,0.000,0.968,0.974,0.946,0.979,0.014,0.017,0.026,0.000,7,5,0.002,0.954,0.977,0.947,0.972,0.025,0.021,0.023,0.000,,,,,,,,,,,,,,,,,,,,,,
7,7,5,0.002,0.954,0.977,0.947,0.972,0.025,0.021,0.023,0.000,8,7,0.006,0.969,0.983,0.935,0.964,0.022,0.009,0.014,0.003,,,,,,,,,,,,,,,,,,,,,,
8,7,5,0.002,0.954,0.977,0.947,0.972,0.025,0.021,0.023,0.000,9,7,0.000,0.975,0.959,0.933,0.965,0.013,0.012,0.031,0.011,,,,,,,,,,,,,,,,,,,,,,
9,7,5,0.002,0.954,0.977,0.947,0.972,0.025,0.021,0.023,0.000,9,7,0.000,0.975,0.959,0.933,0.965,0.013,0.012,0.031,0.011,10.000,9.000,0.000,0.991,0.953,0.938,0.971,0.009,0.000,0.029,0.018,,,,,,,,,,,
10,7,5,0.002,0.954,0.977,0.947,0.972,0.025,0.021,0.023,0.000,9,7,0.000,0.975,0.959,0.933,0.965,0.013,0.012,0.031,0.011,11.000,10.000,0.000,0.989,0.975,0.925,0.956,0.011,0.000,0.019,0.005,,,,,,,,,,,
11,9,7,0.000,0.975,0.959,0.933,0.965,0.013,0.012,0.031,0.011,12,9,0.000,0.985,0.956,0.922,0.951,0.002,0.013,0.038,0.006,,,,,,,,,,,,,,,,,,,,,,
12,9,7,0.000,0.975,0.959,0.933,0.965,0.013,0.012,0.031,0.011,12,9,0.000,0.985,0.956,0.922,0.951,0.002,0.013,0.038,0.006,13.000,9.000,0.003,0.971,0.973,0.935,0.967,0.021,0.008,0.027,0.000,,,,,,,,,,,
13,9,7,0.000,0.975,0.959,0.933,0.965,0.013,0.012,0.031,0.011,12,9,0.000,0.985,0.956,0.922,0.951,0.002,0.013,0.038,0.006,13.000,9.000,0.003,0.971,0.973,0.935,0.967,0.021,0.008,0.027,0.000,14.000,13.000,0.004,0.987,0.970,0.931,0.969,0.012,0.002,0.030,0.000
14,12,9,0.000,0.985,0.956,0.922,0.951,0.002,0.013,0.038,0.006,15,13,0.010,0.973,0.955,0.932,0.966,0.000,0.027,0.045,0.000,,,,,,,,,,,,,,,,,,,,,,
15,12,9,0.000,0.985,0.956,0.922,0.951,0.002,0.013,0.038,0.006,16,15,0.007,0.968,0.924,0.939,0.975,0.000,0.032,0.068,0.008,,,,,,,,,,,,,,,,,,,,,,
16,12,9,0.000,0.985,0.956,0.922,0.951,0.002,0.013,0.038,0.006,17,16,0.010,0.962,0.912,0.937,0.965,0.009,0.028,0.079,0.010,,,,,,,,,,,,,,,,,,,,,,
17,12,9,0.000,0.985,0.956,0.922,0.951,0.002,0.013,0.038,0.006,18,17,0.009,0.944,0.889,0.924,0.973,0.007,0.048,0.096,0.016,,,,,,,,,,,,,,,,,,,,,,
18,12,9,0.000,0.985,0.956,0.922,0.951,0.002,0.013,0.038,0.006,18,17,0.009,0.944,0.889,0.924,0.973,0.007,0.048,0.096,0.016,,,,,,,,,,,,,,,,,,,,,,
19,12,9,0.000,0.985,0.956,0.922,0.951,0.002,0.013,0.038,0.006,18,17,0.009,0.944,0.889,0.924,0.973,0.007,0.048,0.096,0.016,20.000,12.000,0.000,0.949,0.967,0.912,0.965,0.018,0.033,0.033,0.000,,,,,,,,,,,
20,12,9,0.000,0.985,0.956,0.922,0.951,0.002,0.013,0.038,0.006,20,12,0.000,0.949,0.967,0.912,0.965,0.018,0.033,0.033,0.000,21.000,12.000,0.000,0.998,0.949,0.929,0.946,0.000,0.002,0.037,0.014,,,,,,,,,,,
21,12,9,0.000,0.985,0.956,0.922,0.951,0.002,0.013,0.038,0.006,20,12,0.000,0.949,0.967,0.912,0.965,0.018,0.033,0.033,0.000,21.000,12.000,0.000,0.998,0.949,0.929,0.946,0.000,0.002,0.037,0.014,22.000,12.000,0.000,0.978,0.951,0.912,0.952,0.000,0.022,0.041,0.007
22,12,9,0.000,0.985,0.956,0.922,0.951,0.002,0.013,0.038,0.006,20,12,0.000,0.949,0.967,0.912,0.965,0.018,0.033,0.033,0.000,22.000,12.000,0.000,0.978,0.951,0.912,0.952,0.000,0.022,0.041,0.007,23.000,21.000,0.000,0.992,0.957,0.946,0.940,0.000,0.008,0.029,0.015
23,20,12,0.000,0.949,0.967,0.912,0.965,0.018,0.033,0.033,0.000,24,12,0.005,0.975,0.950,0.919,0.944,0.003,0.023,0.032,0.018,,,,,,,,,,,,,,,,,,,,,,
24,20,12,0.000,0.949,0.967,0.912,0.965,0.018,0.033,0.033,0.000,24,12,0.005,0.975,0.950,0.919,0.944,0.003,0.023,0.032,0.018,25.000,24.000,0.006,0.967,0.952,0.916,0.965,0.000,0.033,0.027,0.021,,,,,,,,,,,
25,20,12,0.000,0.949,0.967,0.912,0.965,0.018,0.033,0.033,0.000,24,12,0.005,0.975,0.950,0.919,0.944,0.003,0.023,0.032,0.018,25.000,24.000,0.006,0.967,0.952,0.916,0.965,0.000,0.033,0.027,0.021,26.000,25.000,0.000,0.964,0.955,0.914,0.939,0.008,0.029,0.008,0.037
26,24,12,0.005,0.975,0.950,0.919,0.944,0.003,0.023,0.032,0.018,26,25,0.000,0.964,0.955,0.914,0.939,0.008,0.029,0.008,0.037,,,,,,,,,,,,,,,,,,,,,,
27,24,12,0.005,0.975,0.950,0.919,0.944,0.003,0.023,0.032,0.018,26,25,0.000,0.964,0.955,0.914,0.939,0.008,0.029,0.008,0.037,28.000,26.000,0.002,0.999,0.946,0.937,0.940,0.000,0.001,0.014,0.040,,,,,,,,,,,
28,24,12,0.005,0.975,0.950,0.919,0.944,0.003,0.023,0.032,0.018,26,25,0.000,0.964,0.955,0.914,0.939,0.008,0.029,0.008,0.037,28.000,26.000,0.002,0.999,0.946,0.937,0.940,0.000,0.001,0.014,0.040,29.000,28.000,0.000,0.997,0.952,0.935,0.953,0.000,0.003,0.004,0.044
29,26,25,0.000,0.964,0.955,0.914,0.939,0.008,0.029,0.008,0.037,30,24,0.001,0.993,0.949,0.911,0.931,0.000,0.007,0.028,0.023,,,,,,,,,,,,,,,,,,,,,,
30,26,25,0.000,0.964,0.955,0.914,0.939,0.008,0.029,0.008,0.037,30,24,0.001,0.993,0.949,0.911,0.931,0.000,0.007,0.028,0.023,31.000,30.000,0.006,1.000,0.936,0.914,0.936,0.000,0.000,0.036,0.028,,,,,,,,,,,
31,26,25,0.000,0.964,0.955,0.914,0.939,0.008,0.029,0.008,0.037,32,26,0.000,0.950,0.943,0.923,0.944,0.025,0.025,0.027,0.029,,,,,,,,,,,,,,,,,,,,,,
32,32,26,0.000,0.950,0.943,0.923,0.944,0.025,0.025,0.027,0.029,33,32,0.003,0.959,0.929,0.903,0.928,0.028,0.014,0.031,0.039,,,,,,,,,,,,,,,,,,,,,,
33,32,26,0.000,0.950,0.943,0.923,0.944,0.025,0.025,0.027,0.029,33,32,0.003,0.959,0.929,0.903,0.928,0.028,0.014,0.031,0.039,34.000,32.000,0.006,0.948,0.967,0.917,0.950,0.026,0.026,0.015,0.017,,,,,,,,,,,
34,33,32,0.003,0.959,0.929,0.903,0.928,0.028,0.014,0.031,0.039,34,32,0.006,0.948,0.967,0.917,0.950,0.026,0.026,0.015,0.017,35.000,32.000,0.001,0.941,0.951,0.927,0.937,0.037,0.022,0.031,0.017,,,,,,,,,,,
35,33,32,0.003,0.959,0.929,0.903,0.928,0.028,0.014,0.031,0.039,35,32,0.001,0.941,0.951,0.927,0.937,0.037,0.022,0.031,0.017,36.000,35.000,0.000,0.950,0.953,0.934,0.925,0.037,0.013,0.025,0.022,,,,,,,,,,,
36,33,32,0.003,0.959,0.929,0.903,0.928,0.028,0.014,0.031,0.039,35,32,0.001,0.941,0.951,0.927,0.937,0.037,0.022,0.031,0.017,36.000,35.000,0.000,0.950,0.953,0.934,0.925,0.037,0.013,0.025,0.022,37.000,35.000,0.000,0.932,0.933,0.946,0.954,0.041,0.027,0.035,0.031
37,33,32,0.003,0.959,0.929,0.903,0.928,0.028,0.014,0.031,0.039,35,32,0.001,0.941,0.951,0.927,0.937,0.037,0.022,0.031,0.017,36.000,35.000,0.000,0.950,0.953,0.934,0.925,0.037,0.013,0.025,0.022,37.000,35.000,0.000,0.932,0.933,0.946,0.954,0.041,0.027,0.035,0.031
38,33,32,0.003,0.959,0.929,0.903,0.928,0.028,0.014,0.031,0.039,38,33,0.000,0.956,0.937,0.913,0.919,0.037,0.007,0.030,0.033,,,,,,,,,,,,,,,,,,,,,,
39,33,32,0.003,0.959,0.929,0.903,0.928,0.028,0.014,0.031,0.039,38,33,0.000,0.956,0.937,0.913,0.919,0.037,0.007,0.030,0.033,,,,,,,,,,,,,,,,,,,,,,
40,33,32,0.003,0.959,0.929,0.903,0.928,0.028,0.014,0.031,0.039,38,33,0.000,0.956,0.937,0.913,0.919,0.037,0.007,0.030,0.033,41.000,38.000,0.005,0.963,0.928,0.900,0.918,0.030,0.007,0.032,0.040,,,,,,,,,,,
41,33,32,0.003,0.959,0.929,0.903,0.928,0.028,0.014,0.031,0.039,41,38,0.005,0.963,0.928,0.900,0.918,0.030,0.007,0.032,0.040,42.000,41.000,0.004,0.964,0.926,0.902,0.907,0.021,0.015,0.047,0.027,,,,,,,,,,,
42,33,32,0.003,0.959,0.929,0.903,0.928,0.028,0.014,0.031,0.039,42,41,0.004,0.964,0.926,0.902,0.907,0.021,0.015,0.047,0.027,,,,,,,,,,,,,,,,,,,,,,
43,33,32,0.003,0.959,0.929,0.903,0.928,0.028,0.014,0.031,0.039,42,41,0.004,0.964,0.926,0.902,0.907,0.021,0.015,0.047,0.027,44.000,33.000,0.005,0.974,0.940,0.879,0.921,0.026,0.000,0.023,0.037,,,,,,,,,,,
44,42,41,0.004,0.964,0.926,0.902,0.907,0.021,0.015,0.047,0.027,45,42,0.000,0.957,0.952,0.913,0.918,0.022,0.022,0.025,0.023,,,,,,,,,,,,,,,,,,,,,,
45,42,41,0.004,0.964,0.926,0.902,0.907,0.021,0.015,0.047,0.027,45,42,0.000,0.957,0.952,0.913,0.918,0.022,0.022,0.025,0.023,46.000,42.000,0.008,0.970,0.925,0.900,0.909,0.006,0.023,0.057,0.018,,,,,,,,,,,
46,42,41,0.004,0.964,0.926,0.902,0.907,0.021,0.015,0.047,0.027,45,42,0.000,0.957,0.952,0.913,0.918,0.022,0.022,0.025,0.023,46.000,42.000,0.008,0.970,0.925,0.900,0.909,0.006,0.023,0.057,0.018,47.000,42.000,0.007,0.967,0.918,0.922,0.926,0.027,0.006,0.058,0.025
47,42,41,0.004,0.964,0.926,0.902,0.907,0.021,0.015,0.047,0.027,45,42,0.000,0.957,0.952,0.913,0.918,0.022,0.022,0.025,0.023,46.000,42.000,0.008,0.970,0.925,0.900,0.909,0.006,0.023,0.057,0.018,47.000,42.000,0.007,0.967,0.918,0.922,0.926,0.027,0.006,0.058,0.025
48,42,41,0.004,0.964,0.926,0.902,0.907,0.021,0.015,0.047,0.027,49,45,0.000,0.931,0.948,0.902,0.924,0.036,0.033,0.039,0.013,,,,,,,,,,,,,,,,,,,,,,
49,42,41,0.004,0.964,0.926,0.902,0.907,0.021,0.015,0.047,0.027,49,45,0.000,0.931,0.948,0.902,0.924,0.036,0.033,0.039,0.013,50.000,49.000,0.002,0.930,0.945,0.899,0.921,0.036,0.033,0.038,0.017,,,,,,,,,,,
50,42,41,0.004,0.964,0.926,0.902,0.907,0.021,0.015,0.047,0.027,49,45,0.000,0.931,0.948,0.902,0.924,0.036,0.033,0.039,0.013,50.000,49.000,0.002,0.930,0.945,0.899,0.921,0.036,0.033,0.038,0.017,51.000,42.000,0.008,0.982,0.906,0.917,0.922,0.010,0.008,0.057,0.036
51,42,41,0.004,0.964,0.926,0.902,0.907,0.021,0.015,0.047,0.027,49,45,0.000,0.931,0.948,0.902,0.924,0.036,0.033,0.039,0.013,50.000,49.000,0.002,0.930,0.945,0.899,0.921,0.036,0.033,0.038,0.017,52.000,42.000,0.001,0.978,0.914,0.894,0.912,0.018,0.004,0.058,0.027
52,49,45,0.000,0.931,0.948,0.902,0.924,0.036,0.033,0.039,0.013,53,49,0.000,0.922,0.900,0.899,0.907,0.051,0.027,0.056,0.044,,,,,,,,,,,,,,,,,,,,,,
53,49,45,0.000,0.931,0.948,0.902,0.924,0.036,0.033,0.039,0.013,53,49,0.000,0.922,0.900,0.899,0.907,0.051,0.027,0.056,0.044,54.000,49.000,0.000,0.912,0.945,0.889,0.926,0.056,0.032,0.041,0.014,,,,,,,,,,,
54,53,49,0.000,0.922,0.900,0.899,0.907,0.051,0.027,0.056,0.044,54,49,0.000,0.912,0.945,0.889,0.926,0.056,0.032,0.041,0.014,55.000,54.000,0.000,0.921,0.930,0.883,0.928,0.064,0.015,0.044,0.025,,,,,,,,,,,
55,53,49,0.000,0.922,0.900,0.899,0.907,0.051,0.027,0.056,0.044,54,49,0.000,0.912,0.945,0.889,0.926,0.056,0.032,0.041,0.014,55.000,54.000,0.000,0.921,0.930,0.883,0.928,0.064,0.015,0.044,0.025,56.000,53.000,0.000,0.941,0.902,0.880,0.916,0.039,0.020,0.057,0.041
56,53,49,0.000,0.922,0.900,0.899,0.907,0.051,0.027,0.056,0.044,56,53,0.000,0.941,0.902,0.880,0.916,0.039,0.020,0.057,0.041,57.000,53.000,0.009,0.906,0.904,0.904,0.902,0.046,0.049,0.061,0.035,,,,,,,,,,,
57,53,49,0.000,0.922,0.900,0.899,0.907,0.051,0.027,0.056,0.044,56,53,0.000,0.941,0.902,0.880,0.916,0.039,0.020,0.057,0.041,57.000,53.000,0.009,0.906,0.904,0.904,0.902,0.046,0.049,0.061,0.035,58.000,56.000,0.003,0.947,0.927,0.883,0.932,0.038,0.015,0.035,0.038
58,53,49,0.000,0.922,0.900,0.899,0.907,0.051,0.027,0.056,0.044,57,53,0.009,0.906,0.904,0.904,0.902,0.046,0.049,0.061,0.035,59.000,58.000,0.004,0.952,0.926,0.877,0.932,0.036,0.012,0.038,0.036,,,,,,,,,,,
59,53,49,0.000,0.922,0.900,0.899,0.907,0.051,0.027,0.056,0.044,57,53,0.009,0.906,0.904,0.904,0.902,0.046,0.049,0.061,0.035,,,,,,,,,,,,,,,,,,,,,,
60,53,49,0.000,0.922,0.900,0.899,0.907,0.051,0.027,0.056,0.044,57,53,0.009,0.906,0.904,0.904,0.902,0.046,0.049,0.061,0.035,,,,,,,,,,,,,,,,,,,,,,
61,53,49,0.000,0.922,0.900,0.899,0.907,0.051,0.027,0.056,0.044,57,53,0.009,0.906,0.904,0.904,0.902,0.046,0.049,0.061,0.035,62.000,57.000,0.009,0.907,0.913,0.896,0.914,0.048,0.045,0.046,0.041,,,,,,,,,,,
62,53,49,0.000,0.922,0.900,0.899,0.907,0.051,0.027,0.056,0.044,57,53,0.009,0.906,0.904,0.904,0.902,0.046,0.049,0.061,0.035,62.000,57.000,0.009,0.907,0.913,0.896,0.914,0.048,0.045,0.046,0.041,63.000,62.000,0.015,0.913,0.927,0.909,0.919,0.051,0.037,0.029,0.045
63,53,49,0.000,0.922,0.900,0.899,0.907,0.051,0.027,0.056,0.044,57,53,0.009,0.906,0.904,0.904,0.902,0.046,0.049,0.061,0.035,,,,,,,,,,,,,,,,,,,,,,
64,53,49,0.000,0.922,0.900,0.899,0.907,0.051,0.027,0.056,0.044,57,53,0.009,0.906,0.904,0.904,0.902,0.046,0.049,0.061,0.035,65.000,53.000,0.000,0.926,0.886,0.903,0.908,0.052,0.023,0.068,0.046,,,,,,,,,,,
65,53,49,0.000,0.922,0.900,0.899,0.907,0.051,0.027,0.056,0.044,57,53,0.009,0.906,0.904,0.904,0.902,0.046,0.049,0.061,0.035,65.000,53.000,0.000,0.926,0.886,0.903,0.908,0.052,0.023,0.068,0.046,66.000,53.000,0.000,0.918,0.912,0.898,0.908,0.058,0.024,0.047,0.041
66,53,49,0.000,0.922,0.900,0.899,0.907,0.051,0.027,0.056,0.044,57,53,0.009,0.906,0.904,0.904,0.902,0.046,0.049,0.061,0.035,65.000,53.000,0.000,0.926,0.886,0.903,0.908,0.052,0.023,0.068,0.046,66.000,53.000,0.000,0.918,0.912,0.898,0.908,0.058,0.024,0.047,0.041
67,53,49,0.000,0.922,0.900,0.899,0.907,0.051,0.027,0.056,0.044,57,53,0.009,0.906,0.904,0.904,0.902,0.046,0.049,0.061,0.035,65.000,53.000,0.000,0.926,0.886,0.903,0.908,0.052,0.023,0.068,0.046,66.000,53.000,0.000,0.918,0.912,0.898,0.908,0.058,0.024,0.047,0.041
68,57,53,0.009,0.906,0.904,0.904,0.902,0.046,0.049,0.061,0.035,69,68,0.015,0.886,0.899,0.889,0.895,0.036,0.079,0.048,0.053,,,,,,,,,,,,,,,,,,,,,,
69,57,53,0.009,0.906,0.904,0.904,0.902,0.046,0.049,0.061,0.035,69,68,0.015,0.886,0.899,0.889,0.895,0.036,0.079,0.048,0.053,70.000,57.000,0.018,0.924,0.897,0.907,0.907,0.035,0.041,0.068,0.035,,,,,,,,,,,
70,57,53,0.009,0.906,0.904,0.904,0.902,0.046,0.049,0.061,0.035,69,68,0.015,0.886,0.899,0.889,0.895,0.036,0.079,0.048,0.053,71.000,57.000,0.007,0.907,0.895,0.912,0.908,0.041,0.052,0.067,0.038,,,,,,,,,,,
71,57,53,0.009,0.906,0.904,0.904,0.902,0.046,0.049,0.061,0.035,69,68,0.015,0.886,0.899,0.889,0.895,0.036,0.079,0.048,0.053,71.000,57.000,0.007,0.907,0.895,0.912,0.908,0.041,0.052,0.067,0.038,72.000,57.000,0.012,0.893,0.897,0.899,0.895,0.034,0.073,0.060,0.043
72,69,68,0.015,0.886,0.899,0.889,0.895,0.036,0.079,0.048,0.053,73,71,0.000,0.886,0.888,0.913,0.900,0.066,0.049,0.068,0.044,,,,,,,,,,,,,,,,,,,,,,
73,69,68,0.015,0.886,0.899,0.889,0.895,0.036,0.079,0.048,0.053,73,71,0.000,0.886,0.888,0.913,0.900,0.066,0.049,0.068,0.044,74.000,69.000,0.017,0.881,0.914,0.900,0.897,0.034,0.085,0.041,0.046,,,,,,,,,,,
74,69,68,0.015,0.886,0.899,0.889,0.895,0.036,0.079,0.048,0.053,73,71,0.000,0.886,0.888,0.913,0.900,0.066,0.049,0.068,0.044,74.000,69.000,0.017,0.881,0.914,0.900,0.897,0.034,0.085,0.041,0.046,75.000,73.000,0.000,0.883,0.891,0.898,0.907,0.061,0.056,0.058,0.051
75,73,71,0.000,0.886,0.888,0.913,0.900,0.066,0.049,0.068,0.044,75,73,0.000,0.883,0.891,0.898,0.907,0.061,0.056,0.058,0.051,,,,,,,,,,,,,,,,,,,,,,
76,75,73,0.000,0.883,0.891,0.898,0.907,0.061,0.056,0.058,0.051,77,73,0.000,0.911,0.888,0.902,0.888,0.036,0.053,0.073,0.039,,,,,,,,,,,,,,,,,,,,,,
77,75,73,0.000,0.883,0.891,0.898,0.907,0.061,0.056,0.058,0.051,77,73,0.000,0.911,0.888,0.902,0.888,0.036,0.053,0.073,0.039,78.000,75.000,0.003,0.873,0.882,0.901,0.889,0.076,0.051,0.071,0.047,,,,,,,,,,,
78,75,73,0.000,0.883,0.891,0.898,0.907,0.061,0.056,0.058,0.051,77,73,0.000,0.911,0.888,0.902,0.888,0.036,0.053,0.073,0.039,78.000,75.000,0.003,0.873,0.882,0.901,0.889,0.076,0.051,0.071,0.047,79.000,78.000,0.002,0.870,0.873,0.903,0.896,0.082,0.048,0.065,0.061
79,77,73,0.000,0.911,0.888,0.902,0.888,0.036,0.053,0.073,0.039,78,75,0.003,0.873,0.882,0.901,0.889,0.076,0.051,0.071,0.047,79.000,78.000,0.002,0.870,0.873,0.903,0.896,0.082,0.048,0.065,0.061,80.000,77.000,0.000,0.922,0.885,0.911,0.878,0.033,0.045,0.073,0.041
80,77,73,0.000,0.911,0.888,0.902,0.888,0.036,0.053,0.073,0.039,81,77,0.000,0.904,0.886,0.891,0.883,0.037,0.059,0.066,0.048,,,,,,,,,,,,,,,,,,,,,,
81,77,73,0.000,0.911,0.888,0.902,0.888,0.036,0.053,0.073,0.039,81,77,0.000,0.904,0.886,0.891,0.883,0.037,0.059,0.066,0.048,82.000,77.000,0.009,0.930,0.915,0.894,0.875,0.028,0.042,0.058,0.027,,,,,,,,,,,
82,77,73,0.000,0.911,0.888,0.902,0.888,0.036,0.053,0.073,0.039,81,77,0.000,0.904,0.886,0.891,0.883,0.037,0.059,0.066,0.048,82.000,77.000,0.009,0.930,0.915,0.894,0.875,0.028,0.042,0.058,0.027,83.000,82.000,0.016,0.928,0.926,0.906,0.874,0.026,0.046,0.061,0.013
83,81,77,0.000,0.904,0.886,0.891,0.883,0.037,0.059,0.066,0.048,84,77,0.000,0.895,0.862,0.898,0.880,0.046,0.059,0.095,0.043,,,,,,,,,,,,,,,,,,,,,,
84,81,77,0.000,0.904,0.886,0.891,0.883,0.037,0.059,0.066,0.048,84,77,0.000,0.895,0.862,0.898,0.880,0.046,0.059,0.095,0.043,85.000,84.000,0.000,0.901,0.850,0.918,0.889,0.042,0.058,0.110,0.040,,,,,,,,,,,
85,84,77,0.000,0.895,0.862,0.898,0.880,0.046,0.059,0.095,0.043,86,84,0.006,0.868,0.857,0.894,0.867,0.063,0.069,0.098,0.045,,,,,,,,,,,,,,,,,,,,,,
86,84,77,0.000,0.895,0.862,0.898,0.880,0.046,0.059,0.095,0.043,86,84,0.006,0.868,0.857,0.894,0.867,0.063,0.069,0.098,0.045,87.000,86.000,0.011,0.867,0.877,0.888,0.874,0.069,0.064,0.082,0.041,,,,,,,,,,,
87,84,77,0.000,0.895,0.862,0.898,0.880,0.046,0.059,0.095,0.043,86,84,0.006,0.868,0.857,0.894,0.867,0.063,0.069,0.098,0.045,87.000,86.000,0.011,0.867,0.877,0.888,0.874,0.069,0.064,0.082,0.041,88.000,86.000,0.006,0.878,0.865,0.896,0.870,0.062,0.060,0.102,0.033
88,84,77,0.000,0.895,0.862,0.898,0.880,0.046,0.059,0.095,0.043,86,84,0.006,0.868,0.857,0.894,0.867,0.063,0.069,0.098,0.045,87.000,86.000,0.011,0.867,0.877,0.888,0.874,0.069,0.064,0.082,0.041,88.000,86.000,0.006,0.878,0.865,0.896,0.870,0.062,0.060,0.102,0.033
89,84,77,0.000,0.895,0.862,0.898,0.880,0.046,0.059,0.095,0.043,86,84,0.006,0.868,0.857,0.894,0.867,0.063,0.069,0.098,0.045,87.000,86.000,0.011,0.867,0.877,0.888,0.874,0.069,0.064,0.082,0.041,88.000,86.000,0.006,0.878,0.865,0.896,0.870,0.062,0.060,0.102,0.033
90,84,77,0.000,0.895,0.862,0.898,0.880,0.046,0.059,0.095,0.043,86,84,0.006,0.868,0.857,0.894,0.867,0.063,0.069,0.098,0.045,87.000,86.000,0.011,0.867,0.877,0.888,0.874,0.069,0.064,0.082,0.041,88.000,86.000,0.006,0.878,0.865,0.896,0.870,0.062,0.060,0.102,0.033
91,84,77,0.000,0.895,0.862,0.898,0.880,0.046,0.059,0.095,0.043,86,84,0.006,0.868,0.857,0.894,0.867,0.063,0.069,0.098,0.045,88.000,86.000,0.006,0.878,0.865,0.896,0.870,0.062,0.060,0.102,0.033,91.000,86.000,0.008,0.859,0.840,0.903,0.870,0.058,0.083,0.103,0.057
92,86,84,0.006,0.868,0.857,0.894,0.867,0.063,0.069,0.098,0.045,88,86,0.006,0.878,0.865,0.896,0.870,0.062,0.060,0.102,0.033,91.000,86.000,0.008,0.859,0.840,0.903,0.870,0.058,0.083,0.103,0.057,92.000,86.000,0.010,0.877,0.849,0.898,0.851,0.057,0.066,0.091,0.060
93,86,84,0.006,0.868,0.857,0.894,0.867,0.063,0.069,0.098,0.045,91,86,0.008,0.859,0.840,0.903,0.870,0.058,0.083,0.103,0.057,92.000,86.000,0.010,0.877,0.849,0.898,0.851,0.057,0.066,0.091,0.060,93.000,88.000,0.015,0.858,0.857,0.882,0.856,0.074,0.068,0.128,0.015
94,86,84,0.006,0.868,0.857,0.894,0.867,0.063,0.069,0.098,0.045,94,88,0.000,0.889,0.851,0.886,0.859,0.057,0.054,0.103,0.046,,,,,,,,,,,,,,,,,,,,,,
95,86,84,0.006,0.868,0.857,0.894,0.867,0.063,0.069,0.098,0.045,94,88,0.000,0.889,0.851,0.886,0.859,0.057,0.054,0.103,0.046,96.000,86.000,0.004,0.883,0.851,0.900,0.882,0.060,0.057,0.104,0.045,,,,,,,,,,,
96,94,88,0.000,0.889,0.851,0.886,0.859,0.057,0.054,0.103,0.046,97,94,0.000,0.899,0.832,0.882,0.853,0.048,0.053,0.114,0.054,,,,,,,,,,,,,,,,,,,,,,
97,94,88,0.000,0.889,0.851,0.886,0.859,0.057,0.054,0.103,0.046,97,94,0.000,0.899,0.832,0.882,0.853,0.048,0.053,0.114,0.054,98.000,94.000,0.000,0.901,0.863,0.868,0.873,0.044,0.055,0.102,0.035,,,,,,,,,,,
98,94,88,0.000,0.889,0.851,0.886,0.859,0.057,0.054,0.103,0.046,97,94,0.000,0.899,0.832,0.882,0.853,0.048,0.053,0.114,0.054,98.000,94.000,0.000,0.901,0.863,0.868,0.873,0.044,0.055,0.102,0.035,99.000,97.000,0.000,0.906,0.834,0.887,0.859,0.047,0.047,0.118,0.048
99,94,88,0.000,0.889,0.851,0.886,0.859,0.057,0.054,0.103,0.046,97,94,0.000,0.899,0.832,0.882,0.853,0.048,0.053,0.114,0.054,98.000,94.000,0.000,0.901,0.863,0.868,0.873,0.044,0.055,0.102,0.035,99.000,97.000,0.000,0.906,0.834,0.887,0.859,0.047,0.047,0.118,0.048
100,94,88,0.000,0.889,0.851,0.886,0.859,0.057,0.054,0.103,0.046,97,94,0.000,0.899,0.832,0.882,0.853,0.048,0.053,0.114,0.054,98.000,94.000,0.000,0.901,0.863,0.868,0.873,0.044,0.055,0.102,0.035,99.000,97.000,0.000,0.906,0.834,0.887,0.859,0.047,0.047,0.118,0.048
101,94,88,0.000,0.889,0.851,0.886,0.859,0.057,0.054,0.103,0.046,97,94,0.000,0.899,0.832,0.882,0.853,0.048,0.053,0.114,0.054,98.000,94.000,0.000,0.901,0.863,0.868,0.873,0.044,0.055,0.102,0.035,102.000,94.000,0.000,0.882,0.857,0.872,0.853,0.062,0.056,0.091,0.052
102,97,94,0.000,0.899,0.832,0.882,0.853,0.048,0.053,0.114,0.054,103,102,0.000,0.858,0.857,0.870,0.841,0.079,0.062,0.097,0.046,,,,,,,,,,,,,,,,,,,,,,
103,103,102,0.000,0.858,0.857,0.870,0.841,0.079,0.062,0.097,0.046,104,103,0.003,0.853,0.855,0.871,0.826,0.087,0.060,0.108,0.037,,,,,,,,,,,,,,,,,,,,,,
104,103,102,0.000,0.858,0.857,0.870,0.841,0.079,0.062,0.097,0.046,104,103,0.003,0.853,0.855,0.871,0.826,0.087,0.060,0.108,0.037,105.000,103.000,0.000,0.885,0.869,0.885,0.852,0.066,0.049,0.103,0.028,,,,,,,,,,,
105,103,102,0.000,0.858,0.857,0.870,0.841,0.079,0.062,0.097,0.046,104,103,0.003,0.853,0.855,0.871,0.826,0.087,0.060,0.108,0.037,106.000,103.000,0.006,0.861,0.855,0.854,0.839,0.074,0.065,0.094,0.051,,,,,,,,,,,
106,103,102,0.000,0.858,0.857,0.870,0.841,0.079,0.062,0.097,0.046,104,103,0.003,0.853,0.855,0.871,0.826,0.087,0.060,0.108,0.037,106.000,103.000,0.006,0.861,0.855,0.854,0.839,0.074,0.065,0.094,0.051,107.000,106.000,0.008,0.865,0.851,0.861,0.836,0.066,0.069,0.101,0.048
107,103,102,0.000,0.858,0.857,0.870,0.841,0.079,0.062,0.097,0.046,104,103,0.003,0.853,0.855,0.871,0.826,0.087,0.060,0.108,0.037,106.000,103.000,0.006,0.861,0.855,0.854,0.839,0.074,0.065,0.094,0.051,107.000,106.000,0.008,0.865,0.851,0.861,0.836,0.066,0.069,0.101,0.048
108,103,102,0.000,0.858,0.857,0.870,0.841,0.079,0.062,0.097,0.046,104,103,0.003,0.853,0.855,0.871,0.826,0.087,0.060,0.108,0.037,106.000,103.000,0.006,0.861,0.855,0.854,0.839,0.074,0.065,0.094,0.051,107.000,106.000,0.008,0.865,0.851,0.861,0.836,0.066,0.069,0.101,0.048
109,103,102,0.000,0.858,0.857,0.870,0.841,0.079,0.062,0.097,0.046,104,103,0.003,0.853,0.855,0.871,0.826,0.087,0.060,0.108,0.037,106.000,103.000,0.006,0.861,0.855,0.854,0.839,0.074,0.065,0.094,0.051,107.000,106.000,0.008,0.865,0.851,0.861,0.836,0.066,0.069,0.101,0.048
110,103,102,0.000,0.858,0.857,0.870,0.841,0.079,0.062,0.097,0.046,111,104,0.000,0.837,0.852,0.871,0.812,0.096,0.067,0.119,0.030,,,,,,,,,,,,,,,,,,,,,,
111,103,102,0.000,0.858,0.857,0.870,0.841,0.079,0.062,0.097,0.046,111,104,0.000,0.837,0.852,0.871,0.812,0.096,0.067,0.119,0.030,112.000,111.000,0.000,0.832,0.862,0.864,0.809,0.087,0.081,0.112,0.026,,,,,,,,,,,
112,111,104,0.000,0.837,0.852,0.871,0.812,0.096,0.067,0.119,0.030,112,111,0.000,0.832,0.862,0.864,0.809,0.087,0.081,0.112,0.026,,,,,,,,,,,,,,,,,,,,,,
113,111,104,0.000,0.837,0.852,0.871,0.812,0.096,0.067,0.119,0.030,112,111,0.000,0.832,0.862,0.864,0.809,0.087,0.081,0.112,0.026,114.000,112.000,0.000,0.832,0.864,0.864,0.806,0.080,0.089,0.102,0.034,,,,,,,,,,,
114,112,111,0.000,0.832,0.862,0.864,0.809,0.087,0.081,0.112,0.026,115,112,0.001,0.807,0.855,0.858,0.804,0.084,0.109,0.115,0.031,,,,,,,,,,,,,,,,,,,,,,
115,112,111,0.000,0.832,0.862,0.864,0.809,0.087,0.081,0.112,0.026,115,112,0.001,0.807,0.855,0.858,0.804,0.084,0.109,0.115,0.031,116.000,115.000,0.001,0.833,0.854,0.862,0.822,0.068,0.099,0.117,0.029,,,,,,,,,,,
116,112,111,0.000,0.832,0.862,0.864,0.809,0.087,0.081,0.112,0.026,115,112,0.001,0.807,0.855,0.858,0.804,0.084,0.109,0.115,0.031,116.000,115.000,0.001,0.833,0.854,0.862,0.822,0.068,0.099,0.117,0.029,117.000,115.000,0.001,0.807,0.850,0.855,0.800,0.080,0.113,0.115,0.036
117,112,111,0.000,0.832,0.862,0.864,0.809,0.087,0.081,0.112,0.026,115,112,0.001,0.807,0.855,0.858,0.804,0.084,0.109,0.115,0.031,116.000,115.000,0.001,0.833,0.854,0.862,0.822,0.068,0.099,0.117,0.029,117.000,115.000,0.001,0.807,0.850,0.855,0.800,0.080,0.113,0.115,0.036
118,112,111,0.000,0.832,0.862,0.864,0.809,0.087,0.081,0.112,0.026,115,112,0.001,0.807,0.855,0.858,0.804,0.084,0.109,0.115,0.031,116.000,115.000,0.001,0.833,0.854,0.862,0.822,0.068,0.099,0.117,0.029,117.000,115.000,0.001,0.807,0.850,0.855,0.800,0.080,0.113,0.115,0.036
119,112,111,0.000,0.832,0.862,0.864,0.809,0.087,0.081,0.112,0.026,115,112,0.001,0.807,0.855,0.858,0.804,0.084,0.109,0.115,0.031,116.000,115.000,0.001,0.833,0.854,0.862,0.822,0.068,0.099,0.117,0.029,117.000,115.000,0.001,0.807,0.850,0.855,0.800,0.080,0.113,0.115,0.036
120,112,111,0.000,0.832,0.862,0.864,0.809,0.087,0.081,0.112,0.026,115,112,0.001,0.807,0.855,0.858,0.804,0.084,0.109,0.115,0.031,116.000,115.000,0.001,0.833,0.854,0.862,0.822,0.068,0.099,0.117,0.029,117.000,115.000,0.001,0.807,0.850,0.855,0.800,0.080,0.113,0.115,0.036
121,112,111,0.000,0.832,0.862,0.864,0.809,0.087,0.081,0.112,0.026,115,112,0.001,0.807,0.855,0.858,0.804,0.084,0.109,0.115,0.031,116.000,115.000,0.001,0.833,0.854,0.862,0.822,0.068,0.099,0.117,0.029,117.000,115.000,0.001,0.807,0.850,0.855,0.800,0.080,0.113,0.115,0.036
122,115,112,0.001,0.807,0.855,0.858,0.804,0.084,0.109,0.115,0.031,117,115,0.001,0.807,0.850,0.855,0.800,0.080,0.113,0.115,0.036,119.000,112.000,0.000,0.830,0.875,0.853,0.818,0.088,0.082,0.107,0.017,120.000,116.000,0.000,0.815,0.866,0.860,0.820,0.073,0.111,0.110,0.024
123,115,112,0.001,0.807,0.855,0.858,0.804,0.084,0.109,0.115,0.031,117,115,0.001,0.807,0.850,0.855,0.800,0.080,0.113,0.115,0.036,119.000,112.000,0.000,0.830,0.875,0.853,0.818,0.088,0.082,0.107,0.017,120.000,116.000,0.000,0.815,0.866,0.860,0.820,0.073,0.111,0.110,0.024
124,115,112,0.001,0.807,0.855,0.858,0.804,0.084,0.109,0.115,0.031,117,115,0.001,0.807,0.850,0.855,0.800,0.080,0.113,0.115,0.036,120.000,116.000,0.000,0.815,0.866,0.860,0.820,0.073,0.111,0.110,0.024,124.000,117.000,0.002,0.808,0.841,0.863,0.793,0.081,0.111,0.115,0.044
125,115,112,0.001,0.807,0.855,0.858,0.804,0.084,0.109,0.115,0.031,117,115,0.001,0.807,0.850,0.855,0.800,0.080,0.113,0.115,0.036,120.000,116.000,0.000,0.815,0.866,0.860,0.820,0.073,0.111,0.110,0.024,124.000,117.000,0.002,0.808,0.841,0.863,0.793,0.081,0.111,0.115,0.044
126,115,112,0.001,0.807,0.855,0.858,0.804,0.084,0.109,0.115,0.031,117,115,0.001,0.807,0.850,0.855,0.800,0.080,0.113,0.115,0.036,120.000,116.000,0.000,0.815,0.866,0.860,0.820,0.073,0.111,0.110,0.024,124.000,117.000,0.002,0.808,0.841,0.863,0.793,0.081,0.111,0.115,0.044
127,115,112,0.001,0.807,0.855,0.858,0.804,0.084,0.109,0.115,0.031,117,115,0.001,0.807,0.850,0.855,0.800,0.080,0.113,0.115,0.036,,,,,,,,,,,,,,,,,,,,,,
128,115,112,0.001,0.807,0.855,0.858,0.804,0.084,0.109,0.115,0.031,117,115,0.001,0.807,0.850,0.855,0.800,0.080,0.113,0.115,0.036,129.000,115.000,0.005,0.831,0.846,0.843,0.805,0.071,0.098,0.119,0.034,,,,,,,,,,,
129,115,112,0.001,0.807,0.855,0.858,0.804,0.084,0.109,0.115,0.031,117,115,0.001,0.807,0.850,0.855,0.800,0.080,0.113,0.115,0.036,129.000,115.000,0.005,0.831,0.846,0.843,0.805,0.071,0.098,0.119,0.034,130.000,117.000,0.003,0.827,0.846,0.855,0.810,0.078,0.095,0.122,0.033
130,117,115,0.001,0.807,0.850,0.855,0.800,0.080,0.113,0.115,0.036,131,117,0.000,0.795,0.823,0.837,0.810,0.083,0.122,0.132,0.045,,,,,,,,,,,,,,,,,,,,,,
131,117,115,0.001,0.807,0.850,0.855,0.800,0.080,0.113,0.115,0.036,131,117,0.000,0.795,0.823,0.837,0.810,0.083,0.122,0.132,0.045,132.000,117.000,0.004,0.798,0.867,0.844,0.808,0.086,0.117,0.104,0.029,,,,,,,,,,,
132,117,115,0.001,0.807,0.850,0.855,0.800,0.080,0.113,0.115,0.036,131,117,0.000,0.795,0.823,0.837,0.810,0.083,0.122,0.132,0.045,132.000,117.000,0.004,0.798,0.867,0.844,0.808,0.086,0.117,0.104,0.029,133.000,132.000,0.006,0.812,0.894,0.864,0.832,0.076,0.112,0.106,0.000
133,117,115,0.001,0.807,0.850,0.855,0.800,0.080,0.113,0.115,0.036,131,117,0.000,0.795,0.823,0.837,0.810,0.083,0.122,0.132,0.045,132.000,117.000,0.004,0.798,0.867,0.844,0.808,0.086,0.117,0.104,0.029,134.000,117.000,0.004,0.795,0.843,0.848,0.819,0.092,0.112,0.115,0.042
134,117,115,0.001,0.807,0.850,0.855,0.800,0.080,0.113,0.115,0.036,131,117,0.000,0.795,0.823,0.837,0.810,0.083,0.122,0.132,0.045,134.000,117.000,0.004,0.795,0.843,0.848,0.819,0.092,0.112,0.115,0.042,135.000,117.000,0.003,0.792,0.849,0.859,0.804,0.090,0.119,0.119,0.032
135,131,117,0.000,0.795,0.823,0.837,0.810,0.083,0.122,0.132,0.045,136,131,0.002,0.796,0.823,0.828,0.807,0.077,0.127,0.132,0.045,,,,,,,,,,,,,,,,,,,,,,
136,131,117,0.000,0.795,0.823,0.837,0.810,0.083,0.122,0.132,0.045,136,131,0.002,0.796,0.823,0.828,0.807,0.077,0.127,0.132,0.045,,,,,,,,,,,,,,,,,,,,,,
137,136,131,0.002,0.796,0.823,0.828,0.807,0.077,0.127,0.132,0.045,138,136,0.000,0.804,0.836,0.811,0.811,0.073,0.123,0.132,0.032,,,,,,,,,,,,,,,,,,,,,,
138,136,131,0.002,0.796,0.823,0.828,0.807,0.077,0.127,0.132,0.045,138,136,0.000,0.804,0.836,0.811,0.811,0.073,0.123,0.132,0.032,139.000,138.000,0.000,0.804,0.840,0.823,0.821,0.072,0.124,0.125,0.035,,,,,,,,,,,
139,136,131,0.002,0.796,0.823,0.828,0.807,0.077,0.127,0.132,0.045,138,136,0.000,0.804,0.836,0.811,0.811,0.073,0.123,0.132,0.032,139.000,138.000,0.000,0.804,0.840,0.823,0.821,0.072,0.124,0.125,0.035,140.000,139.000,0.001,0.811,0.878,0.839,0.812,0.075,0.113,0.107,0.015
140,136,131,0.002,0.796,0.823,0.828,0.807,0.077,0.127,0.132,0.045,138,136,0.000,0.804,0.836,0.811,0.811,0.073,0.123,0.132,0.032,139.000,138.000,0.000,0.804,0.840,0.823,0.821,0.072,0.124,0.125,0.035,140.000,139.000,0.001,0.811,0.878,0.839,0.812,0.075,0.113,0.107,0.015
141,136,131,0.002,0.796,0.823,0.828,0.807,0.077,0.127,0.132,0.045,138,136,0.000,0.804,0.836,0.811,0.811,0.073,0.123,0.132,0.032,139.000,138.000,0.000,0.804,0.840,0.823,0.821,0.072,0.124,0.125,0.035,140.000,139.000,0.001,0.811,0.878,0.839,0.812,0.075,0.113,0.107,0.015
142,136,131,0.002,0.796,0.823,0.828,0.807,0.077,0.127,0.132,0.045,138,136,0.000,0.804,0.836,0.811,0.811,0.073,0.123,0.132,0.032,139.000,138.000,0.000,0.804,0.840,0.823,0.821,0.072,0.124,0.125,0.035,141.000,136.000,0.000,0.802,0.833,0.836,0.786,0.068,0.130,0.132,0.035
143,136,131,0.002,0.796,0.823,0.828,0.807,0.077,0.127,0.132,0.045,138,136,0.000,0.804,0.836,0.811,0.811,0.073,0.123,0.132,0.032,139.000,138.000,0.000,0.804,0.840,0.823,0.821,0.072,0.124,0.125,0.035,141.000,136.000,0.000,0.802,0.833,0.836,0.786,0.068,0.130,0.132,0.035
144,136,131,0.002,0.796,0.823,0.828,0.807,0.077,0.127,0.132,0.045,138,136,0.000,0.804,0.836,0.811,0.811,0.073,0.123,0.132,0.032,139.000,138.000,0.000,0.804,0.840,0.823,0.821,0.072,0.124,0.125,0.035,141.000,136.000,0.000,0.802,0.833,0.836,0.786,0.068,0.130,0.132,0.035
145,138,136,0.000,0.804,0.836,0.811,0.811,0.073,0.123,0.132,0.032,141,136,0.000,0.802,0.833,0.836,0.786,0.068,0.130,0.132,0.035,142.000,138.000,0.000,0.810,0.814,0.813,0.811,0.064,0.126,0.131,0.055,146.000,138.000,0.007,0.810,0.844,0.783,0.811,0.064,0.126,0.126,0.030
146,138,136,0.000,0.804,0.836,0.811,0.811,0.073,0.123,0.132,0.032,142,138,0.000,0.810,0.814,0.813,0.811,0.064,0.126,0.131,0.055,,,,,,,,,,,,,,,,,,,,,,
147,138,136,0.000,0.804,0.836,0.811,0.811,0.073,0.123,0.132,0.032,142,138,0.000,0.810,0.814,0.813,0.811,0.064,0.126,0.131,0.055,148.000,138.000,0.000,0.798,0.805,0.817,0.822,0.079,0.123,0.151,0.045,,,,,,,,,,,
148,138,136,0.000,0.804,0.836,0.811,0.811,0.073,0.123,0.132,0.032,142,138,0.000,0.810,0.814,0.813,0.811,0.064,0.126,0.131,0.055,148.000,138.000,0.000,0.798,0.805,0.817,0.822,0.079,0.123,0.151,0.045,149.000,138.000,0.003,0.798,0.821,0.815,0.818,0.084,0.117,0.138,0.041
149,138,136,0.000,0.804,0.836,0.811,0.811,0.073,0.123,0.132,0.032,142,138,0.000,0.810,0.814,0.813,0.811,0.064,0.126,0.131,0.055,148.000,138.000,0.000,0.798,0.805,0.817,0.822,0.079,0.123,0.151,0.045,149.000,138.000,0.003,0.798,0.821,0.815,0.818,0.084,0.117,0.138,0.041
150,138,136,0.000,0.804,0.836,0.811,0.811,0.073,0.123,0.132,0.032,142,138,0.000,0.810,0.814,0.813,0.811,0.064,0.126,0.131,0.055,148.000,138.000,0.000,0.798,0.805,0.817,0.822,0.079,0.123,0.151,0.045,149.000,138.000,0.003,0.798,0.821,0.815,0.818,0.084,0.117,0.138,0.041
151,142,138,0.000,0.810,0.814,0.813,0.811,0.064,0.126,0.131,0.055,148,138,0.000,0.798,0.805,0.817,0.822,0.079,0.123,0.151,0.045,,,,,,,,,,,,,,,,,,,,,,
152,142,138,0.000,0.810,0.814,0.813,0.811,0.064,0.126,0.131,0.055,148,138,0.000,0.798,0.805,0.817,0.822,0.079,0.123,0.151,0.045,,,,,,,,,,,,,,,,,,,,,,
153,148,138,0.000,0.798,0.805,0.817,0.822,0.079,0.123,0.151,0.045,154,148,0.000,0.780,0.803,0.813,0.799,0.085,0.135,0.150,0.046,,,,,,,,,,,,,,,,,,,,,,
154,148,138,0.000,0.798,0.805,0.817,0.822,0.079,0.123,0.151,0.045,154,148,0.000,0.780,0.803,0.813,0.799,0.085,0.135,0.150,0.046,155.000,154.000,0.000,0.779,0.819,0.823,0.800,0.079,0.142,0.138,0.043,,,,,,,,,,,
155,148,138,0.000,0.798,0.805,0.817,0.822,0.079,0.123,0.151,0.045,154,148,0.000,0.780,0.803,0.813,0.799,0.085,0.135,0.150,0.046,155.000,154.000,0.000,0.779,0.819,0.823,0.800,0.079,0.142,0.138,0.043,156.000,155.000,0.000,0.771,0.817,0.819,0.802,0.090,0.139,0.133,0.050
156,148,138,0.000,0.798,0.805,0.817,0.822,0.079,0.123,0.151,0.045,154,148,0.000,0.780,0.803,0.813,0.799,0.085,0.135,0.150,0.046,155.000,154.000,0.000,0.779,0.819,0.823,0.800,0.079,0.142,0.138,0.043,156.000,155.000,0.000,0.771,0.817,0.819,0.802,0.090,0.139,0.133,0.050
157,148,138,0.000,0.798,0.805,0.817,0.822,0.079,0.123,0.151,0.045,154,148,0.000,0.780,0.803,0.813,0.799,0.085,0.135,0.150,0.046,155.000,154.000,0.000,0.779,0.819,0.823,0.800,0.079,0.142,0.138,0.043,156.000,155.000,0.000,0.771,0.817,0.819,0.802,0.090,0.139,0.133,0.050
158,148,138,0.000,0.798,0.805,0.817,0.822,0.079,0.123,0.151,0.045,154,148,0.000,0.780,0.803,0.813,0.799,0.085,0.135,0.150,0.046,155.000,154.000,0.000,0.779,0.819,0.823,0.800,0.079,0.142,0.138,0.043,156.000,155.000,0.000,0.771,0.817,0.819,0.802,0.090,0.139,0.133,0.050
159,154,148,0.000,0.780,0.803,0.813,0.799,0.085,0.135,0.150,0.046,155,154,0.000,0.779,0.819,0.823,0.800,0.079,0.142,0.138,0.043,156.000,155.000,0.000,0.771,0.817,0.819,0.802,0.090,0.139,0.133,0.050,158.000,156.000,0.001,0.774,0.838,0.820,0.815,0.086,0.140,0.115,0.046
160,154,148,0.000,0.780,0.803,0.813,0.799,0.085,0.135,0.150,0.046,155,154,0.000,0.779,0.819,0.823,0.800,0.079,0.142,0.138,0.043,156.000,155.000,0.000,0.771,0.817,0.819,0.802,0.090,0.139,0.133,0.050,160.000,158.000,0.000,0.776,0.836,0.821,0.825,0.076,0.148,0.124,0.041
161,154,148,0.000,0.780,0.803,0.813,0.799,0.085,0.135,0.150,0.046,155,154,0.000,0.779,0.819,0.823,0.800,0.079,0.142,0.138,0.043,156.000,155.000,0.000,0.771,0.817,0.819,0.802,0.090,0.139,0.133,0.050,160.000,158.000,0.000,0.776,0.836,0.821,0.825,0.076,0.148,0.124,0.041
162,154,148,0.000,0.780,0.803,0.813,0.799,0.085,0.135,0.150,0.046,155,154,0.000,0.779,0.819,0.823,0.800,0.079,0.142,0.138,0.043,156.000,155.000,0.000,0.771,0.817,0.819,0.802,0.090,0.139,0.133,0.050,160.000,158.000,0.000,0.776,0.836,0.821,0.825,0.076,0.148,0.124,0.041
163,154,148,0.000,0.780,0.803,0.813,0.799,0.085,0.135,0.150,0.046,155,154,0.000,0.779,0.819,0.823,0.800,0.079,0.142,0.138,0.043,156.000,155.000,0.000,0.771,0.817,0.819,0.802,0.090,0.139,0.133,0.050,160.000,158.000,0.000,0.776,0.836,0.821,0.825,0.076,0.148,0.124,0.041
164,154,148,0.000,0.780,0.803,0.813,0.799,0.085,0.135,0.150,0.046,156,155,0.000,0.771,0.817,0.819,0.802,0.090,0.139,0.133,0.050,161.000,156.000,0.000,0.788,0.812,0.810,0.799,0.080,0.132,0.139,0.049,162.000,160.000,0.005,0.783,0.832,0.815,0.821,0.073,0.144,0.116,0.052
165,154,148,0.000,0.780,0.803,0.813,0.799,0.085,0.135,0.150,0.046,156,155,0.000,0.771,0.817,0.819,0.802,0.090,0.139,0.133,0.050,161.000,156.000,0.000,0.788,0.812,0.810,0.799,0.080,0.132,0.139,0.049,162.000,160.000,0.005,0.783,0.832,0.815,0.821,0.073,0.144,0.116,0.052
166,154,148,0.000,0.780,0.803,0.813,0.799,0.085,0.135,0.150,0.046,156,155,0.000,0.771,0.817,0.819,0.802,0.090,0.139,0.133,0.050,161.000,156.000,0.000,0.788,0.812,0.810,0.799,0.080,0.132,0.139,0.049,162.000,160.000,0.005,0.783,0.832,0.815,0.821,0.073,0.144,0.116,0.052
167,154,148,0.000,0.780,0.803,0.813,0.799,0.085,0.135,0.150,0.046,156,155,0.000,0.771,0.817,0.819,0.802,0.090,0.139,0.133,0.050,161.000,156.000,0.000,0.788,0.812,0.810,0.799,0.080,0.132,0.139,0.049,162.000,160.000,0.005,0.783,0.832,0.815,0.821,0.073,0.144,0.116,0.052
168,154,148,0.000,0.780,0.803,0.813,0.799,0.085,0.135,0.150,0.046,156,155,0.000,0.771,0.817,0.819,0.802,0.090,0.139,0.133,0.050,161.000,156.000,0.000,0.788,0.812,0.810,0.799,0.080,0.132,0.139,0.049,165.000,156.000,0.001,0.743,0.846,0.820,0.808,0.107,0.150,0.118,0.037
169,154,148,0.000,0.780,0.803,0.813,0.799,0.085,0.135,0.150,0.046,156,155,0.000,0.771,0.817,0.819,0.802,0.090,0.139,0.133,0.050,161.000,156.000,0.000,0.788,0.812,0.810,0.799,0.080,0.132,0.139,0.049,165.000,156.000,0.001,0.743,0.846,0.820,0.808,0.107,0.150,0.118,0.037
170,154,148,0.000,0.780,0.803,0.813,0.799,0.085,0.135,0.150,0.046,156,155,0.000,0.771,0.817,0.819,0.802,0.090,0.139,0.133,0.050,161.000,156.000,0.000,0.788,0.812,0.810,0.799,0.080,0.132,0.139,0.049,165.000,156.000,0.001,0.743,0.846,0.820,0.808,0.107,0.150,0.118,0.037
171,154,148,0.000,0.780,0.803,0.813,0.799,0.085,0.135,0.150,0.046,156,155,0.000,0.771,0.817,0.819,0.802,0.090,0.139,0.133,0.050,161.000,156.000,0.000,0.788,0.812,0.810,0.799,0.080,0.132,0.139,0.049,165.000,156.000,0.001,0.743,0.846,0.820,0.808,0.107,0.150,0.118,0.037
172,154,148,0.000,0.780,0.803,0.813,0.799,0.085,0.135,0.150,0.046,156,155,0.000,0.771,0.817,0.819,0.802,0.090,0.139,0.133,0.050,161.000,156.000,0.000,0.788,0.812,0.810,0.799,0.080,0.132,0.139,0.049,169.000,164.000,0.000,0.794,0.813,0.822,0.794,0.063,0.143,0.149,0.038
173,154,148,0.000,0.780,0.803,0.813,0.799,0.085,0.135,0.150,0.046,161,156,0.000,0.788,0.812,0.810,0.799,0.080,0.132,0.139,0.049,169.000,164.000,0.000,0.794,0.813,0.822,0.794,0.063,0.143,0.149,0.038,170.000,169.000,0.000,0.793,0.802,0.826,0.791,0.055,0.153,0.160,0.038
174,154,148,0.000,0.780,0.803,0.813,0.799,0.085,0.135,0.150,0.046,161,156,0.000,0.788,0.812,0.810,0.799,0.080,0.132,0.139,0.049,169.000,164.000,0.000,0.794,0.813,0.822,0.794,0.063,0.143,0.149,0.038,170.000,169.000,0.000,0.793,0.802,0.826,0.791,0.055,0.153,0.160,0.038
175,154,148,0.000,0.780,0.803,0.813,0.799,0.085,0.135,0.150,0.046,161,156,0.000,0.788,0.812,0.810,0.799,0.080,0.132,0.139,0.049,169.000,164.000,0.000,0.794,0.813,0.822,0.794,0.063,0.143,0.149,0.038,170.000,169.000,0.000,0.793,0.802,0.826,0.791,0.055,0.153,0.160,0.038
176,154,148,0.000,0.780,0.803,0.813,0.799,0.085,0.135,0.150,0.046,161,156,0.000,0.788,0.812,0.810,0.799,0.080,0.132,0.139,0.049,169.000,164.000,0.000,0.794,0.813,0.822,0.794,0.063,0.143,0.149,0.038,170.000,169.000,0.000,0.793,0.802,0.826,0.791,0.055,0.153,0.160,0.038
177,154,148,0.000,0.780,0.803,0.813,0.799,0.085,0.135,0.150,0.046,161,156,0.000,0.788,0.812,0.810,0.799,0.080,0.132,0.139,0.049,170.000,169.000,0.000,0.793,0.802,0.826,0.791,0.055,0.153,0.160,0.038,172.000,156.000,0.002,0.785,0.804,0.805,0.811,0.079,0.137,0.134,0.062
178,154,148,0.000,0.780,0.803,0.813,0.799,0.085,0.135,0.150,0.046,161,156,0.000,0.788,0.812,0.810,0.799,0.080,0.132,0.139,0.049,170.000,169.000,0.000,0.793,0.802,0.826,0.791,0.055,0.153,0.160,0.038,172.000,156.000,0.002,0.785,0.804,0.805,0.811,0.079,0.137,0.134,0.062
179,154,148,0.000,0.780,0.803,0.813,0.799,0.085,0.135,0.150,0.046,179,176,0.000,0.772,0.814,0.806,0.800,0.073,0.155,0.134,0.053,180.000,179.000,0.000,0.804,0.821,0.789,0.792,0.059,0.137,0.127,0.051,,,,,,,,,,,
180,154,148,0.000,0.780,0.803,0.813,0.799,0.085,0.135,0.150,0.046,179,176,0.000,0.772,0.814,0.806,0.800,0.073,0.155,0.134,0.053,180.000,179.000,0.000,0.804,0.821,0.789,0.792,0.059,0.137,0.127,0.051,181.000,179.000,0.000,0.778,0.830,0.813,0.786,0.057,0.165,0.136,0.034
181,154,148,0.000,0.780,0.803,0.813,0.799,0.085,0.135,0.150,0.046,179,176,0.000,0.772,0.814,0.806,0.800,0.073,0.155,0.134,0.053,181.000,179.000,0.000,0.778,0.830,0.813,0.786,0.057,0.165,0.136,0.034,182.000,154.000,0.000,0.790,0.810,0.807,0.786,0.078,0.132,0.149,0.041
182,154,148,0.000,0.780,0.803,0.813,0.799,0.085,0.135,0.150,0.046,179,176,0.000,0.772,0.814,0.806,0.800,0.073,0.155,0.134,0.053,181.000,179.000,0.000,0.778,0.830,0.813,0.786,0.057,0.165,0.136,0.034,182.000,154.000,0.000,0.790,0.810,0.807,0.786,0.078,0.132,0.149,0.041
183,154,148,0.000,0.780,0.803,0.813,0.799,0.085,0.135,0.150,0.046,179,176,0.000,0.772,0.814,0.806,0.800,0.073,0.155,0.134,0.053,182.000,154.000,0.000,0.790,0.810,0.807,0.786,0.078,0.132,0.149,0.041,184.000,182.000,0.013,0.770,0.811,0.809,0.777,0.086,0.144,0.148,0.042
184,154,148,0.000,0.780,0.803,0.813,0.799,0.085,0.135,0.150,0.046,179,176,0.000,0.772,0.814,0.806,0.800,0.073,0.155,0.134,0.053,182.000,154.000,0.000,0.790,0.810,0.807,0.786,0.078,0.132,0.149,0.041,184.000,182.000,0.013,0.770,0.811,0.809,0.777,0.086,0.144,0.148,0.042
185,154,148,0.000,0.780,0.803,0.813,0.799,0.085,0.135,0.150,0.046,179,176,0.000,0.772,0.814,0.806,0.800,0.073,0.155,0.134,0.053,182.000,154.000,0.000,0.790,0.810,0.807,0.786,0.078,0.132,0.149,0.041,184.000,182.000,0.013,0.770,0.811,0.809,0.777,0.086,0.144,0.148,0.042
186,154,148,0.000,0.780,0.803,0.813,0.799,0.085,0.135,0.150,0.046,179,176,0.000,0.772,0.814,0.806,0.800,0.073,0.155,0.134,0.053,182.000,154.000,0.000,0.790,0.810,0.807,0.786,0.078,0.132,0.149,0.041,185.000,182.000,0.000,0.787,0.818,0.820,0.796,0.081,0.133,0.151,0.031
187,154,148,0.000,0.780,0.803,0.813,0.799,0.085,0.135,0.150,0.046,179,176,0.000,0.772,0.814,0.806,0.800,0.073,0.155,0.134,0.053,182.000,154.000,0.000,0.790,0.810,0.807,0.786,0.078,0.132,0.149,0.041,185.000,182.000,0.000,0.787,0.818,0.820,0.796,0.081,0.133,0.151,0.031
188,154,148,0.000,0.780,0.803,0.813,0.799,0.085,0.135,0.150,0.046,186,182,0.000,0.790,0.784,0.796,0.771,0.078,0.131,0.169,0.047,,,,,,,,,,,,,,,,,,,,,,
189,154,148,0.000,0.780,0.803,0.813,0.799,0.085,0.135,0.150,0.046,186,182,0.000,0.790,0.784,0.796,0.771,0.078,0.131,0.169,0.047,190.000,154.000,0.000,0.768,0.804,0.829,0.814,0.079,0.154,0.144,0.052,,,,,,,,,,,
190,154,148,0.000,0.780,0.803,0.813,0.799,0.085,0.135,0.150,0.046,186,182,0.000,0.790,0.784,0.796,0.771,0.078,0.131,0.169,0.047,190.000,154.000,0.000,0.768,0.804,0.829,0.814,0.079,0.154,0.144,0.052,191.000,190.000,0.001,0.777,0.823,0.837,0.810,0.077,0.147,0.142,0.035
191,154,148,0.000,0.780,0.803,0.813,0.799,0.085,0.135,0.150,0.046,186,182,0.000,0.790,0.784,0.796,0.771,0.078,0.131,0.169,0.047,190.000,154.000,0.000,0.768,0.804,0.829,0.814,0.079,0.154,0.144,0.052,191.000,190.000,0.001,0.777,0.823,0.837,0.810,0.077,0.147,0.142,0.035
192,154,148,0.000,0.780,0.803,0.813,0.799,0.085,0.135,0.150,0.046,186,182,0.000,0.790,0.784,0.796,0.771,0.078,0.131,0.169,0.047,190.000,154.000,0.000,0.768,0.804,0.829,0.814,0.079,0.154,0.144,0.052,191.000,190.000,0.001,0.777,0.823,0.837,0.810,0.077,0.147,0.142,0.035
193,154,148,0.000,0.780,0.803,0.813,0.799,0.085,0.135,0.150,0.046,186,182,0.000,0.790,0.784,0.796,0.771,0.078,0.131,0.169,0.047,192.000,190.000,0.000,0.768,0.786,0.825,0.818,0.076,0.156,0.152,0.063,194.000,190.000,0.000,0.773,0.789,0.825,0.827,0.080,0.147,0.146,0.065
194,154,148,0.000,0.780,0.803,0.813,0.799,0.085,0.135,0.150,0.046,186,182,0.000,0.790,0.784,0.796,0.771,0.078,0.131,0.169,0.047,192.000,190.000,0.000,0.768,0.786,0.825,0.818,0.076,0.156,0.152,0.063,194.000,190.000,0.000,0.773,0.789,0.825,0.827,0.080,0.147,0.146,0.065
195,154,148,0.000,0.780,0.803,0.813,0.799,0.085,0.135,0.150,0.046,186,182,0.000,0.790,0.784,0.796,0.771,0.078,0.131,0.169,0.047,192.000,190.000,0.000,0.768,0.786,0.825,0.818,0.076,0.156,0.152,0.063,194.000,190.000,0.000,0.773,0.789,0.825,0.827,0.080,0.147,0.146,0.065
196,154,148,0.000,0.780,0.803,0.813,0.799,0.085,0.135,0.150,0.046,186,182,0.000,0.790,0.784,0.796,0.771,0.078,0.131,0.169,0.047,192.000,190.000,0.000,0.768,0.786,0.825,0.818,0.076,0.156,0.152,0.063,194.000,190.000,0.000,0.773,0.789,0.825,0.827,0.080,0.147,0.146,0.065
197,154,148,0.000,0.780,0.803,0.813,0.799,0.085,0.135,0.150,0.046,186,182,0.000,0.790,0.784,0.796,0.771,0.078,0.131,0.169,0.047,192.000,190.000,0.000,0.768,0.786,0.825,0.818,0.076,0.156,0.152,0.063,196.000,195.000,0.000,0.778,0.794,0.838,0.809,0.071,0.151,0.146,0.059
198,186,182,0.000,0.790,0.784,0.796,0.771,0.078,0.131,0.169,0.047,192,190,0.000,0.768,0.786,0.825,0.818,0.076,0.156,0.152,0.063,199.000,197.000,0.000,0.789,0.812,0.824,0.840,0.065,0.146,0.128,0.060,,,,,,,,,,,
199,186,182,0.000,0.790,0.784,0.796,0.771,0.078,0.131,0.169,0.047,199,197,0.000,0.789,0.812,0.824,0.840,0.065,0.146,0.128,0.060,200.000,192.000,0.000,0.765,0.782,0.830,0.818,0.075,0.160,0.149,0.069,,,,,,,,,,,
200,186,182,0.000,0.790,0.784,0.796,0.771,0.078,0.131,0.169,0.047,200,192,0.000,0.765,0.782,0.830,0.818,0.075,0.160,0.149,0.069,201.000,200.000,0.001,0.765,0.780,0.851,0.816,0.075,0.159,0.147,0.073,,,,,,,,,,,
201,186,182,0.000,0.790,0.784,0.796,0.771,0.078,0.131,0.169,0.047,200,192,0.000,0.765,0.782,0.830,0.818,0.075,0.160,0.149,0.069,201.000,200.000,0.001,0.765,0.780,0.851,0.816,0.075,0.159,0.147,0.073,202.000,186.000,0.000,0.796,0.786,0.804,0.763,0.085,0.119,0.165,0.049
202,186,182,0.000,0.790,0.784,0.796,0.771,0.078,0.131,0.169,0.047,202,186,0.000,0.796,0.786,0.804,0.763,0.085,0.119,0.165,0.049,203.000,200.000,0.000,0.773,0.781,0.811,0.827,0.067,0.160,0.140,0.079,,,,,,,,,,,
203,186,182,0.000,0.790,0.784,0.796,0.771,0.078,0.131,0.169,0.047,202,186,0.000,0.796,0.786,0.804,0.763,0.085,0.119,0.165,0.049,203.000,200.000,0.000,0.773,0.781,0.811,0.827,0.067,0.160,0.140,0.079,204.000,203.000,0.000,0.783,0.771,0.819,0.832,0.076,0.140,0.138,0.090
204,186,182,0.000,0.790,0.784,0.796,0.771,0.078,0.131,0.169,0.047,202,186,0.000,0.796,0.786,0.804,0.763,0.085,0.119,0.165,0.049,203.000,200.000,0.000,0.773,0.781,0.811,0.827,0.067,0.160,0.140,0.079,204.000,203.000,0.000,0.783,0.771,0.819,0.832,0.076,0.140,0.138,0.090
205,186,182,0.000,0.790,0.784,0.796,0.771,0.078,0.131,0.169,0.047,202,186,0.000,0.796,0.786,0.804,0.763,0.085,0.119,0.165,0.049,204.000,203.000,0.000,0.783,0.771,0.819,0.832,0.076,0.140,0.138,0.090,205.000,202.000,0.000,0.800,0.810,0.804,0.783,0.066,0.134,0.151,0.039
206,186,182,0.000,0.790,0.784,0.796,0.771,0.078,0.131,0.169,0.047,202,186,0.000,0.796,0.786,0.804,0.763,0.085,0.119,0.165,0.049,205.000,202.000,0.000,0.800,0.810,0.804,0.783,0.066,0.134,0.151,0.039,206.000,205.000,0.002,0.788,0.827,0.798,0.773,0.067,0.145,0.145,0.027
207,186,182,0.000,0.790,0.784,0.796,0.771,0.078,0.131,0.169,0.047,202,186,0.000,0.796,0.786,0.804,0.763,0.085,0.119,0.165,0.049,205.000,202.000,0.000,0.800,0.810,0.804,0.783,0.066,0.134,0.151,0.039,206.000,205.000,0.002,0.788,0.827,0.798,0.773,0.067,0.145,0.145,0.027
208,186,182,0.000,0.790,0.784,0.796,0.771,0.078,0.131,0.169,0.047,202,186,0.000,0.796,0.786,0.804,0.763,0.085,0.119,0.165,0.049,205.000,202.000,0.000,0.800,0.810,0.804,0.783,0.066,0.134,0.151,0.039,206.000,205.000,0.002,0.788,0.827,0.798,0.773,0.067,0.145,0.145,0.027
209,186,182,0.000,0.790,0.784,0.796,0.771,0.078,0.131,0.169,0.047,202,186,0.000,0.796,0.786,0.804,0.763,0.085,0.119,0.165,0.049,205.000,202.000,0.000,0.800,0.810,0.804,0.783,0.066,0.134,0.151,0.039,206.000,205.000,0.002,0.788,0.827,0.798,0.773,0.067,0.145,0.145,0.027
210,186,182,0.000,0.790,0.784,0.796,0.771,0.078,0.131,0.169,0.047,202,186,0.000,0.796,0.786,0.804,0.763,0.085,0.119,0.165,0.049,205.000,202.000,0.000,0.800,0.810,0.804,0.783,0.066,0.134,0.151,0.039,206.000,205.000,0.002,0.788,0.827,0.798,0.773,0.067,0.145,0.145,0.027
211,186,182,0.000,0.790,0.784,0.796,0.771,0.078,0.131,0.169,0.047,202,186,0.000,0.796,0.786,0.804,0.763,0.085,0.119,0.165,0.049,205.000,202.000,0.000,0.800,0.810,0.804,0.783,0.066,0.134,0.151,0.039,206.000,205.000,0.002,0.788,0.827,0.798,0.773,0.067,0.145,0.145,0.027
212,186,182,0.000,0.790,0.784,0.796,0.771,0.078,0.131,0.169,0.047,202,186,0.000,0.796,0.786,0.804,0.763,0.085,0.119,0.165,0.049,205.000,202.000,0.000,0.800,0.810,0.804,0.783,0.066,0.134,0.151,0.039,206.000,205.000,0.002,0.788,0.827,0.798,0.773,0.067,0.145,0.145,0.027
213,186,182,0.000,0.790,0.784,0.796,0.771,0.078,0.131,0.169,0.047,202,186,0.000,0.796,0.786,0.804,0.763,0.085,0.119,0.165,0.049,205.000,202.000,0.000,0.800,0.810,0.804,0.783,0.066,0.134,0.151,0.039,206.000,205.000,0.002,0.788,0.827,0.798,0.773,0.067,0.145,0.145,0.027
214,186,182,0.000,0.790,0.784,0.796,0.771,0.078,0.131,0.169,0.047,202,186,0.000,0.796,0.786,0.804,0.763,0.085,0.119,0.165,0.049,210.000,205.000,0.001,0.809,0.797,0.805,0.790,0.069,0.122,0.166,0.037,213.000,205.000,0.003,0.805,0.807,0.813,0.791,0.062,0.133,0.144,0.049
215,186,182,0.000,0.790,0.784,0.796,0.771,0.078,0.131,0.169,0.047,202,186,0.000,0.796,0.786,0.804,0.763,0.085,0.119,0.165,0.049,210.000,205.000,0.001,0.809,0.797,0.805,0.790,0.069,0.122,0.166,0.037,213.000,205.000,0.003,0.805,0.807,0.813,0.791,0.062,0.133,0.144,0.049
216,186,182,0.000,0.790,0.784,0.796,0.771,0.078,0.131,0.169,0.047,202,186,0.000,0.796,0.786,0.804,0.763,0.085,0.119,0.165,0.049,210.000,205.000,0.001,0.809,0.797,0.805,0.790,0.069,0.122,0.166,0.037,213.000,205.000,0.003,0.805,0.807,0.813,0.791,0.062,0.133,0.144,0.049
217,186,182,0.000,0.790,0.784,0.796,0.771,0.078,0.131,0.169,0.047,202,186,0.000,0.796,0.786,0.804,0.763,0.085,0.119,0.165,0.049,210.000,205.000,0.001,0.809,0.797,0.805,0.790,0.069,0.122,0.166,0.037,214.000,202.000,0.000,0.797,0.801,0.799,0.772,0.093,0.111,0.156,0.043
218,186,182,0.000,0.790,0.784,0.796,0.771,0.078,0.131,0.169,0.047,202,186,0.000,0.796,0.786,0.804,0.763,0.085,0.119,0.165,0.049,210.000,205.000,0.001,0.809,0.797,0.805,0.790,0.069,0.122,0.166,0.037,214.000,202.000,0.000,0.797,0.801,0.799,0.772,0.093,0.111,0.156,0.043
219,186,182,0.000,0.790,0.784,0.796,0.771,0.078,0.131,0.169,0.047,202,186,0.000,0.796,0.786,0.804,0.763,0.085,0.119,0.165,0.049,214.000,202.000,0.000,0.797,0.801,0.799,0.772,0.093,0.111,0.156,0.043,218.000,210.000,0.006,0.816,0.802,0.803,0.775,0.066,0.118,0.164,0.033
220,186,182,0.000,0.790,0.784,0.796,0.771,0.078,0.131,0.169,0.047,202,186,0.000,0.796,0.786,0.804,0.763,0.085,0.119,0.165,0.049,214.000,202.000,0.000,0.797,0.801,0.799,0.772,0.093,0.111,0.156,0.043,218.000,210.000,0.006,0.816,0.802,0.803,0.775,0.066,0.118,0.164,0.033
221,186,182,0.000,0.790,0.784,0.796,0.771,0.078,0.131,0.169,0.047,202,186,0.000,0.796,0.786,0.804,0.763,0.085,0.119,0.165,0.049,214.000,202.000,0.000,0.797,0.801,0.799,0.772,0.093,0.111,0.156,0.043,218.000,210.000,0.006,0.816,0.802,0.803,0.775,0.066,0.118,0.164,0.033
222,186,182,0.000,0.790,0.784,0.796,0.771,0.078,0.131,0.169,0.047,214,202,0.000,0.797,0.801,0.799,0.772,0.093,0.111,0.156,0.043,220.000,186.000,0.000,0.802,0.760,0.786,0.764,0.068,0.131,0.189,0.051,222.000,186.000,0.000,0.778,0.784,0.791,0.769,0.089,0.134,0.175,0.041
223,186,182,0.000,0.790,0.784,0.796,0.771,0.078,0.131,0.169,0.047,220,186,0.000,0.802,0.760,0.786,0.764,0.068,0.131,0.189,0.051,222.000,186.000,0.000,0.778,0.784,0.791,0.769,0.089,0.134,0.175,0.041,224.000,223.000,0.004,0.802,0.808,0.788,0.780,0.077,0.121,0.145,0.047
224,220,186,0.000,0.802,0.760,0.786,0.764,0.068,0.131,0.189,0.051,222,186,0.000,0.778,0.784,0.791,0.769,0.089,0.134,0.175,0.041,,,,,,,,,,,,,,,,,,,,,,
225,220,186,0.000,0.802,0.760,0.786,0.764,0.068,0.131,0.189,0.051,222,186,0.000,0.778,0.784,0.791,0.769,0.089,0.134,0.175,0.041,,,,,,,,,,,,,,,,,,,,,,
226,220,186,0.000,0.802,0.760,0.786,0.764,0.068,0.131,0.189,0.051,222,186,0.000,0.778,0.784,0.791,0.769,0.089,0.134,0.175,0.041,227.000,220.000,0.000,0.796,0.741,0.793,0.757,0.062,0.142,0.195,0.063,,,,,,,,,,,
227,222,186,0.000,0.778,0.784,0.791,0.769,0.089,0.134,0.175,0.041,227,220,0.000,0.796,0.741,0.793,0.757,0.062,0.142,0.195,0.063,228.000,227.000,0.002,0.779,0.743,0.797,0.761,0.083,0.138,0.201,0.056,,,,,,,,,,,
228,222,186,0.000,0.778,0.784,0.791,0.769,0.089,0.134,0.175,0.041,227,220,0.000,0.796,0.741,0.793,0.757,0.062,0.142,0.195,0.063,228.000,227.000,0.002,0.779,0.743,0.797,0.761,0.083,0.138,0.201,0.056,229.000,228.000,0.004,0.771,0.721,0.802,0.764,0.083,0.145,0.212,0.067
229,222,186,0.000,0.778,0.784,0.791,0.769,0.089,0.134,0.175,0.041,227,220,0.000,0.796,0.741,0.793,0.757,0.062,0.142,0.195,0.063,228.000,227.000,0.002,0.779,0.743,0.797,0.761,0.083,0.138,0.201,0.056,229.000,228.000,0.004,0.771,0.721,0.802,0.764,0.083,0.145,0.212,0.067
230,222,186,0.000,0.778,0.784,0.791,0.769,0.089,0.134,0.175,0.041,227,220,0.000,0.796,0.741,0.793,0.757,0.062,0.142,0.195,0.063,228.000,227.000,0.002,0.779,0.743,0.797,0.761,0.083,0.138,0.201,0.056,229.000,228.000,0.004,0.771,0.721,0.802,0.764,0.083,0.145,0.212,0.067
231,228,227,0.002,0.779,0.743,0.797,0.761,0.083,0.138,0.201,0.056,232,222,0.001,0.768,0.777,0.777,0.769,0.098,0.134,0.191,0.032,,,,,,,,,,,,,,,,,,,,,,
232,228,227,0.002,0.779,0.743,0.797,0.761,0.083,0.138,0.201,0.056,232,222,0.001,0.768,0.777,0.777,0.769,0.098,0.134,0.191,0.032,,,,,,,,,,,,,,,,,,,,,,
233,232,222,0.001,0.768,0.777,0.777,0.769,0.098,0.134,0.191,0.032,234,232,0.000,0.773,0.769,0.766,0.772,0.092,0.135,0.186,0.045,,,,,,,,,,,,,,,,,,,,,,
234,232,222,0.001,0.768,0.777,0.777,0.769,0.098,0.134,0.191,0.032,234,232,0.000,0.773,0.769,0.766,0.772,0.092,0.135,0.186,0.045,235.000,234.000,0.000,0.770,0.771,0.776,0.755,0.098,0.132,0.183,0.045,,,,,,,,,,,
235,232,222,0.001,0.768,0.777,0.777,0.769,0.098,0.134,0.191,0.032,234,232,0.000,0.773,0.769,0.766,0.772,0.092,0.135,0.186,0.045,235.000,234.000,0.000,0.770,0.771,0.776,0.755,0.098,0.132,0.183,0.045,236.000,235.000,0.000,0.770,0.764,0.766,0.759,0.105,0.125,0.187,0.049
236,232,222,0.001,0.768,0.777,0.777,0.769,0.098,0.134,0.191,0.032,234,232,0.000,0.773,0.769,0.766,0.772,0.092,0.135,0.186,0.045,235.000,234.000,0.000,0.770,0.771,0.776,0.755,0.098,0.132,0.183,0.045,236.000,235.000,0.000,0.770,0.764,0.766,0.759,0.105,0.125,0.187,0.049
237,234,232,0.000,0.773,0.769,0.766,0.772,0.092,0.135,0.186,0.045,238,234,0.000,0.763,0.768,0.769,0.764,0.103,0.135,0.188,0.045,,,,,,,,,,,,,,,,,,,,,,
238,234,232,0.000,0.773,0.769,0.766,0.772,0.092,0.135,0.186,0.045,238,234,0.000,0.763,0.768,0.769,0.764,0.103,0.135,0.188,0.045,239.000,238.000,0.000,0.752,0.760,0.778,0.768,0.110,0.137,0.194,0.046,,,,,,,,,,,
239,234,232,0.000,0.773,0.769,0.766,0.772,0.092,0.135,0.186,0.045,238,234,0.000,0.763,0.768,0.769,0.764,0.103,0.135,0.188,0.045,239.000,238.000,0.000,0.752,0.760,0.778,0.768,0.110,0.137,0.194,0.046,240.000,234.000,0.002,0.781,0.762,0.766,0.782,0.107,0.112,0.187,0.052
240,234,232,0.000,0.773,0.769,0.766,0.772,0.092,0.135,0.186,0.045,238,234,0.000,0.763,0.768,0.769,0.764,0.103,0.135,0.188,0.045,239.000,238.000,0.000,0.752,0.760,0.778,0.768,0.110,0.137,0.194,0.046,241.000,239.000,0.000,0.768,0.740,0.787,0.772,0.105,0.128,0.204,0.056
241,234,232,0.000,0.773,0.769,0.766,0.772,0.092,0.135,0.186,0.045,238,234,0.000,0.763,0.768,0.769,0.764,0.103,0.135,0.188,0.045,239.000,238.000,0.000,0.752,0.760,0.778,0.768,0.110,0.137,0.194,0.046,241.000,239.000,0.000,0.768,0.740,0.787,0.772,0.105,0.128,0.204,0.056
242,234,232,0.000,0.773,0.769,0.766,0.772,0.092,0.135,0.186,0.045,238,234,0.000,0.763,0.768,0.769,0.764,0.103,0.135,0.188,0.045,239.000,238.000,0.000,0.752,0.760,0.778,0.768,0.110,0.137,0.194,0.046,241.000,239.000,0.000,0.768,0.740,0.787,0.772,0.105,0.128,0.204,0.056
243,234,232,0.000,0.773,0.769,0.766,0.772,0.092,0.135,0.186,0.045,238,234,0.000,0.763,0.768,0.769,0.764,0.103,0.135,0.188,0.045,239.000,238.000,0.000,0.752,0.760,0.778,0.768,0.110,0.137,0.194,0.046,241.000,239.000,0.000,0.768,0.740,0.787,0.772,0.105,0.128,0.204,0.056
244,234,232,0.000,0.773,0.769,0.766,0.772,0.092,0.135,0.186,0.045,238,234,0.000,0.763,0.768,0.769,0.764,0.103,0.135,0.188,0.045,239.000,238.000,0.000,0.752,0.760,0.778,0.768,0.110,0.137,0.194,0.046,241.000,239.000,0.000,0.768,0.740,0.787,0.772,0.105,0.128,0.204,0.056
245,234,232,0.000,0.773,0.769,0.766,0.772,0.092,0.135,0.186,0.045,238,234,0.000,0.763,0.768,0.769,0.764,0.103,0.135,0.188,0.045,239.000,238.000,0.000,0.752,0.760,0.778,0.768,0.110,0.137,0.194,0.046,241.000,239.000,0.000,0.768,0.740,0.787,0.772,0.105,0.128,0.204,0.056
246,234,232,0.000,0.773,0.769,0.766,0.772,0.092,0.135,0.186,0.045,238,234,0.000,0.763,0.768,0.769,0.764,0.103,0.135,0.188,0.045,239.000,238.000,0.000,0.752,0.760,0.778,0.768,0.110,0.137,0.194,0.046,241.000,239.000,0.000,0.768,0.740,0.787,0.772,0.105,0.128,0.204,0.056
247,234,232,0.000,0.773,0.769,0.766,0.772,0.092,0.135,0.186,0.045,239,238,0.000,0.752,0.760,0.778,0.768,0.110,0.137,0.194,0.046,241.000,239.000,0.000,0.768,0.740,0.787,0.772,0.105,0.128,0.204,0.056,242.000,239.000,0.000,0.752,0.765,0.776,0.779,0.102,0.146,0.198,0.037
248,234,232,0.000,0.773,0.769,0.766,0.772,0.092,0.135,0.186,0.045,239,238,0.000,0.752,0.760,0.778,0.768,0.110,0.137,0.194,0.046,241.000,239.000,0.000,0.768,0.740,0.787,0.772,0.105,0.128,0.204,0.056,242.000,239.000,0.000,0.752,0.765,0.776,0.779,0.102,0.146,0.198,0.037
249,239,238,0.000,0.752,0.760,0.778,0.768,0.110,0.137,0.194,0.046,241,239,0.000,0.768,0.740,0.787,0.772,0.105,0.128,0.204,0.056,242.000,239.000,0.000,0.752,0.765,0.776,0.779,0.102,0.146,0.198,0.037,246.000,238.000,0.003,0.748,0.774,0.762,0.761,0.110,0.143,0.186,0.040
250,239,238,0.000,0.752,0.760,0.778,0.768,0.110,0.137,0.194,0.046,242,239,0.000,0.752,0.765,0.776,0.779,0.102,0.146,0.198,0.037,246.000,238.000,0.003,0.748,0.774,0.762,0.761,0.110,0.143,0.186,0.040,248.000,246.000,0.002,0.730,0.784,0.764,0.747,0.112,0.158,0.189,0.027
251,239,238,0.000,0.752,0.760,0.778,0.768,0.110,0.137,0.194,0.046,242,239,0.000,0.752,0.765,0.776,0.779,0.102,0.146,0.198,0.037,252.000,242.000,0.001,0.734,0.771,0.780,0.776,0.112,0.154,0.192,0.037,,,,,,,,,,,
252,239,238,0.000,0.752,0.760,0.778,0.768,0.110,0.137,0.194,0.046,242,239,0.000,0.752,0.765,0.776,0.779,0.102,0.146,0.198,0.037,252.000,242.000,0.001,0.734,0.771,0.780,0.776,0.112,0.154,0.192,0.037,253.000,239.000,0.000,0.736,0.763,0.780,0.764,0.112,0.152,0.196,0.041
253,242,239,0.000,0.752,0.765,0.776,0.779,0.102,0.146,0.198,0.037,253,239,0.000,0.736,0.763,0.780,0.764,0.112,0.152,0.196,0.041,254.000,253.000,0.000,0.734,0.756,0.771,0.763,0.118,0.148,0.216,0.028,,,,,,,,,,,
254,242,239,0.000,0.752,0.765,0.776,0.779,0.102,0.146,0.198,0.037,253,239,0.000,0.736,0.763,0.780,0.764,0.112,0.152,0.196,0.041,254.000,253.000,0.000,0.734,0.756,0.771,0.763,0.118,0.148,0.216,0.028,255.000,242.000,0.008,0.756,0.771,0.761,0.772,0.111,0.133,0.207,0.022
255,242,239,0.000,0.752,0.765,0.776,0.779,0.102,0.146,0.198,0.037,253,239,0.000,0.736,0.763,0.780,0.764,0.112,0.152,0.196,0.041,254.000,253.000,0.000,0.734,0.756,0.771,0.763,0.118,0.148,0.216,0.028,255.000,242.000,0.008,0.756,0.771,0.761,0.772,0.111,0.133,0.207,0.022
256,242,239,0.000,0.752,0.765,0.776,0.779,0.102,0.146,0.198,0.037,253,239,0.000,0.736,0.763,0.780,0.764,0.112,0.152,0.196,0.041,254.000,253.000,0.000,0.734,0.756,0.771,0.763,0.118,0.148,0.216,0.028,256.000,242.000,0.000,0.738,0.761,0.762,0.769,0.111,0.151,0.207,0.032
257,242,239,0.000,0.752,0.765,0.776,0.779,0.102,0.146,0.198,0.037,253,239,0.000,0.736,0.763,0.780,0.764,0.112,0.152,0.196,0.041,254.000,253.000,0.000,0.734,0.756,0.771,0.763,0.118,0.148,0.216,0.028,256.000,242.000,0.000,0.738,0.761,0.762,0.769,0.111,0.151,0.207,0.032
258,242,239,0.000,0.752,0.765,0.776,0.779,0.102,0.146,0.198,0.037,253,239,0.000,0.736,0.763,0.780,0.764,0.112,0.152,0.196,0.041,254.000,253.000,0.000,0.734,0.756,0.771,0.763,0.118,0.148,0.216,0.028,256.000,242.000,0.000,0.738,0.761,0.762,0.769,0.111,0.151,0.207,0.032
259,242,239,0.000,0.752,0.765,0.776,0.779,0.102,0.146,0.198,0.037,253,239,0.000,0.736,0.763,0.780,0.764,0.112,0.152,0.196,0.041,254.000,253.000,0.000,0.734,0.756,0.771,0.763,0.118,0.148,0.216,0.028,256.000,242.000,0.000,0.738,0.761,0.762,0.769,0.111,0.151,0.207,0.032
260,242,239,0.000,0.752,0.765,0.776,0.779,0.102,0.146,0.198,0.037,253,239,0.000,0.736,0.763,0.780,0.764,0.112,0.152,0.196,0.041,254.000,253.000,0.000,0.734,0.756,0.771,0.763,0.118,0.148,0.216,0.028,256.000,242.000,0.000,0.738,0.761,0.762,0.769,0.111,0.151,0.207,0.032
261,242,239,0.000,0.752,0.765,0.776,0.779,0.102,0.146,0.198,0.037,253,239,0.000,0.736,0.763,0.780,0.764,0.112,0.152,0.196,0.041,254.000,253.000,0.000,0.734,0.756,0.771,0.763,0.118,0.148,0.216,0.028,256.000,242.000,0.000,0.738,0.761,0.762,0.769,0.111,0.151,0.207,0.032
262,242,239,0.000,0.752,0.765,0.776,0.779,0.102,0.146,0.198,0.037,253,239,0.000,0.736,0.763,0.780,0.764,0.112,0.152,0.196,0.041,254.000,253.000,0.000,0.734,0.756,0.771,0.763,0.118,0.148,0.216,0.028,256.000,242.000,0.000,0.738,0.761,0.762,0.769,0.111,0.151,0.207,0.032
263,242,239,0.000,0.752,0.765,0.776,0.779,0.102,0.146,0.198,0.037,253,239,0.000,0.736,0.763,0.780,0.764,0.112,0.152,0.196,0.041,254.000,253.000,0.000,0.734,0.756,0.771,0.763,0.118,0.148,0.216,0.028,256.000,242.000,0.000,0.738,0.761,0.762,0.769,0.111,0.151,0.207,0.032
264,242,239,0.000,0.752,0.765,0.776,0.779,0.102,0.146,0.198,0.037,253,239,0.000,0.736,0.763,0.780,0.764,0.112,0.152,0.196,0.041,254.000,253.000,0.000,0.734,0.756,0.771,0.763,0.118,0.148,0.216,0.028,256.000,242.000,0.000,0.738,0.761,0.762,0.769,0.111,0.151,0.207,0.032
265,242,239,0.000,0.752,0.765,0.776,0.779,0.102,0.146,0.198,0.037,253,239,0.000,0.736,0.763,0.780,0.764,0.112,0.152,0.196,0.041,256.000,242.000,0.000,0.738,0.761,0.762,0.769,0.111,0.151,0.207,0.032,259.000,242.000,0.005,0.749,0.753,0.779,0.783,0.109,0.142,0.196,0.051
266,242,239,0.000,0.752,0.765,0.776,0.779,0.102,0.146,0.198,0.037,253,239,0.000,0.736,0.763,0.780,0.764,0.112,0.152,0.196,0.041,256.000,242.000,0.000,0.738,0.761,0.762,0.769,0.111,0.151,0.207,0.032,259.000,242.000,0.005,0.749,0.753,0.779,0.783,0.109,0.142,0.196,0.051
267,242,239,0.000,0.752,0.765,0.776,0.779,0.102,0.146,0.198,0.037,253,239,0.000,0.736,0.763,0.780,0.764,0.112,0.152,0.196,0.041,256.000,242.000,0.000,0.738,0.761,0.762,0.769,0.111,0.151,0.207,0.032,259.000,242.000,0.005,0.749,0.753,0.779,0.783,0.109,0.142,0.196,0.051
268,242,239,0.000,0.752,0.765,0.776,0.779,0.102,0.146,0.198,0.037,253,239,0.000,0.736,0.763,0.780,0.764,0.112,0.152,0.196,0.041,256.000,242.000,0.000,0.738,0.761,0.762,0.769,0.111,0.151,0.207,0.032,264.000,253.000,0.000,0.744,0.762,0.790,0.795,0.118,0.138,0.192,0.046
269,242,239,0.000,0.752,0.765,0.776,0.779,0.102,0.146,0.198,0.037,253,239,0.000,0.736,0.763,0.780,0.764,0.112,0.152,0.196,0.041,256.000,242.000,0.000,0.738,0.761,0.762,0.769,0.111,0.151,0.207,0.032,268.000,264.000,0.000,0.739,0.775,0.784,0.810,0.108,0.153,0.186,0.039
270,242,239,0.000,0.752,0.765,0.776,0.779,0.102,0.146,0.198,0.037,253,239,0.000,0.736,0.763,0.780,0.764,0.112,0.152,0.196,0.041,256.000,242.000,0.000,0.738,0.761,0.762,0.769,0.111,0.151,0.207,0.032,268.000,264.000,0.000,0.739,0.775,0.784,0.810,0.108,0.153,0.186,0.039
271,242,239,0.000,0.752,0.765,0.776,0.779,0.102,0.146,0.198,0.037,253,239,0.000,0.736,0.763,0.780,0.764,0.112,0.152,0.196,0.041,256.000,242.000,0.000,0.738,0.761,0.762,0.769,0.111,0.151,0.207,0.032,268.000,264.000,0.000,0.739,0.775,0.784,0.810,0.108,0.153,0.186,0.039
272,242,239,0.000,0.752,0.765,0.776,0.779,0.102,0.146,0.198,0.037,253,239,0.000,0.736,0.763,0.780,0.764,0.112,0.152,0.196,0.041,256.000,242.000,0.000,0.738,0.761,0.762,0.769,0.111,0.151,0.207,0.032,268.000,264.000,0.000,0.739,0.775,0.784,0.810,0.108,0.153,0.186,0.039
273,242,239,0.000,0.752,0.765,0.776,0.779,0.102,0.146,0.198,0.037,253,239,0.000,0.736,0.763,0.780,0.764,0.112,0.152,0.196,0.041,256.000,242.000,0.000,0.738,0.761,0.762,0.769,0.111,0.151,0.207,0.032,268.000,264.000,0.000,0.739,0.775,0.784,0.810,0.108,0.153,0.186,0.039
274,242,239,0.000,0.752,0.765,0.776,0.779,0.102,0.146,0.198,0.037,253,239,0.000,0.736,0.763,0.780,0.764,0.112,0.152,0.196,0.041,256.000,242.000,0.000,0.738,0.761,0.762,0.769,0.111,0.151,0.207,0.032,268.000,264.000,0.000,0.739,0.775,0.784,0.810,0.108,0.153,0.186,0.039
275,242,239,0.000,0.752,0.765,0.776,0.779,0.102,0.146,0.198,0.037,253,239,0.000,0.736,0.763,0.780,0.764,0.112,0.152,0.196,0.041,256.000,242.000,0.000,0.738,0.761,0.762,0.769,0.111,0.151,0.207,0.032,268.000,264.000,0.000,0.739,0.775,0.784,0.810,0.108,0.153,0.186,0.039
276,253,239,0.000,0.736,0.763,0.780,0.764,0.112,0.152,0.196,0.041,256,242,0.000,0.738,0.761,0.762,0.769,0.111,0.151,0.207,0.032,273.000,253.000,0.000,0.731,0.754,0.777,0.780,0.125,0.144,0.199,0.046,,,,,,,,,,,
277,253,239,0.000,0.736,0.763,0.780,0.764,0.112,0.152,0.196,0.041,256,242,0.000,0.738,0.761,0.762,0.769,0.111,0.151,0.207,0.032,273.000,253.000,0.000,0.731,0.754,0.777,0.780,0.125,0.144,0.199,0.046,278.000,273.000,0.007,0.728,0.723,0.782,0.784,0.135,0.137,0.206,0.071
278,253,239,0.000,0.736,0.763,0.780,0.764,0.112,0.152,0.196,0.041,256,242,0.000,0.738,0.761,0.762,0.769,0.111,0.151,0.207,0.032,273.000,253.000,0.000,0.731,0.754,0.777,0.780,0.125,0.144,0.199,0.046,279.000,273.000,0.003,0.746,0.742,0.770,0.785,0.109,0.146,0.222,0.037
279,253,239,0.000,0.736,0.763,0.780,0.764,0.112,0.152,0.196,0.041,256,242,0.000,0.738,0.761,0.762,0.769,0.111,0.151,0.207,0.032,273.000,253.000,0.000,0.731,0.754,0.777,0.780,0.125,0.144,0.199,0.046,,,,,,,,,,,
280,253,239,0.000,0.736,0.763,0.780,0.764,0.112,0.152,0.196,0.041,256,242,0.000,0.738,0.761,0.762,0.769,0.111,0.151,0.207,0.032,273.000,253.000,0.000,0.731,0.754,0.777,0.780,0.125,0.144,0.199,0.046,281.000,253.000,0.000,0.737,0.749,0.763,0.761,0.114,0.149,0.202,0.049
281,281,253,0.000,0.737,0.749,0.763,0.761,0.114,0.149,0.202,0.049,282,281,0.000,0.731,0.743,0.753,0.764,0.107,0.161,0.209,0.048,,,,,,,,,,,,,,,,,,,,,,
282,281,253,0.000,0.737,0.749,0.763,0.761,0.114,0.149,0.202,0.049,282,281,0.000,0.731,0.743,0.753,0.764,0.107,0.161,0.209,0.048,283.000,281.000,0.000,0.742,0.767,0.774,0.753,0.115,0.143,0.184,0.049,,,,,,,,,,,
283,281,253,0.000,0.737,0.749,0.763,0.761,0.114,0.149,0.202,0.049,282,281,0.000,0.731,0.743,0.753,0.764,0.107,0.161,0.209,0.048,283.000,281.000,0.000,0.742,0.767,0.774,0.753,0.115,0.143,0.184,0.049,284.000,282.000,0.002,0.766,0.739,0.758,0.772,0.092,0.142,0.200,0.061
284,281,253,0.000,0.737,0.749,0.763,0.761,0.114,0.149,0.202,0.049,282,281,0.000,0.731,0.743,0.753,0.764,0.107,0.161,0.209,0.048,283.000,281.000,0.000,0.742,0.767,0.774,0.753,0.115,0.143,0.184,0.049,284.000,282.000,0.002,0.766,0.739,0.758,0.772,0.092,0.142,0.200,0.061
285,281,253,0.000,0.737,0.749,0.763,0.761,0.114,0.149,0.202,0.049,282,281,0.000,0.731,0.743,0.753,0.764,0.107,0.161,0.209,0.048,283.000,281.000,0.000,0.742,0.767,0.774,0.753,0.115,0.143,0.184,0.049,284.000,282.000,0.002,0.766,0.739,0.758,0.772,0.092,0.142,0.200,0.061
286,281,253,0.000,0.737,0.749,0.763,0.761,0.114,0.149,0.202,0.049,282,281,0.000,0.731,0.743,0.753,0.764,0.107,0.161,0.209,0.048,283.000,281.000,0.000,0.742,0.767,0.774,0.753,0.115,0.143,0.184,0.049,284.000,282.000,0.002,0.766,0.739,0.758,0.772,0.092,0.142,0.200,0.061
287,281,253,0.000,0.737,0.749,0.763,0.761,0.114,0.149,0.202,0.049,282,281,0.000,0.731,0.743,0.753,0.764,0.107,0.161,0.209,0.048,283.000,281.000,0.000,0.742,0.767,0.774,0.753,0.115,0.143,0.184,0.049,284.000,282.000,0.002,0.766,0.739,0.758,0.772,0.092,0.142,0.200,0.061
288,281,253,0.000,0.737,0.749,0.763,0.761,0.114,0.149,0.202,0.049,282,281,0.000,0.731,0.743,0.753,0.764,0.107,0.161,0.209,0.048,283.000,281.000,0.000,0.742,0.767,0.774,0.753,0.115,0.143,0.184,0.049,284.000,282.000,0.002,0.766,0.739,0.758,0.772,0.092,0.142,0.200,0.061
289,281,253,0.000,0.737,0.749,0.763,0.761,0.114,0.149,0.202,0.049,282,281,0.000,0.731,0.743,0.753,0.764,0.107,0.161,0.209,0.048,283.000,281.000,0.000,0.742,0.767,0.774,0.753,0.115,0.143,0.184,0.049,284.000,282.000,0.002,0.766,0.739,0.758,0.772,0.092,0.142,0.200,0.061
290,281,253,0.000,0.737,0.749,0.763,0.761,0.114,0.149,0.202,0.049,282,281,0.000,0.731,0.743,0.753,0.764,0.107,0.161,0.209,0.048,283.000,281.000,0.000,0.742,0.767,0.774,0.753,0.115,0.143,0.184,0.049,284.000,282.000,0.002,0.766,0.739,0.758,0.772,0.092,0.142,0.200,0.061
291,281,253,0.000,0.737,0.749,0.763,0.761,0.114,0.149,0.202,0.049,282,281,0.000,0.731,0.743,0.753,0.764,0.107,0.161,0.209,0.048,284.000,282.000,0.002,0.766,0.739,0.758,0.772,0.092,0.142,0.200,0.061,286.000,283.000,0.001,0.745,0.769,0.783,0.763,0.117,0.138,0.187,0.044
292,281,253,0.000,0.737,0.749,0.763,0.761,0.114,0.149,0.202,0.049,282,281,0.000,0.731,0.743,0.753,0.764,0.107,0.161,0.209,0.048,288.000,286.000,0.000,0.728,0.761,0.755,0.756,0.135,0.137,0.198,0.041,289.000,287.000,0.000,0.746,0.770,0.780,0.750,0.118,0.136,0.193,0.036
293,281,253,0.000,0.737,0.749,0.763,0.761,0.114,0.149,0.202,0.049,282,281,0.000,0.731,0.743,0.753,0.764,0.107,0.161,0.209,0.048,289.000,287.000,0.000,0.746,0.770,0.780,0.750,0.118,0.136,0.193,0.036,290.000,284.000,0.000,0.771,0.742,0.759,0.766,0.102,0.127,0.201,0.057
294,281,253,0.000,0.737,0.749,0.763,0.761,0.114,0.149,0.202,0.049,282,281,0.000,0.731,0.743,0.753,0.764,0.107,0.161,0.209,0.048,292.000,283.000,0.001,0.747,0.754,0.780,0.759,0.107,0.146,0.193,0.053,294.000,292.000,0.003,0.754,0.765,0.787,0.781,0.112,0.135,0.189,0.045
295,281,253,0.000,0.737,0.749,0.763,0.761,0.114,0.149,0.202,0.049,282,281,0.000,0.731,0.743,0.753,0.764,0.107,0.161,0.209,0.048,292.000,283.000,0.001,0.747,0.754,0.780,0.759,0.107,0.146,0.193,0.053,294.000,292.000,0.003,0.754,0.765,0.787,0.781,0.112,0.135,0.189,0.045
296,281,253,0.000,0.737,0.749,0.763,0.761,0.114,0.149,0.202,0.049,282,281,0.000,0.731,0.743,0.753,0.764,0.107,0.161,0.209,0.048,292.000,283.000,0.001,0.747,0.754,0.780,0.759,0.107,0.146,0.193,0.053,295.000,289.000,0.001,0.756,0.766,0.778,0.745,0.109,0.136,0.191,0.043
297,281,253,0.000,0.737,0.749,0.763,0.761,0.114,0.149,0.202,0.049,282,281,0.000,0.731,0.743,0.753,0.764,0.107,0.161,0.209,0.048,296.000,292.000,0.001,0.757,0.743,0.768,0.770,0.105,0.138,0.198,0.059,298.000,282.000,0.001,0.735,0.748,0.746,0.772,0.103,0.162,0.203,0.049
298,281,253,0.000,0.737,0.749,0.763,0.761,0.114,0.149,0.202,0.049,282,281,0.000,0.731,0.743,0.753,0.764,0.107,0.161,0.209,0.048,296.000,292.000,0.001,0.757,0.743,0.768,0.770,0.105,0.138,0.198,0.059,298.000,282.000,0.001,0.735,0.748,0.746,0.772,0.103,0.162,0.203,0.049
299,282,281,0.000,0.731,0.743,0.753,0.764,0.107,0.161,0.209,0.048,300,282,0.000,0.715,0.751,0.750,0.776,0.119,0.167,0.202,0.046,,,,,,,,,,,,,,,,,,,,,,
300,282,281,0.000,0.731,0.743,0.753,0.764,0.107,0.161,0.209,0.048,300,282,0.000,0.715,0.751,0.750,0.776,0.119,0.167,0.202,0.046,301.000,282.000,0.000,0.725,0.742,0.757,0.760,0.109,0.166,0.214,0.045,,,,,,,,,,,
301,282,281,0.000,0.731,0.743,0.753,0.764,0.107,0.161,0.209,0.048,301,282,0.000,0.725,0.742,0.757,0.760,0.109,0.166,0.214,0.045,,,,,,,,,,,,,,,,,,,,,,
302,282,281,0.000,0.731,0.743,0.753,0.764,0.107,0.161,0.209,0.048,301,282,0.000,0.725,0.742,0.757,0.760,0.109,0.166,0.214,0.045,,,,,,,,,,,,,,,,,,,,,,
303,282,281,0.000,0.731,0.743,0.753,0.764,0.107,0.161,0.209,0.048,301,282,0.000,0.725,0.742,0.757,0.760,0.109,0.166,0.214,0.045,304.000,301.000,0.000,0.750,0.756,0.750,0.763,0.087,0.163,0.205,0.039,,,,,,,,,,,
304,282,281,0.000,0.731,0.743,0.753,0.764,0.107,0.161,0.209,0.048,301,282,0.000,0.725,0.742,0.757,0.760,0.109,0.166,0.214,0.045,304.000,301.000,0.000,0.750,0.756,0.750,0.763,0.087,0.163,0.205,0.039,305.000,282.000,0.000,0.729,0.738,0.741,0.746,0.114,0.156,0.209,0.052
305,282,281,0.000,0.731,0.743,0.753,0.764,0.107,0.161,0.209,0.048,301,282,0.000,0.725,0.742,0.757,0.760,0.109,0.166,0.214,0.045,305.000,282.000,0.000,0.729,0.738,0.741,0.746,0.114,0.156,0.209,0.052,306.000,301.000,0.000,0.727,0.734,0.744,0.755,0.105,0.168,0.226,0.040
306,282,281,0.000,0.731,0.743,0.753,0.764,0.107,0.161,0.209,0.048,301,282,0.000,0.725,0.742,0.757,0.760,0.109,0.166,0.214,0.045,305.000,282.000,0.000,0.729,0.738,0.741,0.746,0.114,0.156,0.209,0.052,306.000,301.000,0.000,0.727,0.734,0.744,0.755,0.105,0.168,0.226,0.040
307,282,281,0.000,0.731,0.743,0.753,0.764,0.107,0.161,0.209,0.048,301,282,0.000,0.725,0.742,0.757,0.760,0.109,0.166,0.214,0.045,305.000,282.000,0.000,0.729,0.738,0.741,0.746,0.114,0.156,0.209,0.052,306.000,301.000,0.000,0.727,0.734,0.744,0.755,0.105,0.168,0.226,0.040
308,282,281,0.000,0.731,0.743,0.753,0.764,0.107,0.161,0.209,0.048,301,282,0.000,0.725,0.742,0.757,0.760,0.109,0.166,0.214,0.045,306.000,301.000,0.000,0.727,0.734,0.744,0.755,0.105,0.168,0.226,0.040,308.000,306.000,0.000,0.736,0.727,0.748,0.744,0.118,0.145,0.224,0.049
309,282,281,0.000,0.731,0.743,0.753,0.764,0.107,0.161,0.209,0.048,301,282,0.000,0.725,0.742,0.757,0.760,0.109,0.166,0.214,0.045,306.000,301.000,0.000,0.727,0.734,0.744,0.755,0.105,0.168,0.226,0.040,310.000,306.000,0.006,0.728,0.738,0.752,0.759,0.112,0.160,0.218,0.044
310,282,281,0.000,0.731,0.743,0.753,0.764,0.107,0.161,0.209,0.048,301,282,0.000,0.725,0.742,0.757,0.760,0.109,0.166,0.214,0.045,306.000,301.000,0.000,0.727,0.734,0.744,0.755,0.105,0.168,0.226,0.040,310.000,306.000,0.006,0.728,0.738,0.752,0.759,0.112,0.160,0.218,0.044
311,282,281,0.000,0.731,0.743,0.753,0.764,0.107,0.161,0.209,0.048,301,282,0.000,0.725,0.742,0.757,0.760,0.109,0.166,0.214,0.045,306.000,301.000,0.000,0.727,0.734,0.744,0.755,0.105,0.168,0.226,0.040,310.000,306.000,0.006,0.728,0.738,0.752,0.759,0.112,0.160,0.218,0.044
312,282,281,0.000,0.731,0.743,0.753,0.764,0.107,0.161,0.209,0.048,301,282,0.000,0.725,0.742,0.757,0.760,0.109,0.166,0.214,0.045,306.000,301.000,0.000,0.727,0.734,0.744,0.755,0.105,0.168,0.226,0.040,310.000,306.000,0.006,0.728,0.738,0.752,0.759,0.112,0.160,0.218,0.044
313,282,281,0.000,0.731,0.743,0.753,0.764,0.107,0.161,0.209,0.048,301,282,0.000,0.725,0.742,0.757,0.760,0.109,0.166,0.214,0.045,306.000,301.000,0.000,0.727,0.734,0.744,0.755,0.105,0.168,0.226,0.040,312.000,282.000,0.000,0.732,0.734,0.762,0.768,0.104,0.163,0.227,0.039
314,282,281,0.000,0.731,0.743,0.753,0.764,0.107,0.161,0.209,0.048,301,282,0.000,0.725,0.742,0.757,0.760,0.109,0.166,0.214,0.045,306.000,301.000,0.000,0.727,0.734,0.744,0.755,0.105,0.168,0.226,0.040,312.000,282.000,0.000,0.732,0.734,0.762,0.768,0.104,0.163,0.227,0.039
315,282,281,0.000,0.731,0.743,0.753,0.764,0.107,0.161,0.209,0.048,301,282,0.000,0.725,0.742,0.757,0.760,0.109,0.166,0.214,0.045,306.000,301.000,0.000,0.727,0.734,0.744,0.755,0.105,0.168,0.226,0.040,312.000,282.000,0.000,0.732,0.734,0.762,0.768,0.104,0.163,0.227,0.039
316,282,281,0.000,0.731,0.743,0.753,0.764,0.107,0.161,0.209,0.048,301,282,0.000,0.725,0.742,0.757,0.760,0.109,0.166,0.214,0.045,306.000,301.000,0.000,0.727,0.734,0.744,0.755,0.105,0.168,0.226,0.040,312.000,282.000,0.000,0.732,0.734,0.762,0.768,0.104,0.163,0.227,0.039
317,282,281,0.000,0.731,0.743,0.753,0.764,0.107,0.161,0.209,0.048,301,282,0.000,0.725,0.742,0.757,0.760,0.109,0.166,0.214,0.045,306.000,301.000,0.000,0.727,0.734,0.744,0.755,0.105,0.168,0.226,0.040,312.000,282.000,0.000,0.732,0.734,0.762,0.768,0.104,0.163,0.227,0.039
318,282,281,0.000,0.731,0.743,0.753,0.764,0.107,0.161,0.209,0.048,301,282,0.000,0.725,0.742,0.757,0.760,0.109,0.166,0.214,0.045,306.000,301.000,0.000,0.727,0.734,0.744,0.755,0.105,0.168,0.226,0.040,312.000,282.000,0.000,0.732,0.734,0.762,0.768,0.104,0.163,0.227,0.039
319,301,282,0.000,0.725,0.742,0.757,0.760,0.109,0.166,0.214,0.045,320,306,0.000,0.721,0.719,0.754,0.753,0.108,0.171,0.238,0.042,,,,,,,,,,,,,,,,,,,,,,
320,301,282,0.000,0.725,0.742,0.757,0.760,0.109,0.166,0.214,0.045,320,306,0.000,0.721,0.719,0.754,0.753,0.108,0.171,0.238,0.042,,,,,,,,,,,,,,,,,,,,,,
321,301,282,0.000,0.725,0.742,0.757,0.760,0.109,0.166,0.214,0.045,320,306,0.000,0.721,0.719,0.754,0.753,0.108,0.171,0.238,0.042,322.000,320.000,0.000,0.709,0.729,0.754,0.745,0.114,0.177,0.236,0.035,,,,,,,,,,,
322,301,282,0.000,0.725,0.742,0.757,0.760,0.109,0.166,0.214,0.045,320,306,0.000,0.721,0.719,0.754,0.753,0.108,0.171,0.238,0.042,322.000,320.000,0.000,0.709,0.729,0.754,0.745,0.114,0.177,0.236,0.035,323.000,301.000,0.005,0.731,0.747,0.765,0.771,0.105,0.164,0.210,0.043
323,301,282,0.000,0.725,0.742,0.757,0.760,0.109,0.166,0.214,0.045,320,306,0.000,0.721,0.719,0.754,0.753,0.108,0.171,0.238,0.042,322.000,320.000,0.000,0.709,0.729,0.754,0.745,0.114,0.177,0.236,0.035,323.000,301.000,0.005,0.731,0.747,0.765,0.771,0.105,0.164,0.210,0.043
324,301,282,0.000,0.725,0.742,0.757,0.760,0.109,0.166,0.214,0.045,320,306,0.000,0.721,0.719,0.754,0.753,0.108,0.171,0.238,0.042,322.000,320.000,0.000,0.709,0.729,0.754,0.745,0.114,0.177,0.236,0.035,323.000,301.000,0.005,0.731,0.747,0.765,0.771,0.105,0.164,0.210,0.043
325,301,282,0.000,0.725,0.742,0.757,0.760,0.109,0.166,0.214,0.045,320,306,0.000,0.721,0.719,0.754,0.753,0.108,0.171,0.238,0.042,322.000,320.000,0.000,0.709,0.729,0.754,0.745,0.114,0.177,0.236,0.035,323.000,301.000,0.005,0.731,0.747,0.765,0.771,0.105,0.164,0.210,0.043
326,301,282,0.000,0.725,0.742,0.757,0.760,0.109,0.166,0.214,0.045,320,306,0.000,0.721,0.719,0.754,0.753,0.108,0.171,0.238,0.042,322.000,320.000,0.000,0.709,0.729,0.754,0.745,0.114,0.177,0.236,0.035,323.000,301.000,0.005,0.731,0.747,0.765,0.771,0.105,0.164,0.210,0.043
327,301,282,0.000,0.725,0.742,0.757,0.760,0.109,0.166,0.214,0.045,320,306,0.000,0.721,0.719,0.754,0.753,0.108,0.171,0.238,0.042,322.000,320.000,0.000,0.709,0.729,0.754,0.745,0.114,0.177,0.236,0.035,324.000,322.000,0.003,0.729,0.725,0.752,0.742,0.089,0.182,0.234,0.041
328,301,282,0.000,0.725,0.742,0.757,0.760,0.109,0.166,0.214,0.045,320,306,0.000,0.721,0.719,0.754,0.753,0.108,0.171,0.238,0.042,322.000,320.000,0.000,0.709,0.729,0.754,0.745,0.114,0.177,0.236,0.035,324.000,322.000,0.003,0.729,0.725,0.752,0.742,0.089,0.182,0.234,0.041
329,301,282,0.000,0.725,0.742,0.757,0.760,0.109,0.166,0.214,0.045,320,306,0.000,0.721,0.719,0.754,0.753,0.108,0.171,0.238,0.042,322.000,320.000,0.000,0.709,0.729,0.754,0.745,0.114,0.177,0.236,0.035,324.000,322.000,0.003,0.729,0.725,0.752,0.742,0.089,0.182,0.234,0.041
330,301,282,0.000,0.725,0.742,0.757,0.760,0.109,0.166,0.214,0.045,320,306,0.000,0.721,0.719,0.754,0.753,0.108,0.171,0.238,0.042,322.000,320.000,0.000,0.709,0.729,0.754,0.745,0.114,0.177,0.236,0.035,324.000,322.000,0.003,0.729,0.725,0.752,0.742,0.089,0.182,0.234,0.041
331,301,282,0.000,0.725,0.742,0.757,0.760,0.109,0.166,0.214,0.045,320,306,0.000,0.721,0.719,0.754,0.753,0.108,0.171,0.238,0.042,322.000,320.000,0.000,0.709,0.729,0.754,0.745,0.114,0.177,0.236,0.035,324.000,322.000,0.003,0.729,0.725,0.752,0.742,0.089,0.182,0.234,0.041
332,301,282,0.000,0.725,0.742,0.757,0.760,0.109,0.166,0.214,0.045,320,306,0.000,0.721,0.719,0.754,0.753,0.108,0.171,0.238,0.042,322.000,320.000,0.000,0.709,0.729,0.754,0.745,0.114,0.177,0.236,0.035,324.000,322.000,0.003,0.729,0.725,0.752,0.742,0.089,0.182,0.234,0.041
333,301,282,0.000,0.725,0.742,0.757,0.760,0.109,0.166,0.214,0.045,320,306,0.000,0.721,0.719,0.754,0.753,0.108,0.171,0.238,0.042,322.000,320.000,0.000,0.709,0.729,0.754,0.745,0.114,0.177,0.236,0.035,327.000,320.000,0.000,0.708,0.736,0.733,0.753,0.110,0.182,0.243,0.021
334,301,282,0.000,0.725,0.742,0.757,0.760,0.109,0.166,0.214,0.045,320,306,0.000,0.721,0.719,0.754,0.753,0.108,0.171,0.238,0.042,322.000,320.000,0.000,0.709,0.729,0.754,0.745,0.114,0.177,0.236,0.035,327.000,320.000,0.000,0.708,0.736,0.733,0.753,0.110,0.182,0.243,0.021
335,301,282,0.000,0.725,0.742,0.757,0.760,0.109,0.166,0.214,0.045,320,306,0.000,0.721,0.719,0.754,0.753,0.108,0.171,0.238,0.042,322.000,320.000,0.000,0.709,0.729,0.754,0.745,0.114,0.177,0.236,0.035,327.000,320.000,0.000,0.708,0.736,0.733,0.753,0.110,0.182,0.243,0.021
336,320,306,0.000,0.721,0.719,0.754,0.753,0.108,0.171,0.238,0.042,322,320,0.000,0.709,0.729,0.754,0.745,0.114,0.177,0.236,0.035,327.000,320.000,0.000,0.708,0.736,0.733,0.753,0.110,0.182,0.243,0.021,330.000,320.000,0.000,0.723,0.708,0.766,0.754,0.104,0.174,0.236,0.056
337,320,306,0.000,0.721,0.719,0.754,0.753,0.108,0.171,0.238,0.042,322,320,0.000,0.709,0.729,0.754,0.745,0.114,0.177,0.236,0.035,327.000,320.000,0.000,0.708,0.736,0.733,0.753,0.110,0.182,0.243,0.021,330.000,320.000,0.000,0.723,0.708,0.766,0.754,0.104,0.174,0.236,0.056
338,320,306,0.000,0.721,0.719,0.754,0.753,0.108,0.171,0.238,0.042,322,320,0.000,0.709,0.729,0.754,0.745,0.114,0.177,0.236,0.035,327.000,320.000,0.000,0.708,0.736,0.733,0.753,0.110,0.182,0.243,0.021,330.000,320.000,0.000,0.723,0.708,0.766,0.754,0.104,0.174,0.236,0.056
339,320,306,0.000,0.721,0.719,0.754,0.753,0.108,0.171,0.238,0.042,322,320,0.000,0.709,0.729,0.754,0.745,0.114,0.177,0.236,0.035,327.000,320.000,0.000,0.708,0.736,0.733,0.753,0.110,0.182,0.243,0.021,330.000,320.000,0.000,0.723,0.708,0.766,0.754,0.104,0.174,0.236,0.056
340,320,306,0.000,0.721,0.719,0.754,0.753,0.108,0.171,0.238,0.042,322,320,0.000,0.709,0.729,0.754,0.745,0.114,0.177,0.236,0.035,330.000,320.000,0.000,0.723,0.708,0.766,0.754,0.104,0.174,0.236,0.056,336.000,320.000,0.000,0.725,0.718,0.746,0.760,0.099,0.176,0.239,0.043
341,320,306,0.000,0.721,0.719,0.754,0.753,0.108,0.171,0.238,0.042,330,320,0.000,0.723,0.708,0.766,0.754,0.104,0.174,0.236,0.056,336.000,320.000,0.000,0.725,0.718,0.746,0.760,0.099,0.176,0.239,0.043,342.000,320.000,0.000,0.695,0.719,0.751,0.782,0.129,0.176,0.243,0.038
342,320,306,0.000,0.721,0.719,0.754,0.753,0.108,0.171,0.238,0.042,330,320,0.000,0.723,0.708,0.766,0.754,0.104,0.174,0.236,0.056,336.000,320.000,0.000,0.725,0.718,0.746,0.760,0.099,0.176,0.239,0.043,343.000,330.000,0.000,0.726,0.697,0.760,0.760,0.094,0.180,0.239,0.064
343,330,320,0.000,0.723,0.708,0.766,0.754,0.104,0.174,0.236,0.056,343,330,0.000,0.726,0.697,0.760,0.760,0.094,0.180,0.239,0.064,,,,,,,,,,,,,,,,,,,,,,
344,330,320,0.000,0.723,0.708,0.766,0.754,0.104,0.174,0.236,0.056,343,330,0.000,0.726,0.697,0.760,0.760,0.094,0.180,0.239,0.064,345.000,343.000,0.000,0.715,0.701,0.756,0.751,0.103,0.182,0.241,0.058,,,,,,,,,,,
345,330,320,0.000,0.723,0.708,0.766,0.754,0.104,0.174,0.236,0.056,343,330,0.000,0.726,0.697,0.760,0.760,0.094,0.180,0.239,0.064,345.000,343.000,0.000,0.715,0.701,0.756,0.751,0.103,0.182,0.241,0.058,346.000,343.000,0.001,0.727,0.673,0.765,0.743,0.097,0.176,0.258,0.069
346,330,320,0.000,0.723,0.708,0.766,0.754,0.104,0.174,0.236,0.056,343,330,0.000,0.726,0.697,0.760,0.760,0.094,0.180,0.239,0.064,345.000,343.000,0.000,0.715,0.701,0.756,0.751,0.103,0.182,0.241,0.058,346.000,343.000,0.001,0.727,0.673,0.765,0.743,0.097,0.176,0.258,0.069
347,330,320,0.000,0.723,0.708,0.766,0.754,0.104,0.174,0.236,0.056,343,330,0.000,0.726,0.697,0.760,0.760,0.094,0.180,0.239,0.064,345.000,343.000,0.000,0.715,0.701,0.756,0.751,0.103,0.182,0.241,0.058,346.000,343.000,0.001,0.727,0.673,0.765,0.743,0.097,0.176,0.258,0.069
348,330,320,0.000,0.723,0.708,0.766,0.754,0.104,0.174,0.236,0.056,343,330,0.000,0.726,0.697,0.760,0.760,0.094,0.180,0.239,0.064,345.000,343.000,0.000,0.715,0.701,0.756,0.751,0.103,0.182,0.241,0.058,346.000,343.000,0.001,0.727,0.673,0.765,0.743,0.097,0.176,0.258,0.069
349,330,320,0.000,0.723,0.708,0.766,0.754,0.104,0.174,0.236,0.056,343,330,0.000,0.726,0.697,0.760,0.760,0.094,0.180,0.239,0.064,345.000,343.000,0.000,0.715,0.701,0.756,0.751,0.103,0.182,0.241,0.058,346.000,343.000,0.001,0.727,0.673,0.765,0.743,0.097,0.176,0.258,0.069
350,343,330,0.000,0.726,0.697,0.760,0.760,0.094,0.180,0.239,0.064,345,343,0.000,0.715,0.701,0.756,0.751,0.103,0.182,0.241,0.058,347.000,345.000,0.000,0.723,0.701,0.746,0.753,0.099,0.178,0.240,0.059,,,,,,,,,,,
351,343,330,0.000,0.726,0.697,0.760,0.760,0.094,0.180,0.239,0.064,345,343,0.000,0.715,0.701,0.756,0.751,0.103,0.182,0.241,0.058,352.000,345.000,0.000,0.714,0.705,0.768,0.762,0.102,0.183,0.238,0.056,,,,,,,,,,,
352,343,330,0.000,0.726,0.697,0.760,0.760,0.094,0.180,0.239,0.064,345,343,0.000,0.715,0.701,0.756,0.751,0.103,0.182,0.241,0.058,352.000,345.000,0.000,0.714,0.705,0.768,0.762,0.102,0.183,0.238,0.056,,,,,,,,,,,
353,343,330,0.000,0.726,0.697,0.760,0.760,0.094,0.180,0.239,0.064,345,343,0.000,0.715,0.701,0.756,0.751,0.103,0.182,0.241,0.058,352.000,345.000,0.000,0.714,0.705,0.768,0.762,0.102,0.183,0.238,0.056,354.000,352.000,0.000,0.718,0.686,0.777,0.768,0.090,0.192,0.247,0.067
354,343,330,0.000,0.726,0.697,0.760,0.760,0.094,0.180,0.239,0.064,345,343,0.000,0.715,0.701,0.756,0.751,0.103,0.182,0.241,0.058,352.000,345.000,0.000,0.714,0.705,0.768,0.762,0.102,0.183,0.238,0.056,354.000,352.000,0.000,0.718,0.686,0.777,0.768,0.090,0.192,0.247,0.067
355,343,330,0.000,0.726,0.697,0.760,0.760,0.094,0.180,0.239,0.064,345,343,0.000,0.715,0.701,0.756,0.751,0.103,0.182,0.241,0.058,352.000,345.000,0.000,0.714,0.705,0.768,0.762,0.102,0.183,0.238,0.056,354.000,352.000,0.000,0.718,0.686,0.777,0.768,0.090,0.192,0.247,0.067
356,343,330,0.000,0.726,0.697,0.760,0.760,0.094,0.180,0.239,0.064,345,343,0.000,0.715,0.701,0.756,0.751,0.103,0.182,0.241,0.058,352.000,345.000,0.000,0.714,0.705,0.768,0.762,0.102,0.183,0.238,0.056,354.000,352.000,0.000,0.718,0.686,0.777,0.768,0.090,0.192,0.247,0.067
357,343,330,0.000,0.726,0.697,0.760,0.760,0.094,0.180,0.239,0.064,345,343,0.000,0.715,0.701,0.756,0.751,0.103,0.182,0.241,0.058,352.000,345.000,0.000,0.714,0.705,0.768,0.762,0.102,0.183,0.238,0.056,354.000,352.000,0.000,0.718,0.686,0.777,0.768,0.090,0.192,0.247,0.067
358,343,330,0.000,0.726,0.697,0.760,0.760,0.094,0.180,0.239,0.064,345,343,0.000,0.715,0.701,0.756,0.751,0.103,0.182,0.241,0.058,352.000,345.000,0.000,0.714,0.705,0.768,0.762,0.102,0.183,0.238,0.056,354.000,352.000,0.000,0.718,0.686,0.777,0.768,0.090,0.192,0.247,0.067
359,343,330,0.000,0.726,0.697,0.760,0.760,0.094,0.180,0.239,0.064,345,343,0.000,0.715,0.701,0.756,0.751,0.103,0.182,0.241,0.058,352.000,345.000,0.000,0.714,0.705,0.768,0.762,0.102,0.183,0.238,0.056,354.000,352.000,0.000,0.718,0.686,0.777,0.768,0.090,0.192,0.247,0.067
360,343,330,0.000,0.726,0.697,0.760,0.760,0.094,0.180,0.239,0.064,345,343,0.000,0.715,0.701,0.756,0.751,0.103,0.182,0.241,0.058,352.000,345.000,0.000,0.714,0.705,0.768,0.762,0.102,0.183,0.238,0.056,354.000,352.000,0.000,0.718,0.686,0.777,0.768,0.090,0.192,0.247,0.067
361,343,330,0.000,0.726,0.697,0.760,0.760,0.094,0.180,0.239,0.064,345,343,0.000,0.715,0.701,0.756,0.751,0.103,0.182,0.241,0.058,352.000,345.000,0.000,0.714,0.705,0.768,0.762,0.102,0.183,0.238,0.056,354.000,352.000,0.000,0.718,0.686,0.777,0.768,0.090,0.192,0.247,0.067
362,343,330,0.000,0.726,0.697,0.760,0.760,0.094,0.180,0.239,0.064,345,343,0.000,0.715,0.701,0.756,0.751,0.103,0.182,0.241,0.058,352.000,345.000,0.000,0.714,0.705,0.768,0.762,0.102,0.183,0.238,0.056,354.000,352.000,0.000,0.718,0.686,0.777,0.768,0.090,0.192,0.247,0.067
363,343,330,0.000,0.726,0.697,0.760,0.760,0.094,0.180,0.239,0.064,345,343,0.000,0.715,0.701,0.756,0.751,0.103,0.182,0.241,0.058,352.000,345.000,0.000,0.714,0.705,0.768,0.762,0.102,0.183,0.238,0.056,354.000,352.000,0.000,0.718,0.686,0.777,0.768,0.090,0.192,0.247,0.067
364,343,330,0.000,0.726,0.697,0.760,0.760,0.094,0.180,0.239,0.064,345,343,0.000,0.715,0.701,0.756,0.751,0.103,0.182,0.241,0.058,352.000,345.000,0.000,0.714,0.705,0.768,0.762,0.102,0.183,0.238,0.056,354.000,352.000,0.000,0.718,0.686,0.777,0.768,0.090,0.192,0.247,0.067
365,343,330,0.000,0.726,0.697,0.760,0.760,0.094,0.180,0.239,0.064,345,343,0.000,0.715,0.701,0.756,0.751,0.103,0.182,0.241,0.058,352.000,345.000,0.000,0.714,0.705,0.768,0.762,0.102,0.183,0.238,0.056,354.000,352.000,0.000,0.718,0.686,0.777,0.768,0.090,0.192,0.247,0.067
366,343,330,0.000,0.726,0.697,0.760,0.760,0.094,0.180,0.239,0.064,345,343,0.000,0.715,0.701,0.756,0.751,0.103,0.182,0.241,0.058,352.000,345.000,0.000,0.714,0.705,0.768,0.762,0.102,0.183,0.238,0.056,354.000,352.000,0.000,0.718,0.686,0.777,0.768,0.090,0.192,0.247,0.067
367,343,330,0.000,0.726,0.697,0.760,0.760,0.094,0.180,0.239,0.064,345,343,0.000,0.715,0.701,0.756,0.751,0.103,0.182,0.241,0.058,352.000,345.000,0.000,0.714,0.705,0.768,0.762,0.102,0.183,0.238,0.056,354.000,352.000,0.000,0.718,0.686,0.777,0.768,0.090,0.192,0.247,0.067
368,343,330,0.000,0.726,0.697,0.760,0.760,0.094,0.180,0.239,0.064,345,343,0.000,0.715,0.701,0.756,0.751,0.103,0.182,0.241,0.058,352.000,345.000,0.000,0.714,0.705,0.768,0.762,0.102,0.183,0.238,0.056,354.000,352.000,0.000,0.718,0.686,0.777,0.768,0.090,0.192,0.247,0.067
369,343,330,0.000,0.726,0.697,0.760,0.760,0.094,0.180,0.239,0.064,345,343,0.000,0.715,0.701,0.756,0.751,0.103,0.182,0.241,0.058,352.000,345.000,0.000,0.714,0.705,0.768,0.762,0.102,0.183,0.238,0.056,354.000,352.000,0.000,0.718,0.686,0.777,0.768,0.090,0.192,0.247,0.067
370,343,330,0.000,0.726,0.697,0.760,0.760,0.094,0.180,0.239,0.064,345,343,0.000,0.715,0.701,0.756,0.751,0.103,0.182,0.241,0.058,352.000,345.000,0.000,0.714,0.705,0.768,0.762,0.102,0.183,0.238,0.056,366.000,343.000,0.000,0.743,0.706,0.760,0.764,0.082,0.174,0.226,0.067
371,343,330,0.000,0.726,0.697,0.760,0.760,0.094,0.180,0.239,0.064,345,343,0.000,0.715,0.701,0.756,0.751,0.103,0.182,0.241,0.058,352.000,345.000,0.000,0.714,0.705,0.768,0.762,0.102,0.183,0.238,0.056,369.000,366.000,0.000,0.725,0.690,0.740,0.758,0.090,0.185,0.228,0.082
372,343,330,0.000,0.726,0.697,0.760,0.760,0.094,0.180,0.239,0.064,345,343,0.000,0.715,0.701,0.756,0.751,0.103,0.182,0.241,0.058,352.000,345.000,0.000,0.714,0.705,0.768,0.762,0.102,0.183,0.238,0.056,369.000,366.000,0.000,0.725,0.690,0.740,0.758,0.090,0.185,0.228,0.082
373,343,330,0.000,0.726,0.697,0.760,0.760,0.094,0.180,0.239,0.064,345,343,0.000,0.715,0.701,0.756,0.751,0.103,0.182,0.241,0.058,352.000,345.000,0.000,0.714,0.705,0.768,0.762,0.102,0.183,0.238,0.056,369.000,366.000,0.000,0.725,0.690,0.740,0.758,0.090,0.185,0.228,0.082
374,343,330,0.000,0.726,0.697,0.760,0.760,0.094,0.180,0.239,0.064,345,343,0.000,0.715,0.701,0.756,0.751,0.103,0.182,0.241,0.058,352.000,345.000,0.000,0.714,0.705,0.768,0.762,0.102,0.183,0.238,0.056,374.000,369.000,0.000,0.703,0.710,0.762,0.763,0.100,0.197,0.233,0.058
375,343,330,0.000,0.726,0.697,0.760,0.760,0.094,0.180,0.239,0.064,345,343,0.000,0.715,0.701,0.756,0.751,0.103,0.182,0.241,0.058,352.000,345.000,0.000,0.714,0.705,0.768,0.762,0.102,0.183,0.238,0.056,374.000,369.000,0.000,0.703,0.710,0.762,0.763,0.100,0.197,0.233,0.058
376,345,343,0.000,0.715,0.701,0.756,0.751,0.103,0.182,0.241,0.058,374,369,0.000,0.703,0.710,0.762,0.763,0.100,0.197,0.233,0.058,,,,,,,,,,,,,,,,,,,,,,
377,345,343,0.000,0.715,0.701,0.756,0.751,0.103,0.182,0.241,0.058,374,369,0.000,0.703,0.710,0.762,0.763,0.100,0.197,0.233,0.058,378.000,374.000,0.000,0.686,0.699,0.757,0.760,0.105,0.209,0.232,0.069,,,,,,,,,,,
378,374,369,0.000,0.703,0.710,0.762,0.763,0.100,0.197,0.233,0.058,378,374,0.000,0.686,0.699,0.757,0.760,0.105,0.209,0.232,0.069,,,,,,,,,,,,,,,,,,,,,,
379,374,369,0.000,0.703,0.710,0.762,0.763,0.100,0.197,0.233,0.058,378,374,0.000,0.686,0.699,0.757,0.760,0.105,0.209,0.232,0.069,380.000,378.000,0.000,0.683,0.707,0.756,0.768,0.108,0.208,0.226,0.068,,,,,,,,,,,
380,374,369,0.000,0.703,0.710,0.762,0.763,0.100,0.197,0.233,0.058,378,374,0.000,0.686,0.699,0.757,0.760,0.105,0.209,0.232,0.069,380.000,378.000,0.000,0.683,0.707,0.756,0.768,0.108,0.208,0.226,0.068,381.000,378.000,0.000,0.695,0.703,0.750,0.742,0.089,0.216,0.230,0.067
381,374,369,0.000,0.703,0.710,0.762,0.763,0.100,0.197,0.233,0.058,378,374,0.000,0.686,0.699,0.757,0.760,0.105,0.209,0.232,0.069,380.000,378.000,0.000,0.683,0.707,0.756,0.768,0.108,0.208,0.226,0.068,381.000,378.000,0.000,0.695,0.703,0.750,0.742,0.089,0.216,0.230,0.067
382,374,369,0.000,0.703,0.710,0.762,0.763,0.100,0.197,0.233,0.058,378,374,0.000,0.686,0.699,0.757,0.760,0.105,0.209,0.232,0.069,380.000,378.000,0.000,0.683,0.707,0.756,0.768,0.108,0.208,0.226,0.068,381.000,378.000,0.000,0.695,0.703,0.750,0.742,0.089,0.216,0.230,0.067
383,378,374,0.000,0.686,0.699,0.757,0.760,0.105,0.209,0.232,0.069,380,378,0.000,0.683,0.707,0.756,0.768,0.108,0.208,0.226,0.068,381.000,378.000,0.000,0.695,0.703,0.750,0.742,0.089,0.216,0.230,0.067,382.000,374.000,0.000,0.677,0.700,0.774,0.754,0.116,0.207,0.231,0.069
384,378,374,0.000,0.686,0.699,0.757,0.760,0.105,0.209,0.232,0.069,380,378,0.000,0.683,0.707,0.756,0.768,0.108,0.208,0.226,0.068,382.000,374.000,0.000,0.677,0.700,0.774,0.754,0.116,0.207,0.231,0.069,383.000,380.000,0.000,0.674,0.710,0.756,0.760,0.114,0.212,0.223,0.067
385,378,374,0.000,0.686,0.699,0.757,0.760,0.105,0.209,0.232,0.069,380,378,0.000,0.683,0.707,0.756,0.768,0.108,0.208,0.226,0.068,382.000,374.000,0.000,0.677,0.700,0.774,0.754,0.116,0.207,0.231,0.069,383.000,380.000,0.000,0.674,0.710,0.756,0.760,0.114,0.212,0.223,0.067
386,378,374,0.000,0.686,0.699,0.757,0.760,0.105,0.209,0.232,0.069,380,378,0.000,0.683,0.707,0.756,0.768,0.108,0.208,0.226,0.068,383.000,380.000,0.000,0.674,0.710,0.756,0.760,0.114,0.212,0.223,0.067,385.000,381.000,0.000,0.678,0.717,0.739,0.744,0.108,0.214,0.217,0.066
387,378,374,0.000,0.686,0.699,0.757,0.760,0.105,0.209,0.232,0.069,380,378,0.000,0.683,0.707,0.756,0.768,0.108,0.208,0.226,0.068,383.000,380.000,0.000,0.674,0.710,0.756,0.760,0.114,0.212,0.223,0.067,385.000,381.000,0.000,0.678,0.717,0.739,0.744,0.108,0.214,0.217,0.066
388,378,374,0.000,0.686,0.699,0.757,0.760,0.105,0.209,0.232,0.069,380,378,0.000,0.683,0.707,0.756,0.768,0.108,0.208,0.226,0.068,383.000,380.000,0.000,0.674,0.710,0.756,0.760,0.114,0.212,0.223,0.067,385.000,381.000,0.000,0.678,0.717,0.739,0.744,0.108,0.214,0.217,0.066
389,378,374,0.000,0.686,0.699,0.757,0.760,0.105,0.209,0.232,0.069,380,378,0.000,0.683,0.707,0.756,0.768,0.108,0.208,0.226,0.068,383.000,380.000,0.000,0.674,0.710,0.756,0.760,0.114,0.212,0.223,0.067,385.000,381.000,0.000,0.678,0.717,0.739,0.744,0.108,0.214,0.217,0.066
390,378,374,0.000,0.686,0.699,0.757,0.760,0.105,0.209,0.232,0.069,380,378,0.000,0.683,0.707,0.756,0.768,0.108,0.208,0.226,0.068,383.000,380.000,0.000,0.674,0.710,0.756,0.760,0.114,0.212,0.223,0.067,387.000,385.000,0.001,0.671,0.716,0.732,0.740,0.116,0.212,0.210,0.073
391,378,374,0.000,0.686,0.699,0.757,0.760,0.105,0.209,0.232,0.069,380,378,0.000,0.683,0.707,0.756,0.768,0.108,0.208,0.226,0.068,383.000,380.000,0.000,0.674,0.710,0.756,0.760,0.114,0.212,0.223,0.067,387.000,385.000,0.001,0.671,0.716,0.732,0.740,0.116,0.212,0.210,0.073
392,378,374,0.000,0.686,0.699,0.757,0.760,0.105,0.209,0.232,0.069,380,378,0.000,0.683,0.707,0.756,0.768,0.108,0.208,0.226,0.068,383.000,380.000,0.000,0.674,0.710,0.756,0.760,0.114,0.212,0.223,0.067,389.000,386.000,0.000,0.730,0.695,0.748,0.743,0.080,0.190,0.218,0.087
393,378,374,0.000,0.686,0.699,0.757,0.760,0.105,0.209,0.232,0.069,380,378,0.000,0.683,0.707,0.756,0.768,0.108,0.208,0.226,0.068,383.000,380.000,0.000,0.674,0.710,0.756,0.760,0.114,0.212,0.223,0.067,389.000,386.000,0.000,0.730,0.695,0.748,0.743,0.080,0.190,0.218,0.087
394,378,374,0.000,0.686,0.699,0.757,0.760,0.105,0.209,0.232,0.069,380,378,0.000,0.683,0.707,0.756,0.768,0.108,0.208,0.226,0.068,383.000,380.000,0.000,0.674,0.710,0.756,0.760,0.114,0.212,0.223,0.067,389.000,386.000,0.000,0.730,0.695,0.748,0.743,0.080,0.190,0.218,0.087
395,378,374,0.000,0.686,0.699,0.757,0.760,0.105,0.209,0.232,0.069,380,378,0.000,0.683,0.707,0.756,0.768,0.108,0.208,0.226,0.068,383.000,380.000,0.000,0.674,0.710,0.756,0.760,0.114,0.212,0.223,0.067,390.000,383.000,0.002,0.665,0.717,0.745,0.766,0.113,0.222,0.217,0.066
396,378,374,0.000,0.686,0.699,0.757,0.760,0.105,0.209,0.232,0.069,380,378,0.000,0.683,0.707,0.756,0.768,0.108,0.208,0.226,0.068,383.000,380.000,0.000,0.674,0.710,0.756,0.760,0.114,0.212,0.223,0.067,390.000,383.000,0.002,0.665,0.717,0.745,0.766,0.113,0.222,0.217,0.066
397,378,374,0.000,0.686,0.699,0.757,0.760,0.105,0.209,0.232,0.069,380,378,0.000,0.683,0.707,0.756,0.768,0.108,0.208,0.226,0.068,383.000,380.000,0.000,0.674,0.710,0.756,0.760,0.114,0.212,0.223,0.067,390.000,383.000,0.002,0.665,0.717,0.745,0.766,0.113,0.222,0.217,0.066
398,378,374,0.000,0.686,0.699,0.757,0.760,0.105,0.209,0.232,0.069,380,378,0.000,0.683,0.707,0.756,0.768,0.108,0.208,0.226,0.068,383.000,380.000,0.000,0.674,0.710,0.756,0.760,0.114,0.212,0.223,0.067,398.000,390.000,0.000,0.655,0.717,0.766,0.777,0.120,0.225,0.224,0.058
399,378,374,0.000,0.686,0.699,0.757,0.760,0.105,0.209,0.232,0.069,380,378,0.000,0.683,0.707,0.756,0.768,0.108,0.208,0.226,0.068,383.000,380.000,0.000,0.674,0.710,0.756,0.760,0.114,0.212,0.223,0.067,399.000,380.000,0.000,0.673,0.713,0.740,0.767,0.118,0.209,0.221,0.066
400,378,374,0.000,0.686,0.699,0.757,0.760,0.105,0.209,0.232,0.069,380,378,0.000,0.683,0.707,0.756,0.768,0.108,0.208,0.226,0.068,383.000,380.000,0.000,0.674,0.710,0.756,0.760,0.114,0.212,0.223,0.067,399.000,380.000,0.000,0.673,0.713,0.740,0.767,0.118,0.209,0.221,0.066
401,378,374,0.000,0.686,0.699,0.757,0.760,0.105,0.209,0.232,0.069,380,378,0.000,0.683,0.707,0.756,0.768,0.108,0.208,0.226,0.068,383.000,380.000,0.000,0.674,0.710,0.756,0.760,0.114,0.212,0.223,0.067,399.000,380.000,0.000,0.673,0.713,0.740,0.767,0.118,0.209,0.221,0.066
402,378,374,0.000,0.686,0.699,0.757,0.760,0.105,0.209,0.232,0.069,380,378,0.000,0.683,0.707,0.756,0.768,0.108,0.208,0.226,0.068,383.000,380.000,0.000,0.674,0.710,0.756,0.760,0.114,0.212,0.223,0.067,399.000,380.000,0.000,0.673,0.713,0.740,0.767,0.118,0.209,0.221,0.066
403,378,374,0.000,0.686,0.699,0.757,0.760,0.105,0.209,0.232,0.069,380,378,0.000,0.683,0.707,0.756,0.768,0.108,0.208,0.226,0.068,383.000,380.000,0.000,0.674,0.710,0.756,0.760,0.114,0.212,0.223,0.067,399.000,380.000,0.000,0.673,0.713,0.740,0.767,0.118,0.209,0.221,0.066
404,378,374,0.000,0.686,0.699,0.757,0.760,0.105,0.209,0.232,0.069,380,378,0.000,0.683,0.707,0.756,0.768,0.108,0.208,0.226,0.068,383.000,380.000,0.000,0.674,0.710,0.756,0.760,0.114,0.212,0.223,0.067,399.000,380.000,0.000,0.673,0.713,0.740,0.767,0.118,0.209,0.221,0.066
405,378,374,0.000,0.686,0.699,0.757,0.760,0.105,0.209,0.232,0.069,380,378,0.000,0.683,0.707,0.756,0.768,0.108,0.208,0.226,0.068,399.000,380.000,0.000,0.673,0.713,0.740,0.767,0.118,0.209,0.221,0.066,400.000,399.000,0.000,0.676,0.725,0.740,0.766,0.110,0.214,0.223,0.053
406,378,374,0.000,0.686,0.699,0.757,0.760,0.105,0.209,0.232,0.069,380,378,0.000,0.683,0.707,0.756,0.768,0.108,0.208,0.226,0.068,399.000,380.000,0.000,0.673,0.713,0.740,0.767,0.118,0.209,0.221,0.066,400.000,399.000,0.000,0.676,0.725,0.740,0.766,0.110,0.214,0.223,0.053
407,378,374,0.000,0.686,0.699,0.757,0.760,0.105,0.209,0.232,0.069,380,378,0.000,0.683,0.707,0.756,0.768,0.108,0.208,0.226,0.068,399.000,380.000,0.000,0.673,0.713,0.740,0.767,0.118,0.209,0.221,0.066,400.000,399.000,0.000,0.676,0.725,0.740,0.766,0.110,0.214,0.223,0.053
408,378,374,0.000,0.686,0.699,0.757,0.760,0.105,0.209,0.232,0.069,380,378,0.000,0.683,0.707,0.756,0.768,0.108,0.208,0.226,0.068,399.000,380.000,0.000,0.673,0.713,0.740,0.767,0.118,0.209,0.221,0.066,400.000,399.000,0.000,0.676,0.725,0.740,0.766,0.110,0.214,0.223,0.053
409,378,374,0.000,0.686,0.699,0.757,0.760,0.105,0.209,0.232,0.069,380,378,0.000,0.683,0.707,0.756,0.768,0.108,0.208,0.226,0.068,399.000,380.000,0.000,0.673,0.713,0.740,0.767,0.118,0.209,0.221,0.066,400.000,399.000,0.000,0.676,0.725,0.740,0.766,0.110,0.214,0.223,0.053
410,378,374,0.000,0.686,0.699,0.757,0.760,0.105,0.209,0.232,0.069,380,378,0.000,0.683,0.707,0.756,0.768,0.108,0.208,0.226,0.068,399.000,380.000,0.000,0.673,0.713,0.740,0.767,0.118,0.209,0.221,0.066,400.000,399.000,0.000,0.676,0.725,0.740,0.766,0.110,0.214,0.223,0.053
411,378,374,0.000,0.686,0.699,0.757,0.760,0.105,0.209,0.232,0.069,380,378,0.000,0.683,0.707,0.756,0.768,0.108,0.208,0.226,0.068,399.000,380.000,0.000,0.673,0.713,0.740,0.767,0.118,0.209,0.221,0.066,400.000,399.000,0.000,0.676,0.725,0.740,0.766,0.110,0.214,0.223,0.053
412,378,374,0.000,0.686,0.699,0.757,0.760,0.105,0.209,0.232,0.069,380,378,0.000,0.683,0.707,0.756,0.768,0.108,0.208,0.226,0.068,399.000,380.000,0.000,0.673,0.713,0.740,0.767,0.118,0.209,0.221,0.066,400.000,399.000,0.000,0.676,0.725,0.740,0.766,0.110,0.214,0.223,0.053
413,378,374,0.000,0.686,0.699,0.757,0.760,0.105,0.209,0.232,0.069,380,378,0.000,0.683,0.707,0.756,0.768,0.108,0.208,0.226,0.068,399.000,380.000,0.000,0.673,0.713,0.740,0.767,0.118,0.209,0.221,0.066,400.000,399.000,0.000,0.676,0.725,0.740,0.766,0.110,0.214,0.223,0.053
414,378,374,0.000,0.686,0.699,0.757,0.760,0.105,0.209,0.232,0.069,380,378,0.000,0.683,0.707,0.756,0.768,0.108,0.208,0.226,0.068,399.000,380.000,0.000,0.673,0.713,0.740,0.767,0.118,0.209,0.221,0.066,400.000,399.000,0.000,0.676,0.725,0.740,0.766,0.110,0.214,0.223,0.053
415,378,374,0.000,0.686,0.699,0.757,0.760,0.105,0.209,0.232,0.069,380,378,0.000,0.683,0.707,0.756,0.768,0.108,0.208,0.226,0.068,399.000,380.000,0.000,0.673,0.713,0.740,0.767,0.118,0.209,0.221,0.066,400.000,399.000,0.000,0.676,0.725,0.740,0.766,0.110,0.214,0.223,0.053
416,378,374,0.000,0.686,0.699,0.757,0.760,0.105,0.209,0.232,0.069,380,378,0.000,0.683,0.707,0.756,0.768,0.108,0.208,0.226,0.068,399.000,380.000,0.000,0.673,0.713,0.740,0.767,0.118,0.209,0.221,0.066,400.000,399.000,0.000,0.676,0.725,0.740,0.766,0.110,0.214,0.223,0.053
417,378,374,0.000,0.686,0.699,0.757,0.760,0.105,0.209,0.232,0.069,380,378,0.000,0.683,0.707,0.756,0.768,0.108,0.208,0.226,0.068,399.000,380.000,0.000,0.673,0.713,0.740,0.767,0.118,0.209,0.221,0.066,400.000,399.000,0.000,0.676,0.725,0.740,0.766,0.110,0.214,0.223,0.053
418,378,374,0.000,0.686,0.699,0.757,0.760,0.105,0.209,0.232,0.069,380,378,0.000,0.683,0.707,0.756,0.768,0.108,0.208,0.226,0.068,399.000,380.000,0.000,0.673,0.713,0.740,0.767,0.118,0.209,0.221,0.066,400.000,399.000,0.000,0.676,0.725,0.740,0.766,0.110,0.214,0.223,0.053
419,378,374,0.000,0.686,0.699,0.757,0.760,0.105,0.209,0.232,0.069,380,378,0.000,0.683,0.707,0.756,0.768,0.108,0.208,0.226,0.068,399.000,380.000,0.000,0.673,0.713,0.740,0.767,0.118,0.209,0.221,0.066,400.000,399.000,0.000,0.676,0.725,0.740,0.766,0.110,0.214,0.223,0.053
420,378,374,0.000,0.686,0.699,0.757,0.760,0.105,0.209,0.232,0.069,380,378,0.000,0.683,0.707,0.756,0.768,0.108,0.208,0.226,0.068,399.000,380.000,0.000,0.673,0.713,0.740,0.767,0.118,0.209,0.221,0.066,400.000,399.000,0.000,0.676,0.725,0.740,0.766,0.110,0.214,0.223,0.053
421,378,374,0.000,0.686,0.699,0.757,0.760,0.105,0.209,0.232,0.069,380,378,0.000,0.683,0.707,0.756,0.768,0.108,0.208,0.226,0.068,399.000,380.000,0.000,0.673,0.713,0.740,0.767,0.118,0.209,0.221,0.066,400.000,399.000,0.000,0.676,0.725,0.740,0.766,0.110,0.214,0.223,0.053
422,378,374,0.000,0.686,0.699,0.757,0.760,0.105,0.209,0.232,0.069,380,378,0.000,0.683,0.707,0.756,0.768,0.108,0.208,0.226,0.068,399.000,380.000,0.000,0.673,0.713,0.740,0.767,0.118,0.209,0.221,0.066,400.000,399.000,0.000,0.676,0.725,0.740,0.766,0.110,0.214,0.223,0.053
423,378,374,0.000,0.686,0.699,0.757,0.760,0.105,0.209,0.232,0.069,380,378,0.000,0.683,0.707,0.756,0.768,0.108,0.208,0.226,0.068,399.000,380.000,0.000,0.673,0.713,0.740,0.767,0.118,0.209,0.221,0.066,400.000,399.000,0.000,0.676,0.725,0.740,0.766,0.110,0.214,0.223,0.053
424,378,374,0.000,0.686,0.699,0.757,0.760,0.105,0.209,0.232,0.069,380,378,0.000,0.683,0.707,0.756,0.768,0.108,0.208,0.226,0.068,399.000,380.000,0.000,0.673,0.713,0.740,0.767,0.118,0.209,0.221,0.066,400.000,399.000,0.000,0.676,0.725,0.740,0.766,0.110,0.214,0.223,0.053
425,378,374,0.000,0.686,0.699,0.757,0.760,0.105,0.209,0.232,0.069,380,378,0.000,0.683,0.707,0.756,0.768,0.108,0.208,0.226,0.068,399.000,380.000,0.000,0.673,0.713,0.740,0.767,0.118,0.209,0.221,0.066,400.000,399.000,0.000,0.676,0.725,0.740,0.766,0.110,0.214,0.223,0.053
426,378,374,0.000,0.686,0.699,0.757,0.760,0.105,0.209,0.232,0.069,380,378,0.000,0.683,0.707,0.756,0.768,0.108,0.208,0.226,0.068,399.000,380.000,0.000,0.673,0.713,0.740,0.767,0.118,0.209,0.221,0.066,400.000,399.000,0.000,0.676,0.725,0.740,0.766,0.110,0.214,0.223,0.053
427,378,374,0.000,0.686,0.699,0.757,0.760,0.105,0.209,0.232,0.069,380,378,0.000,0.683,0.707,0.756,0.768,0.108,0.208,0.226,0.068,399.000,380.000,0.000,0.673,0.713,0.740,0.767,0.118,0.209,0.221,0.066,400.000,399.000,0.000,0.676,0.725,0.740,0.766,0.110,0.214,0.223,0.053
428,378,374,0.000,0.686,0.699,0.757,0.760,0.105,0.209,0.232,0.069,380,378,0.000,0.683,0.707,0.756,0.768,0.108,0.208,0.226,0.068,399.000,380.000,0.000,0.673,0.713,0.740,0.767,0.118,0.209,0.221,0.066,400.000,399.000,0.000,0.676,0.725,0.740,0.766,0.110,0.214,0.223,0.053
429,378,374,0.000,0.686,0.699,0.757,0.760,0.105,0.209,0.232,0.069,380,378,0.000,0.683,0.707,0.756,0.768,0.108,0.208,0.226,0.068,399.000,380.000,0.000,0.673,0.713,0.740,0.767,0.118,0.209,0.221,0.066,400.000,399.000,0.000,0.676,0.725,0.740,0.766,0.110,0.214,0.223,0.053
430,378,374,0.000,0.686,0.699,0.757,0.760,0.105,0.209,0.232,0.069,380,378,0.000,0.683,0.707,0.756,0.768,0.108,0.208,0.226,0.068,399.000,380.000,0.000,0.673,0.713,0.740,0.767,0.118,0.209,0.221,0.066,423.000,409.000,0.003,0.705,0.691,0.775,0.774,0.101,0.195,0.249,0.060
431,378,374,0.000,0.686,0.699,0.757,0.760,0.105,0.209,0.232,0.069,380,378,0.000,0.683,0.707,0.756,0.768,0.108,0.208,0.226,0.068,399.000,380.000,0.000,0.673,0.713,0.740,0.767,0.118,0.209,0.221,0.066,423.000,409.000,0.003,0.705,0.691,0.775,0.774,0.101,0.195,0.249,0.060
432,378,374,0.000,0.686,0.699,0.757,0.760,0.105,0.209,0.232,0.069,380,378,0.000,0.683,0.707,0.756,0.768,0.108,0.208,0.226,0.068,399.000,380.000,0.000,0.673,0.713,0.740,0.767,0.118,0.209,0.221,0.066,430.000,380.000,0.000,0.687,0.726,0.758,0.765,0.099,0.214,0.219,0.055
433,378,374,0.000,0.686,0.699,0.757,0.760,0.105,0.209,0.232,0.069,380,378,0.000,0.683,0.707,0.756,0.768,0.108,0.208,0.226,0.068,399.000,380.000,0.000,0.673,0.713,0.740,0.767,0.118,0.209,0.221,0.066,430.000,380.000,0.000,0.687,0.726,0.758,0.765,0.099,0.214,0.219,0.055
434,378,374,0.000,0.686,0.699,0.757,0.760,0.105,0.209,0.232,0.069,380,378,0.000,0.683,0.707,0.756,0.768,0.108,0.208,0.226,0.068,399.000,380.000,0.000,0.673,0.713,0.740,0.767,0.118,0.209,0.221,0.066,430.000,380.000,0.000,0.687,0.726,0.758,0.765,0.099,0.214,0.219,0.055
435,378,374,0.000,0.686,0.699,0.757,0.760,0.105,0.209,0.232,0.069,380,378,0.000,0.683,0.707,0.756,0.768,0.108,0.208,0.226,0.068,399.000,380.000,0.000,0.673,0.713,0.740,0.767,0.118,0.209,0.221,0.066,430.000,380.000,0.000,0.687,0.726,0.758,0.765,0.099,0.214,0.219,0.055
436,378,374,0.000,0.686,0.699,0.757,0.760,0.105,0.209,0.232,0.069,380,378,0.000,0.683,0.707,0.756,0.768,0.108,0.208,0.226,0.068,434.000,378.000,0.002,0.681,0.695,0.758,0.758,0.112,0.208,0.229,0.077,435.000,432.000,0.000,0.674,0.679,0.752,0.760,0.098,0.228,0.229,0.093
437,378,374,0.000,0.686,0.699,0.757,0.760,0.105,0.209,0.232,0.069,435,432,0.000,0.674,0.679,0.752,0.760,0.098,0.228,0.229,0.093,437.000,380.000,0.000,0.679,0.710,0.744,0.769,0.104,0.217,0.231,0.059,438.000,435.000,0.000,0.656,0.690,0.747,0.760,0.118,0.226,0.218,0.092
438,378,374,0.000,0.686,0.699,0.757,0.760,0.105,0.209,0.232,0.069,435,432,0.000,0.674,0.679,0.752,0.760,0.098,0.228,0.229,0.093,437.000,380.000,0.000,0.679,0.710,0.744,0.769,0.104,0.217,0.231,0.059,438.000,435.000,0.000,0.656,0.690,0.747,0.760,0.118,0.226,0.218,0.092
439,378,374,0.000,0.686,0.699,0.757,0.760,0.105,0.209,0.232,0.069,435,432,0.000,0.674,0.679,0.752,0.760,0.098,0.228,0.229,0.093,437.000,380.000,0.000,0.679,0.710,0.744,0.769,0.104,0.217,0.231,0.059,438.000,435.000,0.000,0.656,0.690,0.747,0.760,0.118,0.226,0.218,0.092
440,378,374,0.000,0.686,0.699,0.757,0.760,0.105,0.209,0.232,0.069,435,432,0.000,0.674,0.679,0.752,0.760,0.098,0.228,0.229,0.093,437.000,380.000,0.000,0.679,0.710,0.744,0.769,0.104,0.217,0.231,0.059,438.000,435.000,0.000,0.656,0.690,0.747,0.760,0.118,0.226,0.218,0.092
441,378,374,0.000,0.686,0.699,0.757,0.760,0.105,0.209,0.232,0.069,435,432,0.000,0.674,0.679,0.752,0.760,0.098,0.228,0.229,0.093,437.000,380.000,0.000,0.679,0.710,0.744,0.769,0.104,0.217,0.231,0.059,438.000,435.000,0.000,0.656,0.690,0.747,0.760,0.118,0.226,0.218,0.092
442,378,374,0.000,0.686,0.699,0.757,0.760,0.105,0.209,0.232,0.069,437,380,0.000,0.679,0.710,0.744,0.769,0.104,0.217,0.231,0.059,441.000,378.000,0.001,0.671,0.702,0.756,0.765,0.108,0.221,0.233,0.065,443.000,438.000,0.000,0.646,0.696,0.764,0.753,0.114,0.240,0.230,0.074
443,378,374,0.000,0.686,0.699,0.757,0.760,0.105,0.209,0.232,0.069,437,380,0.000,0.679,0.710,0.744,0.769,0.104,0.217,0.231,0.059,441.000,378.000,0.001,0.671,0.702,0.756,0.765,0.108,0.221,0.233,0.065,,,,,,,,,,,
444,378,374,0.000,0.686,0.699,0.757,0.760,0.105,0.209,0.232,0.069,437,380,0.000,0.679,0.710,0.744,0.769,0.104,0.217,0.231,0.059,441.000,378.000,0.001,0.671,0.702,0.756,0.765,0.108,0.221,0.233,0.065,,,,,,,,,,,
445,378,374,0.000,0.686,0.699,0.757,0.760,0.105,0.209,0.232,0.069,441,378,0.001,0.671,0.702,0.756,0.765,0.108,0.221,0.233,0.065,,,,,,,,,,,,,,,,,,,,,,
446,378,374,0.000,0.686,0.699,0.757,0.760,0.105,0.209,0.232,0.069,441,378,0.001,0.671,0.702,0.756,0.765,0.108,0.221,0.233,0.065,,,,,,,,,,,,,,,,,,,,,,
447,378,374,0.000,0.686,0.699,0.757,0.760,0.105,0.209,0.232,0.069,441,378,0.001,0.671,0.702,0.756,0.765,0.108,0.221,0.233,0.065,448.000,441.000,0.000,0.674,0.688,0.733,0.766,0.114,0.212,0.233,0.079,,,,,,,,,,,
448,378,374,0.000,0.686,0.699,0.757,0.760,0.105,0.209,0.232,0.069,441,378,0.001,0.671,0.702,0.756,0.765,0.108,0.221,0.233,0.065,448.000,441.000,0.000,0.674,0.688,0.733,0.766,0.114,0.212,0.233,0.079,,,,,,,,,,,
449,378,374,0.000,0.686,0.699,0.757,0.760,0.105,0.209,0.232,0.069,441,378,0.001,0.671,0.702,0.756,0.765,0.108,0.221,0.233,0.065,,,,,,,,,,,,,,,,,,,,,,
450,378,374,0.000,0.686,0.699,0.757,0.760,0.105,0.209,0.232,0.069,441,378,0.001,0.671,0.702,0.756,0.765,0.108,0.221,0.233,0.065,451.000,441.000,0.000,0.659,0.695,0.744,0.758,0.115,0.227,0.234,0.071,,,,,,,,,,,
451,378,374,0.000,0.686,0.699,0.757,0.760,0.105,0.209,0.232,0.069,441,378,0.001,0.671,0.702,0.756,0.765,0.108,0.221,0.233,0.065,451.000,441.000,0.000,0.659,0.695,0.744,0.758,0.115,0.227,0.234,0.071,,,,,,,,,,,
452,378,374,0.000,0.686,0.699,0.757,0.760,0.105,0.209,0.232,0.069,441,378,0.001,0.671,0.702,0.756,0.765,0.108,0.221,0.233,0.065,451.000,441.000,0.000,0.659,0.695,0.744,0.758,0.115,0.227,0.234,0.071,,,,,,,,,,,
453,378,374,0.000,0.686,0.699,0.757,0.760,0.105,0.209,0.232,0.069,451,441,0.000,0.659,0.695,0.744,0.758,0.115,0.227,0.234,0.071,,,,,,,,,,,,,,,,,,,,,,
454,378,374,0.000,0.686,0.699,0.757,0.760,0.105,0.209,0.232,0.069,451,441,0.000,0.659,0.695,0.744,0.758,0.115,0.227,0.234,0.071,,,,,,,,,,,,,,,,,,,,,,
455,378,374,0.000,0.686,0.699,0.757,0.760,0.105,0.209,0.232,0.069,451,441,0.000,0.659,0.695,0.744,0.758,0.115,0.227,0.234,0.071,,,,,,,,,,,,,,,,,,,,,,
456,378,374,0.000,0.686,0.699,0.757,0.760,0.105,0.209,0.232,0.069,451,441,0.000,0.659,0.695,0.744,0.758,0.115,0.227,0.234,0.071,457.000,451.000,0.000,0.660,0.693,0.749,0.753,0.116,0.224,0.222,0.085,,,,,,,,,,,
457,378,374,0.000,0.686,0.699,0.757,0.760,0.105,0.209,0.232,0.069,451,441,0.000,0.659,0.695,0.744,0.758,0.115,0.227,0.234,0.071,457.000,451.000,0.000,0.660,0.693,0.749,0.753,0.116,0.224,0.222,0.085,458.000,451.000,0.004,0.664,0.694,0.757,0.739,0.108,0.228,0.223,0.083
458,378,374,0.000,0.686,0.699,0.757,0.760,0.105,0.209,0.232,0.069,451,441,0.000,0.659,0.695,0.744,0.758,0.115,0.227,0.234,0.071,457.000,451.000,0.000,0.660,0.693,0.749,0.753,0.116,0.224,0.222,0.085,458.000,451.000,0.004,0.664,0.694,0.757,0.739,0.108,0.228,0.223,0.083
459,378,374,0.000,0.686,0.699,0.757,0.760,0.105,0.209,0.232,0.069,451,441,0.000,0.659,0.695,0.744,0.758,0.115,0.227,0.234,0.071,457.000,451.000,0.000,0.660,0.693,0.749,0.753,0.116,0.224,0.222,0.085,458.000,451.000,0.004,0.664,0.694,0.757,0.739,0.108,0.228,0.223,0.083
460,378,374,0.000,0.686,0.699,0.757,0.760,0.105,0.209,0.232,0.069,451,441,0.000,0.659,0.695,0.744,0.758,0.115,0.227,0.234,0.071,457.000,451.000,0.000,0.660,0.693,0.749,0.753,0.116,0.224,0.222,0.085,458.000,451.000,0.004,0.664,0.694,0.757,0.739,0.108,0.228,0.223,0.083
461,378,374,0.000,0.686,0.699,0.757,0.760,0.105,0.209,0.232,0.069,451,441,0.000,0.659,0.695,0.744,0.758,0.115,0.227,0.234,0.071,457.000,451.000,0.000,0.660,0.693,0.749,0.753,0.116,0.224,0.222,0.085,458.000,451.000,0.004,0.664,0.694,0.757,0.739,0.108,0.228,0.223,0.083
462,378,374,0.000,0.686,0.699,0.757,0.760,0.105,0.209,0.232,0.069,451,441,0.000,0.659,0.695,0.744,0.758,0.115,0.227,0.234,0.071,457.000,451.000,0.000,0.660,0.693,0.749,0.753,0.116,0.224,0.222,0.085,461.000,457.000,0.000,0.652,0.681,0.747,0.755,0.111,0.236,0.235,0.084
463,378,374,0.000,0.686,0.699,0.757,0.760,0.105,0.209,0.232,0.069,451,441,0.000,0.659,0.695,0.744,0.758,0.115,0.227,0.234,0.071,457.000,451.000,0.000,0.660,0.693,0.749,0.753,0.116,0.224,0.222,0.085,461.000,457.000,0.000,0.652,0.681,0.747,0.755,0.111,0.236,0.235,0.084
464,378,374,0.000,0.686,0.699,0.757,0.760,0.105,0.209,0.232,0.069,451,441,0.000,0.659,0.695,0.744,0.758,0.115,0.227,0.234,0.071,457.000,451.000,0.000,0.660,0.693,0.749,0.753,0.116,0.224,0.222,0.085,461.000,457.000,0.000,0.652,0.681,0.747,0.755,0.111,0.236,0.235,0.084
465,378,374,0.000,0.686,0.699,0.757,0.760,0.105,0.209,0.232,0.069,451,441,0.000,0.659,0.695,0.744,0.758,0.115,0.227,0.234,0.071,457.000,451.000,0.000,0.660,0.693,0.749,0.753,0.116,0.224,0.222,0.085,461.000,457.000,0.000,0.652,0.681,0.747,0.755,0.111,0.236,0.235,0.084
466,451,441,0.000,0.659,0.695,0.744,0.758,0.115,0.227,0.234,0.071,461,457,0.000,0.652,0.681,0.747,0.755,0.111,0.236,0.235,0.084,467.000,378.000,0.000,0.687,0.686,0.744,0.752,0.110,0.203,0.241,0.073,,,,,,,,,,,
467,451,441,0.000,0.659,0.695,0.744,0.758,0.115,0.227,0.234,0.071,461,457,0.000,0.652,0.681,0.747,0.755,0.111,0.236,0.235,0.084,467.000,378.000,0.000,0.687,0.686,0.744,0.752,0.110,0.203,0.241,0.073,468.000,451.000,0.003,0.665,0.684,0.743,0.737,0.110,0.225,0.248,0.068
468,451,441,0.000,0.659,0.695,0.744,0.758,0.115,0.227,0.234,0.071,461,457,0.000,0.652,0.681,0.747,0.755,0.111,0.236,0.235,0.084,467.000,378.000,0.000,0.687,0.686,0.744,0.752,0.110,0.203,0.241,0.073,469.000,467.000,0.000,0.687,0.685,0.743,0.760,0.111,0.201,0.246,0.069
469,451,441,0.000,0.659,0.695,0.744,0.758,0.115,0.227,0.234,0.071,461,457,0.000,0.652,0.681,0.747,0.755,0.111,0.236,0.235,0.084,467.000,378.000,0.000,0.687,0.686,0.744,0.752,0.110,0.203,0.241,0.073,469.000,467.000,0.000,0.687,0.685,0.743,0.760,0.111,0.201,0.246,0.069
470,451,441,0.000,0.659,0.695,0.744,0.758,0.115,0.227,0.234,0.071,461,457,0.000,0.652,0.681,0.747,0.755,0.111,0.236,0.235,0.084,467.000,378.000,0.000,0.687,0.686,0.744,0.752,0.110,0.203,0.241,0.073,469.000,467.000,0.000,0.687,0.685,0.743,0.760,0.111,0.201,0.246,0.069
471,451,441,0.000,0.659,0.695,0.744,0.758,0.115,0.227,0.234,0.071,461,457,0.000,0.652,0.681,0.747,0.755,0.111,0.236,0.235,0.084,467.000,378.000,0.000,0.687,0.686,0.744,0.752,0.110,0.203,0.241,0.073,469.000,467.000,0.000,0.687,0.685,0.743,0.760,0.111,0.201,0.246,0.069
472,451,441,0.000,0.659,0.695,0.744,0.758,0.115,0.227,0.234,0.071,461,457,0.000,0.652,0.681,0.747,0.755,0.111,0.236,0.235,0.084,467.000,378.000,0.000,0.687,0.686,0.744,0.752,0.110,0.203,0.241,0.073,469.000,467.000,0.000,0.687,0.685,0.743,0.760,0.111,0.201,0.246,0.069
473,451,441,0.000,0.659,0.695,0.744,0.758,0.115,0.227,0.234,0.071,461,457,0.000,0.652,0.681,0.747,0.755,0.111,0.236,0.235,0.084,469.000,467.000,0.000,0.687,0.685,0.743,0.760,0.111,0.201,0.246,0.069,,,,,,,,,,,
474,451,441,0.000,0.659,0.695,0.744,0.758,0.115,0.227,0.234,0.071,469,467,0.000,0.687,0.685,0.743,0.760,0.111,0.201,0.246,0.069,,,,,,,,,,,,,,,,,,,,,,
475,451,441,0.000,0.659,0.695,0.744,0.758,0.115,0.227,0.234,0.071,469,467,0.000,0.687,0.685,0.743,0.760,0.111,0.201,0.246,0.069,,,,,,,,,,,,,,,,,,,,,,
476,451,441,0.000,0.659,0.695,0.744,0.758,0.115,0.227,0.234,0.071,469,467,0.000,0.687,0.685,0.743,0.760,0.111,0.201,0.246,0.069,477.000,469.000,0.000,0.678,0.679,0.759,0.756,0.115,0.207,0.252,0.069,,,,,,,,,,,
477,451,441,0.000,0.659,0.695,0.744,0.758,0.115,0.227,0.234,0.071,469,467,0.000,0.687,0.685,0.743,0.760,0.111,0.201,0.246,0.069,477.000,469.000,0.000,0.678,0.679,0.759,0.756,0.115,0.207,0.252,0.069,,,,,,,,,,,
478,451,441,0.000,0.659,0.695,0.744,0.758,0.115,0.227,0.234,0.071,469,467,0.000,0.687,0.685,0.743,0.760,0.111,0.201,0.246,0.069,477.000,469.000,0.000,0.678,0.679,0.759,0.756,0.115,0.207,0.252,0.069,,,,,,,,,,,
479,451,441,0.000,0.659,0.695,0.744,0.758,0.115,0.227,0.234,0.071,469,467,0.000,0.687,0.685,0.743,0.760,0.111,0.201,0.246,0.069,477.000,469.000,0.000,0.678,0.679,0.759,0.756,0.115,0.207,0.252,0.069,,,,,,,,,,,
480,451,441,0.000,0.659,0.695,0.744,0.758,0.115,0.227,0.234,0.071,469,467,0.000,0.687,0.685,0.743,0.760,0.111,0.201,0.246,0.069,477.000,469.000,0.000,0.678,0.679,0.759,0.756,0.115,0.207,0.252,0.069,481.000,469.000,0.000,0.695,0.694,0.739,0.767,0.102,0.203,0.242,0.064
481,451,441,0.000,0.659,0.695,0.744,0.758,0.115,0.227,0.234,0.071,469,467,0.000,0.687,0.685,0.743,0.760,0.111,0.201,0.246,0.069,477.000,469.000,0.000,0.678,0.679,0.759,0.756,0.115,0.207,0.252,0.069,482.000,469.000,0.000,0.669,0.676,0.733,0.764,0.112,0.219,0.249,0.075
482,451,441,0.000,0.659,0.695,0.744,0.758,0.115,0.227,0.234,0.071,469,467,0.000,0.687,0.685,0.743,0.760,0.111,0.201,0.246,0.069,477.000,469.000,0.000,0.678,0.679,0.759,0.756,0.115,0.207,0.252,0.069,482.000,469.000,0.000,0.669,0.676,0.733,0.764,0.112,0.219,0.249,0.075
483,451,441,0.000,0.659,0.695,0.744,0.758,0.115,0.227,0.234,0.071,477,469,0.000,0.678,0.679,0.759,0.756,0.115,0.207,0.252,0.069,482.000,469.000,0.000,0.669,0.676,0.733,0.764,0.112,0.219,0.249,0.075,,,,,,,,,,,
484,477,469,0.000,0.678,0.679,0.759,0.756,0.115,0.207,0.252,0.069,482,469,0.000,0.669,0.676,0.733,0.764,0.112,0.219,0.249,0.075,,,,,,,,,,,,,,,,,,,,,,
485,477,469,0.000,0.678,0.679,0.759,0.756,0.115,0.207,0.252,0.069,482,469,0.000,0.669,0.676,0.733,0.764,0.112,0.219,0.249,0.075,486.000,477.000,0.000,0.674,0.664,0.761,0.752,0.110,0.216,0.262,0.073,,,,,,,,,,,
486,477,469,0.000,0.678,0.679,0.759,0.756,0.115,0.207,0.252,0.069,482,469,0.000,0.669,0.676,0.733,0.764,0.112,0.219,0.249,0.075,486.000,477.000,0.000,0.674,0.664,0.761,0.752,0.110,0.216,0.262,0.073,,,,,,,,,,,
487,477,469,0.000,0.678,0.679,0.759,0.756,0.115,0.207,0.252,0.069,482,469,0.000,0.669,0.676,0.733,0.764,0.112,0.219,0.249,0.075,486.000,477.000,0.000,0.674,0.664,0.761,0.752,0.110,0.216,0.262,0.073,,,,,,,,,,,
488,477,469,0.000,0.678,0.679,0.759,0.756,0.115,0.207,0.252,0.069,482,469,0.000,0.669,0.676,0.733,0.764,0.112,0.219,0.249,0.075,486.000,477.000,0.000,0.674,0.664,0.761,0.752,0.110,0.216,0.262,0.073,,,,,,,,,,,
489,477,469,0.000,0.678,0.679,0.759,0.756,0.115,0.207,0.252,0.069,482,469,0.000,0.669,0.676,0.733,0.764,0.112,0.219,0.249,0.075,486.000,477.000,0.000,0.674,0.664,0.761,0.752,0.110,0.216,0.262,0.073,,,,,,,,,,,
490,477,469,0.000,0.678,0.679,0.759,0.756,0.115,0.207,0.252,0.069,482,469,0.000,0.669,0.676,0.733,0.764,0.112,0.219,0.249,0.075,486.000,477.000,0.000,0.674,0.664,0.761,0.752,0.110,0.216,0.262,0.073,,,,,,,,,,,
491,477,469,0.000,0.678,0.679,0.759,0.756,0.115,0.207,0.252,0.069,482,469,0.000,0.669,0.676,0.733,0.764,0.112,0.219,0.249,0.075,486.000,477.000,0.000,0.674,0.664,0.761,0.752,0.110,0.216,0.262,0.073,,,,,,,,,,,
492,482,469,0.000,0.669,0.676,0.733,0.764,0.112,0.219,0.249,0.075,486,477,0.000,0.674,0.664,0.761,0.752,0.110,0.216,0.262,0.073,,,,,,,,,,,,,,,,,,,,,,
493,482,469,0.000,0.669,0.676,0.733,0.764,0.112,0.219,0.249,0.075,486,477,0.000,0.674,0.664,0.761,0.752,0.110,0.216,0.262,0.073,,,,,,,,,,,,,,,,,,,,,,
494,482,469,0.000,0.669,0.676,0.733,0.764,0.112,0.219,0.249,0.075,486,477,0.000,0.674,0.664,0.761,0.752,0.110,0.216,0.262,0.073,,,,,,,,,,,,,,,,,,,,,,
495,482,469,0.000,0.669,0.676,0.733,0.764,0.112,0.219,0.249,0.075,486,477,0.000,0.674,0.664,0.761,0.752,0.110,0.216,0.262,0.073,,,,,,,,,,,,,,,,,,,,,,
496,482,469,0.000,0.669,0.676,0.733,0.764,0.112,0.219,0.249,0.075,486,477,0.000,0.674,0.664,0.761,0.752,0.110,0.216,0.262,0.073,,,,,,,,,,,,,,,,,,,,,,
497,482,469,0.000,0.669,0.676,0.733,0.764,0.112,0.219,0.249,0.075,486,477,0.000,0.674,0.664,0.761,0.752,0.110,0.216,0.262,0.073,,,,,,,,,,,,,,,,,,,,,,
498,482,469,0.000,0.669,0.676,0.733,0.764,0.112,0.219,0.249,0.075,486,477,0.000,0.674,0.664,0.761,0.752,0.110,0.216,0.262,0.073,,,,,,,,,,,,,,,,,,,,,,
499,482,469,0.000,0.669,0.676,0.733,0.764,0.112,0.219,0.249,0.075,486,477,0.000,0.674,0.664,0.761,0.752,0.110,0.216,0.262,0.073,,,,,,,,,,,,,,,,,,,,,,
500,482,469,0.000,0.669,0.676,0.733,0.764,0.112,0.219,0.249,0.075,486,477,0.000,0.674,0.664,0.761,0.752,0.110,0.216,0.262,0.073,,,,,,,,,,,,,,,,,,,,,,
501,482,469,0.000,0.669,0.676,0.733,0.764,0.112,0.219,0.249,0.075,486,477,0.000,0.674,0.664,0.761,0.752,0.110,0.216,0.262,0.073,502.000,486.000,0.000,0.653,0.645,0.757,0.754,0.116,0.230,0.269,0.086,,,,,,,,,,,
502,482,469,0.000,0.669,0.676,0.733,0.764,0.112,0.219,0.249,0.075,486,477,0.000,0.674,0.664,0.761,0.752,0.110,0.216,0.262,0.073,502.000,486.000,0.000,0.653,0.645,0.757,0.754,0.116,0.230,0.269,0.086,,,,,,,,,,,
503,482,469,0.000,0.669,0.676,0.733,0.764,0.112,0.219,0.249,0.075,486,477,0.000,0.674,0.664,0.761,0.752,0.110,0.216,0.262,0.073,502.000,486.000,0.000,0.653,0.645,0.757,0.754,0.116,0.230,0.269,0.086,,,,,,,,,,,
504,482,469,0.000,0.669,0.676,0.733,0.764,0.112,0.219,0.249,0.075,486,477,0.000,0.674,0.664,0.761,0.752,0.110,0.216,0.262,0.073,502.000,486.000,0.000,0.653,0.645,0.757,0.754,0.116,0.230,0.269,0.086,,,,,,,,,,,
505,482,469,0.000,0.669,0.676,0.733,0.764,0.112,0.219,0.249,0.075,486,477,0.000,0.674,0.664,0.761,0.752,0.110,0.216,0.262,0.073,502.000,486.000,0.000,0.653,0.645,0.757,0.754,0.116,0.230,0.269,0.086,506.000,486.000,0.000,0.686,0.677,0.752,0.767,0.099,0.215,0.248,0.075
506,482,469,0.000,0.669,0.676,0.733,0.764,0.112,0.219,0.249,0.075,486,477,0.000,0.674,0.664,0.761,0.752,0.110,0.216,0.262,0.073,502.000,486.000,0.000,0.653,0.645,0.757,0.754,0.116,0.230,0.269,0.086,506.000,486.000,0.000,0.686,0.677,0.752,0.767,0.099,0.215,0.248,0.075
507,482,469,0.000,0.669,0.676,0.733,0.764,0.112,0.219,0.249,0.075,486,477,0.000,0.674,0.664,0.761,0.752,0.110,0.216,0.262,0.073,502.000,486.000,0.000,0.653,0.645,0.757,0.754,0.116,0.230,0.269,0.086,,,,,,,,,,,
508,482,469,0.000,0.669,0.676,0.733,0.764,0.112,0.219,0.249,0.075,486,477,0.000,0.674,0.664,0.761,0.752,0.110,0.216,0.262,0.073,502.000,486.000,0.000,0.653,0.645,0.757,0.754,0.116,0.230,0.269,0.086,,,,,,,,,,,
509,482,469,0.000,0.669,0.676,0.733,0.764,0.112,0.219,0.249,0.075,502,486,0.000,0.653,0.645,0.757,0.754,0.116,0.230,0.269,0.086,,,,,,,,,,,,,,,,,,,,,,
510,482,469,0.000,0.669,0.676,0.733,0.764,0.112,0.219,0.249,0.075,502,486,0.000,0.653,0.645,0.757,0.754,0.116,0.230,0.269,0.086,,,,,,,,,,,,,,,,,,,,,,
511,482,469,0.000,0.669,0.676,0.733,0.764,0.112,0.219,0.249,0.075,502,486,0.000,0.653,0.645,0.757,0.754,0.116,0.230,0.269,0.086,,,,,,,,,,,,,,,,,,,,,,
512,482,469,0.000,0.669,0.676,0.733,0.764,0.112,0.219,0.249,0.075,502,486,0.000,0.653,0.645,0.757,0.754,0.116,0.230,0.269,0.086,,,,,,,,,,,,,,,,,,,,,,
513,482,469,0.000,0.669,0.676,0.733,0.764,0.112,0.219,0.249,0.075,502,486,0.000,0.653,0.645,0.757,0.754,0.116,0.230,0.269,0.086,,,,,,,,,,,,,,,,,,,,,,
514,482,469,0.000,0.669,0.676,0.733,0.764,0.112,0.219,0.249,0.075,502,486,0.000,0.653,0.645,0.757,0.754,0.116,0.230,0.269,0.086,,,,,,,,,,,,,,,,,,,,,,
515,482,469,0.000,0.669,0.676,0.733,0.764,0.112,0.219,0.249,0.075,502,486,0.000,0.653,0.645,0.757,0.754,0.116,0.230,0.269,0.086,,,,,,,,,,,,,,,,,,,,,,
516,482,469,0.000,0.669,0.676,0.733,0.764,0.112,0.219,0.249,0.075,502,486,0.000,0.653,0.645,0.757,0.754,0.116,0.230,0.269,0.086,,,,,,,,,,,,,,,,,,,,,,
517,482,469,0.000,0.669,0.676,0.733,0.764,0.112,0.219,0.249,0.075,502,486,0.000,0.653,0.645,0.757,0.754,0.116,0.230,0.269,0.086,,,,,,,,,,,,,,,,,,,,,,
518,482,469,0.000,0.669,0.676,0.733,0.764,0.112,0.219,0.249,0.075,502,486,0.000,0.653,0.645,0.757,0.754,0.116,0.230,0.269,0.086,519.000,502.000,0.000,0.639,0.660,0.753,0.750,0.128,0.232,0.276,0.064,,,,,,,,,,,
519,482,469,0.000,0.669,0.676,0.733,0.764,0.112,0.219,0.249,0.075,502,486,0.000,0.653,0.645,0.757,0.754,0.116,0.230,0.269,0.086,519.000,502.000,0.000,0.639,0.660,0.753,0.750,0.128,0.232,0.276,0.064,520.000,482.000,0.000,0.667,0.675,0.734,0.775,0.111,0.222,0.257,0.068
520,482,469,0.000,0.669,0.676,0.733,0.764,0.112,0.219,0.249,0.075,502,486,0.000,0.653,0.645,0.757,0.754,0.116,0.230,0.269,0.086,519.000,502.000,0.000,0.639,0.660,0.753,0.750,0.128,0.232,0.276,0.064,520.000,482.000,0.000,0.667,0.675,0.734,0.775,0.111,0.222,0.257,0.068
521,502,486,0.000,0.653,0.645,0.757,0.754,0.116,0.230,0.269,0.086,519,502,0.000,0.639,0.660,0.753,0.750,0.128,0.232,0.276,0.064,520.000,482.000,0.000,0.667,0.675,0.734,0.775,0.111,0.222,0.257,0.068,,,,,,,,,,,
522,502,486,0.000,0.653,0.645,0.757,0.754,0.116,0.230,0.269,0.086,519,502,0.000,0.639,0.660,0.753,0.750,0.128,0.232,0.276,0.064,520.000,482.000,0.000,0.667,0.675,0.734,0.775,0.111,0.222,0.257,0.068,,,,,,,,,,,
523,502,486,0.000,0.653,0.645,0.757,0.754,0.116,0.230,0.269,0.086,519,502,0.000,0.639,0.660,0.753,0.750,0.128,0.232,0.276,0.064,520.000,482.000,0.000,0.667,0.675,0.734,0.775,0.111,0.222,0.257,0.068,,,,,,,,,,,
524,502,486,0.000,0.653,0.645,0.757,0.754,0.116,0.230,0.269,0.086,519,502,0.000,0.639,0.660,0.753,0.750,0.128,0.232,0.276,0.064,520.000,482.000,0.000,0.667,0.675,0.734,0.775,0.111,0.222,0.257,0.068,,,,,,,,,,,
525,502,486,0.000,0.653,0.645,0.757,0.754,0.116,0.230,0.269,0.086,519,502,0.000,0.639,0.660,0.753,0.750,0.128,0.232,0.276,0.064,520.000,482.000,0.000,0.667,0.675,0.734,0.775,0.111,0.222,0.257,0.068,,,,,,,,,,,
526,502,486,0.000,0.653,0.645,0.757,0.754,0.116,0.230,0.269,0.086,519,502,0.000,0.639,0.660,0.753,0.750,0.128,0.232,0.276,0.064,520.000,482.000,0.000,0.667,0.675,0.734,0.775,0.111,0.222,0.257,0.068,,,,,,,,,,,
527,502,486,0.000,0.653,0.645,0.757,0.754,0.116,0.230,0.269,0.086,519,502,0.000,0.639,0.660,0.753,0.750,0.128,0.232,0.276,0.064,520.000,482.000,0.000,0.667,0.675,0.734,0.775,0.111,0.222,0.257,0.068,,,,,,,,,,,
528,502,486,0.000,0.653,0.645,0.757,0.754,0.116,0.230,0.269,0.086,519,502,0.000,0.639,0.660,0.753,0.750,0.128,0.232,0.276,0.064,520.000,482.000,0.000,0.667,0.675,0.734,0.775,0.111,0.222,0.257,0.068,,,,,,,,,,,
529,502,486,0.000,0.653,0.645,0.757,0.754,0.116,0.230,0.269,0.086,520,482,0.000,0.667,0.675,0.734,0.775,0.111,0.222,0.257,0.068,530.000,502.000,0.001,0.647,0.647,0.744,0.761,0.109,0.244,0.266,0.087,,,,,,,,,,,
530,502,486,0.000,0.653,0.645,0.757,0.754,0.116,0.230,0.269,0.086,520,482,0.000,0.667,0.675,0.734,0.775,0.111,0.222,0.257,0.068,,,,,,,,,,,,,,,,,,,,,,
531,502,486,0.000,0.653,0.645,0.757,0.754,0.116,0.230,0.269,0.086,520,482,0.000,0.667,0.675,0.734,0.775,0.111,0.222,0.257,0.068,,,,,,,,,,,,,,,,,,,,,,
532,502,486,0.000,0.653,0.645,0.757,0.754,0.116,0.230,0.269,0.086,520,482,0.000,0.667,0.675,0.734,0.775,0.111,0.222,0.257,0.068,533.000,502.000,0.000,0.650,0.627,0.755,0.763,0.112,0.238,0.294,0.079,,,,,,,,,,,
533,502,486,0.000,0.653,0.645,0.757,0.754,0.116,0.230,0.269,0.086,520,482,0.000,0.667,0.675,0.734,0.775,0.111,0.222,0.257,0.068,533.000,502.000,0.000,0.650,0.627,0.755,0.763,0.112,0.238,0.294,0.079,,,,,,,,,,,
534,502,486,0.000,0.653,0.645,0.757,0.754,0.116,0.230,0.269,0.086,520,482,0.000,0.667,0.675,0.734,0.775,0.111,0.222,0.257,0.068,533.000,502.000,0.000,0.650,0.627,0.755,0.763,0.112,0.238,0.294,0.079,,,,,,,,,,,
535,502,486,0.000,0.653,0.645,0.757,0.754,0.116,0.230,0.269,0.086,533,502,0.000,0.650,0.627,0.755,0.763,0.112,0.238,0.294,0.079,,,,,,,,,,,,,,,,,,,,,,
536,502,486,0.000,0.653,0.645,0.757,0.754,0.116,0.230,0.269,0.086,533,502,0.000,0.650,0.627,0.755,0.763,0.112,0.238,0.294,0.079,537.000,533.000,0.000,0.654,0.635,0.756,0.765,0.121,0.225,0.294,0.072,,,,,,,,,,,
537,502,486,0.000,0.653,0.645,0.757,0.754,0.116,0.230,0.269,0.086,533,502,0.000,0.650,0.627,0.755,0.763,0.112,0.238,0.294,0.079,537.000,533.000,0.000,0.654,0.635,0.756,0.765,0.121,0.225,0.294,0.072,538.000,537.000,0.004,0.655,0.641,0.761,0.767,0.130,0.215,0.299,0.060
538,502,486,0.000,0.653,0.645,0.757,0.754,0.116,0.230,0.269,0.086,533,502,0.000,0.650,0.627,0.755,0.763,0.112,0.238,0.294,0.079,537.000,533.000,0.000,0.654,0.635,0.756,0.765,0.121,0.225,0.294,0.072,,,,,,,,,,,
539,502,486,0.000,0.653,0.645,0.757,0.754,0.116,0.230,0.269,0.086,533,502,0.000,0.650,0.627,0.755,0.763,0.112,0.238,0.294,0.079,537.000,533.000,0.000,0.654,0.635,0.756,0.765,0.121,0.225,0.294,0.072,540.000,537.000,0.000,0.654,0.617,0.759,0.766,0.120,0.226,0.281,0.102
540,502,486,0.000,0.653,0.645,0.757,0.754,0.116,0.230,0.269,0.086,533,502,0.000,0.650,0.627,0.755,0.763,0.112,0.238,0.294,0.079,537.000,533.000,0.000,0.654,0.635,0.756,0.765,0.121,0.225,0.294,0.072,540.000,537.000,0.000,0.654,0.617,0.759,0.766,0.120,0.226,0.281,0.102
541,502,486,0.000,0.653,0.645,0.757,0.754,0.116,0.230,0.269,0.086,533,502,0.000,0.650,0.627,0.755,0.763,0.112,0.238,0.294,0.079,537.000,533.000,0.000,0.654,0.635,0.756,0.765,0.121,0.225,0.294,0.072,540.000,537.000,0.000,0.654,0.617,0.759,0.766,0.120,0.226,0.281,0.102
542,502,486,0.000,0.653,0.645,0.757,0.754,0.116,0.230,0.269,0.086,533,502,0.000,0.650,0.627,0.755,0.763,0.112,0.238,0.294,0.079,537.000,533.000,0.000,0.654,0.635,0.756,0.765,0.121,0.225,0.294,0.072,540.000,537.000,0.000,0.654,0.617,0.759,0.766,0.120,0.226,0.281,0.102
543,502,486,0.000,0.653,0.645,0.757,0.754,0.116,0.230,0.269,0.086,533,502,0.000,0.650,0.627,0.755,0.763,0.112,0.238,0.294,0.079,537.000,533.000,0.000,0.654,0.635,0.756,0.765,0.121,0.225,0.294,0.072,540.000,537.000,0.000,0.654,0.617,0.759,0.766,0.120,0.226,0.281,0.102
544,502,486,0.000,0.653,0.645,0.757,0.754,0.116,0.230,0.269,0.086,533,502,0.000,0.650,0.627,0.755,0.763,0.112,0.238,0.294,0.079,537.000,533.000,0.000,0.654,0.635,0.756,0.765,0.121,0.225,0.294,0.072,540.000,537.000,0.000,0.654,0.617,0.759,0.766,0.120,0.226,0.281,0.102
545,502,486,0.000,0.653,0.645,0.757,0.754,0.116,0.230,0.269,0.086,533,502,0.000,0.650,0.627,0.755,0.763,0.112,0.238,0.294,0.079,537.000,533.000,0.000,0.654,0.635,0.756,0.765,0.121,0.225,0.294,0.072,540.000,537.000,0.000,0.654,0.617,0.759,0.766,0.120,0.226,0.281,0.102
546,502,486,0.000,0.653,0.645,0.757,0.754,0.116,0.230,0.269,0.086,533,502,0.000,0.650,0.627,0.755,0.763,0.112,0.238,0.294,0.079,537.000,533.000,0.000,0.654,0.635,0.756,0.765,0.121,0.225,0.294,0.072,540.000,537.000,0.000,0.654,0.617,0.759,0.766,0.120,0.226,0.281,0.102
547,502,486,0.000,0.653,0.645,0.757,0.754,0.116,0.230,0.269,0.086,533,502,0.000,0.650,0.627,0.755,0.763,0.112,0.238,0.294,0.079,537.000,533.000,0.000,0.654,0.635,0.756,0.765,0.121,0.225,0.294,0.072,540.000,537.000,0.000,0.654,0.617,0.759,0.766,0.120,0.226,0.281,0.102
548,502,486,0.000,0.653,0.645,0.757,0.754,0.116,0.230,0.269,0.086,533,502,0.000,0.650,0.627,0.755,0.763,0.112,0.238,0.294,0.079,537.000,533.000,0.000,0.654,0.635,0.756,0.765,0.121,0.225,0.294,0.072,540.000,537.000,0.000,0.654,0.617,0.759,0.766,0.120,0.226,0.281,0.102
549,502,486,0.000,0.653,0.645,0.757,0.754,0.116,0.230,0.269,0.086,533,502,0.000,0.650,0.627,0.755,0.763,0.112,0.238,0.294,0.079,537.000,533.000,0.000,0.654,0.635,0.756,0.765,0.121,0.225,0.294,0.072,540.000,537.000,0.000,0.654,0.617,0.759,0.766,0.120,0.226,0.281,0.102
550,502,486,0.000,0.653,0.645,0.757,0.754,0.116,0.230,0.269,0.086,533,502,0.000,0.650,0.627,0.755,0.763,0.112,0.238,0.294,0.079,537.000,533.000,0.000,0.654,0.635,0.756,0.765,0.121,0.225,0.294,0.072,540.000,537.000,0.000,0.654,0.617,0.759,0.766,0.120,0.226,0.281,0.102
551,502,486,0.000,0.653,0.645,0.757,0.754,0.116,0.230,0.269,0.086,533,502,0.000,0.650,0.627,0.755,0.763,0.112,0.238,0.294,0.079,537.000,533.000,0.000,0.654,0.635,0.756,0.765,0.121,0.225,0.294,0.072,540.000,537.000,0.000,0.654,0.617,0.759,0.766,0.120,0.226,0.281,0.102
552,502,486,0.000,0.653,0.645,0.757,0.754,0.116,0.230,0.269,0.086,533,502,0.000,0.650,0.627,0.755,0.763,0.112,0.238,0.294,0.079,537.000,533.000,0.000,0.654,0.635,0.756,0.765,0.121,0.225,0.294,0.072,540.000,537.000,0.000,0.654,0.617,0.759,0.766,0.120,0.226,0.281,0.102
553,502,486,0.000,0.653,0.645,0.757,0.754,0.116,0.230,0.269,0.086,533,502,0.000,0.650,0.627,0.755,0.763,0.112,0.238,0.294,0.079,537.000,533.000,0.000,0.654,0.635,0.756,0.765,0.121,0.225,0.294,0.072,549.000,502.000,0.000,0.651,0.653,0.746,0.751,0.115,0.233,0.284,0.063
554,502,486,0.000,0.653,0.645,0.757,0.754,0.116,0.230,0.269,0.086,533,502,0.000,0.650,0.627,0.755,0.763,0.112,0.238,0.294,0.079,537.000,533.000,0.000,0.654,0.635,0.756,0.765,0.121,0.225,0.294,0.072,549.000,502.000,0.000,0.651,0.653,0.746,0.751,0.115,0.233,0.284,0.063
555,502,486,0.000,0.653,0.645,0.757,0.754,0.116,0.230,0.269,0.086,533,502,0.000,0.650,0.627,0.755,0.763,0.112,0.238,0.294,0.079,537.000,533.000,0.000,0.654,0.635,0.756,0.765,0.121,0.225,0.294,0.072,549.000,502.000,0.000,0.651,0.653,0.746,0.751,0.115,0.233,0.284,0.063
556,502,486,0.000,0.653,0.645,0.757,0.754,0.116,0.230,0.269,0.086,533,502,0.000,0.650,0.627,0.755,0.763,0.112,0.238,0.294,0.079,537.000,533.000,0.000,0.654,0.635,0.756,0.765,0.121,0.225,0.294,0.072,549.000,502.000,0.000,0.651,0.653,0.746,0.751,0.115,0.233,0.284,0.063
557,502,486,0.000,0.653,0.645,0.757,0.754,0.116,0.230,0.269,0.086,533,502,0.000,0.650,0.627,0.755,0.763,0.112,0.238,0.294,0.079,537.000,533.000,0.000,0.654,0.635,0.756,0.765,0.121,0.225,0.294,0.072,549.000,502.000,0.000,0.651,0.653,0.746,0.751,0.115,0.233,0.284,0.063
558,502,486,0.000,0.653,0.645,0.757,0.754,0.116,0.230,0.269,0.086,533,502,0.000,0.650,0.627,0.755,0.763,0.112,0.238,0.294,0.079,537.000,533.000,0.000,0.654,0.635,0.756,0.765,0.121,0.225,0.294,0.072,549.000,502.000,0.000,0.651,0.653,0.746,0.751,0.115,0.233,0.284,0.063
559,502,486,0.000,0.653,0.645,0.757,0.754,0.116,0.230,0.269,0.086,533,502,0.000,0.650,0.627,0.755,0.763,0.112,0.238,0.294,0.079,537.000,533.000,0.000,0.654,0.635,0.756,0.765,0.121,0.225,0.294,0.072,549.000,502.000,0.000,0.651,0.653,0.746,0.751,0.115,0.233,0.284,0.063
560,502,486,0.000,0.653,0.645,0.757,0.754,0.116,0.230,0.269,0.086,533,502,0.000,0.650,0.627,0.755,0.763,0.112,0.238,0.294,0.079,537.000,533.000,0.000,0.654,0.635,0.756,0.765,0.121,0.225,0.294,0.072,549.000,502.000,0.000,0.651,0.653,0.746,0.751,0.115,0.233,0.284,0.063
561,502,486,0.000,0.653,0.645,0.757,0.754,0.116,0.230,0.269,0.086,533,502,0.000,0.650,0.627,0.755,0.763,0.112,0.238,0.294,0.079,537.000,533.000,0.000,0.654,0.635,0.756,0.765,0.121,0.225,0.294,0.072,549.000,502.000,0.000,0.651,0.653,0.746,0.751,0.115,0.233,0.284,0.063
562,502,486,0.000,0.653,0.645,0.757,0.754,0.116,0.230,0.269,0.086,533,502,0.000,0.650,0.627,0.755,0.763,0.112,0.238,0.294,0.079,537.000,533.000,0.000,0.654,0.635,0.756,0.765,0.121,0.225,0.294,0.072,549.000,502.000,0.000,0.651,0.653,0.746,0.751,0.115,0.233,0.284,0.063
563,502,486,0.000,0.653,0.645,0.757,0.754,0.116,0.230,0.269,0.086,533,502,0.000,0.650,0.627,0.755,0.763,0.112,0.238,0.294,0.079,537.000,533.000,0.000,0.654,0.635,0.756,0.765,0.121,0.225,0.294,0.072,549.000,502.000,0.000,0.651,0.653,0.746,0.751,0.115,0.233,0.284,0.063
564,533,502,0.000,0.650,0.627,0.755,0.763,0.112,0.238,0.294,0.079,537,533,0.000,0.654,0.635,0.756,0.765,0.121,0.225,0.294,0.072,549.000,502.000,0.000,0.651,0.653,0.746,0.751,0.115,0.233,0.284,0.063,556.000,533.000,0.001,0.651,0.618,0.741,0.769,0.120,0.229,0.294,0.088
565,533,502,0.000,0.650,0.627,0.755,0.763,0.112,0.238,0.294,0.079,537,533,0.000,0.654,0.635,0.756,0.765,0.121,0.225,0.294,0.072,549.000,502.000,0.000,0.651,0.653,0.746,0.751,0.115,0.233,0.284,0.063,556.000,533.000,0.001,0.651,0.618,0.741,0.769,0.120,0.229,0.294,0.088
566,533,502,0.000,0.650,0.627,0.755,0.763,0.112,0.238,0.294,0.079,537,533,0.000,0.654,0.635,0.756,0.765,0.121,0.225,0.294,0.072,549.000,502.000,0.000,0.651,0.653,0.746,0.751,0.115,0.233,0.284,0.063,556.000,533.000,0.001,0.651,0.618,0.741,0.769,0.120,0.229,0.294,0.088
567,533,502,0.000,0.650,0.627,0.755,0.763,0.112,0.238,0.294,0.079,537,533,0.000,0.654,0.635,0.756,0.765,0.121,0.225,0.294,0.072,549.000,502.000,0.000,0.651,0.653,0.746,0.751,0.115,0.233,0.284,0.063,556.000,533.000,0.001,0.651,0.618,0.741,0.769,0.120,0.229,0.294,0.088
568,533,502,0.000,0.650,0.627,0.755,0.763,0.112,0.238,0.294,0.079,537,533,0.000,0.654,0.635,0.756,0.765,0.121,0.225,0.294,0.072,549.000,502.000,0.000,0.651,0.653,0.746,0.751,0.115,0.233,0.284,0.063,556.000,533.000,0.001,0.651,0.618,0.741,0.769,0.120,0.229,0.294,0.088
569,533,502,0.000,0.650,0.627,0.755,0.763,0.112,0.238,0.294,0.079,537,533,0.000,0.654,0.635,0.756,0.765,0.121,0.225,0.294,0.072,549.000,502.000,0.000,0.651,0.653,0.746,0.751,0.115,0.233,0.284,0.063,557.000,549.000,0.000,0.640,0.652,0.754,0.756,0.118,0.241,0.291,0.057
570,533,502,0.000,0.650,0.627,0.755,0.763,0.112,0.238,0.294,0.079,537,533,0.000,0.654,0.635,0.756,0.765,0.121,0.225,0.294,0.072,549.000,502.000,0.000,0.651,0.653,0.746,0.751,0.115,0.233,0.284,0.063,557.000,549.000,0.000,0.640,0.652,0.754,0.756,0.118,0.241,0.291,0.057
571,533,502,0.000,0.650,0.627,0.755,0.763,0.112,0.238,0.294,0.079,537,533,0.000,0.654,0.635,0.756,0.765,0.121,0.225,0.294,0.072,549.000,502.000,0.000,0.651,0.653,0.746,0.751,0.115,0.233,0.284,0.063,557.000,549.000,0.000,0.640,0.652,0.754,0.756,0.118,0.241,0.291,0.057
572,533,502,0.000,0.650,0.627,0.755,0.763,0.112,0.238,0.294,0.079,537,533,0.000,0.654,0.635,0.756,0.765,0.121,0.225,0.294,0.072,549.000,502.000,0.000,0.651,0.653,0.746,0.751,0.115,0.233,0.284,0.063,557.000,549.000,0.000,0.640,0.652,0.754,0.756,0.118,0.241,0.291,0.057
573,533,502,0.000,0.650,0.627,0.755,0.763,0.112,0.238,0.294,0.079,537,533,0.000,0.654,0.635,0.756,0.765,0.121,0.225,0.294,0.072,549.000,502.000,0.000,0.651,0.653,0.746,0.751,0.115,0.233,0.284,0.063,557.000,549.000,0.000,0.640,0.652,0.754,0.756,0.118,0.241,0.291,0.057
574,533,502,0.000,0.650,0.627,0.755,0.763,0.112,0.238,0.294,0.079,537,533,0.000,0.654,0.635,0.756,0.765,0.121,0.225,0.294,0.072,549.000,502.000,0.000,0.651,0.653,0.746,0.751,0.115,0.233,0.284,0.063,562.000,556.000,0.000,0.652,0.613,0.737,0.767,0.121,0.227,0.294,0.093
575,533,502,0.000,0.650,0.627,0.755,0.763,0.112,0.238,0.294,0.079,537,533,0.000,0.654,0.635,0.756,0.765,0.121,0.225,0.294,0.072,549.000,502.000,0.000,0.651,0.653,0.746,0.751,0.115,0.233,0.284,0.063,575.000,533.000,0.000,0.661,0.627,0.764,0.767,0.119,0.220,0.282,0.090
576,533,502,0.000,0.650,0.627,0.755,0.763,0.112,0.238,0.294,0.079,537,533,0.000,0.654,0.635,0.756,0.765,0.121,0.225,0.294,0.072,549.000,502.000,0.000,0.651,0.653,0.746,0.751,0.115,0.233,0.284,0.063,575.000,533.000,0.000,0.661,0.627,0.764,0.767,0.119,0.220,0.282,0.090
577,533,502,0.000,0.650,0.627,0.755,0.763,0.112,0.238,0.294,0.079,537,533,0.000,0.654,0.635,0.756,0.765,0.121,0.225,0.294,0.072,549.000,502.000,0.000,0.651,0.653,0.746,0.751,0.115,0.233,0.284,0.063,575.000,533.000,0.000,0.661,0.627,0.764,0.767,0.119,0.220,0.282,0.090
578,533,502,0.000,0.650,0.627,0.755,0.763,0.112,0.238,0.294,0.079,537,533,0.000,0.654,0.635,0.756,0.765,0.121,0.225,0.294,0.072,549.000,502.000,0.000,0.651,0.653,0.746,0.751,0.115,0.233,0.284,0.063,578.000,549.000,0.000,0.635,0.648,0.741,0.754,0.139,0.225,0.281,0.071
579,533,502,0.000,0.650,0.627,0.755,0.763,0.112,0.238,0.294,0.079,537,533,0.000,0.654,0.635,0.756,0.765,0.121,0.225,0.294,0.072,549.000,502.000,0.000,0.651,0.653,0.746,0.751,0.115,0.233,0.284,0.063,579.000,537.000,0.000,0.664,0.622,0.743,0.756,0.114,0.222,0.295,0.083
580,533,502,0.000,0.650,0.627,0.755,0.763,0.112,0.238,0.294,0.079,537,533,0.000,0.654,0.635,0.756,0.765,0.121,0.225,0.294,0.072,549.000,502.000,0.000,0.651,0.653,0.746,0.751,0.115,0.233,0.284,0.063,579.000,537.000,0.000,0.664,0.622,0.743,0.756,0.114,0.222,0.295,0.083
581,533,502,0.000,0.650,0.627,0.755,0.763,0.112,0.238,0.294,0.079,537,533,0.000,0.654,0.635,0.756,0.765,0.121,0.225,0.294,0.072,549.000,502.000,0.000,0.651,0.653,0.746,0.751,0.115,0.233,0.284,0.063,579.000,537.000,0.000,0.664,0.622,0.743,0.756,0.114,0.222,0.295,0.083
582,533,502,0.000,0.650,0.627,0.755,0.763,0.112,0.238,0.294,0.079,537,533,0.000,0.654,0.635,0.756,0.765,0.121,0.225,0.294,0.072,579.000,537.000,0.000,0.664,0.622,0.743,0.756,0.114,0.222,0.295,0.083,580.000,579.000,0.000,0.658,0.616,0.744,0.761,0.125,0.217,0.299,0.085
583,533,502,0.000,0.650,0.627,0.755,0.763,0.112,0.238,0.294,0.079,537,533,0.000,0.654,0.635,0.756,0.765,0.121,0.225,0.294,0.072,579.000,537.000,0.000,0.664,0.622,0.743,0.756,0.114,0.222,0.295,0.083,580.000,579.000,0.000,0.658,0.616,0.744,0.761,0.125,0.217,0.299,0.085
584,533,502,0.000,0.650,0.627,0.755,0.763,0.112,0.238,0.294,0.079,537,533,0.000,0.654,0.635,0.756,0.765,0.121,0.225,0.294,0.072,579.000,537.000,0.000,0.664,0.622,0.743,0.756,0.114,0.222,0.295,0.083,580.000,579.000,0.000,0.658,0.616,0.744,0.761,0.125,0.217,0.299,0.085
585,533,502,0.000,0.650,0.627,0.755,0.763,0.112,0.238,0.294,0.079,537,533,0.000,0.654,0.635,0.756,0.765,0.121,0.225,0.294,0.072,579.000,537.000,0.000,0.664,0.622,0.743,0.756,0.114,0.222,0.295,0.083,580.000,579.000,0.000,0.658,0.616,0.744,0.761,0.125,0.217,0.299,0.085
586,533,502,0.000,0.650,0.627,0.755,0.763,0.112,0.238,0.294,0.079,537,533,0.000,0.654,0.635,0.756,0.765,0.121,0.225,0.294,0.072,579.000,537.000,0.000,0.664,0.622,0.743,0.756,0.114,0.222,0.295,0.083,580.000,579.000,0.000,0.658,0.616,0.744,0.761,0.125,0.217,0.299,0.085
587,533,502,0.000,0.650,0.627,0.755,0.763,0.112,0.238,0.294,0.079,537,533,0.000,0.654,0.635,0.756,0.765,0.121,0.225,0.294,0.072,579.000,537.000,0.000,0.664,0.622,0.743,0.756,0.114,0.222,0.295,0.083,580.000,579.000,0.000,0.658,0.616,0.744,0.761,0.125,0.217,0.299,0.085
588,533,502,0.000,0.650,0.627,0.755,0.763,0.112,0.238,0.294,0.079,537,533,0.000,0.654,0.635,0.756,0.765,0.121,0.225,0.294,0.072,579.000,537.000,0.000,0.664,0.622,0.743,0.756,0.114,0.222,0.295,0.083,580.000,579.000,0.000,0.658,0.616,0.744,0.761,0.125,0.217,0.299,0.085
589,533,502,0.000,0.650,0.627,0.755,0.763,0.112,0.238,0.294,0.079,537,533,0.000,0.654,0.635,0.756,0.765,0.121,0.225,0.294,0.072,579.000,537.000,0.000,0.664,0.622,0.743,0.756,0.114,0.222,0.295,0.083,580.000,579.000,0.000,0.658,0.616,0.744,0.761,0.125,0.217,0.299,0.085
590,533,502,0.000,0.650,0.627,0.755,0.763,0.112,0.238,0.294,0.079,537,533,0.000,0.654,0.635,0.756,0.765,0.121,0.225,0.294,0.072,579.000,537.000,0.000,0.664,0.622,0.743,0.756,0.114,0.222,0.295,0.083,580.000,579.000,0.000,0.658,0.616,0.744,0.761,0.125,0.217,0.299,0.085
591,533,502,0.000,0.650,0.627,0.755,0.763,0.112,0.238,0.294,0.079,537,533,0.000,0.654,0.635,0.756,0.765,0.121,0.225,0.294,0.072,579.000,537.000,0.000,0.664,0.622,0.743,0.756,0.114,0.222,0.295,0.083,580.000,579.000,0.000,0.658,0.616,0.744,0.761,0.125,0.217,0.299,0.085
592,533,502,0.000,0.650,0.627,0.755,0.763,0.112,0.238,0.294,0.079,537,533,0.000,0.654,0.635,0.756,0.765,0.121,0.225,0.294,0.072,579.000,537.000,0.000,0.664,0.622,0.743,0.756,0.114,0.222,0.295,0.083,580.000,579.000,0.000,0.658,0.616,0.744,0.761,0.125,0.217,0.299,0.085
593,533,502,0.000,0.650,0.627,0.755,0.763,0.112,0.238,0.294,0.079,537,533,0.000,0.654,0.635,0.756,0.765,0.121,0.225,0.294,0.072,579.000,537.000,0.000,0.664,0.622,0.743,0.756,0.114,0.222,0.295,0.083,580.000,579.000,0.000,0.658,0.616,0.744,0.761,0.125,0.217,0.299,0.085
594,533,502,0.000,0.650,0.627,0.755,0.763,0.112,0.238,0.294,0.079,537,533,0.000,0.654,0.635,0.756,0.765,0.121,0.225,0.294,0.072,579.000,537.000,0.000,0.664,0.622,0.743,0.756,0.114,0.222,0.295,0.083,580.000,579.000,0.000,0.658,0.616,0.744,0.761,0.125,0.217,0.299,0.085
595,533,502,0.000,0.650,0.627,0.755,0.763,0.112,0.238,0.294,0.079,537,533,0.000,0.654,0.635,0.756,0.765,0.121,0.225,0.294,0.072,579.000,537.000,0.000,0.664,0.622,0.743,0.756,0.114,0.222,0.295,0.083,580.000,579.000,0.000,0.658,0.616,0.744,0.761,0.125,0.217,0.299,0.085
596,533,502,0.000,0.650,0.627,0.755,0.763,0.112,0.238,0.294,0.079,537,533,0.000,0.654,0.635,0.756,0.765,0.121,0.225,0.294,0.072,579.000,537.000,0.000,0.664,0.622,0.743,0.756,0.114,0.222,0.295,0.083,580.000,579.000,0.000,0.658,0.616,0.744,0.761,0.125,0.217,0.299,0.085
597,533,502,0.000,0.650,0.627,0.755,0.763,0.112,0.238,0.294,0.079,579,537,0.000,0.664,0.622,0.743,0.756,0.114,0.222,0.295,0.083,590.000,579.000,0.000,0.646,0.623,0.742,0.750,0.116,0.238,0.274,0.103,592.000,590.000,0.001,0.642,0.622,0.735,0.756,0.114,0.244,0.287,0.091
598,533,502,0.000,0.650,0.627,0.755,0.763,0.112,0.238,0.294,0.079,579,537,0.000,0.664,0.622,0.743,0.756,0.114,0.222,0.295,0.083,592.000,590.000,0.001,0.642,0.622,0.735,0.756,0.114,0.244,0.287,0.091,594.000,590.000,0.000,0.641,0.619,0.743,0.768,0.113,0.246,0.279,0.101
599,533,502,0.000,0.650,0.627,0.755,0.763,0.112,0.238,0.294,0.079,579,537,0.000,0.664,0.622,0.743,0.756,0.114,0.222,0.295,0.083,592.000,590.000,0.001,0.642,0.622,0.735,0.756,0.114,0.244,0.287,0.091,594.000,590.000,0.000,0.641,0.619,0.743,0.768,0.113,0.246,0.279,0.101
600,533,502,0.000,0.650,0.627,0.755,0.763,0.112,0.238,0.294,0.079,579,537,0.000,0.664,0.622,0.743,0.756,0.114,0.222,0.295,0.083,597.000,537.000,0.001,0.643,0.629,0.749,0.758,0.121,0.236,0.285,0.085,599.000,594.000,0.000,0.632,0.645,0.737,0.771,0.120,0.248,0.278,0.077
601,533,502,0.000,0.650,0.627,0.755,0.763,0.112,0.238,0.294,0.079,579,537,0.000,0.664,0.622,0.743,0.756,0.114,0.222,0.295,0.083,597.000,537.000,0.001,0.643,0.629,0.749,0.758,0.121,0.236,0.285,0.085,599.000,594.000,0.000,0.632,0.645,0.737,0.771,0.120,0.248,0.278,0.077
602,533,502,0.000,0.650,0.627,0.755,0.763,0.112,0.238,0.294,0.079,579,537,0.000,0.664,0.622,0.743,0.756,0.114,0.222,0.295,0.083,597.000,537.000,0.001,0.643,0.629,0.749,0.758,0.121,0.236,0.285,0.085,599.000,594.000,0.000,0.632,0.645,0.737,0.771,0.120,0.248,0.278,0.077
603,533,502,0.000,0.650,0.627,0.755,0.763,0.112,0.238,0.294,0.079,579,537,0.000,0.664,0.622,0.743,0.756,0.114,0.222,0.295,0.083,597.000,537.000,0.001,0.643,0.629,0.749,0.758,0.121,0.236,0.285,0.085,599.000,594.000,0.000,0.632,0.645,0.737,0.771,0.120,0.248,0.278,0.077
604,533,502,0.000,0.650,0.627,0.755,0.763,0.112,0.238,0.294,0.079,579,537,0.000,0.664,0.622,0.743,0.756,0.114,0.222,0.295,0.083,597.000,537.000,0.001,0.643,0.629,0.749,0.758,0.121,0.236,0.285,0.085,599.000,594.000,0.000,0.632,0.645,0.737,0.771,0.120,0.248,0.278,0.077
605,533,502,0.000,0.650,0.627,0.755,0.763,0.112,0.238,0.294,0.079,579,537,0.000,0.664,0.622,0.743,0.756,0.114,0.222,0.295,0.083,597.000,537.000,0.001,0.643,0.629,0.749,0.758,0.121,0.236,0.285,0.085,599.000,594.000,0.000,0.632,0.645,0.737,0.771,0.120,0.248,0.278,0.077
606,533,502,0.000,0.650,0.627,0.755,0.763,0.112,0.238,0.294,0.079,579,537,0.000,0.664,0.622,0.743,0.756,0.114,0.222,0.295,0.083,599.000,594.000,0.000,0.632,0.645,0.737,0.771,0.120,0.248,0.278,0.077,601.000,597.000,0.000,0.656,0.627,0.758,0.750,0.113,0.231,0.287,0.086
607,533,502,0.000,0.650,0.627,0.755,0.763,0.112,0.238,0.294,0.079,579,537,0.000,0.664,0.622,0.743,0.756,0.114,0.222,0.295,0.083,599.000,594.000,0.000,0.632,0.645,0.737,0.771,0.120,0.248,0.278,0.077,601.000,597.000,0.000,0.656,0.627,0.758,0.750,0.113,0.231,0.287,0.086
608,533,502,0.000,0.650,0.627,0.755,0.763,0.112,0.238,0.294,0.079,579,537,0.000,0.664,0.622,0.743,0.756,0.114,0.222,0.295,0.083,599.000,594.000,0.000,0.632,0.645,0.737,0.771,0.120,0.248,0.278,0.077,601.000,597.000,0.000,0.656,0.627,0.758,0.750,0.113,0.231,0.287,0.086
609,533,502,0.000,0.650,0.627,0.755,0.763,0.112,0.238,0.294,0.079,579,537,0.000,0.664,0.622,0.743,0.756,0.114,0.222,0.295,0.083,599.000,594.000,0.000,0.632,0.645,0.737,0.771,0.120,0.248,0.278,0.077,601.000,597.000,0.000,0.656,0.627,0.758,0.750,0.113,0.231,0.287,0.086
610,533,502,0.000,0.650,0.627,0.755,0.763,0.112,0.238,0.294,0.079,579,537,0.000,0.664,0.622,0.743,0.756,0.114,0.222,0.295,0.083,599.000,594.000,0.000,0.632,0.645,0.737,0.771,0.120,0.248,0.278,0.077,601.000,597.000,0.000,0.656,0.627,0.758,0.750,0.113,0.231,0.287,0.086
611,533,502,0.000,0.650,0.627,0.755,0.763,0.112,0.238,0.294,0.079,579,537,0.000,0.664,0.622,0.743,0.756,0.114,0.222,0.295,0.083,599.000,594.000,0.000,0.632,0.645,0.737,0.771,0.120,0.248,0.278,0.077,601.000,597.000,0.000,0.656,0.627,0.758,0.750,0.113,0.231,0.287,0.086
612,533,502,0.000,0.650,0.627,0.755,0.763,0.112,0.238,0.294,0.079,579,537,0.000,0.664,0.622,0.743,0.756,0.114,0.222,0.295,0.083,601.000,597.000,0.000,0.656,0.627,0.758,0.750,0.113,0.231,0.287,0.086,604.000,533.000,0.000,0.642,0.630,0.757,0.751,0.112,0.247,0.301,0.069
613,533,502,0.000,0.650,0.627,0.755,0.763,0.112,0.238,0.294,0.079,579,537,0.000,0.664,0.622,0.743,0.756,0.114,0.222,0.295,0.083,601.000,597.000,0.000,0.656,0.627,0.758,0.750,0.113,0.231,0.287,0.086,604.000,533.000,0.000,0.642,0.630,0.757,0.751,0.112,0.247,0.301,0.069
614,533,502,0.000,0.650,0.627,0.755,0.763,0.112,0.238,0.294,0.079,579,537,0.000,0.664,0.622,0.743,0.756,0.114,0.222,0.295,0.083,601.000,597.000,0.000,0.656,0.627,0.758,0.750,0.113,0.231,0.287,0.086,604.000,533.000,0.000,0.642,0.630,0.757,0.751,0.112,0.247,0.301,0.069
615,533,502,0.000,0.650,0.627,0.755,0.763,0.112,0.238,0.294,0.079,579,537,0.000,0.664,0.622,0.743,0.756,0.114,0.222,0.295,0.083,601.000,597.000,0.000,0.656,0.627,0.758,0.750,0.113,0.231,0.287,0.086,604.000,533.000,0.000,0.642,0.630,0.757,0.751,0.112,0.247,0.301,0.069
616,533,502,0.000,0.650,0.627,0.755,0.763,0.112,0.238,0.294,0.079,579,537,0.000,0.664,0.622,0.743,0.756,0.114,0.222,0.295,0.083,601.000,597.000,0.000,0.656,0.627,0.758,0.750,0.113,0.231,0.287,0.086,604.000,533.000,0.000,0.642,0.630,0.757,0.751,0.112,0.247,0.301,0.069
617,533,502,0.000,0.650,0.627,0.755,0.763,0.112,0.238,0.294,0.079,601,597,0.000,0.656,0.627,0.758,0.750,0.113,0.231,0.287,0.086,604.000,533.000,0.000,0.642,0.630,0.757,0.751,0.112,0.247,0.301,0.069,613.000,604.000,0.000,0.655,0.636,0.753,0.760,0.114,0.231,0.300,0.063
618,533,502,0.000,0.650,0.627,0.755,0.763,0.112,0.238,0.294,0.079,601,597,0.000,0.656,0.627,0.758,0.750,0.113,0.231,0.287,0.086,604.000,533.000,0.000,0.642,0.630,0.757,0.751,0.112,0.247,0.301,0.069,613.000,604.000,0.000,0.655,0.636,0.753,0.760,0.114,0.231,0.300,0.063
619,533,502,0.000,0.650,0.627,0.755,0.763,0.112,0.238,0.294,0.079,601,597,0.000,0.656,0.627,0.758,0.750,0.113,0.231,0.287,0.086,604.000,533.000,0.000,0.642,0.630,0.757,0.751,0.112,0.247,0.301,0.069,613.000,604.000,0.000,0.655,0.636,0.753,0.760,0.114,0.231,0.300,0.063
620,533,502,0.000,0.650,0.627,0.755,0.763,0.112,0.238,0.294,0.079,601,597,0.000,0.656,0.627,0.758,0.750,0.113,0.231,0.287,0.086,604.000,533.000,0.000,0.642,0.630,0.757,0.751,0.112,0.247,0.301,0.069,613.000,604.000,0.000,0.655,0.636,0.753,0.760,0.114,0.231,0.300,0.063
621,533,502,0.000,0.650,0.627,0.755,0.763,0.112,0.238,0.294,0.079,604,533,0.000,0.642,0.630,0.757,0.751,0.112,0.247,0.301,0.069,613.000,604.000,0.000,0.655,0.636,0.753,0.760,0.114,0.231,0.300,0.063,618.000,604.000,0.000,0.634,0.639,0.753,0.751,0.124,0.242,0.294,0.067
622,533,502,0.000,0.650,0.627,0.755,0.763,0.112,0.238,0.294,0.079,604,533,0.000,0.642,0.630,0.757,0.751,0.112,0.247,0.301,0.069,613.000,604.000,0.000,0.655,0.636,0.753,0.760,0.114,0.231,0.300,0.063,618.000,604.000,0.000,0.634,0.639,0.753,0.751,0.124,0.242,0.294,0.067
623,533,502,0.000,0.650,0.627,0.755,0.763,0.112,0.238,0.294,0.079,604,533,0.000,0.642,0.630,0.757,0.751,0.112,0.247,0.301,0.069,613.000,604.000,0.000,0.655,0.636,0.753,0.760,0.114,0.231,0.300,0.063,618.000,604.000,0.000,0.634,0.639,0.753,0.751,0.124,0.242,0.294,0.067
624,533,502,0.000,0.650,0.627,0.755,0.763,0.112,0.238,0.294,0.079,604,533,0.000,0.642,0.630,0.757,0.751,0.112,0.247,0.301,0.069,613.000,604.000,0.000,0.655,0.636,0.753,0.760,0.114,0.231,0.300,0.063,618.000,604.000,0.000,0.634,0.639,0.753,0.751,0.124,0.242,0.294,0.067
625,533,502,0.000,0.650,0.627,0.755,0.763,0.112,0.238,0.294,0.079,604,533,0.000,0.642,0.630,0.757,0.751,0.112,0.247,0.301,0.069,613.000,604.000,0.000,0.655,0.636,0.753,0.760,0.114,0.231,0.300,0.063,623.000,604.000,0.001,0.639,0.617,0.752,0.763,0.106,0.255,0.292,0.091
626,533,502,0.000,0.650,0.627,0.755,0.763,0.112,0.238,0.294,0.079,604,533,0.000,0.642,0.630,0.757,0.751,0.112,0.247,0.301,0.069,613.000,604.000,0.000,0.655,0.636,0.753,0.760,0.114,0.231,0.300,0.063,623.000,604.000,0.001,0.639,0.617,0.752,0.763,0.106,0.255,0.292,0.091
627,533,502,0.000,0.650,0.627,0.755,0.763,0.112,0.238,0.294,0.079,613,604,0.000,0.655,0.636,0.753,0.760,0.114,0.231,0.300,0.063,626.000,623.000,0.000,0.644,0.622,0.748,0.745,0.100,0.256,0.296,0.082,628.000,604.000,0.000,0.627,0.639,0.747,0.746,0.112,0.261,0.296,0.064
628,533,502,0.000,0.650,0.627,0.755,0.763,0.112,0.238,0.294,0.079,613,604,0.000,0.655,0.636,0.753,0.760,0.114,0.231,0.300,0.063,628.000,604.000,0.000,0.627,0.639,0.747,0.746,0.112,0.261,0.296,0.064,629.000,626.000,0.000,0.647,0.629,0.733,0.736,0.102,0.252,0.293,0.078
629,533,502,0.000,0.650,0.627,0.755,0.763,0.112,0.238,0.294,0.079,613,604,0.000,0.655,0.636,0.753,0.760,0.114,0.231,0.300,0.063,628.000,604.000,0.000,0.627,0.639,0.747,0.746,0.112,0.261,0.296,0.064,630.000,628.000,0.002,0.627,0.628,0.748,0.755,0.122,0.251,0.290,0.082
630,533,502,0.000,0.650,0.627,0.755,0.763,0.112,0.238,0.294,0.079,613,604,0.000,0.655,0.636,0.753,0.760,0.114,0.231,0.300,0.063,,,,,,,,,,,,,,,,,,,,,,
631,533,502,0.000,0.650,0.627,0.755,0.763,0.112,0.238,0.294,0.079,613,604,0.000,0.655,0.636,0.753,0.760,0.114,0.231,0.300,0.063,632.000,533.000,0.003,0.645,0.639,0.746,0.759,0.111,0.244,0.288,0.074,,,,,,,,,,,
632,533,502,0.000,0.650,0.627,0.755,0.763,0.112,0.238,0.294,0.079,613,604,0.000,0.655,0.636,0.753,0.760,0.114,0.231,0.300,0.063,632.000,533.000,0.003,0.645,0.639,0.746,0.759,0.111,0.244,0.288,0.074,633.000,613.000,0.001,0.644,0.652,0.738,0.754,0.116,0.241,0.280,0.068
633,533,502,0.000,0.650,0.627,0.755,0.763,0.112,0.238,0.294,0.079,613,604,0.000,0.655,0.636,0.753,0.760,0.114,0.231,0.300,0.063,633.000,613.000,0.001,0.644,0.652,0.738,0.754,0.116,0.241,0.280,0.068,634.000,613.000,0.003,0.662,0.632,0.745,0.747,0.117,0.222,0.302,0.067
634,533,502,0.000,0.650,0.627,0.755,0.763,0.112,0.238,0.294,0.079,613,604,0.000,0.655,0.636,0.753,0.760,0.114,0.231,0.300,0.063,633.000,613.000,0.001,0.644,0.652,0.738,0.754,0.116,0.241,0.280,0.068,635.000,533.000,0.000,0.644,0.622,0.746,0.770,0.111,0.245,0.314,0.064
635,533,502,0.000,0.650,0.627,0.755,0.763,0.112,0.238,0.294,0.079,613,604,0.000,0.655,0.636,0.753,0.760,0.114,0.231,0.300,0.063,635.000,533.000,0.000,0.644,0.622,0.746,0.770,0.111,0.245,0.314,0.064,,,,,,,,,,,
636,533,502,0.000,0.650,0.627,0.755,0.763,0.112,0.238,0.294,0.079,613,604,0.000,0.655,0.636,0.753,0.760,0.114,0.231,0.300,0.063,635.000,533.000,0.000,0.644,0.622,0.746,0.770,0.111,0.245,0.314,0.064,,,,,,,,,,,
637,533,502,0.000,0.650,0.627,0.755,0.763,0.112,0.238,0.294,0.079,613,604,0.000,0.655,0.636,0.753,0.760,0.114,0.231,0.300,0.063,635.000,533.000,0.000,0.644,0.622,0.746,0.770,0.111,0.245,0.314,0.064,,,,,,,,,,,
638,533,502,0.000,0.650,0.627,0.755,0.763,0.112,0.238,0.294,0.079,613,604,0.000,0.655,0.636,0.753,0.760,0.114,0.231,0.300,0.063,639.000,613.000,0.000,0.650,0.632,0.759,0.766,0.117,0.233,0.301,0.067,,,,,,,,,,,
639,533,502,0.000,0.650,0.627,0.755,0.763,0.112,0.238,0.294,0.079,613,604,0.000,0.655,0.636,0.753,0.760,0.114,0.231,0.300,0.063,639.000,613.000,0.000,0.650,0.632,0.759,0.766,0.117,0.233,0.301,0.067,,,,,,,,,,,
640,533,502,0.000,0.650,0.627,0.755,0.763,0.112,0.238,0.294,0.079,613,604,0.000,0.655,0.636,0.753,0.760,0.114,0.231,0.300,0.063,639.000,613.000,0.000,0.650,0.632,0.759,0.766,0.117,0.233,0.301,0.067,,,,,,,,,,,
641,533,502,0.000,0.650,0.627,0.755,0.763,0.112,0.238,0.294,0.079,613,604,0.000,0.655,0.636,0.753,0.760,0.114,0.231,0.300,0.063,639.000,613.000,0.000,0.650,0.632,0.759,0.766,0.117,0.233,0.301,0.067,642.000,533.000,0.001,0.639,0.634,0.752,0.768,0.110,0.251,0.285,0.081
642,533,502,0.000,0.650,0.627,0.755,0.763,0.112,0.238,0.294,0.079,613,604,0.000,0.655,0.636,0.753,0.760,0.114,0.231,0.300,0.063,642.000,533.000,0.001,0.639,0.634,0.752,0.768,0.110,0.251,0.285,0.081,,,,,,,,,,,
643,533,502,0.000,0.650,0.627,0.755,0.763,0.112,0.238,0.294,0.079,613,604,0.000,0.655,0.636,0.753,0.760,0.114,0.231,0.300,0.063,642.000,533.000,0.001,0.639,0.634,0.752,0.768,0.110,0.251,0.285,0.081,644.000,642.000,0.005,0.633,0.621,0.724,0.763,0.109,0.258,0.286,0.093
644,533,502,0.000,0.650,0.627,0.755,0.763,0.112,0.238,0.294,0.079,613,604,0.000,0.655,0.636,0.753,0.760,0.114,0.231,0.300,0.063,642.000,533.000,0.001,0.639,0.634,0.752,0.768,0.110,0.251,0.285,0.081,644.000,642.000,0.005,0.633,0.621,0.724,0.763,0.109,0.258,0.286,0.093
645,533,502,0.000,0.650,0.627,0.755,0.763,0.112,0.238,0.294,0.079,613,604,0.000,0.655,0.636,0.753,0.760,0.114,0.231,0.300,0.063,642.000,533.000,0.001,0.639,0.634,0.752,0.768,0.110,0.251,0.285,0.081,646.000,613.000,0.000,0.641,0.634,0.750,0.768,0.128,0.231,0.294,0.072
646,533,502,0.000,0.650,0.627,0.755,0.763,0.112,0.238,0.294,0.079,613,604,0.000,0.655,0.636,0.753,0.760,0.114,0.231,0.300,0.063,642.000,533.000,0.001,0.639,0.634,0.752,0.768,0.110,0.251,0.285,0.081,646.000,613.000,0.000,0.641,0.634,0.750,0.768,0.128,0.231,0.294,0.072
647,533,502,0.000,0.650,0.627,0.755,0.763,0.112,0.238,0.294,0.079,613,604,0.000,0.655,0.636,0.753,0.760,0.114,0.231,0.300,0.063,642.000,533.000,0.001,0.639,0.634,0.752,0.768,0.110,0.251,0.285,0.081,646.000,613.000,0.000,0.641,0.634,0.750,0.768,0.128,0.231,0.294,0.072
648,533,502,0.000,0.650,0.627,0.755,0.763,0.112,0.238,0.294,0.079,613,604,0.000,0.655,0.636,0.753,0.760,0.114,0.231,0.300,0.063,642.000,533.000,0.001,0.639,0.634,0.752,0.768,0.110,0.251,0.285,0.081,646.000,613.000,0.000,0.641,0.634,0.750,0.768,0.128,0.231,0.294,0.072
649,533,502,0.000,0.650,0.627,0.755,0.763,0.112,0.238,0.294,0.079,613,604,0.000,0.655,0.636,0.753,0.760,0.114,0.231,0.300,0.063,642.000,533.000,0.001,0.639,0.634,0.752,0.768,0.110,0.251,0.285,0.081,646.000,613.000,0.000,0.641,0.634,0.750,0.768,0.128,0.231,0.294,0.072
650,533,502,0.000,0.650,0.627,0.755,0.763,0.112,0.238,0.294,0.079,613,604,0.000,0.655,0.636,0.753,0.760,0.114,0.231,0.300,0.063,642.000,533.000,0.001,0.639,0.634,0.752,0.768,0.110,0.251,0.285,0.081,646.000,613.000,0.000,0.641,0.634,0.750,0.768,0.128,0.231,0.294,0.072
651,533,502,0.000,0.650,0.627,0.755,0.763,0.112,0.238,0.294,0.079,613,604,0.000,0.655,0.636,0.753,0.760,0.114,0.231,0.300,0.063,646.000,613.000,0.000,0.641,0.634,0.750,0.768,0.128,0.231,0.294,0.072,647.000,646.000,0.000,0.640,0.628,0.744,0.769,0.125,0.235,0.294,0.079
652,533,502,0.000,0.650,0.627,0.755,0.763,0.112,0.238,0.294,0.079,613,604,0.000,0.655,0.636,0.753,0.760,0.114,0.231,0.300,0.063,646.000,613.000,0.000,0.641,0.634,0.750,0.768,0.128,0.231,0.294,0.072,647.000,646.000,0.000,0.640,0.628,0.744,0.769,0.125,0.235,0.294,0.079
653,533,502,0.000,0.650,0.627,0.755,0.763,0.112,0.238,0.294,0.079,613,604,0.000,0.655,0.636,0.753,0.760,0.114,0.231,0.300,0.063,646.000,613.000,0.000,0.641,0.634,0.750,0.768,0.128,0.231,0.294,0.072,647.000,646.000,0.000,0.640,0.628,0.744,0.769,0.125,0.235,0.294,0.079
654,533,502,0.000,0.650,0.627,0.755,0.763,0.112,0.238,0.294,0.079,613,604,0.000,0.655,0.636,0.753,0.760,0.114,0.231,0.300,0.063,646.000,613.000,0.000,0.641,0.634,0.750,0.768,0.128,0.231,0.294,0.072,647.000,646.000,0.000,0.640,0.628,0.744,0.769,0.125,0.235,0.294,0.079
655,533,502,0.000,0.650,0.627,0.755,0.763,0.112,0.238,0.294,0.079,613,604,0.000,0.655,0.636,0.753,0.760,0.114,0.231,0.300,0.063,646.000,613.000,0.000,0.641,0.634,0.750,0.768,0.128,0.231,0.294,0.072,647.000,646.000,0.000,0.640,0.628,0.744,0.769,0.125,0.235,0.294,0.079
656,533,502,0.000,0.650,0.627,0.755,0.763,0.112,0.238,0.294,0.079,613,604,0.000,0.655,0.636,0.753,0.760,0.114,0.231,0.300,0.063,646.000,613.000,0.000,0.641,0.634,0.750,0.768,0.128,0.231,0.294,0.072,647.000,646.000,0.000,0.640,0.628,0.744,0.769,0.125,0.235,0.294,0.079
657,533,502,0.000,0.650,0.627,0.755,0.763,0.112,0.238,0.294,0.079,613,604,0.000,0.655,0.636,0.753,0.760,0.114,0.231,0.300,0.063,646.000,613.000,0.000,0.641,0.634,0.750,0.768,0.128,0.231,0.294,0.072,647.000,646.000,0.000,0.640,0.628,0.744,0.769,0.125,0.235,0.294,0.079
658,533,502,0.000,0.650,0.627,0.755,0.763,0.112,0.238,0.294,0.079,613,604,0.000,0.655,0.636,0.753,0.760,0.114,0.231,0.300,0.063,646.000,613.000,0.000,0.641,0.634,0.750,0.768,0.128,0.231,0.294,0.072,647.000,646.000,0.000,0.640,0.628,0.744,0.769,0.125,0.235,0.294,0.079
659,533,502,0.000,0.650,0.627,0.755,0.763,0.112,0.238,0.294,0.079,613,604,0.000,0.655,0.636,0.753,0.760,0.114,0.231,0.300,0.063,646.000,613.000,0.000,0.641,0.634,0.750,0.768,0.128,0.231,0.294,0.072,647.000,646.000,0.000,0.640,0.628,0.744,0.769,0.125,0.235,0.294,0.079
660,533,502,0.000,0.650,0.627,0.755,0.763,0.112,0.238,0.294,0.079,613,604,0.000,0.655,0.636,0.753,0.760,0.114,0.231,0.300,0.063,646.000,613.000,0.000,0.641,0.634,0.750,0.768,0.128,0.231,0.294,0.072,647.000,646.000,0.000,0.640,0.628,0.744,0.769,0.125,0.235,0.294,0.079
661,533,502,0.000,0.650,0.627,0.755,0.763,0.112,0.238,0.294,0.079,613,604,0.000,0.655,0.636,0.753,0.760,0.114,0.231,0.300,0.063,646.000,613.000,0.000,0.641,0.634,0.750,0.768,0.128,0.231,0.294,0.072,657.000,613.000,0.000,0.646,0.639,0.752,0.762,0.116,0.239,0.294,0.067
662,613,604,0.000,0.655,0.636,0.753,0.760,0.114,0.231,0.300,0.063,657,613,0.000,0.646,0.639,0.752,0.762,0.116,0.239,0.294,0.067,663.000,533.000,0.000,0.657,0.627,0.755,0.771,0.109,0.234,0.295,0.078,,,,,,,,,,,
663,613,604,0.000,0.655,0.636,0.753,0.760,0.114,0.231,0.300,0.063,657,613,0.000,0.646,0.639,0.752,0.762,0.116,0.239,0.294,0.067,663.000,533.000,0.000,0.657,0.627,0.755,0.771,0.109,0.234,0.295,0.078,,,,,,,,,,,
664,613,604,0.000,0.655,0.636,0.753,0.760,0.114,0.231,0.300,0.063,657,613,0.000,0.646,0.639,0.752,0.762,0.116,0.239,0.294,0.067,665.000,663.000,0.000,0.658,0.617,0.754,0.766,0.105,0.237,0.305,0.078,,,,,,,,,,,
665,613,604,0.000,0.655,0.636,0.753,0.760,0.114,0.231,0.300,0.063,657,613,0.000,0.646,0.639,0.752,0.762,0.116,0.239,0.294,0.067,665.000,663.000,0.000,0.658,0.617,0.754,0.766,0.105,0.237,0.305,0.078,666.000,665.000,0.000,0.650,0.600,0.747,0.772,0.111,0.239,0.319,0.081
666,613,604,0.000,0.655,0.636,0.753,0.760,0.114,0.231,0.300,0.063,657,613,0.000,0.646,0.639,0.752,0.762,0.116,0.239,0.294,0.067,665.000,663.000,0.000,0.658,0.617,0.754,0.766,0.105,0.237,0.305,0.078,,,,,,,,,,,
667,613,604,0.000,0.655,0.636,0.753,0.760,0.114,0.231,0.300,0.063,657,613,0.000,0.646,0.639,0.752,0.762,0.116,0.239,0.294,0.067,,,,,,,,,,,,,,,,,,,,,,
668,613,604,0.000,0.655,0.636,0.753,0.760,0.114,0.231,0.300,0.063,657,613,0.000,0.646,0.639,0.752,0.762,0.116,0.239,0.294,0.067,,,,,,,,,,,,,,,,,,,,,,
669,613,604,0.000,0.655,0.636,0.753,0.760,0.114,0.231,0.300,0.063,657,613,0.000,0.646,0.639,0.752,0.762,0.116,0.239,0.294,0.067,,,,,,,,,,,,,,,,,,,,,,
670,613,604,0.000,0.655,0.636,0.753,0.760,0.114,0.231,0.300,0.063,657,613,0.000,0.646,0.639,0.752,0.762,0.116,0.239,0.294,0.067,,,,,,,,,,,,,,,,,,,,,,
671,613,604,0.000,0.655,0.636,0.753,0.760,0.114,0.231,0.300,0.063,657,613,0.000,0.646,0.639,0.752,0.762,0.116,0.239,0.294,0.067,,,,,,,,,,,,,,,,,,,,,,
672,613,604,0.000,0.655,0.636,0.753,0.760,0.114,0.231,0.300,0.063,657,613,0.000,0.646,0.639,0.752,0.762,0.116,0.239,0.294,0.067,,,,,,,,,,,,,,,,,,,,,,
673,613,604,0.000,0.655,0.636,0.753,0.760,0.114,0.231,0.300,0.063,657,613,0.000,0.646,0.639,0.752,0.762,0.116,0.239,0.294,0.067,,,,,,,,,,,,,,,,,,,,,,
674,613,604,0.000,0.655,0.636,0.753,0.760,0.114,0.231,0.300,0.063,657,613,0.000,0.646,0.639,0.752,0.762,0.116,0.239,0.294,0.067,,,,,,,,,,,,,,,,,,,,,,
675,613,604,0.000,0.655,0.636,0.753,0.760,0.114,0.231,0.300,0.063,657,613,0.000,0.646,0.639,0.752,0.762,0.116,0.239,0.294,0.067,,,,,,,,,,,,,,,,,,,,,,
676,613,604,0.000,0.655,0.636,0.753,0.760,0.114,0.231,0.300,0.063,657,613,0.000,0.646,0.639,0.752,0.762,0.116,0.239,0.294,0.067,,,,,,,,,,,,,,,,,,,,,,
677,613,604,0.000,0.655,0.636,0.753,0.760,0.114,0.231,0.300,0.063,657,613,0.000,0.646,0.639,0.752,0.762,0.116,0.239,0.294,0.067,,,,,,,,,,,,,,,,,,,,,,
678,613,604,0.000,0.655,0.636,0.753,0.760,0.114,0.231,0.300,0.063,657,613,0.000,0.646,0.639,0.752,0.762,0.116,0.239,0.294,0.067,,,,,,,,,,,,,,,,,,,,,,
679,613,604,0.000,0.655,0.636,0.753,0.760,0.114,0.231,0.300,0.063,657,613,0.000,0.646,0.639,0.752,0.762,0.116,0.239,0.294,0.067,,,,,,,,,,,,,,,,,,,,,,
680,613,604,0.000,0.655,0.636,0.753,0.760,0.114,0.231,0.300,0.063,657,613,0.000,0.646,0.639,0.752,0.762,0.116,0.239,0.294,0.067,,,,,,,,,,,,,,,,,,,,,,
681,613,604,0.000,0.655,0.636,0.753,0.760,0.114,0.231,0.300,0.063,657,613,0.000,0.646,0.639,0.752,0.762,0.116,0.239,0.294,0.067,,,,,,,,,,,,,,,,,,,,,,
682,613,604,0.000,0.655,0.636,0.753,0.760,0.114,0.231,0.300,0.063,657,613,0.000,0.646,0.639,0.752,0.762,0.116,0.239,0.294,0.067,,,,,,,,,,,,,,,,,,,,,,
683,613,604,0.000,0.655,0.636,0.753,0.760,0.114,0.231,0.300,0.063,657,613,0.000,0.646,0.639,0.752,0.762,0.116,0.239,0.294,0.067,,,,,,,,,,,,,,,,,,,,,,
684,613,604,0.000,0.655,0.636,0.753,0.760,0.114,0.231,0.300,0.063,657,613,0.000,0.646,0.639,0.752,0.762,0.116,0.239,0.294,0.067,,,,,,,,,,,,,,,,,,,,,,
685,613,604,0.000,0.655,0.636,0.753,0.760,0.114,0.231,0.300,0.063,657,613,0.000,0.646,0.639,0.752,0.762,0.116,0.239,0.294,0.067,,,,,,,,,,,,,,,,,,,,,,
686,613,604,0.000,0.655,0.636,0.753,0.760,0.114,0.231,0.300,0.063,657,613,0.000,0.646,0.639,0.752,0.762,0.116,0.239,0.294,0.067,,,,,,,,,,,,,,,,,,,,,,
687,613,604,0.000,0.655,0.636,0.753,0.760,0.114,0.231,0.300,0.063,657,613,0.000,0.646,0.639,0.752,0.762,0.116,0.239,0.294,0.067,,,,,,,,,,,,,,,,,,,,,,
688,613,604,0.000,0.655,0.636,0.753,0.760,0.114,0.231,0.300,0.063,657,613,0.000,0.646,0.639,0.752,0.762,0.116,0.239,0.294,0.067,,,,,,,,,,,,,,,,,,,,,,
689,613,604,0.000,0.655,0.636,0.753,0.760,0.114,0.231,0.300,0.063,657,613,0.000,0.646,0.639,0.752,0.762,0.116,0.239,0.294,0.067,,,,,,,,,,,,,,,,,,,,,,
690,613,604,0.000,0.655,0.636,0.753,0.760,0.114,0.231,0.300,0.063,657,613,0.000,0.646,0.639,0.752,0.762,0.116,0.239,0.294,0.067,,,,,,,,,,,,,,,,,,,,,,
691,613,604,0.000,0.655,0.636,0.753,0.760,0.114,0.231,0.300,0.063,657,613,0.000,0.646,0.639,0.752,0.762,0.116,0.239,0.294,0.067,,,,,,,,,,,,,,,,,,,,,,
692,613,604,0.000,0.655,0.636,0.753,0.760,0.114,0.231,0.300,0.063,657,613,0.000,0.646,0.639,0.752,0.762,0.116,0.239,0.294,0.067,,,,,,,,,,,,,,,,,,,,,,
693,613,604,0.000,0.655,0.636,0.753,0.760,0.114,0.231,0.300,0.063,657,613,0.000,0.646,0.639,0.752,0.762,0.116,0.239,0.294,0.067,,,,,,,,,,,,,,,,,,,,,,
694,613,604,0.000,0.655,0.636,0.753,0.760,0.114,0.231,0.300,0.063,657,613,0.000,0.646,0.639,0.752,0.762,0.116,0.239,0.294,0.067,,,,,,,,,,,,,,,,,,,,,,
695,613,604,0.000,0.655,0.636,0.753,0.760,0.114,0.231,0.300,0.063,657,613,0.000,0.646,0.639,0.752,0.762,0.116,0.239,0.294,0.067,,,,,,,,,,,,,,,,,,,,,,
696,613,604,0.000,0.655,0.636,0.753,0.760,0.114,0.231,0.300,0.063,657,613,0.000,0.646,0.639,0.752,0.762,0.116,0.239,0.294,0.067,,,,,,,,,,,,,,,,,,,,,,
697,613,604,0.000,0.655,0.636,0.753,0.760,0.114,0.231,0.300,0.063,657,613,0.000,0.646,0.639,0.752,0.762,0.116,0.239,0.294,0.067,698.000,657.000,0.000,0.638,0.626,0.754,0.758,0.114,0.248,0.293,0.081,,,,,,,,,,,
698,613,604,0.000,0.655,0.636,0.753,0.760,0.114,0.231,0.300,0.063,657,613,0.000,0.646,0.639,0.752,0.762,0.116,0.239,0.294,0.067,698.000,657.000,0.000,0.638,0.626,0.754,0.758,0.114,0.248,0.293,0.081,699.000,613.000,0.004,0.663,0.633,0.746,0.763,0.098,0.238,0.287,0.080
699,613,604,0.000,0.655,0.636,0.753,0.760,0.114,0.231,0.300,0.063,657,613,0.000,0.646,0.639,0.752,0.762,0.116,0.239,0.294,0.067,698.000,657.000,0.000,0.638,0.626,0.754,0.758,0.114,0.248,0.293,0.081,699.000,613.000,0.004,0.663,0.633,0.746,0.763,0.098,0.238,0.287,0.080
700,613,604,0.000,0.655,0.636,0.753,0.760,0.114,0.231,0.300,0.063,657,613,0.000,0.646,0.639,0.752,0.762,0.116,0.239,0.294,0.067,698.000,657.000,0.000,0.638,0.626,0.754,0.758,0.114,0.248,0.293,0.081,699.000,613.000,0.004,0.663,0.633,0.746,0.763,0.098,0.238,0.287,0.080
701,613,604,0.000,0.655,0.636,0.753,0.760,0.114,0.231,0.300,0.063,657,613,0.000,0.646,0.639,0.752,0.762,0.116,0.239,0.294,0.067,698.000,657.000,0.000,0.638,0.626,0.754,0.758,0.114,0.248,0.293,0.081,700.000,657.000,0.003,0.653,0.633,0.774,0.752,0.106,0.241,0.298,0.069
702,613,604,0.000,0.655,0.636,0.753,0.760,0.114,0.231,0.300,0.063,657,613,0.000,0.646,0.639,0.752,0.762,0.116,0.239,0.294,0.067,698.000,657.000,0.000,0.638,0.626,0.754,0.758,0.114,0.248,0.293,0.081,702.000,613.000,0.000,0.682,0.649,0.746,0.748,0.104,0.214,0.302,0.049
703,613,604,0.000,0.655,0.636,0.753,0.760,0.114,0.231,0.300,0.063,657,613,0.000,0.646,0.639,0.752,0.762,0.116,0.239,0.294,0.067,698.000,657.000,0.000,0.638,0.626,0.754,0.758,0.114,0.248,0.293,0.081,702.000,613.000,0.000,0.682,0.649,0.746,0.748,0.104,0.214,0.302,0.049
704,613,604,0.000,0.655,0.636,0.753,0.760,0.114,0.231,0.300,0.063,657,613,0.000,0.646,0.639,0.752,0.762,0.116,0.239,0.294,0.067,698.000,657.000,0.000,0.638,0.626,0.754,0.758,0.114,0.248,0.293,0.081,703.000,613.000,0.000,0.664,0.630,0.746,0.747,0.091,0.245,0.307,0.063
705,613,604,0.000,0.655,0.636,0.753,0.760,0.114,0.231,0.300,0.063,657,613,0.000,0.646,0.639,0.752,0.762,0.116,0.239,0.294,0.067,698.000,657.000,0.000,0.638,0.626,0.754,0.758,0.114,0.248,0.293,0.081,703.000,613.000,0.000,0.664,0.630,0.746,0.747,0.091,0.245,0.307,0.063
706,613,604,0.000,0.655,0.636,0.753,0.760,0.114,0.231,0.300,0.063,657,613,0.000,0.646,0.639,0.752,0.762,0.116,0.239,0.294,0.067,698.000,657.000,0.000,0.638,0.626,0.754,0.758,0.114,0.248,0.293,0.081,703.000,613.000,0.000,0.664,0.630,0.746,0.747,0.091,0.245,0.307,0.063
707,613,604,0.000,0.655,0.636,0.753,0.760,0.114,0.231,0.300,0.063,657,613,0.000,0.646,0.639,0.752,0.762,0.116,0.239,0.294,0.067,698.000,657.000,0.000,0.638,0.626,0.754,0.758,0.114,0.248,0.293,0.081,703.000,613.000,0.000,0.664,0.630,0.746,0.747,0.091,0.245,0.307,0.063
708,613,604,0.000,0.655,0.636,0.753,0.760,0.114,0.231,0.300,0.063,657,613,0.000,0.646,0.639,0.752,0.762,0.116,0.239,0.294,0.067,704.000,657.000,0.001,0.637,0.641,0.743,0.764,0.121,0.243,0.293,0.067,707.000,705.000,0.000,0.685,0.666,0.752,0.754,0.098,0.217,0.291,0.043
709,613,604,0.000,0.655,0.636,0.753,0.760,0.114,0.231,0.300,0.063,657,613,0.000,0.646,0.639,0.752,0.762,0.116,0.239,0.294,0.067,704.000,657.000,0.001,0.637,0.641,0.743,0.764,0.121,0.243,0.293,0.067,707.000,705.000,0.000,0.685,0.666,0.752,0.754,0.098,0.217,0.291,0.043
710,613,604,0.000,0.655,0.636,0.753,0.760,0.114,0.231,0.300,0.063,657,613,0.000,0.646,0.639,0.752,0.762,0.116,0.239,0.294,0.067,704.000,657.000,0.001,0.637,0.641,0.743,0.764,0.121,0.243,0.293,0.067,709.000,613.000,0.000,0.651,0.641,0.738,0.749,0.114,0.235,0.294,0.066
711,613,604,0.000,0.655,0.636,0.753,0.760,0.114,0.231,0.300,0.063,657,613,0.000,0.646,0.639,0.752,0.762,0.116,0.239,0.294,0.067,704.000,657.000,0.001,0.637,0.641,0.743,0.764,0.121,0.243,0.293,0.067,709.000,613.000,0.000,0.651,0.641,0.738,0.749,0.114,0.235,0.294,0.066
712,613,604,0.000,0.655,0.636,0.753,0.760,0.114,0.231,0.300,0.063,657,613,0.000,0.646,0.639,0.752,0.762,0.116,0.239,0.294,0.067,704.000,657.000,0.001,0.637,0.641,0.743,0.764,0.121,0.243,0.293,0.067,709.000,613.000,0.000,0.651,0.641,0.738,0.749,0.114,0.235,0.294,0.066
713,613,604,0.000,0.655,0.636,0.753,0.760,0.114,0.231,0.300,0.063,657,613,0.000,0.646,0.639,0.752,0.762,0.116,0.239,0.294,0.067,704.000,657.000,0.001,0.637,0.641,0.743,0.764,0.121,0.243,0.293,0.067,709.000,613.000,0.000,0.651,0.641,0.738,0.749,0.114,0.235,0.294,0.066
714,613,604,0.000,0.655,0.636,0.753,0.760,0.114,0.231,0.300,0.063,657,613,0.000,0.646,0.639,0.752,0.762,0.116,0.239,0.294,0.067,704.000,657.000,0.001,0.637,0.641,0.743,0.764,0.121,0.243,0.293,0.067,709.000,613.000,0.000,0.651,0.641,0.738,0.749,0.114,0.235,0.294,0.066
715,613,604,0.000,0.655,0.636,0.753,0.760,0.114,0.231,0.300,0.063,657,613,0.000,0.646,0.639,0.752,0.762,0.116,0.239,0.294,0.067,704.000,657.000,0.001,0.637,0.641,0.743,0.764,0.121,0.243,0.293,0.067,709.000,613.000,0.000,0.651,0.641,0.738,0.749,0.114,0.235,0.294,0.066
716,613,604,0.000,0.655,0.636,0.753,0.760,0.114,0.231,0.300,0.063,657,613,0.000,0.646,0.639,0.752,0.762,0.116,0.239,0.294,0.067,704.000,657.000,0.001,0.637,0.641,0.743,0.764,0.121,0.243,0.293,0.067,711.000,613.000,0.000,0.654,0.625,0.748,0.748,0.124,0.223,0.302,0.072
717,613,604,0.000,0.655,0.636,0.753,0.760,0.114,0.231,0.300,0.063,657,613,0.000,0.646,0.639,0.752,0.762,0.116,0.239,0.294,0.067,704.000,657.000,0.001,0.637,0.641,0.743,0.764,0.121,0.243,0.293,0.067,711.000,613.000,0.000,0.654,0.625,0.748,0.748,0.124,0.223,0.302,0.072
718,613,604,0.000,0.655,0.636,0.753,0.760,0.114,0.231,0.300,0.063,657,613,0.000,0.646,0.639,0.752,0.762,0.116,0.239,0.294,0.067,704.000,657.000,0.001,0.637,0.641,0.743,0.764,0.121,0.243,0.293,0.067,713.000,711.000,0.000,0.637,0.627,0.757,0.758,0.145,0.218,0.301,0.072
719,613,604,0.000,0.655,0.636,0.753,0.760,0.114,0.231,0.300,0.063,657,613,0.000,0.646,0.639,0.752,0.762,0.116,0.239,0.294,0.067,704.000,657.000,0.001,0.637,0.641,0.743,0.764,0.121,0.243,0.293,0.067,713.000,711.000,0.000,0.637,0.627,0.757,0.758,0.145,0.218,0.301,0.072
720,613,604,0.000,0.655,0.636,0.753,0.760,0.114,0.231,0.300,0.063,657,613,0.000,0.646,0.639,0.752,0.762,0.116,0.239,0.294,0.067,704.000,657.000,0.001,0.637,0.641,0.743,0.764,0.121,0.243,0.293,0.067,719.000,714.000,0.000,0.626,0.603,0.760,0.736,0.149,0.225,0.312,0.085
721,613,604,0.000,0.655,0.636,0.753,0.760,0.114,0.231,0.300,0.063,657,613,0.000,0.646,0.639,0.752,0.762,0.116,0.239,0.294,0.067,704.000,657.000,0.001,0.637,0.641,0.743,0.764,0.121,0.243,0.293,0.067,719.000,714.000,0.000,0.626,0.603,0.760,0.736,0.149,0.225,0.312,0.085
722,613,604,0.000,0.655,0.636,0.753,0.760,0.114,0.231,0.300,0.063,657,613,0.000,0.646,0.639,0.752,0.762,0.116,0.239,0.294,0.067,704.000,657.000,0.001,0.637,0.641,0.743,0.764,0.121,0.243,0.293,0.067,719.000,714.000,0.000,0.626,0.603,0.760,0.736,0.149,0.225,0.312,0.085
723,613,604,0.000,0.655,0.636,0.753,0.760,0.114,0.231,0.300,0.063,657,613,0.000,0.646,0.639,0.752,0.762,0.116,0.239,0.294,0.067,704.000,657.000,0.001,0.637,0.641,0.743,0.764,0.121,0.243,0.293,0.067,721.000,713.000,0.000,0.640,0.623,0.746,0.759,0.143,0.218,0.320,0.058
724,613,604,0.000,0.655,0.636,0.753,0.760,0.114,0.231,0.300,0.063,657,613,0.000,0.646,0.639,0.752,0.762,0.116,0.239,0.294,0.067,704.000,657.000,0.001,0.637,0.641,0.743,0.764,0.121,0.243,0.293,0.067,721.000,713.000,0.000,0.640,0.623,0.746,0.759,0.143,0.218,0.320,0.058
725,613,604,0.000,0.655,0.636,0.753,0.760,0.114,0.231,0.300,0.063,657,613,0.000,0.646,0.639,0.752,0.762,0.116,0.239,0.294,0.067,704.000,657.000,0.001,0.637,0.641,0.743,0.764,0.121,0.243,0.293,0.067,724.000,657.000,0.000,0.662,0.638,0.746,0.754,0.105,0.233,0.298,0.064
726,613,604,0.000,0.655,0.636,0.753,0.760,0.114,0.231,0.300,0.063,657,613,0.000,0.646,0.639,0.752,0.762,0.116,0.239,0.294,0.067,704.000,657.000,0.001,0.637,0.641,0.743,0.764,0.121,0.243,0.293,0.067,724.000,657.000,0.000,0.662,0.638,0.746,0.754,0.105,0.233,0.298,0.064
727,613,604,0.000,0.655,0.636,0.753,0.760,0.114,0.231,0.300,0.063,657,613,0.000,0.646,0.639,0.752,0.762,0.116,0.239,0.294,0.067,704.000,657.000,0.001,0.637,0.641,0.743,0.764,0.121,0.243,0.293,0.067,724.000,657.000,0.000,0.662,0.638,0.746,0.754,0.105,0.233,0.298,0.064
728,613,604,0.000,0.655,0.636,0.753,0.760,0.114,0.231,0.300,0.063,657,613,0.000,0.646,0.639,0.752,0.762,0.116,0.239,0.294,0.067,704.000,657.000,0.001,0.637,0.641,0.743,0.764,0.121,0.243,0.293,0.067,724.000,657.000,0.000,0.662,0.638,0.746,0.754,0.105,0.233,0.298,0.064
729,613,604,0.000,0.655,0.636,0.753,0.760,0.114,0.231,0.300,0.063,657,613,0.000,0.646,0.639,0.752,0.762,0.116,0.239,0.294,0.067,704.000,657.000,0.001,0.637,0.641,0.743,0.764,0.121,0.243,0.293,0.067,724.000,657.000,0.000,0.662,0.638,0.746,0.754,0.105,0.233,0.298,0.064
730,613,604,0.000,0.655,0.636,0.753,0.760,0.114,0.231,0.300,0.063,657,613,0.000,0.646,0.639,0.752,0.762,0.116,0.239,0.294,0.067,704.000,657.000,0.001,0.637,0.641,0.743,0.764,0.121,0.243,0.293,0.067,724.000,657.000,0.000,0.662,0.638,0.746,0.754,0.105,0.233,0.298,0.064
731,613,604,0.000,0.655,0.636,0.753,0.760,0.114,0.231,0.300,0.063,657,613,0.000,0.646,0.639,0.752,0.762,0.116,0.239,0.294,0.067,704.000,657.000,0.001,0.637,0.641,0.743,0.764,0.121,0.243,0.293,0.067,724.000,657.000,0.000,0.662,0.638,0.746,0.754,0.105,0.233,0.298,0.064
732,613,604,0.000,0.655,0.636,0.753,0.760,0.114,0.231,0.300,0.063,657,613,0.000,0.646,0.639,0.752,0.762,0.116,0.239,0.294,0.067,704.000,657.000,0.001,0.637,0.641,0.743,0.764,0.121,0.243,0.293,0.067,724.000,657.000,0.000,0.662,0.638,0.746,0.754,0.105,0.233,0.298,0.064
733,613,604,0.000,0.655,0.636,0.753,0.760,0.114,0.231,0.300,0.063,657,613,0.000,0.646,0.639,0.752,0.762,0.116,0.239,0.294,0.067,704.000,657.000,0.001,0.637,0.641,0.743,0.764,0.121,0.243,0.293,0.067,724.000,657.000,0.000,0.662,0.638,0.746,0.754,0.105,0.233,0.298,0.064
734,613,604,0.000,0.655,0.636,0.753,0.760,0.114,0.231,0.300,0.063,657,613,0.000,0.646,0.639,0.752,0.762,0.116,0.239,0.294,0.067,704.000,657.000,0.001,0.637,0.641,0.743,0.764,0.121,0.243,0.293,0.067,724.000,657.000,0.000,0.662,0.638,0.746,0.754,0.105,0.233,0.298,0.064
735,613,604,0.000,0.655,0.636,0.753,0.760,0.114,0.231,0.300,0.063,657,613,0.000,0.646,0.639,0.752,0.762,0.116,0.239,0.294,0.067,704.000,657.000,0.001,0.637,0.641,0.743,0.764,0.121,0.243,0.293,0.067,724.000,657.000,0.000,0.662,0.638,0.746,0.754,0.105,0.233,0.298,0.064
736,613,604,0.000,0.655,0.636,0.753,0.760,0.114,0.231,0.300,0.063,657,613,0.000,0.646,0.639,0.752,0.762,0.116,0.239,0.294,0.067,704.000,657.000,0.001,0.637,0.641,0.743,0.764,0.121,0.243,0.293,0.067,724.000,657.000,0.000,0.662,0.638,0.746,0.754,0.105,0.233,0.298,0.064
737,613,604,0.000,0.655,0.636,0.753,0.760,0.114,0.231,0.300,0.063,657,613,0.000,0.646,0.639,0.752,0.762,0.116,0.239,0.294,0.067,704.000,657.000,0.001,0.637,0.641,0.743,0.764,0.121,0.243,0.293,0.067,724.000,657.000,0.000,0.662,0.638,0.746,0.754,0.105,0.233,0.298,0.064
738,613,604,0.000,0.655,0.636,0.753,0.760,0.114,0.231,0.300,0.063,657,613,0.000,0.646,0.639,0.752,0.762,0.116,0.239,0.294,0.067,704.000,657.000,0.001,0.637,0.641,0.743,0.764,0.121,0.243,0.293,0.067,724.000,657.000,0.000,0.662,0.638,0.746,0.754,0.105,0.233,0.298,0.064
739,613,604,0.000,0.655,0.636,0.753,0.760,0.114,0.231,0.300,0.063,657,613,0.000,0.646,0.639,0.752,0.762,0.116,0.239,0.294,0.067,704.000,657.000,0.001,0.637,0.641,0.743,0.764,0.121,0.243,0.293,0.067,724.000,657.000,0.000,0.662,0.638,0.746,0.754,0.105,0.233,0.298,0.064
740,613,604,0.000,0.655,0.636,0.753,0.760,0.114,0.231,0.300,0.063,657,613,0.000,0.646,0.639,0.752,0.762,0.116,0.239,0.294,0.067,704.000,657.000,0.001,0.637,0.641,0.743,0.764,0.121,0.243,0.293,0.067,724.000,657.000,0.000,0.662,0.638,0.746,0.754,0.105,0.233,0.298,0.064
741,613,604,0.000,0.655,0.636,0.753,0.760,0.114,0.231,0.300,0.063,657,613,0.000,0.646,0.639,0.752,0.762,0.116,0.239,0.294,0.067,704.000,657.000,0.001,0.637,0.641,0.743,0.764,0.121,0.243,0.293,0.067,724.000,657.000,0.000,0.662,0.638,0.746,0.754,0.105,0.233,0.298,0.064
742,613,604,0.000,0.655,0.636,0.753,0.760,0.114,0.231,0.300,0.063,657,613,0.000,0.646,0.639,0.752,0.762,0.116,0.239,0.294,0.067,704.000,657.000,0.001,0.637,0.641,0.743,0.764,0.121,0.243,0.293,0.067,724.000,657.000,0.000,0.662,0.638,0.746,0.754,0.105,0.233,0.298,0.064
743,613,604,0.000,0.655,0.636,0.753,0.760,0.114,0.231,0.300,0.063,657,613,0.000,0.646,0.639,0.752,0.762,0.116,0.239,0.294,0.067,704.000,657.000,0.001,0.637,0.641,0.743,0.764,0.121,0.243,0.293,0.067,725.000,704.000,0.000,0.638,0.631,0.732,0.765,0.131,0.231,0.291,0.078
744,613,604,0.000,0.655,0.636,0.753,0.760,0.114,0.231,0.300,0.063,657,613,0.000,0.646,0.639,0.752,0.762,0.116,0.239,0.294,0.067,704.000,657.000,0.001,0.637,0.641,0.743,0.764,0.121,0.243,0.293,0.067,725.000,704.000,0.000,0.638,0.631,0.732,0.765,0.131,0.231,0.291,0.078
745,613,604,0.000,0.655,0.636,0.753,0.760,0.114,0.231,0.300,0.063,657,613,0.000,0.646,0.639,0.752,0.762,0.116,0.239,0.294,0.067,704.000,657.000,0.001,0.637,0.641,0.743,0.764,0.121,0.243,0.293,0.067,725.000,704.000,0.000,0.638,0.631,0.732,0.765,0.131,0.231,0.291,0.078
746,613,604,0.000,0.655,0.636,0.753,0.760,0.114,0.231,0.300,0.063,657,613,0.000,0.646,0.639,0.752,0.762,0.116,0.239,0.294,0.067,704.000,657.000,0.001,0.637,0.641,0.743,0.764,0.121,0.243,0.293,0.067,725.000,704.000,0.000,0.638,0.631,0.732,0.765,0.131,0.231,0.291,0.078
747,613,604,0.000,0.655,0.636,0.753,0.760,0.114,0.231,0.300,0.063,657,613,0.000,0.646,0.639,0.752,0.762,0.116,0.239,0.294,0.067,725.000,704.000,0.000,0.638,0.631,0.732,0.765,0.131,0.231,0.291,0.078,745.000,613.000,0.000,0.653,0.625,0.740,0.756,0.123,0.223,0.295,0.080
748,613,604,0.000,0.655,0.636,0.753,0.760,0.114,0.231,0.300,0.063,657,613,0.000,0.646,0.639,0.752,0.762,0.116,0.239,0.294,0.067,745.000,613.000,0.000,0.653,0.625,0.740,0.756,0.123,0.223,0.295,0.080,748.000,704.000,0.000,0.639,0.650,0.760,0.771,0.109,0.251,0.288,0.062
749,613,604,0.000,0.655,0.636,0.753,0.760,0.114,0.231,0.300,0.063,657,613,0.000,0.646,0.639,0.752,0.762,0.116,0.239,0.294,0.067,745.000,613.000,0.000,0.653,0.625,0.740,0.756,0.123,0.223,0.295,0.080,748.000,704.000,0.000,0.639,0.650,0.760,0.771,0.109,0.251,0.288,0.062
750,613,604,0.000,0.655,0.636,0.753,0.760,0.114,0.231,0.300,0.063,657,613,0.000,0.646,0.639,0.752,0.762,0.116,0.239,0.294,0.067,745.000,613.000,0.000,0.653,0.625,0.740,0.756,0.123,0.223,0.295,0.080,748.000,704.000,0.000,0.639,0.650,0.760,0.771,0.109,0.251,0.288,0.062
751,613,604,0.000,0.655,0.636,0.753,0.760,0.114,0.231,0.300,0.063,657,613,0.000,0.646,0.639,0.752,0.762,0.116,0.239,0.294,0.067,745.000,613.000,0.000,0.653,0.625,0.740,0.756,0.123,0.223,0.295,0.080,748.000,704.000,0.000,0.639,0.650,0.760,0.771,0.109,0.251,0.288,0.062
752,613,604,0.000,0.655,0.636,0.753,0.760,0.114,0.231,0.300,0.063,657,613,0.000,0.646,0.639,0.752,0.762,0.116,0.239,0.294,0.067,745.000,613.000,0.000,0.653,0.625,0.740,0.756,0.123,0.223,0.295,0.080,748.000,704.000,0.000,0.639,0.650,0.760,0.771,0.109,0.251,0.288,0.062
753,613,604,0.000,0.655,0.636,0.753,0.760,0.114,0.231,0.300,0.063,657,613,0.000,0.646,0.639,0.752,0.762,0.116,0.239,0.294,0.067,745.000,613.000,0.000,0.653,0.625,0.740,0.756,0.123,0.223,0.295,0.080,748.000,704.000,0.000,0.639,0.650,0.760,0.771,0.109,0.251,0.288,0.062
754,613,604,0.000,0.655,0.636,0.753,0.760,0.114,0.231,0.300,0.063,657,613,0.000,0.646,0.639,0.752,0.762,0.116,0.239,0.294,0.067,745.000,613.000,0.000,0.653,0.625,0.740,0.756,0.123,0.223,0.295,0.080,748.000,704.000,0.000,0.639,0.650,0.760,0.771,0.109,0.251,0.288,0.062
755,613,604,0.000,0.655,0.636,0.753,0.760,0.114,0.231,0.300,0.063,657,613,0.000,0.646,0.639,0.752,0.762,0.116,0.239,0.294,0.067,745.000,613.000,0.000,0.653,0.625,0.740,0.756,0.123,0.223,0.295,0.080,748.000,704.000,0.000,0.639,0.650,0.760,0.771,0.109,0.251,0.288,0.062
756,613,604,0.000,0.655,0.636,0.753,0.760,0.114,0.231,0.300,0.063,657,613,0.000,0.646,0.639,0.752,0.762,0.116,0.239,0.294,0.067,745.000,613.000,0.000,0.653,0.625,0.740,0.756,0.123,0.223,0.295,0.080,748.000,704.000,0.000,0.639,0.650,0.760,0.771,0.109,0.251,0.288,0.062
757,613,604,0.000,0.655,0.636,0.753,0.760,0.114,0.231,0.300,0.063,657,613,0.000,0.646,0.639,0.752,0.762,0.116,0.239,0.294,0.067,745.000,613.000,0.000,0.653,0.625,0.740,0.756,0.123,0.223,0.295,0.080,748.000,704.000,0.000,0.639,0.650,0.760,0.771,0.109,0.251,0.288,0.062
758,613,604,0.000,0.655,0.636,0.753,0.760,0.114,0.231,0.300,0.063,657,613,0.000,0.646,0.639,0.752,0.762,0.116,0.239,0.294,0.067,745.000,613.000,0.000,0.653,0.625,0.740,0.756,0.123,0.223,0.295,0.080,748.000,704.000,0.000,0.639,0.650,0.760,0.771,0.109,0.251,0.288,0.062
759,613,604,0.000,0.655,0.636,0.753,0.760,0.114,0.231,0.300,0.063,657,613,0.000,0.646,0.639,0.752,0.762,0.116,0.239,0.294,0.067,745.000,613.000,0.000,0.653,0.625,0.740,0.756,0.123,0.223,0.295,0.080,748.000,704.000,0.000,0.639,0.650,0.760,0.771,0.109,0.251,0.288,0.062
760,613,604,0.000,0.655,0.636,0.753,0.760,0.114,0.231,0.300,0.063,657,613,0.000,0.646,0.639,0.752,0.762,0.116,0.239,0.294,0.067,748.000,704.000,0.000,0.639,0.650,0.760,0.771,0.109,0.251,0.288,0.062,749.000,745.000,0.000,0.660,0.619,0.740,0.770,0.119,0.221,0.306,0.074
761,613,604,0.000,0.655,0.636,0.753,0.760,0.114,0.231,0.300,0.063,657,613,0.000,0.646,0.639,0.752,0.762,0.116,0.239,0.294,0.067,748.000,704.000,0.000,0.639,0.650,0.760,0.771,0.109,0.251,0.288,0.062,749.000,745.000,0.000,0.660,0.619,0.740,0.770,0.119,0.221,0.306,0.074
762,613,604,0.000,0.655,0.636,0.753,0.760,0.114,0.231,0.300,0.063,657,613,0.000,0.646,0.639,0.752,0.762,0.116,0.239,0.294,0.067,748.000,704.000,0.000,0.639,0.650,0.760,0.771,0.109,0.251,0.288,0.062,749.000,745.000,0.000,0.660,0.619,0.740,0.770,0.119,0.221,0.306,0.074
763,613,604,0.000,0.655,0.636,0.753,0.760,0.114,0.231,0.300,0.063,657,613,0.000,0.646,0.639,0.752,0.762,0.116,0.239,0.294,0.067,748.000,704.000,0.000,0.639,0.650,0.760,0.771,0.109,0.251,0.288,0.062,754.000,745.000,0.000,0.651,0.641,0.732,0.767,0.124,0.225,0.278,0.080
764,613,604,0.000,0.655,0.636,0.753,0.760,0.114,0.231,0.300,0.063,657,613,0.000,0.646,0.639,0.752,0.762,0.116,0.239,0.294,0.067,756.000,745.000,0.001,0.654,0.628,0.738,0.750,0.124,0.222,0.298,0.073,762.000,613.000,0.001,0.674,0.641,0.741,0.742,0.114,0.212,0.290,0.069
765,613,604,0.000,0.655,0.636,0.753,0.760,0.114,0.231,0.300,0.063,657,613,0.000,0.646,0.639,0.752,0.762,0.116,0.239,0.294,0.067,756.000,745.000,0.001,0.654,0.628,0.738,0.750,0.124,0.222,0.298,0.073,762.000,613.000,0.001,0.674,0.641,0.741,0.742,0.114,0.212,0.290,0.069
766,613,604,0.000,0.655,0.636,0.753,0.760,0.114,0.231,0.300,0.063,657,613,0.000,0.646,0.639,0.752,0.762,0.116,0.239,0.294,0.067,762.000,613.000,0.001,0.674,0.641,0.741,0.742,0.114,0.212,0.290,0.069,764.000,754.000,0.000,0.633,0.630,0.755,0.757,0.129,0.237,0.281,0.090
767,613,604,0.000,0.655,0.636,0.753,0.760,0.114,0.231,0.300,0.063,657,613,0.000,0.646,0.639,0.752,0.762,0.116,0.239,0.294,0.067,762.000,613.000,0.001,0.674,0.641,0.741,0.742,0.114,0.212,0.290,0.069,764.000,754.000,0.000,0.633,0.630,0.755,0.757,0.129,0.237,0.281,0.090
768,613,604,0.000,0.655,0.636,0.753,0.760,0.114,0.231,0.300,0.063,657,613,0.000,0.646,0.639,0.752,0.762,0.116,0.239,0.294,0.067,765.000,748.000,0.000,0.638,0.650,0.738,0.769,0.112,0.250,0.287,0.063,766.000,765.000,0.000,0.640,0.651,0.732,0.776,0.111,0.249,0.294,0.054
769,613,604,0.000,0.655,0.636,0.753,0.760,0.114,0.231,0.300,0.063,657,613,0.000,0.646,0.639,0.752,0.762,0.116,0.239,0.294,0.067,765.000,748.000,0.000,0.638,0.650,0.738,0.769,0.112,0.250,0.287,0.063,766.000,765.000,0.000,0.640,0.651,0.732,0.776,0.111,0.249,0.294,0.054
770,613,604,0.000,0.655,0.636,0.753,0.760,0.114,0.231,0.300,0.063,657,613,0.000,0.646,0.639,0.752,0.762,0.116,0.239,0.294,0.067,765.000,748.000,0.000,0.638,0.650,0.738,0.769,0.112,0.250,0.287,0.063,767.000,765.000,0.000,0.633,0.642,0.736,0.766,0.120,0.246,0.289,0.069
771,613,604,0.000,0.655,0.636,0.753,0.760,0.114,0.231,0.300,0.063,657,613,0.000,0.646,0.639,0.752,0.762,0.116,0.239,0.294,0.067,765.000,748.000,0.000,0.638,0.650,0.738,0.769,0.112,0.250,0.287,0.063,767.000,765.000,0.000,0.633,0.642,0.736,0.766,0.120,0.246,0.289,0.069
772,613,604,0.000,0.655,0.636,0.753,0.760,0.114,0.231,0.300,0.063,657,613,0.000,0.646,0.639,0.752,0.762,0.116,0.239,0.294,0.067,765.000,748.000,0.000,0.638,0.650,0.738,0.769,0.112,0.250,0.287,0.063,767.000,765.000,0.000,0.633,0.642,0.736,0.766,0.120,0.246,0.289,0.069
773,613,604,0.000,0.655,0.636,0.753,0.760,0.114,0.231,0.300,0.063,657,613,0.000,0.646,0.639,0.752,0.762,0.116,0.239,0.294,0.067,765.000,748.000,0.000,0.638,0.650,0.738,0.769,0.112,0.250,0.287,0.063,767.000,765.000,0.000,0.633,0.642,0.736,0.766,0.120,0.246,0.289,0.069
774,613,604,0.000,0.655,0.636,0.753,0.760,0.114,0.231,0.300,0.063,657,613,0.000,0.646,0.639,0.752,0.762,0.116,0.239,0.294,0.067,765.000,748.000,0.000,0.638,0.650,0.738,0.769,0.112,0.250,0.287,0.063,767.000,765.000,0.000,0.633,0.642,0.736,0.766,0.120,0.246,0.289,0.069
775,613,604,0.000,0.655,0.636,0.753,0.760,0.114,0.231,0.300,0.063,657,613,0.000,0.646,0.639,0.752,0.762,0.116,0.239,0.294,0.067,765.000,748.000,0.000,0.638,0.650,0.738,0.769,0.112,0.250,0.287,0.063,767.000,765.000,0.000,0.633,0.642,0.736,0.766,0.120,0.246,0.289,0.069
776,613,604,0.000,0.655,0.636,0.753,0.760,0.114,0.231,0.300,0.063,657,613,0.000,0.646,0.639,0.752,0.762,0.116,0.239,0.294,0.067,765.000,748.000,0.000,0.638,0.650,0.738,0.769,0.112,0.250,0.287,0.063,767.000,765.000,0.000,0.633,0.642,0.736,0.766,0.120,0.246,0.289,0.069
777,613,604,0.000,0.655,0.636,0.753,0.760,0.114,0.231,0.300,0.063,657,613,0.000,0.646,0.639,0.752,0.762,0.116,0.239,0.294,0.067,765.000,748.000,0.000,0.638,0.650,0.738,0.769,0.112,0.250,0.287,0.063,767.000,765.000,0.000,0.633,0.642,0.736,0.766,0.120,0.246,0.289,0.069
778,613,604,0.000,0.655,0.636,0.753,0.760,0.114,0.231,0.300,0.063,657,613,0.000,0.646,0.639,0.752,0.762,0.116,0.239,0.294,0.067,765.000,748.000,0.000,0.638,0.650,0.738,0.769,0.112,0.250,0.287,0.063,767.000,765.000,0.000,0.633,0.642,0.736,0.766,0.120,0.246,0.289,0.069
779,613,604,0.000,0.655,0.636,0.753,0.760,0.114,0.231,0.300,0.063,657,613,0.000,0.646,0.639,0.752,0.762,0.116,0.239,0.294,0.067,765.000,748.000,0.000,0.638,0.650,0.738,0.769,0.112,0.250,0.287,0.063,767.000,765.000,0.000,0.633,0.642,0.736,0.766,0.120,0.246,0.289,0.069
780,613,604,0.000,0.655,0.636,0.753,0.760,0.114,0.231,0.300,0.063,657,613,0.000,0.646,0.639,0.752,0.762,0.116,0.239,0.294,0.067,765.000,748.000,0.000,0.638,0.650,0.738,0.769,0.112,0.250,0.287,0.063,767.000,765.000,0.000,0.633,0.642,0.736,0.766,0.120,0.246,0.289,0.069
781,657,613,0.000,0.646,0.639,0.752,0.762,0.116,0.239,0.294,0.067,765,748,0.000,0.638,0.650,0.738,0.769,0.112,0.250,0.287,0.063,767.000,765.000,0.000,0.633,0.642,0.736,0.766,0.120,0.246,0.289,0.069,771.000,765.000,0.000,0.635,0.645,0.727,0.779,0.117,0.248,0.296,0.059
782,657,613,0.000,0.646,0.639,0.752,0.762,0.116,0.239,0.294,0.067,765,748,0.000,0.638,0.650,0.738,0.769,0.112,0.250,0.287,0.063,767.000,765.000,0.000,0.633,0.642,0.736,0.766,0.120,0.246,0.289,0.069,778.000,613.000,0.000,0.640,0.649,0.759,0.760,0.119,0.240,0.293,0.058
783,657,613,0.000,0.646,0.639,0.752,0.762,0.116,0.239,0.294,0.067,767,765,0.000,0.633,0.642,0.736,0.766,0.120,0.246,0.289,0.069,778.000,613.000,0.000,0.640,0.649,0.759,0.760,0.119,0.240,0.293,0.058,779.000,657.000,0.000,0.645,0.641,0.752,0.761,0.106,0.249,0.288,0.071
784,657,613,0.000,0.646,0.639,0.752,0.762,0.116,0.239,0.294,0.067,767,765,0.000,0.633,0.642,0.736,0.766,0.120,0.246,0.289,0.069,778.000,613.000,0.000,0.640,0.649,0.759,0.760,0.119,0.240,0.293,0.058,779.000,657.000,0.000,0.645,0.641,0.752,0.761,0.106,0.249,0.288,0.071
785,657,613,0.000,0.646,0.639,0.752,0.762,0.116,0.239,0.294,0.067,767,765,0.000,0.633,0.642,0.736,0.766,0.120,0.246,0.289,0.069,778.000,613.000,0.000,0.640,0.649,0.759,0.760,0.119,0.240,0.293,0.058,779.000,657.000,0.000,0.645,0.641,0.752,0.761,0.106,0.249,0.288,0.071
786,657,613,0.000,0.646,0.639,0.752,0.762,0.116,0.239,0.294,0.067,767,765,0.000,0.633,0.642,0.736,0.766,0.120,0.246,0.289,0.069,778.000,613.000,0.000,0.640,0.649,0.759,0.760,0.119,0.240,0.293,0.058,779.000,657.000,0.000,0.645,0.641,0.752,0.761,0.106,0.249,0.288,0.071
787,657,613,0.000,0.646,0.639,0.752,0.762,0.116,0.239,0.294,0.067,767,765,0.000,0.633,0.642,0.736,0.766,0.120,0.246,0.289,0.069,778.000,613.000,0.000,0.640,0.649,0.759,0.760,0.119,0.240,0.293,0.058,779.000,657.000,0.000,0.645,0.641,0.752,0.761,0.106,0.249,0.288,0.071
788,657,613,0.000,0.646,0.639,0.752,0.762,0.116,0.239,0.294,0.067,767,765,0.000,0.633,0.642,0.736,0.766,0.120,0.246,0.289,0.069,778.000,613.000,0.000,0.640,0.649,0.759,0.760,0.119,0.240,0.293,0.058,779.000,657.000,0.000,0.645,0.641,0.752,0.761,0.106,0.249,0.288,0.071
789,657,613,0.000,0.646,0.639,0.752,0.762,0.116,0.239,0.294,0.067,767,765,0.000,0.633,0.642,0.736,0.766,0.120,0.246,0.289,0.069,778.000,613.000,0.000,0.640,0.649,0.759,0.760,0.119,0.240,0.293,0.058,779.000,657.000,0.000,0.645,0.641,0.752,0.761,0.106,0.249,0.288,0.071
790,657,613,0.000,0.646,0.639,0.752,0.762,0.116,0.239,0.294,0.067,767,765,0.000,0.633,0.642,0.736,0.766,0.120,0.246,0.289,0.069,778.000,613.000,0.000,0.640,0.649,0.759,0.760,0.119,0.240,0.293,0.058,779.000,657.000,0.000,0.645,0.641,0.752,0.761,0.106,0.249,0.288,0.071
791,657,613,0.000,0.646,0.639,0.752,0.762,0.116,0.239,0.294,0.067,767,765,0.000,0.633,0.642,0.736,0.766,0.120,0.246,0.289,0.069,778.000,613.000,0.000,0.640,0.649,0.759,0.760,0.119,0.240,0.293,0.058,779.000,657.000,0.000,0.645,0.641,0.752,0.761,0.106,0.249,0.288,0.071
792,657,613,0.000,0.646,0.639,0.752,0.762,0.116,0.239,0.294,0.067,767,765,0.000,0.633,0.642,0.736,0.766,0.120,0.246,0.289,0.069,778.000,613.000,0.000,0.640,0.649,0.759,0.760,0.119,0.240,0.293,0.058,779.000,657.000,0.000,0.645,0.641,0.752,0.761,0.106,0.249,0.288,0.071
793,657,613,0.000,0.646,0.639,0.752,0.762,0.116,0.239,0.294,0.067,767,765,0.000,0.633,0.642,0.736,0.766,0.120,0.246,0.289,0.069,778.000,613.000,0.000,0.640,0.649,0.759,0.760,0.119,0.240,0.293,0.058,779.000,657.000,0.000,0.645,0.641,0.752,0.761,0.106,0.249,0.288,0.071
794,657,613,0.000,0.646,0.639,0.752,0.762,0.116,0.239,0.294,0.067,767,765,0.000,0.633,0.642,0.736,0.766,0.120,0.246,0.289,0.069,778.000,613.000,0.000,0.640,0.649,0.759,0.760,0.119,0.240,0.293,0.058,779.000,657.000,0.000,0.645,0.641,0.752,0.761,0.106,0.249,0.288,0.071
795,657,613,0.000,0.646,0.639,0.752,0.762,0.116,0.239,0.294,0.067,778,613,0.000,0.640,0.649,0.759,0.760,0.119,0.240,0.293,0.058,779.000,657.000,0.000,0.645,0.641,0.752,0.761,0.106,0.249,0.288,0.071,780.000,613.000,0.000,0.665,0.624,0.751,0.767,0.104,0.231,0.314,0.062
796,657,613,0.000,0.646,0.639,0.752,0.762,0.116,0.239,0.294,0.067,778,613,0.000,0.640,0.649,0.759,0.760,0.119,0.240,0.293,0.058,779.000,657.000,0.000,0.645,0.641,0.752,0.761,0.106,0.249,0.288,0.071,780.000,613.000,0.000,0.665,0.624,0.751,0.767,0.104,0.231,0.314,0.062
797,657,613,0.000,0.646,0.639,0.752,0.762,0.116,0.239,0.294,0.067,778,613,0.000,0.640,0.649,0.759,0.760,0.119,0.240,0.293,0.058,779.000,657.000,0.000,0.645,0.641,0.752,0.761,0.106,0.249,0.288,0.071,780.000,613.000,0.000,0.665,0.624,0.751,0.767,0.104,0.231,0.314,0.062
798,657,613,0.000,0.646,0.639,0.752,0.762,0.116,0.239,0.294,0.067,778,613,0.000,0.640,0.649,0.759,0.760,0.119,0.240,0.293,0.058,779.000,657.000,0.000,0.645,0.641,0.752,0.761,0.106,0.249,0.288,0.071,780.000,613.000,0.000,0.665,0.624,0.751,0.767,0.104,0.231,0.314,0.062
799,657,613,0.000,0.646,0.639,0.752,0.762,0.116,0.239,0.294,0.067,778,613,0.000,0.640,0.649,0.759,0.760,0.119,0.240,0.293,0.058,779.000,657.000,0.000,0.645,0.641,0.752,0.761,0.106,0.249,0.288,0.071,780.000,613.000,0.000,0.665,0.624,0.751,0.767,0.104,0.231,0.314,0.062
800,657,613,0.000,0.646,0.639,0.752,0.762,0.116,0.239,0.294,0.067,778,613,0.000,0.640,0.649,0.759,0.760,0.119,0.240,0.293,0.058,779.000,657.000,0.000,0.645,0.641,0.752,0.761,0.106,0.249,0.288,0.071,780.000,613.000,0.000,0.665,0.624,0.751,0.767,0.104,0.231,0.314,0.062
801,657,613,0.000,0.646,0.639,0.752,0.762,0.116,0.239,0.294,0.067,778,613,0.000,0.640,0.649,0.759,0.760,0.119,0.240,0.293,0.058,781.000,657.000,0.000,0.655,0.644,0.760,0.763,0.117,0.228,0.297,0.058,784.000,657.000,0.000,0.646,0.632,0.744,0.759,0.114,0.240,0.297,0.071
802,657,613,0.000,0.646,0.639,0.752,0.762,0.116,0.239,0.294,0.067,781,657,0.000,0.655,0.644,0.760,0.763,0.117,0.228,0.297,0.058,784.000,657.000,0.000,0.646,0.632,0.744,0.759,0.114,0.240,0.297,0.071,788.000,657.000,0.000,0.645,0.647,0.752,0.761,0.105,0.250,0.298,0.055
803,657,613,0.000,0.646,0.639,0.752,0.762,0.116,0.239,0.294,0.067,781,657,0.000,0.655,0.644,0.760,0.763,0.117,0.228,0.297,0.058,784.000,657.000,0.000,0.646,0.632,0.744,0.759,0.114,0.240,0.297,0.071,788.000,657.000,0.000,0.645,0.647,0.752,0.761,0.105,0.250,0.298,0.055
804,657,613,0.000,0.646,0.639,0.752,0.762,0.116,0.239,0.294,0.067,781,657,0.000,0.655,0.644,0.760,0.763,0.117,0.228,0.297,0.058,784.000,657.000,0.000,0.646,0.632,0.744,0.759,0.114,0.240,0.297,0.071,788.000,657.000,0.000,0.645,0.647,0.752,0.761,0.105,0.250,0.298,0.055
805,657,613,0.000,0.646,0.639,0.752,0.762,0.116,0.239,0.294,0.067,781,657,0.000,0.655,0.644,0.760,0.763,0.117,0.228,0.297,0.058,784.000,657.000,0.000,0.646,0.632,0.744,0.759,0.114,0.240,0.297,0.071,788.000,657.000,0.000,0.645,0.647,0.752,0.761,0.105,0.250,0.298,0.055
806,657,613,0.000,0.646,0.639,0.752,0.762,0.116,0.239,0.294,0.067,781,657,0.000,0.655,0.644,0.760,0.763,0.117,0.228,0.297,0.058,784.000,657.000,0.000,0.646,0.632,0.744,0.759,0.114,0.240,0.297,0.071,800.000,780.000,0.000,0.664,0.619,0.757,0.760,0.102,0.234,0.308,0.073
807,657,613,0.000,0.646,0.639,0.752,0.762,0.116,0.239,0.294,0.067,781,657,0.000,0.655,0.644,0.760,0.763,0.117,0.228,0.297,0.058,784.000,657.000,0.000,0.646,0.632,0.744,0.759,0.114,0.240,0.297,0.071,800.000,780.000,0.000,0.664,0.619,0.757,0.760,0.102,0.234,0.308,0.073
808,657,613,0.000,0.646,0.639,0.752,0.762,0.116,0.239,0.294,0.067,781,657,0.000,0.655,0.644,0.760,0.763,0.117,0.228,0.297,0.058,784.000,657.000,0.000,0.646,0.632,0.744,0.759,0.114,0.240,0.297,0.071,800.000,780.000,0.000,0.664,0.619,0.757,0.760,0.102,0.234,0.308,0.073
809,657,613,0.000,0.646,0.639,0.752,0.762,0.116,0.239,0.294,0.067,784,657,0.000,0.646,0.632,0.744,0.759,0.114,0.240,0.297,0.071,800.000,780.000,0.000,0.664,0.619,0.757,0.760,0.102,0.234,0.308,0.073,803.000,657.000,0.000,0.667,0.646,0.749,0.758,0.105,0.228,0.298,0.057
810,657,613,0.000,0.646,0.639,0.752,0.762,0.116,0.239,0.294,0.067,784,657,0.000,0.646,0.632,0.744,0.759,0.114,0.240,0.297,0.071,803.000,657.000,0.000,0.667,0.646,0.749,0.758,0.105,0.228,0.298,0.057,806.000,784.000,0.000,0.640,0.630,0.741,0.745,0.116,0.243,0.299,0.071
811,657,613,0.000,0.646,0.639,0.752,0.762,0.116,0.239,0.294,0.067,784,657,0.000,0.646,0.632,0.744,0.759,0.114,0.240,0.297,0.071,803.000,657.000,0.000,0.667,0.646,0.749,0.758,0.105,0.228,0.298,0.057,806.000,784.000,0.000,0.640,0.630,0.741,0.745,0.116,0.243,0.299,0.071
812,657,613,0.000,0.646,0.639,0.752,0.762,0.116,0.239,0.294,0.067,784,657,0.000,0.646,0.632,0.744,0.759,0.114,0.240,0.297,0.071,803.000,657.000,0.000,0.667,0.646,0.749,0.758,0.105,0.228,0.298,0.057,806.000,784.000,0.000,0.640,0.630,0.741,0.745,0.116,0.243,0.299,0.071
813,657,613,0.000,0.646,0.639,0.752,0.762,0.116,0.239,0.294,0.067,784,657,0.000,0.646,0.632,0.744,0.759,0.114,0.240,0.297,0.071,803.000,657.000,0.000,0.667,0.646,0.749,0.758,0.105,0.228,0.298,0.057,806.000,784.000,0.000,0.640,0.630,0.741,0.745,0.116,0.243,0.299,0.071
814,657,613,0.000,0.646,0.639,0.752,0.762,0.116,0.239,0.294,0.067,784,657,0.000,0.646,0.632,0.744,0.759,0.114,0.240,0.297,0.071,803.000,657.000,0.000,0.667,0.646,0.749,0.758,0.105,0.228,0.298,0.057,806.000,784.000,0.000,0.640,0.630,0.741,0.745,0.116,0.243,0.299,0.071
815,657,613,0.000,0.646,0.639,0.752,0.762,0.116,0.239,0.294,0.067,784,657,0.000,0.646,0.632,0.744,0.759,0.114,0.240,0.297,0.071,803.000,657.000,0.000,0.667,0.646,0.749,0.758,0.105,0.228,0.298,0.057,806.000,784.000,0.000,0.640,0.630,0.741,0.745,0.116,0.243,0.299,0.071
816,657,613,0.000,0.646,0.639,0.752,0.762,0.116,0.239,0.294,0.067,784,657,0.000,0.646,0.632,0.744,0.759,0.114,0.240,0.297,0.071,803.000,657.000,0.000,0.667,0.646,0.749,0.758,0.105,0.228,0.298,0.057,806.000,784.000,0.000,0.640,0.630,0.741,0.745,0.116,0.243,0.299,0.071
817,657,613,0.000,0.646,0.639,0.752,0.762,0.116,0.239,0.294,0.067,784,657,0.000,0.646,0.632,0.744,0.759,0.114,0.240,0.297,0.071,803.000,657.000,0.000,0.667,0.646,0.749,0.758,0.105,0.228,0.298,0.057,806.000,784.000,0.000,0.640,0.630,0.741,0.745,0.116,0.243,0.299,0.071
818,657,613,0.000,0.646,0.639,0.752,0.762,0.116,0.239,0.294,0.067,784,657,0.000,0.646,0.632,0.744,0.759,0.114,0.240,0.297,0.071,803.000,657.000,0.000,0.667,0.646,0.749,0.758,0.105,0.228,0.298,0.057,806.000,784.000,0.000,0.640,0.630,0.741,0.745,0.116,0.243,0.299,0.071
819,657,613,0.000,0.646,0.639,0.752,0.762,0.116,0.239,0.294,0.067,784,657,0.000,0.646,0.632,0.744,0.759,0.114,0.240,0.297,0.071,803.000,657.000,0.000,0.667,0.646,0.749,0.758,0.105,0.228,0.298,0.057,807.000,784.000,0.000,0.647,0.635,0.739,0.761,0.106,0.247,0.288,0.076
820,657,613,0.000,0.646,0.639,0.752,0.762,0.116,0.239,0.294,0.067,784,657,0.000,0.646,0.632,0.744,0.759,0.114,0.240,0.297,0.071,803.000,657.000,0.000,0.667,0.646,0.749,0.758,0.105,0.228,0.298,0.057,807.000,784.000,0.000,0.647,0.635,0.739,0.761,0.106,0.247,0.288,0.076
821,657,613,0.000,0.646,0.639,0.752,0.762,0.116,0.239,0.294,0.067,784,657,0.000,0.646,0.632,0.744,0.759,0.114,0.240,0.297,0.071,803.000,657.000,0.000,0.667,0.646,0.749,0.758,0.105,0.228,0.298,0.057,807.000,784.000,0.000,0.647,0.635,0.739,0.761,0.106,0.247,0.288,0.076
822,657,613,0.000,0.646,0.639,0.752,0.762,0.116,0.239,0.294,0.067,784,657,0.000,0.646,0.632,0.744,0.759,0.114,0.240,0.297,0.071,803.000,657.000,0.000,0.667,0.646,0.749,0.758,0.105,0.228,0.298,0.057,807.000,784.000,0.000,0.647,0.635,0.739,0.761,0.106,0.247,0.288,0.076
823,657,613,0.000,0.646,0.639,0.752,0.762,0.116,0.239,0.294,0.067,784,657,0.000,0.646,0.632,0.744,0.759,0.114,0.240,0.297,0.071,803.000,657.000,0.000,0.667,0.646,0.749,0.758,0.105,0.228,0.298,0.057,807.000,784.000,0.000,0.647,0.635,0.739,0.761,0.106,0.247,0.288,0.076
824,657,613,0.000,0.646,0.639,0.752,0.762,0.116,0.239,0.294,0.067,784,657,0.000,0.646,0.632,0.744,0.759,0.114,0.240,0.297,0.071,803.000,657.000,0.000,0.667,0.646,0.749,0.758,0.105,0.228,0.298,0.057,807.000,784.000,0.000,0.647,0.635,0.739,0.761,0.106,0.247,0.288,0.076
825,657,613,0.000,0.646,0.639,0.752,0.762,0.116,0.239,0.294,0.067,784,657,0.000,0.646,0.632,0.744,0.759,0.114,0.240,0.297,0.071,803.000,657.000,0.000,0.667,0.646,0.749,0.758,0.105,0.228,0.298,0.057,807.000,784.000,0.000,0.647,0.635,0.739,0.761,0.106,0.247,0.288,0.076
826,657,613,0.000,0.646,0.639,0.752,0.762,0.116,0.239,0.294,0.067,784,657,0.000,0.646,0.632,0.744,0.759,0.114,0.240,0.297,0.071,803.000,657.000,0.000,0.667,0.646,0.749,0.758,0.105,0.228,0.298,0.057,807.000,784.000,0.000,0.647,0.635,0.739,0.761,0.106,0.247,0.288,0.076
827,657,613,0.000,0.646,0.639,0.752,0.762,0.116,0.239,0.294,0.067,784,657,0.000,0.646,0.632,0.744,0.759,0.114,0.240,0.297,0.071,803.000,657.000,0.000,0.667,0.646,0.749,0.758,0.105,0.228,0.298,0.057,807.000,784.000,0.000,0.647,0.635,0.739,0.761,0.106,0.247,0.288,0.076
828,657,613,0.000,0.646,0.639,0.752,0.762,0.116,0.239,0.294,0.067,784,657,0.000,0.646,0.632,0.744,0.759,0.114,0.240,0.297,0.071,803.000,657.000,0.000,0.667,0.646,0.749,0.758,0.105,0.228,0.298,0.057,807.000,784.000,0.000,0.647,0.635,0.739,0.761,0.106,0.247,0.288,0.076
829,657,613,0.000,0.646,0.639,0.752,0.762,0.116,0.239,0.294,0.067,784,657,0.000,0.646,0.632,0.744,0.759,0.114,0.240,0.297,0.071,803.000,657.000,0.000,0.667,0.646,0.749,0.758,0.105,0.228,0.298,0.057,807.000,784.000,0.000,0.647,0.635,0.739,0.761,0.106,0.247,0.288,0.076
830,657,613,0.000,0.646,0.639,0.752,0.762,0.116,0.239,0.294,0.067,784,657,0.000,0.646,0.632,0.744,0.759,0.114,0.240,0.297,0.071,807.000,784.000,0.000,0.647,0.635,0.739,0.761,0.106,0.247,0.288,0.076,827.000,807.000,0.000,0.652,0.632,0.734,0.749,0.107,0.241,0.290,0.078
831,657,613,0.000,0.646,0.639,0.752,0.762,0.116,0.239,0.294,0.067,784,657,0.000,0.646,0.632,0.744,0.759,0.114,0.240,0.297,0.071,807.000,784.000,0.000,0.647,0.635,0.739,0.761,0.106,0.247,0.288,0.076,827.000,807.000,0.000,0.652,0.632,0.734,0.749,0.107,0.241,0.290,0.078
832,657,613,0.000,0.646,0.639,0.752,0.762,0.116,0.239,0.294,0.067,784,657,0.000,0.646,0.632,0.744,0.759,0.114,0.240,0.297,0.071,807.000,784.000,0.000,0.647,0.635,0.739,0.761,0.106,0.247,0.288,0.076,827.000,807.000,0.000,0.652,0.632,0.734,0.749,0.107,0.241,0.290,0.078
833,657,613,0.000,0.646,0.639,0.752,0.762,0.116,0.239,0.294,0.067,784,657,0.000,0.646,0.632,0.744,0.759,0.114,0.240,0.297,0.071,807.000,784.000,0.000,0.647,0.635,0.739,0.761,0.106,0.247,0.288,0.076,827.000,807.000,0.000,0.652,0.632,0.734,0.749,0.107,0.241,0.290,0.078
834,657,613,0.000,0.646,0.639,0.752,0.762,0.116,0.239,0.294,0.067,784,657,0.000,0.646,0.632,0.744,0.759,0.114,0.240,0.297,0.071,807.000,784.000,0.000,0.647,0.635,0.739,0.761,0.106,0.247,0.288,0.076,831.000,824.000,0.000,0.639,0.643,0.745,0.757,0.100,0.261,0.284,0.073
835,657,613,0.000,0.646,0.639,0.752,0.762,0.116,0.239,0.294,0.067,784,657,0.000,0.646,0.632,0.744,0.759,0.114,0.240,0.297,0.071,807.000,784.000,0.000,0.647,0.635,0.739,0.761,0.106,0.247,0.288,0.076,831.000,824.000,0.000,0.639,0.643,0.745,0.757,0.100,0.261,0.284,0.073
836,657,613,0.000,0.646,0.639,0.752,0.762,0.116,0.239,0.294,0.067,784,657,0.000,0.646,0.632,0.744,0.759,0.114,0.240,0.297,0.071,807.000,784.000,0.000,0.647,0.635,0.739,0.761,0.106,0.247,0.288,0.076,831.000,824.000,0.000,0.639,0.643,0.745,0.757,0.100,0.261,0.284,0.073
837,657,613,0.000,0.646,0.639,0.752,0.762,0.116,0.239,0.294,0.067,784,657,0.000,0.646,0.632,0.744,0.759,0.114,0.240,0.297,0.071,807.000,784.000,0.000,0.647,0.635,0.739,0.761,0.106,0.247,0.288,0.076,831.000,824.000,0.000,0.639,0.643,0.745,0.757,0.100,0.261,0.284,0.073
838,657,613,0.000,0.646,0.639,0.752,0.762,0.116,0.239,0.294,0.067,784,657,0.000,0.646,0.632,0.744,0.759,0.114,0.240,0.297,0.071,807.000,784.000,0.000,0.647,0.635,0.739,0.761,0.106,0.247,0.288,0.076,831.000,824.000,0.000,0.639,0.643,0.745,0.757,0.100,0.261,0.284,0.073
839,657,613,0.000,0.646,0.639,0.752,0.762,0.116,0.239,0.294,0.067,784,657,0.000,0.646,0.632,0.744,0.759,0.114,0.240,0.297,0.071,807.000,784.000,0.000,0.647,0.635,0.739,0.761,0.106,0.247,0.288,0.076,832.000,830.000,0.000,0.637,0.659,0.733,0.760,0.112,0.250,0.283,0.057
840,657,613,0.000,0.646,0.639,0.752,0.762,0.116,0.239,0.294,0.067,784,657,0.000,0.646,0.632,0.744,0.759,0.114,0.240,0.297,0.071,807.000,784.000,0.000,0.647,0.635,0.739,0.761,0.106,0.247,0.288,0.076,832.000,830.000,0.000,0.637,0.659,0.733,0.760,0.112,0.250,0.283,0.057
841,657,613,0.000,0.646,0.639,0.752,0.762,0.116,0.239,0.294,0.067,784,657,0.000,0.646,0.632,0.744,0.759,0.114,0.240,0.297,0.071,807.000,784.000,0.000,0.647,0.635,0.739,0.761,0.106,0.247,0.288,0.076,832.000,830.000,0.000,0.637,0.659,0.733,0.760,0.112,0.250,0.283,0.057
842,657,613,0.000,0.646,0.639,0.752,0.762,0.116,0.239,0.294,0.067,784,657,0.000,0.646,0.632,0.744,0.759,0.114,0.240,0.297,0.071,807.000,784.000,0.000,0.647,0.635,0.739,0.761,0.106,0.247,0.288,0.076,832.000,830.000,0.000,0.637,0.659,0.733,0.760,0.112,0.250,0.283,0.057
843,657,613,0.000,0.646,0.639,0.752,0.762,0.116,0.239,0.294,0.067,784,657,0.000,0.646,0.632,0.744,0.759,0.114,0.240,0.297,0.071,807.000,784.000,0.000,0.647,0.635,0.739,0.761,0.106,0.247,0.288,0.076,832.000,830.000,0.000,0.637,0.659,0.733,0.760,0.112,0.250,0.283,0.057
844,657,613,0.000,0.646,0.639,0.752,0.762,0.116,0.239,0.294,0.067,784,657,0.000,0.646,0.632,0.744,0.759,0.114,0.240,0.297,0.071,807.000,784.000,0.000,0.647,0.635,0.739,0.761,0.106,0.247,0.288,0.076,832.000,830.000,0.000,0.637,0.659,0.733,0.760,0.112,0.250,0.283,0.057
845,657,613,0.000,0.646,0.639,0.752,0.762,0.116,0.239,0.294,0.067,784,657,0.000,0.646,0.632,0.744,0.759,0.114,0.240,0.297,0.071,807.000,784.000,0.000,0.647,0.635,0.739,0.761,0.106,0.247,0.288,0.076,832.000,830.000,0.000,0.637,0.659,0.733,0.760,0.112,0.250,0.283,0.057
846,657,613,0.000,0.646,0.639,0.752,0.762,0.116,0.239,0.294,0.067,784,657,0.000,0.646,0.632,0.744,0.759,0.114,0.240,0.297,0.071,807.000,784.000,0.000,0.647,0.635,0.739,0.761,0.106,0.247,0.288,0.076,834.000,807.000,0.000,0.644,0.625,0.749,0.756,0.110,0.246,0.294,0.081
847,657,613,0.000,0.646,0.639,0.752,0.762,0.116,0.239,0.294,0.067,784,657,0.000,0.646,0.632,0.744,0.759,0.114,0.240,0.297,0.071,807.000,784.000,0.000,0.647,0.635,0.739,0.761,0.106,0.247,0.288,0.076,834.000,807.000,0.000,0.644,0.625,0.749,0.756,0.110,0.246,0.294,0.081
848,657,613,0.000,0.646,0.639,0.752,0.762,0.116,0.239,0.294,0.067,784,657,0.000,0.646,0.632,0.744,0.759,0.114,0.240,0.297,0.071,807.000,784.000,0.000,0.647,0.635,0.739,0.761,0.106,0.247,0.288,0.076,834.000,807.000,0.000,0.644,0.625,0.749,0.756,0.110,0.246,0.294,0.081
849,657,613,0.000,0.646,0.639,0.752,0.762,0.116,0.239,0.294,0.067,784,657,0.000,0.646,0.632,0.744,0.759,0.114,0.240,0.297,0.071,807.000,784.000,0.000,0.647,0.635,0.739,0.761,0.106,0.247,0.288,0.076,834.000,807.000,0.000,0.644,0.625,0.749,0.756,0.110,0.246,0.294,0.081
850,657,613,0.000,0.646,0.639,0.752,0.762,0.116,0.239,0.294,0.067,784,657,0.000,0.646,0.632,0.744,0.759,0.114,0.240,0.297,0.071,807.000,784.000,0.000,0.647,0.635,0.739,0.761,0.106,0.247,0.288,0.076,834.000,807.000,0.000,0.644,0.625,0.749,0.756,0.110,0.246,0.294,0.081
851,657,613,0.000,0.646,0.639,0.752,0.762,0.116,0.239,0.294,0.067,784,657,0.000,0.646,0.632,0.744,0.759,0.114,0.240,0.297,0.071,807.000,784.000,0.000,0.647,0.635,0.739,0.761,0.106,0.247,0.288,0.076,834.000,807.000,0.000,0.644,0.625,0.749,0.756,0.110,0.246,0.294,0.081
852,657,613,0.000,0.646,0.639,0.752,0.762,0.116,0.239,0.294,0.067,784,657,0.000,0.646,0.632,0.744,0.759,0.114,0.240,0.297,0.071,807.000,784.000,0.000,0.647,0.635,0.739,0.761,0.106,0.247,0.288,0.076,834.000,807.000,0.000,0.644,0.625,0.749,0.756,0.110,0.246,0.294,0.081
853,657,613,0.000,0.646,0.639,0.752,0.762,0.116,0.239,0.294,0.067,784,657,0.000,0.646,0.632,0.744,0.759,0.114,0.240,0.297,0.071,807.000,784.000,0.000,0.647,0.635,0.739,0.761,0.106,0.247,0.288,0.076,834.000,807.000,0.000,0.644,0.625,0.749,0.756,0.110,0.246,0.294,0.081
854,657,613,0.000,0.646,0.639,0.752,0.762,0.116,0.239,0.294,0.067,784,657,0.000,0.646,0.632,0.744,0.759,0.114,0.240,0.297,0.071,807.000,784.000,0.000,0.647,0.635,0.739,0.761,0.106,0.247,0.288,0.076,834.000,807.000,0.000,0.644,0.625,0.749,0.756,0.110,0.246,0.294,0.081
855,657,613,0.000,0.646,0.639,0.752,0.762,0.116,0.239,0.294,0.067,784,657,0.000,0.646,0.632,0.744,0.759,0.114,0.240,0.297,0.071,807.000,784.000,0.000,0.647,0.635,0.739,0.761,0.106,0.247,0.288,0.076,834.000,807.000,0.000,0.644,0.625,0.749,0.756,0.110,0.246,0.294,0.081
856,657,613,0.000,0.646,0.639,0.752,0.762,0.116,0.239,0.294,0.067,784,657,0.000,0.646,0.632,0.744,0.759,0.114,0.240,0.297,0.071,807.000,784.000,0.000,0.647,0.635,0.739,0.761,0.106,0.247,0.288,0.076,834.000,807.000,0.000,0.644,0.625,0.749,0.756,0.110,0.246,0.294,0.081
857,657,613,0.000,0.646,0.639,0.752,0.762,0.116,0.239,0.294,0.067,784,657,0.000,0.646,0.632,0.744,0.759,0.114,0.240,0.297,0.071,834.000,807.000,0.000,0.644,0.625,0.749,0.756,0.110,0.246,0.294,0.081,843.000,834.000,0.000,0.652,0.632,0.741,0.747,0.111,0.238,0.296,0.073
858,657,613,0.000,0.646,0.639,0.752,0.762,0.116,0.239,0.294,0.067,784,657,0.000,0.646,0.632,0.744,0.759,0.114,0.240,0.297,0.071,834.000,807.000,0.000,0.644,0.625,0.749,0.756,0.110,0.246,0.294,0.081,843.000,834.000,0.000,0.652,0.632,0.741,0.747,0.111,0.238,0.296,0.073
859,657,613,0.000,0.646,0.639,0.752,0.762,0.116,0.239,0.294,0.067,784,657,0.000,0.646,0.632,0.744,0.759,0.114,0.240,0.297,0.071,834.000,807.000,0.000,0.644,0.625,0.749,0.756,0.110,0.246,0.294,0.081,849.000,657.000,0.000,0.645,0.636,0.753,0.764,0.106,0.249,0.286,0.078
860,657,613,0.000,0.646,0.639,0.752,0.762,0.116,0.239,0.294,0.067,784,657,0.000,0.646,0.632,0.744,0.759,0.114,0.240,0.297,0.071,834.000,807.000,0.000,0.644,0.625,0.749,0.756,0.110,0.246,0.294,0.081,849.000,657.000,0.000,0.645,0.636,0.753,0.764,0.106,0.249,0.286,0.078
861,657,613,0.000,0.646,0.639,0.752,0.762,0.116,0.239,0.294,0.067,784,657,0.000,0.646,0.632,0.744,0.759,0.114,0.240,0.297,0.071,834.000,807.000,0.000,0.644,0.625,0.749,0.756,0.110,0.246,0.294,0.081,849.000,657.000,0.000,0.645,0.636,0.753,0.764,0.106,0.249,0.286,0.078
862,657,613,0.000,0.646,0.639,0.752,0.762,0.116,0.239,0.294,0.067,784,657,0.000,0.646,0.632,0.744,0.759,0.114,0.240,0.297,0.071,849.000,657.000,0.000,0.645,0.636,0.753,0.764,0.106,0.249,0.286,0.078,850.000,784.000,0.000,0.632,0.622,0.746,0.764,0.123,0.244,0.298,0.080
863,657,613,0.000,0.646,0.639,0.752,0.762,0.116,0.239,0.294,0.067,784,657,0.000,0.646,0.632,0.744,0.759,0.114,0.240,0.297,0.071,849.000,657.000,0.000,0.645,0.636,0.753,0.764,0.106,0.249,0.286,0.078,850.000,784.000,0.000,0.632,0.622,0.746,0.764,0.123,0.244,0.298,0.080
864,657,613,0.000,0.646,0.639,0.752,0.762,0.116,0.239,0.294,0.067,784,657,0.000,0.646,0.632,0.744,0.759,0.114,0.240,0.297,0.071,849.000,657.000,0.000,0.645,0.636,0.753,0.764,0.106,0.249,0.286,0.078,850.000,784.000,0.000,0.632,0.622,0.746,0.764,0.123,0.244,0.298,0.080
865,657,613,0.000,0.646,0.639,0.752,0.762,0.116,0.239,0.294,0.067,784,657,0.000,0.646,0.632,0.744,0.759,0.114,0.240,0.297,0.071,849.000,657.000,0.000,0.645,0.636,0.753,0.764,0.106,0.249,0.286,0.078,853.000,849.000,0.001,0.645,0.639,0.754,0.762,0.116,0.239,0.288,0.073
866,657,613,0.000,0.646,0.639,0.752,0.762,0.116,0.239,0.294,0.067,784,657,0.000,0.646,0.632,0.744,0.759,0.114,0.240,0.297,0.071,849.000,657.000,0.000,0.645,0.636,0.753,0.764,0.106,0.249,0.286,0.078,853.000,849.000,0.001,0.645,0.639,0.754,0.762,0.116,0.239,0.288,0.073
867,657,613,0.000,0.646,0.639,0.752,0.762,0.116,0.239,0.294,0.067,784,657,0.000,0.646,0.632,0.744,0.759,0.114,0.240,0.297,0.071,849.000,657.000,0.000,0.645,0.636,0.753,0.764,0.106,0.249,0.286,0.078,853.000,849.000,0.001,0.645,0.639,0.754,0.762,0.116,0.239,0.288,0.073
868,657,613,0.000,0.646,0.639,0.752,0.762,0.116,0.239,0.294,0.067,784,657,0.000,0.646,0.632,0.744,0.759,0.114,0.240,0.297,0.071,849.000,657.000,0.000,0.645,0.636,0.753,0.764,0.106,0.249,0.286,0.078,853.000,849.000,0.001,0.645,0.639,0.754,0.762,0.116,0.239,0.288,0.073
869,657,613,0.000,0.646,0.639,0.752,0.762,0.116,0.239,0.294,0.067,784,657,0.000,0.646,0.632,0.744,0.759,0.114,0.240,0.297,0.071,849.000,657.000,0.000,0.645,0.636,0.753,0.764,0.106,0.249,0.286,0.078,853.000,849.000,0.001,0.645,0.639,0.754,0.762,0.116,0.239,0.288,0.073
870,657,613,0.000,0.646,0.639,0.752,0.762,0.116,0.239,0.294,0.067,784,657,0.000,0.646,0.632,0.744,0.759,0.114,0.240,0.297,0.071,849.000,657.000,0.000,0.645,0.636,0.753,0.764,0.106,0.249,0.286,0.078,853.000,849.000,0.001,0.645,0.639,0.754,0.762,0.116,0.239,0.288,0.073
871,657,613,0.000,0.646,0.639,0.752,0.762,0.116,0.239,0.294,0.067,784,657,0.000,0.646,0.632,0.744,0.759,0.114,0.240,0.297,0.071,849.000,657.000,0.000,0.645,0.636,0.753,0.764,0.106,0.249,0.286,0.078,853.000,849.000,0.001,0.645,0.639,0.754,0.762,0.116,0.239,0.288,0.073
872,657,613,0.000,0.646,0.639,0.752,0.762,0.116,0.239,0.294,0.067,784,657,0.000,0.646,0.632,0.744,0.759,0.114,0.240,0.297,0.071,849.000,657.000,0.000,0.645,0.636,0.753,0.764,0.106,0.249,0.286,0.078,853.000,849.000,0.001,0.645,0.639,0.754,0.762,0.116,0.239,0.288,0.073
873,657,613,0.000,0.646,0.639,0.752,0.762,0.116,0.239,0.294,0.067,784,657,0.000,0.646,0.632,0.744,0.759,0.114,0.240,0.297,0.071,849.000,657.000,0.000,0.645,0.636,0.753,0.764,0.106,0.249,0.286,0.078,853.000,849.000,0.001,0.645,0.639,0.754,0.762,0.116,0.239,0.288,0.073
874,657,613,0.000,0.646,0.639,0.752,0.762,0.116,0.239,0.294,0.067,784,657,0.000,0.646,0.632,0.744,0.759,0.114,0.240,0.297,0.071,849.000,657.000,0.000,0.645,0.636,0.753,0.764,0.106,0.249,0.286,0.078,853.000,849.000,0.001,0.645,0.639,0.754,0.762,0.116,0.239,0.288,0.073
875,657,613,0.000,0.646,0.639,0.752,0.762,0.116,0.239,0.294,0.067,784,657,0.000,0.646,0.632,0.744,0.759,0.114,0.240,0.297,0.071,849.000,657.000,0.000,0.645,0.636,0.753,0.764,0.106,0.249,0.286,0.078,853.000,849.000,0.001,0.645,0.639,0.754,0.762,0.116,0.239,0.288,0.073
876,657,613,0.000,0.646,0.639,0.752,0.762,0.116,0.239,0.294,0.067,784,657,0.000,0.646,0.632,0.744,0.759,0.114,0.240,0.297,0.071,849.000,657.000,0.000,0.645,0.636,0.753,0.764,0.106,0.249,0.286,0.078,853.000,849.000,0.001,0.645,0.639,0.754,0.762,0.116,0.239,0.288,0.073
877,657,613,0.000,0.646,0.639,0.752,0.762,0.116,0.239,0.294,0.067,784,657,0.000,0.646,0.632,0.744,0.759,0.114,0.240,0.297,0.071,849.000,657.000,0.000,0.645,0.636,0.753,0.764,0.106,0.249,0.286,0.078,853.000,849.000,0.001,0.645,0.639,0.754,0.762,0.116,0.239,0.288,0.073
878,657,613,0.000,0.646,0.639,0.752,0.762,0.116,0.239,0.294,0.067,784,657,0.000,0.646,0.632,0.744,0.759,0.114,0.240,0.297,0.071,849.000,657.000,0.000,0.645,0.636,0.753,0.764,0.106,0.249,0.286,0.078,853.000,849.000,0.001,0.645,0.639,0.754,0.762,0.116,0.239,0.288,0.073
879,657,613,0.000,0.646,0.639,0.752,0.762,0.116,0.239,0.294,0.067,784,657,0.000,0.646,0.632,0.744,0.759,0.114,0.240,0.297,0.071,849.000,657.000,0.000,0.645,0.636,0.753,0.764,0.106,0.249,0.286,0.078,862.000,784.000,0.000,0.640,0.648,0.753,0.763,0.110,0.250,0.286,0.066
880,657,613,0.000,0.646,0.639,0.752,0.762,0.116,0.239,0.294,0.067,784,657,0.000,0.646,0.632,0.744,0.759,0.114,0.240,0.297,0.071,849.000,657.000,0.000,0.645,0.636,0.753,0.764,0.106,0.249,0.286,0.078,862.000,784.000,0.000,0.640,0.648,0.753,0.763,0.110,0.250,0.286,0.066
881,657,613,0.000,0.646,0.639,0.752,0.762,0.116,0.239,0.294,0.067,784,657,0.000,0.646,0.632,0.744,0.759,0.114,0.240,0.297,0.071,849.000,657.000,0.000,0.645,0.636,0.753,0.764,0.106,0.249,0.286,0.078,862.000,784.000,0.000,0.640,0.648,0.753,0.763,0.110,0.250,0.286,0.066
882,657,613,0.000,0.646,0.639,0.752,0.762,0.116,0.239,0.294,0.067,784,657,0.000,0.646,0.632,0.744,0.759,0.114,0.240,0.297,0.071,849.000,657.000,0.000,0.645,0.636,0.753,0.764,0.106,0.249,0.286,0.078,862.000,784.000,0.000,0.640,0.648,0.753,0.763,0.110,0.250,0.286,0.066
883,657,613,0.000,0.646,0.639,0.752,0.762,0.116,0.239,0.294,0.067,784,657,0.000,0.646,0.632,0.744,0.759,0.114,0.240,0.297,0.071,849.000,657.000,0.000,0.645,0.636,0.753,0.764,0.106,0.249,0.286,0.078,862.000,784.000,0.000,0.640,0.648,0.753,0.763,0.110,0.250,0.286,0.066
884,657,613,0.000,0.646,0.639,0.752,0.762,0.116,0.239,0.294,0.067,784,657,0.000,0.646,0.632,0.744,0.759,0.114,0.240,0.297,0.071,849.000,657.000,0.000,0.645,0.636,0.753,0.764,0.106,0.249,0.286,0.078,862.000,784.000,0.000,0.640,0.648,0.753,0.763,0.110,0.250,0.286,0.066
885,657,613,0.000,0.646,0.639,0.752,0.762,0.116,0.239,0.294,0.067,784,657,0.000,0.646,0.632,0.744,0.759,0.114,0.240,0.297,0.071,849.000,657.000,0.000,0.645,0.636,0.753,0.764,0.106,0.249,0.286,0.078,862.000,784.000,0.000,0.640,0.648,0.753,0.763,0.110,0.250,0.286,0.066
886,657,613,0.000,0.646,0.639,0.752,0.762,0.116,0.239,0.294,0.067,784,657,0.000,0.646,0.632,0.744,0.759,0.114,0.240,0.297,0.071,849.000,657.000,0.000,0.645,0.636,0.753,0.764,0.106,0.249,0.286,0.078,862.000,784.000,0.000,0.640,0.648,0.753,0.763,0.110,0.250,0.286,0.066
887,657,613,0.000,0.646,0.639,0.752,0.762,0.116,0.239,0.294,0.067,784,657,0.000,0.646,0.632,0.744,0.759,0.114,0.240,0.297,0.071,849.000,657.000,0.000,0.645,0.636,0.753,0.764,0.106,0.249,0.286,0.078,862.000,784.000,0.000,0.640,0.648,0.753,0.763,0.110,0.250,0.286,0.066
888,657,613,0.000,0.646,0.639,0.752,0.762,0.116,0.239,0.294,0.067,784,657,0.000,0.646,0.632,0.744,0.759,0.114,0.240,0.297,0.071,849.000,657.000,0.000,0.645,0.636,0.753,0.764,0.106,0.249,0.286,0.078,862.000,784.000,0.000,0.640,0.648,0.753,0.763,0.110,0.250,0.286,0.066
889,657,613,0.000,0.646,0.639,0.752,0.762,0.116,0.239,0.294,0.067,784,657,0.000,0.646,0.632,0.744,0.759,0.114,0.240,0.297,0.071,849.000,657.000,0.000,0.645,0.636,0.753,0.764,0.106,0.249,0.286,0.078,862.000,784.000,0.000,0.640,0.648,0.753,0.763,0.110,0.250,0.286,0.066
890,657,613,0.000,0.646,0.639,0.752,0.762,0.116,0.239,0.294,0.067,784,657,0.000,0.646,0.632,0.744,0.759,0.114,0.240,0.297,0.071,849.000,657.000,0.000,0.645,0.636,0.753,0.764,0.106,0.249,0.286,0.078,862.000,784.000,0.000,0.640,0.648,0.753,0.763,0.110,0.250,0.286,0.066
891,657,613,0.000,0.646,0.639,0.752,0.762,0.116,0.239,0.294,0.067,784,657,0.000,0.646,0.632,0.744,0.759,0.114,0.240,0.297,0.071,849.000,657.000,0.000,0.645,0.636,0.753,0.764,0.106,0.249,0.286,0.078,862.000,784.000,0.000,0.640,0.648,0.753,0.763,0.110,0.250,0.286,0.066
892,657,613,0.000,0.646,0.639,0.752,0.762,0.116,0.239,0.294,0.067,784,657,0.000,0.646,0.632,0.744,0.759,0.114,0.240,0.297,0.071,849.000,657.000,0.000,0.645,0.636,0.753,0.764,0.106,0.249,0.286,0.078,862.000,784.000,0.000,0.640,0.648,0.753,0.763,0.110,0.250,0.286,0.066
893,657,613,0.000,0.646,0.639,0.752,0.762,0.116,0.239,0.294,0.067,784,657,0.000,0.646,0.632,0.744,0.759,0.114,0.240,0.297,0.071,849.000,657.000,0.000,0.645,0.636,0.753,0.764,0.106,0.249,0.286,0.078,862.000,784.000,0.000,0.640,0.648,0.753,0.763,0.110,0.250,0.286,0.066
894,657,613,0.000,0.646,0.639,0.752,0.762,0.116,0.239,0.294,0.067,784,657,0.000,0.646,0.632,0.744,0.759,0.114,0.240,0.297,0.071,849.000,657.000,0.000,0.645,0.636,0.753,0.764,0.106,0.249,0.286,0.078,862.000,784.000,0.000,0.640,0.648,0.753,0.763,0.110,0.250,0.286,0.066
895,657,613,0.000,0.646,0.639,0.752,0.762,0.116,0.239,0.294,0.067,784,657,0.000,0.646,0.632,0.744,0.759,0.114,0.240,0.297,0.071,849.000,657.000,0.000,0.645,0.636,0.753,0.764,0.106,0.249,0.286,0.078,862.000,784.000,0.000,0.640,0.648,0.753,0.763,0.110,0.250,0.286,0.066
896,657,613,0.000,0.646,0.639,0.752,0.762,0.116,0.239,0.294,0.067,784,657,0.000,0.646,0.632,0.744,0.759,0.114,0.240,0.297,0.071,862.000,784.000,0.000,0.640,0.648,0.753,0.763,0.110,0.250,0.286,0.066,874.000,849.000,0.000,0.641,0.637,0.750,0.763,0.106,0.253,0.291,0.072
897,657,613,0.000,0.646,0.639,0.752,0.762,0.116,0.239,0.294,0.067,784,657,0.000,0.646,0.632,0.744,0.759,0.114,0.240,0.297,0.071,862.000,784.000,0.000,0.640,0.648,0.753,0.763,0.110,0.250,0.286,0.066,874.000,849.000,0.000,0.641,0.637,0.750,0.763,0.106,0.253,0.291,0.072
898,657,613,0.000,0.646,0.639,0.752,0.762,0.116,0.239,0.294,0.067,784,657,0.000,0.646,0.632,0.744,0.759,0.114,0.240,0.297,0.071,862.000,784.000,0.000,0.640,0.648,0.753,0.763,0.110,0.250,0.286,0.066,874.000,849.000,0.000,0.641,0.637,0.750,0.763,0.106,0.253,0.291,0.072
899,657,613,0.000,0.646,0.639,0.752,0.762,0.116,0.239,0.294,0.067,784,657,0.000,0.646,0.632,0.744,0.759,0.114,0.240,0.297,0.071,862.000,784.000,0.000,0.640,0.648,0.753,0.763,0.110,0.250,0.286,0.066,874.000,849.000,0.000,0.641,0.637,0.750,0.763,0.106,0.253,0.291,0.072
900,657,613,0.000,0.646,0.639,0.752,0.762,0.116,0.239,0.294,0.067,784,657,0.000,0.646,0.632,0.744,0.759,0.114,0.240,0.297,0.071,862.000,784.000,0.000,0.640,0.648,0.753,0.763,0.110,0.250,0.286,0.066,874.000,849.000,0.000,0.641,0.637,0.750,0.763,0.106,0.253,0.291,0.072
901,657,613,0.000,0.646,0.639,0.752,0.762,0.116,0.239,0.294,0.067,784,657,0.000,0.646,0.632,0.744,0.759,0.114,0.240,0.297,0.071,862.000,784.000,0.000,0.640,0.648,0.753,0.763,0.110,0.250,0.286,0.066,874.000,849.000,0.000,0.641,0.637,0.750,0.763,0.106,0.253,0.291,0.072
902,657,613,0.000,0.646,0.639,0.752,0.762,0.116,0.239,0.294,0.067,784,657,0.000,0.646,0.632,0.744,0.759,0.114,0.240,0.297,0.071,862.000,784.000,0.000,0.640,0.648,0.753,0.763,0.110,0.250,0.286,0.066,874.000,849.000,0.000,0.641,0.637,0.750,0.763,0.106,0.253,0.291,0.072
903,657,613,0.000,0.646,0.639,0.752,0.762,0.116,0.239,0.294,0.067,784,657,0.000,0.646,0.632,0.744,0.759,0.114,0.240,0.297,0.071,862.000,784.000,0.000,0.640,0.648,0.753,0.763,0.110,0.250,0.286,0.066,874.000,849.000,0.000,0.641,0.637,0.750,0.763,0.106,0.253,0.291,0.072
904,657,613,0.000,0.646,0.639,0.752,0.762,0.116,0.239,0.294,0.067,784,657,0.000,0.646,0.632,0.744,0.759,0.114,0.240,0.297,0.071,862.000,784.000,0.000,0.640,0.648,0.753,0.763,0.110,0.250,0.286,0.066,874.000,849.000,0.000,0.641,0.637,0.750,0.763,0.106,0.253,0.291,0.072
905,657,613,0.000,0.646,0.639,0.752,0.762,0.116,0.239,0.294,0.067,784,657,0.000,0.646,0.632,0.744,0.759,0.114,0.240,0.297,0.071,862.000,784.000,0.000,0.640,0.648,0.753,0.763,0.110,0.250,0.286,0.066,874.000,849.000,0.000,0.641,0.637,0.750,0.763,0.106,0.253,0.291,0.072
906,657,613,0.000,0.646,0.639,0.752,0.762,0.116,0.239,0.294,0.067,784,657,0.000,0.646,0.632,0.744,0.759,0.114,0.240,0.297,0.071,862.000,784.000,0.000,0.640,0.648,0.753,0.763,0.110,0.250,0.286,0.066,874.000,849.000,0.000,0.641,0.637,0.750,0.763,0.106,0.253,0.291,0.072
907,657,613,0.000,0.646,0.639,0.752,0.762,0.116,0.239,0.294,0.067,784,657,0.000,0.646,0.632,0.744,0.759,0.114,0.240,0.297,0.071,862.000,784.000,0.000,0.640,0.648,0.753,0.763,0.110,0.250,0.286,0.066,874.000,849.000,0.000,0.641,0.637,0.750,0.763,0.106,0.253,0.291,0.072
908,657,613,0.000,0.646,0.639,0.752,0.762,0.116,0.239,0.294,0.067,784,657,0.000,0.646,0.632,0.744,0.759,0.114,0.240,0.297,0.071,862.000,784.000,0.000,0.640,0.648,0.753,0.763,0.110,0.250,0.286,0.066,874.000,849.000,0.000,0.641,0.637,0.750,0.763,0.106,0.253,0.291,0.072
909,657,613,0.000,0.646,0.639,0.752,0.762,0.116,0.239,0.294,0.067,784,657,0.000,0.646,0.632,0.744,0.759,0.114,0.240,0.297,0.071,862.000,784.000,0.000,0.640,0.648,0.753,0.763,0.110,0.250,0.286,0.066,874.000,849.000,0.000,0.641,0.637,0.750,0.763,0.106,0.253,0.291,0.072
910,657,613,0.000,0.646,0.639,0.752,0.762,0.116,0.239,0.294,0.067,784,657,0.000,0.646,0.632,0.744,0.759,0.114,0.240,0.297,0.071,862.000,784.000,0.000,0.640,0.648,0.753,0.763,0.110,0.250,0.286,0.066,874.000,849.000,0.000,0.641,0.637,0.750,0.763,0.106,0.253,0.291,0.072
911,657,613,0.000,0.646,0.639,0.752,0.762,0.116,0.239,0.294,0.067,784,657,0.000,0.646,0.632,0.744,0.759,0.114,0.240,0.297,0.071,862.000,784.000,0.000,0.640,0.648,0.753,0.763,0.110,0.250,0.286,0.066,877.000,868.000,0.000,0.660,0.651,0.747,0.764,0.114,0.225,0.288,0.061
912,657,613,0.000,0.646,0.639,0.752,0.762,0.116,0.239,0.294,0.067,784,657,0.000,0.646,0.632,0.744,0.759,0.114,0.240,0.297,0.071,862.000,784.000,0.000,0.640,0.648,0.753,0.763,0.110,0.250,0.286,0.066,877.000,868.000,0.000,0.660,0.651,0.747,0.764,0.114,0.225,0.288,0.061
913,657,613,0.000,0.646,0.639,0.752,0.762,0.116,0.239,0.294,0.067,784,657,0.000,0.646,0.632,0.744,0.759,0.114,0.240,0.297,0.071,862.000,784.000,0.000,0.640,0.648,0.753,0.763,0.110,0.250,0.286,0.066,877.000,868.000,0.000,0.660,0.651,0.747,0.764,0.114,0.225,0.288,0.061
914,657,613,0.000,0.646,0.639,0.752,0.762,0.116,0.239,0.294,0.067,784,657,0.000,0.646,0.632,0.744,0.759,0.114,0.240,0.297,0.071,862.000,784.000,0.000,0.640,0.648,0.753,0.763,0.110,0.250,0.286,0.066,877.000,868.000,0.000,0.660,0.651,0.747,0.764,0.114,0.225,0.288,0.061
915,657,613,0.000,0.646,0.639,0.752,0.762,0.116,0.239,0.294,0.067,862,784,0.000,0.640,0.648,0.753,0.763,0.110,0.250,0.286,0.066,877.000,868.000,0.000,0.660,0.651,0.747,0.764,0.114,0.225,0.288,0.061,891.000,862.000,0.000,0.643,0.663,0.751,0.772,0.109,0.248,0.274,0.063
916,657,613,0.000,0.646,0.639,0.752,0.762,0.116,0.239,0.294,0.067,862,784,0.000,0.640,0.648,0.753,0.763,0.110,0.250,0.286,0.066,877.000,868.000,0.000,0.660,0.651,0.747,0.764,0.114,0.225,0.288,0.061,891.000,862.000,0.000,0.643,0.663,0.751,0.772,0.109,0.248,0.274,0.063
917,657,613,0.000,0.646,0.639,0.752,0.762,0.116,0.239,0.294,0.067,862,784,0.000,0.640,0.648,0.753,0.763,0.110,0.250,0.286,0.066,877.000,868.000,0.000,0.660,0.651,0.747,0.764,0.114,0.225,0.288,0.061,891.000,862.000,0.000,0.643,0.663,0.751,0.772,0.109,0.248,0.274,0.063
918,657,613,0.000,0.646,0.639,0.752,0.762,0.116,0.239,0.294,0.067,877,868,0.000,0.660,0.651,0.747,0.764,0.114,0.225,0.288,0.061,908.000,874.000,0.000,0.638,0.652,0.750,0.760,0.101,0.260,0.282,0.066,911.000,900.000,0.000,0.655,0.634,0.749,0.755,0.107,0.238,0.289,0.077
919,657,613,0.000,0.646,0.639,0.752,0.762,0.116,0.239,0.294,0.067,877,868,0.000,0.660,0.651,0.747,0.764,0.114,0.225,0.288,0.061,908.000,874.000,0.000,0.638,0.652,0.750,0.760,0.101,0.260,0.282,0.066,911.000,900.000,0.000,0.655,0.634,0.749,0.755,0.107,0.238,0.289,0.077
920,657,613,0.000,0.646,0.639,0.752,0.762,0.116,0.239,0.294,0.067,877,868,0.000,0.660,0.651,0.747,0.764,0.114,0.225,0.288,0.061,908.000,874.000,0.000,0.638,0.652,0.750,0.760,0.101,0.260,0.282,0.066,911.000,900.000,0.000,0.655,0.634,0.749,0.755,0.107,0.238,0.289,0.077
921,657,613,0.000,0.646,0.639,0.752,0.762,0.116,0.239,0.294,0.067,877,868,0.000,0.660,0.651,0.747,0.764,0.114,0.225,0.288,0.061,908.000,874.000,0.000,0.638,0.652,0.750,0.760,0.101,0.260,0.282,0.066,911.000,900.000,0.000,0.655,0.634,0.749,0.755,0.107,0.238,0.289,0.077
922,657,613,0.000,0.646,0.639,0.752,0.762,0.116,0.239,0.294,0.067,877,868,0.000,0.660,0.651,0.747,0.764,0.114,0.225,0.288,0.061,908.000,874.000,0.000,0.638,0.652,0.750,0.760,0.101,0.260,0.282,0.066,911.000,900.000,0.000,0.655,0.634,0.749,0.755,0.107,0.238,0.289,0.077
923,657,613,0.000,0.646,0.639,0.752,0.762,0.116,0.239,0.294,0.067,877,868,0.000,0.660,0.651,0.747,0.764,0.114,0.225,0.288,0.061,908.000,874.000,0.000,0.638,0.652,0.750,0.760,0.101,0.260,0.282,0.066,911.000,900.000,0.000,0.655,0.634,0.749,0.755,0.107,0.238,0.289,0.077
924,657,613,0.000,0.646,0.639,0.752,0.762,0.116,0.239,0.294,0.067,877,868,0.000,0.660,0.651,0.747,0.764,0.114,0.225,0.288,0.061,908.000,874.000,0.000,0.638,0.652,0.750,0.760,0.101,0.260,0.282,0.066,911.000,900.000,0.000,0.655,0.634,0.749,0.755,0.107,0.238,0.289,0.077
925,657,613,0.000,0.646,0.639,0.752,0.762,0.116,0.239,0.294,0.067,877,868,0.000,0.660,0.651,0.747,0.764,0.114,0.225,0.288,0.061,908.000,874.000,0.000,0.638,0.652,0.750,0.760,0.101,0.260,0.282,0.066,911.000,900.000,0.000,0.655,0.634,0.749,0.755,0.107,0.238,0.289,0.077
926,657,613,0.000,0.646,0.639,0.752,0.762,0.116,0.239,0.294,0.067,877,868,0.000,0.660,0.651,0.747,0.764,0.114,0.225,0.288,0.061,908.000,874.000,0.000,0.638,0.652,0.750,0.760,0.101,0.260,0.282,0.066,911.000,900.000,0.000,0.655,0.634,0.749,0.755,0.107,0.238,0.289,0.077
927,657,613,0.000,0.646,0.639,0.752,0.762,0.116,0.239,0.294,0.067,877,868,0.000,0.660,0.651,0.747,0.764,0.114,0.225,0.288,0.061,924.000,911.000,0.000,0.654,0.644,0.746,0.759,0.103,0.242,0.287,0.069,928.000,908.000,0.000,0.640,0.653,0.760,0.750,0.100,0.260,0.281,0.066
928,657,613,0.000,0.646,0.639,0.752,0.762,0.116,0.239,0.294,0.067,877,868,0.000,0.660,0.651,0.747,0.764,0.114,0.225,0.288,0.061,924.000,911.000,0.000,0.654,0.644,0.746,0.759,0.103,0.242,0.287,0.069,928.000,908.000,0.000,0.640,0.653,0.760,0.750,0.100,0.260,0.281,0.066
929,657,613,0.000,0.646,0.639,0.752,0.762,0.116,0.239,0.294,0.067,877,868,0.000,0.660,0.651,0.747,0.764,0.114,0.225,0.288,0.061,924.000,911.000,0.000,0.654,0.644,0.746,0.759,0.103,0.242,0.287,0.069,928.000,908.000,0.000,0.640,0.653,0.760,0.750,0.100,0.260,0.281,0.066
930,657,613,0.000,0.646,0.639,0.752,0.762,0.116,0.239,0.294,0.067,877,868,0.000,0.660,0.651,0.747,0.764,0.114,0.225,0.288,0.061,924.000,911.000,0.000,0.654,0.644,0.746,0.759,0.103,0.242,0.287,0.069,928.000,908.000,0.000,0.640,0.653,0.760,0.750,0.100,0.260,0.281,0.066
931,657,613,0.000,0.646,0.639,0.752,0.762,0.116,0.239,0.294,0.067,877,868,0.000,0.660,0.651,0.747,0.764,0.114,0.225,0.288,0.061,924.000,911.000,0.000,0.654,0.644,0.746,0.759,0.103,0.242,0.287,0.069,929.000,924.000,0.000,0.669,0.636,0.739,0.764,0.086,0.245,0.286,0.077
932,657,613,0.000,0.646,0.639,0.752,0.762,0.116,0.239,0.294,0.067,877,868,0.000,0.660,0.651,0.747,0.764,0.114,0.225,0.288,0.061,924.000,911.000,0.000,0.654,0.644,0.746,0.759,0.103,0.242,0.287,0.069,931.000,930.000,0.000,0.667,0.626,0.743,0.778,0.097,0.235,0.302,0.072
933,657,613,0.000,0.646,0.639,0.752,0.762,0.116,0.239,0.294,0.067,877,868,0.000,0.660,0.651,0.747,0.764,0.114,0.225,0.288,0.061,924.000,911.000,0.000,0.654,0.644,0.746,0.759,0.103,0.242,0.287,0.069,931.000,930.000,0.000,0.667,0.626,0.743,0.778,0.097,0.235,0.302,0.072
934,657,613,0.000,0.646,0.639,0.752,0.762,0.116,0.239,0.294,0.067,877,868,0.000,0.660,0.651,0.747,0.764,0.114,0.225,0.288,0.061,924.000,911.000,0.000,0.654,0.644,0.746,0.759,0.103,0.242,0.287,0.069,935.000,934.000,0.003,0.674,0.629,0.732,0.778,0.092,0.233,0.312,0.059
935,657,613,0.000,0.646,0.639,0.752,0.762,0.116,0.239,0.294,0.067,877,868,0.000,0.660,0.651,0.747,0.764,0.114,0.225,0.288,0.061,924.000,911.000,0.000,0.654,0.644,0.746,0.759,0.103,0.242,0.287,0.069,936.000,924.000,0.000,0.658,0.641,0.753,0.752,0.099,0.242,0.282,0.077
936,657,613,0.000,0.646,0.639,0.752,0.762,0.116,0.239,0.294,0.067,877,868,0.000,0.660,0.651,0.747,0.764,0.114,0.225,0.288,0.061,924.000,911.000,0.000,0.654,0.644,0.746,0.759,0.103,0.242,0.287,0.069,936.000,924.000,0.000,0.658,0.641,0.753,0.752,0.099,0.242,0.282,0.077
937,657,613,0.000,0.646,0.639,0.752,0.762,0.116,0.239,0.294,0.067,877,868,0.000,0.660,0.651,0.747,0.764,0.114,0.225,0.288,0.061,924.000,911.000,0.000,0.654,0.644,0.746,0.759,0.103,0.242,0.287,0.069,936.000,924.000,0.000,0.658,0.641,0.753,0.752,0.099,0.242,0.282,0.077
938,657,613,0.000,0.646,0.639,0.752,0.762,0.116,0.239,0.294,0.067,877,868,0.000,0.660,0.651,0.747,0.764,0.114,0.225,0.288,0.061,924.000,911.000,0.000,0.654,0.644,0.746,0.759,0.103,0.242,0.287,0.069,936.000,924.000,0.000,0.658,0.641,0.753,0.752,0.099,0.242,0.282,0.077
939,657,613,0.000,0.646,0.639,0.752,0.762,0.116,0.239,0.294,0.067,877,868,0.000,0.660,0.651,0.747,0.764,0.114,0.225,0.288,0.061,924.000,911.000,0.000,0.654,0.644,0.746,0.759,0.103,0.242,0.287,0.069,936.000,924.000,0.000,0.658,0.641,0.753,0.752,0.099,0.242,0.282,0.077
940,657,613,0.000,0.646,0.639,0.752,0.762,0.116,0.239,0.294,0.067,877,868,0.000,0.660,0.651,0.747,0.764,0.114,0.225,0.288,0.061,924.000,911.000,0.000,0.654,0.644,0.746,0.759,0.103,0.242,0.287,0.069,936.000,924.000,0.000,0.658,0.641,0.753,0.752,0.099,0.242,0.282,0.077
941,657,613,0.000,0.646,0.639,0.752,0.762,0.116,0.239,0.294,0.067,877,868,0.000,0.660,0.651,0.747,0.764,0.114,0.225,0.288,0.061,924.000,911.000,0.000,0.654,0.644,0.746,0.759,0.103,0.242,0.287,0.069,936.000,924.000,0.000,0.658,0.641,0.753,0.752,0.099,0.242,0.282,0.077
942,657,613,0.000,0.646,0.639,0.752,0.762,0.116,0.239,0.294,0.067,877,868,0.000,0.660,0.651,0.747,0.764,0.114,0.225,0.288,0.061,924.000,911.000,0.000,0.654,0.644,0.746,0.759,0.103,0.242,0.287,0.069,936.000,924.000,0.000,0.658,0.641,0.753,0.752,0.099,0.242,0.282,0.077
943,657,613,0.000,0.646,0.639,0.752,0.762,0.116,0.239,0.294,0.067,877,868,0.000,0.660,0.651,0.747,0.764,0.114,0.225,0.288,0.061,924.000,911.000,0.000,0.654,0.644,0.746,0.759,0.103,0.242,0.287,0.069,936.000,924.000,0.000,0.658,0.641,0.753,0.752,0.099,0.242,0.282,0.077
944,657,613,0.000,0.646,0.639,0.752,0.762,0.116,0.239,0.294,0.067,877,868,0.000,0.660,0.651,0.747,0.764,0.114,0.225,0.288,0.061,924.000,911.000,0.000,0.654,0.644,0.746,0.759,0.103,0.242,0.287,0.069,938.000,936.000,0.000,0.648,0.645,0.747,0.756,0.101,0.251,0.283,0.072
945,657,613,0.000,0.646,0.639,0.752,0.762,0.116,0.239,0.294,0.067,877,868,0.000,0.660,0.651,0.747,0.764,0.114,0.225,0.288,0.061,924.000,911.000,0.000,0.654,0.644,0.746,0.759,0.103,0.242,0.287,0.069,938.000,936.000,0.000,0.648,0.645,0.747,0.756,0.101,0.251,0.283,0.072
946,657,613,0.000,0.646,0.639,0.752,0.762,0.116,0.239,0.294,0.067,877,868,0.000,0.660,0.651,0.747,0.764,0.114,0.225,0.288,0.061,924.000,911.000,0.000,0.654,0.644,0.746,0.759,0.103,0.242,0.287,0.069,,,,,,,,,,,
947,657,613,0.000,0.646,0.639,0.752,0.762,0.116,0.239,0.294,0.067,877,868,0.000,0.660,0.651,0.747,0.764,0.114,0.225,0.288,0.061,924.000,911.000,0.000,0.654,0.644,0.746,0.759,0.103,0.242,0.287,0.069,948.000,877.000,0.000,0.662,0.652,0.767,0.766,0.120,0.218,0.291,0.057
948,657,613,0.000,0.646,0.639,0.752,0.762,0.116,0.239,0.294,0.067,924,911,0.000,0.654,0.644,0.746,0.759,0.103,0.242,0.287,0.069,948.000,877.000,0.000,0.662,0.652,0.767,0.766,0.120,0.218,0.291,0.057,949.000,924.000,0.001,0.671,0.644,0.740,0.750,0.094,0.235,0.295,0.061
949,657,613,0.000,0.646,0.639,0.752,0.762,0.116,0.239,0.294,0.067,924,911,0.000,0.654,0.644,0.746,0.759,0.103,0.242,0.287,0.069,948.000,877.000,0.000,0.662,0.652,0.767,0.766,0.120,0.218,0.291,0.057,949.000,924.000,0.001,0.671,0.644,0.740,0.750,0.094,0.235,0.295,0.061
950,657,613,0.000,0.646,0.639,0.752,0.762,0.116,0.239,0.294,0.067,924,911,0.000,0.654,0.644,0.746,0.759,0.103,0.242,0.287,0.069,948.000,877.000,0.000,0.662,0.652,0.767,0.766,0.120,0.218,0.291,0.057,949.000,924.000,0.001,0.671,0.644,0.740,0.750,0.094,0.235,0.295,0.061
951,657,613,0.000,0.646,0.639,0.752,0.762,0.116,0.239,0.294,0.067,924,911,0.000,0.654,0.644,0.746,0.759,0.103,0.242,0.287,0.069,948.000,877.000,0.000,0.662,0.652,0.767,0.766,0.120,0.218,0.291,0.057,949.000,924.000,0.001,0.671,0.644,0.740,0.750,0.094,0.235,0.295,0.061
952,657,613,0.000,0.646,0.639,0.752,0.762,0.116,0.239,0.294,0.067,924,911,0.000,0.654,0.644,0.746,0.759,0.103,0.242,0.287,0.069,948.000,877.000,0.000,0.662,0.652,0.767,0.766,0.120,0.218,0.291,0.057,949.000,924.000,0.001,0.671,0.644,0.740,0.750,0.094,0.235,0.295,0.061
953,657,613,0.000,0.646,0.639,0.752,0.762,0.116,0.239,0.294,0.067,924,911,0.000,0.654,0.644,0.746,0.759,0.103,0.242,0.287,0.069,948.000,877.000,0.000,0.662,0.652,0.767,0.766,0.120,0.218,0.291,0.057,949.000,924.000,0.001,0.671,0.644,0.740,0.750,0.094,0.235,0.295,0.061
954,657,613,0.000,0.646,0.639,0.752,0.762,0.116,0.239,0.294,0.067,924,911,0.000,0.654,0.644,0.746,0.759,0.103,0.242,0.287,0.069,948.000,877.000,0.000,0.662,0.652,0.767,0.766,0.120,0.218,0.291,0.057,949.000,924.000,0.001,0.671,0.644,0.740,0.750,0.094,0.235,0.295,0.061
955,657,613,0.000,0.646,0.639,0.752,0.762,0.116,0.239,0.294,0.067,924,911,0.000,0.654,0.644,0.746,0.759,0.103,0.242,0.287,0.069,951.000,657.000,0.000,0.656,0.620,0.741,0.766,0.108,0.236,0.303,0.077,,,,,,,,,,,
956,657,613,0.000,0.646,0.639,0.752,0.762,0.116,0.239,0.294,0.067,924,911,0.000,0.654,0.644,0.746,0.759,0.103,0.242,0.287,0.069,,,,,,,,,,,,,,,,,,,,,,
957,657,613,0.000,0.646,0.639,0.752,0.762,0.116,0.239,0.294,0.067,924,911,0.000,0.654,0.644,0.746,0.759,0.103,0.242,0.287,0.069,958.000,924.000,0.000,0.644,0.648,0.758,0.753,0.109,0.247,0.284,0.068,,,,,,,,,,,
958,657,613,0.000,0.646,0.639,0.752,0.762,0.116,0.239,0.294,0.067,924,911,0.000,0.654,0.644,0.746,0.759,0.103,0.242,0.287,0.069,958.000,924.000,0.000,0.644,0.648,0.758,0.753,0.109,0.247,0.284,0.068,959.000,924.000,0.012,0.650,0.649,0.747,0.763,0.111,0.239,0.272,0.079
959,657,613,0.000,0.646,0.639,0.752,0.762,0.116,0.239,0.294,0.067,924,911,0.000,0.654,0.644,0.746,0.759,0.103,0.242,0.287,0.069,958.000,924.000,0.000,0.644,0.648,0.758,0.753,0.109,0.247,0.284,0.068,960.000,657.000,0.006,0.638,0.637,0.746,0.757,0.108,0.254,0.297,0.066
960,657,613,0.000,0.646,0.639,0.752,0.762,0.116,0.239,0.294,0.067,924,911,0.000,0.654,0.644,0.746,0.759,0.103,0.242,0.287,0.069,958.000,924.000,0.000,0.644,0.648,0.758,0.753,0.109,0.247,0.284,0.068,961.000,924.000,0.000,0.676,0.633,0.737,0.745,0.094,0.230,0.306,0.061
961,657,613,0.000,0.646,0.639,0.752,0.762,0.116,0.239,0.294,0.067,924,911,0.000,0.654,0.644,0.746,0.759,0.103,0.242,0.287,0.069,958.000,924.000,0.000,0.644,0.648,0.758,0.753,0.109,0.247,0.284,0.068,961.000,924.000,0.000,0.676,0.633,0.737,0.745,0.094,0.230,0.306,0.061
962,657,613,0.000,0.646,0.639,0.752,0.762,0.116,0.239,0.294,0.067,924,911,0.000,0.654,0.644,0.746,0.759,0.103,0.242,0.287,0.069,958.000,924.000,0.000,0.644,0.648,0.758,0.753,0.109,0.247,0.284,0.068,961.000,924.000,0.000,0.676,0.633,0.737,0.745,0.094,0.230,0.306,0.061
963,657,613,0.000,0.646,0.639,0.752,0.762,0.116,0.239,0.294,0.067,924,911,0.000,0.654,0.644,0.746,0.759,0.103,0.242,0.287,0.069,958.000,924.000,0.000,0.644,0.648,0.758,0.753,0.109,0.247,0.284,0.068,962.000,958.000,0.000,0.657,0.644,0.764,0.769,0.104,0.239,0.299,0.057
964,657,613,0.000,0.646,0.639,0.752,0.762,0.116,0.239,0.294,0.067,924,911,0.000,0.654,0.644,0.746,0.759,0.103,0.242,0.287,0.069,958.000,924.000,0.000,0.644,0.648,0.758,0.753,0.109,0.247,0.284,0.068,962.000,958.000,0.000,0.657,0.644,0.764,0.769,0.104,0.239,0.299,0.057
965,657,613,0.000,0.646,0.639,0.752,0.762,0.116,0.239,0.294,0.067,924,911,0.000,0.654,0.644,0.746,0.759,0.103,0.242,0.287,0.069,958.000,924.000,0.000,0.644,0.648,0.758,0.753,0.109,0.247,0.284,0.068,962.000,958.000,0.000,0.657,0.644,0.764,0.769,0.104,0.239,0.299,0.057
966,657,613,0.000,0.646,0.639,0.752,0.762,0.116,0.239,0.294,0.067,924,911,0.000,0.654,0.644,0.746,0.759,0.103,0.242,0.287,0.069,958.000,924.000,0.000,0.644,0.648,0.758,0.753,0.109,0.247,0.284,0.068,962.000,958.000,0.000,0.657,0.644,0.764,0.769,0.104,0.239,0.299,0.057
967,657,613,0.000,0.646,0.639,0.752,0.762,0.116,0.239,0.294,0.067,924,911,0.000,0.654,0.644,0.746,0.759,0.103,0.242,0.287,0.069,958.000,924.000,0.000,0.644,0.648,0.758,0.753,0.109,0.247,0.284,0.068,962.000,958.000,0.000,0.657,0.644,0.764,0.769,0.104,0.239,0.299,0.057
968,657,613,0.000,0.646,0.639,0.752,0.762,0.116,0.239,0.294,0.067,924,911,0.000,0.654,0.644,0.746,0.759,0.103,0.242,0.287,0.069,958.000,924.000,0.000,0.644,0.648,0.758,0.753,0.109,0.247,0.284,0.068,962.000,958.000,0.000,0.657,0.644,0.764,0.769,0.104,0.239,0.299,0.057
969,657,613,0.000,0.646,0.639,0.752,0.762,0.116,0.239,0.294,0.067,924,911,0.000,0.654,0.644,0.746,0.759,0.103,0.242,0.287,0.069,958.000,924.000,0.000,0.644,0.648,0.758,0.753,0.109,0.247,0.284,0.068,962.000,958.000,0.000,0.657,0.644,0.764,0.769,0.104,0.239,0.299,0.057
970,657,613,0.000,0.646,0.639,0.752,0.762,0.116,0.239,0.294,0.067,924,911,0.000,0.654,0.644,0.746,0.759,0.103,0.242,0.287,0.069,958.000,924.000,0.000,0.644,0.648,0.758,0.753,0.109,0.247,0.284,0.068,962.000,958.000,0.000,0.657,0.644,0.764,0.769,0.104,0.239,0.299,0.057
971,657,613,0.000,0.646,0.639,0.752,0.762,0.116,0.239,0.294,0.067,924,911,0.000,0.654,0.644,0.746,0.759,0.103,0.242,0.287,0.069,958.000,924.000,0.000,0.644,0.648,0.758,0.753,0.109,0.247,0.284,0.068,962.000,958.000,0.000,0.657,0.644,0.764,0.769,0.104,0.239,0.299,0.057
972,657,613,0.000,0.646,0.639,0.752,0.762,0.116,0.239,0.294,0.067,924,911,0.000,0.654,0.644,0.746,0.759,0.103,0.242,0.287,0.069,958.000,924.000,0.000,0.644,0.648,0.758,0.753,0.109,0.247,0.284,0.068,962.000,958.000,0.000,0.657,0.644,0.764,0.769,0.104,0.239,0.299,0.057
973,657,613,0.000,0.646,0.639,0.752,0.762,0.116,0.239,0.294,0.067,924,911,0.000,0.654,0.644,0.746,0.759,0.103,0.242,0.287,0.069,958.000,924.000,0.000,0.644,0.648,0.758,0.753,0.109,0.247,0.284,0.068,962.000,958.000,0.000,0.657,0.644,0.764,0.769,0.104,0.239,0.299,0.057
974,657,613,0.000,0.646,0.639,0.752,0.762,0.116,0.239,0.294,0.067,924,911,0.000,0.654,0.644,0.746,0.759,0.103,0.242,0.287,0.069,962.000,958.000,0.000,0.657,0.644,0.764,0.769,0.104,0.239,0.299,0.057,965.000,924.000,0.000,0.666,0.632,0.762,0.753,0.100,0.234,0.297,0.071
975,657,613,0.000,0.646,0.639,0.752,0.762,0.116,0.239,0.294,0.067,924,911,0.000,0.654,0.644,0.746,0.759,0.103,0.242,0.287,0.069,962.000,958.000,0.000,0.657,0.644,0.764,0.769,0.104,0.239,0.299,0.057,965.000,924.000,0.000,0.666,0.632,0.762,0.753,0.100,0.234,0.297,0.071
976,657,613,0.000,0.646,0.639,0.752,0.762,0.116,0.239,0.294,0.067,924,911,0.000,0.654,0.644,0.746,0.759,0.103,0.242,0.287,0.069,962.000,958.000,0.000,0.657,0.644,0.764,0.769,0.104,0.239,0.299,0.057,965.000,924.000,0.000,0.666,0.632,0.762,0.753,0.100,0.234,0.297,0.071
977,657,613,0.000,0.646,0.639,0.752,0.762,0.116,0.239,0.294,0.067,924,911,0.000,0.654,0.644,0.746,0.759,0.103,0.242,0.287,0.069,962.000,958.000,0.000,0.657,0.644,0.764,0.769,0.104,0.239,0.299,0.057,965.000,924.000,0.000,0.666,0.632,0.762,0.753,0.100,0.234,0.297,0.071
978,657,613,0.000,0.646,0.639,0.752,0.762,0.116,0.239,0.294,0.067,924,911,0.000,0.654,0.644,0.746,0.759,0.103,0.242,0.287,0.069,965.000,924.000,0.000,0.666,0.632,0.762,0.753,0.100,0.234,0.297,0.071,970.000,924.000,0.000,0.661,0.645,0.746,0.774,0.105,0.234,0.306,0.049
979,657,613,0.000,0.646,0.639,0.752,0.762,0.116,0.239,0.294,0.067,924,911,0.000,0.654,0.644,0.746,0.759,0.103,0.242,0.287,0.069,965.000,924.000,0.000,0.666,0.632,0.762,0.753,0.100,0.234,0.297,0.071,970.000,924.000,0.000,0.661,0.645,0.746,0.774,0.105,0.234,0.306,0.049
980,657,613,0.000,0.646,0.639,0.752,0.762,0.116,0.239,0.294,0.067,924,911,0.000,0.654,0.644,0.746,0.759,0.103,0.242,0.287,0.069,965.000,924.000,0.000,0.666,0.632,0.762,0.753,0.100,0.234,0.297,0.071,971.000,970.000,0.000,0.663,0.634,0.733,0.757,0.106,0.231,0.299,0.067
981,657,613,0.000,0.646,0.639,0.752,0.762,0.116,0.239,0.294,0.067,924,911,0.000,0.654,0.644,0.746,0.759,0.103,0.242,0.287,0.069,965.000,924.000,0.000,0.666,0.632,0.762,0.753,0.100,0.234,0.297,0.071,971.000,970.000,0.000,0.663,0.634,0.733,0.757,0.106,0.231,0.299,0.067
982,657,613,0.000,0.646,0.639,0.752,0.762,0.116,0.239,0.294,0.067,924,911,0.000,0.654,0.644,0.746,0.759,0.103,0.242,0.287,0.069,971.000,970.000,0.000,0.663,0.634,0.733,0.757,0.106,0.231,0.299,0.067,976.000,975.000,0.000,0.654,0.653,0.727,0.751,0.113,0.232,0.280,0.067
983,657,613,0.000,0.646,0.639,0.752,0.762,0.116,0.239,0.294,0.067,924,911,0.000,0.654,0.644,0.746,0.759,0.103,0.242,0.287,0.069,971.000,970.000,0.000,0.663,0.634,0.733,0.757,0.106,0.231,0.299,0.067,976.000,975.000,0.000,0.654,0.653,0.727,0.751,0.113,0.232,0.280,0.067
984,657,613,0.000,0.646,0.639,0.752,0.762,0.116,0.239,0.294,0.067,924,911,0.000,0.654,0.644,0.746,0.759,0.103,0.242,0.287,0.069,971.000,970.000,0.000,0.663,0.634,0.733,0.757,0.106,0.231,0.299,0.067,976.000,975.000,0.000,0.654,0.653,0.727,0.751,0.113,0.232,0.280,0.067
985,657,613,0.000,0.646,0.639,0.752,0.762,0.116,0.239,0.294,0.067,924,911,0.000,0.654,0.644,0.746,0.759,0.103,0.242,0.287,0.069,971.000,970.000,0.000,0.663,0.634,0.733,0.757,0.106,0.231,0.299,0.067,981.000,965.000,0.002,0.675,0.641,0.753,0.747,0.086,0.239,0.282,0.077
986,657,613,0.000,0.646,0.639,0.752,0.762,0.116,0.239,0.294,0.067,924,911,0.000,0.654,0.644,0.746,0.759,0.103,0.242,0.287,0.069,971.000,970.000,0.000,0.663,0.634,0.733,0.757,0.106,0.231,0.299,0.067,981.000,965.000,0.002,0.675,0.641,0.753,0.747,0.086,0.239,0.282,0.077
987,657,613,0.000,0.646,0.639,0.752,0.762,0.116,0.239,0.294,0.067,924,911,0.000,0.654,0.644,0.746,0.759,0.103,0.242,0.287,0.069,985.000,971.000,0.000,0.658,0.618,0.742,0.764,0.102,0.240,0.318,0.065,986.000,657.000,0.000,0.634,0.643,0.746,0.757,0.113,0.253,0.282,0.075
988,657,613,0.000,0.646,0.639,0.752,0.762,0.116,0.239,0.294,0.067,924,911,0.000,0.654,0.644,0.746,0.759,0.103,0.242,0.287,0.069,985.000,971.000,0.000,0.658,0.618,0.742,0.764,0.102,0.240,0.318,0.065,986.000,657.000,0.000,0.634,0.643,0.746,0.757,0.113,0.253,0.282,0.075
989,657,613,0.000,0.646,0.639,0.752,0.762,0.116,0.239,0.294,0.067,924,911,0.000,0.654,0.644,0.746,0.759,0.103,0.242,0.287,0.069,985.000,971.000,0.000,0.658,0.618,0.742,0.764,0.102,0.240,0.318,0.065,986.000,657.000,0.000,0.634,0.643,0.746,0.757,0.113,0.253,0.282,0.075
990,657,613,0.000,0.646,0.639,0.752,0.762,0.116,0.239,0.294,0.067,924,911,0.000,0.654,0.644,0.746,0.759,0.103,0.242,0.287,0.069,985.000,971.000,0.000,0.658,0.618,0.742,0.764,0.102,0.240,0.318,0.065,986.000,657.000,0.000,0.634,0.643,0.746,0.757,0.113,0.253,0.282,0.075
991,657,613,0.000,0.646,0.639,0.752,0.762,0.116,0.239,0.294,0.067,924,911,0.000,0.654,0.644,0.746,0.759,0.103,0.242,0.287,0.069,985.000,971.000,0.000,0.658,0.618,0.742,0.764,0.102,0.240,0.318,0.065,986.000,657.000,0.000,0.634,0.643,0.746,0.757,0.113,0.253,0.282,0.075
992,657,613,0.000,0.646,0.639,0.752,0.762,0.116,0.239,0.294,0.067,924,911,0.000,0.654,0.644,0.746,0.759,0.103,0.242,0.287,0.069,985.000,971.000,0.000,0.658,0.618,0.742,0.764,0.102,0.240,0.318,0.065,986.000,657.000,0.000,0.634,0.643,0.746,0.757,0.113,0.253,0.282,0.075
993,657,613,0.000,0.646,0.639,0.752,0.762,0.116,0.239,0.294,0.067,924,911,0.000,0.654,0.644,0.746,0.759,0.103,0.242,0.287,0.069,985.000,971.000,0.000,0.658,0.618,0.742,0.764,0.102,0.240,0.318,0.065,986.000,657.000,0.000,0.634,0.643,0.746,0.757,0.113,0.253,0.282,0.075
994,657,613,0.000,0.646,0.639,0.752,0.762,0.116,0.239,0.294,0.067,924,911,0.000,0.654,0.644,0.746,0.759,0.103,0.242,0.287,0.069,985.000,971.000,0.000,0.658,0.618,0.742,0.764,0.102,0.240,0.318,0.065,986.000,657.000,0.000,0.634,0.643,0.746,0.757,0.113,0.253,0.282,0.075
995,657,613,0.000,0.646,0.639,0.752,0.762,0.116,0.239,0.294,0.067,924,911,0.000,0.654,0.644,0.746,0.759,0.103,0.242,0.287,0.069,985.000,971.000,0.000,0.658,0.618,0.742,0.764,0.102,0.240,0.318,0.065,986.000,657.000,0.000,0.634,0.643,0.746,0.757,0.113,0.253,0.282,0.075
996,657,613,0.000,0.646,0.639,0.752,0.762,0.116,0.239,0.294,0.067,924,911,0.000,0.654,0.644,0.746,0.759,0.103,0.242,0.287,0.069,985.000,971.000,0.000,0.658,0.618,0.742,0.764,0.102,0.240,0.318,0.065,986.000,657.000,0.000,0.634,0.643,0.746,0.757,0.113,0.253,0.282,0.075
997,657,613,0.000,0.646,0.639,0.752,0.762,0.116,0.239,0.294,0.067,924,911,0.000,0.654,0.644,0.746,0.759,0.103,0.242,0.287,0.069,985.000,971.000,0.000,0.658,0.618,0.742,0.764,0.102,0.240,0.318,0.065,986.000,657.000,0.000,0.634,0.643,0.746,0.757,0.113,0.253,0.282,0.075
998,657,613,0.000,0.646,0.639,0.752,0.762,0.116,0.239,0.294,0.067,986,657,0.000,0.634,0.643,0.746,0.757,0.113,0.253,0.282,0.075,990.000,989.000,0.000,0.630,0.640,0.753,0.751,0.126,0.244,0.293,0.067,992.000,985.000,0.000,0.659,0.620,0.745,0.765,0.104,0.237,0.316,0.063
999,657,613,0.000,0.646,0.639,0.752,0.762,0.116,0.239,0.294,0.067,990,989,0.000,0.630,0.640,0.753,0.751,0.126,0.244,0.293,0.067,992.000,985.000,0.000,0.659,0.620,0.745,0.765,0.104,0.237,0.316,0.063,993.000,992.000,0.000,0.649,0.622,0.751,0.757,0.114,0.237,0.308,0.070
