mutation_step,id_1,parent_1,phi_1,r1_1,r2_1,p1_1,p2_1,r1r2_1,r1p1_1,r2r1_1,r2p2_1,id_2,parent_2,phi_2,r1_2,r2_2,p1_2,p2_2,r1r2_2,r1p1_2,r2r1_2,r2p2_2,id_3,parent_3,phi_3,r1_3,r2_3,p1_3,p2_3,r1r2_3,r1p1_3,r2r1_3,r2p2_3,id_4,parent_4,phi_4,r1_4,r2_4,p1_4,p2_4,r1r2_4,r1p1_4,r2r1_4,r2p2_4
0,0,-1,0.001,0.990,0.990,0.990,0.990,0.005,0.005,0.005,0.005,1,0,0.000,0.981,0.977,0.972,1.000,0.016,0.003,0.012,0.011,,,,,,,,,,,,,,,,,,,,,,
1,0,-1,0.001,0.990,0.990,0.990,0.990,0.005,0.005,0.005,0.005,1,0,0.000,0.981,0.977,0.972,1.000,0.016,0.003,0.012,0.011,2.000,0.000,0.000,0.997,0.990,0.986,0.983,0.003,0.000,0.010,0.000,,,,,,,,,,,
2,0,-1,0.001,0.990,0.990,0.990,0.990,0.005,0.005,0.005,0.005,1,0,0.000,0.981,0.977,0.972,1.000,0.016,0.003,0.012,0.011,2.000,0.000,0.000,0.997,0.990,0.986,0.983,0.003,0.000,0.010,0.000,3.000,0.000,0.000,0.965,1.000,0.999,0.977,0.019,0.016,0.000,0.000
3,0,-1,0.001,0.990,0.990,0.990,0.990,0.005,0.005,0.005,0.005,1,0,0.000,0.981,0.977,0.972,1.000,0.016,0.003,0.012,0.011,2.000,0.000,0.000,0.997,0.990,0.986,0.983,0.003,0.000,0.010,0.000,3.000,0.000,0.000,0.965,1.000,0.999,0.977,0.019,0.016,0.000,0.000
4,1,0,0.000,0.981,0.977,0.972,1.000,0.016,0.003,0.012,0.011,4,0,0.005,0.984,1.000,0.993,1.000,0.007,0.008,0.000,0.000,5.000,0.000,0.000,0.988,0.993,0.998,0.974,0.000,0.012,0.000,0.007,,,,,,,,,,,
5,1,0,0.000,0.981,0.977,0.972,1.000,0.016,0.003,0.012,0.011,4,0,0.005,0.984,1.000,0.993,1.000,0.007,0.008,0.000,0.000,5.000,0.000,0.000,0.988,0.993,0.998,0.974,0.000,0.012,0.000,0.007,6.000,1.000,0.000,0.990,0.960,0.985,1.000,0.010,0.000,0.022,0.017
6,1,0,0.000,0.981,0.977,0.972,1.000,0.016,0.003,0.012,0.011,4,0,0.005,0.984,1.000,0.993,1.000,0.007,0.008,0.000,0.000,5.000,0.000,0.000,0.988,0.993,0.998,0.974,0.000,0.012,0.000,0.007,6.000,1.000,0.000,0.990,0.960,0.985,1.000,0.010,0.000,0.022,0.017
7,1,0,0.000,0.981,0.977,0.972,1.000,0.016,0.003,0.012,0.011,4,0,0.005,0.984,1.000,0.993,1.000,0.007,0.008,0.000,0.000,5.000,0.000,0.000,0.988,0.993,0.998,0.974,0.000,0.012,0.000,0.007,6.000,1.000,0.000,0.990,0.960,0.985,1.000,0.010,0.000,0.022,0.017
8,1,0,0.000,0.981,0.977,0.972,1.000,0.016,0.003,0.012,0.011,4,0,0.005,0.984,1.000,0.993,1.000,0.007,0.008,0.000,0.000,6.000,1.000,0.000,0.990,0.960,0.985,1.000,0.010,0.000,0.022,0.017,7.000,1.000,0.000,0.994,0.991,0.996,0.999,0.002,0.004,0.007,0.002
9,1,0,0.000,0.981,0.977,0.972,1.000,0.016,0.003,0.012,0.011,4,0,0.005,0.984,1.000,0.993,1.000,0.007,0.008,0.000,0.000,6.000,1.000,0.000,0.990,0.960,0.985,1.000,0.010,0.000,0.022,0.017,7.000,1.000,0.000,0.994,0.991,0.996,0.999,0.002,0.004,0.007,0.002
10,1,0,0.000,0.981,0.977,0.972,1.000,0.016,0.003,0.012,0.011,4,0,0.005,0.984,1.000,0.993,1.000,0.007,0.008,0.000,0.000,6.000,1.000,0.000,0.990,0.960,0.985,1.000,0.010,0.000,0.022,0.017,7.000,1.000,0.000,0.994,0.991,0.996,0.999,0.002,0.004,0.007,0.002
11,1,0,0.000,0.981,0.977,0.972,1.000,0.016,0.003,0.012,0.011,6,1,0.000,0.990,0.960,0.985,1.000,0.010,0.000,0.022,0.017,7.000,1.000,0.000,0.994,0.991,0.996,0.999,0.002,0.004,0.007,0.002,10.000,7.000,0.003,0.988,0.974,0.994,0.994,0.000,0.012,0.014,0.012
12,1,0,0.000,0.981,0.977,0.972,1.000,0.016,0.003,0.012,0.011,6,1,0.000,0.990,0.960,0.985,1.000,0.010,0.000,0.022,0.017,7.000,1.000,0.000,0.994,0.991,0.996,0.999,0.002,0.004,0.007,0.002,10.000,7.000,0.003,0.988,0.974,0.994,0.994,0.000,0.012,0.014,0.012
13,1,0,0.000,0.981,0.977,0.972,1.000,0.016,0.003,0.012,0.011,6,1,0.000,0.990,0.960,0.985,1.000,0.010,0.000,0.022,0.017,7.000,1.000,0.000,0.994,0.991,0.996,0.999,0.002,0.004,0.007,0.002,10.000,7.000,0.003,0.988,0.974,0.994,0.994,0.000,0.012,0.014,0.012
14,1,0,0.000,0.981,0.977,0.972,1.000,0.016,0.003,0.012,0.011,6,1,0.000,0.990,0.960,0.985,1.000,0.010,0.000,0.022,0.017,7.000,1.000,0.000,0.994,0.991,0.996,0.999,0.002,0.004,0.007,0.002,10.000,7.000,0.003,0.988,0.974,0.994,0.994,0.000,0.012,0.014,0.012
15,1,0,0.000,0.981,0.977,0.972,1.000,0.016,0.003,0.012,0.011,6,1,0.000,0.990,0.960,0.985,1.000,0.010,0.000,0.022,0.017,7.000,1.000,0.000,0.994,0.991,0.996,0.999,0.002,0.004,0.007,0.002,10.000,7.000,0.003,0.988,0.974,0.994,0.994,0.000,0.012,0.014,0.012
16,1,0,0.000,0.981,0.977,0.972,1.000,0.016,0.003,0.012,0.011,6,1,0.000,0.990,0.960,0.985,1.000,0.010,0.000,0.022,0.017,7.000,1.000,0.000,0.994,0.991,0.996,0.999,0.002,0.004,0.007,0.002,13.000,7.000,0.000,0.989,1.000,1.000,1.000,0.010,0.001,0.000,0.000
17,1,0,0.000,0.981,0.977,0.972,1.000,0.016,0.003,0.012,0.011,6,1,0.000,0.990,0.960,0.985,1.000,0.010,0.000,0.022,0.017,7.000,1.000,0.000,0.994,0.991,0.996,0.999,0.002,0.004,0.007,0.002,13.000,7.000,0.000,0.989,1.000,1.000,1.000,0.010,0.001,0.000,0.000
18,1,0,0.000,0.981,0.977,0.972,1.000,0.016,0.003,0.012,0.011,6,1,0.000,0.990,0.960,0.985,1.000,0.010,0.000,0.022,0.017,7.000,1.000,0.000,0.994,0.991,0.996,0.999,0.002,0.004,0.007,0.002,13.000,7.000,0.000,0.989,1.000,1.000,1.000,0.010,0.001,0.000,0.000
19,1,0,0.000,0.981,0.977,0.972,1.000,0.016,0.003,0.012,0.011,6,1,0.000,0.990,0.960,0.985,1.000,0.010,0.000,0.022,0.017,7.000,1.000,0.000,0.994,0.991,0.996,0.999,0.002,0.004,0.007,0.002,13.000,7.000,0.000,0.989,1.000,1.000,1.000,0.010,0.001,0.000,0.000
20,1,0,0.000,0.981,0.977,0.972,1.000,0.016,0.003,0.012,0.011,7,1,0.000,0.994,0.991,0.996,0.999,0.002,0.004,0.007,0.002,13.000,7.000,0.000,0.989,1.000,1.000,1.000,0.010,0.001,0.000,0.000,20.000,7.000,0.000,0.983,0.988,0.983,0.992,0.003,0.014,0.009,0.003
21,1,0,0.000,0.981,0.977,0.972,1.000,0.016,0.003,0.012,0.011,7,1,0.000,0.994,0.991,0.996,0.999,0.002,0.004,0.007,0.002,13.000,7.000,0.000,0.989,1.000,1.000,1.000,0.010,0.001,0.000,0.000,20.000,7.000,0.000,0.983,0.988,0.983,0.992,0.003,0.014,0.009,0.003
22,1,0,0.000,0.981,0.977,0.972,1.000,0.016,0.003,0.012,0.011,7,1,0.000,0.994,0.991,0.996,0.999,0.002,0.004,0.007,0.002,13.000,7.000,0.000,0.989,1.000,1.000,1.000,0.010,0.001,0.000,0.000,20.000,7.000,0.000,0.983,0.988,0.983,0.992,0.003,0.014,0.009,0.003
23,1,0,0.000,0.981,0.977,0.972,1.000,0.016,0.003,0.012,0.011,7,1,0.000,0.994,0.991,0.996,0.999,0.002,0.004,0.007,0.002,13.000,7.000,0.000,0.989,1.000,1.000,1.000,0.010,0.001,0.000,0.000,20.000,7.000,0.000,0.983,0.988,0.983,0.992,0.003,0.014,0.009,0.003
24,1,0,0.000,0.981,0.977,0.972,1.000,0.016,0.003,0.012,0.011,7,1,0.000,0.994,0.991,0.996,0.999,0.002,0.004,0.007,0.002,13.000,7.000,0.000,0.989,1.000,1.000,1.000,0.010,0.001,0.000,0.000,20.000,7.000,0.000,0.983,0.988,0.983,0.992,0.003,0.014,0.009,0.003
25,1,0,0.000,0.981,0.977,0.972,1.000,0.016,0.003,0.012,0.011,7,1,0.000,0.994,0.991,0.996,0.999,0.002,0.004,0.007,0.002,13.000,7.000,0.000,0.989,1.000,1.000,1.000,0.010,0.001,0.000,0.000,20.000,7.000,0.000,0.983,0.988,0.983,0.992,0.003,0.014,0.009,0.003
26,1,0,0.000,0.981,0.977,0.972,1.000,0.016,0.003,0.012,0.011,7,1,0.000,0.994,0.991,0.996,0.999,0.002,0.004,0.007,0.002,13.000,7.000,0.000,0.989,1.000,1.000,1.000,0.010,0.001,0.000,0.000,20.000,7.000,0.000,0.983,0.988,0.983,0.992,0.003,0.014,0.009,0.003
27,1,0,0.000,0.981,0.977,0.972,1.000,0.016,0.003,0.012,0.011,7,1,0.000,0.994,0.991,0.996,0.999,0.002,0.004,0.007,0.002,13.000,7.000,0.000,0.989,1.000,1.000,1.000,0.010,0.001,0.000,0.000,20.000,7.000,0.000,0.983,0.988,0.983,0.992,0.003,0.014,0.009,0.003
28,1,0,0.000,0.981,0.977,0.972,1.000,0.016,0.003,0.012,0.011,7,1,0.000,0.994,0.991,0.996,0.999,0.002,0.004,0.007,0.002,13.000,7.000,0.000,0.989,1.000,1.000,1.000,0.010,0.001,0.000,0.000,22.000,1.000,0.000,0.978,0.959,0.963,1.000,0.021,0.001,0.024,0.018
29,1,0,0.000,0.981,0.977,0.972,1.000,0.016,0.003,0.012,0.011,7,1,0.000,0.994,0.991,0.996,0.999,0.002,0.004,0.007,0.002,13.000,7.000,0.000,0.989,1.000,1.000,1.000,0.010,0.001,0.000,0.000,22.000,1.000,0.000,0.978,0.959,0.963,1.000,0.021,0.001,0.024,0.018
30,1,0,0.000,0.981,0.977,0.972,1.000,0.016,0.003,0.012,0.011,7,1,0.000,0.994,0.991,0.996,0.999,0.002,0.004,0.007,0.002,13.000,7.000,0.000,0.989,1.000,1.000,1.000,0.010,0.001,0.000,0.000,22.000,1.000,0.000,0.978,0.959,0.963,1.000,0.021,0.001,0.024,0.018
31,1,0,0.000,0.981,0.977,0.972,1.000,0.016,0.003,0.012,0.011,7,1,0.000,0.994,0.991,0.996,0.999,0.002,0.004,0.007,0.002,13.000,7.000,0.000,0.989,1.000,1.000,1.000,0.010,0.001,0.000,0.000,22.000,1.000,0.000,0.978,0.959,0.963,1.000,0.021,0.001,0.024,0.018
32,1,0,0.000,0.981,0.977,0.972,1.000,0.016,0.003,0.012,0.011,7,1,0.000,0.994,0.991,0.996,0.999,0.002,0.004,0.007,0.002,13.000,7.000,0.000,0.989,1.000,1.000,1.000,0.010,0.001,0.000,0.000,22.000,1.000,0.000,0.978,0.959,0.963,1.000,0.021,0.001,0.024,0.018
33,1,0,0.000,0.981,0.977,0.972,1.000,0.016,0.003,0.012,0.011,7,1,0.000,0.994,0.991,0.996,0.999,0.002,0.004,0.007,0.002,13.000,7.000,0.000,0.989,1.000,1.000,1.000,0.010,0.001,0.000,0.000,22.000,1.000,0.000,0.978,0.959,0.963,1.000,0.021,0.001,0.024,0.018
34,1,0,0.000,0.981,0.977,0.972,1.000,0.016,0.003,0.012,0.011,7,1,0.000,0.994,0.991,0.996,0.999,0.002,0.004,0.007,0.002,13.000,7.000,0.000,0.989,1.000,1.000,1.000,0.010,0.001,0.000,0.000,22.000,1.000,0.000,0.978,0.959,0.963,1.000,0.021,0.001,0.024,0.018
35,1,0,0.000,0.981,0.977,0.972,1.000,0.016,0.003,0.012,0.011,7,1,0.000,0.994,0.991,0.996,0.999,0.002,0.004,0.007,0.002,13.000,7.000,0.000,0.989,1.000,1.000,1.000,0.010,0.001,0.000,0.000,22.000,1.000,0.000,0.978,0.959,0.963,1.000,0.021,0.001,0.024,0.018
36,1,0,0.000,0.981,0.977,0.972,1.000,0.016,0.003,0.012,0.011,7,1,0.000,0.994,0.991,0.996,0.999,0.002,0.004,0.007,0.002,13.000,7.000,0.000,0.989,1.000,1.000,1.000,0.010,0.001,0.000,0.000,22.000,1.000,0.000,0.978,0.959,0.963,1.000,0.021,0.001,0.024,0.018
37,1,0,0.000,0.981,0.977,0.972,1.000,0.016,0.003,0.012,0.011,7,1,0.000,0.994,0.991,0.996,0.999,0.002,0.004,0.007,0.002,13.000,7.000,0.000,0.989,1.000,1.000,1.000,0.010,0.001,0.000,0.000,22.000,1.000,0.000,0.978,0.959,0.963,1.000,0.021,0.001,0.024,0.018
38,1,0,0.000,0.981,0.977,0.972,1.000,0.016,0.003,0.012,0.011,7,1,0.000,0.994,0.991,0.996,0.999,0.002,0.004,0.007,0.002,13.000,7.000,0.000,0.989,1.000,1.000,1.000,0.010,0.001,0.000,0.000,22.000,1.000,0.000,0.978,0.959,0.963,1.000,0.021,0.001,0.024,0.018
39,1,0,0.000,0.981,0.977,0.972,1.000,0.016,0.003,0.012,0.011,7,1,0.000,0.994,0.991,0.996,0.999,0.002,0.004,0.007,0.002,13.000,7.000,0.000,0.989,1.000,1.000,1.000,0.010,0.001,0.000,0.000,22.000,1.000,0.000,0.978,0.959,0.963,1.000,0.021,0.001,0.024,0.018
40,1,0,0.000,0.981,0.977,0.972,1.000,0.016,0.003,0.012,0.011,7,1,0.000,0.994,0.991,0.996,0.999,0.002,0.004,0.007,0.002,13.000,7.000,0.000,0.989,1.000,1.000,1.000,0.010,0.001,0.000,0.000,22.000,1.000,0.000,0.978,0.959,0.963,1.000,0.021,0.001,0.024,0.018
41,1,0,0.000,0.981,0.977,0.972,1.000,0.016,0.003,0.012,0.011,7,1,0.000,0.994,0.991,0.996,0.999,0.002,0.004,0.007,0.002,13.000,7.000,0.000,0.989,1.000,1.000,1.000,0.010,0.001,0.000,0.000,22.000,1.000,0.000,0.978,0.959,0.963,1.000,0.021,0.001,0.024,0.018
42,1,0,0.000,0.981,0.977,0.972,1.000,0.016,0.003,0.012,0.011,7,1,0.000,0.994,0.991,0.996,0.999,0.002,0.004,0.007,0.002,13.000,7.000,0.000,0.989,1.000,1.000,1.000,0.010,0.001,0.000,0.000,22.000,1.000,0.000,0.978,0.959,0.963,1.000,0.021,0.001,0.024,0.018
43,1,0,0.000,0.981,0.977,0.972,1.000,0.016,0.003,0.012,0.011,7,1,0.000,0.994,0.991,0.996,0.999,0.002,0.004,0.007,0.002,13.000,7.000,0.000,0.989,1.000,1.000,1.000,0.010,0.001,0.000,0.000,22.000,1.000,0.000,0.978,0.959,0.963,1.000,0.021,0.001,0.024,0.018
44,1,0,0.000,0.981,0.977,0.972,1.000,0.016,0.003,0.012,0.011,7,1,0.000,0.994,0.991,0.996,0.999,0.002,0.004,0.007,0.002,13.000,7.000,0.000,0.989,1.000,1.000,1.000,0.010,0.001,0.000,0.000,,,,,,,,,,,
45,1,0,0.000,0.981,0.977,0.972,1.000,0.016,0.003,0.012,0.011,13,7,0.000,0.989,1.000,1.000,1.000,0.010,0.001,0.000,0.000,,,,,,,,,,,,,,,,,,,,,,
46,1,0,0.000,0.981,0.977,0.972,1.000,0.016,0.003,0.012,0.011,13,7,0.000,0.989,1.000,1.000,1.000,0.010,0.001,0.000,0.000,47.000,1.000,0.000,0.986,0.975,0.955,0.987,0.014,0.000,0.014,0.011,,,,,,,,,,,
47,1,0,0.000,0.981,0.977,0.972,1.000,0.016,0.003,0.012,0.011,13,7,0.000,0.989,1.000,1.000,1.000,0.010,0.001,0.000,0.000,47.000,1.000,0.000,0.986,0.975,0.955,0.987,0.014,0.000,0.014,0.011,48.000,47.000,0.000,0.976,0.983,0.956,0.983,0.007,0.018,0.014,0.002
48,1,0,0.000,0.981,0.977,0.972,1.000,0.016,0.003,0.012,0.011,13,7,0.000,0.989,1.000,1.000,1.000,0.010,0.001,0.000,0.000,49.000,13.000,0.003,0.996,0.989,1.000,0.999,0.000,0.004,0.003,0.008,,,,,,,,,,,
49,1,0,0.000,0.981,0.977,0.972,1.000,0.016,0.003,0.012,0.011,13,7,0.000,0.989,1.000,1.000,1.000,0.010,0.001,0.000,0.000,49.000,13.000,0.003,0.996,0.989,1.000,0.999,0.000,0.004,0.003,0.008,50.000,13.000,0.006,0.978,0.977,1.000,1.000,0.011,0.011,0.009,0.015
50,1,0,0.000,0.981,0.977,0.972,1.000,0.016,0.003,0.012,0.011,13,7,0.000,0.989,1.000,1.000,1.000,0.010,0.001,0.000,0.000,49.000,13.000,0.003,0.996,0.989,1.000,0.999,0.000,0.004,0.003,0.008,50.000,13.000,0.006,0.978,0.977,1.000,1.000,0.011,0.011,0.009,0.015
51,1,0,0.000,0.981,0.977,0.972,1.000,0.016,0.003,0.012,0.011,13,7,0.000,0.989,1.000,1.000,1.000,0.010,0.001,0.000,0.000,49.000,13.000,0.003,0.996,0.989,1.000,0.999,0.000,0.004,0.003,0.008,50.000,13.000,0.006,0.978,0.977,1.000,1.000,0.011,0.011,0.009,0.015
52,1,0,0.000,0.981,0.977,0.972,1.000,0.016,0.003,0.012,0.011,13,7,0.000,0.989,1.000,1.000,1.000,0.010,0.001,0.000,0.000,49.000,13.000,0.003,0.996,0.989,1.000,0.999,0.000,0.004,0.003,0.008,50.000,13.000,0.006,0.978,0.977,1.000,1.000,0.011,0.011,0.009,0.015
53,1,0,0.000,0.981,0.977,0.972,1.000,0.016,0.003,0.012,0.011,13,7,0.000,0.989,1.000,1.000,1.000,0.010,0.001,0.000,0.000,49.000,13.000,0.003,0.996,0.989,1.000,0.999,0.000,0.004,0.003,0.008,50.000,13.000,0.006,0.978,0.977,1.000,1.000,0.011,0.011,0.009,0.015
54,1,0,0.000,0.981,0.977,0.972,1.000,0.016,0.003,0.012,0.011,13,7,0.000,0.989,1.000,1.000,1.000,0.010,0.001,0.000,0.000,49.000,13.000,0.003,0.996,0.989,1.000,0.999,0.000,0.004,0.003,0.008,50.000,13.000,0.006,0.978,0.977,1.000,1.000,0.011,0.011,0.009,0.015
55,1,0,0.000,0.981,0.977,0.972,1.000,0.016,0.003,0.012,0.011,13,7,0.000,0.989,1.000,1.000,1.000,0.010,0.001,0.000,0.000,49.000,13.000,0.003,0.996,0.989,1.000,0.999,0.000,0.004,0.003,0.008,51.000,1.000,0.000,0.980,0.958,0.976,1.000,0.020,0.000,0.034,0.008
56,1,0,0.000,0.981,0.977,0.972,1.000,0.016,0.003,0.012,0.011,13,7,0.000,0.989,1.000,1.000,1.000,0.010,0.001,0.000,0.000,49.000,13.000,0.003,0.996,0.989,1.000,0.999,0.000,0.004,0.003,0.008,51.000,1.000,0.000,0.980,0.958,0.976,1.000,0.020,0.000,0.034,0.008
57,1,0,0.000,0.981,0.977,0.972,1.000,0.016,0.003,0.012,0.011,13,7,0.000,0.989,1.000,1.000,1.000,0.010,0.001,0.000,0.000,49.000,13.000,0.003,0.996,0.989,1.000,0.999,0.000,0.004,0.003,0.008,51.000,1.000,0.000,0.980,0.958,0.976,1.000,0.020,0.000,0.034,0.008
58,1,0,0.000,0.981,0.977,0.972,1.000,0.016,0.003,0.012,0.011,13,7,0.000,0.989,1.000,1.000,1.000,0.010,0.001,0.000,0.000,49.000,13.000,0.003,0.996,0.989,1.000,0.999,0.000,0.004,0.003,0.008,51.000,1.000,0.000,0.980,0.958,0.976,1.000,0.020,0.000,0.034,0.008
59,1,0,0.000,0.981,0.977,0.972,1.000,0.016,0.003,0.012,0.011,13,7,0.000,0.989,1.000,1.000,1.000,0.010,0.001,0.000,0.000,49.000,13.000,0.003,0.996,0.989,1.000,0.999,0.000,0.004,0.003,0.008,51.000,1.000,0.000,0.980,0.958,0.976,1.000,0.020,0.000,0.034,0.008
60,1,0,0.000,0.981,0.977,0.972,1.000,0.016,0.003,0.012,0.011,13,7,0.000,0.989,1.000,1.000,1.000,0.010,0.001,0.000,0.000,49.000,13.000,0.003,0.996,0.989,1.000,0.999,0.000,0.004,0.003,0.008,51.000,1.000,0.000,0.980,0.958,0.976,1.000,0.020,0.000,0.034,0.008
61,1,0,0.000,0.981,0.977,0.972,1.000,0.016,0.003,0.012,0.011,13,7,0.000,0.989,1.000,1.000,1.000,0.010,0.001,0.000,0.000,49.000,13.000,0.003,0.996,0.989,1.000,0.999,0.000,0.004,0.003,0.008,51.000,1.000,0.000,0.980,0.958,0.976,1.000,0.020,0.000,0.034,0.008
62,1,0,0.000,0.981,0.977,0.972,1.000,0.016,0.003,0.012,0.011,13,7,0.000,0.989,1.000,1.000,1.000,0.010,0.001,0.000,0.000,51.000,1.000,0.000,0.980,0.958,0.976,1.000,0.020,0.000,0.034,0.008,52.000,1.000,0.000,0.991,0.963,0.970,0.999,0.009,0.000,0.011,0.026
63,1,0,0.000,0.981,0.977,0.972,1.000,0.016,0.003,0.012,0.011,13,7,0.000,0.989,1.000,1.000,1.000,0.010,0.001,0.000,0.000,51.000,1.000,0.000,0.980,0.958,0.976,1.000,0.020,0.000,0.034,0.008,52.000,1.000,0.000,0.991,0.963,0.970,0.999,0.009,0.000,0.011,0.026
64,1,0,0.000,0.981,0.977,0.972,1.000,0.016,0.003,0.012,0.011,13,7,0.000,0.989,1.000,1.000,1.000,0.010,0.001,0.000,0.000,51.000,1.000,0.000,0.980,0.958,0.976,1.000,0.020,0.000,0.034,0.008,52.000,1.000,0.000,0.991,0.963,0.970,0.999,0.009,0.000,0.011,0.026
65,1,0,0.000,0.981,0.977,0.972,1.000,0.016,0.003,0.012,0.011,13,7,0.000,0.989,1.000,1.000,1.000,0.010,0.001,0.000,0.000,51.000,1.000,0.000,0.980,0.958,0.976,1.000,0.020,0.000,0.034,0.008,52.000,1.000,0.000,0.991,0.963,0.970,0.999,0.009,0.000,0.011,0.026
66,1,0,0.000,0.981,0.977,0.972,1.000,0.016,0.003,0.012,0.011,13,7,0.000,0.989,1.000,1.000,1.000,0.010,0.001,0.000,0.000,51.000,1.000,0.000,0.980,0.958,0.976,1.000,0.020,0.000,0.034,0.008,52.000,1.000,0.000,0.991,0.963,0.970,0.999,0.009,0.000,0.011,0.026
67,1,0,0.000,0.981,0.977,0.972,1.000,0.016,0.003,0.012,0.011,13,7,0.000,0.989,1.000,1.000,1.000,0.010,0.001,0.000,0.000,51.000,1.000,0.000,0.980,0.958,0.976,1.000,0.020,0.000,0.034,0.008,52.000,1.000,0.000,0.991,0.963,0.970,0.999,0.009,0.000,0.011,0.026
68,1,0,0.000,0.981,0.977,0.972,1.000,0.016,0.003,0.012,0.011,13,7,0.000,0.989,1.000,1.000,1.000,0.010,0.001,0.000,0.000,51.000,1.000,0.000,0.980,0.958,0.976,1.000,0.020,0.000,0.034,0.008,52.000,1.000,0.000,0.991,0.963,0.970,0.999,0.009,0.000,0.011,0.026
69,1,0,0.000,0.981,0.977,0.972,1.000,0.016,0.003,0.012,0.011,13,7,0.000,0.989,1.000,1.000,1.000,0.010,0.001,0.000,0.000,51.000,1.000,0.000,0.980,0.958,0.976,1.000,0.020,0.000,0.034,0.008,52.000,1.000,0.000,0.991,0.963,0.970,0.999,0.009,0.000,0.011,0.026
70,1,0,0.000,0.981,0.977,0.972,1.000,0.016,0.003,0.012,0.011,13,7,0.000,0.989,1.000,1.000,1.000,0.010,0.001,0.000,0.000,51.000,1.000,0.000,0.980,0.958,0.976,1.000,0.020,0.000,0.034,0.008,52.000,1.000,0.000,0.991,0.963,0.970,0.999,0.009,0.000,0.011,0.026
71,1,0,0.000,0.981,0.977,0.972,1.000,0.016,0.003,0.012,0.011,13,7,0.000,0.989,1.000,1.000,1.000,0.010,0.001,0.000,0.000,51.000,1.000,0.000,0.980,0.958,0.976,1.000,0.020,0.000,0.034,0.008,52.000,1.000,0.000,0.991,0.963,0.970,0.999,0.009,0.000,0.011,0.026
72,1,0,0.000,0.981,0.977,0.972,1.000,0.016,0.003,0.012,0.011,13,7,0.000,0.989,1.000,1.000,1.000,0.010,0.001,0.000,0.000,51.000,1.000,0.000,0.980,0.958,0.976,1.000,0.020,0.000,0.034,0.008,52.000,1.000,0.000,0.991,0.963,0.970,0.999,0.009,0.000,0.011,0.026
73,1,0,0.000,0.981,0.977,0.972,1.000,0.016,0.003,0.012,0.011,13,7,0.000,0.989,1.000,1.000,1.000,0.010,0.001,0.000,0.000,51.000,1.000,0.000,0.980,0.958,0.976,1.000,0.020,0.000,0.034,0.008,52.000,1.000,0.000,0.991,0.963,0.970,0.999,0.009,0.000,0.011,0.026
74,1,0,0.000,0.981,0.977,0.972,1.000,0.016,0.003,0.012,0.011,13,7,0.000,0.989,1.000,1.000,1.000,0.010,0.001,0.000,0.000,51.000,1.000,0.000,0.980,0.958,0.976,1.000,0.020,0.000,0.034,0.008,52.000,1.000,0.000,0.991,0.963,0.970,0.999,0.009,0.000,0.011,0.026
75,1,0,0.000,0.981,0.977,0.972,1.000,0.016,0.003,0.012,0.011,13,7,0.000,0.989,1.000,1.000,1.000,0.010,0.001,0.000,0.000,51.000,1.000,0.000,0.980,0.958,0.976,1.000,0.020,0.000,0.034,0.008,52.000,1.000,0.000,0.991,0.963,0.970,0.999,0.009,0.000,0.011,0.026
76,1,0,0.000,0.981,0.977,0.972,1.000,0.016,0.003,0.012,0.011,13,7,0.000,0.989,1.000,1.000,1.000,0.010,0.001,0.000,0.000,51.000,1.000,0.000,0.980,0.958,0.976,1.000,0.020,0.000,0.034,0.008,52.000,1.000,0.000,0.991,0.963,0.970,0.999,0.009,0.000,0.011,0.026
77,1,0,0.000,0.981,0.977,0.972,1.000,0.016,0.003,0.012,0.011,13,7,0.000,0.989,1.000,1.000,1.000,0.010,0.001,0.000,0.000,51.000,1.000,0.000,0.980,0.958,0.976,1.000,0.020,0.000,0.034,0.008,52.000,1.000,0.000,0.991,0.963,0.970,0.999,0.009,0.000,0.011,0.026
78,1,0,0.000,0.981,0.977,0.972,1.000,0.016,0.003,0.012,0.011,13,7,0.000,0.989,1.000,1.000,1.000,0.010,0.001,0.000,0.000,51.000,1.000,0.000,0.980,0.958,0.976,1.000,0.020,0.000,0.034,0.008,52.000,1.000,0.000,0.991,0.963,0.970,0.999,0.009,0.000,0.011,0.026
79,1,0,0.000,0.981,0.977,0.972,1.000,0.016,0.003,0.012,0.011,13,7,0.000,0.989,1.000,1.000,1.000,0.010,0.001,0.000,0.000,51.000,1.000,0.000,0.980,0.958,0.976,1.000,0.020,0.000,0.034,0.008,52.000,1.000,0.000,0.991,0.963,0.970,0.999,0.009,0.000,0.011,0.026
80,1,0,0.000,0.981,0.977,0.972,1.000,0.016,0.003,0.012,0.011,13,7,0.000,0.989,1.000,1.000,1.000,0.010,0.001,0.000,0.000,51.000,1.000,0.000,0.980,0.958,0.976,1.000,0.020,0.000,0.034,0.008,52.000,1.000,0.000,0.991,0.963,0.970,0.999,0.009,0.000,0.011,0.026
81,1,0,0.000,0.981,0.977,0.972,1.000,0.016,0.003,0.012,0.011,13,7,0.000,0.989,1.000,1.000,1.000,0.010,0.001,0.000,0.000,51.000,1.000,0.000,0.980,0.958,0.976,1.000,0.020,0.000,0.034,0.008,52.000,1.000,0.000,0.991,0.963,0.970,0.999,0.009,0.000,0.011,0.026
82,1,0,0.000,0.981,0.977,0.972,1.000,0.016,0.003,0.012,0.011,13,7,0.000,0.989,1.000,1.000,1.000,0.010,0.001,0.000,0.000,51.000,1.000,0.000,0.980,0.958,0.976,1.000,0.020,0.000,0.034,0.008,52.000,1.000,0.000,0.991,0.963,0.970,0.999,0.009,0.000,0.011,0.026
83,1,0,0.000,0.981,0.977,0.972,1.000,0.016,0.003,0.012,0.011,13,7,0.000,0.989,1.000,1.000,1.000,0.010,0.001,0.000,0.000,51.000,1.000,0.000,0.980,0.958,0.976,1.000,0.020,0.000,0.034,0.008,52.000,1.000,0.000,0.991,0.963,0.970,0.999,0.009,0.000,0.011,0.026
84,1,0,0.000,0.981,0.977,0.972,1.000,0.016,0.003,0.012,0.011,13,7,0.000,0.989,1.000,1.000,1.000,0.010,0.001,0.000,0.000,51.000,1.000,0.000,0.980,0.958,0.976,1.000,0.020,0.000,0.034,0.008,52.000,1.000,0.000,0.991,0.963,0.970,0.999,0.009,0.000,0.011,0.026
85,1,0,0.000,0.981,0.977,0.972,1.000,0.016,0.003,0.012,0.011,13,7,0.000,0.989,1.000,1.000,1.000,0.010,0.001,0.000,0.000,51.000,1.000,0.000,0.980,0.958,0.976,1.000,0.020,0.000,0.034,0.008,52.000,1.000,0.000,0.991,0.963,0.970,0.999,0.009,0.000,0.011,0.026
86,1,0,0.000,0.981,0.977,0.972,1.000,0.016,0.003,0.012,0.011,13,7,0.000,0.989,1.000,1.000,1.000,0.010,0.001,0.000,0.000,51.000,1.000,0.000,0.980,0.958,0.976,1.000,0.020,0.000,0.034,0.008,52.000,1.000,0.000,0.991,0.963,0.970,0.999,0.009,0.000,0.011,0.026
87,1,0,0.000,0.981,0.977,0.972,1.000,0.016,0.003,0.012,0.011,13,7,0.000,0.989,1.000,1.000,1.000,0.010,0.001,0.000,0.000,51.000,1.000,0.000,0.980,0.958,0.976,1.000,0.020,0.000,0.034,0.008,52.000,1.000,0.000,0.991,0.963,0.970,0.999,0.009,0.000,0.011,0.026
88,1,0,0.000,0.981,0.977,0.972,1.000,0.016,0.003,0.012,0.011,13,7,0.000,0.989,1.000,1.000,1.000,0.010,0.001,0.000,0.000,51.000,1.000,0.000,0.980,0.958,0.976,1.000,0.020,0.000,0.034,0.008,52.000,1.000,0.000,0.991,0.963,0.970,0.999,0.009,0.000,0.011,0.026
89,1,0,0.000,0.981,0.977,0.972,1.000,0.016,0.003,0.012,0.011,13,7,0.000,0.989,1.000,1.000,1.000,0.010,0.001,0.000,0.000,51.000,1.000,0.000,0.980,0.958,0.976,1.000,0.020,0.000,0.034,0.008,52.000,1.000,0.000,0.991,0.963,0.970,0.999,0.009,0.000,0.011,0.026
90,1,0,0.000,0.981,0.977,0.972,1.000,0.016,0.003,0.012,0.011,13,7,0.000,0.989,1.000,1.000,1.000,0.010,0.001,0.000,0.000,51.000,1.000,0.000,0.980,0.958,0.976,1.000,0.020,0.000,0.034,0.008,52.000,1.000,0.000,0.991,0.963,0.970,0.999,0.009,0.000,0.011,0.026
91,1,0,0.000,0.981,0.977,0.972,1.000,0.016,0.003,0.012,0.011,13,7,0.000,0.989,1.000,1.000,1.000,0.010,0.001,0.000,0.000,51.000,1.000,0.000,0.980,0.958,0.976,1.000,0.020,0.000,0.034,0.008,52.000,1.000,0.000,0.991,0.963,0.970,0.999,0.009,0.000,0.011,0.026
92,1,0,0.000,0.981,0.977,0.972,1.000,0.016,0.003,0.012,0.011,13,7,0.000,0.989,1.000,1.000,1.000,0.010,0.001,0.000,0.000,51.000,1.000,0.000,0.980,0.958,0.976,1.000,0.020,0.000,0.034,0.008,52.000,1.000,0.000,0.991,0.963,0.970,0.999,0.009,0.000,0.011,0.026
93,1,0,0.000,0.981,0.977,0.972,1.000,0.016,0.003,0.012,0.011,13,7,0.000,0.989,1.000,1.000,1.000,0.010,0.001,0.000,0.000,51.000,1.000,0.000,0.980,0.958,0.976,1.000,0.020,0.000,0.034,0.008,52.000,1.000,0.000,0.991,0.963,0.970,0.999,0.009,0.000,0.011,0.026
94,1,0,0.000,0.981,0.977,0.972,1.000,0.016,0.003,0.012,0.011,13,7,0.000,0.989,1.000,1.000,1.000,0.010,0.001,0.000,0.000,51.000,1.000,0.000,0.980,0.958,0.976,1.000,0.020,0.000,0.034,0.008,52.000,1.000,0.000,0.991,0.963,0.970,0.999,0.009,0.000,0.011,0.026
95,1,0,0.000,0.981,0.977,0.972,1.000,0.016,0.003,0.012,0.011,13,7,0.000,0.989,1.000,1.000,1.000,0.010,0.001,0.000,0.000,51.000,1.000,0.000,0.980,0.958,0.976,1.000,0.020,0.000,0.034,0.008,52.000,1.000,0.000,0.991,0.963,0.970,0.999,0.009,0.000,0.011,0.026
96,1,0,0.000,0.981,0.977,0.972,1.000,0.016,0.003,0.012,0.011,13,7,0.000,0.989,1.000,1.000,1.000,0.010,0.001,0.000,0.000,51.000,1.000,0.000,0.980,0.958,0.976,1.000,0.020,0.000,0.034,0.008,52.000,1.000,0.000,0.991,0.963,0.970,0.999,0.009,0.000,0.011,0.026
97,1,0,0.000,0.981,0.977,0.972,1.000,0.016,0.003,0.012,0.011,61,56,0.000,0.974,0.995,0.971,1.000,0.026,0.000,0.004,0.001,81.000,13.000,0.000,0.987,0.997,1.000,1.000,0.013,0.000,0.003,0.000,95.000,80.000,0.000,0.945,0.987,0.956,1.000,0.047,0.007,0.013,0.000
98,1,0,0.000,0.981,0.977,0.972,1.000,0.016,0.003,0.012,0.011,61,56,0.000,0.974,0.995,0.971,1.000,0.026,0.000,0.004,0.001,81.000,13.000,0.000,0.987,0.997,1.000,1.000,0.013,0.000,0.003,0.000,95.000,80.000,0.000,0.945,0.987,0.956,1.000,0.047,0.007,0.013,0.000
99,1,0,0.000,0.981,0.977,0.972,1.000,0.016,0.003,0.012,0.011,61,56,0.000,0.974,0.995,0.971,1.000,0.026,0.000,0.004,0.001,81.000,13.000,0.000,0.987,0.997,1.000,1.000,0.013,0.000,0.003,0.000,95.000,80.000,0.000,0.945,0.987,0.956,1.000,0.047,0.007,0.013,0.000
100,1,0,0.000,0.981,0.977,0.972,1.000,0.016,0.003,0.012,0.011,61,56,0.000,0.974,0.995,0.971,1.000,0.026,0.000,0.004,0.001,81.000,13.000,0.000,0.987,0.997,1.000,1.000,0.013,0.000,0.003,0.000,95.000,80.000,0.000,0.945,0.987,0.956,1.000,0.047,0.007,0.013,0.000
101,1,0,0.000,0.981,0.977,0.972,1.000,0.016,0.003,0.012,0.011,61,56,0.000,0.974,0.995,0.971,1.000,0.026,0.000,0.004,0.001,81.000,13.000,0.000,0.987,0.997,1.000,1.000,0.013,0.000,0.003,0.000,95.000,80.000,0.000,0.945,0.987,0.956,1.000,0.047,0.007,0.013,0.000
102,1,0,0.000,0.981,0.977,0.972,1.000,0.016,0.003,0.012,0.011,61,56,0.000,0.974,0.995,0.971,1.000,0.026,0.000,0.004,0.001,81.000,13.000,0.000,0.987,0.997,1.000,1.000,0.013,0.000,0.003,0.000,95.000,80.000,0.000,0.945,0.987,0.956,1.000,0.047,0.007,0.013,0.000
103,1,0,0.000,0.981,0.977,0.972,1.000,0.016,0.003,0.012,0.011,61,56,0.000,0.974,0.995,0.971,1.000,0.026,0.000,0.004,0.001,81.000,13.000,0.000,0.987,0.997,1.000,1.000,0.013,0.000,0.003,0.000,95.000,80.000,0.000,0.945,0.987,0.956,1.000,0.047,0.007,0.013,0.000
104,1,0,0.000,0.981,0.977,0.972,1.000,0.016,0.003,0.012,0.011,61,56,0.000,0.974,0.995,0.971,1.000,0.026,0.000,0.004,0.001,81.000,13.000,0.000,0.987,0.997,1.000,1.000,0.013,0.000,0.003,0.000,95.000,80.000,0.000,0.945,0.987,0.956,1.000,0.047,0.007,0.013,0.000
105,1,0,0.000,0.981,0.977,0.972,1.000,0.016,0.003,0.012,0.011,61,56,0.000,0.974,0.995,0.971,1.000,0.026,0.000,0.004,0.001,81.000,13.000,0.000,0.987,0.997,1.000,1.000,0.013,0.000,0.003,0.000,95.000,80.000,0.000,0.945,0.987,0.956,1.000,0.047,0.007,0.013,0.000
106,1,0,0.000,0.981,0.977,0.972,1.000,0.016,0.003,0.012,0.011,61,56,0.000,0.974,0.995,0.971,1.000,0.026,0.000,0.004,0.001,81.000,13.000,0.000,0.987,0.997,1.000,1.000,0.013,0.000,0.003,0.000,95.000,80.000,0.000,0.945,0.987,0.956,1.000,0.047,0.007,0.013,0.000
107,1,0,0.000,0.981,0.977,0.972,1.000,0.016,0.003,0.012,0.011,61,56,0.000,0.974,0.995,0.971,1.000,0.026,0.000,0.004,0.001,81.000,13.000,0.000,0.987,0.997,1.000,1.000,0.013,0.000,0.003,0.000,95.000,80.000,0.000,0.945,0.987,0.956,1.000,0.047,0.007,0.013,0.000
108,1,0,0.000,0.981,0.977,0.972,1.000,0.016,0.003,0.012,0.011,61,56,0.000,0.974,0.995,0.971,1.000,0.026,0.000,0.004,0.001,81.000,13.000,0.000,0.987,0.997,1.000,1.000,0.013,0.000,0.003,0.000,95.000,80.000,0.000,0.945,0.987,0.956,1.000,0.047,0.007,0.013,0.000
109,1,0,0.000,0.981,0.977,0.972,1.000,0.016,0.003,0.012,0.011,61,56,0.000,0.974,0.995,0.971,1.000,0.026,0.000,0.004,0.001,81.000,13.000,0.000,0.987,0.997,1.000,1.000,0.013,0.000,0.003,0.000,95.000,80.000,0.000,0.945,0.987,0.956,1.000,0.047,0.007,0.013,0.000
110,1,0,0.000,0.981,0.977,0.972,1.000,0.016,0.003,0.012,0.011,61,56,0.000,0.974,0.995,0.971,1.000,0.026,0.000,0.004,0.001,81.000,13.000,0.000,0.987,0.997,1.000,1.000,0.013,0.000,0.003,0.000,95.000,80.000,0.000,0.945,0.987,0.956,1.000,0.047,0.007,0.013,0.000
111,1,0,0.000,0.981,0.977,0.972,1.000,0.016,0.003,0.012,0.011,61,56,0.000,0.974,0.995,0.971,1.000,0.026,0.000,0.004,0.001,81.000,13.000,0.000,0.987,0.997,1.000,1.000,0.013,0.000,0.003,0.000,95.000,80.000,0.000,0.945,0.987,0.956,1.000,0.047,0.007,0.013,0.000
112,1,0,0.000,0.981,0.977,0.972,1.000,0.016,0.003,0.012,0.011,61,56,0.000,0.974,0.995,0.971,1.000,0.026,0.000,0.004,0.001,81.000,13.000,0.000,0.987,0.997,1.000,1.000,0.013,0.000,0.003,0.000,95.000,80.000,0.000,0.945,0.987,0.956,1.000,0.047,0.007,0.013,0.000
113,1,0,0.000,0.981,0.977,0.972,1.000,0.016,0.003,0.012,0.011,61,56,0.000,0.974,0.995,0.971,1.000,0.026,0.000,0.004,0.001,81.000,13.000,0.000,0.987,0.997,1.000,1.000,0.013,0.000,0.003,0.000,95.000,80.000,0.000,0.945,0.987,0.956,1.000,0.047,0.007,0.013,0.000
114,1,0,0.000,0.981,0.977,0.972,1.000,0.016,0.003,0.012,0.011,61,56,0.000,0.974,0.995,0.971,1.000,0.026,0.000,0.004,0.001,81.000,13.000,0.000,0.987,0.997,1.000,1.000,0.013,0.000,0.003,0.000,95.000,80.000,0.000,0.945,0.987,0.956,1.000,0.047,0.007,0.013,0.000
115,1,0,0.000,0.981,0.977,0.972,1.000,0.016,0.003,0.012,0.011,61,56,0.000,0.974,0.995,0.971,1.000,0.026,0.000,0.004,0.001,81.000,13.000,0.000,0.987,0.997,1.000,1.000,0.013,0.000,0.003,0.000,95.000,80.000,0.000,0.945,0.987,0.956,1.000,0.047,0.007,0.013,0.000
116,1,0,0.000,0.981,0.977,0.972,1.000,0.016,0.003,0.012,0.011,61,56,0.000,0.974,0.995,0.971,1.000,0.026,0.000,0.004,0.001,81.000,13.000,0.000,0.987,0.997,1.000,1.000,0.013,0.000,0.003,0.000,95.000,80.000,0.000,0.945,0.987,0.956,1.000,0.047,0.007,0.013,0.000
117,1,0,0.000,0.981,0.977,0.972,1.000,0.016,0.003,0.012,0.011,61,56,0.000,0.974,0.995,0.971,1.000,0.026,0.000,0.004,0.001,81.000,13.000,0.000,0.987,0.997,1.000,1.000,0.013,0.000,0.003,0.000,95.000,80.000,0.000,0.945,0.987,0.956,1.000,0.047,0.007,0.013,0.000
118,1,0,0.000,0.981,0.977,0.972,1.000,0.016,0.003,0.012,0.011,61,56,0.000,0.974,0.995,0.971,1.000,0.026,0.000,0.004,0.001,81.000,13.000,0.000,0.987,0.997,1.000,1.000,0.013,0.000,0.003,0.000,95.000,80.000,0.000,0.945,0.987,0.956,1.000,0.047,0.007,0.013,0.000
119,1,0,0.000,0.981,0.977,0.972,1.000,0.016,0.003,0.012,0.011,61,56,0.000,0.974,0.995,0.971,1.000,0.026,0.000,0.004,0.001,81.000,13.000,0.000,0.987,0.997,1.000,1.000,0.013,0.000,0.003,0.000,95.000,80.000,0.000,0.945,0.987,0.956,1.000,0.047,0.007,0.013,0.000
120,1,0,0.000,0.981,0.977,0.972,1.000,0.016,0.003,0.012,0.011,61,56,0.000,0.974,0.995,0.971,1.000,0.026,0.000,0.004,0.001,81.000,13.000,0.000,0.987,0.997,1.000,1.000,0.013,0.000,0.003,0.000,95.000,80.000,0.000,0.945,0.987,0.956,1.000,0.047,0.007,0.013,0.000
121,1,0,0.000,0.981,0.977,0.972,1.000,0.016,0.003,0.012,0.011,61,56,0.000,0.974,0.995,0.971,1.000,0.026,0.000,0.004,0.001,81.000,13.000,0.000,0.987,0.997,1.000,1.000,0.013,0.000,0.003,0.000,95.000,80.000,0.000,0.945,0.987,0.956,1.000,0.047,0.007,0.013,0.000
122,1,0,0.000,0.981,0.977,0.972,1.000,0.016,0.003,0.012,0.011,61,56,0.000,0.974,0.995,0.971,1.000,0.026,0.000,0.004,0.001,81.000,13.000,0.000,0.987,0.997,1.000,1.000,0.013,0.000,0.003,0.000,95.000,80.000,0.000,0.945,0.987,0.956,1.000,0.047,0.007,0.013,0.000
123,1,0,0.000,0.981,0.977,0.972,1.000,0.016,0.003,0.012,0.011,61,56,0.000,0.974,0.995,0.971,1.000,0.026,0.000,0.004,0.001,81.000,13.000,0.000,0.987,0.997,1.000,1.000,0.013,0.000,0.003,0.000,95.000,80.000,0.000,0.945,0.987,0.956,1.000,0.047,0.007,0.013,0.000
124,1,0,0.000,0.981,0.977,0.972,1.000,0.016,0.003,0.012,0.011,61,56,0.000,0.974,0.995,0.971,1.000,0.026,0.000,0.004,0.001,81.000,13.000,0.000,0.987,0.997,1.000,1.000,0.013,0.000,0.003,0.000,95.000,80.000,0.000,0.945,0.987,0.956,1.000,0.047,0.007,0.013,0.000
125,1,0,0.000,0.981,0.977,0.972,1.000,0.016,0.003,0.012,0.011,61,56,0.000,0.974,0.995,0.971,1.000,0.026,0.000,0.004,0.001,81.000,13.000,0.000,0.987,0.997,1.000,1.000,0.013,0.000,0.003,0.000,95.000,80.000,0.000,0.945,0.987,0.956,1.000,0.047,0.007,0.013,0.000
126,1,0,0.000,0.981,0.977,0.972,1.000,0.016,0.003,0.012,0.011,61,56,0.000,0.974,0.995,0.971,1.000,0.026,0.000,0.004,0.001,81.000,13.000,0.000,0.987,0.997,1.000,1.000,0.013,0.000,0.003,0.000,95.000,80.000,0.000,0.945,0.987,0.956,1.000,0.047,0.007,0.013,0.000
127,1,0,0.000,0.981,0.977,0.972,1.000,0.016,0.003,0.012,0.011,61,56,0.000,0.974,0.995,0.971,1.000,0.026,0.000,0.004,0.001,81.000,13.000,0.000,0.987,0.997,1.000,1.000,0.013,0.000,0.003,0.000,95.000,80.000,0.000,0.945,0.987,0.956,1.000,0.047,0.007,0.013,0.000
128,1,0,0.000,0.981,0.977,0.972,1.000,0.016,0.003,0.012,0.011,61,56,0.000,0.974,0.995,0.971,1.000,0.026,0.000,0.004,0.001,81.000,13.000,0.000,0.987,0.997,1.000,1.000,0.013,0.000,0.003,0.000,95.000,80.000,0.000,0.945,0.987,0.956,1.000,0.047,0.007,0.013,0.000
129,1,0,0.000,0.981,0.977,0.972,1.000,0.016,0.003,0.012,0.011,61,56,0.000,0.974,0.995,0.971,1.000,0.026,0.000,0.004,0.001,81.000,13.000,0.000,0.987,0.997,1.000,1.000,0.013,0.000,0.003,0.000,95.000,80.000,0.000,0.945,0.987,0.956,1.000,0.047,0.007,0.013,0.000
130,1,0,0.000,0.981,0.977,0.972,1.000,0.016,0.003,0.012,0.011,61,56,0.000,0.974,0.995,0.971,1.000,0.026,0.000,0.004,0.001,81.000,13.000,0.000,0.987,0.997,1.000,1.000,0.013,0.000,0.003,0.000,95.000,80.000,0.000,0.945,0.987,0.956,1.000,0.047,0.007,0.013,0.000
131,1,0,0.000,0.981,0.977,0.972,1.000,0.016,0.003,0.012,0.011,61,56,0.000,0.974,0.995,0.971,1.000,0.026,0.000,0.004,0.001,81.000,13.000,0.000,0.987,0.997,1.000,1.000,0.013,0.000,0.003,0.000,95.000,80.000,0.000,0.945,0.987,0.956,1.000,0.047,0.007,0.013,0.000
132,1,0,0.000,0.981,0.977,0.972,1.000,0.016,0.003,0.012,0.011,61,56,0.000,0.974,0.995,0.971,1.000,0.026,0.000,0.004,0.001,81.000,13.000,0.000,0.987,0.997,1.000,1.000,0.013,0.000,0.003,0.000,95.000,80.000,0.000,0.945,0.987,0.956,1.000,0.047,0.007,0.013,0.000
133,1,0,0.000,0.981,0.977,0.972,1.000,0.016,0.003,0.012,0.011,61,56,0.000,0.974,0.995,0.971,1.000,0.026,0.000,0.004,0.001,81.000,13.000,0.000,0.987,0.997,1.000,1.000,0.013,0.000,0.003,0.000,95.000,80.000,0.000,0.945,0.987,0.956,1.000,0.047,0.007,0.013,0.000
134,1,0,0.000,0.981,0.977,0.972,1.000,0.016,0.003,0.012,0.011,61,56,0.000,0.974,0.995,0.971,1.000,0.026,0.000,0.004,0.001,81.000,13.000,0.000,0.987,0.997,1.000,1.000,0.013,0.000,0.003,0.000,95.000,80.000,0.000,0.945,0.987,0.956,1.000,0.047,0.007,0.013,0.000
135,1,0,0.000,0.981,0.977,0.972,1.000,0.016,0.003,0.012,0.011,61,56,0.000,0.974,0.995,0.971,1.000,0.026,0.000,0.004,0.001,81.000,13.000,0.000,0.987,0.997,1.000,1.000,0.013,0.000,0.003,0.000,95.000,80.000,0.000,0.945,0.987,0.956,1.000,0.047,0.007,0.013,0.000
136,1,0,0.000,0.981,0.977,0.972,1.000,0.016,0.003,0.012,0.011,61,56,0.000,0.974,0.995,0.971,1.000,0.026,0.000,0.004,0.001,81.000,13.000,0.000,0.987,0.997,1.000,1.000,0.013,0.000,0.003,0.000,95.000,80.000,0.000,0.945,0.987,0.956,1.000,0.047,0.007,0.013,0.000
137,1,0,0.000,0.981,0.977,0.972,1.000,0.016,0.003,0.012,0.011,61,56,0.000,0.974,0.995,0.971,1.000,0.026,0.000,0.004,0.001,81.000,13.000,0.000,0.987,0.997,1.000,1.000,0.013,0.000,0.003,0.000,95.000,80.000,0.000,0.945,0.987,0.956,1.000,0.047,0.007,0.013,0.000
138,61,56,0.000,0.974,0.995,0.971,1.000,0.026,0.000,0.004,0.001,81,13,0.000,0.987,0.997,1.000,1.000,0.013,0.000,0.003,0.000,108.000,81.000,0.000,0.979,0.996,1.000,1.000,0.012,0.009,0.004,0.000,137.000,108.000,0.000,0.975,0.995,1.000,0.999,0.007,0.018,0.003,0.002
139,61,56,0.000,0.974,0.995,0.971,1.000,0.026,0.000,0.004,0.001,81,13,0.000,0.987,0.997,1.000,1.000,0.013,0.000,0.003,0.000,108.000,81.000,0.000,0.979,0.996,1.000,1.000,0.012,0.009,0.004,0.000,137.000,108.000,0.000,0.975,0.995,1.000,0.999,0.007,0.018,0.003,0.002
140,61,56,0.000,0.974,0.995,0.971,1.000,0.026,0.000,0.004,0.001,81,13,0.000,0.987,0.997,1.000,1.000,0.013,0.000,0.003,0.000,108.000,81.000,0.000,0.979,0.996,1.000,1.000,0.012,0.009,0.004,0.000,137.000,108.000,0.000,0.975,0.995,1.000,0.999,0.007,0.018,0.003,0.002
141,61,56,0.000,0.974,0.995,0.971,1.000,0.026,0.000,0.004,0.001,81,13,0.000,0.987,0.997,1.000,1.000,0.013,0.000,0.003,0.000,108.000,81.000,0.000,0.979,0.996,1.000,1.000,0.012,0.009,0.004,0.000,137.000,108.000,0.000,0.975,0.995,1.000,0.999,0.007,0.018,0.003,0.002
142,61,56,0.000,0.974,0.995,0.971,1.000,0.026,0.000,0.004,0.001,81,13,0.000,0.987,0.997,1.000,1.000,0.013,0.000,0.003,0.000,108.000,81.000,0.000,0.979,0.996,1.000,1.000,0.012,0.009,0.004,0.000,137.000,108.000,0.000,0.975,0.995,1.000,0.999,0.007,0.018,0.003,0.002
143,61,56,0.000,0.974,0.995,0.971,1.000,0.026,0.000,0.004,0.001,81,13,0.000,0.987,0.997,1.000,1.000,0.013,0.000,0.003,0.000,108.000,81.000,0.000,0.979,0.996,1.000,1.000,0.012,0.009,0.004,0.000,137.000,108.000,0.000,0.975,0.995,1.000,0.999,0.007,0.018,0.003,0.002
144,61,56,0.000,0.974,0.995,0.971,1.000,0.026,0.000,0.004,0.001,81,13,0.000,0.987,0.997,1.000,1.000,0.013,0.000,0.003,0.000,108.000,81.000,0.000,0.979,0.996,1.000,1.000,0.012,0.009,0.004,0.000,137.000,108.000,0.000,0.975,0.995,1.000,0.999,0.007,0.018,0.003,0.002
145,61,56,0.000,0.974,0.995,0.971,1.000,0.026,0.000,0.004,0.001,81,13,0.000,0.987,0.997,1.000,1.000,0.013,0.000,0.003,0.000,108.000,81.000,0.000,0.979,0.996,1.000,1.000,0.012,0.009,0.004,0.000,137.000,108.000,0.000,0.975,0.995,1.000,0.999,0.007,0.018,0.003,0.002
146,61,56,0.000,0.974,0.995,0.971,1.000,0.026,0.000,0.004,0.001,81,13,0.000,0.987,0.997,1.000,1.000,0.013,0.000,0.003,0.000,108.000,81.000,0.000,0.979,0.996,1.000,1.000,0.012,0.009,0.004,0.000,137.000,108.000,0.000,0.975,0.995,1.000,0.999,0.007,0.018,0.003,0.002
147,61,56,0.000,0.974,0.995,0.971,1.000,0.026,0.000,0.004,0.001,81,13,0.000,0.987,0.997,1.000,1.000,0.013,0.000,0.003,0.000,108.000,81.000,0.000,0.979,0.996,1.000,1.000,0.012,0.009,0.004,0.000,137.000,108.000,0.000,0.975,0.995,1.000,0.999,0.007,0.018,0.003,0.002
148,61,56,0.000,0.974,0.995,0.971,1.000,0.026,0.000,0.004,0.001,81,13,0.000,0.987,0.997,1.000,1.000,0.013,0.000,0.003,0.000,108.000,81.000,0.000,0.979,0.996,1.000,1.000,0.012,0.009,0.004,0.000,137.000,108.000,0.000,0.975,0.995,1.000,0.999,0.007,0.018,0.003,0.002
149,61,56,0.000,0.974,0.995,0.971,1.000,0.026,0.000,0.004,0.001,81,13,0.000,0.987,0.997,1.000,1.000,0.013,0.000,0.003,0.000,108.000,81.000,0.000,0.979,0.996,1.000,1.000,0.012,0.009,0.004,0.000,137.000,108.000,0.000,0.975,0.995,1.000,0.999,0.007,0.018,0.003,0.002
150,61,56,0.000,0.974,0.995,0.971,1.000,0.026,0.000,0.004,0.001,81,13,0.000,0.987,0.997,1.000,1.000,0.013,0.000,0.003,0.000,108.000,81.000,0.000,0.979,0.996,1.000,1.000,0.012,0.009,0.004,0.000,137.000,108.000,0.000,0.975,0.995,1.000,0.999,0.007,0.018,0.003,0.002
151,61,56,0.000,0.974,0.995,0.971,1.000,0.026,0.000,0.004,0.001,81,13,0.000,0.987,0.997,1.000,1.000,0.013,0.000,0.003,0.000,108.000,81.000,0.000,0.979,0.996,1.000,1.000,0.012,0.009,0.004,0.000,137.000,108.000,0.000,0.975,0.995,1.000,0.999,0.007,0.018,0.003,0.002
152,61,56,0.000,0.974,0.995,0.971,1.000,0.026,0.000,0.004,0.001,81,13,0.000,0.987,0.997,1.000,1.000,0.013,0.000,0.003,0.000,108.000,81.000,0.000,0.979,0.996,1.000,1.000,0.012,0.009,0.004,0.000,137.000,108.000,0.000,0.975,0.995,1.000,0.999,0.007,0.018,0.003,0.002
153,61,56,0.000,0.974,0.995,0.971,1.000,0.026,0.000,0.004,0.001,81,13,0.000,0.987,0.997,1.000,1.000,0.013,0.000,0.003,0.000,108.000,81.000,0.000,0.979,0.996,1.000,1.000,0.012,0.009,0.004,0.000,137.000,108.000,0.000,0.975,0.995,1.000,0.999,0.007,0.018,0.003,0.002
154,61,56,0.000,0.974,0.995,0.971,1.000,0.026,0.000,0.004,0.001,81,13,0.000,0.987,0.997,1.000,1.000,0.013,0.000,0.003,0.000,108.000,81.000,0.000,0.979,0.996,1.000,1.000,0.012,0.009,0.004,0.000,137.000,108.000,0.000,0.975,0.995,1.000,0.999,0.007,0.018,0.003,0.002
155,61,56,0.000,0.974,0.995,0.971,1.000,0.026,0.000,0.004,0.001,81,13,0.000,0.987,0.997,1.000,1.000,0.013,0.000,0.003,0.000,108.000,81.000,0.000,0.979,0.996,1.000,1.000,0.012,0.009,0.004,0.000,137.000,108.000,0.000,0.975,0.995,1.000,0.999,0.007,0.018,0.003,0.002
156,61,56,0.000,0.974,0.995,0.971,1.000,0.026,0.000,0.004,0.001,81,13,0.000,0.987,0.997,1.000,1.000,0.013,0.000,0.003,0.000,108.000,81.000,0.000,0.979,0.996,1.000,1.000,0.012,0.009,0.004,0.000,137.000,108.000,0.000,0.975,0.995,1.000,0.999,0.007,0.018,0.003,0.002
157,61,56,0.000,0.974,0.995,0.971,1.000,0.026,0.000,0.004,0.001,81,13,0.000,0.987,0.997,1.000,1.000,0.013,0.000,0.003,0.000,108.000,81.000,0.000,0.979,0.996,1.000,1.000,0.012,0.009,0.004,0.000,137.000,108.000,0.000,0.975,0.995,1.000,0.999,0.007,0.018,0.003,0.002
158,61,56,0.000,0.974,0.995,0.971,1.000,0.026,0.000,0.004,0.001,81,13,0.000,0.987,0.997,1.000,1.000,0.013,0.000,0.003,0.000,108.000,81.000,0.000,0.979,0.996,1.000,1.000,0.012,0.009,0.004,0.000,137.000,108.000,0.000,0.975,0.995,1.000,0.999,0.007,0.018,0.003,0.002
159,61,56,0.000,0.974,0.995,0.971,1.000,0.026,0.000,0.004,0.001,81,13,0.000,0.987,0.997,1.000,1.000,0.013,0.000,0.003,0.000,108.000,81.000,0.000,0.979,0.996,1.000,1.000,0.012,0.009,0.004,0.000,137.000,108.000,0.000,0.975,0.995,1.000,0.999,0.007,0.018,0.003,0.002
160,61,56,0.000,0.974,0.995,0.971,1.000,0.026,0.000,0.004,0.001,81,13,0.000,0.987,0.997,1.000,1.000,0.013,0.000,0.003,0.000,108.000,81.000,0.000,0.979,0.996,1.000,1.000,0.012,0.009,0.004,0.000,137.000,108.000,0.000,0.975,0.995,1.000,0.999,0.007,0.018,0.003,0.002
161,61,56,0.000,0.974,0.995,0.971,1.000,0.026,0.000,0.004,0.001,81,13,0.000,0.987,0.997,1.000,1.000,0.013,0.000,0.003,0.000,108.000,81.000,0.000,0.979,0.996,1.000,1.000,0.012,0.009,0.004,0.000,137.000,108.000,0.000,0.975,0.995,1.000,0.999,0.007,0.018,0.003,0.002
162,61,56,0.000,0.974,0.995,0.971,1.000,0.026,0.000,0.004,0.001,81,13,0.000,0.987,0.997,1.000,1.000,0.013,0.000,0.003,0.000,108.000,81.000,0.000,0.979,0.996,1.000,1.000,0.012,0.009,0.004,0.000,137.000,108.000,0.000,0.975,0.995,1.000,0.999,0.007,0.018,0.003,0.002
163,61,56,0.000,0.974,0.995,0.971,1.000,0.026,0.000,0.004,0.001,81,13,0.000,0.987,0.997,1.000,1.000,0.013,0.000,0.003,0.000,108.000,81.000,0.000,0.979,0.996,1.000,1.000,0.012,0.009,0.004,0.000,137.000,108.000,0.000,0.975,0.995,1.000,0.999,0.007,0.018,0.003,0.002
164,61,56,0.000,0.974,0.995,0.971,1.000,0.026,0.000,0.004,0.001,81,13,0.000,0.987,0.997,1.000,1.000,0.013,0.000,0.003,0.000,108.000,81.000,0.000,0.979,0.996,1.000,1.000,0.012,0.009,0.004,0.000,137.000,108.000,0.000,0.975,0.995,1.000,0.999,0.007,0.018,0.003,0.002
165,61,56,0.000,0.974,0.995,0.971,1.000,0.026,0.000,0.004,0.001,81,13,0.000,0.987,0.997,1.000,1.000,0.013,0.000,0.003,0.000,108.000,81.000,0.000,0.979,0.996,1.000,1.000,0.012,0.009,0.004,0.000,137.000,108.000,0.000,0.975,0.995,1.000,0.999,0.007,0.018,0.003,0.002
166,61,56,0.000,0.974,0.995,0.971,1.000,0.026,0.000,0.004,0.001,81,13,0.000,0.987,0.997,1.000,1.000,0.013,0.000,0.003,0.000,108.000,81.000,0.000,0.979,0.996,1.000,1.000,0.012,0.009,0.004,0.000,137.000,108.000,0.000,0.975,0.995,1.000,0.999,0.007,0.018,0.003,0.002
167,61,56,0.000,0.974,0.995,0.971,1.000,0.026,0.000,0.004,0.001,81,13,0.000,0.987,0.997,1.000,1.000,0.013,0.000,0.003,0.000,108.000,81.000,0.000,0.979,0.996,1.000,1.000,0.012,0.009,0.004,0.000,137.000,108.000,0.000,0.975,0.995,1.000,0.999,0.007,0.018,0.003,0.002
168,61,56,0.000,0.974,0.995,0.971,1.000,0.026,0.000,0.004,0.001,81,13,0.000,0.987,0.997,1.000,1.000,0.013,0.000,0.003,0.000,108.000,81.000,0.000,0.979,0.996,1.000,1.000,0.012,0.009,0.004,0.000,137.000,108.000,0.000,0.975,0.995,1.000,0.999,0.007,0.018,0.003,0.002
169,61,56,0.000,0.974,0.995,0.971,1.000,0.026,0.000,0.004,0.001,81,13,0.000,0.987,0.997,1.000,1.000,0.013,0.000,0.003,0.000,108.000,81.000,0.000,0.979,0.996,1.000,1.000,0.012,0.009,0.004,0.000,137.000,108.000,0.000,0.975,0.995,1.000,0.999,0.007,0.018,0.003,0.002
170,61,56,0.000,0.974,0.995,0.971,1.000,0.026,0.000,0.004,0.001,81,13,0.000,0.987,0.997,1.000,1.000,0.013,0.000,0.003,0.000,108.000,81.000,0.000,0.979,0.996,1.000,1.000,0.012,0.009,0.004,0.000,137.000,108.000,0.000,0.975,0.995,1.000,0.999,0.007,0.018,0.003,0.002
171,61,56,0.000,0.974,0.995,0.971,1.000,0.026,0.000,0.004,0.001,81,13,0.000,0.987,0.997,1.000,1.000,0.013,0.000,0.003,0.000,108.000,81.000,0.000,0.979,0.996,1.000,1.000,0.012,0.009,0.004,0.000,137.000,108.000,0.000,0.975,0.995,1.000,0.999,0.007,0.018,0.003,0.002
172,61,56,0.000,0.974,0.995,0.971,1.000,0.026,0.000,0.004,0.001,81,13,0.000,0.987,0.997,1.000,1.000,0.013,0.000,0.003,0.000,108.000,81.000,0.000,0.979,0.996,1.000,1.000,0.012,0.009,0.004,0.000,137.000,108.000,0.000,0.975,0.995,1.000,0.999,0.007,0.018,0.003,0.002
173,61,56,0.000,0.974,0.995,0.971,1.000,0.026,0.000,0.004,0.001,81,13,0.000,0.987,0.997,1.000,1.000,0.013,0.000,0.003,0.000,108.000,81.000,0.000,0.979,0.996,1.000,1.000,0.012,0.009,0.004,0.000,137.000,108.000,0.000,0.975,0.995,1.000,0.999,0.007,0.018,0.003,0.002
174,61,56,0.000,0.974,0.995,0.971,1.000,0.026,0.000,0.004,0.001,81,13,0.000,0.987,0.997,1.000,1.000,0.013,0.000,0.003,0.000,108.000,81.000,0.000,0.979,0.996,1.000,1.000,0.012,0.009,0.004,0.000,137.000,108.000,0.000,0.975,0.995,1.000,0.999,0.007,0.018,0.003,0.002
175,61,56,0.000,0.974,0.995,0.971,1.000,0.026,0.000,0.004,0.001,81,13,0.000,0.987,0.997,1.000,1.000,0.013,0.000,0.003,0.000,108.000,81.000,0.000,0.979,0.996,1.000,1.000,0.012,0.009,0.004,0.000,137.000,108.000,0.000,0.975,0.995,1.000,0.999,0.007,0.018,0.003,0.002
176,61,56,0.000,0.974,0.995,0.971,1.000,0.026,0.000,0.004,0.001,81,13,0.000,0.987,0.997,1.000,1.000,0.013,0.000,0.003,0.000,108.000,81.000,0.000,0.979,0.996,1.000,1.000,0.012,0.009,0.004,0.000,137.000,108.000,0.000,0.975,0.995,1.000,0.999,0.007,0.018,0.003,0.002
177,61,56,0.000,0.974,0.995,0.971,1.000,0.026,0.000,0.004,0.001,81,13,0.000,0.987,0.997,1.000,1.000,0.013,0.000,0.003,0.000,108.000,81.000,0.000,0.979,0.996,1.000,1.000,0.012,0.009,0.004,0.000,137.000,108.000,0.000,0.975,0.995,1.000,0.999,0.007,0.018,0.003,0.002
178,61,56,0.000,0.974,0.995,0.971,1.000,0.026,0.000,0.004,0.001,81,13,0.000,0.987,0.997,1.000,1.000,0.013,0.000,0.003,0.000,108.000,81.000,0.000,0.979,0.996,1.000,1.000,0.012,0.009,0.004,0.000,137.000,108.000,0.000,0.975,0.995,1.000,0.999,0.007,0.018,0.003,0.002
179,61,56,0.000,0.974,0.995,0.971,1.000,0.026,0.000,0.004,0.001,81,13,0.000,0.987,0.997,1.000,1.000,0.013,0.000,0.003,0.000,108.000,81.000,0.000,0.979,0.996,1.000,1.000,0.012,0.009,0.004,0.000,137.000,108.000,0.000,0.975,0.995,1.000,0.999,0.007,0.018,0.003,0.002
180,61,56,0.000,0.974,0.995,0.971,1.000,0.026,0.000,0.004,0.001,81,13,0.000,0.987,0.997,1.000,1.000,0.013,0.000,0.003,0.000,108.000,81.000,0.000,0.979,0.996,1.000,1.000,0.012,0.009,0.004,0.000,137.000,108.000,0.000,0.975,0.995,1.000,0.999,0.007,0.018,0.003,0.002
181,61,56,0.000,0.974,0.995,0.971,1.000,0.026,0.000,0.004,0.001,81,13,0.000,0.987,0.997,1.000,1.000,0.013,0.000,0.003,0.000,108.000,81.000,0.000,0.979,0.996,1.000,1.000,0.012,0.009,0.004,0.000,137.000,108.000,0.000,0.975,0.995,1.000,0.999,0.007,0.018,0.003,0.002
182,61,56,0.000,0.974,0.995,0.971,1.000,0.026,0.000,0.004,0.001,81,13,0.000,0.987,0.997,1.000,1.000,0.013,0.000,0.003,0.000,108.000,81.000,0.000,0.979,0.996,1.000,1.000,0.012,0.009,0.004,0.000,137.000,108.000,0.000,0.975,0.995,1.000,0.999,0.007,0.018,0.003,0.002
183,61,56,0.000,0.974,0.995,0.971,1.000,0.026,0.000,0.004,0.001,81,13,0.000,0.987,0.997,1.000,1.000,0.013,0.000,0.003,0.000,108.000,81.000,0.000,0.979,0.996,1.000,1.000,0.012,0.009,0.004,0.000,137.000,108.000,0.000,0.975,0.995,1.000,0.999,0.007,0.018,0.003,0.002
184,61,56,0.000,0.974,0.995,0.971,1.000,0.026,0.000,0.004,0.001,81,13,0.000,0.987,0.997,1.000,1.000,0.013,0.000,0.003,0.000,108.000,81.000,0.000,0.979,0.996,1.000,1.000,0.012,0.009,0.004,0.000,137.000,108.000,0.000,0.975,0.995,1.000,0.999,0.007,0.018,0.003,0.002
185,61,56,0.000,0.974,0.995,0.971,1.000,0.026,0.000,0.004,0.001,81,13,0.000,0.987,0.997,1.000,1.000,0.013,0.000,0.003,0.000,108.000,81.000,0.000,0.979,0.996,1.000,1.000,0.012,0.009,0.004,0.000,137.000,108.000,0.000,0.975,0.995,1.000,0.999,0.007,0.018,0.003,0.002
186,61,56,0.000,0.974,0.995,0.971,1.000,0.026,0.000,0.004,0.001,81,13,0.000,0.987,0.997,1.000,1.000,0.013,0.000,0.003,0.000,108.000,81.000,0.000,0.979,0.996,1.000,1.000,0.012,0.009,0.004,0.000,137.000,108.000,0.000,0.975,0.995,1.000,0.999,0.007,0.018,0.003,0.002
187,61,56,0.000,0.974,0.995,0.971,1.000,0.026,0.000,0.004,0.001,81,13,0.000,0.987,0.997,1.000,1.000,0.013,0.000,0.003,0.000,108.000,81.000,0.000,0.979,0.996,1.000,1.000,0.012,0.009,0.004,0.000,137.000,108.000,0.000,0.975,0.995,1.000,0.999,0.007,0.018,0.003,0.002
188,61,56,0.000,0.974,0.995,0.971,1.000,0.026,0.000,0.004,0.001,81,13,0.000,0.987,0.997,1.000,1.000,0.013,0.000,0.003,0.000,108.000,81.000,0.000,0.979,0.996,1.000,1.000,0.012,0.009,0.004,0.000,137.000,108.000,0.000,0.975,0.995,1.000,0.999,0.007,0.018,0.003,0.002
189,61,56,0.000,0.974,0.995,0.971,1.000,0.026,0.000,0.004,0.001,81,13,0.000,0.987,0.997,1.000,1.000,0.013,0.000,0.003,0.000,108.000,81.000,0.000,0.979,0.996,1.000,1.000,0.012,0.009,0.004,0.000,137.000,108.000,0.000,0.975,0.995,1.000,0.999,0.007,0.018,0.003,0.002
190,61,56,0.000,0.974,0.995,0.971,1.000,0.026,0.000,0.004,0.001,81,13,0.000,0.987,0.997,1.000,1.000,0.013,0.000,0.003,0.000,108.000,81.000,0.000,0.979,0.996,1.000,1.000,0.012,0.009,0.004,0.000,137.000,108.000,0.000,0.975,0.995,1.000,0.999,0.007,0.018,0.003,0.002
191,61,56,0.000,0.974,0.995,0.971,1.000,0.026,0.000,0.004,0.001,81,13,0.000,0.987,0.997,1.000,1.000,0.013,0.000,0.003,0.000,108.000,81.000,0.000,0.979,0.996,1.000,1.000,0.012,0.009,0.004,0.000,137.000,108.000,0.000,0.975,0.995,1.000,0.999,0.007,0.018,0.003,0.002
192,61,56,0.000,0.974,0.995,0.971,1.000,0.026,0.000,0.004,0.001,81,13,0.000,0.987,0.997,1.000,1.000,0.013,0.000,0.003,0.000,108.000,81.000,0.000,0.979,0.996,1.000,1.000,0.012,0.009,0.004,0.000,137.000,108.000,0.000,0.975,0.995,1.000,0.999,0.007,0.018,0.003,0.002
193,61,56,0.000,0.974,0.995,0.971,1.000,0.026,0.000,0.004,0.001,81,13,0.000,0.987,0.997,1.000,1.000,0.013,0.000,0.003,0.000,108.000,81.000,0.000,0.979,0.996,1.000,1.000,0.012,0.009,0.004,0.000,137.000,108.000,0.000,0.975,0.995,1.000,0.999,0.007,0.018,0.003,0.002
194,61,56,0.000,0.974,0.995,0.971,1.000,0.026,0.000,0.004,0.001,81,13,0.000,0.987,0.997,1.000,1.000,0.013,0.000,0.003,0.000,108.000,81.000,0.000,0.979,0.996,1.000,1.000,0.012,0.009,0.004,0.000,137.000,108.000,0.000,0.975,0.995,1.000,0.999,0.007,0.018,0.003,0.002
195,61,56,0.000,0.974,0.995,0.971,1.000,0.026,0.000,0.004,0.001,81,13,0.000,0.987,0.997,1.000,1.000,0.013,0.000,0.003,0.000,108.000,81.000,0.000,0.979,0.996,1.000,1.000,0.012,0.009,0.004,0.000,137.000,108.000,0.000,0.975,0.995,1.000,0.999,0.007,0.018,0.003,0.002
196,61,56,0.000,0.974,0.995,0.971,1.000,0.026,0.000,0.004,0.001,81,13,0.000,0.987,0.997,1.000,1.000,0.013,0.000,0.003,0.000,108.000,81.000,0.000,0.979,0.996,1.000,1.000,0.012,0.009,0.004,0.000,137.000,108.000,0.000,0.975,0.995,1.000,0.999,0.007,0.018,0.003,0.002
197,61,56,0.000,0.974,0.995,0.971,1.000,0.026,0.000,0.004,0.001,81,13,0.000,0.987,0.997,1.000,1.000,0.013,0.000,0.003,0.000,108.000,81.000,0.000,0.979,0.996,1.000,1.000,0.012,0.009,0.004,0.000,137.000,108.000,0.000,0.975,0.995,1.000,0.999,0.007,0.018,0.003,0.002
198,61,56,0.000,0.974,0.995,0.971,1.000,0.026,0.000,0.004,0.001,81,13,0.000,0.987,0.997,1.000,1.000,0.013,0.000,0.003,0.000,108.000,81.000,0.000,0.979,0.996,1.000,1.000,0.012,0.009,0.004,0.000,137.000,108.000,0.000,0.975,0.995,1.000,0.999,0.007,0.018,0.003,0.002
199,61,56,0.000,0.974,0.995,0.971,1.000,0.026,0.000,0.004,0.001,81,13,0.000,0.987,0.997,1.000,1.000,0.013,0.000,0.003,0.000,108.000,81.000,0.000,0.979,0.996,1.000,1.000,0.012,0.009,0.004,0.000,137.000,108.000,0.000,0.975,0.995,1.000,0.999,0.007,0.018,0.003,0.002
200,61,56,0.000,0.974,0.995,0.971,1.000,0.026,0.000,0.004,0.001,81,13,0.000,0.987,0.997,1.000,1.000,0.013,0.000,0.003,0.000,108.000,81.000,0.000,0.979,0.996,1.000,1.000,0.012,0.009,0.004,0.000,137.000,108.000,0.000,0.975,0.995,1.000,0.999,0.007,0.018,0.003,0.002
201,61,56,0.000,0.974,0.995,0.971,1.000,0.026,0.000,0.004,0.001,81,13,0.000,0.987,0.997,1.000,1.000,0.013,0.000,0.003,0.000,108.000,81.000,0.000,0.979,0.996,1.000,1.000,0.012,0.009,0.004,0.000,137.000,108.000,0.000,0.975,0.995,1.000,0.999,0.007,0.018,0.003,0.002
202,61,56,0.000,0.974,0.995,0.971,1.000,0.026,0.000,0.004,0.001,81,13,0.000,0.987,0.997,1.000,1.000,0.013,0.000,0.003,0.000,108.000,81.000,0.000,0.979,0.996,1.000,1.000,0.012,0.009,0.004,0.000,137.000,108.000,0.000,0.975,0.995,1.000,0.999,0.007,0.018,0.003,0.002
203,61,56,0.000,0.974,0.995,0.971,1.000,0.026,0.000,0.004,0.001,81,13,0.000,0.987,0.997,1.000,1.000,0.013,0.000,0.003,0.000,108.000,81.000,0.000,0.979,0.996,1.000,1.000,0.012,0.009,0.004,0.000,137.000,108.000,0.000,0.975,0.995,1.000,0.999,0.007,0.018,0.003,0.002
204,61,56,0.000,0.974,0.995,0.971,1.000,0.026,0.000,0.004,0.001,81,13,0.000,0.987,0.997,1.000,1.000,0.013,0.000,0.003,0.000,108.000,81.000,0.000,0.979,0.996,1.000,1.000,0.012,0.009,0.004,0.000,137.000,108.000,0.000,0.975,0.995,1.000,0.999,0.007,0.018,0.003,0.002
205,61,56,0.000,0.974,0.995,0.971,1.000,0.026,0.000,0.004,0.001,81,13,0.000,0.987,0.997,1.000,1.000,0.013,0.000,0.003,0.000,108.000,81.000,0.000,0.979,0.996,1.000,1.000,0.012,0.009,0.004,0.000,137.000,108.000,0.000,0.975,0.995,1.000,0.999,0.007,0.018,0.003,0.002
206,61,56,0.000,0.974,0.995,0.971,1.000,0.026,0.000,0.004,0.001,81,13,0.000,0.987,0.997,1.000,1.000,0.013,0.000,0.003,0.000,108.000,81.000,0.000,0.979,0.996,1.000,1.000,0.012,0.009,0.004,0.000,137.000,108.000,0.000,0.975,0.995,1.000,0.999,0.007,0.018,0.003,0.002
207,61,56,0.000,0.974,0.995,0.971,1.000,0.026,0.000,0.004,0.001,81,13,0.000,0.987,0.997,1.000,1.000,0.013,0.000,0.003,0.000,108.000,81.000,0.000,0.979,0.996,1.000,1.000,0.012,0.009,0.004,0.000,137.000,108.000,0.000,0.975,0.995,1.000,0.999,0.007,0.018,0.003,0.002
208,61,56,0.000,0.974,0.995,0.971,1.000,0.026,0.000,0.004,0.001,81,13,0.000,0.987,0.997,1.000,1.000,0.013,0.000,0.003,0.000,108.000,81.000,0.000,0.979,0.996,1.000,1.000,0.012,0.009,0.004,0.000,137.000,108.000,0.000,0.975,0.995,1.000,0.999,0.007,0.018,0.003,0.002
209,61,56,0.000,0.974,0.995,0.971,1.000,0.026,0.000,0.004,0.001,81,13,0.000,0.987,0.997,1.000,1.000,0.013,0.000,0.003,0.000,108.000,81.000,0.000,0.979,0.996,1.000,1.000,0.012,0.009,0.004,0.000,137.000,108.000,0.000,0.975,0.995,1.000,0.999,0.007,0.018,0.003,0.002
210,61,56,0.000,0.974,0.995,0.971,1.000,0.026,0.000,0.004,0.001,81,13,0.000,0.987,0.997,1.000,1.000,0.013,0.000,0.003,0.000,108.000,81.000,0.000,0.979,0.996,1.000,1.000,0.012,0.009,0.004,0.000,137.000,108.000,0.000,0.975,0.995,1.000,0.999,0.007,0.018,0.003,0.002
211,61,56,0.000,0.974,0.995,0.971,1.000,0.026,0.000,0.004,0.001,81,13,0.000,0.987,0.997,1.000,1.000,0.013,0.000,0.003,0.000,108.000,81.000,0.000,0.979,0.996,1.000,1.000,0.012,0.009,0.004,0.000,137.000,108.000,0.000,0.975,0.995,1.000,0.999,0.007,0.018,0.003,0.002
212,61,56,0.000,0.974,0.995,0.971,1.000,0.026,0.000,0.004,0.001,81,13,0.000,0.987,0.997,1.000,1.000,0.013,0.000,0.003,0.000,108.000,81.000,0.000,0.979,0.996,1.000,1.000,0.012,0.009,0.004,0.000,137.000,108.000,0.000,0.975,0.995,1.000,0.999,0.007,0.018,0.003,0.002
213,61,56,0.000,0.974,0.995,0.971,1.000,0.026,0.000,0.004,0.001,81,13,0.000,0.987,0.997,1.000,1.000,0.013,0.000,0.003,0.000,108.000,81.000,0.000,0.979,0.996,1.000,1.000,0.012,0.009,0.004,0.000,137.000,108.000,0.000,0.975,0.995,1.000,0.999,0.007,0.018,0.003,0.002
214,61,56,0.000,0.974,0.995,0.971,1.000,0.026,0.000,0.004,0.001,81,13,0.000,0.987,0.997,1.000,1.000,0.013,0.000,0.003,0.000,108.000,81.000,0.000,0.979,0.996,1.000,1.000,0.012,0.009,0.004,0.000,137.000,108.000,0.000,0.975,0.995,1.000,0.999,0.007,0.018,0.003,0.002
215,61,56,0.000,0.974,0.995,0.971,1.000,0.026,0.000,0.004,0.001,81,13,0.000,0.987,0.997,1.000,1.000,0.013,0.000,0.003,0.000,108.000,81.000,0.000,0.979,0.996,1.000,1.000,0.012,0.009,0.004,0.000,137.000,108.000,0.000,0.975,0.995,1.000,0.999,0.007,0.018,0.003,0.002
216,61,56,0.000,0.974,0.995,0.971,1.000,0.026,0.000,0.004,0.001,81,13,0.000,0.987,0.997,1.000,1.000,0.013,0.000,0.003,0.000,108.000,81.000,0.000,0.979,0.996,1.000,1.000,0.012,0.009,0.004,0.000,137.000,108.000,0.000,0.975,0.995,1.000,0.999,0.007,0.018,0.003,0.002
217,61,56,0.000,0.974,0.995,0.971,1.000,0.026,0.000,0.004,0.001,81,13,0.000,0.987,0.997,1.000,1.000,0.013,0.000,0.003,0.000,108.000,81.000,0.000,0.979,0.996,1.000,1.000,0.012,0.009,0.004,0.000,137.000,108.000,0.000,0.975,0.995,1.000,0.999,0.007,0.018,0.003,0.002
218,61,56,0.000,0.974,0.995,0.971,1.000,0.026,0.000,0.004,0.001,81,13,0.000,0.987,0.997,1.000,1.000,0.013,0.000,0.003,0.000,108.000,81.000,0.000,0.979,0.996,1.000,1.000,0.012,0.009,0.004,0.000,137.000,108.000,0.000,0.975,0.995,1.000,0.999,0.007,0.018,0.003,0.002
219,61,56,0.000,0.974,0.995,0.971,1.000,0.026,0.000,0.004,0.001,81,13,0.000,0.987,0.997,1.000,1.000,0.013,0.000,0.003,0.000,108.000,81.000,0.000,0.979,0.996,1.000,1.000,0.012,0.009,0.004,0.000,137.000,108.000,0.000,0.975,0.995,1.000,0.999,0.007,0.018,0.003,0.002
220,61,56,0.000,0.974,0.995,0.971,1.000,0.026,0.000,0.004,0.001,81,13,0.000,0.987,0.997,1.000,1.000,0.013,0.000,0.003,0.000,108.000,81.000,0.000,0.979,0.996,1.000,1.000,0.012,0.009,0.004,0.000,137.000,108.000,0.000,0.975,0.995,1.000,0.999,0.007,0.018,0.003,0.002
221,61,56,0.000,0.974,0.995,0.971,1.000,0.026,0.000,0.004,0.001,81,13,0.000,0.987,0.997,1.000,1.000,0.013,0.000,0.003,0.000,108.000,81.000,0.000,0.979,0.996,1.000,1.000,0.012,0.009,0.004,0.000,142.000,81.000,0.000,0.989,0.996,1.000,0.999,0.011,0.000,0.004,0.000
222,61,56,0.000,0.974,0.995,0.971,1.000,0.026,0.000,0.004,0.001,81,13,0.000,0.987,0.997,1.000,1.000,0.013,0.000,0.003,0.000,108.000,81.000,0.000,0.979,0.996,1.000,1.000,0.012,0.009,0.004,0.000,142.000,81.000,0.000,0.989,0.996,1.000,0.999,0.011,0.000,0.004,0.000
223,61,56,0.000,0.974,0.995,0.971,1.000,0.026,0.000,0.004,0.001,81,13,0.000,0.987,0.997,1.000,1.000,0.013,0.000,0.003,0.000,108.000,81.000,0.000,0.979,0.996,1.000,1.000,0.012,0.009,0.004,0.000,142.000,81.000,0.000,0.989,0.996,1.000,0.999,0.011,0.000,0.004,0.000
224,61,56,0.000,0.974,0.995,0.971,1.000,0.026,0.000,0.004,0.001,81,13,0.000,0.987,0.997,1.000,1.000,0.013,0.000,0.003,0.000,108.000,81.000,0.000,0.979,0.996,1.000,1.000,0.012,0.009,0.004,0.000,142.000,81.000,0.000,0.989,0.996,1.000,0.999,0.011,0.000,0.004,0.000
225,61,56,0.000,0.974,0.995,0.971,1.000,0.026,0.000,0.004,0.001,81,13,0.000,0.987,0.997,1.000,1.000,0.013,0.000,0.003,0.000,108.000,81.000,0.000,0.979,0.996,1.000,1.000,0.012,0.009,0.004,0.000,142.000,81.000,0.000,0.989,0.996,1.000,0.999,0.011,0.000,0.004,0.000
226,61,56,0.000,0.974,0.995,0.971,1.000,0.026,0.000,0.004,0.001,81,13,0.000,0.987,0.997,1.000,1.000,0.013,0.000,0.003,0.000,108.000,81.000,0.000,0.979,0.996,1.000,1.000,0.012,0.009,0.004,0.000,142.000,81.000,0.000,0.989,0.996,1.000,0.999,0.011,0.000,0.004,0.000
227,61,56,0.000,0.974,0.995,0.971,1.000,0.026,0.000,0.004,0.001,81,13,0.000,0.987,0.997,1.000,1.000,0.013,0.000,0.003,0.000,108.000,81.000,0.000,0.979,0.996,1.000,1.000,0.012,0.009,0.004,0.000,142.000,81.000,0.000,0.989,0.996,1.000,0.999,0.011,0.000,0.004,0.000
228,61,56,0.000,0.974,0.995,0.971,1.000,0.026,0.000,0.004,0.001,81,13,0.000,0.987,0.997,1.000,1.000,0.013,0.000,0.003,0.000,108.000,81.000,0.000,0.979,0.996,1.000,1.000,0.012,0.009,0.004,0.000,142.000,81.000,0.000,0.989,0.996,1.000,0.999,0.011,0.000,0.004,0.000
229,61,56,0.000,0.974,0.995,0.971,1.000,0.026,0.000,0.004,0.001,81,13,0.000,0.987,0.997,1.000,1.000,0.013,0.000,0.003,0.000,108.000,81.000,0.000,0.979,0.996,1.000,1.000,0.012,0.009,0.004,0.000,142.000,81.000,0.000,0.989,0.996,1.000,0.999,0.011,0.000,0.004,0.000
230,61,56,0.000,0.974,0.995,0.971,1.000,0.026,0.000,0.004,0.001,81,13,0.000,0.987,0.997,1.000,1.000,0.013,0.000,0.003,0.000,108.000,81.000,0.000,0.979,0.996,1.000,1.000,0.012,0.009,0.004,0.000,142.000,81.000,0.000,0.989,0.996,1.000,0.999,0.011,0.000,0.004,0.000
231,61,56,0.000,0.974,0.995,0.971,1.000,0.026,0.000,0.004,0.001,81,13,0.000,0.987,0.997,1.000,1.000,0.013,0.000,0.003,0.000,108.000,81.000,0.000,0.979,0.996,1.000,1.000,0.012,0.009,0.004,0.000,142.000,81.000,0.000,0.989,0.996,1.000,0.999,0.011,0.000,0.004,0.000
232,61,56,0.000,0.974,0.995,0.971,1.000,0.026,0.000,0.004,0.001,81,13,0.000,0.987,0.997,1.000,1.000,0.013,0.000,0.003,0.000,142.000,81.000,0.000,0.989,0.996,1.000,0.999,0.011,0.000,0.004,0.000,159.000,153.000,0.000,0.975,0.985,0.931,1.000,0.025,0.000,0.011,0.004
233,61,56,0.000,0.974,0.995,0.971,1.000,0.026,0.000,0.004,0.001,81,13,0.000,0.987,0.997,1.000,1.000,0.013,0.000,0.003,0.000,142.000,81.000,0.000,0.989,0.996,1.000,0.999,0.011,0.000,0.004,0.000,159.000,153.000,0.000,0.975,0.985,0.931,1.000,0.025,0.000,0.011,0.004
234,61,56,0.000,0.974,0.995,0.971,1.000,0.026,0.000,0.004,0.001,81,13,0.000,0.987,0.997,1.000,1.000,0.013,0.000,0.003,0.000,142.000,81.000,0.000,0.989,0.996,1.000,0.999,0.011,0.000,0.004,0.000,159.000,153.000,0.000,0.975,0.985,0.931,1.000,0.025,0.000,0.011,0.004
235,61,56,0.000,0.974,0.995,0.971,1.000,0.026,0.000,0.004,0.001,81,13,0.000,0.987,0.997,1.000,1.000,0.013,0.000,0.003,0.000,142.000,81.000,0.000,0.989,0.996,1.000,0.999,0.011,0.000,0.004,0.000,159.000,153.000,0.000,0.975,0.985,0.931,1.000,0.025,0.000,0.011,0.004
236,61,56,0.000,0.974,0.995,0.971,1.000,0.026,0.000,0.004,0.001,81,13,0.000,0.987,0.997,1.000,1.000,0.013,0.000,0.003,0.000,142.000,81.000,0.000,0.989,0.996,1.000,0.999,0.011,0.000,0.004,0.000,159.000,153.000,0.000,0.975,0.985,0.931,1.000,0.025,0.000,0.011,0.004
237,61,56,0.000,0.974,0.995,0.971,1.000,0.026,0.000,0.004,0.001,81,13,0.000,0.987,0.997,1.000,1.000,0.013,0.000,0.003,0.000,142.000,81.000,0.000,0.989,0.996,1.000,0.999,0.011,0.000,0.004,0.000,159.000,153.000,0.000,0.975,0.985,0.931,1.000,0.025,0.000,0.011,0.004
238,61,56,0.000,0.974,0.995,0.971,1.000,0.026,0.000,0.004,0.001,81,13,0.000,0.987,0.997,1.000,1.000,0.013,0.000,0.003,0.000,142.000,81.000,0.000,0.989,0.996,1.000,0.999,0.011,0.000,0.004,0.000,159.000,153.000,0.000,0.975,0.985,0.931,1.000,0.025,0.000,0.011,0.004
239,61,56,0.000,0.974,0.995,0.971,1.000,0.026,0.000,0.004,0.001,81,13,0.000,0.987,0.997,1.000,1.000,0.013,0.000,0.003,0.000,142.000,81.000,0.000,0.989,0.996,1.000,0.999,0.011,0.000,0.004,0.000,159.000,153.000,0.000,0.975,0.985,0.931,1.000,0.025,0.000,0.011,0.004
240,61,56,0.000,0.974,0.995,0.971,1.000,0.026,0.000,0.004,0.001,81,13,0.000,0.987,0.997,1.000,1.000,0.013,0.000,0.003,0.000,142.000,81.000,0.000,0.989,0.996,1.000,0.999,0.011,0.000,0.004,0.000,164.000,146.000,0.000,0.946,0.988,0.938,1.000,0.045,0.009,0.011,0.001
241,61,56,0.000,0.974,0.995,0.971,1.000,0.026,0.000,0.004,0.001,81,13,0.000,0.987,0.997,1.000,1.000,0.013,0.000,0.003,0.000,142.000,81.000,0.000,0.989,0.996,1.000,0.999,0.011,0.000,0.004,0.000,164.000,146.000,0.000,0.946,0.988,0.938,1.000,0.045,0.009,0.011,0.001
242,61,56,0.000,0.974,0.995,0.971,1.000,0.026,0.000,0.004,0.001,81,13,0.000,0.987,0.997,1.000,1.000,0.013,0.000,0.003,0.000,142.000,81.000,0.000,0.989,0.996,1.000,0.999,0.011,0.000,0.004,0.000,164.000,146.000,0.000,0.946,0.988,0.938,1.000,0.045,0.009,0.011,0.001
243,61,56,0.000,0.974,0.995,0.971,1.000,0.026,0.000,0.004,0.001,81,13,0.000,0.987,0.997,1.000,1.000,0.013,0.000,0.003,0.000,142.000,81.000,0.000,0.989,0.996,1.000,0.999,0.011,0.000,0.004,0.000,164.000,146.000,0.000,0.946,0.988,0.938,1.000,0.045,0.009,0.011,0.001
244,61,56,0.000,0.974,0.995,0.971,1.000,0.026,0.000,0.004,0.001,81,13,0.000,0.987,0.997,1.000,1.000,0.013,0.000,0.003,0.000,142.000,81.000,0.000,0.989,0.996,1.000,0.999,0.011,0.000,0.004,0.000,164.000,146.000,0.000,0.946,0.988,0.938,1.000,0.045,0.009,0.011,0.001
245,61,56,0.000,0.974,0.995,0.971,1.000,0.026,0.000,0.004,0.001,81,13,0.000,0.987,0.997,1.000,1.000,0.013,0.000,0.003,0.000,142.000,81.000,0.000,0.989,0.996,1.000,0.999,0.011,0.000,0.004,0.000,164.000,146.000,0.000,0.946,0.988,0.938,1.000,0.045,0.009,0.011,0.001
246,61,56,0.000,0.974,0.995,0.971,1.000,0.026,0.000,0.004,0.001,81,13,0.000,0.987,0.997,1.000,1.000,0.013,0.000,0.003,0.000,142.000,81.000,0.000,0.989,0.996,1.000,0.999,0.011,0.000,0.004,0.000,164.000,146.000,0.000,0.946,0.988,0.938,1.000,0.045,0.009,0.011,0.001
247,61,56,0.000,0.974,0.995,0.971,1.000,0.026,0.000,0.004,0.001,81,13,0.000,0.987,0.997,1.000,1.000,0.013,0.000,0.003,0.000,142.000,81.000,0.000,0.989,0.996,1.000,0.999,0.011,0.000,0.004,0.000,164.000,146.000,0.000,0.946,0.988,0.938,1.000,0.045,0.009,0.011,0.001
248,61,56,0.000,0.974,0.995,0.971,1.000,0.026,0.000,0.004,0.001,81,13,0.000,0.987,0.997,1.000,1.000,0.013,0.000,0.003,0.000,142.000,81.000,0.000,0.989,0.996,1.000,0.999,0.011,0.000,0.004,0.000,164.000,146.000,0.000,0.946,0.988,0.938,1.000,0.045,0.009,0.011,0.001
249,61,56,0.000,0.974,0.995,0.971,1.000,0.026,0.000,0.004,0.001,81,13,0.000,0.987,0.997,1.000,1.000,0.013,0.000,0.003,0.000,142.000,81.000,0.000,0.989,0.996,1.000,0.999,0.011,0.000,0.004,0.000,164.000,146.000,0.000,0.946,0.988,0.938,1.000,0.045,0.009,0.011,0.001
250,61,56,0.000,0.974,0.995,0.971,1.000,0.026,0.000,0.004,0.001,81,13,0.000,0.987,0.997,1.000,1.000,0.013,0.000,0.003,0.000,142.000,81.000,0.000,0.989,0.996,1.000,0.999,0.011,0.000,0.004,0.000,164.000,146.000,0.000,0.946,0.988,0.938,1.000,0.045,0.009,0.011,0.001
251,61,56,0.000,0.974,0.995,0.971,1.000,0.026,0.000,0.004,0.001,81,13,0.000,0.987,0.997,1.000,1.000,0.013,0.000,0.003,0.000,142.000,81.000,0.000,0.989,0.996,1.000,0.999,0.011,0.000,0.004,0.000,164.000,146.000,0.000,0.946,0.988,0.938,1.000,0.045,0.009,0.011,0.001
252,61,56,0.000,0.974,0.995,0.971,1.000,0.026,0.000,0.004,0.001,81,13,0.000,0.987,0.997,1.000,1.000,0.013,0.000,0.003,0.000,142.000,81.000,0.000,0.989,0.996,1.000,0.999,0.011,0.000,0.004,0.000,164.000,146.000,0.000,0.946,0.988,0.938,1.000,0.045,0.009,0.011,0.001
253,61,56,0.000,0.974,0.995,0.971,1.000,0.026,0.000,0.004,0.001,81,13,0.000,0.987,0.997,1.000,1.000,0.013,0.000,0.003,0.000,142.000,81.000,0.000,0.989,0.996,1.000,0.999,0.011,0.000,0.004,0.000,164.000,146.000,0.000,0.946,0.988,0.938,1.000,0.045,0.009,0.011,0.001
254,61,56,0.000,0.974,0.995,0.971,1.000,0.026,0.000,0.004,0.001,81,13,0.000,0.987,0.997,1.000,1.000,0.013,0.000,0.003,0.000,142.000,81.000,0.000,0.989,0.996,1.000,0.999,0.011,0.000,0.004,0.000,164.000,146.000,0.000,0.946,0.988,0.938,1.000,0.045,0.009,0.011,0.001
255,61,56,0.000,0.974,0.995,0.971,1.000,0.026,0.000,0.004,0.001,81,13,0.000,0.987,0.997,1.000,1.000,0.013,0.000,0.003,0.000,142.000,81.000,0.000,0.989,0.996,1.000,0.999,0.011,0.000,0.004,0.000,164.000,146.000,0.000,0.946,0.988,0.938,1.000,0.045,0.009,0.011,0.001
256,61,56,0.000,0.974,0.995,0.971,1.000,0.026,0.000,0.004,0.001,81,13,0.000,0.987,0.997,1.000,1.000,0.013,0.000,0.003,0.000,164.000,146.000,0.000,0.946,0.988,0.938,1.000,0.045,0.009,0.011,0.001,222.000,197.000,0.000,0.939,0.989,0.997,0.993,0.048,0.014,0.010,0.001
257,61,56,0.000,0.974,0.995,0.971,1.000,0.026,0.000,0.004,0.001,81,13,0.000,0.987,0.997,1.000,1.000,0.013,0.000,0.003,0.000,164.000,146.000,0.000,0.946,0.988,0.938,1.000,0.045,0.009,0.011,0.001,222.000,197.000,0.000,0.939,0.989,0.997,0.993,0.048,0.014,0.010,0.001
258,61,56,0.000,0.974,0.995,0.971,1.000,0.026,0.000,0.004,0.001,81,13,0.000,0.987,0.997,1.000,1.000,0.013,0.000,0.003,0.000,164.000,146.000,0.000,0.946,0.988,0.938,1.000,0.045,0.009,0.011,0.001,222.000,197.000,0.000,0.939,0.989,0.997,0.993,0.048,0.014,0.010,0.001
259,61,56,0.000,0.974,0.995,0.971,1.000,0.026,0.000,0.004,0.001,81,13,0.000,0.987,0.997,1.000,1.000,0.013,0.000,0.003,0.000,164.000,146.000,0.000,0.946,0.988,0.938,1.000,0.045,0.009,0.011,0.001,222.000,197.000,0.000,0.939,0.989,0.997,0.993,0.048,0.014,0.010,0.001
260,61,56,0.000,0.974,0.995,0.971,1.000,0.026,0.000,0.004,0.001,81,13,0.000,0.987,0.997,1.000,1.000,0.013,0.000,0.003,0.000,164.000,146.000,0.000,0.946,0.988,0.938,1.000,0.045,0.009,0.011,0.001,222.000,197.000,0.000,0.939,0.989,0.997,0.993,0.048,0.014,0.010,0.001
261,61,56,0.000,0.974,0.995,0.971,1.000,0.026,0.000,0.004,0.001,81,13,0.000,0.987,0.997,1.000,1.000,0.013,0.000,0.003,0.000,222.000,197.000,0.000,0.939,0.989,0.997,0.993,0.048,0.014,0.010,0.001,223.000,153.000,0.000,0.937,0.993,0.932,0.998,0.044,0.018,0.007,0.000
262,61,56,0.000,0.974,0.995,0.971,1.000,0.026,0.000,0.004,0.001,81,13,0.000,0.987,0.997,1.000,1.000,0.013,0.000,0.003,0.000,223.000,153.000,0.000,0.937,0.993,0.932,0.998,0.044,0.018,0.007,0.000,251.000,164.000,0.000,0.956,0.983,0.946,1.000,0.041,0.003,0.008,0.010
263,61,56,0.000,0.974,0.995,0.971,1.000,0.026,0.000,0.004,0.001,81,13,0.000,0.987,0.997,1.000,1.000,0.013,0.000,0.003,0.000,223.000,153.000,0.000,0.937,0.993,0.932,0.998,0.044,0.018,0.007,0.000,251.000,164.000,0.000,0.956,0.983,0.946,1.000,0.041,0.003,0.008,0.010
264,61,56,0.000,0.974,0.995,0.971,1.000,0.026,0.000,0.004,0.001,81,13,0.000,0.987,0.997,1.000,1.000,0.013,0.000,0.003,0.000,223.000,153.000,0.000,0.937,0.993,0.932,0.998,0.044,0.018,0.007,0.000,253.000,61.000,0.000,0.969,0.995,0.991,1.000,0.018,0.013,0.005,0.000
265,61,56,0.000,0.974,0.995,0.971,1.000,0.026,0.000,0.004,0.001,81,13,0.000,0.987,0.997,1.000,1.000,0.013,0.000,0.003,0.000,223.000,153.000,0.000,0.937,0.993,0.932,0.998,0.044,0.018,0.007,0.000,253.000,61.000,0.000,0.969,0.995,0.991,1.000,0.018,0.013,0.005,0.000
266,61,56,0.000,0.974,0.995,0.971,1.000,0.026,0.000,0.004,0.001,81,13,0.000,0.987,0.997,1.000,1.000,0.013,0.000,0.003,0.000,223.000,153.000,0.000,0.937,0.993,0.932,0.998,0.044,0.018,0.007,0.000,253.000,61.000,0.000,0.969,0.995,0.991,1.000,0.018,0.013,0.005,0.000
267,61,56,0.000,0.974,0.995,0.971,1.000,0.026,0.000,0.004,0.001,81,13,0.000,0.987,0.997,1.000,1.000,0.013,0.000,0.003,0.000,223.000,153.000,0.000,0.937,0.993,0.932,0.998,0.044,0.018,0.007,0.000,253.000,61.000,0.000,0.969,0.995,0.991,1.000,0.018,0.013,0.005,0.000
268,61,56,0.000,0.974,0.995,0.971,1.000,0.026,0.000,0.004,0.001,81,13,0.000,0.987,0.997,1.000,1.000,0.013,0.000,0.003,0.000,223.000,153.000,0.000,0.937,0.993,0.932,0.998,0.044,0.018,0.007,0.000,253.000,61.000,0.000,0.969,0.995,0.991,1.000,0.018,0.013,0.005,0.000
269,61,56,0.000,0.974,0.995,0.971,1.000,0.026,0.000,0.004,0.001,81,13,0.000,0.987,0.997,1.000,1.000,0.013,0.000,0.003,0.000,223.000,153.000,0.000,0.937,0.993,0.932,0.998,0.044,0.018,0.007,0.000,253.000,61.000,0.000,0.969,0.995,0.991,1.000,0.018,0.013,0.005,0.000
270,61,56,0.000,0.974,0.995,0.971,1.000,0.026,0.000,0.004,0.001,81,13,0.000,0.987,0.997,1.000,1.000,0.013,0.000,0.003,0.000,223.000,153.000,0.000,0.937,0.993,0.932,0.998,0.044,0.018,0.007,0.000,253.000,61.000,0.000,0.969,0.995,0.991,1.000,0.018,0.013,0.005,0.000
271,61,56,0.000,0.974,0.995,0.971,1.000,0.026,0.000,0.004,0.001,81,13,0.000,0.987,0.997,1.000,1.000,0.013,0.000,0.003,0.000,223.000,153.000,0.000,0.937,0.993,0.932,0.998,0.044,0.018,0.007,0.000,253.000,61.000,0.000,0.969,0.995,0.991,1.000,0.018,0.013,0.005,0.000
272,61,56,0.000,0.974,0.995,0.971,1.000,0.026,0.000,0.004,0.001,81,13,0.000,0.987,0.997,1.000,1.000,0.013,0.000,0.003,0.000,223.000,153.000,0.000,0.937,0.993,0.932,0.998,0.044,0.018,0.007,0.000,253.000,61.000,0.000,0.969,0.995,0.991,1.000,0.018,0.013,0.005,0.000
273,61,56,0.000,0.974,0.995,0.971,1.000,0.026,0.000,0.004,0.001,81,13,0.000,0.987,0.997,1.000,1.000,0.013,0.000,0.003,0.000,223.000,153.000,0.000,0.937,0.993,0.932,0.998,0.044,0.018,0.007,0.000,253.000,61.000,0.000,0.969,0.995,0.991,1.000,0.018,0.013,0.005,0.000
274,61,56,0.000,0.974,0.995,0.971,1.000,0.026,0.000,0.004,0.001,81,13,0.000,0.987,0.997,1.000,1.000,0.013,0.000,0.003,0.000,223.000,153.000,0.000,0.937,0.993,0.932,0.998,0.044,0.018,0.007,0.000,253.000,61.000,0.000,0.969,0.995,0.991,1.000,0.018,0.013,0.005,0.000
275,61,56,0.000,0.974,0.995,0.971,1.000,0.026,0.000,0.004,0.001,81,13,0.000,0.987,0.997,1.000,1.000,0.013,0.000,0.003,0.000,223.000,153.000,0.000,0.937,0.993,0.932,0.998,0.044,0.018,0.007,0.000,253.000,61.000,0.000,0.969,0.995,0.991,1.000,0.018,0.013,0.005,0.000
276,61,56,0.000,0.974,0.995,0.971,1.000,0.026,0.000,0.004,0.001,81,13,0.000,0.987,0.997,1.000,1.000,0.013,0.000,0.003,0.000,223.000,153.000,0.000,0.937,0.993,0.932,0.998,0.044,0.018,0.007,0.000,253.000,61.000,0.000,0.969,0.995,0.991,1.000,0.018,0.013,0.005,0.000
277,61,56,0.000,0.974,0.995,0.971,1.000,0.026,0.000,0.004,0.001,81,13,0.000,0.987,0.997,1.000,1.000,0.013,0.000,0.003,0.000,223.000,153.000,0.000,0.937,0.993,0.932,0.998,0.044,0.018,0.007,0.000,253.000,61.000,0.000,0.969,0.995,0.991,1.000,0.018,0.013,0.005,0.000
278,61,56,0.000,0.974,0.995,0.971,1.000,0.026,0.000,0.004,0.001,81,13,0.000,0.987,0.997,1.000,1.000,0.013,0.000,0.003,0.000,223.000,153.000,0.000,0.937,0.993,0.932,0.998,0.044,0.018,0.007,0.000,253.000,61.000,0.000,0.969,0.995,0.991,1.000,0.018,0.013,0.005,0.000
279,61,56,0.000,0.974,0.995,0.971,1.000,0.026,0.000,0.004,0.001,81,13,0.000,0.987,0.997,1.000,1.000,0.013,0.000,0.003,0.000,223.000,153.000,0.000,0.937,0.993,0.932,0.998,0.044,0.018,0.007,0.000,253.000,61.000,0.000,0.969,0.995,0.991,1.000,0.018,0.013,0.005,0.000
280,61,56,0.000,0.974,0.995,0.971,1.000,0.026,0.000,0.004,0.001,81,13,0.000,0.987,0.997,1.000,1.000,0.013,0.000,0.003,0.000,223.000,153.000,0.000,0.937,0.993,0.932,0.998,0.044,0.018,0.007,0.000,253.000,61.000,0.000,0.969,0.995,0.991,1.000,0.018,0.013,0.005,0.000
281,61,56,0.000,0.974,0.995,0.971,1.000,0.026,0.000,0.004,0.001,81,13,0.000,0.987,0.997,1.000,1.000,0.013,0.000,0.003,0.000,223.000,153.000,0.000,0.937,0.993,0.932,0.998,0.044,0.018,0.007,0.000,253.000,61.000,0.000,0.969,0.995,0.991,1.000,0.018,0.013,0.005,0.000
282,61,56,0.000,0.974,0.995,0.971,1.000,0.026,0.000,0.004,0.001,81,13,0.000,0.987,0.997,1.000,1.000,0.013,0.000,0.003,0.000,223.000,153.000,0.000,0.937,0.993,0.932,0.998,0.044,0.018,0.007,0.000,253.000,61.000,0.000,0.969,0.995,0.991,1.000,0.018,0.013,0.005,0.000
283,61,56,0.000,0.974,0.995,0.971,1.000,0.026,0.000,0.004,0.001,81,13,0.000,0.987,0.997,1.000,1.000,0.013,0.000,0.003,0.000,223.000,153.000,0.000,0.937,0.993,0.932,0.998,0.044,0.018,0.007,0.000,253.000,61.000,0.000,0.969,0.995,0.991,1.000,0.018,0.013,0.005,0.000
284,61,56,0.000,0.974,0.995,0.971,1.000,0.026,0.000,0.004,0.001,81,13,0.000,0.987,0.997,1.000,1.000,0.013,0.000,0.003,0.000,223.000,153.000,0.000,0.937,0.993,0.932,0.998,0.044,0.018,0.007,0.000,253.000,61.000,0.000,0.969,0.995,0.991,1.000,0.018,0.013,0.005,0.000
285,61,56,0.000,0.974,0.995,0.971,1.000,0.026,0.000,0.004,0.001,81,13,0.000,0.987,0.997,1.000,1.000,0.013,0.000,0.003,0.000,223.000,153.000,0.000,0.937,0.993,0.932,0.998,0.044,0.018,0.007,0.000,253.000,61.000,0.000,0.969,0.995,0.991,1.000,0.018,0.013,0.005,0.000
286,61,56,0.000,0.974,0.995,0.971,1.000,0.026,0.000,0.004,0.001,81,13,0.000,0.987,0.997,1.000,1.000,0.013,0.000,0.003,0.000,223.000,153.000,0.000,0.937,0.993,0.932,0.998,0.044,0.018,0.007,0.000,253.000,61.000,0.000,0.969,0.995,0.991,1.000,0.018,0.013,0.005,0.000
287,61,56,0.000,0.974,0.995,0.971,1.000,0.026,0.000,0.004,0.001,81,13,0.000,0.987,0.997,1.000,1.000,0.013,0.000,0.003,0.000,223.000,153.000,0.000,0.937,0.993,0.932,0.998,0.044,0.018,0.007,0.000,253.000,61.000,0.000,0.969,0.995,0.991,1.000,0.018,0.013,0.005,0.000
288,61,56,0.000,0.974,0.995,0.971,1.000,0.026,0.000,0.004,0.001,81,13,0.000,0.987,0.997,1.000,1.000,0.013,0.000,0.003,0.000,223.000,153.000,0.000,0.937,0.993,0.932,0.998,0.044,0.018,0.007,0.000,253.000,61.000,0.000,0.969,0.995,0.991,1.000,0.018,0.013,0.005,0.000
289,61,56,0.000,0.974,0.995,0.971,1.000,0.026,0.000,0.004,0.001,81,13,0.000,0.987,0.997,1.000,1.000,0.013,0.000,0.003,0.000,253.000,61.000,0.000,0.969,0.995,0.991,1.000,0.018,0.013,0.005,0.000,264.000,61.000,0.000,0.987,0.993,0.963,1.000,0.013,0.000,0.003,0.004
290,61,56,0.000,0.974,0.995,0.971,1.000,0.026,0.000,0.004,0.001,81,13,0.000,0.987,0.997,1.000,1.000,0.013,0.000,0.003,0.000,253.000,61.000,0.000,0.969,0.995,0.991,1.000,0.018,0.013,0.005,0.000,264.000,61.000,0.000,0.987,0.993,0.963,1.000,0.013,0.000,0.003,0.004
291,61,56,0.000,0.974,0.995,0.971,1.000,0.026,0.000,0.004,0.001,81,13,0.000,0.987,0.997,1.000,1.000,0.013,0.000,0.003,0.000,253.000,61.000,0.000,0.969,0.995,0.991,1.000,0.018,0.013,0.005,0.000,264.000,61.000,0.000,0.987,0.993,0.963,1.000,0.013,0.000,0.003,0.004
292,61,56,0.000,0.974,0.995,0.971,1.000,0.026,0.000,0.004,0.001,81,13,0.000,0.987,0.997,1.000,1.000,0.013,0.000,0.003,0.000,253.000,61.000,0.000,0.969,0.995,0.991,1.000,0.018,0.013,0.005,0.000,264.000,61.000,0.000,0.987,0.993,0.963,1.000,0.013,0.000,0.003,0.004
293,61,56,0.000,0.974,0.995,0.971,1.000,0.026,0.000,0.004,0.001,81,13,0.000,0.987,0.997,1.000,1.000,0.013,0.000,0.003,0.000,253.000,61.000,0.000,0.969,0.995,0.991,1.000,0.018,0.013,0.005,0.000,264.000,61.000,0.000,0.987,0.993,0.963,1.000,0.013,0.000,0.003,0.004
294,61,56,0.000,0.974,0.995,0.971,1.000,0.026,0.000,0.004,0.001,81,13,0.000,0.987,0.997,1.000,1.000,0.013,0.000,0.003,0.000,253.000,61.000,0.000,0.969,0.995,0.991,1.000,0.018,0.013,0.005,0.000,264.000,61.000,0.000,0.987,0.993,0.963,1.000,0.013,0.000,0.003,0.004
295,61,56,0.000,0.974,0.995,0.971,1.000,0.026,0.000,0.004,0.001,81,13,0.000,0.987,0.997,1.000,1.000,0.013,0.000,0.003,0.000,253.000,61.000,0.000,0.969,0.995,0.991,1.000,0.018,0.013,0.005,0.000,264.000,61.000,0.000,0.987,0.993,0.963,1.000,0.013,0.000,0.003,0.004
296,61,56,0.000,0.974,0.995,0.971,1.000,0.026,0.000,0.004,0.001,81,13,0.000,0.987,0.997,1.000,1.000,0.013,0.000,0.003,0.000,253.000,61.000,0.000,0.969,0.995,0.991,1.000,0.018,0.013,0.005,0.000,264.000,61.000,0.000,0.987,0.993,0.963,1.000,0.013,0.000,0.003,0.004
297,61,56,0.000,0.974,0.995,0.971,1.000,0.026,0.000,0.004,0.001,81,13,0.000,0.987,0.997,1.000,1.000,0.013,0.000,0.003,0.000,253.000,61.000,0.000,0.969,0.995,0.991,1.000,0.018,0.013,0.005,0.000,264.000,61.000,0.000,0.987,0.993,0.963,1.000,0.013,0.000,0.003,0.004
298,61,56,0.000,0.974,0.995,0.971,1.000,0.026,0.000,0.004,0.001,81,13,0.000,0.987,0.997,1.000,1.000,0.013,0.000,0.003,0.000,253.000,61.000,0.000,0.969,0.995,0.991,1.000,0.018,0.013,0.005,0.000,264.000,61.000,0.000,0.987,0.993,0.963,1.000,0.013,0.000,0.003,0.004
299,61,56,0.000,0.974,0.995,0.971,1.000,0.026,0.000,0.004,0.001,81,13,0.000,0.987,0.997,1.000,1.000,0.013,0.000,0.003,0.000,253.000,61.000,0.000,0.969,0.995,0.991,1.000,0.018,0.013,0.005,0.000,264.000,61.000,0.000,0.987,0.993,0.963,1.000,0.013,0.000,0.003,0.004
300,61,56,0.000,0.974,0.995,0.971,1.000,0.026,0.000,0.004,0.001,81,13,0.000,0.987,0.997,1.000,1.000,0.013,0.000,0.003,0.000,253.000,61.000,0.000,0.969,0.995,0.991,1.000,0.018,0.013,0.005,0.000,264.000,61.000,0.000,0.987,0.993,0.963,1.000,0.013,0.000,0.003,0.004
301,61,56,0.000,0.974,0.995,0.971,1.000,0.026,0.000,0.004,0.001,81,13,0.000,0.987,0.997,1.000,1.000,0.013,0.000,0.003,0.000,253.000,61.000,0.000,0.969,0.995,0.991,1.000,0.018,0.013,0.005,0.000,264.000,61.000,0.000,0.987,0.993,0.963,1.000,0.013,0.000,0.003,0.004
302,61,56,0.000,0.974,0.995,0.971,1.000,0.026,0.000,0.004,0.001,81,13,0.000,0.987,0.997,1.000,1.000,0.013,0.000,0.003,0.000,253.000,61.000,0.000,0.969,0.995,0.991,1.000,0.018,0.013,0.005,0.000,264.000,61.000,0.000,0.987,0.993,0.963,1.000,0.013,0.000,0.003,0.004
303,61,56,0.000,0.974,0.995,0.971,1.000,0.026,0.000,0.004,0.001,81,13,0.000,0.987,0.997,1.000,1.000,0.013,0.000,0.003,0.000,253.000,61.000,0.000,0.969,0.995,0.991,1.000,0.018,0.013,0.005,0.000,264.000,61.000,0.000,0.987,0.993,0.963,1.000,0.013,0.000,0.003,0.004
304,61,56,0.000,0.974,0.995,0.971,1.000,0.026,0.000,0.004,0.001,81,13,0.000,0.987,0.997,1.000,1.000,0.013,0.000,0.003,0.000,253.000,61.000,0.000,0.969,0.995,0.991,1.000,0.018,0.013,0.005,0.000,264.000,61.000,0.000,0.987,0.993,0.963,1.000,0.013,0.000,0.003,0.004
305,61,56,0.000,0.974,0.995,0.971,1.000,0.026,0.000,0.004,0.001,81,13,0.000,0.987,0.997,1.000,1.000,0.013,0.000,0.003,0.000,253.000,61.000,0.000,0.969,0.995,0.991,1.000,0.018,0.013,0.005,0.000,264.000,61.000,0.000,0.987,0.993,0.963,1.000,0.013,0.000,0.003,0.004
306,61,56,0.000,0.974,0.995,0.971,1.000,0.026,0.000,0.004,0.001,81,13,0.000,0.987,0.997,1.000,1.000,0.013,0.000,0.003,0.000,253.000,61.000,0.000,0.969,0.995,0.991,1.000,0.018,0.013,0.005,0.000,264.000,61.000,0.000,0.987,0.993,0.963,1.000,0.013,0.000,0.003,0.004
307,61,56,0.000,0.974,0.995,0.971,1.000,0.026,0.000,0.004,0.001,81,13,0.000,0.987,0.997,1.000,1.000,0.013,0.000,0.003,0.000,253.000,61.000,0.000,0.969,0.995,0.991,1.000,0.018,0.013,0.005,0.000,264.000,61.000,0.000,0.987,0.993,0.963,1.000,0.013,0.000,0.003,0.004
308,61,56,0.000,0.974,0.995,0.971,1.000,0.026,0.000,0.004,0.001,81,13,0.000,0.987,0.997,1.000,1.000,0.013,0.000,0.003,0.000,253.000,61.000,0.000,0.969,0.995,0.991,1.000,0.018,0.013,0.005,0.000,264.000,61.000,0.000,0.987,0.993,0.963,1.000,0.013,0.000,0.003,0.004
309,61,56,0.000,0.974,0.995,0.971,1.000,0.026,0.000,0.004,0.001,81,13,0.000,0.987,0.997,1.000,1.000,0.013,0.000,0.003,0.000,253.000,61.000,0.000,0.969,0.995,0.991,1.000,0.018,0.013,0.005,0.000,264.000,61.000,0.000,0.987,0.993,0.963,1.000,0.013,0.000,0.003,0.004
310,61,56,0.000,0.974,0.995,0.971,1.000,0.026,0.000,0.004,0.001,81,13,0.000,0.987,0.997,1.000,1.000,0.013,0.000,0.003,0.000,253.000,61.000,0.000,0.969,0.995,0.991,1.000,0.018,0.013,0.005,0.000,264.000,61.000,0.000,0.987,0.993,0.963,1.000,0.013,0.000,0.003,0.004
311,61,56,0.000,0.974,0.995,0.971,1.000,0.026,0.000,0.004,0.001,81,13,0.000,0.987,0.997,1.000,1.000,0.013,0.000,0.003,0.000,253.000,61.000,0.000,0.969,0.995,0.991,1.000,0.018,0.013,0.005,0.000,264.000,61.000,0.000,0.987,0.993,0.963,1.000,0.013,0.000,0.003,0.004
312,61,56,0.000,0.974,0.995,0.971,1.000,0.026,0.000,0.004,0.001,81,13,0.000,0.987,0.997,1.000,1.000,0.013,0.000,0.003,0.000,253.000,61.000,0.000,0.969,0.995,0.991,1.000,0.018,0.013,0.005,0.000,264.000,61.000,0.000,0.987,0.993,0.963,1.000,0.013,0.000,0.003,0.004
313,61,56,0.000,0.974,0.995,0.971,1.000,0.026,0.000,0.004,0.001,81,13,0.000,0.987,0.997,1.000,1.000,0.013,0.000,0.003,0.000,253.000,61.000,0.000,0.969,0.995,0.991,1.000,0.018,0.013,0.005,0.000,264.000,61.000,0.000,0.987,0.993,0.963,1.000,0.013,0.000,0.003,0.004
314,61,56,0.000,0.974,0.995,0.971,1.000,0.026,0.000,0.004,0.001,81,13,0.000,0.987,0.997,1.000,1.000,0.013,0.000,0.003,0.000,253.000,61.000,0.000,0.969,0.995,0.991,1.000,0.018,0.013,0.005,0.000,264.000,61.000,0.000,0.987,0.993,0.963,1.000,0.013,0.000,0.003,0.004
315,61,56,0.000,0.974,0.995,0.971,1.000,0.026,0.000,0.004,0.001,81,13,0.000,0.987,0.997,1.000,1.000,0.013,0.000,0.003,0.000,253.000,61.000,0.000,0.969,0.995,0.991,1.000,0.018,0.013,0.005,0.000,264.000,61.000,0.000,0.987,0.993,0.963,1.000,0.013,0.000,0.003,0.004
316,61,56,0.000,0.974,0.995,0.971,1.000,0.026,0.000,0.004,0.001,81,13,0.000,0.987,0.997,1.000,1.000,0.013,0.000,0.003,0.000,253.000,61.000,0.000,0.969,0.995,0.991,1.000,0.018,0.013,0.005,0.000,264.000,61.000,0.000,0.987,0.993,0.963,1.000,0.013,0.000,0.003,0.004
317,61,56,0.000,0.974,0.995,0.971,1.000,0.026,0.000,0.004,0.001,81,13,0.000,0.987,0.997,1.000,1.000,0.013,0.000,0.003,0.000,253.000,61.000,0.000,0.969,0.995,0.991,1.000,0.018,0.013,0.005,0.000,264.000,61.000,0.000,0.987,0.993,0.963,1.000,0.013,0.000,0.003,0.004
318,61,56,0.000,0.974,0.995,0.971,1.000,0.026,0.000,0.004,0.001,81,13,0.000,0.987,0.997,1.000,1.000,0.013,0.000,0.003,0.000,253.000,61.000,0.000,0.969,0.995,0.991,1.000,0.018,0.013,0.005,0.000,264.000,61.000,0.000,0.987,0.993,0.963,1.000,0.013,0.000,0.003,0.004
319,61,56,0.000,0.974,0.995,0.971,1.000,0.026,0.000,0.004,0.001,81,13,0.000,0.987,0.997,1.000,1.000,0.013,0.000,0.003,0.000,253.000,61.000,0.000,0.969,0.995,0.991,1.000,0.018,0.013,0.005,0.000,264.000,61.000,0.000,0.987,0.993,0.963,1.000,0.013,0.000,0.003,0.004
320,61,56,0.000,0.974,0.995,0.971,1.000,0.026,0.000,0.004,0.001,81,13,0.000,0.987,0.997,1.000,1.000,0.013,0.000,0.003,0.000,253.000,61.000,0.000,0.969,0.995,0.991,1.000,0.018,0.013,0.005,0.000,264.000,61.000,0.000,0.987,0.993,0.963,1.000,0.013,0.000,0.003,0.004
321,61,56,0.000,0.974,0.995,0.971,1.000,0.026,0.000,0.004,0.001,81,13,0.000,0.987,0.997,1.000,1.000,0.013,0.000,0.003,0.000,253.000,61.000,0.000,0.969,0.995,0.991,1.000,0.018,0.013,0.005,0.000,264.000,61.000,0.000,0.987,0.993,0.963,1.000,0.013,0.000,0.003,0.004
322,61,56,0.000,0.974,0.995,0.971,1.000,0.026,0.000,0.004,0.001,81,13,0.000,0.987,0.997,1.000,1.000,0.013,0.000,0.003,0.000,253.000,61.000,0.000,0.969,0.995,0.991,1.000,0.018,0.013,0.005,0.000,264.000,61.000,0.000,0.987,0.993,0.963,1.000,0.013,0.000,0.003,0.004
323,61,56,0.000,0.974,0.995,0.971,1.000,0.026,0.000,0.004,0.001,81,13,0.000,0.987,0.997,1.000,1.000,0.013,0.000,0.003,0.000,253.000,61.000,0.000,0.969,0.995,0.991,1.000,0.018,0.013,0.005,0.000,264.000,61.000,0.000,0.987,0.993,0.963,1.000,0.013,0.000,0.003,0.004
324,61,56,0.000,0.974,0.995,0.971,1.000,0.026,0.000,0.004,0.001,81,13,0.000,0.987,0.997,1.000,1.000,0.013,0.000,0.003,0.000,253.000,61.000,0.000,0.969,0.995,0.991,1.000,0.018,0.013,0.005,0.000,264.000,61.000,0.000,0.987,0.993,0.963,1.000,0.013,0.000,0.003,0.004
325,61,56,0.000,0.974,0.995,0.971,1.000,0.026,0.000,0.004,0.001,81,13,0.000,0.987,0.997,1.000,1.000,0.013,0.000,0.003,0.000,253.000,61.000,0.000,0.969,0.995,0.991,1.000,0.018,0.013,0.005,0.000,264.000,61.000,0.000,0.987,0.993,0.963,1.000,0.013,0.000,0.003,0.004
326,61,56,0.000,0.974,0.995,0.971,1.000,0.026,0.000,0.004,0.001,81,13,0.000,0.987,0.997,1.000,1.000,0.013,0.000,0.003,0.000,253.000,61.000,0.000,0.969,0.995,0.991,1.000,0.018,0.013,0.005,0.000,264.000,61.000,0.000,0.987,0.993,0.963,1.000,0.013,0.000,0.003,0.004
327,61,56,0.000,0.974,0.995,0.971,1.000,0.026,0.000,0.004,0.001,81,13,0.000,0.987,0.997,1.000,1.000,0.013,0.000,0.003,0.000,253.000,61.000,0.000,0.969,0.995,0.991,1.000,0.018,0.013,0.005,0.000,264.000,61.000,0.000,0.987,0.993,0.963,1.000,0.013,0.000,0.003,0.004
328,61,56,0.000,0.974,0.995,0.971,1.000,0.026,0.000,0.004,0.001,81,13,0.000,0.987,0.997,1.000,1.000,0.013,0.000,0.003,0.000,253.000,61.000,0.000,0.969,0.995,0.991,1.000,0.018,0.013,0.005,0.000,264.000,61.000,0.000,0.987,0.993,0.963,1.000,0.013,0.000,0.003,0.004
329,61,56,0.000,0.974,0.995,0.971,1.000,0.026,0.000,0.004,0.001,81,13,0.000,0.987,0.997,1.000,1.000,0.013,0.000,0.003,0.000,253.000,61.000,0.000,0.969,0.995,0.991,1.000,0.018,0.013,0.005,0.000,264.000,61.000,0.000,0.987,0.993,0.963,1.000,0.013,0.000,0.003,0.004
330,61,56,0.000,0.974,0.995,0.971,1.000,0.026,0.000,0.004,0.001,81,13,0.000,0.987,0.997,1.000,1.000,0.013,0.000,0.003,0.000,253.000,61.000,0.000,0.969,0.995,0.991,1.000,0.018,0.013,0.005,0.000,264.000,61.000,0.000,0.987,0.993,0.963,1.000,0.013,0.000,0.003,0.004
331,61,56,0.000,0.974,0.995,0.971,1.000,0.026,0.000,0.004,0.001,81,13,0.000,0.987,0.997,1.000,1.000,0.013,0.000,0.003,0.000,253.000,61.000,0.000,0.969,0.995,0.991,1.000,0.018,0.013,0.005,0.000,264.000,61.000,0.000,0.987,0.993,0.963,1.000,0.013,0.000,0.003,0.004
332,61,56,0.000,0.974,0.995,0.971,1.000,0.026,0.000,0.004,0.001,81,13,0.000,0.987,0.997,1.000,1.000,0.013,0.000,0.003,0.000,253.000,61.000,0.000,0.969,0.995,0.991,1.000,0.018,0.013,0.005,0.000,264.000,61.000,0.000,0.987,0.993,0.963,1.000,0.013,0.000,0.003,0.004
333,61,56,0.000,0.974,0.995,0.971,1.000,0.026,0.000,0.004,0.001,81,13,0.000,0.987,0.997,1.000,1.000,0.013,0.000,0.003,0.000,253.000,61.000,0.000,0.969,0.995,0.991,1.000,0.018,0.013,0.005,0.000,264.000,61.000,0.000,0.987,0.993,0.963,1.000,0.013,0.000,0.003,0.004
334,61,56,0.000,0.974,0.995,0.971,1.000,0.026,0.000,0.004,0.001,81,13,0.000,0.987,0.997,1.000,1.000,0.013,0.000,0.003,0.000,253.000,61.000,0.000,0.969,0.995,0.991,1.000,0.018,0.013,0.005,0.000,264.000,61.000,0.000,0.987,0.993,0.963,1.000,0.013,0.000,0.003,0.004
335,61,56,0.000,0.974,0.995,0.971,1.000,0.026,0.000,0.004,0.001,81,13,0.000,0.987,0.997,1.000,1.000,0.013,0.000,0.003,0.000,253.000,61.000,0.000,0.969,0.995,0.991,1.000,0.018,0.013,0.005,0.000,264.000,61.000,0.000,0.987,0.993,0.963,1.000,0.013,0.000,0.003,0.004
336,61,56,0.000,0.974,0.995,0.971,1.000,0.026,0.000,0.004,0.001,81,13,0.000,0.987,0.997,1.000,1.000,0.013,0.000,0.003,0.000,253.000,61.000,0.000,0.969,0.995,0.991,1.000,0.018,0.013,0.005,0.000,264.000,61.000,0.000,0.987,0.993,0.963,1.000,0.013,0.000,0.003,0.004
337,61,56,0.000,0.974,0.995,0.971,1.000,0.026,0.000,0.004,0.001,81,13,0.000,0.987,0.997,1.000,1.000,0.013,0.000,0.003,0.000,253.000,61.000,0.000,0.969,0.995,0.991,1.000,0.018,0.013,0.005,0.000,264.000,61.000,0.000,0.987,0.993,0.963,1.000,0.013,0.000,0.003,0.004
338,61,56,0.000,0.974,0.995,0.971,1.000,0.026,0.000,0.004,0.001,81,13,0.000,0.987,0.997,1.000,1.000,0.013,0.000,0.003,0.000,253.000,61.000,0.000,0.969,0.995,0.991,1.000,0.018,0.013,0.005,0.000,264.000,61.000,0.000,0.987,0.993,0.963,1.000,0.013,0.000,0.003,0.004
339,61,56,0.000,0.974,0.995,0.971,1.000,0.026,0.000,0.004,0.001,81,13,0.000,0.987,0.997,1.000,1.000,0.013,0.000,0.003,0.000,253.000,61.000,0.000,0.969,0.995,0.991,1.000,0.018,0.013,0.005,0.000,264.000,61.000,0.000,0.987,0.993,0.963,1.000,0.013,0.000,0.003,0.004
340,61,56,0.000,0.974,0.995,0.971,1.000,0.026,0.000,0.004,0.001,81,13,0.000,0.987,0.997,1.000,1.000,0.013,0.000,0.003,0.000,253.000,61.000,0.000,0.969,0.995,0.991,1.000,0.018,0.013,0.005,0.000,264.000,61.000,0.000,0.987,0.993,0.963,1.000,0.013,0.000,0.003,0.004
341,61,56,0.000,0.974,0.995,0.971,1.000,0.026,0.000,0.004,0.001,81,13,0.000,0.987,0.997,1.000,1.000,0.013,0.000,0.003,0.000,253.000,61.000,0.000,0.969,0.995,0.991,1.000,0.018,0.013,0.005,0.000,264.000,61.000,0.000,0.987,0.993,0.963,1.000,0.013,0.000,0.003,0.004
342,61,56,0.000,0.974,0.995,0.971,1.000,0.026,0.000,0.004,0.001,81,13,0.000,0.987,0.997,1.000,1.000,0.013,0.000,0.003,0.000,253.000,61.000,0.000,0.969,0.995,0.991,1.000,0.018,0.013,0.005,0.000,264.000,61.000,0.000,0.987,0.993,0.963,1.000,0.013,0.000,0.003,0.004
343,61,56,0.000,0.974,0.995,0.971,1.000,0.026,0.000,0.004,0.001,81,13,0.000,0.987,0.997,1.000,1.000,0.013,0.000,0.003,0.000,253.000,61.000,0.000,0.969,0.995,0.991,1.000,0.018,0.013,0.005,0.000,264.000,61.000,0.000,0.987,0.993,0.963,1.000,0.013,0.000,0.003,0.004
344,61,56,0.000,0.974,0.995,0.971,1.000,0.026,0.000,0.004,0.001,81,13,0.000,0.987,0.997,1.000,1.000,0.013,0.000,0.003,0.000,253.000,61.000,0.000,0.969,0.995,0.991,1.000,0.018,0.013,0.005,0.000,264.000,61.000,0.000,0.987,0.993,0.963,1.000,0.013,0.000,0.003,0.004
345,61,56,0.000,0.974,0.995,0.971,1.000,0.026,0.000,0.004,0.001,81,13,0.000,0.987,0.997,1.000,1.000,0.013,0.000,0.003,0.000,253.000,61.000,0.000,0.969,0.995,0.991,1.000,0.018,0.013,0.005,0.000,264.000,61.000,0.000,0.987,0.993,0.963,1.000,0.013,0.000,0.003,0.004
346,61,56,0.000,0.974,0.995,0.971,1.000,0.026,0.000,0.004,0.001,81,13,0.000,0.987,0.997,1.000,1.000,0.013,0.000,0.003,0.000,253.000,61.000,0.000,0.969,0.995,0.991,1.000,0.018,0.013,0.005,0.000,264.000,61.000,0.000,0.987,0.993,0.963,1.000,0.013,0.000,0.003,0.004
347,61,56,0.000,0.974,0.995,0.971,1.000,0.026,0.000,0.004,0.001,81,13,0.000,0.987,0.997,1.000,1.000,0.013,0.000,0.003,0.000,253.000,61.000,0.000,0.969,0.995,0.991,1.000,0.018,0.013,0.005,0.000,264.000,61.000,0.000,0.987,0.993,0.963,1.000,0.013,0.000,0.003,0.004
348,61,56,0.000,0.974,0.995,0.971,1.000,0.026,0.000,0.004,0.001,81,13,0.000,0.987,0.997,1.000,1.000,0.013,0.000,0.003,0.000,253.000,61.000,0.000,0.969,0.995,0.991,1.000,0.018,0.013,0.005,0.000,264.000,61.000,0.000,0.987,0.993,0.963,1.000,0.013,0.000,0.003,0.004
349,61,56,0.000,0.974,0.995,0.971,1.000,0.026,0.000,0.004,0.001,81,13,0.000,0.987,0.997,1.000,1.000,0.013,0.000,0.003,0.000,253.000,61.000,0.000,0.969,0.995,0.991,1.000,0.018,0.013,0.005,0.000,264.000,61.000,0.000,0.987,0.993,0.963,1.000,0.013,0.000,0.003,0.004
350,61,56,0.000,0.974,0.995,0.971,1.000,0.026,0.000,0.004,0.001,81,13,0.000,0.987,0.997,1.000,1.000,0.013,0.000,0.003,0.000,253.000,61.000,0.000,0.969,0.995,0.991,1.000,0.018,0.013,0.005,0.000,264.000,61.000,0.000,0.987,0.993,0.963,1.000,0.013,0.000,0.003,0.004
351,61,56,0.000,0.974,0.995,0.971,1.000,0.026,0.000,0.004,0.001,81,13,0.000,0.987,0.997,1.000,1.000,0.013,0.000,0.003,0.000,253.000,61.000,0.000,0.969,0.995,0.991,1.000,0.018,0.013,0.005,0.000,264.000,61.000,0.000,0.987,0.993,0.963,1.000,0.013,0.000,0.003,0.004
352,61,56,0.000,0.974,0.995,0.971,1.000,0.026,0.000,0.004,0.001,81,13,0.000,0.987,0.997,1.000,1.000,0.013,0.000,0.003,0.000,253.000,61.000,0.000,0.969,0.995,0.991,1.000,0.018,0.013,0.005,0.000,264.000,61.000,0.000,0.987,0.993,0.963,1.000,0.013,0.000,0.003,0.004
353,61,56,0.000,0.974,0.995,0.971,1.000,0.026,0.000,0.004,0.001,81,13,0.000,0.987,0.997,1.000,1.000,0.013,0.000,0.003,0.000,253.000,61.000,0.000,0.969,0.995,0.991,1.000,0.018,0.013,0.005,0.000,264.000,61.000,0.000,0.987,0.993,0.963,1.000,0.013,0.000,0.003,0.004
354,61,56,0.000,0.974,0.995,0.971,1.000,0.026,0.000,0.004,0.001,81,13,0.000,0.987,0.997,1.000,1.000,0.013,0.000,0.003,0.000,253.000,61.000,0.000,0.969,0.995,0.991,1.000,0.018,0.013,0.005,0.000,264.000,61.000,0.000,0.987,0.993,0.963,1.000,0.013,0.000,0.003,0.004
355,61,56,0.000,0.974,0.995,0.971,1.000,0.026,0.000,0.004,0.001,81,13,0.000,0.987,0.997,1.000,1.000,0.013,0.000,0.003,0.000,253.000,61.000,0.000,0.969,0.995,0.991,1.000,0.018,0.013,0.005,0.000,264.000,61.000,0.000,0.987,0.993,0.963,1.000,0.013,0.000,0.003,0.004
356,61,56,0.000,0.974,0.995,0.971,1.000,0.026,0.000,0.004,0.001,81,13,0.000,0.987,0.997,1.000,1.000,0.013,0.000,0.003,0.000,253.000,61.000,0.000,0.969,0.995,0.991,1.000,0.018,0.013,0.005,0.000,264.000,61.000,0.000,0.987,0.993,0.963,1.000,0.013,0.000,0.003,0.004
357,61,56,0.000,0.974,0.995,0.971,1.000,0.026,0.000,0.004,0.001,81,13,0.000,0.987,0.997,1.000,1.000,0.013,0.000,0.003,0.000,253.000,61.000,0.000,0.969,0.995,0.991,1.000,0.018,0.013,0.005,0.000,264.000,61.000,0.000,0.987,0.993,0.963,1.000,0.013,0.000,0.003,0.004
358,61,56,0.000,0.974,0.995,0.971,1.000,0.026,0.000,0.004,0.001,81,13,0.000,0.987,0.997,1.000,1.000,0.013,0.000,0.003,0.000,253.000,61.000,0.000,0.969,0.995,0.991,1.000,0.018,0.013,0.005,0.000,264.000,61.000,0.000,0.987,0.993,0.963,1.000,0.013,0.000,0.003,0.004
359,61,56,0.000,0.974,0.995,0.971,1.000,0.026,0.000,0.004,0.001,81,13,0.000,0.987,0.997,1.000,1.000,0.013,0.000,0.003,0.000,253.000,61.000,0.000,0.969,0.995,0.991,1.000,0.018,0.013,0.005,0.000,264.000,61.000,0.000,0.987,0.993,0.963,1.000,0.013,0.000,0.003,0.004
360,61,56,0.000,0.974,0.995,0.971,1.000,0.026,0.000,0.004,0.001,81,13,0.000,0.987,0.997,1.000,1.000,0.013,0.000,0.003,0.000,253.000,61.000,0.000,0.969,0.995,0.991,1.000,0.018,0.013,0.005,0.000,264.000,61.000,0.000,0.987,0.993,0.963,1.000,0.013,0.000,0.003,0.004
361,61,56,0.000,0.974,0.995,0.971,1.000,0.026,0.000,0.004,0.001,81,13,0.000,0.987,0.997,1.000,1.000,0.013,0.000,0.003,0.000,253.000,61.000,0.000,0.969,0.995,0.991,1.000,0.018,0.013,0.005,0.000,264.000,61.000,0.000,0.987,0.993,0.963,1.000,0.013,0.000,0.003,0.004
362,61,56,0.000,0.974,0.995,0.971,1.000,0.026,0.000,0.004,0.001,81,13,0.000,0.987,0.997,1.000,1.000,0.013,0.000,0.003,0.000,253.000,61.000,0.000,0.969,0.995,0.991,1.000,0.018,0.013,0.005,0.000,264.000,61.000,0.000,0.987,0.993,0.963,1.000,0.013,0.000,0.003,0.004
363,61,56,0.000,0.974,0.995,0.971,1.000,0.026,0.000,0.004,0.001,81,13,0.000,0.987,0.997,1.000,1.000,0.013,0.000,0.003,0.000,253.000,61.000,0.000,0.969,0.995,0.991,1.000,0.018,0.013,0.005,0.000,264.000,61.000,0.000,0.987,0.993,0.963,1.000,0.013,0.000,0.003,0.004
364,61,56,0.000,0.974,0.995,0.971,1.000,0.026,0.000,0.004,0.001,81,13,0.000,0.987,0.997,1.000,1.000,0.013,0.000,0.003,0.000,253.000,61.000,0.000,0.969,0.995,0.991,1.000,0.018,0.013,0.005,0.000,264.000,61.000,0.000,0.987,0.993,0.963,1.000,0.013,0.000,0.003,0.004
365,61,56,0.000,0.974,0.995,0.971,1.000,0.026,0.000,0.004,0.001,81,13,0.000,0.987,0.997,1.000,1.000,0.013,0.000,0.003,0.000,253.000,61.000,0.000,0.969,0.995,0.991,1.000,0.018,0.013,0.005,0.000,264.000,61.000,0.000,0.987,0.993,0.963,1.000,0.013,0.000,0.003,0.004
366,61,56,0.000,0.974,0.995,0.971,1.000,0.026,0.000,0.004,0.001,81,13,0.000,0.987,0.997,1.000,1.000,0.013,0.000,0.003,0.000,253.000,61.000,0.000,0.969,0.995,0.991,1.000,0.018,0.013,0.005,0.000,264.000,61.000,0.000,0.987,0.993,0.963,1.000,0.013,0.000,0.003,0.004
367,61,56,0.000,0.974,0.995,0.971,1.000,0.026,0.000,0.004,0.001,81,13,0.000,0.987,0.997,1.000,1.000,0.013,0.000,0.003,0.000,253.000,61.000,0.000,0.969,0.995,0.991,1.000,0.018,0.013,0.005,0.000,264.000,61.000,0.000,0.987,0.993,0.963,1.000,0.013,0.000,0.003,0.004
368,61,56,0.000,0.974,0.995,0.971,1.000,0.026,0.000,0.004,0.001,81,13,0.000,0.987,0.997,1.000,1.000,0.013,0.000,0.003,0.000,253.000,61.000,0.000,0.969,0.995,0.991,1.000,0.018,0.013,0.005,0.000,264.000,61.000,0.000,0.987,0.993,0.963,1.000,0.013,0.000,0.003,0.004
369,61,56,0.000,0.974,0.995,0.971,1.000,0.026,0.000,0.004,0.001,81,13,0.000,0.987,0.997,1.000,1.000,0.013,0.000,0.003,0.000,253.000,61.000,0.000,0.969,0.995,0.991,1.000,0.018,0.013,0.005,0.000,264.000,61.000,0.000,0.987,0.993,0.963,1.000,0.013,0.000,0.003,0.004
370,61,56,0.000,0.974,0.995,0.971,1.000,0.026,0.000,0.004,0.001,81,13,0.000,0.987,0.997,1.000,1.000,0.013,0.000,0.003,0.000,253.000,61.000,0.000,0.969,0.995,0.991,1.000,0.018,0.013,0.005,0.000,264.000,61.000,0.000,0.987,0.993,0.963,1.000,0.013,0.000,0.003,0.004
371,61,56,0.000,0.974,0.995,0.971,1.000,0.026,0.000,0.004,0.001,81,13,0.000,0.987,0.997,1.000,1.000,0.013,0.000,0.003,0.000,253.000,61.000,0.000,0.969,0.995,0.991,1.000,0.018,0.013,0.005,0.000,264.000,61.000,0.000,0.987,0.993,0.963,1.000,0.013,0.000,0.003,0.004
372,61,56,0.000,0.974,0.995,0.971,1.000,0.026,0.000,0.004,0.001,81,13,0.000,0.987,0.997,1.000,1.000,0.013,0.000,0.003,0.000,253.000,61.000,0.000,0.969,0.995,0.991,1.000,0.018,0.013,0.005,0.000,264.000,61.000,0.000,0.987,0.993,0.963,1.000,0.013,0.000,0.003,0.004
373,61,56,0.000,0.974,0.995,0.971,1.000,0.026,0.000,0.004,0.001,81,13,0.000,0.987,0.997,1.000,1.000,0.013,0.000,0.003,0.000,253.000,61.000,0.000,0.969,0.995,0.991,1.000,0.018,0.013,0.005,0.000,264.000,61.000,0.000,0.987,0.993,0.963,1.000,0.013,0.000,0.003,0.004
374,61,56,0.000,0.974,0.995,0.971,1.000,0.026,0.000,0.004,0.001,81,13,0.000,0.987,0.997,1.000,1.000,0.013,0.000,0.003,0.000,253.000,61.000,0.000,0.969,0.995,0.991,1.000,0.018,0.013,0.005,0.000,264.000,61.000,0.000,0.987,0.993,0.963,1.000,0.013,0.000,0.003,0.004
375,61,56,0.000,0.974,0.995,0.971,1.000,0.026,0.000,0.004,0.001,81,13,0.000,0.987,0.997,1.000,1.000,0.013,0.000,0.003,0.000,253.000,61.000,0.000,0.969,0.995,0.991,1.000,0.018,0.013,0.005,0.000,264.000,61.000,0.000,0.987,0.993,0.963,1.000,0.013,0.000,0.003,0.004
376,61,56,0.000,0.974,0.995,0.971,1.000,0.026,0.000,0.004,0.001,81,13,0.000,0.987,0.997,1.000,1.000,0.013,0.000,0.003,0.000,253.000,61.000,0.000,0.969,0.995,0.991,1.000,0.018,0.013,0.005,0.000,264.000,61.000,0.000,0.987,0.993,0.963,1.000,0.013,0.000,0.003,0.004
377,61,56,0.000,0.974,0.995,0.971,1.000,0.026,0.000,0.004,0.001,81,13,0.000,0.987,0.997,1.000,1.000,0.013,0.000,0.003,0.000,253.000,61.000,0.000,0.969,0.995,0.991,1.000,0.018,0.013,0.005,0.000,264.000,61.000,0.000,0.987,0.993,0.963,1.000,0.013,0.000,0.003,0.004
378,61,56,0.000,0.974,0.995,0.971,1.000,0.026,0.000,0.004,0.001,81,13,0.000,0.987,0.997,1.000,1.000,0.013,0.000,0.003,0.000,253.000,61.000,0.000,0.969,0.995,0.991,1.000,0.018,0.013,0.005,0.000,264.000,61.000,0.000,0.987,0.993,0.963,1.000,0.013,0.000,0.003,0.004
379,61,56,0.000,0.974,0.995,0.971,1.000,0.026,0.000,0.004,0.001,81,13,0.000,0.987,0.997,1.000,1.000,0.013,0.000,0.003,0.000,253.000,61.000,0.000,0.969,0.995,0.991,1.000,0.018,0.013,0.005,0.000,264.000,61.000,0.000,0.987,0.993,0.963,1.000,0.013,0.000,0.003,0.004
380,61,56,0.000,0.974,0.995,0.971,1.000,0.026,0.000,0.004,0.001,81,13,0.000,0.987,0.997,1.000,1.000,0.013,0.000,0.003,0.000,253.000,61.000,0.000,0.969,0.995,0.991,1.000,0.018,0.013,0.005,0.000,264.000,61.000,0.000,0.987,0.993,0.963,1.000,0.013,0.000,0.003,0.004
381,61,56,0.000,0.974,0.995,0.971,1.000,0.026,0.000,0.004,0.001,81,13,0.000,0.987,0.997,1.000,1.000,0.013,0.000,0.003,0.000,253.000,61.000,0.000,0.969,0.995,0.991,1.000,0.018,0.013,0.005,0.000,264.000,61.000,0.000,0.987,0.993,0.963,1.000,0.013,0.000,0.003,0.004
382,61,56,0.000,0.974,0.995,0.971,1.000,0.026,0.000,0.004,0.001,81,13,0.000,0.987,0.997,1.000,1.000,0.013,0.000,0.003,0.000,253.000,61.000,0.000,0.969,0.995,0.991,1.000,0.018,0.013,0.005,0.000,264.000,61.000,0.000,0.987,0.993,0.963,1.000,0.013,0.000,0.003,0.004
383,61,56,0.000,0.974,0.995,0.971,1.000,0.026,0.000,0.004,0.001,81,13,0.000,0.987,0.997,1.000,1.000,0.013,0.000,0.003,0.000,253.000,61.000,0.000,0.969,0.995,0.991,1.000,0.018,0.013,0.005,0.000,264.000,61.000,0.000,0.987,0.993,0.963,1.000,0.013,0.000,0.003,0.004
384,61,56,0.000,0.974,0.995,0.971,1.000,0.026,0.000,0.004,0.001,81,13,0.000,0.987,0.997,1.000,1.000,0.013,0.000,0.003,0.000,253.000,61.000,0.000,0.969,0.995,0.991,1.000,0.018,0.013,0.005,0.000,264.000,61.000,0.000,0.987,0.993,0.963,1.000,0.013,0.000,0.003,0.004
385,61,56,0.000,0.974,0.995,0.971,1.000,0.026,0.000,0.004,0.001,81,13,0.000,0.987,0.997,1.000,1.000,0.013,0.000,0.003,0.000,253.000,61.000,0.000,0.969,0.995,0.991,1.000,0.018,0.013,0.005,0.000,264.000,61.000,0.000,0.987,0.993,0.963,1.000,0.013,0.000,0.003,0.004
386,61,56,0.000,0.974,0.995,0.971,1.000,0.026,0.000,0.004,0.001,81,13,0.000,0.987,0.997,1.000,1.000,0.013,0.000,0.003,0.000,253.000,61.000,0.000,0.969,0.995,0.991,1.000,0.018,0.013,0.005,0.000,264.000,61.000,0.000,0.987,0.993,0.963,1.000,0.013,0.000,0.003,0.004
387,61,56,0.000,0.974,0.995,0.971,1.000,0.026,0.000,0.004,0.001,81,13,0.000,0.987,0.997,1.000,1.000,0.013,0.000,0.003,0.000,253.000,61.000,0.000,0.969,0.995,0.991,1.000,0.018,0.013,0.005,0.000,264.000,61.000,0.000,0.987,0.993,0.963,1.000,0.013,0.000,0.003,0.004
388,61,56,0.000,0.974,0.995,0.971,1.000,0.026,0.000,0.004,0.001,81,13,0.000,0.987,0.997,1.000,1.000,0.013,0.000,0.003,0.000,253.000,61.000,0.000,0.969,0.995,0.991,1.000,0.018,0.013,0.005,0.000,264.000,61.000,0.000,0.987,0.993,0.963,1.000,0.013,0.000,0.003,0.004
389,61,56,0.000,0.974,0.995,0.971,1.000,0.026,0.000,0.004,0.001,81,13,0.000,0.987,0.997,1.000,1.000,0.013,0.000,0.003,0.000,253.000,61.000,0.000,0.969,0.995,0.991,1.000,0.018,0.013,0.005,0.000,264.000,61.000,0.000,0.987,0.993,0.963,1.000,0.013,0.000,0.003,0.004
390,61,56,0.000,0.974,0.995,0.971,1.000,0.026,0.000,0.004,0.001,81,13,0.000,0.987,0.997,1.000,1.000,0.013,0.000,0.003,0.000,253.000,61.000,0.000,0.969,0.995,0.991,1.000,0.018,0.013,0.005,0.000,264.000,61.000,0.000,0.987,0.993,0.963,1.000,0.013,0.000,0.003,0.004
391,61,56,0.000,0.974,0.995,0.971,1.000,0.026,0.000,0.004,0.001,81,13,0.000,0.987,0.997,1.000,1.000,0.013,0.000,0.003,0.000,253.000,61.000,0.000,0.969,0.995,0.991,1.000,0.018,0.013,0.005,0.000,264.000,61.000,0.000,0.987,0.993,0.963,1.000,0.013,0.000,0.003,0.004
392,61,56,0.000,0.974,0.995,0.971,1.000,0.026,0.000,0.004,0.001,81,13,0.000,0.987,0.997,1.000,1.000,0.013,0.000,0.003,0.000,253.000,61.000,0.000,0.969,0.995,0.991,1.000,0.018,0.013,0.005,0.000,264.000,61.000,0.000,0.987,0.993,0.963,1.000,0.013,0.000,0.003,0.004
393,61,56,0.000,0.974,0.995,0.971,1.000,0.026,0.000,0.004,0.001,81,13,0.000,0.987,0.997,1.000,1.000,0.013,0.000,0.003,0.000,253.000,61.000,0.000,0.969,0.995,0.991,1.000,0.018,0.013,0.005,0.000,264.000,61.000,0.000,0.987,0.993,0.963,1.000,0.013,0.000,0.003,0.004
394,61,56,0.000,0.974,0.995,0.971,1.000,0.026,0.000,0.004,0.001,81,13,0.000,0.987,0.997,1.000,1.000,0.013,0.000,0.003,0.000,253.000,61.000,0.000,0.969,0.995,0.991,1.000,0.018,0.013,0.005,0.000,264.000,61.000,0.000,0.987,0.993,0.963,1.000,0.013,0.000,0.003,0.004
395,61,56,0.000,0.974,0.995,0.971,1.000,0.026,0.000,0.004,0.001,81,13,0.000,0.987,0.997,1.000,1.000,0.013,0.000,0.003,0.000,253.000,61.000,0.000,0.969,0.995,0.991,1.000,0.018,0.013,0.005,0.000,264.000,61.000,0.000,0.987,0.993,0.963,1.000,0.013,0.000,0.003,0.004
396,61,56,0.000,0.974,0.995,0.971,1.000,0.026,0.000,0.004,0.001,81,13,0.000,0.987,0.997,1.000,1.000,0.013,0.000,0.003,0.000,253.000,61.000,0.000,0.969,0.995,0.991,1.000,0.018,0.013,0.005,0.000,264.000,61.000,0.000,0.987,0.993,0.963,1.000,0.013,0.000,0.003,0.004
397,61,56,0.000,0.974,0.995,0.971,1.000,0.026,0.000,0.004,0.001,81,13,0.000,0.987,0.997,1.000,1.000,0.013,0.000,0.003,0.000,253.000,61.000,0.000,0.969,0.995,0.991,1.000,0.018,0.013,0.005,0.000,264.000,61.000,0.000,0.987,0.993,0.963,1.000,0.013,0.000,0.003,0.004
398,61,56,0.000,0.974,0.995,0.971,1.000,0.026,0.000,0.004,0.001,81,13,0.000,0.987,0.997,1.000,1.000,0.013,0.000,0.003,0.000,253.000,61.000,0.000,0.969,0.995,0.991,1.000,0.018,0.013,0.005,0.000,264.000,61.000,0.000,0.987,0.993,0.963,1.000,0.013,0.000,0.003,0.004
399,61,56,0.000,0.974,0.995,0.971,1.000,0.026,0.000,0.004,0.001,81,13,0.000,0.987,0.997,1.000,1.000,0.013,0.000,0.003,0.000,253.000,61.000,0.000,0.969,0.995,0.991,1.000,0.018,0.013,0.005,0.000,264.000,61.000,0.000,0.987,0.993,0.963,1.000,0.013,0.000,0.003,0.004
400,61,56,0.000,0.974,0.995,0.971,1.000,0.026,0.000,0.004,0.001,81,13,0.000,0.987,0.997,1.000,1.000,0.013,0.000,0.003,0.000,253.000,61.000,0.000,0.969,0.995,0.991,1.000,0.018,0.013,0.005,0.000,264.000,61.000,0.000,0.987,0.993,0.963,1.000,0.013,0.000,0.003,0.004
401,61,56,0.000,0.974,0.995,0.971,1.000,0.026,0.000,0.004,0.001,81,13,0.000,0.987,0.997,1.000,1.000,0.013,0.000,0.003,0.000,253.000,61.000,0.000,0.969,0.995,0.991,1.000,0.018,0.013,0.005,0.000,264.000,61.000,0.000,0.987,0.993,0.963,1.000,0.013,0.000,0.003,0.004
402,61,56,0.000,0.974,0.995,0.971,1.000,0.026,0.000,0.004,0.001,81,13,0.000,0.987,0.997,1.000,1.000,0.013,0.000,0.003,0.000,253.000,61.000,0.000,0.969,0.995,0.991,1.000,0.018,0.013,0.005,0.000,264.000,61.000,0.000,0.987,0.993,0.963,1.000,0.013,0.000,0.003,0.004
403,61,56,0.000,0.974,0.995,0.971,1.000,0.026,0.000,0.004,0.001,81,13,0.000,0.987,0.997,1.000,1.000,0.013,0.000,0.003,0.000,253.000,61.000,0.000,0.969,0.995,0.991,1.000,0.018,0.013,0.005,0.000,264.000,61.000,0.000,0.987,0.993,0.963,1.000,0.013,0.000,0.003,0.004
404,61,56,0.000,0.974,0.995,0.971,1.000,0.026,0.000,0.004,0.001,81,13,0.000,0.987,0.997,1.000,1.000,0.013,0.000,0.003,0.000,253.000,61.000,0.000,0.969,0.995,0.991,1.000,0.018,0.013,0.005,0.000,264.000,61.000,0.000,0.987,0.993,0.963,1.000,0.013,0.000,0.003,0.004
405,61,56,0.000,0.974,0.995,0.971,1.000,0.026,0.000,0.004,0.001,81,13,0.000,0.987,0.997,1.000,1.000,0.013,0.000,0.003,0.000,253.000,61.000,0.000,0.969,0.995,0.991,1.000,0.018,0.013,0.005,0.000,264.000,61.000,0.000,0.987,0.993,0.963,1.000,0.013,0.000,0.003,0.004
406,61,56,0.000,0.974,0.995,0.971,1.000,0.026,0.000,0.004,0.001,81,13,0.000,0.987,0.997,1.000,1.000,0.013,0.000,0.003,0.000,253.000,61.000,0.000,0.969,0.995,0.991,1.000,0.018,0.013,0.005,0.000,264.000,61.000,0.000,0.987,0.993,0.963,1.000,0.013,0.000,0.003,0.004
407,61,56,0.000,0.974,0.995,0.971,1.000,0.026,0.000,0.004,0.001,81,13,0.000,0.987,0.997,1.000,1.000,0.013,0.000,0.003,0.000,253.000,61.000,0.000,0.969,0.995,0.991,1.000,0.018,0.013,0.005,0.000,264.000,61.000,0.000,0.987,0.993,0.963,1.000,0.013,0.000,0.003,0.004
408,61,56,0.000,0.974,0.995,0.971,1.000,0.026,0.000,0.004,0.001,81,13,0.000,0.987,0.997,1.000,1.000,0.013,0.000,0.003,0.000,253.000,61.000,0.000,0.969,0.995,0.991,1.000,0.018,0.013,0.005,0.000,264.000,61.000,0.000,0.987,0.993,0.963,1.000,0.013,0.000,0.003,0.004
409,61,56,0.000,0.974,0.995,0.971,1.000,0.026,0.000,0.004,0.001,81,13,0.000,0.987,0.997,1.000,1.000,0.013,0.000,0.003,0.000,253.000,61.000,0.000,0.969,0.995,0.991,1.000,0.018,0.013,0.005,0.000,264.000,61.000,0.000,0.987,0.993,0.963,1.000,0.013,0.000,0.003,0.004
410,61,56,0.000,0.974,0.995,0.971,1.000,0.026,0.000,0.004,0.001,81,13,0.000,0.987,0.997,1.000,1.000,0.013,0.000,0.003,0.000,253.000,61.000,0.000,0.969,0.995,0.991,1.000,0.018,0.013,0.005,0.000,264.000,61.000,0.000,0.987,0.993,0.963,1.000,0.013,0.000,0.003,0.004
411,61,56,0.000,0.974,0.995,0.971,1.000,0.026,0.000,0.004,0.001,81,13,0.000,0.987,0.997,1.000,1.000,0.013,0.000,0.003,0.000,253.000,61.000,0.000,0.969,0.995,0.991,1.000,0.018,0.013,0.005,0.000,264.000,61.000,0.000,0.987,0.993,0.963,1.000,0.013,0.000,0.003,0.004
412,61,56,0.000,0.974,0.995,0.971,1.000,0.026,0.000,0.004,0.001,81,13,0.000,0.987,0.997,1.000,1.000,0.013,0.000,0.003,0.000,253.000,61.000,0.000,0.969,0.995,0.991,1.000,0.018,0.013,0.005,0.000,264.000,61.000,0.000,0.987,0.993,0.963,1.000,0.013,0.000,0.003,0.004
413,61,56,0.000,0.974,0.995,0.971,1.000,0.026,0.000,0.004,0.001,81,13,0.000,0.987,0.997,1.000,1.000,0.013,0.000,0.003,0.000,253.000,61.000,0.000,0.969,0.995,0.991,1.000,0.018,0.013,0.005,0.000,264.000,61.000,0.000,0.987,0.993,0.963,1.000,0.013,0.000,0.003,0.004
414,61,56,0.000,0.974,0.995,0.971,1.000,0.026,0.000,0.004,0.001,81,13,0.000,0.987,0.997,1.000,1.000,0.013,0.000,0.003,0.000,253.000,61.000,0.000,0.969,0.995,0.991,1.000,0.018,0.013,0.005,0.000,264.000,61.000,0.000,0.987,0.993,0.963,1.000,0.013,0.000,0.003,0.004
415,61,56,0.000,0.974,0.995,0.971,1.000,0.026,0.000,0.004,0.001,81,13,0.000,0.987,0.997,1.000,1.000,0.013,0.000,0.003,0.000,253.000,61.000,0.000,0.969,0.995,0.991,1.000,0.018,0.013,0.005,0.000,264.000,61.000,0.000,0.987,0.993,0.963,1.000,0.013,0.000,0.003,0.004
416,61,56,0.000,0.974,0.995,0.971,1.000,0.026,0.000,0.004,0.001,81,13,0.000,0.987,0.997,1.000,1.000,0.013,0.000,0.003,0.000,253.000,61.000,0.000,0.969,0.995,0.991,1.000,0.018,0.013,0.005,0.000,264.000,61.000,0.000,0.987,0.993,0.963,1.000,0.013,0.000,0.003,0.004
417,61,56,0.000,0.974,0.995,0.971,1.000,0.026,0.000,0.004,0.001,81,13,0.000,0.987,0.997,1.000,1.000,0.013,0.000,0.003,0.000,253.000,61.000,0.000,0.969,0.995,0.991,1.000,0.018,0.013,0.005,0.000,264.000,61.000,0.000,0.987,0.993,0.963,1.000,0.013,0.000,0.003,0.004
418,61,56,0.000,0.974,0.995,0.971,1.000,0.026,0.000,0.004,0.001,81,13,0.000,0.987,0.997,1.000,1.000,0.013,0.000,0.003,0.000,253.000,61.000,0.000,0.969,0.995,0.991,1.000,0.018,0.013,0.005,0.000,264.000,61.000,0.000,0.987,0.993,0.963,1.000,0.013,0.000,0.003,0.004
419,61,56,0.000,0.974,0.995,0.971,1.000,0.026,0.000,0.004,0.001,81,13,0.000,0.987,0.997,1.000,1.000,0.013,0.000,0.003,0.000,253.000,61.000,0.000,0.969,0.995,0.991,1.000,0.018,0.013,0.005,0.000,264.000,61.000,0.000,0.987,0.993,0.963,1.000,0.013,0.000,0.003,0.004
420,61,56,0.000,0.974,0.995,0.971,1.000,0.026,0.000,0.004,0.001,81,13,0.000,0.987,0.997,1.000,1.000,0.013,0.000,0.003,0.000,253.000,61.000,0.000,0.969,0.995,0.991,1.000,0.018,0.013,0.005,0.000,264.000,61.000,0.000,0.987,0.993,0.963,1.000,0.013,0.000,0.003,0.004
421,61,56,0.000,0.974,0.995,0.971,1.000,0.026,0.000,0.004,0.001,81,13,0.000,0.987,0.997,1.000,1.000,0.013,0.000,0.003,0.000,253.000,61.000,0.000,0.969,0.995,0.991,1.000,0.018,0.013,0.005,0.000,264.000,61.000,0.000,0.987,0.993,0.963,1.000,0.013,0.000,0.003,0.004
422,61,56,0.000,0.974,0.995,0.971,1.000,0.026,0.000,0.004,0.001,81,13,0.000,0.987,0.997,1.000,1.000,0.013,0.000,0.003,0.000,253.000,61.000,0.000,0.969,0.995,0.991,1.000,0.018,0.013,0.005,0.000,264.000,61.000,0.000,0.987,0.993,0.963,1.000,0.013,0.000,0.003,0.004
423,61,56,0.000,0.974,0.995,0.971,1.000,0.026,0.000,0.004,0.001,81,13,0.000,0.987,0.997,1.000,1.000,0.013,0.000,0.003,0.000,253.000,61.000,0.000,0.969,0.995,0.991,1.000,0.018,0.013,0.005,0.000,264.000,61.000,0.000,0.987,0.993,0.963,1.000,0.013,0.000,0.003,0.004
424,61,56,0.000,0.974,0.995,0.971,1.000,0.026,0.000,0.004,0.001,81,13,0.000,0.987,0.997,1.000,1.000,0.013,0.000,0.003,0.000,253.000,61.000,0.000,0.969,0.995,0.991,1.000,0.018,0.013,0.005,0.000,264.000,61.000,0.000,0.987,0.993,0.963,1.000,0.013,0.000,0.003,0.004
425,61,56,0.000,0.974,0.995,0.971,1.000,0.026,0.000,0.004,0.001,81,13,0.000,0.987,0.997,1.000,1.000,0.013,0.000,0.003,0.000,253.000,61.000,0.000,0.969,0.995,0.991,1.000,0.018,0.013,0.005,0.000,264.000,61.000,0.000,0.987,0.993,0.963,1.000,0.013,0.000,0.003,0.004
426,61,56,0.000,0.974,0.995,0.971,1.000,0.026,0.000,0.004,0.001,81,13,0.000,0.987,0.997,1.000,1.000,0.013,0.000,0.003,0.000,253.000,61.000,0.000,0.969,0.995,0.991,1.000,0.018,0.013,0.005,0.000,264.000,61.000,0.000,0.987,0.993,0.963,1.000,0.013,0.000,0.003,0.004
427,61,56,0.000,0.974,0.995,0.971,1.000,0.026,0.000,0.004,0.001,81,13,0.000,0.987,0.997,1.000,1.000,0.013,0.000,0.003,0.000,253.000,61.000,0.000,0.969,0.995,0.991,1.000,0.018,0.013,0.005,0.000,264.000,61.000,0.000,0.987,0.993,0.963,1.000,0.013,0.000,0.003,0.004
428,61,56,0.000,0.974,0.995,0.971,1.000,0.026,0.000,0.004,0.001,81,13,0.000,0.987,0.997,1.000,1.000,0.013,0.000,0.003,0.000,253.000,61.000,0.000,0.969,0.995,0.991,1.000,0.018,0.013,0.005,0.000,264.000,61.000,0.000,0.987,0.993,0.963,1.000,0.013,0.000,0.003,0.004
429,61,56,0.000,0.974,0.995,0.971,1.000,0.026,0.000,0.004,0.001,81,13,0.000,0.987,0.997,1.000,1.000,0.013,0.000,0.003,0.000,253.000,61.000,0.000,0.969,0.995,0.991,1.000,0.018,0.013,0.005,0.000,264.000,61.000,0.000,0.987,0.993,0.963,1.000,0.013,0.000,0.003,0.004
430,61,56,0.000,0.974,0.995,0.971,1.000,0.026,0.000,0.004,0.001,81,13,0.000,0.987,0.997,1.000,1.000,0.013,0.000,0.003,0.000,253.000,61.000,0.000,0.969,0.995,0.991,1.000,0.018,0.013,0.005,0.000,264.000,61.000,0.000,0.987,0.993,0.963,1.000,0.013,0.000,0.003,0.004
431,61,56,0.000,0.974,0.995,0.971,1.000,0.026,0.000,0.004,0.001,81,13,0.000,0.987,0.997,1.000,1.000,0.013,0.000,0.003,0.000,253.000,61.000,0.000,0.969,0.995,0.991,1.000,0.018,0.013,0.005,0.000,264.000,61.000,0.000,0.987,0.993,0.963,1.000,0.013,0.000,0.003,0.004
432,61,56,0.000,0.974,0.995,0.971,1.000,0.026,0.000,0.004,0.001,81,13,0.000,0.987,0.997,1.000,1.000,0.013,0.000,0.003,0.000,253.000,61.000,0.000,0.969,0.995,0.991,1.000,0.018,0.013,0.005,0.000,264.000,61.000,0.000,0.987,0.993,0.963,1.000,0.013,0.000,0.003,0.004
433,61,56,0.000,0.974,0.995,0.971,1.000,0.026,0.000,0.004,0.001,81,13,0.000,0.987,0.997,1.000,1.000,0.013,0.000,0.003,0.000,253.000,61.000,0.000,0.969,0.995,0.991,1.000,0.018,0.013,0.005,0.000,264.000,61.000,0.000,0.987,0.993,0.963,1.000,0.013,0.000,0.003,0.004
434,61,56,0.000,0.974,0.995,0.971,1.000,0.026,0.000,0.004,0.001,81,13,0.000,0.987,0.997,1.000,1.000,0.013,0.000,0.003,0.000,253.000,61.000,0.000,0.969,0.995,0.991,1.000,0.018,0.013,0.005,0.000,264.000,61.000,0.000,0.987,0.993,0.963,1.000,0.013,0.000,0.003,0.004
435,61,56,0.000,0.974,0.995,0.971,1.000,0.026,0.000,0.004,0.001,81,13,0.000,0.987,0.997,1.000,1.000,0.013,0.000,0.003,0.000,253.000,61.000,0.000,0.969,0.995,0.991,1.000,0.018,0.013,0.005,0.000,264.000,61.000,0.000,0.987,0.993,0.963,1.000,0.013,0.000,0.003,0.004
436,61,56,0.000,0.974,0.995,0.971,1.000,0.026,0.000,0.004,0.001,81,13,0.000,0.987,0.997,1.000,1.000,0.013,0.000,0.003,0.000,253.000,61.000,0.000,0.969,0.995,0.991,1.000,0.018,0.013,0.005,0.000,264.000,61.000,0.000,0.987,0.993,0.963,1.000,0.013,0.000,0.003,0.004
437,61,56,0.000,0.974,0.995,0.971,1.000,0.026,0.000,0.004,0.001,81,13,0.000,0.987,0.997,1.000,1.000,0.013,0.000,0.003,0.000,253.000,61.000,0.000,0.969,0.995,0.991,1.000,0.018,0.013,0.005,0.000,264.000,61.000,0.000,0.987,0.993,0.963,1.000,0.013,0.000,0.003,0.004
438,61,56,0.000,0.974,0.995,0.971,1.000,0.026,0.000,0.004,0.001,81,13,0.000,0.987,0.997,1.000,1.000,0.013,0.000,0.003,0.000,253.000,61.000,0.000,0.969,0.995,0.991,1.000,0.018,0.013,0.005,0.000,264.000,61.000,0.000,0.987,0.993,0.963,1.000,0.013,0.000,0.003,0.004
439,61,56,0.000,0.974,0.995,0.971,1.000,0.026,0.000,0.004,0.001,81,13,0.000,0.987,0.997,1.000,1.000,0.013,0.000,0.003,0.000,253.000,61.000,0.000,0.969,0.995,0.991,1.000,0.018,0.013,0.005,0.000,264.000,61.000,0.000,0.987,0.993,0.963,1.000,0.013,0.000,0.003,0.004
440,61,56,0.000,0.974,0.995,0.971,1.000,0.026,0.000,0.004,0.001,81,13,0.000,0.987,0.997,1.000,1.000,0.013,0.000,0.003,0.000,253.000,61.000,0.000,0.969,0.995,0.991,1.000,0.018,0.013,0.005,0.000,264.000,61.000,0.000,0.987,0.993,0.963,1.000,0.013,0.000,0.003,0.004
441,61,56,0.000,0.974,0.995,0.971,1.000,0.026,0.000,0.004,0.001,81,13,0.000,0.987,0.997,1.000,1.000,0.013,0.000,0.003,0.000,253.000,61.000,0.000,0.969,0.995,0.991,1.000,0.018,0.013,0.005,0.000,264.000,61.000,0.000,0.987,0.993,0.963,1.000,0.013,0.000,0.003,0.004
442,61,56,0.000,0.974,0.995,0.971,1.000,0.026,0.000,0.004,0.001,81,13,0.000,0.987,0.997,1.000,1.000,0.013,0.000,0.003,0.000,253.000,61.000,0.000,0.969,0.995,0.991,1.000,0.018,0.013,0.005,0.000,264.000,61.000,0.000,0.987,0.993,0.963,1.000,0.013,0.000,0.003,0.004
443,61,56,0.000,0.974,0.995,0.971,1.000,0.026,0.000,0.004,0.001,81,13,0.000,0.987,0.997,1.000,1.000,0.013,0.000,0.003,0.000,253.000,61.000,0.000,0.969,0.995,0.991,1.000,0.018,0.013,0.005,0.000,264.000,61.000,0.000,0.987,0.993,0.963,1.000,0.013,0.000,0.003,0.004
444,61,56,0.000,0.974,0.995,0.971,1.000,0.026,0.000,0.004,0.001,81,13,0.000,0.987,0.997,1.000,1.000,0.013,0.000,0.003,0.000,253.000,61.000,0.000,0.969,0.995,0.991,1.000,0.018,0.013,0.005,0.000,264.000,61.000,0.000,0.987,0.993,0.963,1.000,0.013,0.000,0.003,0.004
445,61,56,0.000,0.974,0.995,0.971,1.000,0.026,0.000,0.004,0.001,81,13,0.000,0.987,0.997,1.000,1.000,0.013,0.000,0.003,0.000,253.000,61.000,0.000,0.969,0.995,0.991,1.000,0.018,0.013,0.005,0.000,264.000,61.000,0.000,0.987,0.993,0.963,1.000,0.013,0.000,0.003,0.004
446,61,56,0.000,0.974,0.995,0.971,1.000,0.026,0.000,0.004,0.001,81,13,0.000,0.987,0.997,1.000,1.000,0.013,0.000,0.003,0.000,253.000,61.000,0.000,0.969,0.995,0.991,1.000,0.018,0.013,0.005,0.000,264.000,61.000,0.000,0.987,0.993,0.963,1.000,0.013,0.000,0.003,0.004
447,61,56,0.000,0.974,0.995,0.971,1.000,0.026,0.000,0.004,0.001,81,13,0.000,0.987,0.997,1.000,1.000,0.013,0.000,0.003,0.000,253.000,61.000,0.000,0.969,0.995,0.991,1.000,0.018,0.013,0.005,0.000,264.000,61.000,0.000,0.987,0.993,0.963,1.000,0.013,0.000,0.003,0.004
448,61,56,0.000,0.974,0.995,0.971,1.000,0.026,0.000,0.004,0.001,287,81,0.000,0.965,0.998,1.000,1.000,0.015,0.021,0.002,0.000,318.000,315.000,0.000,0.989,0.999,0.992,1.000,0.011,0.000,0.001,0.000,332.000,61.000,0.000,0.976,0.995,0.964,1.000,0.024,0.000,0.005,0.000
449,61,56,0.000,0.974,0.995,0.971,1.000,0.026,0.000,0.004,0.001,287,81,0.000,0.965,0.998,1.000,1.000,0.015,0.021,0.002,0.000,318.000,315.000,0.000,0.989,0.999,0.992,1.000,0.011,0.000,0.001,0.000,332.000,61.000,0.000,0.976,0.995,0.964,1.000,0.024,0.000,0.005,0.000
450,61,56,0.000,0.974,0.995,0.971,1.000,0.026,0.000,0.004,0.001,287,81,0.000,0.965,0.998,1.000,1.000,0.015,0.021,0.002,0.000,318.000,315.000,0.000,0.989,0.999,0.992,1.000,0.011,0.000,0.001,0.000,332.000,61.000,0.000,0.976,0.995,0.964,1.000,0.024,0.000,0.005,0.000
451,61,56,0.000,0.974,0.995,0.971,1.000,0.026,0.000,0.004,0.001,287,81,0.000,0.965,0.998,1.000,1.000,0.015,0.021,0.002,0.000,318.000,315.000,0.000,0.989,0.999,0.992,1.000,0.011,0.000,0.001,0.000,332.000,61.000,0.000,0.976,0.995,0.964,1.000,0.024,0.000,0.005,0.000
452,61,56,0.000,0.974,0.995,0.971,1.000,0.026,0.000,0.004,0.001,287,81,0.000,0.965,0.998,1.000,1.000,0.015,0.021,0.002,0.000,318.000,315.000,0.000,0.989,0.999,0.992,1.000,0.011,0.000,0.001,0.000,332.000,61.000,0.000,0.976,0.995,0.964,1.000,0.024,0.000,0.005,0.000
453,61,56,0.000,0.974,0.995,0.971,1.000,0.026,0.000,0.004,0.001,287,81,0.000,0.965,0.998,1.000,1.000,0.015,0.021,0.002,0.000,318.000,315.000,0.000,0.989,0.999,0.992,1.000,0.011,0.000,0.001,0.000,332.000,61.000,0.000,0.976,0.995,0.964,1.000,0.024,0.000,0.005,0.000
454,61,56,0.000,0.974,0.995,0.971,1.000,0.026,0.000,0.004,0.001,287,81,0.000,0.965,0.998,1.000,1.000,0.015,0.021,0.002,0.000,318.000,315.000,0.000,0.989,0.999,0.992,1.000,0.011,0.000,0.001,0.000,332.000,61.000,0.000,0.976,0.995,0.964,1.000,0.024,0.000,0.005,0.000
455,61,56,0.000,0.974,0.995,0.971,1.000,0.026,0.000,0.004,0.001,287,81,0.000,0.965,0.998,1.000,1.000,0.015,0.021,0.002,0.000,318.000,315.000,0.000,0.989,0.999,0.992,1.000,0.011,0.000,0.001,0.000,332.000,61.000,0.000,0.976,0.995,0.964,1.000,0.024,0.000,0.005,0.000
456,61,56,0.000,0.974,0.995,0.971,1.000,0.026,0.000,0.004,0.001,287,81,0.000,0.965,0.998,1.000,1.000,0.015,0.021,0.002,0.000,318.000,315.000,0.000,0.989,0.999,0.992,1.000,0.011,0.000,0.001,0.000,332.000,61.000,0.000,0.976,0.995,0.964,1.000,0.024,0.000,0.005,0.000
457,61,56,0.000,0.974,0.995,0.971,1.000,0.026,0.000,0.004,0.001,287,81,0.000,0.965,0.998,1.000,1.000,0.015,0.021,0.002,0.000,318.000,315.000,0.000,0.989,0.999,0.992,1.000,0.011,0.000,0.001,0.000,332.000,61.000,0.000,0.976,0.995,0.964,1.000,0.024,0.000,0.005,0.000
458,61,56,0.000,0.974,0.995,0.971,1.000,0.026,0.000,0.004,0.001,287,81,0.000,0.965,0.998,1.000,1.000,0.015,0.021,0.002,0.000,318.000,315.000,0.000,0.989,0.999,0.992,1.000,0.011,0.000,0.001,0.000,332.000,61.000,0.000,0.976,0.995,0.964,1.000,0.024,0.000,0.005,0.000
459,61,56,0.000,0.974,0.995,0.971,1.000,0.026,0.000,0.004,0.001,287,81,0.000,0.965,0.998,1.000,1.000,0.015,0.021,0.002,0.000,318.000,315.000,0.000,0.989,0.999,0.992,1.000,0.011,0.000,0.001,0.000,332.000,61.000,0.000,0.976,0.995,0.964,1.000,0.024,0.000,0.005,0.000
460,61,56,0.000,0.974,0.995,0.971,1.000,0.026,0.000,0.004,0.001,287,81,0.000,0.965,0.998,1.000,1.000,0.015,0.021,0.002,0.000,318.000,315.000,0.000,0.989,0.999,0.992,1.000,0.011,0.000,0.001,0.000,332.000,61.000,0.000,0.976,0.995,0.964,1.000,0.024,0.000,0.005,0.000
461,61,56,0.000,0.974,0.995,0.971,1.000,0.026,0.000,0.004,0.001,287,81,0.000,0.965,0.998,1.000,1.000,0.015,0.021,0.002,0.000,318.000,315.000,0.000,0.989,0.999,0.992,1.000,0.011,0.000,0.001,0.000,332.000,61.000,0.000,0.976,0.995,0.964,1.000,0.024,0.000,0.005,0.000
462,61,56,0.000,0.974,0.995,0.971,1.000,0.026,0.000,0.004,0.001,287,81,0.000,0.965,0.998,1.000,1.000,0.015,0.021,0.002,0.000,318.000,315.000,0.000,0.989,0.999,0.992,1.000,0.011,0.000,0.001,0.000,332.000,61.000,0.000,0.976,0.995,0.964,1.000,0.024,0.000,0.005,0.000
463,61,56,0.000,0.974,0.995,0.971,1.000,0.026,0.000,0.004,0.001,287,81,0.000,0.965,0.998,1.000,1.000,0.015,0.021,0.002,0.000,318.000,315.000,0.000,0.989,0.999,0.992,1.000,0.011,0.000,0.001,0.000,332.000,61.000,0.000,0.976,0.995,0.964,1.000,0.024,0.000,0.005,0.000
464,61,56,0.000,0.974,0.995,0.971,1.000,0.026,0.000,0.004,0.001,287,81,0.000,0.965,0.998,1.000,1.000,0.015,0.021,0.002,0.000,318.000,315.000,0.000,0.989,0.999,0.992,1.000,0.011,0.000,0.001,0.000,332.000,61.000,0.000,0.976,0.995,0.964,1.000,0.024,0.000,0.005,0.000
465,61,56,0.000,0.974,0.995,0.971,1.000,0.026,0.000,0.004,0.001,287,81,0.000,0.965,0.998,1.000,1.000,0.015,0.021,0.002,0.000,318.000,315.000,0.000,0.989,0.999,0.992,1.000,0.011,0.000,0.001,0.000,332.000,61.000,0.000,0.976,0.995,0.964,1.000,0.024,0.000,0.005,0.000
466,61,56,0.000,0.974,0.995,0.971,1.000,0.026,0.000,0.004,0.001,287,81,0.000,0.965,0.998,1.000,1.000,0.015,0.021,0.002,0.000,318.000,315.000,0.000,0.989,0.999,0.992,1.000,0.011,0.000,0.001,0.000,332.000,61.000,0.000,0.976,0.995,0.964,1.000,0.024,0.000,0.005,0.000
467,61,56,0.000,0.974,0.995,0.971,1.000,0.026,0.000,0.004,0.001,287,81,0.000,0.965,0.998,1.000,1.000,0.015,0.021,0.002,0.000,318.000,315.000,0.000,0.989,0.999,0.992,1.000,0.011,0.000,0.001,0.000,332.000,61.000,0.000,0.976,0.995,0.964,1.000,0.024,0.000,0.005,0.000
468,61,56,0.000,0.974,0.995,0.971,1.000,0.026,0.000,0.004,0.001,287,81,0.000,0.965,0.998,1.000,1.000,0.015,0.021,0.002,0.000,318.000,315.000,0.000,0.989,0.999,0.992,1.000,0.011,0.000,0.001,0.000,332.000,61.000,0.000,0.976,0.995,0.964,1.000,0.024,0.000,0.005,0.000
469,61,56,0.000,0.974,0.995,0.971,1.000,0.026,0.000,0.004,0.001,287,81,0.000,0.965,0.998,1.000,1.000,0.015,0.021,0.002,0.000,318.000,315.000,0.000,0.989,0.999,0.992,1.000,0.011,0.000,0.001,0.000,332.000,61.000,0.000,0.976,0.995,0.964,1.000,0.024,0.000,0.005,0.000
470,61,56,0.000,0.974,0.995,0.971,1.000,0.026,0.000,0.004,0.001,287,81,0.000,0.965,0.998,1.000,1.000,0.015,0.021,0.002,0.000,318.000,315.000,0.000,0.989,0.999,0.992,1.000,0.011,0.000,0.001,0.000,332.000,61.000,0.000,0.976,0.995,0.964,1.000,0.024,0.000,0.005,0.000
471,61,56,0.000,0.974,0.995,0.971,1.000,0.026,0.000,0.004,0.001,287,81,0.000,0.965,0.998,1.000,1.000,0.015,0.021,0.002,0.000,318.000,315.000,0.000,0.989,0.999,0.992,1.000,0.011,0.000,0.001,0.000,332.000,61.000,0.000,0.976,0.995,0.964,1.000,0.024,0.000,0.005,0.000
472,61,56,0.000,0.974,0.995,0.971,1.000,0.026,0.000,0.004,0.001,287,81,0.000,0.965,0.998,1.000,1.000,0.015,0.021,0.002,0.000,318.000,315.000,0.000,0.989,0.999,0.992,1.000,0.011,0.000,0.001,0.000,332.000,61.000,0.000,0.976,0.995,0.964,1.000,0.024,0.000,0.005,0.000
473,61,56,0.000,0.974,0.995,0.971,1.000,0.026,0.000,0.004,0.001,287,81,0.000,0.965,0.998,1.000,1.000,0.015,0.021,0.002,0.000,318.000,315.000,0.000,0.989,0.999,0.992,1.000,0.011,0.000,0.001,0.000,332.000,61.000,0.000,0.976,0.995,0.964,1.000,0.024,0.000,0.005,0.000
474,61,56,0.000,0.974,0.995,0.971,1.000,0.026,0.000,0.004,0.001,287,81,0.000,0.965,0.998,1.000,1.000,0.015,0.021,0.002,0.000,318.000,315.000,0.000,0.989,0.999,0.992,1.000,0.011,0.000,0.001,0.000,332.000,61.000,0.000,0.976,0.995,0.964,1.000,0.024,0.000,0.005,0.000
475,61,56,0.000,0.974,0.995,0.971,1.000,0.026,0.000,0.004,0.001,287,81,0.000,0.965,0.998,1.000,1.000,0.015,0.021,0.002,0.000,318.000,315.000,0.000,0.989,0.999,0.992,1.000,0.011,0.000,0.001,0.000,332.000,61.000,0.000,0.976,0.995,0.964,1.000,0.024,0.000,0.005,0.000
476,61,56,0.000,0.974,0.995,0.971,1.000,0.026,0.000,0.004,0.001,287,81,0.000,0.965,0.998,1.000,1.000,0.015,0.021,0.002,0.000,318.000,315.000,0.000,0.989,0.999,0.992,1.000,0.011,0.000,0.001,0.000,332.000,61.000,0.000,0.976,0.995,0.964,1.000,0.024,0.000,0.005,0.000
477,61,56,0.000,0.974,0.995,0.971,1.000,0.026,0.000,0.004,0.001,287,81,0.000,0.965,0.998,1.000,1.000,0.015,0.021,0.002,0.000,318.000,315.000,0.000,0.989,0.999,0.992,1.000,0.011,0.000,0.001,0.000,332.000,61.000,0.000,0.976,0.995,0.964,1.000,0.024,0.000,0.005,0.000
478,61,56,0.000,0.974,0.995,0.971,1.000,0.026,0.000,0.004,0.001,287,81,0.000,0.965,0.998,1.000,1.000,0.015,0.021,0.002,0.000,318.000,315.000,0.000,0.989,0.999,0.992,1.000,0.011,0.000,0.001,0.000,332.000,61.000,0.000,0.976,0.995,0.964,1.000,0.024,0.000,0.005,0.000
479,61,56,0.000,0.974,0.995,0.971,1.000,0.026,0.000,0.004,0.001,287,81,0.000,0.965,0.998,1.000,1.000,0.015,0.021,0.002,0.000,318.000,315.000,0.000,0.989,0.999,0.992,1.000,0.011,0.000,0.001,0.000,332.000,61.000,0.000,0.976,0.995,0.964,1.000,0.024,0.000,0.005,0.000
480,61,56,0.000,0.974,0.995,0.971,1.000,0.026,0.000,0.004,0.001,287,81,0.000,0.965,0.998,1.000,1.000,0.015,0.021,0.002,0.000,318.000,315.000,0.000,0.989,0.999,0.992,1.000,0.011,0.000,0.001,0.000,332.000,61.000,0.000,0.976,0.995,0.964,1.000,0.024,0.000,0.005,0.000
481,61,56,0.000,0.974,0.995,0.971,1.000,0.026,0.000,0.004,0.001,287,81,0.000,0.965,0.998,1.000,1.000,0.015,0.021,0.002,0.000,318.000,315.000,0.000,0.989,0.999,0.992,1.000,0.011,0.000,0.001,0.000,332.000,61.000,0.000,0.976,0.995,0.964,1.000,0.024,0.000,0.005,0.000
482,61,56,0.000,0.974,0.995,0.971,1.000,0.026,0.000,0.004,0.001,287,81,0.000,0.965,0.998,1.000,1.000,0.015,0.021,0.002,0.000,318.000,315.000,0.000,0.989,0.999,0.992,1.000,0.011,0.000,0.001,0.000,332.000,61.000,0.000,0.976,0.995,0.964,1.000,0.024,0.000,0.005,0.000
483,61,56,0.000,0.974,0.995,0.971,1.000,0.026,0.000,0.004,0.001,287,81,0.000,0.965,0.998,1.000,1.000,0.015,0.021,0.002,0.000,318.000,315.000,0.000,0.989,0.999,0.992,1.000,0.011,0.000,0.001,0.000,332.000,61.000,0.000,0.976,0.995,0.964,1.000,0.024,0.000,0.005,0.000
484,61,56,0.000,0.974,0.995,0.971,1.000,0.026,0.000,0.004,0.001,287,81,0.000,0.965,0.998,1.000,1.000,0.015,0.021,0.002,0.000,318.000,315.000,0.000,0.989,0.999,0.992,1.000,0.011,0.000,0.001,0.000,332.000,61.000,0.000,0.976,0.995,0.964,1.000,0.024,0.000,0.005,0.000
485,61,56,0.000,0.974,0.995,0.971,1.000,0.026,0.000,0.004,0.001,287,81,0.000,0.965,0.998,1.000,1.000,0.015,0.021,0.002,0.000,318.000,315.000,0.000,0.989,0.999,0.992,1.000,0.011,0.000,0.001,0.000,332.000,61.000,0.000,0.976,0.995,0.964,1.000,0.024,0.000,0.005,0.000
486,61,56,0.000,0.974,0.995,0.971,1.000,0.026,0.000,0.004,0.001,287,81,0.000,0.965,0.998,1.000,1.000,0.015,0.021,0.002,0.000,318.000,315.000,0.000,0.989,0.999,0.992,1.000,0.011,0.000,0.001,0.000,332.000,61.000,0.000,0.976,0.995,0.964,1.000,0.024,0.000,0.005,0.000
487,61,56,0.000,0.974,0.995,0.971,1.000,0.026,0.000,0.004,0.001,287,81,0.000,0.965,0.998,1.000,1.000,0.015,0.021,0.002,0.000,318.000,315.000,0.000,0.989,0.999,0.992,1.000,0.011,0.000,0.001,0.000,332.000,61.000,0.000,0.976,0.995,0.964,1.000,0.024,0.000,0.005,0.000
488,61,56,0.000,0.974,0.995,0.971,1.000,0.026,0.000,0.004,0.001,287,81,0.000,0.965,0.998,1.000,1.000,0.015,0.021,0.002,0.000,318.000,315.000,0.000,0.989,0.999,0.992,1.000,0.011,0.000,0.001,0.000,332.000,61.000,0.000,0.976,0.995,0.964,1.000,0.024,0.000,0.005,0.000
489,61,56,0.000,0.974,0.995,0.971,1.000,0.026,0.000,0.004,0.001,287,81,0.000,0.965,0.998,1.000,1.000,0.015,0.021,0.002,0.000,318.000,315.000,0.000,0.989,0.999,0.992,1.000,0.011,0.000,0.001,0.000,332.000,61.000,0.000,0.976,0.995,0.964,1.000,0.024,0.000,0.005,0.000
490,61,56,0.000,0.974,0.995,0.971,1.000,0.026,0.000,0.004,0.001,287,81,0.000,0.965,0.998,1.000,1.000,0.015,0.021,0.002,0.000,318.000,315.000,0.000,0.989,0.999,0.992,1.000,0.011,0.000,0.001,0.000,332.000,61.000,0.000,0.976,0.995,0.964,1.000,0.024,0.000,0.005,0.000
491,61,56,0.000,0.974,0.995,0.971,1.000,0.026,0.000,0.004,0.001,287,81,0.000,0.965,0.998,1.000,1.000,0.015,0.021,0.002,0.000,318.000,315.000,0.000,0.989,0.999,0.992,1.000,0.011,0.000,0.001,0.000,332.000,61.000,0.000,0.976,0.995,0.964,1.000,0.024,0.000,0.005,0.000
492,61,56,0.000,0.974,0.995,0.971,1.000,0.026,0.000,0.004,0.001,287,81,0.000,0.965,0.998,1.000,1.000,0.015,0.021,0.002,0.000,318.000,315.000,0.000,0.989,0.999,0.992,1.000,0.011,0.000,0.001,0.000,332.000,61.000,0.000,0.976,0.995,0.964,1.000,0.024,0.000,0.005,0.000
493,61,56,0.000,0.974,0.995,0.971,1.000,0.026,0.000,0.004,0.001,287,81,0.000,0.965,0.998,1.000,1.000,0.015,0.021,0.002,0.000,318.000,315.000,0.000,0.989,0.999,0.992,1.000,0.011,0.000,0.001,0.000,332.000,61.000,0.000,0.976,0.995,0.964,1.000,0.024,0.000,0.005,0.000
494,61,56,0.000,0.974,0.995,0.971,1.000,0.026,0.000,0.004,0.001,287,81,0.000,0.965,0.998,1.000,1.000,0.015,0.021,0.002,0.000,318.000,315.000,0.000,0.989,0.999,0.992,1.000,0.011,0.000,0.001,0.000,332.000,61.000,0.000,0.976,0.995,0.964,1.000,0.024,0.000,0.005,0.000
495,61,56,0.000,0.974,0.995,0.971,1.000,0.026,0.000,0.004,0.001,287,81,0.000,0.965,0.998,1.000,1.000,0.015,0.021,0.002,0.000,318.000,315.000,0.000,0.989,0.999,0.992,1.000,0.011,0.000,0.001,0.000,332.000,61.000,0.000,0.976,0.995,0.964,1.000,0.024,0.000,0.005,0.000
496,61,56,0.000,0.974,0.995,0.971,1.000,0.026,0.000,0.004,0.001,287,81,0.000,0.965,0.998,1.000,1.000,0.015,0.021,0.002,0.000,318.000,315.000,0.000,0.989,0.999,0.992,1.000,0.011,0.000,0.001,0.000,332.000,61.000,0.000,0.976,0.995,0.964,1.000,0.024,0.000,0.005,0.000
497,61,56,0.000,0.974,0.995,0.971,1.000,0.026,0.000,0.004,0.001,287,81,0.000,0.965,0.998,1.000,1.000,0.015,0.021,0.002,0.000,318.000,315.000,0.000,0.989,0.999,0.992,1.000,0.011,0.000,0.001,0.000,332.000,61.000,0.000,0.976,0.995,0.964,1.000,0.024,0.000,0.005,0.000
498,61,56,0.000,0.974,0.995,0.971,1.000,0.026,0.000,0.004,0.001,287,81,0.000,0.965,0.998,1.000,1.000,0.015,0.021,0.002,0.000,318.000,315.000,0.000,0.989,0.999,0.992,1.000,0.011,0.000,0.001,0.000,332.000,61.000,0.000,0.976,0.995,0.964,1.000,0.024,0.000,0.005,0.000
499,61,56,0.000,0.974,0.995,0.971,1.000,0.026,0.000,0.004,0.001,287,81,0.000,0.965,0.998,1.000,1.000,0.015,0.021,0.002,0.000,318.000,315.000,0.000,0.989,0.999,0.992,1.000,0.011,0.000,0.001,0.000,332.000,61.000,0.000,0.976,0.995,0.964,1.000,0.024,0.000,0.005,0.000
500,61,56,0.000,0.974,0.995,0.971,1.000,0.026,0.000,0.004,0.001,287,81,0.000,0.965,0.998,1.000,1.000,0.015,0.021,0.002,0.000,318.000,315.000,0.000,0.989,0.999,0.992,1.000,0.011,0.000,0.001,0.000,332.000,61.000,0.000,0.976,0.995,0.964,1.000,0.024,0.000,0.005,0.000
501,61,56,0.000,0.974,0.995,0.971,1.000,0.026,0.000,0.004,0.001,287,81,0.000,0.965,0.998,1.000,1.000,0.015,0.021,0.002,0.000,318.000,315.000,0.000,0.989,0.999,0.992,1.000,0.011,0.000,0.001,0.000,332.000,61.000,0.000,0.976,0.995,0.964,1.000,0.024,0.000,0.005,0.000
502,61,56,0.000,0.974,0.995,0.971,1.000,0.026,0.000,0.004,0.001,287,81,0.000,0.965,0.998,1.000,1.000,0.015,0.021,0.002,0.000,318.000,315.000,0.000,0.989,0.999,0.992,1.000,0.011,0.000,0.001,0.000,332.000,61.000,0.000,0.976,0.995,0.964,1.000,0.024,0.000,0.005,0.000
503,61,56,0.000,0.974,0.995,0.971,1.000,0.026,0.000,0.004,0.001,287,81,0.000,0.965,0.998,1.000,1.000,0.015,0.021,0.002,0.000,318.000,315.000,0.000,0.989,0.999,0.992,1.000,0.011,0.000,0.001,0.000,332.000,61.000,0.000,0.976,0.995,0.964,1.000,0.024,0.000,0.005,0.000
504,61,56,0.000,0.974,0.995,0.971,1.000,0.026,0.000,0.004,0.001,287,81,0.000,0.965,0.998,1.000,1.000,0.015,0.021,0.002,0.000,318.000,315.000,0.000,0.989,0.999,0.992,1.000,0.011,0.000,0.001,0.000,332.000,61.000,0.000,0.976,0.995,0.964,1.000,0.024,0.000,0.005,0.000
505,61,56,0.000,0.974,0.995,0.971,1.000,0.026,0.000,0.004,0.001,287,81,0.000,0.965,0.998,1.000,1.000,0.015,0.021,0.002,0.000,318.000,315.000,0.000,0.989,0.999,0.992,1.000,0.011,0.000,0.001,0.000,332.000,61.000,0.000,0.976,0.995,0.964,1.000,0.024,0.000,0.005,0.000
506,61,56,0.000,0.974,0.995,0.971,1.000,0.026,0.000,0.004,0.001,287,81,0.000,0.965,0.998,1.000,1.000,0.015,0.021,0.002,0.000,318.000,315.000,0.000,0.989,0.999,0.992,1.000,0.011,0.000,0.001,0.000,332.000,61.000,0.000,0.976,0.995,0.964,1.000,0.024,0.000,0.005,0.000
507,61,56,0.000,0.974,0.995,0.971,1.000,0.026,0.000,0.004,0.001,287,81,0.000,0.965,0.998,1.000,1.000,0.015,0.021,0.002,0.000,318.000,315.000,0.000,0.989,0.999,0.992,1.000,0.011,0.000,0.001,0.000,332.000,61.000,0.000,0.976,0.995,0.964,1.000,0.024,0.000,0.005,0.000
508,61,56,0.000,0.974,0.995,0.971,1.000,0.026,0.000,0.004,0.001,287,81,0.000,0.965,0.998,1.000,1.000,0.015,0.021,0.002,0.000,318.000,315.000,0.000,0.989,0.999,0.992,1.000,0.011,0.000,0.001,0.000,332.000,61.000,0.000,0.976,0.995,0.964,1.000,0.024,0.000,0.005,0.000
509,61,56,0.000,0.974,0.995,0.971,1.000,0.026,0.000,0.004,0.001,287,81,0.000,0.965,0.998,1.000,1.000,0.015,0.021,0.002,0.000,318.000,315.000,0.000,0.989,0.999,0.992,1.000,0.011,0.000,0.001,0.000,332.000,61.000,0.000,0.976,0.995,0.964,1.000,0.024,0.000,0.005,0.000
510,61,56,0.000,0.974,0.995,0.971,1.000,0.026,0.000,0.004,0.001,287,81,0.000,0.965,0.998,1.000,1.000,0.015,0.021,0.002,0.000,318.000,315.000,0.000,0.989,0.999,0.992,1.000,0.011,0.000,0.001,0.000,332.000,61.000,0.000,0.976,0.995,0.964,1.000,0.024,0.000,0.005,0.000
511,61,56,0.000,0.974,0.995,0.971,1.000,0.026,0.000,0.004,0.001,287,81,0.000,0.965,0.998,1.000,1.000,0.015,0.021,0.002,0.000,318.000,315.000,0.000,0.989,0.999,0.992,1.000,0.011,0.000,0.001,0.000,332.000,61.000,0.000,0.976,0.995,0.964,1.000,0.024,0.000,0.005,0.000
512,61,56,0.000,0.974,0.995,0.971,1.000,0.026,0.000,0.004,0.001,287,81,0.000,0.965,0.998,1.000,1.000,0.015,0.021,0.002,0.000,318.000,315.000,0.000,0.989,0.999,0.992,1.000,0.011,0.000,0.001,0.000,332.000,61.000,0.000,0.976,0.995,0.964,1.000,0.024,0.000,0.005,0.000
513,61,56,0.000,0.974,0.995,0.971,1.000,0.026,0.000,0.004,0.001,287,81,0.000,0.965,0.998,1.000,1.000,0.015,0.021,0.002,0.000,318.000,315.000,0.000,0.989,0.999,0.992,1.000,0.011,0.000,0.001,0.000,332.000,61.000,0.000,0.976,0.995,0.964,1.000,0.024,0.000,0.005,0.000
514,61,56,0.000,0.974,0.995,0.971,1.000,0.026,0.000,0.004,0.001,287,81,0.000,0.965,0.998,1.000,1.000,0.015,0.021,0.002,0.000,318.000,315.000,0.000,0.989,0.999,0.992,1.000,0.011,0.000,0.001,0.000,332.000,61.000,0.000,0.976,0.995,0.964,1.000,0.024,0.000,0.005,0.000
515,61,56,0.000,0.974,0.995,0.971,1.000,0.026,0.000,0.004,0.001,287,81,0.000,0.965,0.998,1.000,1.000,0.015,0.021,0.002,0.000,318.000,315.000,0.000,0.989,0.999,0.992,1.000,0.011,0.000,0.001,0.000,332.000,61.000,0.000,0.976,0.995,0.964,1.000,0.024,0.000,0.005,0.000
516,61,56,0.000,0.974,0.995,0.971,1.000,0.026,0.000,0.004,0.001,287,81,0.000,0.965,0.998,1.000,1.000,0.015,0.021,0.002,0.000,318.000,315.000,0.000,0.989,0.999,0.992,1.000,0.011,0.000,0.001,0.000,332.000,61.000,0.000,0.976,0.995,0.964,1.000,0.024,0.000,0.005,0.000
517,61,56,0.000,0.974,0.995,0.971,1.000,0.026,0.000,0.004,0.001,287,81,0.000,0.965,0.998,1.000,1.000,0.015,0.021,0.002,0.000,318.000,315.000,0.000,0.989,0.999,0.992,1.000,0.011,0.000,0.001,0.000,332.000,61.000,0.000,0.976,0.995,0.964,1.000,0.024,0.000,0.005,0.000
518,61,56,0.000,0.974,0.995,0.971,1.000,0.026,0.000,0.004,0.001,287,81,0.000,0.965,0.998,1.000,1.000,0.015,0.021,0.002,0.000,318.000,315.000,0.000,0.989,0.999,0.992,1.000,0.011,0.000,0.001,0.000,332.000,61.000,0.000,0.976,0.995,0.964,1.000,0.024,0.000,0.005,0.000
519,61,56,0.000,0.974,0.995,0.971,1.000,0.026,0.000,0.004,0.001,287,81,0.000,0.965,0.998,1.000,1.000,0.015,0.021,0.002,0.000,318.000,315.000,0.000,0.989,0.999,0.992,1.000,0.011,0.000,0.001,0.000,332.000,61.000,0.000,0.976,0.995,0.964,1.000,0.024,0.000,0.005,0.000
520,61,56,0.000,0.974,0.995,0.971,1.000,0.026,0.000,0.004,0.001,287,81,0.000,0.965,0.998,1.000,1.000,0.015,0.021,0.002,0.000,318.000,315.000,0.000,0.989,0.999,0.992,1.000,0.011,0.000,0.001,0.000,332.000,61.000,0.000,0.976,0.995,0.964,1.000,0.024,0.000,0.005,0.000
521,61,56,0.000,0.974,0.995,0.971,1.000,0.026,0.000,0.004,0.001,287,81,0.000,0.965,0.998,1.000,1.000,0.015,0.021,0.002,0.000,318.000,315.000,0.000,0.989,0.999,0.992,1.000,0.011,0.000,0.001,0.000,332.000,61.000,0.000,0.976,0.995,0.964,1.000,0.024,0.000,0.005,0.000
522,61,56,0.000,0.974,0.995,0.971,1.000,0.026,0.000,0.004,0.001,287,81,0.000,0.965,0.998,1.000,1.000,0.015,0.021,0.002,0.000,318.000,315.000,0.000,0.989,0.999,0.992,1.000,0.011,0.000,0.001,0.000,332.000,61.000,0.000,0.976,0.995,0.964,1.000,0.024,0.000,0.005,0.000
523,61,56,0.000,0.974,0.995,0.971,1.000,0.026,0.000,0.004,0.001,287,81,0.000,0.965,0.998,1.000,1.000,0.015,0.021,0.002,0.000,318.000,315.000,0.000,0.989,0.999,0.992,1.000,0.011,0.000,0.001,0.000,332.000,61.000,0.000,0.976,0.995,0.964,1.000,0.024,0.000,0.005,0.000
524,61,56,0.000,0.974,0.995,0.971,1.000,0.026,0.000,0.004,0.001,287,81,0.000,0.965,0.998,1.000,1.000,0.015,0.021,0.002,0.000,318.000,315.000,0.000,0.989,0.999,0.992,1.000,0.011,0.000,0.001,0.000,332.000,61.000,0.000,0.976,0.995,0.964,1.000,0.024,0.000,0.005,0.000
525,61,56,0.000,0.974,0.995,0.971,1.000,0.026,0.000,0.004,0.001,287,81,0.000,0.965,0.998,1.000,1.000,0.015,0.021,0.002,0.000,318.000,315.000,0.000,0.989,0.999,0.992,1.000,0.011,0.000,0.001,0.000,332.000,61.000,0.000,0.976,0.995,0.964,1.000,0.024,0.000,0.005,0.000
526,61,56,0.000,0.974,0.995,0.971,1.000,0.026,0.000,0.004,0.001,287,81,0.000,0.965,0.998,1.000,1.000,0.015,0.021,0.002,0.000,318.000,315.000,0.000,0.989,0.999,0.992,1.000,0.011,0.000,0.001,0.000,332.000,61.000,0.000,0.976,0.995,0.964,1.000,0.024,0.000,0.005,0.000
527,61,56,0.000,0.974,0.995,0.971,1.000,0.026,0.000,0.004,0.001,287,81,0.000,0.965,0.998,1.000,1.000,0.015,0.021,0.002,0.000,318.000,315.000,0.000,0.989,0.999,0.992,1.000,0.011,0.000,0.001,0.000,332.000,61.000,0.000,0.976,0.995,0.964,1.000,0.024,0.000,0.005,0.000
528,61,56,0.000,0.974,0.995,0.971,1.000,0.026,0.000,0.004,0.001,287,81,0.000,0.965,0.998,1.000,1.000,0.015,0.021,0.002,0.000,318.000,315.000,0.000,0.989,0.999,0.992,1.000,0.011,0.000,0.001,0.000,332.000,61.000,0.000,0.976,0.995,0.964,1.000,0.024,0.000,0.005,0.000
529,61,56,0.000,0.974,0.995,0.971,1.000,0.026,0.000,0.004,0.001,287,81,0.000,0.965,0.998,1.000,1.000,0.015,0.021,0.002,0.000,318.000,315.000,0.000,0.989,0.999,0.992,1.000,0.011,0.000,0.001,0.000,332.000,61.000,0.000,0.976,0.995,0.964,1.000,0.024,0.000,0.005,0.000
530,61,56,0.000,0.974,0.995,0.971,1.000,0.026,0.000,0.004,0.001,287,81,0.000,0.965,0.998,1.000,1.000,0.015,0.021,0.002,0.000,318.000,315.000,0.000,0.989,0.999,0.992,1.000,0.011,0.000,0.001,0.000,332.000,61.000,0.000,0.976,0.995,0.964,1.000,0.024,0.000,0.005,0.000
531,61,56,0.000,0.974,0.995,0.971,1.000,0.026,0.000,0.004,0.001,287,81,0.000,0.965,0.998,1.000,1.000,0.015,0.021,0.002,0.000,318.000,315.000,0.000,0.989,0.999,0.992,1.000,0.011,0.000,0.001,0.000,332.000,61.000,0.000,0.976,0.995,0.964,1.000,0.024,0.000,0.005,0.000
532,61,56,0.000,0.974,0.995,0.971,1.000,0.026,0.000,0.004,0.001,287,81,0.000,0.965,0.998,1.000,1.000,0.015,0.021,0.002,0.000,318.000,315.000,0.000,0.989,0.999,0.992,1.000,0.011,0.000,0.001,0.000,332.000,61.000,0.000,0.976,0.995,0.964,1.000,0.024,0.000,0.005,0.000
533,61,56,0.000,0.974,0.995,0.971,1.000,0.026,0.000,0.004,0.001,287,81,0.000,0.965,0.998,1.000,1.000,0.015,0.021,0.002,0.000,318.000,315.000,0.000,0.989,0.999,0.992,1.000,0.011,0.000,0.001,0.000,332.000,61.000,0.000,0.976,0.995,0.964,1.000,0.024,0.000,0.005,0.000
534,61,56,0.000,0.974,0.995,0.971,1.000,0.026,0.000,0.004,0.001,287,81,0.000,0.965,0.998,1.000,1.000,0.015,0.021,0.002,0.000,318.000,315.000,0.000,0.989,0.999,0.992,1.000,0.011,0.000,0.001,0.000,332.000,61.000,0.000,0.976,0.995,0.964,1.000,0.024,0.000,0.005,0.000
535,61,56,0.000,0.974,0.995,0.971,1.000,0.026,0.000,0.004,0.001,287,81,0.000,0.965,0.998,1.000,1.000,0.015,0.021,0.002,0.000,318.000,315.000,0.000,0.989,0.999,0.992,1.000,0.011,0.000,0.001,0.000,332.000,61.000,0.000,0.976,0.995,0.964,1.000,0.024,0.000,0.005,0.000
536,61,56,0.000,0.974,0.995,0.971,1.000,0.026,0.000,0.004,0.001,287,81,0.000,0.965,0.998,1.000,1.000,0.015,0.021,0.002,0.000,318.000,315.000,0.000,0.989,0.999,0.992,1.000,0.011,0.000,0.001,0.000,332.000,61.000,0.000,0.976,0.995,0.964,1.000,0.024,0.000,0.005,0.000
537,61,56,0.000,0.974,0.995,0.971,1.000,0.026,0.000,0.004,0.001,287,81,0.000,0.965,0.998,1.000,1.000,0.015,0.021,0.002,0.000,318.000,315.000,0.000,0.989,0.999,0.992,1.000,0.011,0.000,0.001,0.000,332.000,61.000,0.000,0.976,0.995,0.964,1.000,0.024,0.000,0.005,0.000
538,61,56,0.000,0.974,0.995,0.971,1.000,0.026,0.000,0.004,0.001,287,81,0.000,0.965,0.998,1.000,1.000,0.015,0.021,0.002,0.000,318.000,315.000,0.000,0.989,0.999,0.992,1.000,0.011,0.000,0.001,0.000,332.000,61.000,0.000,0.976,0.995,0.964,1.000,0.024,0.000,0.005,0.000
539,61,56,0.000,0.974,0.995,0.971,1.000,0.026,0.000,0.004,0.001,287,81,0.000,0.965,0.998,1.000,1.000,0.015,0.021,0.002,0.000,318.000,315.000,0.000,0.989,0.999,0.992,1.000,0.011,0.000,0.001,0.000,332.000,61.000,0.000,0.976,0.995,0.964,1.000,0.024,0.000,0.005,0.000
540,61,56,0.000,0.974,0.995,0.971,1.000,0.026,0.000,0.004,0.001,287,81,0.000,0.965,0.998,1.000,1.000,0.015,0.021,0.002,0.000,318.000,315.000,0.000,0.989,0.999,0.992,1.000,0.011,0.000,0.001,0.000,332.000,61.000,0.000,0.976,0.995,0.964,1.000,0.024,0.000,0.005,0.000
541,61,56,0.000,0.974,0.995,0.971,1.000,0.026,0.000,0.004,0.001,287,81,0.000,0.965,0.998,1.000,1.000,0.015,0.021,0.002,0.000,318.000,315.000,0.000,0.989,0.999,0.992,1.000,0.011,0.000,0.001,0.000,332.000,61.000,0.000,0.976,0.995,0.964,1.000,0.024,0.000,0.005,0.000
542,61,56,0.000,0.974,0.995,0.971,1.000,0.026,0.000,0.004,0.001,287,81,0.000,0.965,0.998,1.000,1.000,0.015,0.021,0.002,0.000,318.000,315.000,0.000,0.989,0.999,0.992,1.000,0.011,0.000,0.001,0.000,332.000,61.000,0.000,0.976,0.995,0.964,1.000,0.024,0.000,0.005,0.000
543,61,56,0.000,0.974,0.995,0.971,1.000,0.026,0.000,0.004,0.001,287,81,0.000,0.965,0.998,1.000,1.000,0.015,0.021,0.002,0.000,318.000,315.000,0.000,0.989,0.999,0.992,1.000,0.011,0.000,0.001,0.000,332.000,61.000,0.000,0.976,0.995,0.964,1.000,0.024,0.000,0.005,0.000
544,61,56,0.000,0.974,0.995,0.971,1.000,0.026,0.000,0.004,0.001,287,81,0.000,0.965,0.998,1.000,1.000,0.015,0.021,0.002,0.000,318.000,315.000,0.000,0.989,0.999,0.992,1.000,0.011,0.000,0.001,0.000,332.000,61.000,0.000,0.976,0.995,0.964,1.000,0.024,0.000,0.005,0.000
545,61,56,0.000,0.974,0.995,0.971,1.000,0.026,0.000,0.004,0.001,287,81,0.000,0.965,0.998,1.000,1.000,0.015,0.021,0.002,0.000,318.000,315.000,0.000,0.989,0.999,0.992,1.000,0.011,0.000,0.001,0.000,332.000,61.000,0.000,0.976,0.995,0.964,1.000,0.024,0.000,0.005,0.000
546,61,56,0.000,0.974,0.995,0.971,1.000,0.026,0.000,0.004,0.001,287,81,0.000,0.965,0.998,1.000,1.000,0.015,0.021,0.002,0.000,318.000,315.000,0.000,0.989,0.999,0.992,1.000,0.011,0.000,0.001,0.000,332.000,61.000,0.000,0.976,0.995,0.964,1.000,0.024,0.000,0.005,0.000
547,61,56,0.000,0.974,0.995,0.971,1.000,0.026,0.000,0.004,0.001,287,81,0.000,0.965,0.998,1.000,1.000,0.015,0.021,0.002,0.000,318.000,315.000,0.000,0.989,0.999,0.992,1.000,0.011,0.000,0.001,0.000,332.000,61.000,0.000,0.976,0.995,0.964,1.000,0.024,0.000,0.005,0.000
548,61,56,0.000,0.974,0.995,0.971,1.000,0.026,0.000,0.004,0.001,287,81,0.000,0.965,0.998,1.000,1.000,0.015,0.021,0.002,0.000,318.000,315.000,0.000,0.989,0.999,0.992,1.000,0.011,0.000,0.001,0.000,332.000,61.000,0.000,0.976,0.995,0.964,1.000,0.024,0.000,0.005,0.000
549,61,56,0.000,0.974,0.995,0.971,1.000,0.026,0.000,0.004,0.001,287,81,0.000,0.965,0.998,1.000,1.000,0.015,0.021,0.002,0.000,318.000,315.000,0.000,0.989,0.999,0.992,1.000,0.011,0.000,0.001,0.000,332.000,61.000,0.000,0.976,0.995,0.964,1.000,0.024,0.000,0.005,0.000
550,61,56,0.000,0.974,0.995,0.971,1.000,0.026,0.000,0.004,0.001,287,81,0.000,0.965,0.998,1.000,1.000,0.015,0.021,0.002,0.000,318.000,315.000,0.000,0.989,0.999,0.992,1.000,0.011,0.000,0.001,0.000,332.000,61.000,0.000,0.976,0.995,0.964,1.000,0.024,0.000,0.005,0.000
551,61,56,0.000,0.974,0.995,0.971,1.000,0.026,0.000,0.004,0.001,287,81,0.000,0.965,0.998,1.000,1.000,0.015,0.021,0.002,0.000,318.000,315.000,0.000,0.989,0.999,0.992,1.000,0.011,0.000,0.001,0.000,332.000,61.000,0.000,0.976,0.995,0.964,1.000,0.024,0.000,0.005,0.000
552,61,56,0.000,0.974,0.995,0.971,1.000,0.026,0.000,0.004,0.001,287,81,0.000,0.965,0.998,1.000,1.000,0.015,0.021,0.002,0.000,318.000,315.000,0.000,0.989,0.999,0.992,1.000,0.011,0.000,0.001,0.000,332.000,61.000,0.000,0.976,0.995,0.964,1.000,0.024,0.000,0.005,0.000
553,61,56,0.000,0.974,0.995,0.971,1.000,0.026,0.000,0.004,0.001,287,81,0.000,0.965,0.998,1.000,1.000,0.015,0.021,0.002,0.000,318.000,315.000,0.000,0.989,0.999,0.992,1.000,0.011,0.000,0.001,0.000,332.000,61.000,0.000,0.976,0.995,0.964,1.000,0.024,0.000,0.005,0.000
554,61,56,0.000,0.974,0.995,0.971,1.000,0.026,0.000,0.004,0.001,287,81,0.000,0.965,0.998,1.000,1.000,0.015,0.021,0.002,0.000,318.000,315.000,0.000,0.989,0.999,0.992,1.000,0.011,0.000,0.001,0.000,332.000,61.000,0.000,0.976,0.995,0.964,1.000,0.024,0.000,0.005,0.000
555,61,56,0.000,0.974,0.995,0.971,1.000,0.026,0.000,0.004,0.001,287,81,0.000,0.965,0.998,1.000,1.000,0.015,0.021,0.002,0.000,318.000,315.000,0.000,0.989,0.999,0.992,1.000,0.011,0.000,0.001,0.000,332.000,61.000,0.000,0.976,0.995,0.964,1.000,0.024,0.000,0.005,0.000
556,61,56,0.000,0.974,0.995,0.971,1.000,0.026,0.000,0.004,0.001,287,81,0.000,0.965,0.998,1.000,1.000,0.015,0.021,0.002,0.000,318.000,315.000,0.000,0.989,0.999,0.992,1.000,0.011,0.000,0.001,0.000,332.000,61.000,0.000,0.976,0.995,0.964,1.000,0.024,0.000,0.005,0.000
557,61,56,0.000,0.974,0.995,0.971,1.000,0.026,0.000,0.004,0.001,287,81,0.000,0.965,0.998,1.000,1.000,0.015,0.021,0.002,0.000,318.000,315.000,0.000,0.989,0.999,0.992,1.000,0.011,0.000,0.001,0.000,332.000,61.000,0.000,0.976,0.995,0.964,1.000,0.024,0.000,0.005,0.000
558,61,56,0.000,0.974,0.995,0.971,1.000,0.026,0.000,0.004,0.001,287,81,0.000,0.965,0.998,1.000,1.000,0.015,0.021,0.002,0.000,318.000,315.000,0.000,0.989,0.999,0.992,1.000,0.011,0.000,0.001,0.000,332.000,61.000,0.000,0.976,0.995,0.964,1.000,0.024,0.000,0.005,0.000
559,61,56,0.000,0.974,0.995,0.971,1.000,0.026,0.000,0.004,0.001,318,315,0.000,0.989,0.999,0.992,1.000,0.011,0.000,0.001,0.000,332.000,61.000,0.000,0.976,0.995,0.964,1.000,0.024,0.000,0.005,0.000,420.000,287.000,0.000,0.957,1.000,1.000,1.000,0.028,0.016,0.000,0.000
560,61,56,0.000,0.974,0.995,0.971,1.000,0.026,0.000,0.004,0.001,332,61,0.000,0.976,0.995,0.964,1.000,0.024,0.000,0.005,0.000,452.000,450.000,0.000,0.965,0.985,0.985,1.000,0.035,0.000,0.015,0.000,471.000,450.000,0.000,0.968,0.985,0.992,1.000,0.032,0.000,0.015,0.000
561,61,56,0.000,0.974,0.995,0.971,1.000,0.026,0.000,0.004,0.001,332,61,0.000,0.976,0.995,0.964,1.000,0.024,0.000,0.005,0.000,452.000,450.000,0.000,0.965,0.985,0.985,1.000,0.035,0.000,0.015,0.000,471.000,450.000,0.000,0.968,0.985,0.992,1.000,0.032,0.000,0.015,0.000
562,61,56,0.000,0.974,0.995,0.971,1.000,0.026,0.000,0.004,0.001,332,61,0.000,0.976,0.995,0.964,1.000,0.024,0.000,0.005,0.000,452.000,450.000,0.000,0.965,0.985,0.985,1.000,0.035,0.000,0.015,0.000,471.000,450.000,0.000,0.968,0.985,0.992,1.000,0.032,0.000,0.015,0.000
563,61,56,0.000,0.974,0.995,0.971,1.000,0.026,0.000,0.004,0.001,332,61,0.000,0.976,0.995,0.964,1.000,0.024,0.000,0.005,0.000,452.000,450.000,0.000,0.965,0.985,0.985,1.000,0.035,0.000,0.015,0.000,471.000,450.000,0.000,0.968,0.985,0.992,1.000,0.032,0.000,0.015,0.000
564,61,56,0.000,0.974,0.995,0.971,1.000,0.026,0.000,0.004,0.001,332,61,0.000,0.976,0.995,0.964,1.000,0.024,0.000,0.005,0.000,452.000,450.000,0.000,0.965,0.985,0.985,1.000,0.035,0.000,0.015,0.000,471.000,450.000,0.000,0.968,0.985,0.992,1.000,0.032,0.000,0.015,0.000
565,61,56,0.000,0.974,0.995,0.971,1.000,0.026,0.000,0.004,0.001,332,61,0.000,0.976,0.995,0.964,1.000,0.024,0.000,0.005,0.000,452.000,450.000,0.000,0.965,0.985,0.985,1.000,0.035,0.000,0.015,0.000,471.000,450.000,0.000,0.968,0.985,0.992,1.000,0.032,0.000,0.015,0.000
566,61,56,0.000,0.974,0.995,0.971,1.000,0.026,0.000,0.004,0.001,332,61,0.000,0.976,0.995,0.964,1.000,0.024,0.000,0.005,0.000,452.000,450.000,0.000,0.965,0.985,0.985,1.000,0.035,0.000,0.015,0.000,471.000,450.000,0.000,0.968,0.985,0.992,1.000,0.032,0.000,0.015,0.000
567,61,56,0.000,0.974,0.995,0.971,1.000,0.026,0.000,0.004,0.001,332,61,0.000,0.976,0.995,0.964,1.000,0.024,0.000,0.005,0.000,452.000,450.000,0.000,0.965,0.985,0.985,1.000,0.035,0.000,0.015,0.000,471.000,450.000,0.000,0.968,0.985,0.992,1.000,0.032,0.000,0.015,0.000
568,61,56,0.000,0.974,0.995,0.971,1.000,0.026,0.000,0.004,0.001,332,61,0.000,0.976,0.995,0.964,1.000,0.024,0.000,0.005,0.000,452.000,450.000,0.000,0.965,0.985,0.985,1.000,0.035,0.000,0.015,0.000,471.000,450.000,0.000,0.968,0.985,0.992,1.000,0.032,0.000,0.015,0.000
569,61,56,0.000,0.974,0.995,0.971,1.000,0.026,0.000,0.004,0.001,332,61,0.000,0.976,0.995,0.964,1.000,0.024,0.000,0.005,0.000,452.000,450.000,0.000,0.965,0.985,0.985,1.000,0.035,0.000,0.015,0.000,471.000,450.000,0.000,0.968,0.985,0.992,1.000,0.032,0.000,0.015,0.000
570,61,56,0.000,0.974,0.995,0.971,1.000,0.026,0.000,0.004,0.001,332,61,0.000,0.976,0.995,0.964,1.000,0.024,0.000,0.005,0.000,452.000,450.000,0.000,0.965,0.985,0.985,1.000,0.035,0.000,0.015,0.000,471.000,450.000,0.000,0.968,0.985,0.992,1.000,0.032,0.000,0.015,0.000
571,61,56,0.000,0.974,0.995,0.971,1.000,0.026,0.000,0.004,0.001,332,61,0.000,0.976,0.995,0.964,1.000,0.024,0.000,0.005,0.000,452.000,450.000,0.000,0.965,0.985,0.985,1.000,0.035,0.000,0.015,0.000,471.000,450.000,0.000,0.968,0.985,0.992,1.000,0.032,0.000,0.015,0.000
572,61,56,0.000,0.974,0.995,0.971,1.000,0.026,0.000,0.004,0.001,332,61,0.000,0.976,0.995,0.964,1.000,0.024,0.000,0.005,0.000,452.000,450.000,0.000,0.965,0.985,0.985,1.000,0.035,0.000,0.015,0.000,471.000,450.000,0.000,0.968,0.985,0.992,1.000,0.032,0.000,0.015,0.000
573,61,56,0.000,0.974,0.995,0.971,1.000,0.026,0.000,0.004,0.001,332,61,0.000,0.976,0.995,0.964,1.000,0.024,0.000,0.005,0.000,452.000,450.000,0.000,0.965,0.985,0.985,1.000,0.035,0.000,0.015,0.000,471.000,450.000,0.000,0.968,0.985,0.992,1.000,0.032,0.000,0.015,0.000
574,61,56,0.000,0.974,0.995,0.971,1.000,0.026,0.000,0.004,0.001,332,61,0.000,0.976,0.995,0.964,1.000,0.024,0.000,0.005,0.000,452.000,450.000,0.000,0.965,0.985,0.985,1.000,0.035,0.000,0.015,0.000,471.000,450.000,0.000,0.968,0.985,0.992,1.000,0.032,0.000,0.015,0.000
575,61,56,0.000,0.974,0.995,0.971,1.000,0.026,0.000,0.004,0.001,332,61,0.000,0.976,0.995,0.964,1.000,0.024,0.000,0.005,0.000,452.000,450.000,0.000,0.965,0.985,0.985,1.000,0.035,0.000,0.015,0.000,471.000,450.000,0.000,0.968,0.985,0.992,1.000,0.032,0.000,0.015,0.000
576,61,56,0.000,0.974,0.995,0.971,1.000,0.026,0.000,0.004,0.001,332,61,0.000,0.976,0.995,0.964,1.000,0.024,0.000,0.005,0.000,452.000,450.000,0.000,0.965,0.985,0.985,1.000,0.035,0.000,0.015,0.000,471.000,450.000,0.000,0.968,0.985,0.992,1.000,0.032,0.000,0.015,0.000
577,61,56,0.000,0.974,0.995,0.971,1.000,0.026,0.000,0.004,0.001,332,61,0.000,0.976,0.995,0.964,1.000,0.024,0.000,0.005,0.000,452.000,450.000,0.000,0.965,0.985,0.985,1.000,0.035,0.000,0.015,0.000,471.000,450.000,0.000,0.968,0.985,0.992,1.000,0.032,0.000,0.015,0.000
578,61,56,0.000,0.974,0.995,0.971,1.000,0.026,0.000,0.004,0.001,332,61,0.000,0.976,0.995,0.964,1.000,0.024,0.000,0.005,0.000,452.000,450.000,0.000,0.965,0.985,0.985,1.000,0.035,0.000,0.015,0.000,506.000,61.000,0.000,0.982,0.998,0.965,1.000,0.018,0.000,0.002,0.000
579,61,56,0.000,0.974,0.995,0.971,1.000,0.026,0.000,0.004,0.001,332,61,0.000,0.976,0.995,0.964,1.000,0.024,0.000,0.005,0.000,452.000,450.000,0.000,0.965,0.985,0.985,1.000,0.035,0.000,0.015,0.000,506.000,61.000,0.000,0.982,0.998,0.965,1.000,0.018,0.000,0.002,0.000
580,61,56,0.000,0.974,0.995,0.971,1.000,0.026,0.000,0.004,0.001,332,61,0.000,0.976,0.995,0.964,1.000,0.024,0.000,0.005,0.000,452.000,450.000,0.000,0.965,0.985,0.985,1.000,0.035,0.000,0.015,0.000,506.000,61.000,0.000,0.982,0.998,0.965,1.000,0.018,0.000,0.002,0.000
581,61,56,0.000,0.974,0.995,0.971,1.000,0.026,0.000,0.004,0.001,332,61,0.000,0.976,0.995,0.964,1.000,0.024,0.000,0.005,0.000,506.000,61.000,0.000,0.982,0.998,0.965,1.000,0.018,0.000,0.002,0.000,550.000,497.000,0.000,0.937,0.996,1.000,0.992,0.047,0.016,0.003,0.001
582,61,56,0.000,0.974,0.995,0.971,1.000,0.026,0.000,0.004,0.001,332,61,0.000,0.976,0.995,0.964,1.000,0.024,0.000,0.005,0.000,506.000,61.000,0.000,0.982,0.998,0.965,1.000,0.018,0.000,0.002,0.000,550.000,497.000,0.000,0.937,0.996,1.000,0.992,0.047,0.016,0.003,0.001
583,61,56,0.000,0.974,0.995,0.971,1.000,0.026,0.000,0.004,0.001,332,61,0.000,0.976,0.995,0.964,1.000,0.024,0.000,0.005,0.000,506.000,61.000,0.000,0.982,0.998,0.965,1.000,0.018,0.000,0.002,0.000,550.000,497.000,0.000,0.937,0.996,1.000,0.992,0.047,0.016,0.003,0.001
584,61,56,0.000,0.974,0.995,0.971,1.000,0.026,0.000,0.004,0.001,332,61,0.000,0.976,0.995,0.964,1.000,0.024,0.000,0.005,0.000,506.000,61.000,0.000,0.982,0.998,0.965,1.000,0.018,0.000,0.002,0.000,550.000,497.000,0.000,0.937,0.996,1.000,0.992,0.047,0.016,0.003,0.001
585,61,56,0.000,0.974,0.995,0.971,1.000,0.026,0.000,0.004,0.001,332,61,0.000,0.976,0.995,0.964,1.000,0.024,0.000,0.005,0.000,506.000,61.000,0.000,0.982,0.998,0.965,1.000,0.018,0.000,0.002,0.000,550.000,497.000,0.000,0.937,0.996,1.000,0.992,0.047,0.016,0.003,0.001
586,61,56,0.000,0.974,0.995,0.971,1.000,0.026,0.000,0.004,0.001,332,61,0.000,0.976,0.995,0.964,1.000,0.024,0.000,0.005,0.000,506.000,61.000,0.000,0.982,0.998,0.965,1.000,0.018,0.000,0.002,0.000,550.000,497.000,0.000,0.937,0.996,1.000,0.992,0.047,0.016,0.003,0.001
587,61,56,0.000,0.974,0.995,0.971,1.000,0.026,0.000,0.004,0.001,332,61,0.000,0.976,0.995,0.964,1.000,0.024,0.000,0.005,0.000,506.000,61.000,0.000,0.982,0.998,0.965,1.000,0.018,0.000,0.002,0.000,550.000,497.000,0.000,0.937,0.996,1.000,0.992,0.047,0.016,0.003,0.001
588,61,56,0.000,0.974,0.995,0.971,1.000,0.026,0.000,0.004,0.001,332,61,0.000,0.976,0.995,0.964,1.000,0.024,0.000,0.005,0.000,506.000,61.000,0.000,0.982,0.998,0.965,1.000,0.018,0.000,0.002,0.000,550.000,497.000,0.000,0.937,0.996,1.000,0.992,0.047,0.016,0.003,0.001
589,61,56,0.000,0.974,0.995,0.971,1.000,0.026,0.000,0.004,0.001,332,61,0.000,0.976,0.995,0.964,1.000,0.024,0.000,0.005,0.000,506.000,61.000,0.000,0.982,0.998,0.965,1.000,0.018,0.000,0.002,0.000,550.000,497.000,0.000,0.937,0.996,1.000,0.992,0.047,0.016,0.003,0.001
590,61,56,0.000,0.974,0.995,0.971,1.000,0.026,0.000,0.004,0.001,332,61,0.000,0.976,0.995,0.964,1.000,0.024,0.000,0.005,0.000,506.000,61.000,0.000,0.982,0.998,0.965,1.000,0.018,0.000,0.002,0.000,550.000,497.000,0.000,0.937,0.996,1.000,0.992,0.047,0.016,0.003,0.001
591,61,56,0.000,0.974,0.995,0.971,1.000,0.026,0.000,0.004,0.001,332,61,0.000,0.976,0.995,0.964,1.000,0.024,0.000,0.005,0.000,506.000,61.000,0.000,0.982,0.998,0.965,1.000,0.018,0.000,0.002,0.000,550.000,497.000,0.000,0.937,0.996,1.000,0.992,0.047,0.016,0.003,0.001
592,61,56,0.000,0.974,0.995,0.971,1.000,0.026,0.000,0.004,0.001,332,61,0.000,0.976,0.995,0.964,1.000,0.024,0.000,0.005,0.000,506.000,61.000,0.000,0.982,0.998,0.965,1.000,0.018,0.000,0.002,0.000,550.000,497.000,0.000,0.937,0.996,1.000,0.992,0.047,0.016,0.003,0.001
593,61,56,0.000,0.974,0.995,0.971,1.000,0.026,0.000,0.004,0.001,332,61,0.000,0.976,0.995,0.964,1.000,0.024,0.000,0.005,0.000,506.000,61.000,0.000,0.982,0.998,0.965,1.000,0.018,0.000,0.002,0.000,550.000,497.000,0.000,0.937,0.996,1.000,0.992,0.047,0.016,0.003,0.001
594,61,56,0.000,0.974,0.995,0.971,1.000,0.026,0.000,0.004,0.001,332,61,0.000,0.976,0.995,0.964,1.000,0.024,0.000,0.005,0.000,506.000,61.000,0.000,0.982,0.998,0.965,1.000,0.018,0.000,0.002,0.000,566.000,565.000,0.000,0.959,1.000,1.000,0.998,0.032,0.008,0.000,0.000
595,61,56,0.000,0.974,0.995,0.971,1.000,0.026,0.000,0.004,0.001,332,61,0.000,0.976,0.995,0.964,1.000,0.024,0.000,0.005,0.000,506.000,61.000,0.000,0.982,0.998,0.965,1.000,0.018,0.000,0.002,0.000,566.000,565.000,0.000,0.959,1.000,1.000,0.998,0.032,0.008,0.000,0.000
596,61,56,0.000,0.974,0.995,0.971,1.000,0.026,0.000,0.004,0.001,332,61,0.000,0.976,0.995,0.964,1.000,0.024,0.000,0.005,0.000,506.000,61.000,0.000,0.982,0.998,0.965,1.000,0.018,0.000,0.002,0.000,566.000,565.000,0.000,0.959,1.000,1.000,0.998,0.032,0.008,0.000,0.000
597,61,56,0.000,0.974,0.995,0.971,1.000,0.026,0.000,0.004,0.001,332,61,0.000,0.976,0.995,0.964,1.000,0.024,0.000,0.005,0.000,506.000,61.000,0.000,0.982,0.998,0.965,1.000,0.018,0.000,0.002,0.000,573.000,332.000,0.000,0.975,0.996,0.953,1.000,0.025,0.000,0.000,0.004
598,61,56,0.000,0.974,0.995,0.971,1.000,0.026,0.000,0.004,0.001,332,61,0.000,0.976,0.995,0.964,1.000,0.024,0.000,0.005,0.000,506.000,61.000,0.000,0.982,0.998,0.965,1.000,0.018,0.000,0.002,0.000,573.000,332.000,0.000,0.975,0.996,0.953,1.000,0.025,0.000,0.000,0.004
599,61,56,0.000,0.974,0.995,0.971,1.000,0.026,0.000,0.004,0.001,332,61,0.000,0.976,0.995,0.964,1.000,0.024,0.000,0.005,0.000,506.000,61.000,0.000,0.982,0.998,0.965,1.000,0.018,0.000,0.002,0.000,573.000,332.000,0.000,0.975,0.996,0.953,1.000,0.025,0.000,0.000,0.004
600,61,56,0.000,0.974,0.995,0.971,1.000,0.026,0.000,0.004,0.001,332,61,0.000,0.976,0.995,0.964,1.000,0.024,0.000,0.005,0.000,506.000,61.000,0.000,0.982,0.998,0.965,1.000,0.018,0.000,0.002,0.000,573.000,332.000,0.000,0.975,0.996,0.953,1.000,0.025,0.000,0.000,0.004
601,61,56,0.000,0.974,0.995,0.971,1.000,0.026,0.000,0.004,0.001,332,61,0.000,0.976,0.995,0.964,1.000,0.024,0.000,0.005,0.000,506.000,61.000,0.000,0.982,0.998,0.965,1.000,0.018,0.000,0.002,0.000,573.000,332.000,0.000,0.975,0.996,0.953,1.000,0.025,0.000,0.000,0.004
602,61,56,0.000,0.974,0.995,0.971,1.000,0.026,0.000,0.004,0.001,332,61,0.000,0.976,0.995,0.964,1.000,0.024,0.000,0.005,0.000,506.000,61.000,0.000,0.982,0.998,0.965,1.000,0.018,0.000,0.002,0.000,573.000,332.000,0.000,0.975,0.996,0.953,1.000,0.025,0.000,0.000,0.004
603,61,56,0.000,0.974,0.995,0.971,1.000,0.026,0.000,0.004,0.001,332,61,0.000,0.976,0.995,0.964,1.000,0.024,0.000,0.005,0.000,506.000,61.000,0.000,0.982,0.998,0.965,1.000,0.018,0.000,0.002,0.000,573.000,332.000,0.000,0.975,0.996,0.953,1.000,0.025,0.000,0.000,0.004
604,61,56,0.000,0.974,0.995,0.971,1.000,0.026,0.000,0.004,0.001,332,61,0.000,0.976,0.995,0.964,1.000,0.024,0.000,0.005,0.000,506.000,61.000,0.000,0.982,0.998,0.965,1.000,0.018,0.000,0.002,0.000,573.000,332.000,0.000,0.975,0.996,0.953,1.000,0.025,0.000,0.000,0.004
605,61,56,0.000,0.974,0.995,0.971,1.000,0.026,0.000,0.004,0.001,332,61,0.000,0.976,0.995,0.964,1.000,0.024,0.000,0.005,0.000,506.000,61.000,0.000,0.982,0.998,0.965,1.000,0.018,0.000,0.002,0.000,573.000,332.000,0.000,0.975,0.996,0.953,1.000,0.025,0.000,0.000,0.004
606,61,56,0.000,0.974,0.995,0.971,1.000,0.026,0.000,0.004,0.001,332,61,0.000,0.976,0.995,0.964,1.000,0.024,0.000,0.005,0.000,506.000,61.000,0.000,0.982,0.998,0.965,1.000,0.018,0.000,0.002,0.000,573.000,332.000,0.000,0.975,0.996,0.953,1.000,0.025,0.000,0.000,0.004
607,61,56,0.000,0.974,0.995,0.971,1.000,0.026,0.000,0.004,0.001,332,61,0.000,0.976,0.995,0.964,1.000,0.024,0.000,0.005,0.000,506.000,61.000,0.000,0.982,0.998,0.965,1.000,0.018,0.000,0.002,0.000,573.000,332.000,0.000,0.975,0.996,0.953,1.000,0.025,0.000,0.000,0.004
608,61,56,0.000,0.974,0.995,0.971,1.000,0.026,0.000,0.004,0.001,332,61,0.000,0.976,0.995,0.964,1.000,0.024,0.000,0.005,0.000,506.000,61.000,0.000,0.982,0.998,0.965,1.000,0.018,0.000,0.002,0.000,573.000,332.000,0.000,0.975,0.996,0.953,1.000,0.025,0.000,0.000,0.004
609,61,56,0.000,0.974,0.995,0.971,1.000,0.026,0.000,0.004,0.001,332,61,0.000,0.976,0.995,0.964,1.000,0.024,0.000,0.005,0.000,506.000,61.000,0.000,0.982,0.998,0.965,1.000,0.018,0.000,0.002,0.000,573.000,332.000,0.000,0.975,0.996,0.953,1.000,0.025,0.000,0.000,0.004
610,61,56,0.000,0.974,0.995,0.971,1.000,0.026,0.000,0.004,0.001,332,61,0.000,0.976,0.995,0.964,1.000,0.024,0.000,0.005,0.000,506.000,61.000,0.000,0.982,0.998,0.965,1.000,0.018,0.000,0.002,0.000,573.000,332.000,0.000,0.975,0.996,0.953,1.000,0.025,0.000,0.000,0.004
611,61,56,0.000,0.974,0.995,0.971,1.000,0.026,0.000,0.004,0.001,332,61,0.000,0.976,0.995,0.964,1.000,0.024,0.000,0.005,0.000,506.000,61.000,0.000,0.982,0.998,0.965,1.000,0.018,0.000,0.002,0.000,573.000,332.000,0.000,0.975,0.996,0.953,1.000,0.025,0.000,0.000,0.004
612,61,56,0.000,0.974,0.995,0.971,1.000,0.026,0.000,0.004,0.001,332,61,0.000,0.976,0.995,0.964,1.000,0.024,0.000,0.005,0.000,506.000,61.000,0.000,0.982,0.998,0.965,1.000,0.018,0.000,0.002,0.000,573.000,332.000,0.000,0.975,0.996,0.953,1.000,0.025,0.000,0.000,0.004
613,61,56,0.000,0.974,0.995,0.971,1.000,0.026,0.000,0.004,0.001,332,61,0.000,0.976,0.995,0.964,1.000,0.024,0.000,0.005,0.000,506.000,61.000,0.000,0.982,0.998,0.965,1.000,0.018,0.000,0.002,0.000,573.000,332.000,0.000,0.975,0.996,0.953,1.000,0.025,0.000,0.000,0.004
614,61,56,0.000,0.974,0.995,0.971,1.000,0.026,0.000,0.004,0.001,332,61,0.000,0.976,0.995,0.964,1.000,0.024,0.000,0.005,0.000,506.000,61.000,0.000,0.982,0.998,0.965,1.000,0.018,0.000,0.002,0.000,573.000,332.000,0.000,0.975,0.996,0.953,1.000,0.025,0.000,0.000,0.004
615,61,56,0.000,0.974,0.995,0.971,1.000,0.026,0.000,0.004,0.001,332,61,0.000,0.976,0.995,0.964,1.000,0.024,0.000,0.005,0.000,506.000,61.000,0.000,0.982,0.998,0.965,1.000,0.018,0.000,0.002,0.000,573.000,332.000,0.000,0.975,0.996,0.953,1.000,0.025,0.000,0.000,0.004
616,61,56,0.000,0.974,0.995,0.971,1.000,0.026,0.000,0.004,0.001,332,61,0.000,0.976,0.995,0.964,1.000,0.024,0.000,0.005,0.000,506.000,61.000,0.000,0.982,0.998,0.965,1.000,0.018,0.000,0.002,0.000,573.000,332.000,0.000,0.975,0.996,0.953,1.000,0.025,0.000,0.000,0.004
617,61,56,0.000,0.974,0.995,0.971,1.000,0.026,0.000,0.004,0.001,332,61,0.000,0.976,0.995,0.964,1.000,0.024,0.000,0.005,0.000,506.000,61.000,0.000,0.982,0.998,0.965,1.000,0.018,0.000,0.002,0.000,573.000,332.000,0.000,0.975,0.996,0.953,1.000,0.025,0.000,0.000,0.004
618,61,56,0.000,0.974,0.995,0.971,1.000,0.026,0.000,0.004,0.001,332,61,0.000,0.976,0.995,0.964,1.000,0.024,0.000,0.005,0.000,506.000,61.000,0.000,0.982,0.998,0.965,1.000,0.018,0.000,0.002,0.000,573.000,332.000,0.000,0.975,0.996,0.953,1.000,0.025,0.000,0.000,0.004
619,61,56,0.000,0.974,0.995,0.971,1.000,0.026,0.000,0.004,0.001,332,61,0.000,0.976,0.995,0.964,1.000,0.024,0.000,0.005,0.000,506.000,61.000,0.000,0.982,0.998,0.965,1.000,0.018,0.000,0.002,0.000,573.000,332.000,0.000,0.975,0.996,0.953,1.000,0.025,0.000,0.000,0.004
620,61,56,0.000,0.974,0.995,0.971,1.000,0.026,0.000,0.004,0.001,332,61,0.000,0.976,0.995,0.964,1.000,0.024,0.000,0.005,0.000,506.000,61.000,0.000,0.982,0.998,0.965,1.000,0.018,0.000,0.002,0.000,573.000,332.000,0.000,0.975,0.996,0.953,1.000,0.025,0.000,0.000,0.004
621,61,56,0.000,0.974,0.995,0.971,1.000,0.026,0.000,0.004,0.001,332,61,0.000,0.976,0.995,0.964,1.000,0.024,0.000,0.005,0.000,506.000,61.000,0.000,0.982,0.998,0.965,1.000,0.018,0.000,0.002,0.000,573.000,332.000,0.000,0.975,0.996,0.953,1.000,0.025,0.000,0.000,0.004
622,61,56,0.000,0.974,0.995,0.971,1.000,0.026,0.000,0.004,0.001,332,61,0.000,0.976,0.995,0.964,1.000,0.024,0.000,0.005,0.000,506.000,61.000,0.000,0.982,0.998,0.965,1.000,0.018,0.000,0.002,0.000,573.000,332.000,0.000,0.975,0.996,0.953,1.000,0.025,0.000,0.000,0.004
623,61,56,0.000,0.974,0.995,0.971,1.000,0.026,0.000,0.004,0.001,332,61,0.000,0.976,0.995,0.964,1.000,0.024,0.000,0.005,0.000,506.000,61.000,0.000,0.982,0.998,0.965,1.000,0.018,0.000,0.002,0.000,573.000,332.000,0.000,0.975,0.996,0.953,1.000,0.025,0.000,0.000,0.004
624,61,56,0.000,0.974,0.995,0.971,1.000,0.026,0.000,0.004,0.001,332,61,0.000,0.976,0.995,0.964,1.000,0.024,0.000,0.005,0.000,506.000,61.000,0.000,0.982,0.998,0.965,1.000,0.018,0.000,0.002,0.000,573.000,332.000,0.000,0.975,0.996,0.953,1.000,0.025,0.000,0.000,0.004
625,61,56,0.000,0.974,0.995,0.971,1.000,0.026,0.000,0.004,0.001,332,61,0.000,0.976,0.995,0.964,1.000,0.024,0.000,0.005,0.000,506.000,61.000,0.000,0.982,0.998,0.965,1.000,0.018,0.000,0.002,0.000,573.000,332.000,0.000,0.975,0.996,0.953,1.000,0.025,0.000,0.000,0.004
626,61,56,0.000,0.974,0.995,0.971,1.000,0.026,0.000,0.004,0.001,332,61,0.000,0.976,0.995,0.964,1.000,0.024,0.000,0.005,0.000,506.000,61.000,0.000,0.982,0.998,0.965,1.000,0.018,0.000,0.002,0.000,573.000,332.000,0.000,0.975,0.996,0.953,1.000,0.025,0.000,0.000,0.004
627,61,56,0.000,0.974,0.995,0.971,1.000,0.026,0.000,0.004,0.001,332,61,0.000,0.976,0.995,0.964,1.000,0.024,0.000,0.005,0.000,506.000,61.000,0.000,0.982,0.998,0.965,1.000,0.018,0.000,0.002,0.000,573.000,332.000,0.000,0.975,0.996,0.953,1.000,0.025,0.000,0.000,0.004
628,61,56,0.000,0.974,0.995,0.971,1.000,0.026,0.000,0.004,0.001,332,61,0.000,0.976,0.995,0.964,1.000,0.024,0.000,0.005,0.000,506.000,61.000,0.000,0.982,0.998,0.965,1.000,0.018,0.000,0.002,0.000,573.000,332.000,0.000,0.975,0.996,0.953,1.000,0.025,0.000,0.000,0.004
629,61,56,0.000,0.974,0.995,0.971,1.000,0.026,0.000,0.004,0.001,332,61,0.000,0.976,0.995,0.964,1.000,0.024,0.000,0.005,0.000,506.000,61.000,0.000,0.982,0.998,0.965,1.000,0.018,0.000,0.002,0.000,573.000,332.000,0.000,0.975,0.996,0.953,1.000,0.025,0.000,0.000,0.004
630,61,56,0.000,0.974,0.995,0.971,1.000,0.026,0.000,0.004,0.001,332,61,0.000,0.976,0.995,0.964,1.000,0.024,0.000,0.005,0.000,506.000,61.000,0.000,0.982,0.998,0.965,1.000,0.018,0.000,0.002,0.000,573.000,332.000,0.000,0.975,0.996,0.953,1.000,0.025,0.000,0.000,0.004
631,61,56,0.000,0.974,0.995,0.971,1.000,0.026,0.000,0.004,0.001,332,61,0.000,0.976,0.995,0.964,1.000,0.024,0.000,0.005,0.000,506.000,61.000,0.000,0.982,0.998,0.965,1.000,0.018,0.000,0.002,0.000,632.000,573.000,0.001,0.948,0.993,0.950,0.990,0.052,0.000,0.007,0.000
632,61,56,0.000,0.974,0.995,0.971,1.000,0.026,0.000,0.004,0.001,332,61,0.000,0.976,0.995,0.964,1.000,0.024,0.000,0.005,0.000,506.000,61.000,0.000,0.982,0.998,0.965,1.000,0.018,0.000,0.002,0.000,632.000,573.000,0.001,0.948,0.993,0.950,0.990,0.052,0.000,0.007,0.000
633,61,56,0.000,0.974,0.995,0.971,1.000,0.026,0.000,0.004,0.001,332,61,0.000,0.976,0.995,0.964,1.000,0.024,0.000,0.005,0.000,506.000,61.000,0.000,0.982,0.998,0.965,1.000,0.018,0.000,0.002,0.000,632.000,573.000,0.001,0.948,0.993,0.950,0.990,0.052,0.000,0.007,0.000
634,61,56,0.000,0.974,0.995,0.971,1.000,0.026,0.000,0.004,0.001,332,61,0.000,0.976,0.995,0.964,1.000,0.024,0.000,0.005,0.000,506.000,61.000,0.000,0.982,0.998,0.965,1.000,0.018,0.000,0.002,0.000,632.000,573.000,0.001,0.948,0.993,0.950,0.990,0.052,0.000,0.007,0.000
635,61,56,0.000,0.974,0.995,0.971,1.000,0.026,0.000,0.004,0.001,332,61,0.000,0.976,0.995,0.964,1.000,0.024,0.000,0.005,0.000,506.000,61.000,0.000,0.982,0.998,0.965,1.000,0.018,0.000,0.002,0.000,632.000,573.000,0.001,0.948,0.993,0.950,0.990,0.052,0.000,0.007,0.000
636,61,56,0.000,0.974,0.995,0.971,1.000,0.026,0.000,0.004,0.001,332,61,0.000,0.976,0.995,0.964,1.000,0.024,0.000,0.005,0.000,506.000,61.000,0.000,0.982,0.998,0.965,1.000,0.018,0.000,0.002,0.000,632.000,573.000,0.001,0.948,0.993,0.950,0.990,0.052,0.000,0.007,0.000
637,61,56,0.000,0.974,0.995,0.971,1.000,0.026,0.000,0.004,0.001,332,61,0.000,0.976,0.995,0.964,1.000,0.024,0.000,0.005,0.000,506.000,61.000,0.000,0.982,0.998,0.965,1.000,0.018,0.000,0.002,0.000,632.000,573.000,0.001,0.948,0.993,0.950,0.990,0.052,0.000,0.007,0.000
638,61,56,0.000,0.974,0.995,0.971,1.000,0.026,0.000,0.004,0.001,332,61,0.000,0.976,0.995,0.964,1.000,0.024,0.000,0.005,0.000,506.000,61.000,0.000,0.982,0.998,0.965,1.000,0.018,0.000,0.002,0.000,632.000,573.000,0.001,0.948,0.993,0.950,0.990,0.052,0.000,0.007,0.000
639,61,56,0.000,0.974,0.995,0.971,1.000,0.026,0.000,0.004,0.001,332,61,0.000,0.976,0.995,0.964,1.000,0.024,0.000,0.005,0.000,506.000,61.000,0.000,0.982,0.998,0.965,1.000,0.018,0.000,0.002,0.000,632.000,573.000,0.001,0.948,0.993,0.950,0.990,0.052,0.000,0.007,0.000
640,61,56,0.000,0.974,0.995,0.971,1.000,0.026,0.000,0.004,0.001,332,61,0.000,0.976,0.995,0.964,1.000,0.024,0.000,0.005,0.000,506.000,61.000,0.000,0.982,0.998,0.965,1.000,0.018,0.000,0.002,0.000,632.000,573.000,0.001,0.948,0.993,0.950,0.990,0.052,0.000,0.007,0.000
641,61,56,0.000,0.974,0.995,0.971,1.000,0.026,0.000,0.004,0.001,332,61,0.000,0.976,0.995,0.964,1.000,0.024,0.000,0.005,0.000,506.000,61.000,0.000,0.982,0.998,0.965,1.000,0.018,0.000,0.002,0.000,632.000,573.000,0.001,0.948,0.993,0.950,0.990,0.052,0.000,0.007,0.000
642,61,56,0.000,0.974,0.995,0.971,1.000,0.026,0.000,0.004,0.001,332,61,0.000,0.976,0.995,0.964,1.000,0.024,0.000,0.005,0.000,506.000,61.000,0.000,0.982,0.998,0.965,1.000,0.018,0.000,0.002,0.000,632.000,573.000,0.001,0.948,0.993,0.950,0.990,0.052,0.000,0.007,0.000
643,61,56,0.000,0.974,0.995,0.971,1.000,0.026,0.000,0.004,0.001,332,61,0.000,0.976,0.995,0.964,1.000,0.024,0.000,0.005,0.000,506.000,61.000,0.000,0.982,0.998,0.965,1.000,0.018,0.000,0.002,0.000,632.000,573.000,0.001,0.948,0.993,0.950,0.990,0.052,0.000,0.007,0.000
644,61,56,0.000,0.974,0.995,0.971,1.000,0.026,0.000,0.004,0.001,332,61,0.000,0.976,0.995,0.964,1.000,0.024,0.000,0.005,0.000,506.000,61.000,0.000,0.982,0.998,0.965,1.000,0.018,0.000,0.002,0.000,632.000,573.000,0.001,0.948,0.993,0.950,0.990,0.052,0.000,0.007,0.000
645,61,56,0.000,0.974,0.995,0.971,1.000,0.026,0.000,0.004,0.001,332,61,0.000,0.976,0.995,0.964,1.000,0.024,0.000,0.005,0.000,506.000,61.000,0.000,0.982,0.998,0.965,1.000,0.018,0.000,0.002,0.000,632.000,573.000,0.001,0.948,0.993,0.950,0.990,0.052,0.000,0.007,0.000
646,61,56,0.000,0.974,0.995,0.971,1.000,0.026,0.000,0.004,0.001,332,61,0.000,0.976,0.995,0.964,1.000,0.024,0.000,0.005,0.000,506.000,61.000,0.000,0.982,0.998,0.965,1.000,0.018,0.000,0.002,0.000,632.000,573.000,0.001,0.948,0.993,0.950,0.990,0.052,0.000,0.007,0.000
647,61,56,0.000,0.974,0.995,0.971,1.000,0.026,0.000,0.004,0.001,332,61,0.000,0.976,0.995,0.964,1.000,0.024,0.000,0.005,0.000,506.000,61.000,0.000,0.982,0.998,0.965,1.000,0.018,0.000,0.002,0.000,632.000,573.000,0.001,0.948,0.993,0.950,0.990,0.052,0.000,0.007,0.000
648,61,56,0.000,0.974,0.995,0.971,1.000,0.026,0.000,0.004,0.001,332,61,0.000,0.976,0.995,0.964,1.000,0.024,0.000,0.005,0.000,506.000,61.000,0.000,0.982,0.998,0.965,1.000,0.018,0.000,0.002,0.000,632.000,573.000,0.001,0.948,0.993,0.950,0.990,0.052,0.000,0.007,0.000
649,61,56,0.000,0.974,0.995,0.971,1.000,0.026,0.000,0.004,0.001,332,61,0.000,0.976,0.995,0.964,1.000,0.024,0.000,0.005,0.000,506.000,61.000,0.000,0.982,0.998,0.965,1.000,0.018,0.000,0.002,0.000,632.000,573.000,0.001,0.948,0.993,0.950,0.990,0.052,0.000,0.007,0.000
650,61,56,0.000,0.974,0.995,0.971,1.000,0.026,0.000,0.004,0.001,332,61,0.000,0.976,0.995,0.964,1.000,0.024,0.000,0.005,0.000,506.000,61.000,0.000,0.982,0.998,0.965,1.000,0.018,0.000,0.002,0.000,632.000,573.000,0.001,0.948,0.993,0.950,0.990,0.052,0.000,0.007,0.000
651,61,56,0.000,0.974,0.995,0.971,1.000,0.026,0.000,0.004,0.001,332,61,0.000,0.976,0.995,0.964,1.000,0.024,0.000,0.005,0.000,506.000,61.000,0.000,0.982,0.998,0.965,1.000,0.018,0.000,0.002,0.000,632.000,573.000,0.001,0.948,0.993,0.950,0.990,0.052,0.000,0.007,0.000
652,61,56,0.000,0.974,0.995,0.971,1.000,0.026,0.000,0.004,0.001,332,61,0.000,0.976,0.995,0.964,1.000,0.024,0.000,0.005,0.000,506.000,61.000,0.000,0.982,0.998,0.965,1.000,0.018,0.000,0.002,0.000,632.000,573.000,0.001,0.948,0.993,0.950,0.990,0.052,0.000,0.007,0.000
653,61,56,0.000,0.974,0.995,0.971,1.000,0.026,0.000,0.004,0.001,332,61,0.000,0.976,0.995,0.964,1.000,0.024,0.000,0.005,0.000,506.000,61.000,0.000,0.982,0.998,0.965,1.000,0.018,0.000,0.002,0.000,632.000,573.000,0.001,0.948,0.993,0.950,0.990,0.052,0.000,0.007,0.000
654,61,56,0.000,0.974,0.995,0.971,1.000,0.026,0.000,0.004,0.001,332,61,0.000,0.976,0.995,0.964,1.000,0.024,0.000,0.005,0.000,506.000,61.000,0.000,0.982,0.998,0.965,1.000,0.018,0.000,0.002,0.000,632.000,573.000,0.001,0.948,0.993,0.950,0.990,0.052,0.000,0.007,0.000
655,61,56,0.000,0.974,0.995,0.971,1.000,0.026,0.000,0.004,0.001,332,61,0.000,0.976,0.995,0.964,1.000,0.024,0.000,0.005,0.000,506.000,61.000,0.000,0.982,0.998,0.965,1.000,0.018,0.000,0.002,0.000,632.000,573.000,0.001,0.948,0.993,0.950,0.990,0.052,0.000,0.007,0.000
656,61,56,0.000,0.974,0.995,0.971,1.000,0.026,0.000,0.004,0.001,332,61,0.000,0.976,0.995,0.964,1.000,0.024,0.000,0.005,0.000,506.000,61.000,0.000,0.982,0.998,0.965,1.000,0.018,0.000,0.002,0.000,632.000,573.000,0.001,0.948,0.993,0.950,0.990,0.052,0.000,0.007,0.000
657,61,56,0.000,0.974,0.995,0.971,1.000,0.026,0.000,0.004,0.001,332,61,0.000,0.976,0.995,0.964,1.000,0.024,0.000,0.005,0.000,506.000,61.000,0.000,0.982,0.998,0.965,1.000,0.018,0.000,0.002,0.000,632.000,573.000,0.001,0.948,0.993,0.950,0.990,0.052,0.000,0.007,0.000
658,61,56,0.000,0.974,0.995,0.971,1.000,0.026,0.000,0.004,0.001,332,61,0.000,0.976,0.995,0.964,1.000,0.024,0.000,0.005,0.000,636.000,332.000,0.000,0.965,0.996,0.957,0.999,0.033,0.002,0.004,0.000,642.000,506.000,0.000,0.971,0.995,0.966,1.000,0.029,0.000,0.005,0.000
659,61,56,0.000,0.974,0.995,0.971,1.000,0.026,0.000,0.004,0.001,332,61,0.000,0.976,0.995,0.964,1.000,0.024,0.000,0.005,0.000,636.000,332.000,0.000,0.965,0.996,0.957,0.999,0.033,0.002,0.004,0.000,642.000,506.000,0.000,0.971,0.995,0.966,1.000,0.029,0.000,0.005,0.000
660,61,56,0.000,0.974,0.995,0.971,1.000,0.026,0.000,0.004,0.001,332,61,0.000,0.976,0.995,0.964,1.000,0.024,0.000,0.005,0.000,636.000,332.000,0.000,0.965,0.996,0.957,0.999,0.033,0.002,0.004,0.000,642.000,506.000,0.000,0.971,0.995,0.966,1.000,0.029,0.000,0.005,0.000
661,61,56,0.000,0.974,0.995,0.971,1.000,0.026,0.000,0.004,0.001,332,61,0.000,0.976,0.995,0.964,1.000,0.024,0.000,0.005,0.000,636.000,332.000,0.000,0.965,0.996,0.957,0.999,0.033,0.002,0.004,0.000,642.000,506.000,0.000,0.971,0.995,0.966,1.000,0.029,0.000,0.005,0.000
662,61,56,0.000,0.974,0.995,0.971,1.000,0.026,0.000,0.004,0.001,332,61,0.000,0.976,0.995,0.964,1.000,0.024,0.000,0.005,0.000,636.000,332.000,0.000,0.965,0.996,0.957,0.999,0.033,0.002,0.004,0.000,642.000,506.000,0.000,0.971,0.995,0.966,1.000,0.029,0.000,0.005,0.000
663,61,56,0.000,0.974,0.995,0.971,1.000,0.026,0.000,0.004,0.001,332,61,0.000,0.976,0.995,0.964,1.000,0.024,0.000,0.005,0.000,636.000,332.000,0.000,0.965,0.996,0.957,0.999,0.033,0.002,0.004,0.000,642.000,506.000,0.000,0.971,0.995,0.966,1.000,0.029,0.000,0.005,0.000
664,61,56,0.000,0.974,0.995,0.971,1.000,0.026,0.000,0.004,0.001,332,61,0.000,0.976,0.995,0.964,1.000,0.024,0.000,0.005,0.000,636.000,332.000,0.000,0.965,0.996,0.957,0.999,0.033,0.002,0.004,0.000,642.000,506.000,0.000,0.971,0.995,0.966,1.000,0.029,0.000,0.005,0.000
665,61,56,0.000,0.974,0.995,0.971,1.000,0.026,0.000,0.004,0.001,332,61,0.000,0.976,0.995,0.964,1.000,0.024,0.000,0.005,0.000,636.000,332.000,0.000,0.965,0.996,0.957,0.999,0.033,0.002,0.004,0.000,642.000,506.000,0.000,0.971,0.995,0.966,1.000,0.029,0.000,0.005,0.000
666,61,56,0.000,0.974,0.995,0.971,1.000,0.026,0.000,0.004,0.001,332,61,0.000,0.976,0.995,0.964,1.000,0.024,0.000,0.005,0.000,636.000,332.000,0.000,0.965,0.996,0.957,0.999,0.033,0.002,0.004,0.000,642.000,506.000,0.000,0.971,0.995,0.966,1.000,0.029,0.000,0.005,0.000
667,61,56,0.000,0.974,0.995,0.971,1.000,0.026,0.000,0.004,0.001,332,61,0.000,0.976,0.995,0.964,1.000,0.024,0.000,0.005,0.000,636.000,332.000,0.000,0.965,0.996,0.957,0.999,0.033,0.002,0.004,0.000,642.000,506.000,0.000,0.971,0.995,0.966,1.000,0.029,0.000,0.005,0.000
668,61,56,0.000,0.974,0.995,0.971,1.000,0.026,0.000,0.004,0.001,332,61,0.000,0.976,0.995,0.964,1.000,0.024,0.000,0.005,0.000,636.000,332.000,0.000,0.965,0.996,0.957,0.999,0.033,0.002,0.004,0.000,642.000,506.000,0.000,0.971,0.995,0.966,1.000,0.029,0.000,0.005,0.000
669,61,56,0.000,0.974,0.995,0.971,1.000,0.026,0.000,0.004,0.001,332,61,0.000,0.976,0.995,0.964,1.000,0.024,0.000,0.005,0.000,636.000,332.000,0.000,0.965,0.996,0.957,0.999,0.033,0.002,0.004,0.000,642.000,506.000,0.000,0.971,0.995,0.966,1.000,0.029,0.000,0.005,0.000
670,61,56,0.000,0.974,0.995,0.971,1.000,0.026,0.000,0.004,0.001,332,61,0.000,0.976,0.995,0.964,1.000,0.024,0.000,0.005,0.000,636.000,332.000,0.000,0.965,0.996,0.957,0.999,0.033,0.002,0.004,0.000,642.000,506.000,0.000,0.971,0.995,0.966,1.000,0.029,0.000,0.005,0.000
671,61,56,0.000,0.974,0.995,0.971,1.000,0.026,0.000,0.004,0.001,332,61,0.000,0.976,0.995,0.964,1.000,0.024,0.000,0.005,0.000,636.000,332.000,0.000,0.965,0.996,0.957,0.999,0.033,0.002,0.004,0.000,642.000,506.000,0.000,0.971,0.995,0.966,1.000,0.029,0.000,0.005,0.000
672,61,56,0.000,0.974,0.995,0.971,1.000,0.026,0.000,0.004,0.001,332,61,0.000,0.976,0.995,0.964,1.000,0.024,0.000,0.005,0.000,636.000,332.000,0.000,0.965,0.996,0.957,0.999,0.033,0.002,0.004,0.000,642.000,506.000,0.000,0.971,0.995,0.966,1.000,0.029,0.000,0.005,0.000
673,61,56,0.000,0.974,0.995,0.971,1.000,0.026,0.000,0.004,0.001,332,61,0.000,0.976,0.995,0.964,1.000,0.024,0.000,0.005,0.000,636.000,332.000,0.000,0.965,0.996,0.957,0.999,0.033,0.002,0.004,0.000,642.000,506.000,0.000,0.971,0.995,0.966,1.000,0.029,0.000,0.005,0.000
674,61,56,0.000,0.974,0.995,0.971,1.000,0.026,0.000,0.004,0.001,332,61,0.000,0.976,0.995,0.964,1.000,0.024,0.000,0.005,0.000,636.000,332.000,0.000,0.965,0.996,0.957,0.999,0.033,0.002,0.004,0.000,642.000,506.000,0.000,0.971,0.995,0.966,1.000,0.029,0.000,0.005,0.000
675,61,56,0.000,0.974,0.995,0.971,1.000,0.026,0.000,0.004,0.001,332,61,0.000,0.976,0.995,0.964,1.000,0.024,0.000,0.005,0.000,636.000,332.000,0.000,0.965,0.996,0.957,0.999,0.033,0.002,0.004,0.000,642.000,506.000,0.000,0.971,0.995,0.966,1.000,0.029,0.000,0.005,0.000
676,61,56,0.000,0.974,0.995,0.971,1.000,0.026,0.000,0.004,0.001,332,61,0.000,0.976,0.995,0.964,1.000,0.024,0.000,0.005,0.000,636.000,332.000,0.000,0.965,0.996,0.957,0.999,0.033,0.002,0.004,0.000,642.000,506.000,0.000,0.971,0.995,0.966,1.000,0.029,0.000,0.005,0.000
677,61,56,0.000,0.974,0.995,0.971,1.000,0.026,0.000,0.004,0.001,332,61,0.000,0.976,0.995,0.964,1.000,0.024,0.000,0.005,0.000,636.000,332.000,0.000,0.965,0.996,0.957,0.999,0.033,0.002,0.004,0.000,642.000,506.000,0.000,0.971,0.995,0.966,1.000,0.029,0.000,0.005,0.000
678,61,56,0.000,0.974,0.995,0.971,1.000,0.026,0.000,0.004,0.001,332,61,0.000,0.976,0.995,0.964,1.000,0.024,0.000,0.005,0.000,636.000,332.000,0.000,0.965,0.996,0.957,0.999,0.033,0.002,0.004,0.000,642.000,506.000,0.000,0.971,0.995,0.966,1.000,0.029,0.000,0.005,0.000
679,61,56,0.000,0.974,0.995,0.971,1.000,0.026,0.000,0.004,0.001,332,61,0.000,0.976,0.995,0.964,1.000,0.024,0.000,0.005,0.000,636.000,332.000,0.000,0.965,0.996,0.957,0.999,0.033,0.002,0.004,0.000,642.000,506.000,0.000,0.971,0.995,0.966,1.000,0.029,0.000,0.005,0.000
680,61,56,0.000,0.974,0.995,0.971,1.000,0.026,0.000,0.004,0.001,332,61,0.000,0.976,0.995,0.964,1.000,0.024,0.000,0.005,0.000,636.000,332.000,0.000,0.965,0.996,0.957,0.999,0.033,0.002,0.004,0.000,642.000,506.000,0.000,0.971,0.995,0.966,1.000,0.029,0.000,0.005,0.000
681,61,56,0.000,0.974,0.995,0.971,1.000,0.026,0.000,0.004,0.001,332,61,0.000,0.976,0.995,0.964,1.000,0.024,0.000,0.005,0.000,636.000,332.000,0.000,0.965,0.996,0.957,0.999,0.033,0.002,0.004,0.000,642.000,506.000,0.000,0.971,0.995,0.966,1.000,0.029,0.000,0.005,0.000
682,61,56,0.000,0.974,0.995,0.971,1.000,0.026,0.000,0.004,0.001,332,61,0.000,0.976,0.995,0.964,1.000,0.024,0.000,0.005,0.000,636.000,332.000,0.000,0.965,0.996,0.957,0.999,0.033,0.002,0.004,0.000,642.000,506.000,0.000,0.971,0.995,0.966,1.000,0.029,0.000,0.005,0.000
683,61,56,0.000,0.974,0.995,0.971,1.000,0.026,0.000,0.004,0.001,332,61,0.000,0.976,0.995,0.964,1.000,0.024,0.000,0.005,0.000,636.000,332.000,0.000,0.965,0.996,0.957,0.999,0.033,0.002,0.004,0.000,642.000,506.000,0.000,0.971,0.995,0.966,1.000,0.029,0.000,0.005,0.000
684,61,56,0.000,0.974,0.995,0.971,1.000,0.026,0.000,0.004,0.001,332,61,0.000,0.976,0.995,0.964,1.000,0.024,0.000,0.005,0.000,636.000,332.000,0.000,0.965,0.996,0.957,0.999,0.033,0.002,0.004,0.000,642.000,506.000,0.000,0.971,0.995,0.966,1.000,0.029,0.000,0.005,0.000
685,61,56,0.000,0.974,0.995,0.971,1.000,0.026,0.000,0.004,0.001,332,61,0.000,0.976,0.995,0.964,1.000,0.024,0.000,0.005,0.000,636.000,332.000,0.000,0.965,0.996,0.957,0.999,0.033,0.002,0.004,0.000,642.000,506.000,0.000,0.971,0.995,0.966,1.000,0.029,0.000,0.005,0.000
686,61,56,0.000,0.974,0.995,0.971,1.000,0.026,0.000,0.004,0.001,332,61,0.000,0.976,0.995,0.964,1.000,0.024,0.000,0.005,0.000,636.000,332.000,0.000,0.965,0.996,0.957,0.999,0.033,0.002,0.004,0.000,642.000,506.000,0.000,0.971,0.995,0.966,1.000,0.029,0.000,0.005,0.000
687,61,56,0.000,0.974,0.995,0.971,1.000,0.026,0.000,0.004,0.001,332,61,0.000,0.976,0.995,0.964,1.000,0.024,0.000,0.005,0.000,636.000,332.000,0.000,0.965,0.996,0.957,0.999,0.033,0.002,0.004,0.000,642.000,506.000,0.000,0.971,0.995,0.966,1.000,0.029,0.000,0.005,0.000
688,61,56,0.000,0.974,0.995,0.971,1.000,0.026,0.000,0.004,0.001,332,61,0.000,0.976,0.995,0.964,1.000,0.024,0.000,0.005,0.000,636.000,332.000,0.000,0.965,0.996,0.957,0.999,0.033,0.002,0.004,0.000,642.000,506.000,0.000,0.971,0.995,0.966,1.000,0.029,0.000,0.005,0.000
689,61,56,0.000,0.974,0.995,0.971,1.000,0.026,0.000,0.004,0.001,332,61,0.000,0.976,0.995,0.964,1.000,0.024,0.000,0.005,0.000,636.000,332.000,0.000,0.965,0.996,0.957,0.999,0.033,0.002,0.004,0.000,642.000,506.000,0.000,0.971,0.995,0.966,1.000,0.029,0.000,0.005,0.000
690,61,56,0.000,0.974,0.995,0.971,1.000,0.026,0.000,0.004,0.001,332,61,0.000,0.976,0.995,0.964,1.000,0.024,0.000,0.005,0.000,636.000,332.000,0.000,0.965,0.996,0.957,0.999,0.033,0.002,0.004,0.000,642.000,506.000,0.000,0.971,0.995,0.966,1.000,0.029,0.000,0.005,0.000
691,61,56,0.000,0.974,0.995,0.971,1.000,0.026,0.000,0.004,0.001,332,61,0.000,0.976,0.995,0.964,1.000,0.024,0.000,0.005,0.000,636.000,332.000,0.000,0.965,0.996,0.957,0.999,0.033,0.002,0.004,0.000,642.000,506.000,0.000,0.971,0.995,0.966,1.000,0.029,0.000,0.005,0.000
692,61,56,0.000,0.974,0.995,0.971,1.000,0.026,0.000,0.004,0.001,332,61,0.000,0.976,0.995,0.964,1.000,0.024,0.000,0.005,0.000,636.000,332.000,0.000,0.965,0.996,0.957,0.999,0.033,0.002,0.004,0.000,642.000,506.000,0.000,0.971,0.995,0.966,1.000,0.029,0.000,0.005,0.000
693,61,56,0.000,0.974,0.995,0.971,1.000,0.026,0.000,0.004,0.001,332,61,0.000,0.976,0.995,0.964,1.000,0.024,0.000,0.005,0.000,642.000,506.000,0.000,0.971,0.995,0.966,1.000,0.029,0.000,0.005,0.000,648.000,640.000,0.000,0.972,0.997,0.960,1.000,0.028,0.000,0.003,0.000
694,61,56,0.000,0.974,0.995,0.971,1.000,0.026,0.000,0.004,0.001,332,61,0.000,0.976,0.995,0.964,1.000,0.024,0.000,0.005,0.000,642.000,506.000,0.000,0.971,0.995,0.966,1.000,0.029,0.000,0.005,0.000,648.000,640.000,0.000,0.972,0.997,0.960,1.000,0.028,0.000,0.003,0.000
695,61,56,0.000,0.974,0.995,0.971,1.000,0.026,0.000,0.004,0.001,332,61,0.000,0.976,0.995,0.964,1.000,0.024,0.000,0.005,0.000,642.000,506.000,0.000,0.971,0.995,0.966,1.000,0.029,0.000,0.005,0.000,648.000,640.000,0.000,0.972,0.997,0.960,1.000,0.028,0.000,0.003,0.000
696,61,56,0.000,0.974,0.995,0.971,1.000,0.026,0.000,0.004,0.001,332,61,0.000,0.976,0.995,0.964,1.000,0.024,0.000,0.005,0.000,642.000,506.000,0.000,0.971,0.995,0.966,1.000,0.029,0.000,0.005,0.000,648.000,640.000,0.000,0.972,0.997,0.960,1.000,0.028,0.000,0.003,0.000
697,61,56,0.000,0.974,0.995,0.971,1.000,0.026,0.000,0.004,0.001,332,61,0.000,0.976,0.995,0.964,1.000,0.024,0.000,0.005,0.000,642.000,506.000,0.000,0.971,0.995,0.966,1.000,0.029,0.000,0.005,0.000,648.000,640.000,0.000,0.972,0.997,0.960,1.000,0.028,0.000,0.003,0.000
698,61,56,0.000,0.974,0.995,0.971,1.000,0.026,0.000,0.004,0.001,332,61,0.000,0.976,0.995,0.964,1.000,0.024,0.000,0.005,0.000,642.000,506.000,0.000,0.971,0.995,0.966,1.000,0.029,0.000,0.005,0.000,648.000,640.000,0.000,0.972,0.997,0.960,1.000,0.028,0.000,0.003,0.000
699,61,56,0.000,0.974,0.995,0.971,1.000,0.026,0.000,0.004,0.001,332,61,0.000,0.976,0.995,0.964,1.000,0.024,0.000,0.005,0.000,642.000,506.000,0.000,0.971,0.995,0.966,1.000,0.029,0.000,0.005,0.000,648.000,640.000,0.000,0.972,0.997,0.960,1.000,0.028,0.000,0.003,0.000
700,61,56,0.000,0.974,0.995,0.971,1.000,0.026,0.000,0.004,0.001,332,61,0.000,0.976,0.995,0.964,1.000,0.024,0.000,0.005,0.000,642.000,506.000,0.000,0.971,0.995,0.966,1.000,0.029,0.000,0.005,0.000,648.000,640.000,0.000,0.972,0.997,0.960,1.000,0.028,0.000,0.003,0.000
701,61,56,0.000,0.974,0.995,0.971,1.000,0.026,0.000,0.004,0.001,332,61,0.000,0.976,0.995,0.964,1.000,0.024,0.000,0.005,0.000,642.000,506.000,0.000,0.971,0.995,0.966,1.000,0.029,0.000,0.005,0.000,648.000,640.000,0.000,0.972,0.997,0.960,1.000,0.028,0.000,0.003,0.000
702,61,56,0.000,0.974,0.995,0.971,1.000,0.026,0.000,0.004,0.001,332,61,0.000,0.976,0.995,0.964,1.000,0.024,0.000,0.005,0.000,642.000,506.000,0.000,0.971,0.995,0.966,1.000,0.029,0.000,0.005,0.000,648.000,640.000,0.000,0.972,0.997,0.960,1.000,0.028,0.000,0.003,0.000
703,61,56,0.000,0.974,0.995,0.971,1.000,0.026,0.000,0.004,0.001,332,61,0.000,0.976,0.995,0.964,1.000,0.024,0.000,0.005,0.000,642.000,506.000,0.000,0.971,0.995,0.966,1.000,0.029,0.000,0.005,0.000,648.000,640.000,0.000,0.972,0.997,0.960,1.000,0.028,0.000,0.003,0.000
704,61,56,0.000,0.974,0.995,0.971,1.000,0.026,0.000,0.004,0.001,332,61,0.000,0.976,0.995,0.964,1.000,0.024,0.000,0.005,0.000,642.000,506.000,0.000,0.971,0.995,0.966,1.000,0.029,0.000,0.005,0.000,648.000,640.000,0.000,0.972,0.997,0.960,1.000,0.028,0.000,0.003,0.000
705,61,56,0.000,0.974,0.995,0.971,1.000,0.026,0.000,0.004,0.001,332,61,0.000,0.976,0.995,0.964,1.000,0.024,0.000,0.005,0.000,642.000,506.000,0.000,0.971,0.995,0.966,1.000,0.029,0.000,0.005,0.000,648.000,640.000,0.000,0.972,0.997,0.960,1.000,0.028,0.000,0.003,0.000
706,61,56,0.000,0.974,0.995,0.971,1.000,0.026,0.000,0.004,0.001,332,61,0.000,0.976,0.995,0.964,1.000,0.024,0.000,0.005,0.000,642.000,506.000,0.000,0.971,0.995,0.966,1.000,0.029,0.000,0.005,0.000,648.000,640.000,0.000,0.972,0.997,0.960,1.000,0.028,0.000,0.003,0.000
707,61,56,0.000,0.974,0.995,0.971,1.000,0.026,0.000,0.004,0.001,332,61,0.000,0.976,0.995,0.964,1.000,0.024,0.000,0.005,0.000,642.000,506.000,0.000,0.971,0.995,0.966,1.000,0.029,0.000,0.005,0.000,648.000,640.000,0.000,0.972,0.997,0.960,1.000,0.028,0.000,0.003,0.000
708,61,56,0.000,0.974,0.995,0.971,1.000,0.026,0.000,0.004,0.001,332,61,0.000,0.976,0.995,0.964,1.000,0.024,0.000,0.005,0.000,642.000,506.000,0.000,0.971,0.995,0.966,1.000,0.029,0.000,0.005,0.000,648.000,640.000,0.000,0.972,0.997,0.960,1.000,0.028,0.000,0.003,0.000
709,61,56,0.000,0.974,0.995,0.971,1.000,0.026,0.000,0.004,0.001,332,61,0.000,0.976,0.995,0.964,1.000,0.024,0.000,0.005,0.000,642.000,506.000,0.000,0.971,0.995,0.966,1.000,0.029,0.000,0.005,0.000,648.000,640.000,0.000,0.972,0.997,0.960,1.000,0.028,0.000,0.003,0.000
710,61,56,0.000,0.974,0.995,0.971,1.000,0.026,0.000,0.004,0.001,332,61,0.000,0.976,0.995,0.964,1.000,0.024,0.000,0.005,0.000,642.000,506.000,0.000,0.971,0.995,0.966,1.000,0.029,0.000,0.005,0.000,648.000,640.000,0.000,0.972,0.997,0.960,1.000,0.028,0.000,0.003,0.000
711,61,56,0.000,0.974,0.995,0.971,1.000,0.026,0.000,0.004,0.001,332,61,0.000,0.976,0.995,0.964,1.000,0.024,0.000,0.005,0.000,642.000,506.000,0.000,0.971,0.995,0.966,1.000,0.029,0.000,0.005,0.000,648.000,640.000,0.000,0.972,0.997,0.960,1.000,0.028,0.000,0.003,0.000
712,61,56,0.000,0.974,0.995,0.971,1.000,0.026,0.000,0.004,0.001,332,61,0.000,0.976,0.995,0.964,1.000,0.024,0.000,0.005,0.000,642.000,506.000,0.000,0.971,0.995,0.966,1.000,0.029,0.000,0.005,0.000,648.000,640.000,0.000,0.972,0.997,0.960,1.000,0.028,0.000,0.003,0.000
713,61,56,0.000,0.974,0.995,0.971,1.000,0.026,0.000,0.004,0.001,332,61,0.000,0.976,0.995,0.964,1.000,0.024,0.000,0.005,0.000,642.000,506.000,0.000,0.971,0.995,0.966,1.000,0.029,0.000,0.005,0.000,648.000,640.000,0.000,0.972,0.997,0.960,1.000,0.028,0.000,0.003,0.000
714,61,56,0.000,0.974,0.995,0.971,1.000,0.026,0.000,0.004,0.001,332,61,0.000,0.976,0.995,0.964,1.000,0.024,0.000,0.005,0.000,642.000,506.000,0.000,0.971,0.995,0.966,1.000,0.029,0.000,0.005,0.000,648.000,640.000,0.000,0.972,0.997,0.960,1.000,0.028,0.000,0.003,0.000
715,61,56,0.000,0.974,0.995,0.971,1.000,0.026,0.000,0.004,0.001,332,61,0.000,0.976,0.995,0.964,1.000,0.024,0.000,0.005,0.000,642.000,506.000,0.000,0.971,0.995,0.966,1.000,0.029,0.000,0.005,0.000,648.000,640.000,0.000,0.972,0.997,0.960,1.000,0.028,0.000,0.003,0.000
716,61,56,0.000,0.974,0.995,0.971,1.000,0.026,0.000,0.004,0.001,332,61,0.000,0.976,0.995,0.964,1.000,0.024,0.000,0.005,0.000,642.000,506.000,0.000,0.971,0.995,0.966,1.000,0.029,0.000,0.005,0.000,648.000,640.000,0.000,0.972,0.997,0.960,1.000,0.028,0.000,0.003,0.000
717,61,56,0.000,0.974,0.995,0.971,1.000,0.026,0.000,0.004,0.001,332,61,0.000,0.976,0.995,0.964,1.000,0.024,0.000,0.005,0.000,642.000,506.000,0.000,0.971,0.995,0.966,1.000,0.029,0.000,0.005,0.000,648.000,640.000,0.000,0.972,0.997,0.960,1.000,0.028,0.000,0.003,0.000
718,61,56,0.000,0.974,0.995,0.971,1.000,0.026,0.000,0.004,0.001,332,61,0.000,0.976,0.995,0.964,1.000,0.024,0.000,0.005,0.000,642.000,506.000,0.000,0.971,0.995,0.966,1.000,0.029,0.000,0.005,0.000,648.000,640.000,0.000,0.972,0.997,0.960,1.000,0.028,0.000,0.003,0.000
719,61,56,0.000,0.974,0.995,0.971,1.000,0.026,0.000,0.004,0.001,332,61,0.000,0.976,0.995,0.964,1.000,0.024,0.000,0.005,0.000,642.000,506.000,0.000,0.971,0.995,0.966,1.000,0.029,0.000,0.005,0.000,648.000,640.000,0.000,0.972,0.997,0.960,1.000,0.028,0.000,0.003,0.000
720,61,56,0.000,0.974,0.995,0.971,1.000,0.026,0.000,0.004,0.001,332,61,0.000,0.976,0.995,0.964,1.000,0.024,0.000,0.005,0.000,642.000,506.000,0.000,0.971,0.995,0.966,1.000,0.029,0.000,0.005,0.000,648.000,640.000,0.000,0.972,0.997,0.960,1.000,0.028,0.000,0.003,0.000
721,61,56,0.000,0.974,0.995,0.971,1.000,0.026,0.000,0.004,0.001,332,61,0.000,0.976,0.995,0.964,1.000,0.024,0.000,0.005,0.000,642.000,506.000,0.000,0.971,0.995,0.966,1.000,0.029,0.000,0.005,0.000,648.000,640.000,0.000,0.972,0.997,0.960,1.000,0.028,0.000,0.003,0.000
722,61,56,0.000,0.974,0.995,0.971,1.000,0.026,0.000,0.004,0.001,332,61,0.000,0.976,0.995,0.964,1.000,0.024,0.000,0.005,0.000,642.000,506.000,0.000,0.971,0.995,0.966,1.000,0.029,0.000,0.005,0.000,648.000,640.000,0.000,0.972,0.997,0.960,1.000,0.028,0.000,0.003,0.000
723,61,56,0.000,0.974,0.995,0.971,1.000,0.026,0.000,0.004,0.001,332,61,0.000,0.976,0.995,0.964,1.000,0.024,0.000,0.005,0.000,642.000,506.000,0.000,0.971,0.995,0.966,1.000,0.029,0.000,0.005,0.000,648.000,640.000,0.000,0.972,0.997,0.960,1.000,0.028,0.000,0.003,0.000
724,61,56,0.000,0.974,0.995,0.971,1.000,0.026,0.000,0.004,0.001,332,61,0.000,0.976,0.995,0.964,1.000,0.024,0.000,0.005,0.000,642.000,506.000,0.000,0.971,0.995,0.966,1.000,0.029,0.000,0.005,0.000,648.000,640.000,0.000,0.972,0.997,0.960,1.000,0.028,0.000,0.003,0.000
725,61,56,0.000,0.974,0.995,0.971,1.000,0.026,0.000,0.004,0.001,332,61,0.000,0.976,0.995,0.964,1.000,0.024,0.000,0.005,0.000,642.000,506.000,0.000,0.971,0.995,0.966,1.000,0.029,0.000,0.005,0.000,648.000,640.000,0.000,0.972,0.997,0.960,1.000,0.028,0.000,0.003,0.000
726,61,56,0.000,0.974,0.995,0.971,1.000,0.026,0.000,0.004,0.001,332,61,0.000,0.976,0.995,0.964,1.000,0.024,0.000,0.005,0.000,642.000,506.000,0.000,0.971,0.995,0.966,1.000,0.029,0.000,0.005,0.000,648.000,640.000,0.000,0.972,0.997,0.960,1.000,0.028,0.000,0.003,0.000
727,61,56,0.000,0.974,0.995,0.971,1.000,0.026,0.000,0.004,0.001,332,61,0.000,0.976,0.995,0.964,1.000,0.024,0.000,0.005,0.000,642.000,506.000,0.000,0.971,0.995,0.966,1.000,0.029,0.000,0.005,0.000,648.000,640.000,0.000,0.972,0.997,0.960,1.000,0.028,0.000,0.003,0.000
728,61,56,0.000,0.974,0.995,0.971,1.000,0.026,0.000,0.004,0.001,332,61,0.000,0.976,0.995,0.964,1.000,0.024,0.000,0.005,0.000,642.000,506.000,0.000,0.971,0.995,0.966,1.000,0.029,0.000,0.005,0.000,648.000,640.000,0.000,0.972,0.997,0.960,1.000,0.028,0.000,0.003,0.000
729,61,56,0.000,0.974,0.995,0.971,1.000,0.026,0.000,0.004,0.001,332,61,0.000,0.976,0.995,0.964,1.000,0.024,0.000,0.005,0.000,642.000,506.000,0.000,0.971,0.995,0.966,1.000,0.029,0.000,0.005,0.000,648.000,640.000,0.000,0.972,0.997,0.960,1.000,0.028,0.000,0.003,0.000
730,61,56,0.000,0.974,0.995,0.971,1.000,0.026,0.000,0.004,0.001,332,61,0.000,0.976,0.995,0.964,1.000,0.024,0.000,0.005,0.000,642.000,506.000,0.000,0.971,0.995,0.966,1.000,0.029,0.000,0.005,0.000,648.000,640.000,0.000,0.972,0.997,0.960,1.000,0.028,0.000,0.003,0.000
731,61,56,0.000,0.974,0.995,0.971,1.000,0.026,0.000,0.004,0.001,332,61,0.000,0.976,0.995,0.964,1.000,0.024,0.000,0.005,0.000,642.000,506.000,0.000,0.971,0.995,0.966,1.000,0.029,0.000,0.005,0.000,648.000,640.000,0.000,0.972,0.997,0.960,1.000,0.028,0.000,0.003,0.000
732,61,56,0.000,0.974,0.995,0.971,1.000,0.026,0.000,0.004,0.001,332,61,0.000,0.976,0.995,0.964,1.000,0.024,0.000,0.005,0.000,642.000,506.000,0.000,0.971,0.995,0.966,1.000,0.029,0.000,0.005,0.000,648.000,640.000,0.000,0.972,0.997,0.960,1.000,0.028,0.000,0.003,0.000
733,61,56,0.000,0.974,0.995,0.971,1.000,0.026,0.000,0.004,0.001,332,61,0.000,0.976,0.995,0.964,1.000,0.024,0.000,0.005,0.000,642.000,506.000,0.000,0.971,0.995,0.966,1.000,0.029,0.000,0.005,0.000,648.000,640.000,0.000,0.972,0.997,0.960,1.000,0.028,0.000,0.003,0.000
734,61,56,0.000,0.974,0.995,0.971,1.000,0.026,0.000,0.004,0.001,332,61,0.000,0.976,0.995,0.964,1.000,0.024,0.000,0.005,0.000,642.000,506.000,0.000,0.971,0.995,0.966,1.000,0.029,0.000,0.005,0.000,648.000,640.000,0.000,0.972,0.997,0.960,1.000,0.028,0.000,0.003,0.000
735,61,56,0.000,0.974,0.995,0.971,1.000,0.026,0.000,0.004,0.001,332,61,0.000,0.976,0.995,0.964,1.000,0.024,0.000,0.005,0.000,642.000,506.000,0.000,0.971,0.995,0.966,1.000,0.029,0.000,0.005,0.000,648.000,640.000,0.000,0.972,0.997,0.960,1.000,0.028,0.000,0.003,0.000
736,61,56,0.000,0.974,0.995,0.971,1.000,0.026,0.000,0.004,0.001,332,61,0.000,0.976,0.995,0.964,1.000,0.024,0.000,0.005,0.000,642.000,506.000,0.000,0.971,0.995,0.966,1.000,0.029,0.000,0.005,0.000,648.000,640.000,0.000,0.972,0.997,0.960,1.000,0.028,0.000,0.003,0.000
737,61,56,0.000,0.974,0.995,0.971,1.000,0.026,0.000,0.004,0.001,332,61,0.000,0.976,0.995,0.964,1.000,0.024,0.000,0.005,0.000,642.000,506.000,0.000,0.971,0.995,0.966,1.000,0.029,0.000,0.005,0.000,648.000,640.000,0.000,0.972,0.997,0.960,1.000,0.028,0.000,0.003,0.000
738,61,56,0.000,0.974,0.995,0.971,1.000,0.026,0.000,0.004,0.001,332,61,0.000,0.976,0.995,0.964,1.000,0.024,0.000,0.005,0.000,642.000,506.000,0.000,0.971,0.995,0.966,1.000,0.029,0.000,0.005,0.000,648.000,640.000,0.000,0.972,0.997,0.960,1.000,0.028,0.000,0.003,0.000
739,61,56,0.000,0.974,0.995,0.971,1.000,0.026,0.000,0.004,0.001,332,61,0.000,0.976,0.995,0.964,1.000,0.024,0.000,0.005,0.000,642.000,506.000,0.000,0.971,0.995,0.966,1.000,0.029,0.000,0.005,0.000,648.000,640.000,0.000,0.972,0.997,0.960,1.000,0.028,0.000,0.003,0.000
740,61,56,0.000,0.974,0.995,0.971,1.000,0.026,0.000,0.004,0.001,332,61,0.000,0.976,0.995,0.964,1.000,0.024,0.000,0.005,0.000,642.000,506.000,0.000,0.971,0.995,0.966,1.000,0.029,0.000,0.005,0.000,648.000,640.000,0.000,0.972,0.997,0.960,1.000,0.028,0.000,0.003,0.000
741,61,56,0.000,0.974,0.995,0.971,1.000,0.026,0.000,0.004,0.001,332,61,0.000,0.976,0.995,0.964,1.000,0.024,0.000,0.005,0.000,642.000,506.000,0.000,0.971,0.995,0.966,1.000,0.029,0.000,0.005,0.000,648.000,640.000,0.000,0.972,0.997,0.960,1.000,0.028,0.000,0.003,0.000
742,61,56,0.000,0.974,0.995,0.971,1.000,0.026,0.000,0.004,0.001,332,61,0.000,0.976,0.995,0.964,1.000,0.024,0.000,0.005,0.000,642.000,506.000,0.000,0.971,0.995,0.966,1.000,0.029,0.000,0.005,0.000,648.000,640.000,0.000,0.972,0.997,0.960,1.000,0.028,0.000,0.003,0.000
743,61,56,0.000,0.974,0.995,0.971,1.000,0.026,0.000,0.004,0.001,332,61,0.000,0.976,0.995,0.964,1.000,0.024,0.000,0.005,0.000,642.000,506.000,0.000,0.971,0.995,0.966,1.000,0.029,0.000,0.005,0.000,648.000,640.000,0.000,0.972,0.997,0.960,1.000,0.028,0.000,0.003,0.000
744,61,56,0.000,0.974,0.995,0.971,1.000,0.026,0.000,0.004,0.001,332,61,0.000,0.976,0.995,0.964,1.000,0.024,0.000,0.005,0.000,642.000,506.000,0.000,0.971,0.995,0.966,1.000,0.029,0.000,0.005,0.000,648.000,640.000,0.000,0.972,0.997,0.960,1.000,0.028,0.000,0.003,0.000
745,61,56,0.000,0.974,0.995,0.971,1.000,0.026,0.000,0.004,0.001,332,61,0.000,0.976,0.995,0.964,1.000,0.024,0.000,0.005,0.000,642.000,506.000,0.000,0.971,0.995,0.966,1.000,0.029,0.000,0.005,0.000,648.000,640.000,0.000,0.972,0.997,0.960,1.000,0.028,0.000,0.003,0.000
746,61,56,0.000,0.974,0.995,0.971,1.000,0.026,0.000,0.004,0.001,332,61,0.000,0.976,0.995,0.964,1.000,0.024,0.000,0.005,0.000,642.000,506.000,0.000,0.971,0.995,0.966,1.000,0.029,0.000,0.005,0.000,648.000,640.000,0.000,0.972,0.997,0.960,1.000,0.028,0.000,0.003,0.000
747,61,56,0.000,0.974,0.995,0.971,1.000,0.026,0.000,0.004,0.001,332,61,0.000,0.976,0.995,0.964,1.000,0.024,0.000,0.005,0.000,642.000,506.000,0.000,0.971,0.995,0.966,1.000,0.029,0.000,0.005,0.000,648.000,640.000,0.000,0.972,0.997,0.960,1.000,0.028,0.000,0.003,0.000
748,61,56,0.000,0.974,0.995,0.971,1.000,0.026,0.000,0.004,0.001,332,61,0.000,0.976,0.995,0.964,1.000,0.024,0.000,0.005,0.000,642.000,506.000,0.000,0.971,0.995,0.966,1.000,0.029,0.000,0.005,0.000,648.000,640.000,0.000,0.972,0.997,0.960,1.000,0.028,0.000,0.003,0.000
749,61,56,0.000,0.974,0.995,0.971,1.000,0.026,0.000,0.004,0.001,332,61,0.000,0.976,0.995,0.964,1.000,0.024,0.000,0.005,0.000,642.000,506.000,0.000,0.971,0.995,0.966,1.000,0.029,0.000,0.005,0.000,648.000,640.000,0.000,0.972,0.997,0.960,1.000,0.028,0.000,0.003,0.000
750,61,56,0.000,0.974,0.995,0.971,1.000,0.026,0.000,0.004,0.001,332,61,0.000,0.976,0.995,0.964,1.000,0.024,0.000,0.005,0.000,642.000,506.000,0.000,0.971,0.995,0.966,1.000,0.029,0.000,0.005,0.000,648.000,640.000,0.000,0.972,0.997,0.960,1.000,0.028,0.000,0.003,0.000
751,61,56,0.000,0.974,0.995,0.971,1.000,0.026,0.000,0.004,0.001,332,61,0.000,0.976,0.995,0.964,1.000,0.024,0.000,0.005,0.000,642.000,506.000,0.000,0.971,0.995,0.966,1.000,0.029,0.000,0.005,0.000,648.000,640.000,0.000,0.972,0.997,0.960,1.000,0.028,0.000,0.003,0.000
752,61,56,0.000,0.974,0.995,0.971,1.000,0.026,0.000,0.004,0.001,332,61,0.000,0.976,0.995,0.964,1.000,0.024,0.000,0.005,0.000,642.000,506.000,0.000,0.971,0.995,0.966,1.000,0.029,0.000,0.005,0.000,648.000,640.000,0.000,0.972,0.997,0.960,1.000,0.028,0.000,0.003,0.000
753,61,56,0.000,0.974,0.995,0.971,1.000,0.026,0.000,0.004,0.001,332,61,0.000,0.976,0.995,0.964,1.000,0.024,0.000,0.005,0.000,642.000,506.000,0.000,0.971,0.995,0.966,1.000,0.029,0.000,0.005,0.000,648.000,640.000,0.000,0.972,0.997,0.960,1.000,0.028,0.000,0.003,0.000
754,61,56,0.000,0.974,0.995,0.971,1.000,0.026,0.000,0.004,0.001,332,61,0.000,0.976,0.995,0.964,1.000,0.024,0.000,0.005,0.000,642.000,506.000,0.000,0.971,0.995,0.966,1.000,0.029,0.000,0.005,0.000,648.000,640.000,0.000,0.972,0.997,0.960,1.000,0.028,0.000,0.003,0.000
755,61,56,0.000,0.974,0.995,0.971,1.000,0.026,0.000,0.004,0.001,332,61,0.000,0.976,0.995,0.964,1.000,0.024,0.000,0.005,0.000,642.000,506.000,0.000,0.971,0.995,0.966,1.000,0.029,0.000,0.005,0.000,648.000,640.000,0.000,0.972,0.997,0.960,1.000,0.028,0.000,0.003,0.000
756,61,56,0.000,0.974,0.995,0.971,1.000,0.026,0.000,0.004,0.001,332,61,0.000,0.976,0.995,0.964,1.000,0.024,0.000,0.005,0.000,642.000,506.000,0.000,0.971,0.995,0.966,1.000,0.029,0.000,0.005,0.000,648.000,640.000,0.000,0.972,0.997,0.960,1.000,0.028,0.000,0.003,0.000
757,61,56,0.000,0.974,0.995,0.971,1.000,0.026,0.000,0.004,0.001,332,61,0.000,0.976,0.995,0.964,1.000,0.024,0.000,0.005,0.000,642.000,506.000,0.000,0.971,0.995,0.966,1.000,0.029,0.000,0.005,0.000,648.000,640.000,0.000,0.972,0.997,0.960,1.000,0.028,0.000,0.003,0.000
758,61,56,0.000,0.974,0.995,0.971,1.000,0.026,0.000,0.004,0.001,332,61,0.000,0.976,0.995,0.964,1.000,0.024,0.000,0.005,0.000,642.000,506.000,0.000,0.971,0.995,0.966,1.000,0.029,0.000,0.005,0.000,648.000,640.000,0.000,0.972,0.997,0.960,1.000,0.028,0.000,0.003,0.000
759,61,56,0.000,0.974,0.995,0.971,1.000,0.026,0.000,0.004,0.001,332,61,0.000,0.976,0.995,0.964,1.000,0.024,0.000,0.005,0.000,642.000,506.000,0.000,0.971,0.995,0.966,1.000,0.029,0.000,0.005,0.000,648.000,640.000,0.000,0.972,0.997,0.960,1.000,0.028,0.000,0.003,0.000
760,61,56,0.000,0.974,0.995,0.971,1.000,0.026,0.000,0.004,0.001,332,61,0.000,0.976,0.995,0.964,1.000,0.024,0.000,0.005,0.000,642.000,506.000,0.000,0.971,0.995,0.966,1.000,0.029,0.000,0.005,0.000,648.000,640.000,0.000,0.972,0.997,0.960,1.000,0.028,0.000,0.003,0.000
761,61,56,0.000,0.974,0.995,0.971,1.000,0.026,0.000,0.004,0.001,332,61,0.000,0.976,0.995,0.964,1.000,0.024,0.000,0.005,0.000,642.000,506.000,0.000,0.971,0.995,0.966,1.000,0.029,0.000,0.005,0.000,648.000,640.000,0.000,0.972,0.997,0.960,1.000,0.028,0.000,0.003,0.000
762,61,56,0.000,0.974,0.995,0.971,1.000,0.026,0.000,0.004,0.001,332,61,0.000,0.976,0.995,0.964,1.000,0.024,0.000,0.005,0.000,642.000,506.000,0.000,0.971,0.995,0.966,1.000,0.029,0.000,0.005,0.000,648.000,640.000,0.000,0.972,0.997,0.960,1.000,0.028,0.000,0.003,0.000
763,61,56,0.000,0.974,0.995,0.971,1.000,0.026,0.000,0.004,0.001,332,61,0.000,0.976,0.995,0.964,1.000,0.024,0.000,0.005,0.000,642.000,506.000,0.000,0.971,0.995,0.966,1.000,0.029,0.000,0.005,0.000,648.000,640.000,0.000,0.972,0.997,0.960,1.000,0.028,0.000,0.003,0.000
764,61,56,0.000,0.974,0.995,0.971,1.000,0.026,0.000,0.004,0.001,332,61,0.000,0.976,0.995,0.964,1.000,0.024,0.000,0.005,0.000,642.000,506.000,0.000,0.971,0.995,0.966,1.000,0.029,0.000,0.005,0.000,648.000,640.000,0.000,0.972,0.997,0.960,1.000,0.028,0.000,0.003,0.000
765,61,56,0.000,0.974,0.995,0.971,1.000,0.026,0.000,0.004,0.001,332,61,0.000,0.976,0.995,0.964,1.000,0.024,0.000,0.005,0.000,642.000,506.000,0.000,0.971,0.995,0.966,1.000,0.029,0.000,0.005,0.000,648.000,640.000,0.000,0.972,0.997,0.960,1.000,0.028,0.000,0.003,0.000
766,61,56,0.000,0.974,0.995,0.971,1.000,0.026,0.000,0.004,0.001,332,61,0.000,0.976,0.995,0.964,1.000,0.024,0.000,0.005,0.000,642.000,506.000,0.000,0.971,0.995,0.966,1.000,0.029,0.000,0.005,0.000,648.000,640.000,0.000,0.972,0.997,0.960,1.000,0.028,0.000,0.003,0.000
767,61,56,0.000,0.974,0.995,0.971,1.000,0.026,0.000,0.004,0.001,332,61,0.000,0.976,0.995,0.964,1.000,0.024,0.000,0.005,0.000,642.000,506.000,0.000,0.971,0.995,0.966,1.000,0.029,0.000,0.005,0.000,648.000,640.000,0.000,0.972,0.997,0.960,1.000,0.028,0.000,0.003,0.000
768,61,56,0.000,0.974,0.995,0.971,1.000,0.026,0.000,0.004,0.001,332,61,0.000,0.976,0.995,0.964,1.000,0.024,0.000,0.005,0.000,642.000,506.000,0.000,0.971,0.995,0.966,1.000,0.029,0.000,0.005,0.000,648.000,640.000,0.000,0.972,0.997,0.960,1.000,0.028,0.000,0.003,0.000
769,61,56,0.000,0.974,0.995,0.971,1.000,0.026,0.000,0.004,0.001,332,61,0.000,0.976,0.995,0.964,1.000,0.024,0.000,0.005,0.000,642.000,506.000,0.000,0.971,0.995,0.966,1.000,0.029,0.000,0.005,0.000,648.000,640.000,0.000,0.972,0.997,0.960,1.000,0.028,0.000,0.003,0.000
770,61,56,0.000,0.974,0.995,0.971,1.000,0.026,0.000,0.004,0.001,332,61,0.000,0.976,0.995,0.964,1.000,0.024,0.000,0.005,0.000,642.000,506.000,0.000,0.971,0.995,0.966,1.000,0.029,0.000,0.005,0.000,648.000,640.000,0.000,0.972,0.997,0.960,1.000,0.028,0.000,0.003,0.000
771,61,56,0.000,0.974,0.995,0.971,1.000,0.026,0.000,0.004,0.001,332,61,0.000,0.976,0.995,0.964,1.000,0.024,0.000,0.005,0.000,642.000,506.000,0.000,0.971,0.995,0.966,1.000,0.029,0.000,0.005,0.000,648.000,640.000,0.000,0.972,0.997,0.960,1.000,0.028,0.000,0.003,0.000
772,61,56,0.000,0.974,0.995,0.971,1.000,0.026,0.000,0.004,0.001,332,61,0.000,0.976,0.995,0.964,1.000,0.024,0.000,0.005,0.000,642.000,506.000,0.000,0.971,0.995,0.966,1.000,0.029,0.000,0.005,0.000,648.000,640.000,0.000,0.972,0.997,0.960,1.000,0.028,0.000,0.003,0.000
773,61,56,0.000,0.974,0.995,0.971,1.000,0.026,0.000,0.004,0.001,332,61,0.000,0.976,0.995,0.964,1.000,0.024,0.000,0.005,0.000,642.000,506.000,0.000,0.971,0.995,0.966,1.000,0.029,0.000,0.005,0.000,648.000,640.000,0.000,0.972,0.997,0.960,1.000,0.028,0.000,0.003,0.000
774,61,56,0.000,0.974,0.995,0.971,1.000,0.026,0.000,0.004,0.001,332,61,0.000,0.976,0.995,0.964,1.000,0.024,0.000,0.005,0.000,642.000,506.000,0.000,0.971,0.995,0.966,1.000,0.029,0.000,0.005,0.000,648.000,640.000,0.000,0.972,0.997,0.960,1.000,0.028,0.000,0.003,0.000
775,61,56,0.000,0.974,0.995,0.971,1.000,0.026,0.000,0.004,0.001,332,61,0.000,0.976,0.995,0.964,1.000,0.024,0.000,0.005,0.000,642.000,506.000,0.000,0.971,0.995,0.966,1.000,0.029,0.000,0.005,0.000,648.000,640.000,0.000,0.972,0.997,0.960,1.000,0.028,0.000,0.003,0.000
776,61,56,0.000,0.974,0.995,0.971,1.000,0.026,0.000,0.004,0.001,332,61,0.000,0.976,0.995,0.964,1.000,0.024,0.000,0.005,0.000,642.000,506.000,0.000,0.971,0.995,0.966,1.000,0.029,0.000,0.005,0.000,648.000,640.000,0.000,0.972,0.997,0.960,1.000,0.028,0.000,0.003,0.000
777,61,56,0.000,0.974,0.995,0.971,1.000,0.026,0.000,0.004,0.001,332,61,0.000,0.976,0.995,0.964,1.000,0.024,0.000,0.005,0.000,642.000,506.000,0.000,0.971,0.995,0.966,1.000,0.029,0.000,0.005,0.000,648.000,640.000,0.000,0.972,0.997,0.960,1.000,0.028,0.000,0.003,0.000
778,61,56,0.000,0.974,0.995,0.971,1.000,0.026,0.000,0.004,0.001,332,61,0.000,0.976,0.995,0.964,1.000,0.024,0.000,0.005,0.000,642.000,506.000,0.000,0.971,0.995,0.966,1.000,0.029,0.000,0.005,0.000,648.000,640.000,0.000,0.972,0.997,0.960,1.000,0.028,0.000,0.003,0.000
779,61,56,0.000,0.974,0.995,0.971,1.000,0.026,0.000,0.004,0.001,332,61,0.000,0.976,0.995,0.964,1.000,0.024,0.000,0.005,0.000,642.000,506.000,0.000,0.971,0.995,0.966,1.000,0.029,0.000,0.005,0.000,648.000,640.000,0.000,0.972,0.997,0.960,1.000,0.028,0.000,0.003,0.000
780,61,56,0.000,0.974,0.995,0.971,1.000,0.026,0.000,0.004,0.001,332,61,0.000,0.976,0.995,0.964,1.000,0.024,0.000,0.005,0.000,642.000,506.000,0.000,0.971,0.995,0.966,1.000,0.029,0.000,0.005,0.000,648.000,640.000,0.000,0.972,0.997,0.960,1.000,0.028,0.000,0.003,0.000
781,61,56,0.000,0.974,0.995,0.971,1.000,0.026,0.000,0.004,0.001,332,61,0.000,0.976,0.995,0.964,1.000,0.024,0.000,0.005,0.000,642.000,506.000,0.000,0.971,0.995,0.966,1.000,0.029,0.000,0.005,0.000,648.000,640.000,0.000,0.972,0.997,0.960,1.000,0.028,0.000,0.003,0.000
782,61,56,0.000,0.974,0.995,0.971,1.000,0.026,0.000,0.004,0.001,332,61,0.000,0.976,0.995,0.964,1.000,0.024,0.000,0.005,0.000,642.000,506.000,0.000,0.971,0.995,0.966,1.000,0.029,0.000,0.005,0.000,648.000,640.000,0.000,0.972,0.997,0.960,1.000,0.028,0.000,0.003,0.000
783,61,56,0.000,0.974,0.995,0.971,1.000,0.026,0.000,0.004,0.001,332,61,0.000,0.976,0.995,0.964,1.000,0.024,0.000,0.005,0.000,642.000,506.000,0.000,0.971,0.995,0.966,1.000,0.029,0.000,0.005,0.000,648.000,640.000,0.000,0.972,0.997,0.960,1.000,0.028,0.000,0.003,0.000
784,61,56,0.000,0.974,0.995,0.971,1.000,0.026,0.000,0.004,0.001,332,61,0.000,0.976,0.995,0.964,1.000,0.024,0.000,0.005,0.000,642.000,506.000,0.000,0.971,0.995,0.966,1.000,0.029,0.000,0.005,0.000,648.000,640.000,0.000,0.972,0.997,0.960,1.000,0.028,0.000,0.003,0.000
785,61,56,0.000,0.974,0.995,0.971,1.000,0.026,0.000,0.004,0.001,332,61,0.000,0.976,0.995,0.964,1.000,0.024,0.000,0.005,0.000,642.000,506.000,0.000,0.971,0.995,0.966,1.000,0.029,0.000,0.005,0.000,648.000,640.000,0.000,0.972,0.997,0.960,1.000,0.028,0.000,0.003,0.000
786,61,56,0.000,0.974,0.995,0.971,1.000,0.026,0.000,0.004,0.001,332,61,0.000,0.976,0.995,0.964,1.000,0.024,0.000,0.005,0.000,642.000,506.000,0.000,0.971,0.995,0.966,1.000,0.029,0.000,0.005,0.000,648.000,640.000,0.000,0.972,0.997,0.960,1.000,0.028,0.000,0.003,0.000
787,61,56,0.000,0.974,0.995,0.971,1.000,0.026,0.000,0.004,0.001,332,61,0.000,0.976,0.995,0.964,1.000,0.024,0.000,0.005,0.000,642.000,506.000,0.000,0.971,0.995,0.966,1.000,0.029,0.000,0.005,0.000,648.000,640.000,0.000,0.972,0.997,0.960,1.000,0.028,0.000,0.003,0.000
788,61,56,0.000,0.974,0.995,0.971,1.000,0.026,0.000,0.004,0.001,332,61,0.000,0.976,0.995,0.964,1.000,0.024,0.000,0.005,0.000,642.000,506.000,0.000,0.971,0.995,0.966,1.000,0.029,0.000,0.005,0.000,648.000,640.000,0.000,0.972,0.997,0.960,1.000,0.028,0.000,0.003,0.000
789,61,56,0.000,0.974,0.995,0.971,1.000,0.026,0.000,0.004,0.001,332,61,0.000,0.976,0.995,0.964,1.000,0.024,0.000,0.005,0.000,642.000,506.000,0.000,0.971,0.995,0.966,1.000,0.029,0.000,0.005,0.000,648.000,640.000,0.000,0.972,0.997,0.960,1.000,0.028,0.000,0.003,0.000
790,61,56,0.000,0.974,0.995,0.971,1.000,0.026,0.000,0.004,0.001,332,61,0.000,0.976,0.995,0.964,1.000,0.024,0.000,0.005,0.000,642.000,506.000,0.000,0.971,0.995,0.966,1.000,0.029,0.000,0.005,0.000,648.000,640.000,0.000,0.972,0.997,0.960,1.000,0.028,0.000,0.003,0.000
791,61,56,0.000,0.974,0.995,0.971,1.000,0.026,0.000,0.004,0.001,332,61,0.000,0.976,0.995,0.964,1.000,0.024,0.000,0.005,0.000,642.000,506.000,0.000,0.971,0.995,0.966,1.000,0.029,0.000,0.005,0.000,648.000,640.000,0.000,0.972,0.997,0.960,1.000,0.028,0.000,0.003,0.000
792,61,56,0.000,0.974,0.995,0.971,1.000,0.026,0.000,0.004,0.001,332,61,0.000,0.976,0.995,0.964,1.000,0.024,0.000,0.005,0.000,642.000,506.000,0.000,0.971,0.995,0.966,1.000,0.029,0.000,0.005,0.000,648.000,640.000,0.000,0.972,0.997,0.960,1.000,0.028,0.000,0.003,0.000
793,61,56,0.000,0.974,0.995,0.971,1.000,0.026,0.000,0.004,0.001,332,61,0.000,0.976,0.995,0.964,1.000,0.024,0.000,0.005,0.000,642.000,506.000,0.000,0.971,0.995,0.966,1.000,0.029,0.000,0.005,0.000,648.000,640.000,0.000,0.972,0.997,0.960,1.000,0.028,0.000,0.003,0.000
794,61,56,0.000,0.974,0.995,0.971,1.000,0.026,0.000,0.004,0.001,332,61,0.000,0.976,0.995,0.964,1.000,0.024,0.000,0.005,0.000,642.000,506.000,0.000,0.971,0.995,0.966,1.000,0.029,0.000,0.005,0.000,648.000,640.000,0.000,0.972,0.997,0.960,1.000,0.028,0.000,0.003,0.000
795,61,56,0.000,0.974,0.995,0.971,1.000,0.026,0.000,0.004,0.001,332,61,0.000,0.976,0.995,0.964,1.000,0.024,0.000,0.005,0.000,642.000,506.000,0.000,0.971,0.995,0.966,1.000,0.029,0.000,0.005,0.000,648.000,640.000,0.000,0.972,0.997,0.960,1.000,0.028,0.000,0.003,0.000
796,61,56,0.000,0.974,0.995,0.971,1.000,0.026,0.000,0.004,0.001,332,61,0.000,0.976,0.995,0.964,1.000,0.024,0.000,0.005,0.000,642.000,506.000,0.000,0.971,0.995,0.966,1.000,0.029,0.000,0.005,0.000,648.000,640.000,0.000,0.972,0.997,0.960,1.000,0.028,0.000,0.003,0.000
797,61,56,0.000,0.974,0.995,0.971,1.000,0.026,0.000,0.004,0.001,332,61,0.000,0.976,0.995,0.964,1.000,0.024,0.000,0.005,0.000,642.000,506.000,0.000,0.971,0.995,0.966,1.000,0.029,0.000,0.005,0.000,648.000,640.000,0.000,0.972,0.997,0.960,1.000,0.028,0.000,0.003,0.000
798,61,56,0.000,0.974,0.995,0.971,1.000,0.026,0.000,0.004,0.001,332,61,0.000,0.976,0.995,0.964,1.000,0.024,0.000,0.005,0.000,642.000,506.000,0.000,0.971,0.995,0.966,1.000,0.029,0.000,0.005,0.000,648.000,640.000,0.000,0.972,0.997,0.960,1.000,0.028,0.000,0.003,0.000
799,61,56,0.000,0.974,0.995,0.971,1.000,0.026,0.000,0.004,0.001,332,61,0.000,0.976,0.995,0.964,1.000,0.024,0.000,0.005,0.000,642.000,506.000,0.000,0.971,0.995,0.966,1.000,0.029,0.000,0.005,0.000,648.000,640.000,0.000,0.972,0.997,0.960,1.000,0.028,0.000,0.003,0.000
800,61,56,0.000,0.974,0.995,0.971,1.000,0.026,0.000,0.004,0.001,332,61,0.000,0.976,0.995,0.964,1.000,0.024,0.000,0.005,0.000,642.000,506.000,0.000,0.971,0.995,0.966,1.000,0.029,0.000,0.005,0.000,648.000,640.000,0.000,0.972,0.997,0.960,1.000,0.028,0.000,0.003,0.000
801,61,56,0.000,0.974,0.995,0.971,1.000,0.026,0.000,0.004,0.001,332,61,0.000,0.976,0.995,0.964,1.000,0.024,0.000,0.005,0.000,642.000,506.000,0.000,0.971,0.995,0.966,1.000,0.029,0.000,0.005,0.000,648.000,640.000,0.000,0.972,0.997,0.960,1.000,0.028,0.000,0.003,0.000
802,61,56,0.000,0.974,0.995,0.971,1.000,0.026,0.000,0.004,0.001,332,61,0.000,0.976,0.995,0.964,1.000,0.024,0.000,0.005,0.000,642.000,506.000,0.000,0.971,0.995,0.966,1.000,0.029,0.000,0.005,0.000,648.000,640.000,0.000,0.972,0.997,0.960,1.000,0.028,0.000,0.003,0.000
803,61,56,0.000,0.974,0.995,0.971,1.000,0.026,0.000,0.004,0.001,332,61,0.000,0.976,0.995,0.964,1.000,0.024,0.000,0.005,0.000,642.000,506.000,0.000,0.971,0.995,0.966,1.000,0.029,0.000,0.005,0.000,648.000,640.000,0.000,0.972,0.997,0.960,1.000,0.028,0.000,0.003,0.000
804,61,56,0.000,0.974,0.995,0.971,1.000,0.026,0.000,0.004,0.001,332,61,0.000,0.976,0.995,0.964,1.000,0.024,0.000,0.005,0.000,642.000,506.000,0.000,0.971,0.995,0.966,1.000,0.029,0.000,0.005,0.000,648.000,640.000,0.000,0.972,0.997,0.960,1.000,0.028,0.000,0.003,0.000
805,61,56,0.000,0.974,0.995,0.971,1.000,0.026,0.000,0.004,0.001,332,61,0.000,0.976,0.995,0.964,1.000,0.024,0.000,0.005,0.000,642.000,506.000,0.000,0.971,0.995,0.966,1.000,0.029,0.000,0.005,0.000,648.000,640.000,0.000,0.972,0.997,0.960,1.000,0.028,0.000,0.003,0.000
806,61,56,0.000,0.974,0.995,0.971,1.000,0.026,0.000,0.004,0.001,332,61,0.000,0.976,0.995,0.964,1.000,0.024,0.000,0.005,0.000,642.000,506.000,0.000,0.971,0.995,0.966,1.000,0.029,0.000,0.005,0.000,648.000,640.000,0.000,0.972,0.997,0.960,1.000,0.028,0.000,0.003,0.000
807,61,56,0.000,0.974,0.995,0.971,1.000,0.026,0.000,0.004,0.001,332,61,0.000,0.976,0.995,0.964,1.000,0.024,0.000,0.005,0.000,642.000,506.000,0.000,0.971,0.995,0.966,1.000,0.029,0.000,0.005,0.000,648.000,640.000,0.000,0.972,0.997,0.960,1.000,0.028,0.000,0.003,0.000
808,61,56,0.000,0.974,0.995,0.971,1.000,0.026,0.000,0.004,0.001,332,61,0.000,0.976,0.995,0.964,1.000,0.024,0.000,0.005,0.000,642.000,506.000,0.000,0.971,0.995,0.966,1.000,0.029,0.000,0.005,0.000,648.000,640.000,0.000,0.972,0.997,0.960,1.000,0.028,0.000,0.003,0.000
809,61,56,0.000,0.974,0.995,0.971,1.000,0.026,0.000,0.004,0.001,332,61,0.000,0.976,0.995,0.964,1.000,0.024,0.000,0.005,0.000,642.000,506.000,0.000,0.971,0.995,0.966,1.000,0.029,0.000,0.005,0.000,648.000,640.000,0.000,0.972,0.997,0.960,1.000,0.028,0.000,0.003,0.000
810,61,56,0.000,0.974,0.995,0.971,1.000,0.026,0.000,0.004,0.001,332,61,0.000,0.976,0.995,0.964,1.000,0.024,0.000,0.005,0.000,642.000,506.000,0.000,0.971,0.995,0.966,1.000,0.029,0.000,0.005,0.000,648.000,640.000,0.000,0.972,0.997,0.960,1.000,0.028,0.000,0.003,0.000
811,61,56,0.000,0.974,0.995,0.971,1.000,0.026,0.000,0.004,0.001,332,61,0.000,0.976,0.995,0.964,1.000,0.024,0.000,0.005,0.000,642.000,506.000,0.000,0.971,0.995,0.966,1.000,0.029,0.000,0.005,0.000,648.000,640.000,0.000,0.972,0.997,0.960,1.000,0.028,0.000,0.003,0.000
812,61,56,0.000,0.974,0.995,0.971,1.000,0.026,0.000,0.004,0.001,332,61,0.000,0.976,0.995,0.964,1.000,0.024,0.000,0.005,0.000,642.000,506.000,0.000,0.971,0.995,0.966,1.000,0.029,0.000,0.005,0.000,648.000,640.000,0.000,0.972,0.997,0.960,1.000,0.028,0.000,0.003,0.000
813,61,56,0.000,0.974,0.995,0.971,1.000,0.026,0.000,0.004,0.001,332,61,0.000,0.976,0.995,0.964,1.000,0.024,0.000,0.005,0.000,642.000,506.000,0.000,0.971,0.995,0.966,1.000,0.029,0.000,0.005,0.000,648.000,640.000,0.000,0.972,0.997,0.960,1.000,0.028,0.000,0.003,0.000
814,61,56,0.000,0.974,0.995,0.971,1.000,0.026,0.000,0.004,0.001,332,61,0.000,0.976,0.995,0.964,1.000,0.024,0.000,0.005,0.000,642.000,506.000,0.000,0.971,0.995,0.966,1.000,0.029,0.000,0.005,0.000,648.000,640.000,0.000,0.972,0.997,0.960,1.000,0.028,0.000,0.003,0.000
815,61,56,0.000,0.974,0.995,0.971,1.000,0.026,0.000,0.004,0.001,332,61,0.000,0.976,0.995,0.964,1.000,0.024,0.000,0.005,0.000,642.000,506.000,0.000,0.971,0.995,0.966,1.000,0.029,0.000,0.005,0.000,648.000,640.000,0.000,0.972,0.997,0.960,1.000,0.028,0.000,0.003,0.000
816,61,56,0.000,0.974,0.995,0.971,1.000,0.026,0.000,0.004,0.001,332,61,0.000,0.976,0.995,0.964,1.000,0.024,0.000,0.005,0.000,642.000,506.000,0.000,0.971,0.995,0.966,1.000,0.029,0.000,0.005,0.000,648.000,640.000,0.000,0.972,0.997,0.960,1.000,0.028,0.000,0.003,0.000
817,61,56,0.000,0.974,0.995,0.971,1.000,0.026,0.000,0.004,0.001,332,61,0.000,0.976,0.995,0.964,1.000,0.024,0.000,0.005,0.000,642.000,506.000,0.000,0.971,0.995,0.966,1.000,0.029,0.000,0.005,0.000,648.000,640.000,0.000,0.972,0.997,0.960,1.000,0.028,0.000,0.003,0.000
818,61,56,0.000,0.974,0.995,0.971,1.000,0.026,0.000,0.004,0.001,332,61,0.000,0.976,0.995,0.964,1.000,0.024,0.000,0.005,0.000,642.000,506.000,0.000,0.971,0.995,0.966,1.000,0.029,0.000,0.005,0.000,648.000,640.000,0.000,0.972,0.997,0.960,1.000,0.028,0.000,0.003,0.000
819,61,56,0.000,0.974,0.995,0.971,1.000,0.026,0.000,0.004,0.001,332,61,0.000,0.976,0.995,0.964,1.000,0.024,0.000,0.005,0.000,642.000,506.000,0.000,0.971,0.995,0.966,1.000,0.029,0.000,0.005,0.000,648.000,640.000,0.000,0.972,0.997,0.960,1.000,0.028,0.000,0.003,0.000
820,61,56,0.000,0.974,0.995,0.971,1.000,0.026,0.000,0.004,0.001,332,61,0.000,0.976,0.995,0.964,1.000,0.024,0.000,0.005,0.000,642.000,506.000,0.000,0.971,0.995,0.966,1.000,0.029,0.000,0.005,0.000,648.000,640.000,0.000,0.972,0.997,0.960,1.000,0.028,0.000,0.003,0.000
821,61,56,0.000,0.974,0.995,0.971,1.000,0.026,0.000,0.004,0.001,332,61,0.000,0.976,0.995,0.964,1.000,0.024,0.000,0.005,0.000,642.000,506.000,0.000,0.971,0.995,0.966,1.000,0.029,0.000,0.005,0.000,648.000,640.000,0.000,0.972,0.997,0.960,1.000,0.028,0.000,0.003,0.000
822,61,56,0.000,0.974,0.995,0.971,1.000,0.026,0.000,0.004,0.001,332,61,0.000,0.976,0.995,0.964,1.000,0.024,0.000,0.005,0.000,642.000,506.000,0.000,0.971,0.995,0.966,1.000,0.029,0.000,0.005,0.000,648.000,640.000,0.000,0.972,0.997,0.960,1.000,0.028,0.000,0.003,0.000
823,61,56,0.000,0.974,0.995,0.971,1.000,0.026,0.000,0.004,0.001,332,61,0.000,0.976,0.995,0.964,1.000,0.024,0.000,0.005,0.000,642.000,506.000,0.000,0.971,0.995,0.966,1.000,0.029,0.000,0.005,0.000,648.000,640.000,0.000,0.972,0.997,0.960,1.000,0.028,0.000,0.003,0.000
824,61,56,0.000,0.974,0.995,0.971,1.000,0.026,0.000,0.004,0.001,332,61,0.000,0.976,0.995,0.964,1.000,0.024,0.000,0.005,0.000,642.000,506.000,0.000,0.971,0.995,0.966,1.000,0.029,0.000,0.005,0.000,648.000,640.000,0.000,0.972,0.997,0.960,1.000,0.028,0.000,0.003,0.000
825,61,56,0.000,0.974,0.995,0.971,1.000,0.026,0.000,0.004,0.001,332,61,0.000,0.976,0.995,0.964,1.000,0.024,0.000,0.005,0.000,642.000,506.000,0.000,0.971,0.995,0.966,1.000,0.029,0.000,0.005,0.000,648.000,640.000,0.000,0.972,0.997,0.960,1.000,0.028,0.000,0.003,0.000
826,61,56,0.000,0.974,0.995,0.971,1.000,0.026,0.000,0.004,0.001,332,61,0.000,0.976,0.995,0.964,1.000,0.024,0.000,0.005,0.000,642.000,506.000,0.000,0.971,0.995,0.966,1.000,0.029,0.000,0.005,0.000,648.000,640.000,0.000,0.972,0.997,0.960,1.000,0.028,0.000,0.003,0.000
827,61,56,0.000,0.974,0.995,0.971,1.000,0.026,0.000,0.004,0.001,332,61,0.000,0.976,0.995,0.964,1.000,0.024,0.000,0.005,0.000,642.000,506.000,0.000,0.971,0.995,0.966,1.000,0.029,0.000,0.005,0.000,648.000,640.000,0.000,0.972,0.997,0.960,1.000,0.028,0.000,0.003,0.000
828,61,56,0.000,0.974,0.995,0.971,1.000,0.026,0.000,0.004,0.001,332,61,0.000,0.976,0.995,0.964,1.000,0.024,0.000,0.005,0.000,642.000,506.000,0.000,0.971,0.995,0.966,1.000,0.029,0.000,0.005,0.000,648.000,640.000,0.000,0.972,0.997,0.960,1.000,0.028,0.000,0.003,0.000
829,61,56,0.000,0.974,0.995,0.971,1.000,0.026,0.000,0.004,0.001,332,61,0.000,0.976,0.995,0.964,1.000,0.024,0.000,0.005,0.000,642.000,506.000,0.000,0.971,0.995,0.966,1.000,0.029,0.000,0.005,0.000,648.000,640.000,0.000,0.972,0.997,0.960,1.000,0.028,0.000,0.003,0.000
830,61,56,0.000,0.974,0.995,0.971,1.000,0.026,0.000,0.004,0.001,332,61,0.000,0.976,0.995,0.964,1.000,0.024,0.000,0.005,0.000,642.000,506.000,0.000,0.971,0.995,0.966,1.000,0.029,0.000,0.005,0.000,648.000,640.000,0.000,0.972,0.997,0.960,1.000,0.028,0.000,0.003,0.000
831,61,56,0.000,0.974,0.995,0.971,1.000,0.026,0.000,0.004,0.001,332,61,0.000,0.976,0.995,0.964,1.000,0.024,0.000,0.005,0.000,642.000,506.000,0.000,0.971,0.995,0.966,1.000,0.029,0.000,0.005,0.000,648.000,640.000,0.000,0.972,0.997,0.960,1.000,0.028,0.000,0.003,0.000
832,61,56,0.000,0.974,0.995,0.971,1.000,0.026,0.000,0.004,0.001,332,61,0.000,0.976,0.995,0.964,1.000,0.024,0.000,0.005,0.000,642.000,506.000,0.000,0.971,0.995,0.966,1.000,0.029,0.000,0.005,0.000,648.000,640.000,0.000,0.972,0.997,0.960,1.000,0.028,0.000,0.003,0.000
833,61,56,0.000,0.974,0.995,0.971,1.000,0.026,0.000,0.004,0.001,332,61,0.000,0.976,0.995,0.964,1.000,0.024,0.000,0.005,0.000,642.000,506.000,0.000,0.971,0.995,0.966,1.000,0.029,0.000,0.005,0.000,648.000,640.000,0.000,0.972,0.997,0.960,1.000,0.028,0.000,0.003,0.000
834,61,56,0.000,0.974,0.995,0.971,1.000,0.026,0.000,0.004,0.001,332,61,0.000,0.976,0.995,0.964,1.000,0.024,0.000,0.005,0.000,642.000,506.000,0.000,0.971,0.995,0.966,1.000,0.029,0.000,0.005,0.000,648.000,640.000,0.000,0.972,0.997,0.960,1.000,0.028,0.000,0.003,0.000
835,61,56,0.000,0.974,0.995,0.971,1.000,0.026,0.000,0.004,0.001,332,61,0.000,0.976,0.995,0.964,1.000,0.024,0.000,0.005,0.000,642.000,506.000,0.000,0.971,0.995,0.966,1.000,0.029,0.000,0.005,0.000,648.000,640.000,0.000,0.972,0.997,0.960,1.000,0.028,0.000,0.003,0.000
836,61,56,0.000,0.974,0.995,0.971,1.000,0.026,0.000,0.004,0.001,332,61,0.000,0.976,0.995,0.964,1.000,0.024,0.000,0.005,0.000,642.000,506.000,0.000,0.971,0.995,0.966,1.000,0.029,0.000,0.005,0.000,648.000,640.000,0.000,0.972,0.997,0.960,1.000,0.028,0.000,0.003,0.000
837,61,56,0.000,0.974,0.995,0.971,1.000,0.026,0.000,0.004,0.001,332,61,0.000,0.976,0.995,0.964,1.000,0.024,0.000,0.005,0.000,642.000,506.000,0.000,0.971,0.995,0.966,1.000,0.029,0.000,0.005,0.000,648.000,640.000,0.000,0.972,0.997,0.960,1.000,0.028,0.000,0.003,0.000
838,61,56,0.000,0.974,0.995,0.971,1.000,0.026,0.000,0.004,0.001,332,61,0.000,0.976,0.995,0.964,1.000,0.024,0.000,0.005,0.000,642.000,506.000,0.000,0.971,0.995,0.966,1.000,0.029,0.000,0.005,0.000,648.000,640.000,0.000,0.972,0.997,0.960,1.000,0.028,0.000,0.003,0.000
839,61,56,0.000,0.974,0.995,0.971,1.000,0.026,0.000,0.004,0.001,332,61,0.000,0.976,0.995,0.964,1.000,0.024,0.000,0.005,0.000,642.000,506.000,0.000,0.971,0.995,0.966,1.000,0.029,0.000,0.005,0.000,648.000,640.000,0.000,0.972,0.997,0.960,1.000,0.028,0.000,0.003,0.000
840,61,56,0.000,0.974,0.995,0.971,1.000,0.026,0.000,0.004,0.001,332,61,0.000,0.976,0.995,0.964,1.000,0.024,0.000,0.005,0.000,642.000,506.000,0.000,0.971,0.995,0.966,1.000,0.029,0.000,0.005,0.000,648.000,640.000,0.000,0.972,0.997,0.960,1.000,0.028,0.000,0.003,0.000
841,61,56,0.000,0.974,0.995,0.971,1.000,0.026,0.000,0.004,0.001,332,61,0.000,0.976,0.995,0.964,1.000,0.024,0.000,0.005,0.000,642.000,506.000,0.000,0.971,0.995,0.966,1.000,0.029,0.000,0.005,0.000,648.000,640.000,0.000,0.972,0.997,0.960,1.000,0.028,0.000,0.003,0.000
842,61,56,0.000,0.974,0.995,0.971,1.000,0.026,0.000,0.004,0.001,332,61,0.000,0.976,0.995,0.964,1.000,0.024,0.000,0.005,0.000,642.000,506.000,0.000,0.971,0.995,0.966,1.000,0.029,0.000,0.005,0.000,648.000,640.000,0.000,0.972,0.997,0.960,1.000,0.028,0.000,0.003,0.000
843,61,56,0.000,0.974,0.995,0.971,1.000,0.026,0.000,0.004,0.001,332,61,0.000,0.976,0.995,0.964,1.000,0.024,0.000,0.005,0.000,642.000,506.000,0.000,0.971,0.995,0.966,1.000,0.029,0.000,0.005,0.000,648.000,640.000,0.000,0.972,0.997,0.960,1.000,0.028,0.000,0.003,0.000
844,61,56,0.000,0.974,0.995,0.971,1.000,0.026,0.000,0.004,0.001,332,61,0.000,0.976,0.995,0.964,1.000,0.024,0.000,0.005,0.000,642.000,506.000,0.000,0.971,0.995,0.966,1.000,0.029,0.000,0.005,0.000,648.000,640.000,0.000,0.972,0.997,0.960,1.000,0.028,0.000,0.003,0.000
845,61,56,0.000,0.974,0.995,0.971,1.000,0.026,0.000,0.004,0.001,332,61,0.000,0.976,0.995,0.964,1.000,0.024,0.000,0.005,0.000,642.000,506.000,0.000,0.971,0.995,0.966,1.000,0.029,0.000,0.005,0.000,648.000,640.000,0.000,0.972,0.997,0.960,1.000,0.028,0.000,0.003,0.000
846,61,56,0.000,0.974,0.995,0.971,1.000,0.026,0.000,0.004,0.001,332,61,0.000,0.976,0.995,0.964,1.000,0.024,0.000,0.005,0.000,642.000,506.000,0.000,0.971,0.995,0.966,1.000,0.029,0.000,0.005,0.000,648.000,640.000,0.000,0.972,0.997,0.960,1.000,0.028,0.000,0.003,0.000
847,61,56,0.000,0.974,0.995,0.971,1.000,0.026,0.000,0.004,0.001,332,61,0.000,0.976,0.995,0.964,1.000,0.024,0.000,0.005,0.000,642.000,506.000,0.000,0.971,0.995,0.966,1.000,0.029,0.000,0.005,0.000,648.000,640.000,0.000,0.972,0.997,0.960,1.000,0.028,0.000,0.003,0.000
848,61,56,0.000,0.974,0.995,0.971,1.000,0.026,0.000,0.004,0.001,332,61,0.000,0.976,0.995,0.964,1.000,0.024,0.000,0.005,0.000,642.000,506.000,0.000,0.971,0.995,0.966,1.000,0.029,0.000,0.005,0.000,648.000,640.000,0.000,0.972,0.997,0.960,1.000,0.028,0.000,0.003,0.000
849,61,56,0.000,0.974,0.995,0.971,1.000,0.026,0.000,0.004,0.001,332,61,0.000,0.976,0.995,0.964,1.000,0.024,0.000,0.005,0.000,642.000,506.000,0.000,0.971,0.995,0.966,1.000,0.029,0.000,0.005,0.000,648.000,640.000,0.000,0.972,0.997,0.960,1.000,0.028,0.000,0.003,0.000
850,61,56,0.000,0.974,0.995,0.971,1.000,0.026,0.000,0.004,0.001,332,61,0.000,0.976,0.995,0.964,1.000,0.024,0.000,0.005,0.000,642.000,506.000,0.000,0.971,0.995,0.966,1.000,0.029,0.000,0.005,0.000,648.000,640.000,0.000,0.972,0.997,0.960,1.000,0.028,0.000,0.003,0.000
851,61,56,0.000,0.974,0.995,0.971,1.000,0.026,0.000,0.004,0.001,332,61,0.000,0.976,0.995,0.964,1.000,0.024,0.000,0.005,0.000,642.000,506.000,0.000,0.971,0.995,0.966,1.000,0.029,0.000,0.005,0.000,648.000,640.000,0.000,0.972,0.997,0.960,1.000,0.028,0.000,0.003,0.000
852,61,56,0.000,0.974,0.995,0.971,1.000,0.026,0.000,0.004,0.001,332,61,0.000,0.976,0.995,0.964,1.000,0.024,0.000,0.005,0.000,642.000,506.000,0.000,0.971,0.995,0.966,1.000,0.029,0.000,0.005,0.000,648.000,640.000,0.000,0.972,0.997,0.960,1.000,0.028,0.000,0.003,0.000
853,61,56,0.000,0.974,0.995,0.971,1.000,0.026,0.000,0.004,0.001,332,61,0.000,0.976,0.995,0.964,1.000,0.024,0.000,0.005,0.000,642.000,506.000,0.000,0.971,0.995,0.966,1.000,0.029,0.000,0.005,0.000,648.000,640.000,0.000,0.972,0.997,0.960,1.000,0.028,0.000,0.003,0.000
854,61,56,0.000,0.974,0.995,0.971,1.000,0.026,0.000,0.004,0.001,332,61,0.000,0.976,0.995,0.964,1.000,0.024,0.000,0.005,0.000,642.000,506.000,0.000,0.971,0.995,0.966,1.000,0.029,0.000,0.005,0.000,648.000,640.000,0.000,0.972,0.997,0.960,1.000,0.028,0.000,0.003,0.000
855,61,56,0.000,0.974,0.995,0.971,1.000,0.026,0.000,0.004,0.001,332,61,0.000,0.976,0.995,0.964,1.000,0.024,0.000,0.005,0.000,642.000,506.000,0.000,0.971,0.995,0.966,1.000,0.029,0.000,0.005,0.000,648.000,640.000,0.000,0.972,0.997,0.960,1.000,0.028,0.000,0.003,0.000
856,61,56,0.000,0.974,0.995,0.971,1.000,0.026,0.000,0.004,0.001,332,61,0.000,0.976,0.995,0.964,1.000,0.024,0.000,0.005,0.000,642.000,506.000,0.000,0.971,0.995,0.966,1.000,0.029,0.000,0.005,0.000,648.000,640.000,0.000,0.972,0.997,0.960,1.000,0.028,0.000,0.003,0.000
857,61,56,0.000,0.974,0.995,0.971,1.000,0.026,0.000,0.004,0.001,332,61,0.000,0.976,0.995,0.964,1.000,0.024,0.000,0.005,0.000,642.000,506.000,0.000,0.971,0.995,0.966,1.000,0.029,0.000,0.005,0.000,648.000,640.000,0.000,0.972,0.997,0.960,1.000,0.028,0.000,0.003,0.000
858,61,56,0.000,0.974,0.995,0.971,1.000,0.026,0.000,0.004,0.001,332,61,0.000,0.976,0.995,0.964,1.000,0.024,0.000,0.005,0.000,642.000,506.000,0.000,0.971,0.995,0.966,1.000,0.029,0.000,0.005,0.000,648.000,640.000,0.000,0.972,0.997,0.960,1.000,0.028,0.000,0.003,0.000
859,61,56,0.000,0.974,0.995,0.971,1.000,0.026,0.000,0.004,0.001,332,61,0.000,0.976,0.995,0.964,1.000,0.024,0.000,0.005,0.000,642.000,506.000,0.000,0.971,0.995,0.966,1.000,0.029,0.000,0.005,0.000,648.000,640.000,0.000,0.972,0.997,0.960,1.000,0.028,0.000,0.003,0.000
860,61,56,0.000,0.974,0.995,0.971,1.000,0.026,0.000,0.004,0.001,332,61,0.000,0.976,0.995,0.964,1.000,0.024,0.000,0.005,0.000,642.000,506.000,0.000,0.971,0.995,0.966,1.000,0.029,0.000,0.005,0.000,648.000,640.000,0.000,0.972,0.997,0.960,1.000,0.028,0.000,0.003,0.000
861,61,56,0.000,0.974,0.995,0.971,1.000,0.026,0.000,0.004,0.001,332,61,0.000,0.976,0.995,0.964,1.000,0.024,0.000,0.005,0.000,642.000,506.000,0.000,0.971,0.995,0.966,1.000,0.029,0.000,0.005,0.000,648.000,640.000,0.000,0.972,0.997,0.960,1.000,0.028,0.000,0.003,0.000
862,61,56,0.000,0.974,0.995,0.971,1.000,0.026,0.000,0.004,0.001,332,61,0.000,0.976,0.995,0.964,1.000,0.024,0.000,0.005,0.000,642.000,506.000,0.000,0.971,0.995,0.966,1.000,0.029,0.000,0.005,0.000,648.000,640.000,0.000,0.972,0.997,0.960,1.000,0.028,0.000,0.003,0.000
863,61,56,0.000,0.974,0.995,0.971,1.000,0.026,0.000,0.004,0.001,332,61,0.000,0.976,0.995,0.964,1.000,0.024,0.000,0.005,0.000,642.000,506.000,0.000,0.971,0.995,0.966,1.000,0.029,0.000,0.005,0.000,648.000,640.000,0.000,0.972,0.997,0.960,1.000,0.028,0.000,0.003,0.000
864,61,56,0.000,0.974,0.995,0.971,1.000,0.026,0.000,0.004,0.001,332,61,0.000,0.976,0.995,0.964,1.000,0.024,0.000,0.005,0.000,642.000,506.000,0.000,0.971,0.995,0.966,1.000,0.029,0.000,0.005,0.000,648.000,640.000,0.000,0.972,0.997,0.960,1.000,0.028,0.000,0.003,0.000
865,61,56,0.000,0.974,0.995,0.971,1.000,0.026,0.000,0.004,0.001,332,61,0.000,0.976,0.995,0.964,1.000,0.024,0.000,0.005,0.000,642.000,506.000,0.000,0.971,0.995,0.966,1.000,0.029,0.000,0.005,0.000,648.000,640.000,0.000,0.972,0.997,0.960,1.000,0.028,0.000,0.003,0.000
866,61,56,0.000,0.974,0.995,0.971,1.000,0.026,0.000,0.004,0.001,332,61,0.000,0.976,0.995,0.964,1.000,0.024,0.000,0.005,0.000,642.000,506.000,0.000,0.971,0.995,0.966,1.000,0.029,0.000,0.005,0.000,648.000,640.000,0.000,0.972,0.997,0.960,1.000,0.028,0.000,0.003,0.000
867,61,56,0.000,0.974,0.995,0.971,1.000,0.026,0.000,0.004,0.001,332,61,0.000,0.976,0.995,0.964,1.000,0.024,0.000,0.005,0.000,642.000,506.000,0.000,0.971,0.995,0.966,1.000,0.029,0.000,0.005,0.000,648.000,640.000,0.000,0.972,0.997,0.960,1.000,0.028,0.000,0.003,0.000
868,61,56,0.000,0.974,0.995,0.971,1.000,0.026,0.000,0.004,0.001,332,61,0.000,0.976,0.995,0.964,1.000,0.024,0.000,0.005,0.000,642.000,506.000,0.000,0.971,0.995,0.966,1.000,0.029,0.000,0.005,0.000,648.000,640.000,0.000,0.972,0.997,0.960,1.000,0.028,0.000,0.003,0.000
869,61,56,0.000,0.974,0.995,0.971,1.000,0.026,0.000,0.004,0.001,332,61,0.000,0.976,0.995,0.964,1.000,0.024,0.000,0.005,0.000,642.000,506.000,0.000,0.971,0.995,0.966,1.000,0.029,0.000,0.005,0.000,648.000,640.000,0.000,0.972,0.997,0.960,1.000,0.028,0.000,0.003,0.000
870,61,56,0.000,0.974,0.995,0.971,1.000,0.026,0.000,0.004,0.001,332,61,0.000,0.976,0.995,0.964,1.000,0.024,0.000,0.005,0.000,642.000,506.000,0.000,0.971,0.995,0.966,1.000,0.029,0.000,0.005,0.000,648.000,640.000,0.000,0.972,0.997,0.960,1.000,0.028,0.000,0.003,0.000
871,61,56,0.000,0.974,0.995,0.971,1.000,0.026,0.000,0.004,0.001,332,61,0.000,0.976,0.995,0.964,1.000,0.024,0.000,0.005,0.000,642.000,506.000,0.000,0.971,0.995,0.966,1.000,0.029,0.000,0.005,0.000,648.000,640.000,0.000,0.972,0.997,0.960,1.000,0.028,0.000,0.003,0.000
872,61,56,0.000,0.974,0.995,0.971,1.000,0.026,0.000,0.004,0.001,332,61,0.000,0.976,0.995,0.964,1.000,0.024,0.000,0.005,0.000,642.000,506.000,0.000,0.971,0.995,0.966,1.000,0.029,0.000,0.005,0.000,648.000,640.000,0.000,0.972,0.997,0.960,1.000,0.028,0.000,0.003,0.000
873,61,56,0.000,0.974,0.995,0.971,1.000,0.026,0.000,0.004,0.001,332,61,0.000,0.976,0.995,0.964,1.000,0.024,0.000,0.005,0.000,642.000,506.000,0.000,0.971,0.995,0.966,1.000,0.029,0.000,0.005,0.000,648.000,640.000,0.000,0.972,0.997,0.960,1.000,0.028,0.000,0.003,0.000
874,61,56,0.000,0.974,0.995,0.971,1.000,0.026,0.000,0.004,0.001,332,61,0.000,0.976,0.995,0.964,1.000,0.024,0.000,0.005,0.000,642.000,506.000,0.000,0.971,0.995,0.966,1.000,0.029,0.000,0.005,0.000,648.000,640.000,0.000,0.972,0.997,0.960,1.000,0.028,0.000,0.003,0.000
875,61,56,0.000,0.974,0.995,0.971,1.000,0.026,0.000,0.004,0.001,332,61,0.000,0.976,0.995,0.964,1.000,0.024,0.000,0.005,0.000,642.000,506.000,0.000,0.971,0.995,0.966,1.000,0.029,0.000,0.005,0.000,648.000,640.000,0.000,0.972,0.997,0.960,1.000,0.028,0.000,0.003,0.000
876,61,56,0.000,0.974,0.995,0.971,1.000,0.026,0.000,0.004,0.001,332,61,0.000,0.976,0.995,0.964,1.000,0.024,0.000,0.005,0.000,642.000,506.000,0.000,0.971,0.995,0.966,1.000,0.029,0.000,0.005,0.000,648.000,640.000,0.000,0.972,0.997,0.960,1.000,0.028,0.000,0.003,0.000
877,61,56,0.000,0.974,0.995,0.971,1.000,0.026,0.000,0.004,0.001,332,61,0.000,0.976,0.995,0.964,1.000,0.024,0.000,0.005,0.000,642.000,506.000,0.000,0.971,0.995,0.966,1.000,0.029,0.000,0.005,0.000,648.000,640.000,0.000,0.972,0.997,0.960,1.000,0.028,0.000,0.003,0.000
878,61,56,0.000,0.974,0.995,0.971,1.000,0.026,0.000,0.004,0.001,332,61,0.000,0.976,0.995,0.964,1.000,0.024,0.000,0.005,0.000,642.000,506.000,0.000,0.971,0.995,0.966,1.000,0.029,0.000,0.005,0.000,648.000,640.000,0.000,0.972,0.997,0.960,1.000,0.028,0.000,0.003,0.000
879,61,56,0.000,0.974,0.995,0.971,1.000,0.026,0.000,0.004,0.001,332,61,0.000,0.976,0.995,0.964,1.000,0.024,0.000,0.005,0.000,642.000,506.000,0.000,0.971,0.995,0.966,1.000,0.029,0.000,0.005,0.000,648.000,640.000,0.000,0.972,0.997,0.960,1.000,0.028,0.000,0.003,0.000
880,61,56,0.000,0.974,0.995,0.971,1.000,0.026,0.000,0.004,0.001,332,61,0.000,0.976,0.995,0.964,1.000,0.024,0.000,0.005,0.000,642.000,506.000,0.000,0.971,0.995,0.966,1.000,0.029,0.000,0.005,0.000,648.000,640.000,0.000,0.972,0.997,0.960,1.000,0.028,0.000,0.003,0.000
881,61,56,0.000,0.974,0.995,0.971,1.000,0.026,0.000,0.004,0.001,332,61,0.000,0.976,0.995,0.964,1.000,0.024,0.000,0.005,0.000,642.000,506.000,0.000,0.971,0.995,0.966,1.000,0.029,0.000,0.005,0.000,648.000,640.000,0.000,0.972,0.997,0.960,1.000,0.028,0.000,0.003,0.000
882,61,56,0.000,0.974,0.995,0.971,1.000,0.026,0.000,0.004,0.001,332,61,0.000,0.976,0.995,0.964,1.000,0.024,0.000,0.005,0.000,642.000,506.000,0.000,0.971,0.995,0.966,1.000,0.029,0.000,0.005,0.000,648.000,640.000,0.000,0.972,0.997,0.960,1.000,0.028,0.000,0.003,0.000
883,61,56,0.000,0.974,0.995,0.971,1.000,0.026,0.000,0.004,0.001,332,61,0.000,0.976,0.995,0.964,1.000,0.024,0.000,0.005,0.000,642.000,506.000,0.000,0.971,0.995,0.966,1.000,0.029,0.000,0.005,0.000,648.000,640.000,0.000,0.972,0.997,0.960,1.000,0.028,0.000,0.003,0.000
884,61,56,0.000,0.974,0.995,0.971,1.000,0.026,0.000,0.004,0.001,332,61,0.000,0.976,0.995,0.964,1.000,0.024,0.000,0.005,0.000,642.000,506.000,0.000,0.971,0.995,0.966,1.000,0.029,0.000,0.005,0.000,648.000,640.000,0.000,0.972,0.997,0.960,1.000,0.028,0.000,0.003,0.000
885,61,56,0.000,0.974,0.995,0.971,1.000,0.026,0.000,0.004,0.001,332,61,0.000,0.976,0.995,0.964,1.000,0.024,0.000,0.005,0.000,642.000,506.000,0.000,0.971,0.995,0.966,1.000,0.029,0.000,0.005,0.000,648.000,640.000,0.000,0.972,0.997,0.960,1.000,0.028,0.000,0.003,0.000
886,61,56,0.000,0.974,0.995,0.971,1.000,0.026,0.000,0.004,0.001,332,61,0.000,0.976,0.995,0.964,1.000,0.024,0.000,0.005,0.000,642.000,506.000,0.000,0.971,0.995,0.966,1.000,0.029,0.000,0.005,0.000,648.000,640.000,0.000,0.972,0.997,0.960,1.000,0.028,0.000,0.003,0.000
887,61,56,0.000,0.974,0.995,0.971,1.000,0.026,0.000,0.004,0.001,332,61,0.000,0.976,0.995,0.964,1.000,0.024,0.000,0.005,0.000,642.000,506.000,0.000,0.971,0.995,0.966,1.000,0.029,0.000,0.005,0.000,648.000,640.000,0.000,0.972,0.997,0.960,1.000,0.028,0.000,0.003,0.000
888,61,56,0.000,0.974,0.995,0.971,1.000,0.026,0.000,0.004,0.001,332,61,0.000,0.976,0.995,0.964,1.000,0.024,0.000,0.005,0.000,642.000,506.000,0.000,0.971,0.995,0.966,1.000,0.029,0.000,0.005,0.000,648.000,640.000,0.000,0.972,0.997,0.960,1.000,0.028,0.000,0.003,0.000
889,61,56,0.000,0.974,0.995,0.971,1.000,0.026,0.000,0.004,0.001,332,61,0.000,0.976,0.995,0.964,1.000,0.024,0.000,0.005,0.000,642.000,506.000,0.000,0.971,0.995,0.966,1.000,0.029,0.000,0.005,0.000,648.000,640.000,0.000,0.972,0.997,0.960,1.000,0.028,0.000,0.003,0.000
890,61,56,0.000,0.974,0.995,0.971,1.000,0.026,0.000,0.004,0.001,332,61,0.000,0.976,0.995,0.964,1.000,0.024,0.000,0.005,0.000,642.000,506.000,0.000,0.971,0.995,0.966,1.000,0.029,0.000,0.005,0.000,648.000,640.000,0.000,0.972,0.997,0.960,1.000,0.028,0.000,0.003,0.000
891,61,56,0.000,0.974,0.995,0.971,1.000,0.026,0.000,0.004,0.001,332,61,0.000,0.976,0.995,0.964,1.000,0.024,0.000,0.005,0.000,642.000,506.000,0.000,0.971,0.995,0.966,1.000,0.029,0.000,0.005,0.000,648.000,640.000,0.000,0.972,0.997,0.960,1.000,0.028,0.000,0.003,0.000
892,61,56,0.000,0.974,0.995,0.971,1.000,0.026,0.000,0.004,0.001,332,61,0.000,0.976,0.995,0.964,1.000,0.024,0.000,0.005,0.000,642.000,506.000,0.000,0.971,0.995,0.966,1.000,0.029,0.000,0.005,0.000,648.000,640.000,0.000,0.972,0.997,0.960,1.000,0.028,0.000,0.003,0.000
893,61,56,0.000,0.974,0.995,0.971,1.000,0.026,0.000,0.004,0.001,332,61,0.000,0.976,0.995,0.964,1.000,0.024,0.000,0.005,0.000,642.000,506.000,0.000,0.971,0.995,0.966,1.000,0.029,0.000,0.005,0.000,648.000,640.000,0.000,0.972,0.997,0.960,1.000,0.028,0.000,0.003,0.000
894,61,56,0.000,0.974,0.995,0.971,1.000,0.026,0.000,0.004,0.001,332,61,0.000,0.976,0.995,0.964,1.000,0.024,0.000,0.005,0.000,642.000,506.000,0.000,0.971,0.995,0.966,1.000,0.029,0.000,0.005,0.000,648.000,640.000,0.000,0.972,0.997,0.960,1.000,0.028,0.000,0.003,0.000
895,61,56,0.000,0.974,0.995,0.971,1.000,0.026,0.000,0.004,0.001,332,61,0.000,0.976,0.995,0.964,1.000,0.024,0.000,0.005,0.000,642.000,506.000,0.000,0.971,0.995,0.966,1.000,0.029,0.000,0.005,0.000,648.000,640.000,0.000,0.972,0.997,0.960,1.000,0.028,0.000,0.003,0.000
896,61,56,0.000,0.974,0.995,0.971,1.000,0.026,0.000,0.004,0.001,332,61,0.000,0.976,0.995,0.964,1.000,0.024,0.000,0.005,0.000,642.000,506.000,0.000,0.971,0.995,0.966,1.000,0.029,0.000,0.005,0.000,648.000,640.000,0.000,0.972,0.997,0.960,1.000,0.028,0.000,0.003,0.000
897,61,56,0.000,0.974,0.995,0.971,1.000,0.026,0.000,0.004,0.001,332,61,0.000,0.976,0.995,0.964,1.000,0.024,0.000,0.005,0.000,642.000,506.000,0.000,0.971,0.995,0.966,1.000,0.029,0.000,0.005,0.000,648.000,640.000,0.000,0.972,0.997,0.960,1.000,0.028,0.000,0.003,0.000
898,61,56,0.000,0.974,0.995,0.971,1.000,0.026,0.000,0.004,0.001,332,61,0.000,0.976,0.995,0.964,1.000,0.024,0.000,0.005,0.000,642.000,506.000,0.000,0.971,0.995,0.966,1.000,0.029,0.000,0.005,0.000,648.000,640.000,0.000,0.972,0.997,0.960,1.000,0.028,0.000,0.003,0.000
899,61,56,0.000,0.974,0.995,0.971,1.000,0.026,0.000,0.004,0.001,332,61,0.000,0.976,0.995,0.964,1.000,0.024,0.000,0.005,0.000,642.000,506.000,0.000,0.971,0.995,0.966,1.000,0.029,0.000,0.005,0.000,648.000,640.000,0.000,0.972,0.997,0.960,1.000,0.028,0.000,0.003,0.000
900,61,56,0.000,0.974,0.995,0.971,1.000,0.026,0.000,0.004,0.001,332,61,0.000,0.976,0.995,0.964,1.000,0.024,0.000,0.005,0.000,642.000,506.000,0.000,0.971,0.995,0.966,1.000,0.029,0.000,0.005,0.000,648.000,640.000,0.000,0.972,0.997,0.960,1.000,0.028,0.000,0.003,0.000
901,61,56,0.000,0.974,0.995,0.971,1.000,0.026,0.000,0.004,0.001,332,61,0.000,0.976,0.995,0.964,1.000,0.024,0.000,0.005,0.000,642.000,506.000,0.000,0.971,0.995,0.966,1.000,0.029,0.000,0.005,0.000,648.000,640.000,0.000,0.972,0.997,0.960,1.000,0.028,0.000,0.003,0.000
902,61,56,0.000,0.974,0.995,0.971,1.000,0.026,0.000,0.004,0.001,332,61,0.000,0.976,0.995,0.964,1.000,0.024,0.000,0.005,0.000,642.000,506.000,0.000,0.971,0.995,0.966,1.000,0.029,0.000,0.005,0.000,648.000,640.000,0.000,0.972,0.997,0.960,1.000,0.028,0.000,0.003,0.000
903,61,56,0.000,0.974,0.995,0.971,1.000,0.026,0.000,0.004,0.001,332,61,0.000,0.976,0.995,0.964,1.000,0.024,0.000,0.005,0.000,642.000,506.000,0.000,0.971,0.995,0.966,1.000,0.029,0.000,0.005,0.000,648.000,640.000,0.000,0.972,0.997,0.960,1.000,0.028,0.000,0.003,0.000
904,61,56,0.000,0.974,0.995,0.971,1.000,0.026,0.000,0.004,0.001,332,61,0.000,0.976,0.995,0.964,1.000,0.024,0.000,0.005,0.000,642.000,506.000,0.000,0.971,0.995,0.966,1.000,0.029,0.000,0.005,0.000,648.000,640.000,0.000,0.972,0.997,0.960,1.000,0.028,0.000,0.003,0.000
905,61,56,0.000,0.974,0.995,0.971,1.000,0.026,0.000,0.004,0.001,332,61,0.000,0.976,0.995,0.964,1.000,0.024,0.000,0.005,0.000,642.000,506.000,0.000,0.971,0.995,0.966,1.000,0.029,0.000,0.005,0.000,648.000,640.000,0.000,0.972,0.997,0.960,1.000,0.028,0.000,0.003,0.000
906,61,56,0.000,0.974,0.995,0.971,1.000,0.026,0.000,0.004,0.001,332,61,0.000,0.976,0.995,0.964,1.000,0.024,0.000,0.005,0.000,642.000,506.000,0.000,0.971,0.995,0.966,1.000,0.029,0.000,0.005,0.000,648.000,640.000,0.000,0.972,0.997,0.960,1.000,0.028,0.000,0.003,0.000
907,61,56,0.000,0.974,0.995,0.971,1.000,0.026,0.000,0.004,0.001,332,61,0.000,0.976,0.995,0.964,1.000,0.024,0.000,0.005,0.000,642.000,506.000,0.000,0.971,0.995,0.966,1.000,0.029,0.000,0.005,0.000,648.000,640.000,0.000,0.972,0.997,0.960,1.000,0.028,0.000,0.003,0.000
908,61,56,0.000,0.974,0.995,0.971,1.000,0.026,0.000,0.004,0.001,332,61,0.000,0.976,0.995,0.964,1.000,0.024,0.000,0.005,0.000,642.000,506.000,0.000,0.971,0.995,0.966,1.000,0.029,0.000,0.005,0.000,648.000,640.000,0.000,0.972,0.997,0.960,1.000,0.028,0.000,0.003,0.000
909,61,56,0.000,0.974,0.995,0.971,1.000,0.026,0.000,0.004,0.001,332,61,0.000,0.976,0.995,0.964,1.000,0.024,0.000,0.005,0.000,642.000,506.000,0.000,0.971,0.995,0.966,1.000,0.029,0.000,0.005,0.000,648.000,640.000,0.000,0.972,0.997,0.960,1.000,0.028,0.000,0.003,0.000
910,61,56,0.000,0.974,0.995,0.971,1.000,0.026,0.000,0.004,0.001,332,61,0.000,0.976,0.995,0.964,1.000,0.024,0.000,0.005,0.000,642.000,506.000,0.000,0.971,0.995,0.966,1.000,0.029,0.000,0.005,0.000,648.000,640.000,0.000,0.972,0.997,0.960,1.000,0.028,0.000,0.003,0.000
911,61,56,0.000,0.974,0.995,0.971,1.000,0.026,0.000,0.004,0.001,332,61,0.000,0.976,0.995,0.964,1.000,0.024,0.000,0.005,0.000,642.000,506.000,0.000,0.971,0.995,0.966,1.000,0.029,0.000,0.005,0.000,648.000,640.000,0.000,0.972,0.997,0.960,1.000,0.028,0.000,0.003,0.000
912,61,56,0.000,0.974,0.995,0.971,1.000,0.026,0.000,0.004,0.001,332,61,0.000,0.976,0.995,0.964,1.000,0.024,0.000,0.005,0.000,642.000,506.000,0.000,0.971,0.995,0.966,1.000,0.029,0.000,0.005,0.000,653.000,506.000,0.000,0.976,0.989,0.968,1.000,0.024,0.000,0.009,0.002
913,61,56,0.000,0.974,0.995,0.971,1.000,0.026,0.000,0.004,0.001,332,61,0.000,0.976,0.995,0.964,1.000,0.024,0.000,0.005,0.000,642.000,506.000,0.000,0.971,0.995,0.966,1.000,0.029,0.000,0.005,0.000,653.000,506.000,0.000,0.976,0.989,0.968,1.000,0.024,0.000,0.009,0.002
914,61,56,0.000,0.974,0.995,0.971,1.000,0.026,0.000,0.004,0.001,332,61,0.000,0.976,0.995,0.964,1.000,0.024,0.000,0.005,0.000,642.000,506.000,0.000,0.971,0.995,0.966,1.000,0.029,0.000,0.005,0.000,653.000,506.000,0.000,0.976,0.989,0.968,1.000,0.024,0.000,0.009,0.002
915,61,56,0.000,0.974,0.995,0.971,1.000,0.026,0.000,0.004,0.001,332,61,0.000,0.976,0.995,0.964,1.000,0.024,0.000,0.005,0.000,642.000,506.000,0.000,0.971,0.995,0.966,1.000,0.029,0.000,0.005,0.000,653.000,506.000,0.000,0.976,0.989,0.968,1.000,0.024,0.000,0.009,0.002
916,61,56,0.000,0.974,0.995,0.971,1.000,0.026,0.000,0.004,0.001,332,61,0.000,0.976,0.995,0.964,1.000,0.024,0.000,0.005,0.000,642.000,506.000,0.000,0.971,0.995,0.966,1.000,0.029,0.000,0.005,0.000,653.000,506.000,0.000,0.976,0.989,0.968,1.000,0.024,0.000,0.009,0.002
917,61,56,0.000,0.974,0.995,0.971,1.000,0.026,0.000,0.004,0.001,332,61,0.000,0.976,0.995,0.964,1.000,0.024,0.000,0.005,0.000,642.000,506.000,0.000,0.971,0.995,0.966,1.000,0.029,0.000,0.005,0.000,653.000,506.000,0.000,0.976,0.989,0.968,1.000,0.024,0.000,0.009,0.002
918,61,56,0.000,0.974,0.995,0.971,1.000,0.026,0.000,0.004,0.001,332,61,0.000,0.976,0.995,0.964,1.000,0.024,0.000,0.005,0.000,642.000,506.000,0.000,0.971,0.995,0.966,1.000,0.029,0.000,0.005,0.000,653.000,506.000,0.000,0.976,0.989,0.968,1.000,0.024,0.000,0.009,0.002
919,61,56,0.000,0.974,0.995,0.971,1.000,0.026,0.000,0.004,0.001,332,61,0.000,0.976,0.995,0.964,1.000,0.024,0.000,0.005,0.000,642.000,506.000,0.000,0.971,0.995,0.966,1.000,0.029,0.000,0.005,0.000,653.000,506.000,0.000,0.976,0.989,0.968,1.000,0.024,0.000,0.009,0.002
920,61,56,0.000,0.974,0.995,0.971,1.000,0.026,0.000,0.004,0.001,332,61,0.000,0.976,0.995,0.964,1.000,0.024,0.000,0.005,0.000,642.000,506.000,0.000,0.971,0.995,0.966,1.000,0.029,0.000,0.005,0.000,653.000,506.000,0.000,0.976,0.989,0.968,1.000,0.024,0.000,0.009,0.002
921,61,56,0.000,0.974,0.995,0.971,1.000,0.026,0.000,0.004,0.001,332,61,0.000,0.976,0.995,0.964,1.000,0.024,0.000,0.005,0.000,642.000,506.000,0.000,0.971,0.995,0.966,1.000,0.029,0.000,0.005,0.000,653.000,506.000,0.000,0.976,0.989,0.968,1.000,0.024,0.000,0.009,0.002
922,61,56,0.000,0.974,0.995,0.971,1.000,0.026,0.000,0.004,0.001,332,61,0.000,0.976,0.995,0.964,1.000,0.024,0.000,0.005,0.000,642.000,506.000,0.000,0.971,0.995,0.966,1.000,0.029,0.000,0.005,0.000,653.000,506.000,0.000,0.976,0.989,0.968,1.000,0.024,0.000,0.009,0.002
923,61,56,0.000,0.974,0.995,0.971,1.000,0.026,0.000,0.004,0.001,332,61,0.000,0.976,0.995,0.964,1.000,0.024,0.000,0.005,0.000,642.000,506.000,0.000,0.971,0.995,0.966,1.000,0.029,0.000,0.005,0.000,653.000,506.000,0.000,0.976,0.989,0.968,1.000,0.024,0.000,0.009,0.002
924,61,56,0.000,0.974,0.995,0.971,1.000,0.026,0.000,0.004,0.001,332,61,0.000,0.976,0.995,0.964,1.000,0.024,0.000,0.005,0.000,642.000,506.000,0.000,0.971,0.995,0.966,1.000,0.029,0.000,0.005,0.000,653.000,506.000,0.000,0.976,0.989,0.968,1.000,0.024,0.000,0.009,0.002
925,61,56,0.000,0.974,0.995,0.971,1.000,0.026,0.000,0.004,0.001,642,506,0.000,0.971,0.995,0.966,1.000,0.029,0.000,0.005,0.000,653.000,506.000,0.000,0.976,0.989,0.968,1.000,0.024,0.000,0.009,0.002,855.000,848.000,0.000,0.977,0.987,0.954,0.999,0.023,0.001,0.013,0.000
926,61,56,0.000,0.974,0.995,0.971,1.000,0.026,0.000,0.004,0.001,642,506,0.000,0.971,0.995,0.966,1.000,0.029,0.000,0.005,0.000,653.000,506.000,0.000,0.976,0.989,0.968,1.000,0.024,0.000,0.009,0.002,855.000,848.000,0.000,0.977,0.987,0.954,0.999,0.023,0.001,0.013,0.000
927,61,56,0.000,0.974,0.995,0.971,1.000,0.026,0.000,0.004,0.001,642,506,0.000,0.971,0.995,0.966,1.000,0.029,0.000,0.005,0.000,,,,,,,,,,,,,,,,,,,,,,
928,61,56,0.000,0.974,0.995,0.971,1.000,0.026,0.000,0.004,0.001,642,506,0.000,0.971,0.995,0.966,1.000,0.029,0.000,0.005,0.000,929.000,642.000,0.000,0.972,0.995,0.980,1.000,0.021,0.007,0.005,0.000,,,,,,,,,,,
929,61,56,0.000,0.974,0.995,0.971,1.000,0.026,0.000,0.004,0.001,642,506,0.000,0.971,0.995,0.966,1.000,0.029,0.000,0.005,0.000,929.000,642.000,0.000,0.972,0.995,0.980,1.000,0.021,0.007,0.005,0.000,930.000,929.000,0.000,0.972,0.989,0.983,1.000,0.018,0.010,0.011,0.000
930,61,56,0.000,0.974,0.995,0.971,1.000,0.026,0.000,0.004,0.001,642,506,0.000,0.971,0.995,0.966,1.000,0.029,0.000,0.005,0.000,929.000,642.000,0.000,0.972,0.995,0.980,1.000,0.021,0.007,0.005,0.000,930.000,929.000,0.000,0.972,0.989,0.983,1.000,0.018,0.010,0.011,0.000
931,61,56,0.000,0.974,0.995,0.971,1.000,0.026,0.000,0.004,0.001,642,506,0.000,0.971,0.995,0.966,1.000,0.029,0.000,0.005,0.000,929.000,642.000,0.000,0.972,0.995,0.980,1.000,0.021,0.007,0.005,0.000,930.000,929.000,0.000,0.972,0.989,0.983,1.000,0.018,0.010,0.011,0.000
932,61,56,0.000,0.974,0.995,0.971,1.000,0.026,0.000,0.004,0.001,642,506,0.000,0.971,0.995,0.966,1.000,0.029,0.000,0.005,0.000,929.000,642.000,0.000,0.972,0.995,0.980,1.000,0.021,0.007,0.005,0.000,930.000,929.000,0.000,0.972,0.989,0.983,1.000,0.018,0.010,0.011,0.000
933,61,56,0.000,0.974,0.995,0.971,1.000,0.026,0.000,0.004,0.001,642,506,0.000,0.971,0.995,0.966,1.000,0.029,0.000,0.005,0.000,929.000,642.000,0.000,0.972,0.995,0.980,1.000,0.021,0.007,0.005,0.000,930.000,929.000,0.000,0.972,0.989,0.983,1.000,0.018,0.010,0.011,0.000
934,61,56,0.000,0.974,0.995,0.971,1.000,0.026,0.000,0.004,0.001,642,506,0.000,0.971,0.995,0.966,1.000,0.029,0.000,0.005,0.000,929.000,642.000,0.000,0.972,0.995,0.980,1.000,0.021,0.007,0.005,0.000,930.000,929.000,0.000,0.972,0.989,0.983,1.000,0.018,0.010,0.011,0.000
935,61,56,0.000,0.974,0.995,0.971,1.000,0.026,0.000,0.004,0.001,642,506,0.000,0.971,0.995,0.966,1.000,0.029,0.000,0.005,0.000,929.000,642.000,0.000,0.972,0.995,0.980,1.000,0.021,0.007,0.005,0.000,930.000,929.000,0.000,0.972,0.989,0.983,1.000,0.018,0.010,0.011,0.000
936,61,56,0.000,0.974,0.995,0.971,1.000,0.026,0.000,0.004,0.001,642,506,0.000,0.971,0.995,0.966,1.000,0.029,0.000,0.005,0.000,929.000,642.000,0.000,0.972,0.995,0.980,1.000,0.021,0.007,0.005,0.000,930.000,929.000,0.000,0.972,0.989,0.983,1.000,0.018,0.010,0.011,0.000
937,61,56,0.000,0.974,0.995,0.971,1.000,0.026,0.000,0.004,0.001,642,506,0.000,0.971,0.995,0.966,1.000,0.029,0.000,0.005,0.000,929.000,642.000,0.000,0.972,0.995,0.980,1.000,0.021,0.007,0.005,0.000,930.000,929.000,0.000,0.972,0.989,0.983,1.000,0.018,0.010,0.011,0.000
938,61,56,0.000,0.974,0.995,0.971,1.000,0.026,0.000,0.004,0.001,642,506,0.000,0.971,0.995,0.966,1.000,0.029,0.000,0.005,0.000,929.000,642.000,0.000,0.972,0.995,0.980,1.000,0.021,0.007,0.005,0.000,930.000,929.000,0.000,0.972,0.989,0.983,1.000,0.018,0.010,0.011,0.000
939,61,56,0.000,0.974,0.995,0.971,1.000,0.026,0.000,0.004,0.001,642,506,0.000,0.971,0.995,0.966,1.000,0.029,0.000,0.005,0.000,929.000,642.000,0.000,0.972,0.995,0.980,1.000,0.021,0.007,0.005,0.000,930.000,929.000,0.000,0.972,0.989,0.983,1.000,0.018,0.010,0.011,0.000
940,61,56,0.000,0.974,0.995,0.971,1.000,0.026,0.000,0.004,0.001,642,506,0.000,0.971,0.995,0.966,1.000,0.029,0.000,0.005,0.000,929.000,642.000,0.000,0.972,0.995,0.980,1.000,0.021,0.007,0.005,0.000,930.000,929.000,0.000,0.972,0.989,0.983,1.000,0.018,0.010,0.011,0.000
941,61,56,0.000,0.974,0.995,0.971,1.000,0.026,0.000,0.004,0.001,642,506,0.000,0.971,0.995,0.966,1.000,0.029,0.000,0.005,0.000,929.000,642.000,0.000,0.972,0.995,0.980,1.000,0.021,0.007,0.005,0.000,930.000,929.000,0.000,0.972,0.989,0.983,1.000,0.018,0.010,0.011,0.000
942,61,56,0.000,0.974,0.995,0.971,1.000,0.026,0.000,0.004,0.001,642,506,0.000,0.971,0.995,0.966,1.000,0.029,0.000,0.005,0.000,929.000,642.000,0.000,0.972,0.995,0.980,1.000,0.021,0.007,0.005,0.000,930.000,929.000,0.000,0.972,0.989,0.983,1.000,0.018,0.010,0.011,0.000
943,61,56,0.000,0.974,0.995,0.971,1.000,0.026,0.000,0.004,0.001,642,506,0.000,0.971,0.995,0.966,1.000,0.029,0.000,0.005,0.000,929.000,642.000,0.000,0.972,0.995,0.980,1.000,0.021,0.007,0.005,0.000,930.000,929.000,0.000,0.972,0.989,0.983,1.000,0.018,0.010,0.011,0.000
944,61,56,0.000,0.974,0.995,0.971,1.000,0.026,0.000,0.004,0.001,642,506,0.000,0.971,0.995,0.966,1.000,0.029,0.000,0.005,0.000,929.000,642.000,0.000,0.972,0.995,0.980,1.000,0.021,0.007,0.005,0.000,930.000,929.000,0.000,0.972,0.989,0.983,1.000,0.018,0.010,0.011,0.000
945,61,56,0.000,0.974,0.995,0.971,1.000,0.026,0.000,0.004,0.001,642,506,0.000,0.971,0.995,0.966,1.000,0.029,0.000,0.005,0.000,,,,,,,,,,,,,,,,,,,,,,
946,61,56,0.000,0.974,0.995,0.971,1.000,0.026,0.000,0.004,0.001,642,506,0.000,0.971,0.995,0.966,1.000,0.029,0.000,0.005,0.000,947.000,61.000,0.004,0.986,0.959,0.973,1.000,0.014,0.000,0.020,0.021,,,,,,,,,,,
947,61,56,0.000,0.974,0.995,0.971,1.000,0.026,0.000,0.004,0.001,642,506,0.000,0.971,0.995,0.966,1.000,0.029,0.000,0.005,0.000,947.000,61.000,0.004,0.986,0.959,0.973,1.000,0.014,0.000,0.020,0.021,948.000,642.000,0.000,0.948,0.984,0.976,1.000,0.040,0.012,0.011,0.005
948,61,56,0.000,0.974,0.995,0.971,1.000,0.026,0.000,0.004,0.001,642,506,0.000,0.971,0.995,0.966,1.000,0.029,0.000,0.005,0.000,948.000,642.000,0.000,0.948,0.984,0.976,1.000,0.040,0.012,0.011,0.005,949.000,947.000,0.001,0.982,0.953,0.972,0.999,0.018,0.000,0.019,0.029
949,61,56,0.000,0.974,0.995,0.971,1.000,0.026,0.000,0.004,0.001,642,506,0.000,0.971,0.995,0.966,1.000,0.029,0.000,0.005,0.000,948.000,642.000,0.000,0.948,0.984,0.976,1.000,0.040,0.012,0.011,0.005,950.000,949.000,0.000,0.983,0.957,0.988,0.986,0.017,0.000,0.026,0.017
950,61,56,0.000,0.974,0.995,0.971,1.000,0.026,0.000,0.004,0.001,642,506,0.000,0.971,0.995,0.966,1.000,0.029,0.000,0.005,0.000,948.000,642.000,0.000,0.948,0.984,0.976,1.000,0.040,0.012,0.011,0.005,950.000,949.000,0.000,0.983,0.957,0.988,0.986,0.017,0.000,0.026,0.017
951,61,56,0.000,0.974,0.995,0.971,1.000,0.026,0.000,0.004,0.001,642,506,0.000,0.971,0.995,0.966,1.000,0.029,0.000,0.005,0.000,948.000,642.000,0.000,0.948,0.984,0.976,1.000,0.040,0.012,0.011,0.005,950.000,949.000,0.000,0.983,0.957,0.988,0.986,0.017,0.000,0.026,0.017
952,61,56,0.000,0.974,0.995,0.971,1.000,0.026,0.000,0.004,0.001,642,506,0.000,0.971,0.995,0.966,1.000,0.029,0.000,0.005,0.000,948.000,642.000,0.000,0.948,0.984,0.976,1.000,0.040,0.012,0.011,0.005,951.000,642.000,0.000,0.960,0.997,0.971,1.000,0.028,0.011,0.000,0.003
953,61,56,0.000,0.974,0.995,0.971,1.000,0.026,0.000,0.004,0.001,642,506,0.000,0.971,0.995,0.966,1.000,0.029,0.000,0.005,0.000,948.000,642.000,0.000,0.948,0.984,0.976,1.000,0.040,0.012,0.011,0.005,951.000,642.000,0.000,0.960,0.997,0.971,1.000,0.028,0.011,0.000,0.003
954,61,56,0.000,0.974,0.995,0.971,1.000,0.026,0.000,0.004,0.001,642,506,0.000,0.971,0.995,0.966,1.000,0.029,0.000,0.005,0.000,948.000,642.000,0.000,0.948,0.984,0.976,1.000,0.040,0.012,0.011,0.005,951.000,642.000,0.000,0.960,0.997,0.971,1.000,0.028,0.011,0.000,0.003
955,61,56,0.000,0.974,0.995,0.971,1.000,0.026,0.000,0.004,0.001,642,506,0.000,0.971,0.995,0.966,1.000,0.029,0.000,0.005,0.000,948.000,642.000,0.000,0.948,0.984,0.976,1.000,0.040,0.012,0.011,0.005,951.000,642.000,0.000,0.960,0.997,0.971,1.000,0.028,0.011,0.000,0.003
956,61,56,0.000,0.974,0.995,0.971,1.000,0.026,0.000,0.004,0.001,642,506,0.000,0.971,0.995,0.966,1.000,0.029,0.000,0.005,0.000,948.000,642.000,0.000,0.948,0.984,0.976,1.000,0.040,0.012,0.011,0.005,951.000,642.000,0.000,0.960,0.997,0.971,1.000,0.028,0.011,0.000,0.003
957,61,56,0.000,0.974,0.995,0.971,1.000,0.026,0.000,0.004,0.001,642,506,0.000,0.971,0.995,0.966,1.000,0.029,0.000,0.005,0.000,948.000,642.000,0.000,0.948,0.984,0.976,1.000,0.040,0.012,0.011,0.005,951.000,642.000,0.000,0.960,0.997,0.971,1.000,0.028,0.011,0.000,0.003
958,61,56,0.000,0.974,0.995,0.971,1.000,0.026,0.000,0.004,0.001,642,506,0.000,0.971,0.995,0.966,1.000,0.029,0.000,0.005,0.000,951.000,642.000,0.000,0.960,0.997,0.971,1.000,0.028,0.011,0.000,0.003,953.000,948.000,0.000,0.974,0.979,0.989,1.000,0.026,0.000,0.021,0.000
959,61,56,0.000,0.974,0.995,0.971,1.000,0.026,0.000,0.004,0.001,642,506,0.000,0.971,0.995,0.966,1.000,0.029,0.000,0.005,0.000,951.000,642.000,0.000,0.960,0.997,0.971,1.000,0.028,0.011,0.000,0.003,953.000,948.000,0.000,0.974,0.979,0.989,1.000,0.026,0.000,0.021,0.000
960,61,56,0.000,0.974,0.995,0.971,1.000,0.026,0.000,0.004,0.001,642,506,0.000,0.971,0.995,0.966,1.000,0.029,0.000,0.005,0.000,953.000,948.000,0.000,0.974,0.979,0.989,1.000,0.026,0.000,0.021,0.000,955.000,61.000,0.001,0.977,0.999,0.966,1.000,0.023,0.000,0.001,0.000
961,61,56,0.000,0.974,0.995,0.971,1.000,0.026,0.000,0.004,0.001,642,506,0.000,0.971,0.995,0.966,1.000,0.029,0.000,0.005,0.000,953.000,948.000,0.000,0.974,0.979,0.989,1.000,0.026,0.000,0.021,0.000,955.000,61.000,0.001,0.977,0.999,0.966,1.000,0.023,0.000,0.001,0.000
962,61,56,0.000,0.974,0.995,0.971,1.000,0.026,0.000,0.004,0.001,642,506,0.000,0.971,0.995,0.966,1.000,0.029,0.000,0.005,0.000,953.000,948.000,0.000,0.974,0.979,0.989,1.000,0.026,0.000,0.021,0.000,955.000,61.000,0.001,0.977,0.999,0.966,1.000,0.023,0.000,0.001,0.000
963,61,56,0.000,0.974,0.995,0.971,1.000,0.026,0.000,0.004,0.001,642,506,0.000,0.971,0.995,0.966,1.000,0.029,0.000,0.005,0.000,953.000,948.000,0.000,0.974,0.979,0.989,1.000,0.026,0.000,0.021,0.000,955.000,61.000,0.001,0.977,0.999,0.966,1.000,0.023,0.000,0.001,0.000
964,61,56,0.000,0.974,0.995,0.971,1.000,0.026,0.000,0.004,0.001,642,506,0.000,0.971,0.995,0.966,1.000,0.029,0.000,0.005,0.000,953.000,948.000,0.000,0.974,0.979,0.989,1.000,0.026,0.000,0.021,0.000,955.000,61.000,0.001,0.977,0.999,0.966,1.000,0.023,0.000,0.001,0.000
965,61,56,0.000,0.974,0.995,0.971,1.000,0.026,0.000,0.004,0.001,642,506,0.000,0.971,0.995,0.966,1.000,0.029,0.000,0.005,0.000,953.000,948.000,0.000,0.974,0.979,0.989,1.000,0.026,0.000,0.021,0.000,955.000,61.000,0.001,0.977,0.999,0.966,1.000,0.023,0.000,0.001,0.000
966,61,56,0.000,0.974,0.995,0.971,1.000,0.026,0.000,0.004,0.001,642,506,0.000,0.971,0.995,0.966,1.000,0.029,0.000,0.005,0.000,955.000,61.000,0.001,0.977,0.999,0.966,1.000,0.023,0.000,0.001,0.000,956.000,642.000,0.000,0.981,0.989,0.973,0.999,0.004,0.015,0.011,0.000
967,61,56,0.000,0.974,0.995,0.971,1.000,0.026,0.000,0.004,0.001,642,506,0.000,0.971,0.995,0.966,1.000,0.029,0.000,0.005,0.000,955.000,61.000,0.001,0.977,0.999,0.966,1.000,0.023,0.000,0.001,0.000,956.000,642.000,0.000,0.981,0.989,0.973,0.999,0.004,0.015,0.011,0.000
968,61,56,0.000,0.974,0.995,0.971,1.000,0.026,0.000,0.004,0.001,642,506,0.000,0.971,0.995,0.966,1.000,0.029,0.000,0.005,0.000,955.000,61.000,0.001,0.977,0.999,0.966,1.000,0.023,0.000,0.001,0.000,956.000,642.000,0.000,0.981,0.989,0.973,0.999,0.004,0.015,0.011,0.000
969,61,56,0.000,0.974,0.995,0.971,1.000,0.026,0.000,0.004,0.001,642,506,0.000,0.971,0.995,0.966,1.000,0.029,0.000,0.005,0.000,955.000,61.000,0.001,0.977,0.999,0.966,1.000,0.023,0.000,0.001,0.000,956.000,642.000,0.000,0.981,0.989,0.973,0.999,0.004,0.015,0.011,0.000
970,61,56,0.000,0.974,0.995,0.971,1.000,0.026,0.000,0.004,0.001,642,506,0.000,0.971,0.995,0.966,1.000,0.029,0.000,0.005,0.000,955.000,61.000,0.001,0.977,0.999,0.966,1.000,0.023,0.000,0.001,0.000,956.000,642.000,0.000,0.981,0.989,0.973,0.999,0.004,0.015,0.011,0.000
971,61,56,0.000,0.974,0.995,0.971,1.000,0.026,0.000,0.004,0.001,642,506,0.000,0.971,0.995,0.966,1.000,0.029,0.000,0.005,0.000,955.000,61.000,0.001,0.977,0.999,0.966,1.000,0.023,0.000,0.001,0.000,964.000,956.000,0.000,0.948,0.982,0.964,0.981,0.020,0.032,0.018,0.000
972,61,56,0.000,0.974,0.995,0.971,1.000,0.026,0.000,0.004,0.001,642,506,0.000,0.971,0.995,0.966,1.000,0.029,0.000,0.005,0.000,955.000,61.000,0.001,0.977,0.999,0.966,1.000,0.023,0.000,0.001,0.000,964.000,956.000,0.000,0.948,0.982,0.964,0.981,0.020,0.032,0.018,0.000
973,61,56,0.000,0.974,0.995,0.971,1.000,0.026,0.000,0.004,0.001,642,506,0.000,0.971,0.995,0.966,1.000,0.029,0.000,0.005,0.000,955.000,61.000,0.001,0.977,0.999,0.966,1.000,0.023,0.000,0.001,0.000,965.000,642.000,0.000,0.992,0.987,0.968,0.998,0.008,0.000,0.009,0.003
974,61,56,0.000,0.974,0.995,0.971,1.000,0.026,0.000,0.004,0.001,642,506,0.000,0.971,0.995,0.966,1.000,0.029,0.000,0.005,0.000,955.000,61.000,0.001,0.977,0.999,0.966,1.000,0.023,0.000,0.001,0.000,965.000,642.000,0.000,0.992,0.987,0.968,0.998,0.008,0.000,0.009,0.003
975,61,56,0.000,0.974,0.995,0.971,1.000,0.026,0.000,0.004,0.001,642,506,0.000,0.971,0.995,0.966,1.000,0.029,0.000,0.005,0.000,955.000,61.000,0.001,0.977,0.999,0.966,1.000,0.023,0.000,0.001,0.000,965.000,642.000,0.000,0.992,0.987,0.968,0.998,0.008,0.000,0.009,0.003
976,61,56,0.000,0.974,0.995,0.971,1.000,0.026,0.000,0.004,0.001,642,506,0.000,0.971,0.995,0.966,1.000,0.029,0.000,0.005,0.000,955.000,61.000,0.001,0.977,0.999,0.966,1.000,0.023,0.000,0.001,0.000,965.000,642.000,0.000,0.992,0.987,0.968,0.998,0.008,0.000,0.009,0.003
977,61,56,0.000,0.974,0.995,0.971,1.000,0.026,0.000,0.004,0.001,642,506,0.000,0.971,0.995,0.966,1.000,0.029,0.000,0.005,0.000,965.000,642.000,0.000,0.992,0.987,0.968,0.998,0.008,0.000,0.009,0.003,968.000,964.000,0.000,0.935,0.988,0.971,0.986,0.011,0.054,0.010,0.002
978,61,56,0.000,0.974,0.995,0.971,1.000,0.026,0.000,0.004,0.001,642,506,0.000,0.971,0.995,0.966,1.000,0.029,0.000,0.005,0.000,965.000,642.000,0.000,0.992,0.987,0.968,0.998,0.008,0.000,0.009,0.003,969.000,965.000,0.000,0.981,0.983,0.957,0.995,0.019,0.000,0.017,0.000
979,61,56,0.000,0.974,0.995,0.971,1.000,0.026,0.000,0.004,0.001,642,506,0.000,0.971,0.995,0.966,1.000,0.029,0.000,0.005,0.000,965.000,642.000,0.000,0.992,0.987,0.968,0.998,0.008,0.000,0.009,0.003,969.000,965.000,0.000,0.981,0.983,0.957,0.995,0.019,0.000,0.017,0.000
980,61,56,0.000,0.974,0.995,0.971,1.000,0.026,0.000,0.004,0.001,642,506,0.000,0.971,0.995,0.966,1.000,0.029,0.000,0.005,0.000,969.000,965.000,0.000,0.981,0.983,0.957,0.995,0.019,0.000,0.017,0.000,976.000,972.000,0.000,0.991,0.993,0.957,0.971,0.004,0.005,0.007,0.000
981,61,56,0.000,0.974,0.995,0.971,1.000,0.026,0.000,0.004,0.001,642,506,0.000,0.971,0.995,0.966,1.000,0.029,0.000,0.005,0.000,969.000,965.000,0.000,0.981,0.983,0.957,0.995,0.019,0.000,0.017,0.000,976.000,972.000,0.000,0.991,0.993,0.957,0.971,0.004,0.005,0.007,0.000
982,61,56,0.000,0.974,0.995,0.971,1.000,0.026,0.000,0.004,0.001,642,506,0.000,0.971,0.995,0.966,1.000,0.029,0.000,0.005,0.000,969.000,965.000,0.000,0.981,0.983,0.957,0.995,0.019,0.000,0.017,0.000,976.000,972.000,0.000,0.991,0.993,0.957,0.971,0.004,0.005,0.007,0.000
983,61,56,0.000,0.974,0.995,0.971,1.000,0.026,0.000,0.004,0.001,642,506,0.000,0.971,0.995,0.966,1.000,0.029,0.000,0.005,0.000,969.000,965.000,0.000,0.981,0.983,0.957,0.995,0.019,0.000,0.017,0.000,976.000,972.000,0.000,0.991,0.993,0.957,0.971,0.004,0.005,0.007,0.000
984,61,56,0.000,0.974,0.995,0.971,1.000,0.026,0.000,0.004,0.001,642,506,0.000,0.971,0.995,0.966,1.000,0.029,0.000,0.005,0.000,969.000,965.000,0.000,0.981,0.983,0.957,0.995,0.019,0.000,0.017,0.000,976.000,972.000,0.000,0.991,0.993,0.957,0.971,0.004,0.005,0.007,0.000
985,61,56,0.000,0.974,0.995,0.971,1.000,0.026,0.000,0.004,0.001,642,506,0.000,0.971,0.995,0.966,1.000,0.029,0.000,0.005,0.000,969.000,965.000,0.000,0.981,0.983,0.957,0.995,0.019,0.000,0.017,0.000,985.000,642.000,0.000,0.977,0.974,0.948,1.000,0.023,0.000,0.026,0.000
986,61,56,0.000,0.974,0.995,0.971,1.000,0.026,0.000,0.004,0.001,642,506,0.000,0.971,0.995,0.966,1.000,0.029,0.000,0.005,0.000,969.000,965.000,0.000,0.981,0.983,0.957,0.995,0.019,0.000,0.017,0.000,985.000,642.000,0.000,0.977,0.974,0.948,1.000,0.023,0.000,0.026,0.000
987,61,56,0.000,0.974,0.995,0.971,1.000,0.026,0.000,0.004,0.001,642,506,0.000,0.971,0.995,0.966,1.000,0.029,0.000,0.005,0.000,969.000,965.000,0.000,0.981,0.983,0.957,0.995,0.019,0.000,0.017,0.000,985.000,642.000,0.000,0.977,0.974,0.948,1.000,0.023,0.000,0.026,0.000
988,61,56,0.000,0.974,0.995,0.971,1.000,0.026,0.000,0.004,0.001,642,506,0.000,0.971,0.995,0.966,1.000,0.029,0.000,0.005,0.000,969.000,965.000,0.000,0.981,0.983,0.957,0.995,0.019,0.000,0.017,0.000,985.000,642.000,0.000,0.977,0.974,0.948,1.000,0.023,0.000,0.026,0.000
989,61,56,0.000,0.974,0.995,0.971,1.000,0.026,0.000,0.004,0.001,642,506,0.000,0.971,0.995,0.966,1.000,0.029,0.000,0.005,0.000,969.000,965.000,0.000,0.981,0.983,0.957,0.995,0.019,0.000,0.017,0.000,985.000,642.000,0.000,0.977,0.974,0.948,1.000,0.023,0.000,0.026,0.000
990,61,56,0.000,0.974,0.995,0.971,1.000,0.026,0.000,0.004,0.001,642,506,0.000,0.971,0.995,0.966,1.000,0.029,0.000,0.005,0.000,969.000,965.000,0.000,0.981,0.983,0.957,0.995,0.019,0.000,0.017,0.000,989.000,61.000,0.005,0.985,0.980,0.988,1.000,0.015,0.000,0.010,0.010
991,61,56,0.000,0.974,0.995,0.971,1.000,0.026,0.000,0.004,0.001,642,506,0.000,0.971,0.995,0.966,1.000,0.029,0.000,0.005,0.000,969.000,965.000,0.000,0.981,0.983,0.957,0.995,0.019,0.000,0.017,0.000,990.000,989.000,0.000,0.970,0.985,0.998,0.981,0.016,0.014,0.015,0.000
992,61,56,0.000,0.974,0.995,0.971,1.000,0.026,0.000,0.004,0.001,642,506,0.000,0.971,0.995,0.966,1.000,0.029,0.000,0.005,0.000,990.000,989.000,0.000,0.970,0.985,0.998,0.981,0.016,0.014,0.015,0.000,991.000,969.000,0.000,0.969,0.974,0.946,1.000,0.013,0.017,0.020,0.006
993,61,56,0.000,0.974,0.995,0.971,1.000,0.026,0.000,0.004,0.001,642,506,0.000,0.971,0.995,0.966,1.000,0.029,0.000,0.005,0.000,990.000,989.000,0.000,0.970,0.985,0.998,0.981,0.016,0.014,0.015,0.000,991.000,969.000,0.000,0.969,0.974,0.946,1.000,0.013,0.017,0.020,0.006
994,61,56,0.000,0.974,0.995,0.971,1.000,0.026,0.000,0.004,0.001,642,506,0.000,0.971,0.995,0.966,1.000,0.029,0.000,0.005,0.000,990.000,989.000,0.000,0.970,0.985,0.998,0.981,0.016,0.014,0.015,0.000,991.000,969.000,0.000,0.969,0.974,0.946,1.000,0.013,0.017,0.020,0.006
995,61,56,0.000,0.974,0.995,0.971,1.000,0.026,0.000,0.004,0.001,642,506,0.000,0.971,0.995,0.966,1.000,0.029,0.000,0.005,0.000,990.000,989.000,0.000,0.970,0.985,0.998,0.981,0.016,0.014,0.015,0.000,993.000,991.000,0.000,0.961,0.975,0.965,1.000,0.022,0.017,0.025,0.000
996,61,56,0.000,0.974,0.995,0.971,1.000,0.026,0.000,0.004,0.001,642,506,0.000,0.971,0.995,0.966,1.000,0.029,0.000,0.005,0.000,990.000,989.000,0.000,0.970,0.985,0.998,0.981,0.016,0.014,0.015,0.000,993.000,991.000,0.000,0.961,0.975,0.965,1.000,0.022,0.017,0.025,0.000
997,61,56,0.000,0.974,0.995,0.971,1.000,0.026,0.000,0.004,0.001,642,506,0.000,0.971,0.995,0.966,1.000,0.029,0.000,0.005,0.000,990.000,989.000,0.000,0.970,0.985,0.998,0.981,0.016,0.014,0.015,0.000,993.000,991.000,0.000,0.961,0.975,0.965,1.000,0.022,0.017,0.025,0.000
998,61,56,0.000,0.974,0.995,0.971,1.000,0.026,0.000,0.004,0.001,642,506,0.000,0.971,0.995,0.966,1.000,0.029,0.000,0.005,0.000,990.000,989.000,0.000,0.970,0.985,0.998,0.981,0.016,0.014,0.015,0.000,993.000,991.000,0.000,0.961,0.975,0.965,1.000,0.022,0.017,0.025,0.000
999,61,56,0.000,0.974,0.995,0.971,1.000,0.026,0.000,0.004,0.001,642,506,0.000,0.971,0.995,0.966,1.000,0.029,0.000,0.005,0.000,990.000,989.000,0.000,0.970,0.985,0.998,0.981,0.016,0.014,0.015,0.000,993.000,991.000,0.000,0.961,0.975,0.965,1.000,0.022,0.017,0.025,0.000
