mutation_step,id_1,parent_1,phi_1,r1_1,r2_1,p1_1,p2_1,r1r2_1,r1p1_1,r2r1_1,r2p2_1,id_2,parent_2,phi_2,r1_2,r2_2,p1_2,p2_2,r1r2_2,r1p1_2,r2r1_2,r2p2_2,id_3,parent_3,phi_3,r1_3,r2_3,p1_3,p2_3,r1r2_3,r1p1_3,r2r1_3,r2p2_3,id_4,parent_4,phi_4,r1_4,r2_4,p1_4,p2_4,r1r2_4,r1p1_4,r2r1_4,r2p2_4
0,0,-1,0.001,0.990,0.990,0.990,0.990,0.005,0.005,0.005,0.005,1.000,0.000,0.000,0.989,0.994,1.000,0.982,0.002,0.010,0.006,0.000,,,,,,,,,,,,,,,,,,,,,,
1,0,-1,0.001,0.990,0.990,0.990,0.990,0.005,0.005,0.005,0.005,2.000,1.000,0.000,0.969,0.994,0.987,0.967,0.021,0.009,0.000,0.006,,,,,,,,,,,,,,,,,,,,,,
2,0,-1,0.001,0.990,0.990,0.990,0.990,0.005,0.005,0.005,0.005,3.000,0.000,0.001,0.955,0.965,0.992,0.985,0.019,0.026,0.000,0.035,,,,,,,,,,,,,,,,,,,,,,
3,0,-1,0.001,0.990,0.990,0.990,0.990,0.005,0.005,0.005,0.005,3.000,0.000,0.001,0.955,0.965,0.992,0.985,0.019,0.026,0.000,0.035,,,,,,,,,,,,,,,,,,,,,,
4,3,0,0.001,0.955,0.965,0.992,0.985,0.019,0.026,0.000,0.035,5.000,3.000,0.005,0.971,0.960,0.980,0.994,0.009,0.020,0.006,0.035,,,,,,,,,,,,,,,,,,,,,,
5,3,0,0.001,0.955,0.965,0.992,0.985,0.019,0.026,0.000,0.035,6.000,5.000,0.007,0.981,0.950,0.978,0.986,0.000,0.019,0.010,0.040,,,,,,,,,,,,,,,,,,,,,,
6,3,0,0.001,0.955,0.965,0.992,0.985,0.019,0.026,0.000,0.035,6.000,5.000,0.007,0.981,0.950,0.978,0.986,0.000,0.019,0.010,0.040,7.000,6.000,0.013,0.970,0.943,0.978,1.000,0.000,0.030,0.018,0.039,,,,,,,,,,,
7,6,5,0.007,0.981,0.950,0.978,0.986,0.000,0.019,0.010,0.040,7.000,6.000,0.013,0.970,0.943,0.978,1.000,0.000,0.030,0.018,0.039,8.000,6.000,0.006,0.970,0.941,0.988,0.996,0.000,0.030,0.011,0.047,,,,,,,,,,,
8,6,5,0.007,0.981,0.950,0.978,0.986,0.000,0.019,0.010,0.040,,,,,,,,,,,,,,,,,,,,,,,,,,,,,,,,,
9,6,5,0.007,0.981,0.950,0.978,0.986,0.000,0.019,0.010,0.040,10.000,6.000,0.000,0.988,0.945,0.975,0.991,0.003,0.008,0.000,0.055,,,,,,,,,,,,,,,,,,,,,,
10,6,5,0.007,0.981,0.950,0.978,0.986,0.000,0.019,0.010,0.040,10.000,6.000,0.000,0.988,0.945,0.975,0.991,0.003,0.008,0.000,0.055,,,,,,,,,,,,,,,,,,,,,,
11,6,5,0.007,0.981,0.950,0.978,0.986,0.000,0.019,0.010,0.040,10.000,6.000,0.000,0.988,0.945,0.975,0.991,0.003,0.008,0.000,0.055,12.000,10.000,0.000,0.985,0.942,0.981,0.981,0.000,0.015,0.000,0.058,,,,,,,,,,,
12,10,6,0.000,0.988,0.945,0.975,0.991,0.003,0.008,0.000,0.055,12.000,10.000,0.000,0.985,0.942,0.981,0.981,0.000,0.015,0.000,0.058,,,,,,,,,,,,,,,,,,,,,,
13,12,10,0.000,0.985,0.942,0.981,0.981,0.000,0.015,0.000,0.058,14.000,12.000,0.008,0.982,0.934,0.982,0.976,0.013,0.005,0.003,0.063,,,,,,,,,,,,,,,,,,,,,,
14,12,10,0.000,0.985,0.942,0.981,0.981,0.000,0.015,0.000,0.058,14.000,12.000,0.008,0.982,0.934,0.982,0.976,0.013,0.005,0.003,0.063,15.000,12.000,0.004,0.986,0.969,0.999,0.969,0.007,0.007,0.000,0.031,,,,,,,,,,,
15,12,10,0.000,0.985,0.942,0.981,0.981,0.000,0.015,0.000,0.058,14.000,12.000,0.008,0.982,0.934,0.982,0.976,0.013,0.005,0.003,0.063,15.000,12.000,0.004,0.986,0.969,0.999,0.969,0.007,0.007,0.000,0.031,16.000,12.000,0.003,0.986,0.923,0.962,0.965,0.014,0.000,0.009,0.068
16,12,10,0.000,0.985,0.942,0.981,0.981,0.000,0.015,0.000,0.058,14.000,12.000,0.008,0.982,0.934,0.982,0.976,0.013,0.005,0.003,0.063,16.000,12.000,0.003,0.986,0.923,0.962,0.965,0.014,0.000,0.009,0.068,17.000,16.000,0.007,0.992,0.932,0.959,0.961,0.001,0.006,0.009,0.058
17,14,12,0.008,0.982,0.934,0.982,0.976,0.013,0.005,0.003,0.063,18.000,16.000,0.005,1.000,0.910,0.945,0.968,0.000,0.000,0.005,0.085,,,,,,,,,,,,,,,,,,,,,,
18,14,12,0.008,0.982,0.934,0.982,0.976,0.013,0.005,0.003,0.063,18.000,16.000,0.005,1.000,0.910,0.945,0.968,0.000,0.000,0.005,0.085,19.000,18.000,0.000,0.999,0.906,0.953,0.955,0.000,0.001,0.002,0.091,,,,,,,,,,,
19,18,16,0.005,1.000,0.910,0.945,0.968,0.000,0.000,0.005,0.085,20.000,18.000,0.013,1.000,0.905,0.950,0.969,0.000,0.000,0.001,0.094,,,,,,,,,,,,,,,,,,,,,,
20,18,16,0.005,1.000,0.910,0.945,0.968,0.000,0.000,0.005,0.085,20.000,18.000,0.013,1.000,0.905,0.950,0.969,0.000,0.000,0.001,0.094,21.000,18.000,0.005,0.989,0.902,0.945,0.979,0.000,0.011,0.011,0.086,,,,,,,,,,,
21,20,18,0.013,1.000,0.905,0.950,0.969,0.000,0.000,0.001,0.094,22.000,20.000,0.002,0.980,0.907,0.945,0.968,0.015,0.005,0.000,0.093,,,,,,,,,,,,,,,,,,,,,,
22,20,18,0.013,1.000,0.905,0.950,0.969,0.000,0.000,0.001,0.094,22.000,20.000,0.002,0.980,0.907,0.945,0.968,0.015,0.005,0.000,0.093,23.000,22.000,0.000,0.975,0.881,0.959,0.974,0.025,0.000,0.023,0.095,,,,,,,,,,,
23,20,18,0.013,1.000,0.905,0.950,0.969,0.000,0.000,0.001,0.094,24.000,20.000,0.016,0.990,0.882,0.941,0.964,0.010,0.000,0.008,0.111,,,,,,,,,,,,,,,,,,,,,,
24,20,18,0.013,1.000,0.905,0.950,0.969,0.000,0.000,0.001,0.094,24.000,20.000,0.016,0.990,0.882,0.941,0.964,0.010,0.000,0.008,0.111,25.000,20.000,0.003,0.973,0.910,0.959,0.976,0.024,0.004,0.000,0.090,,,,,,,,,,,
25,20,18,0.013,1.000,0.905,0.950,0.969,0.000,0.000,0.001,0.094,24.000,20.000,0.016,0.990,0.882,0.941,0.964,0.010,0.000,0.008,0.111,25.000,20.000,0.003,0.973,0.910,0.959,0.976,0.024,0.004,0.000,0.090,26.000,25.000,0.010,0.934,0.918,0.949,0.981,0.044,0.021,0.004,0.077
26,20,18,0.013,1.000,0.905,0.950,0.969,0.000,0.000,0.001,0.094,24.000,20.000,0.016,0.990,0.882,0.941,0.964,0.010,0.000,0.008,0.111,25.000,20.000,0.003,0.973,0.910,0.959,0.976,0.024,0.004,0.000,0.090,26.000,25.000,0.010,0.934,0.918,0.949,0.981,0.044,0.021,0.004,0.077
27,20,18,0.013,1.000,0.905,0.950,0.969,0.000,0.000,0.001,0.094,24.000,20.000,0.016,0.990,0.882,0.941,0.964,0.010,0.000,0.008,0.111,27.000,20.000,0.016,0.996,0.891,0.947,0.939,0.004,0.000,0.018,0.090,28.000,25.000,0.002,0.975,0.891,0.944,0.987,0.019,0.006,0.009,0.100
28,20,18,0.013,1.000,0.905,0.950,0.969,0.000,0.000,0.001,0.094,24.000,20.000,0.016,0.990,0.882,0.941,0.964,0.010,0.000,0.008,0.111,27.000,20.000,0.016,0.996,0.891,0.947,0.939,0.004,0.000,0.018,0.090,28.000,25.000,0.002,0.975,0.891,0.944,0.987,0.019,0.006,0.009,0.100
29,24,20,0.016,0.990,0.882,0.941,0.964,0.010,0.000,0.008,0.111,30.000,28.000,0.004,0.988,0.893,0.945,0.981,0.012,0.000,0.011,0.096,,,,,,,,,,,,,,,,,,,,,,
30,24,20,0.016,0.990,0.882,0.941,0.964,0.010,0.000,0.008,0.111,30.000,28.000,0.004,0.988,0.893,0.945,0.981,0.012,0.000,0.011,0.096,31.000,24.000,0.014,0.999,0.871,0.937,0.940,0.000,0.001,0.009,0.121,,,,,,,,,,,
31,24,20,0.016,0.990,0.882,0.941,0.964,0.010,0.000,0.008,0.111,30.000,28.000,0.004,0.988,0.893,0.945,0.981,0.012,0.000,0.011,0.096,31.000,24.000,0.014,0.999,0.871,0.937,0.940,0.000,0.001,0.009,0.121,32.000,31.000,0.016,0.984,0.871,0.959,0.931,0.016,0.000,0.015,0.113
32,24,20,0.016,0.990,0.882,0.941,0.964,0.010,0.000,0.008,0.111,31.000,24.000,0.014,0.999,0.871,0.937,0.940,0.000,0.001,0.009,0.121,32.000,31.000,0.016,0.984,0.871,0.959,0.931,0.016,0.000,0.015,0.113,33.000,31.000,0.017,0.993,0.882,0.949,0.929,0.000,0.007,0.000,0.118
33,24,20,0.016,0.990,0.882,0.941,0.964,0.010,0.000,0.008,0.111,31.000,24.000,0.014,0.999,0.871,0.937,0.940,0.000,0.001,0.009,0.121,33.000,31.000,0.017,0.993,0.882,0.949,0.929,0.000,0.007,0.000,0.118,34.000,32.000,0.021,0.974,0.870,0.946,0.933,0.016,0.011,0.018,0.112
34,24,20,0.016,0.990,0.882,0.941,0.964,0.010,0.000,0.008,0.111,31.000,24.000,0.014,0.999,0.871,0.937,0.940,0.000,0.001,0.009,0.121,33.000,31.000,0.017,0.993,0.882,0.949,0.929,0.000,0.007,0.000,0.118,34.000,32.000,0.021,0.974,0.870,0.946,0.933,0.016,0.011,0.018,0.112
35,24,20,0.016,0.990,0.882,0.941,0.964,0.010,0.000,0.008,0.111,31.000,24.000,0.014,0.999,0.871,0.937,0.940,0.000,0.001,0.009,0.121,35.000,24.000,0.013,0.981,0.875,0.930,0.963,0.011,0.008,0.003,0.121,,,,,,,,,,,
36,24,20,0.016,0.990,0.882,0.941,0.964,0.010,0.000,0.008,0.111,31.000,24.000,0.014,0.999,0.871,0.937,0.940,0.000,0.001,0.009,0.121,35.000,24.000,0.013,0.981,0.875,0.930,0.963,0.011,0.008,0.003,0.121,37.000,35.000,0.017,0.972,0.843,0.928,0.973,0.012,0.017,0.011,0.147
37,24,20,0.016,0.990,0.882,0.941,0.964,0.010,0.000,0.008,0.111,31.000,24.000,0.014,0.999,0.871,0.937,0.940,0.000,0.001,0.009,0.121,35.000,24.000,0.013,0.981,0.875,0.930,0.963,0.011,0.008,0.003,0.121,37.000,35.000,0.017,0.972,0.843,0.928,0.973,0.012,0.017,0.011,0.147
38,35,24,0.013,0.981,0.875,0.930,0.963,0.011,0.008,0.003,0.121,37.000,35.000,0.017,0.972,0.843,0.928,0.973,0.012,0.017,0.011,0.147,39.000,37.000,0.015,0.989,0.844,0.909,0.971,0.001,0.010,0.000,0.156,,,,,,,,,,,
39,35,24,0.013,0.981,0.875,0.930,0.963,0.011,0.008,0.003,0.121,37.000,35.000,0.017,0.972,0.843,0.928,0.973,0.012,0.017,0.011,0.147,39.000,37.000,0.015,0.989,0.844,0.909,0.971,0.001,0.010,0.000,0.156,40.000,35.000,0.005,0.989,0.879,0.920,0.962,0.002,0.009,0.003,0.118
40,39,37,0.015,0.989,0.844,0.909,0.971,0.001,0.010,0.000,0.156,41.000,39.000,0.007,0.962,0.835,0.882,0.979,0.000,0.038,0.009,0.156,,,,,,,,,,,,,,,,,,,,,,
41,39,37,0.015,0.989,0.844,0.909,0.971,0.001,0.010,0.000,0.156,41.000,39.000,0.007,0.962,0.835,0.882,0.979,0.000,0.038,0.009,0.156,42.000,39.000,0.017,0.970,0.835,0.905,0.966,0.019,0.011,0.007,0.158,,,,,,,,,,,
42,39,37,0.015,0.989,0.844,0.909,0.971,0.001,0.010,0.000,0.156,43.000,42.000,0.010,0.948,0.814,0.913,0.972,0.029,0.023,0.019,0.166,,,,,,,,,,,,,,,,,,,,,,
43,39,37,0.015,0.989,0.844,0.909,0.971,0.001,0.010,0.000,0.156,43.000,42.000,0.010,0.948,0.814,0.913,0.972,0.029,0.023,0.019,0.166,,,,,,,,,,,,,,,,,,,,,,
44,43,42,0.010,0.948,0.814,0.913,0.972,0.029,0.023,0.019,0.166,45.000,39.000,0.012,0.994,0.843,0.897,0.973,0.000,0.006,0.000,0.157,,,,,,,,,,,,,,,,,,,,,,
45,43,42,0.010,0.948,0.814,0.913,0.972,0.029,0.023,0.019,0.166,45.000,39.000,0.012,0.994,0.843,0.897,0.973,0.000,0.006,0.000,0.157,46.000,43.000,0.017,0.954,0.816,0.905,0.978,0.029,0.017,0.023,0.161,,,,,,,,,,,
46,43,42,0.010,0.948,0.814,0.913,0.972,0.029,0.023,0.019,0.166,45.000,39.000,0.012,0.994,0.843,0.897,0.973,0.000,0.006,0.000,0.157,47.000,45.000,0.015,0.997,0.846,0.890,0.954,0.000,0.003,0.000,0.154,,,,,,,,,,,
47,43,42,0.010,0.948,0.814,0.913,0.972,0.029,0.023,0.019,0.166,45.000,39.000,0.012,0.994,0.843,0.897,0.973,0.000,0.006,0.000,0.157,47.000,45.000,0.015,0.997,0.846,0.890,0.954,0.000,0.003,0.000,0.154,48.000,43.000,0.007,0.937,0.818,0.907,0.962,0.030,0.033,0.012,0.170
48,43,42,0.010,0.948,0.814,0.913,0.972,0.029,0.023,0.019,0.166,45.000,39.000,0.012,0.994,0.843,0.897,0.973,0.000,0.006,0.000,0.157,47.000,45.000,0.015,0.997,0.846,0.890,0.954,0.000,0.003,0.000,0.154,48.000,43.000,0.007,0.937,0.818,0.907,0.962,0.030,0.033,0.012,0.170
49,45,39,0.012,0.994,0.843,0.897,0.973,0.000,0.006,0.000,0.157,48.000,43.000,0.007,0.937,0.818,0.907,0.962,0.030,0.033,0.012,0.170,,,,,,,,,,,,,,,,,,,,,,
50,45,39,0.012,0.994,0.843,0.897,0.973,0.000,0.006,0.000,0.157,48.000,43.000,0.007,0.937,0.818,0.907,0.962,0.030,0.033,0.012,0.170,51.000,48.000,0.000,0.948,0.823,0.911,0.949,0.022,0.029,0.000,0.177,,,,,,,,,,,
51,48,43,0.007,0.937,0.818,0.907,0.962,0.030,0.033,0.012,0.170,52.000,51.000,0.002,0.979,0.818,0.902,0.965,0.011,0.010,0.000,0.182,,,,,,,,,,,,,,,,,,,,,,
52,48,43,0.007,0.937,0.818,0.907,0.962,0.030,0.033,0.012,0.170,52.000,51.000,0.002,0.979,0.818,0.902,0.965,0.011,0.010,0.000,0.182,53.000,48.000,0.010,0.943,0.825,0.907,0.969,0.018,0.039,0.005,0.170,,,,,,,,,,,
53,48,43,0.007,0.937,0.818,0.907,0.962,0.030,0.033,0.012,0.170,52.000,51.000,0.002,0.979,0.818,0.902,0.965,0.011,0.010,0.000,0.182,53.000,48.000,0.010,0.943,0.825,0.907,0.969,0.018,0.039,0.005,0.170,54.000,53.000,0.017,0.974,0.809,0.904,0.987,0.007,0.019,0.013,0.178
54,48,43,0.007,0.937,0.818,0.907,0.962,0.030,0.033,0.012,0.170,52.000,51.000,0.002,0.979,0.818,0.902,0.965,0.011,0.010,0.000,0.182,53.000,48.000,0.010,0.943,0.825,0.907,0.969,0.018,0.039,0.005,0.170,54.000,53.000,0.017,0.974,0.809,0.904,0.987,0.007,0.019,0.013,0.178
55,48,43,0.007,0.937,0.818,0.907,0.962,0.030,0.033,0.012,0.170,52.000,51.000,0.002,0.979,0.818,0.902,0.965,0.011,0.010,0.000,0.182,53.000,48.000,0.010,0.943,0.825,0.907,0.969,0.018,0.039,0.005,0.170,56.000,54.000,0.018,0.959,0.819,0.905,0.983,0.019,0.022,0.001,0.180
56,52,51,0.002,0.979,0.818,0.902,0.965,0.011,0.010,0.000,0.182,57.000,56.000,0.019,0.970,0.798,0.912,0.976,0.015,0.016,0.008,0.193,,,,,,,,,,,,,,,,,,,,,,
57,52,51,0.002,0.979,0.818,0.902,0.965,0.011,0.010,0.000,0.182,57.000,56.000,0.019,0.970,0.798,0.912,0.976,0.015,0.016,0.008,0.193,58.000,57.000,0.021,0.990,0.786,0.910,0.961,0.002,0.009,0.018,0.196,,,,,,,,,,,
58,57,56,0.019,0.970,0.798,0.912,0.976,0.015,0.016,0.008,0.193,58.000,57.000,0.021,0.990,0.786,0.910,0.961,0.002,0.009,0.018,0.196,59.000,57.000,0.017,0.982,0.796,0.903,0.984,0.017,0.001,0.004,0.200,,,,,,,,,,,
59,57,56,0.019,0.970,0.798,0.912,0.976,0.015,0.016,0.008,0.193,60.000,59.000,0.012,0.966,0.812,0.909,0.976,0.034,0.000,0.000,0.188,,,,,,,,,,,,,,,,,,,,,,
60,57,56,0.019,0.970,0.798,0.912,0.976,0.015,0.016,0.008,0.193,60.000,59.000,0.012,0.966,0.812,0.909,0.976,0.034,0.000,0.000,0.188,61.000,60.000,0.011,0.970,0.809,0.906,0.987,0.030,0.000,0.006,0.185,,,,,,,,,,,
61,57,56,0.019,0.970,0.798,0.912,0.976,0.015,0.016,0.008,0.193,60.000,59.000,0.012,0.966,0.812,0.909,0.976,0.034,0.000,0.000,0.188,62.000,57.000,0.019,0.941,0.805,0.910,0.977,0.037,0.022,0.007,0.189,,,,,,,,,,,
62,57,56,0.019,0.970,0.798,0.912,0.976,0.015,0.016,0.008,0.193,60.000,59.000,0.012,0.966,0.812,0.909,0.976,0.034,0.000,0.000,0.188,62.000,57.000,0.019,0.941,0.805,0.910,0.977,0.037,0.022,0.007,0.189,63.000,60.000,0.006,0.967,0.806,0.910,0.987,0.033,0.000,0.011,0.183
63,57,56,0.019,0.970,0.798,0.912,0.976,0.015,0.016,0.008,0.193,60.000,59.000,0.012,0.966,0.812,0.909,0.976,0.034,0.000,0.000,0.188,62.000,57.000,0.019,0.941,0.805,0.910,0.977,0.037,0.022,0.007,0.189,63.000,60.000,0.006,0.967,0.806,0.910,0.987,0.033,0.000,0.011,0.183
64,57,56,0.019,0.970,0.798,0.912,0.976,0.015,0.016,0.008,0.193,60.000,59.000,0.012,0.966,0.812,0.909,0.976,0.034,0.000,0.000,0.188,62.000,57.000,0.019,0.941,0.805,0.910,0.977,0.037,0.022,0.007,0.189,63.000,60.000,0.006,0.967,0.806,0.910,0.987,0.033,0.000,0.011,0.183
65,57,56,0.019,0.970,0.798,0.912,0.976,0.015,0.016,0.008,0.193,60.000,59.000,0.012,0.966,0.812,0.909,0.976,0.034,0.000,0.000,0.188,62.000,57.000,0.019,0.941,0.805,0.910,0.977,0.037,0.022,0.007,0.189,63.000,60.000,0.006,0.967,0.806,0.910,0.987,0.033,0.000,0.011,0.183
66,57,56,0.019,0.970,0.798,0.912,0.976,0.015,0.016,0.008,0.193,60.000,59.000,0.012,0.966,0.812,0.909,0.976,0.034,0.000,0.000,0.188,62.000,57.000,0.019,0.941,0.805,0.910,0.977,0.037,0.022,0.007,0.189,63.000,60.000,0.006,0.967,0.806,0.910,0.987,0.033,0.000,0.011,0.183
67,57,56,0.019,0.970,0.798,0.912,0.976,0.015,0.016,0.008,0.193,60.000,59.000,0.012,0.966,0.812,0.909,0.976,0.034,0.000,0.000,0.188,62.000,57.000,0.019,0.941,0.805,0.910,0.977,0.037,0.022,0.007,0.189,63.000,60.000,0.006,0.967,0.806,0.910,0.987,0.033,0.000,0.011,0.183
68,57,56,0.019,0.970,0.798,0.912,0.976,0.015,0.016,0.008,0.193,60.000,59.000,0.012,0.966,0.812,0.909,0.976,0.034,0.000,0.000,0.188,62.000,57.000,0.019,0.941,0.805,0.910,0.977,0.037,0.022,0.007,0.189,64.000,57.000,0.019,0.955,0.800,0.914,0.985,0.021,0.024,0.014,0.185
69,57,56,0.019,0.970,0.798,0.912,0.976,0.015,0.016,0.008,0.193,60.000,59.000,0.012,0.966,0.812,0.909,0.976,0.034,0.000,0.000,0.188,62.000,57.000,0.019,0.941,0.805,0.910,0.977,0.037,0.022,0.007,0.189,65.000,57.000,0.011,0.961,0.802,0.910,0.977,0.020,0.019,0.016,0.182
70,57,56,0.019,0.970,0.798,0.912,0.976,0.015,0.016,0.008,0.193,60.000,59.000,0.012,0.966,0.812,0.909,0.976,0.034,0.000,0.000,0.188,62.000,57.000,0.019,0.941,0.805,0.910,0.977,0.037,0.022,0.007,0.189,65.000,57.000,0.011,0.961,0.802,0.910,0.977,0.020,0.019,0.016,0.182
71,57,56,0.019,0.970,0.798,0.912,0.976,0.015,0.016,0.008,0.193,60.000,59.000,0.012,0.966,0.812,0.909,0.976,0.034,0.000,0.000,0.188,62.000,57.000,0.019,0.941,0.805,0.910,0.977,0.037,0.022,0.007,0.189,65.000,57.000,0.011,0.961,0.802,0.910,0.977,0.020,0.019,0.016,0.182
72,57,56,0.019,0.970,0.798,0.912,0.976,0.015,0.016,0.008,0.193,60.000,59.000,0.012,0.966,0.812,0.909,0.976,0.034,0.000,0.000,0.188,62.000,57.000,0.019,0.941,0.805,0.910,0.977,0.037,0.022,0.007,0.189,65.000,57.000,0.011,0.961,0.802,0.910,0.977,0.020,0.019,0.016,0.182
73,57,56,0.019,0.970,0.798,0.912,0.976,0.015,0.016,0.008,0.193,60.000,59.000,0.012,0.966,0.812,0.909,0.976,0.034,0.000,0.000,0.188,62.000,57.000,0.019,0.941,0.805,0.910,0.977,0.037,0.022,0.007,0.189,65.000,57.000,0.011,0.961,0.802,0.910,0.977,0.020,0.019,0.016,0.182
74,57,56,0.019,0.970,0.798,0.912,0.976,0.015,0.016,0.008,0.193,60.000,59.000,0.012,0.966,0.812,0.909,0.976,0.034,0.000,0.000,0.188,62.000,57.000,0.019,0.941,0.805,0.910,0.977,0.037,0.022,0.007,0.189,65.000,57.000,0.011,0.961,0.802,0.910,0.977,0.020,0.019,0.016,0.182
75,60,59,0.012,0.966,0.812,0.909,0.976,0.034,0.000,0.000,0.188,67.000,60.000,0.010,0.952,0.806,0.914,0.975,0.040,0.008,0.005,0.189,75.000,73.000,0.013,0.951,0.803,0.925,0.975,0.030,0.018,0.000,0.197,76.000,57.000,0.016,0.978,0.801,0.915,0.971,0.012,0.010,0.009,0.190
76,60,59,0.012,0.966,0.812,0.909,0.976,0.034,0.000,0.000,0.188,67.000,60.000,0.010,0.952,0.806,0.914,0.975,0.040,0.008,0.005,0.189,75.000,73.000,0.013,0.951,0.803,0.925,0.975,0.030,0.018,0.000,0.197,76.000,57.000,0.016,0.978,0.801,0.915,0.971,0.012,0.010,0.009,0.190
77,60,59,0.012,0.966,0.812,0.909,0.976,0.034,0.000,0.000,0.188,67.000,60.000,0.010,0.952,0.806,0.914,0.975,0.040,0.008,0.005,0.189,75.000,73.000,0.013,0.951,0.803,0.925,0.975,0.030,0.018,0.000,0.197,76.000,57.000,0.016,0.978,0.801,0.915,0.971,0.012,0.010,0.009,0.190
78,60,59,0.012,0.966,0.812,0.909,0.976,0.034,0.000,0.000,0.188,67.000,60.000,0.010,0.952,0.806,0.914,0.975,0.040,0.008,0.005,0.189,75.000,73.000,0.013,0.951,0.803,0.925,0.975,0.030,0.018,0.000,0.197,76.000,57.000,0.016,0.978,0.801,0.915,0.971,0.012,0.010,0.009,0.190
79,60,59,0.012,0.966,0.812,0.909,0.976,0.034,0.000,0.000,0.188,75.000,73.000,0.013,0.951,0.803,0.925,0.975,0.030,0.018,0.000,0.197,76.000,57.000,0.016,0.978,0.801,0.915,0.971,0.012,0.010,0.009,0.190,78.000,75.000,0.017,0.980,0.800,0.922,0.967,0.015,0.005,0.017,0.183
80,60,59,0.012,0.966,0.812,0.909,0.976,0.034,0.000,0.000,0.188,75.000,73.000,0.013,0.951,0.803,0.925,0.975,0.030,0.018,0.000,0.197,76.000,57.000,0.016,0.978,0.801,0.915,0.971,0.012,0.010,0.009,0.190,79.000,60.000,0.015,0.957,0.820,0.904,0.979,0.043,0.000,0.000,0.180
81,60,59,0.012,0.966,0.812,0.909,0.976,0.034,0.000,0.000,0.188,75.000,73.000,0.013,0.951,0.803,0.925,0.975,0.030,0.018,0.000,0.197,76.000,57.000,0.016,0.978,0.801,0.915,0.971,0.012,0.010,0.009,0.190,79.000,60.000,0.015,0.957,0.820,0.904,0.979,0.043,0.000,0.000,0.180
82,60,59,0.012,0.966,0.812,0.909,0.976,0.034,0.000,0.000,0.188,75.000,73.000,0.013,0.951,0.803,0.925,0.975,0.030,0.018,0.000,0.197,76.000,57.000,0.016,0.978,0.801,0.915,0.971,0.012,0.010,0.009,0.190,79.000,60.000,0.015,0.957,0.820,0.904,0.979,0.043,0.000,0.000,0.180
83,60,59,0.012,0.966,0.812,0.909,0.976,0.034,0.000,0.000,0.188,75.000,73.000,0.013,0.951,0.803,0.925,0.975,0.030,0.018,0.000,0.197,76.000,57.000,0.016,0.978,0.801,0.915,0.971,0.012,0.010,0.009,0.190,84.000,76.000,0.029,0.977,0.822,0.909,0.953,0.011,0.012,0.000,0.178
84,60,59,0.012,0.966,0.812,0.909,0.976,0.034,0.000,0.000,0.188,75.000,73.000,0.013,0.951,0.803,0.925,0.975,0.030,0.018,0.000,0.197,85.000,75.000,0.019,0.952,0.814,0.939,0.973,0.037,0.011,0.000,0.186,,,,,,,,,,,
85,60,59,0.012,0.966,0.812,0.909,0.976,0.034,0.000,0.000,0.188,75.000,73.000,0.013,0.951,0.803,0.925,0.975,0.030,0.018,0.000,0.197,85.000,75.000,0.019,0.952,0.814,0.939,0.973,0.037,0.011,0.000,0.186,86.000,85.000,0.014,0.950,0.822,0.947,0.964,0.028,0.023,0.000,0.178
86,60,59,0.012,0.966,0.812,0.909,0.976,0.034,0.000,0.000,0.188,75.000,73.000,0.013,0.951,0.803,0.925,0.975,0.030,0.018,0.000,0.197,85.000,75.000,0.019,0.952,0.814,0.939,0.973,0.037,0.011,0.000,0.186,86.000,85.000,0.014,0.950,0.822,0.947,0.964,0.028,0.023,0.000,0.178
87,60,59,0.012,0.966,0.812,0.909,0.976,0.034,0.000,0.000,0.188,75.000,73.000,0.013,0.951,0.803,0.925,0.975,0.030,0.018,0.000,0.197,87.000,85.000,0.021,0.924,0.807,0.933,0.967,0.057,0.020,0.011,0.183,88.000,85.000,0.018,0.964,0.821,0.938,0.964,0.036,0.000,0.006,0.173
88,60,59,0.012,0.966,0.812,0.909,0.976,0.034,0.000,0.000,0.188,75.000,73.000,0.013,0.951,0.803,0.925,0.975,0.030,0.018,0.000,0.197,87.000,85.000,0.021,0.924,0.807,0.933,0.967,0.057,0.020,0.011,0.183,88.000,85.000,0.018,0.964,0.821,0.938,0.964,0.036,0.000,0.006,0.173
89,60,59,0.012,0.966,0.812,0.909,0.976,0.034,0.000,0.000,0.188,75.000,73.000,0.013,0.951,0.803,0.925,0.975,0.030,0.018,0.000,0.197,88.000,85.000,0.018,0.964,0.821,0.938,0.964,0.036,0.000,0.006,0.173,90.000,75.000,0.011,0.964,0.805,0.940,0.966,0.029,0.007,0.000,0.195
90,60,59,0.012,0.966,0.812,0.909,0.976,0.034,0.000,0.000,0.188,75.000,73.000,0.013,0.951,0.803,0.925,0.975,0.030,0.018,0.000,0.197,90.000,75.000,0.011,0.964,0.805,0.940,0.966,0.029,0.007,0.000,0.195,91.000,90.000,0.013,0.965,0.779,0.940,0.976,0.035,0.000,0.025,0.195
91,60,59,0.012,0.966,0.812,0.909,0.976,0.034,0.000,0.000,0.188,75.000,73.000,0.013,0.951,0.803,0.925,0.975,0.030,0.018,0.000,0.197,90.000,75.000,0.011,0.964,0.805,0.940,0.966,0.029,0.007,0.000,0.195,92.000,90.000,0.012,0.955,0.797,0.940,0.968,0.040,0.005,0.000,0.203
92,60,59,0.012,0.966,0.812,0.909,0.976,0.034,0.000,0.000,0.188,75.000,73.000,0.013,0.951,0.803,0.925,0.975,0.030,0.018,0.000,0.197,90.000,75.000,0.011,0.964,0.805,0.940,0.966,0.029,0.007,0.000,0.195,92.000,90.000,0.012,0.955,0.797,0.940,0.968,0.040,0.005,0.000,0.203
93,60,59,0.012,0.966,0.812,0.909,0.976,0.034,0.000,0.000,0.188,75.000,73.000,0.013,0.951,0.803,0.925,0.975,0.030,0.018,0.000,0.197,90.000,75.000,0.011,0.964,0.805,0.940,0.966,0.029,0.007,0.000,0.195,92.000,90.000,0.012,0.955,0.797,0.940,0.968,0.040,0.005,0.000,0.203
94,60,59,0.012,0.966,0.812,0.909,0.976,0.034,0.000,0.000,0.188,75.000,73.000,0.013,0.951,0.803,0.925,0.975,0.030,0.018,0.000,0.197,92.000,90.000,0.012,0.955,0.797,0.940,0.968,0.040,0.005,0.000,0.203,93.000,92.000,0.008,0.957,0.789,0.925,0.971,0.043,0.000,0.013,0.198
95,60,59,0.012,0.966,0.812,0.909,0.976,0.034,0.000,0.000,0.188,92.000,90.000,0.012,0.955,0.797,0.940,0.968,0.040,0.005,0.000,0.203,93.000,92.000,0.008,0.957,0.789,0.925,0.971,0.043,0.000,0.013,0.198,95.000,75.000,0.017,0.957,0.815,0.920,0.960,0.018,0.026,0.000,0.185
96,60,59,0.012,0.966,0.812,0.909,0.976,0.034,0.000,0.000,0.188,92.000,90.000,0.012,0.955,0.797,0.940,0.968,0.040,0.005,0.000,0.203,93.000,92.000,0.008,0.957,0.789,0.925,0.971,0.043,0.000,0.013,0.198,95.000,75.000,0.017,0.957,0.815,0.920,0.960,0.018,0.026,0.000,0.185
97,60,59,0.012,0.966,0.812,0.909,0.976,0.034,0.000,0.000,0.188,92.000,90.000,0.012,0.955,0.797,0.940,0.968,0.040,0.005,0.000,0.203,93.000,92.000,0.008,0.957,0.789,0.925,0.971,0.043,0.000,0.013,0.198,95.000,75.000,0.017,0.957,0.815,0.920,0.960,0.018,0.026,0.000,0.185
98,60,59,0.012,0.966,0.812,0.909,0.976,0.034,0.000,0.000,0.188,92.000,90.000,0.012,0.955,0.797,0.940,0.968,0.040,0.005,0.000,0.203,93.000,92.000,0.008,0.957,0.789,0.925,0.971,0.043,0.000,0.013,0.198,95.000,75.000,0.017,0.957,0.815,0.920,0.960,0.018,0.026,0.000,0.185
99,60,59,0.012,0.966,0.812,0.909,0.976,0.034,0.000,0.000,0.188,92.000,90.000,0.012,0.955,0.797,0.940,0.968,0.040,0.005,0.000,0.203,93.000,92.000,0.008,0.957,0.789,0.925,0.971,0.043,0.000,0.013,0.198,97.000,93.000,0.008,0.955,0.790,0.936,0.977,0.034,0.011,0.006,0.204
100,60,59,0.012,0.966,0.812,0.909,0.976,0.034,0.000,0.000,0.188,92.000,90.000,0.012,0.955,0.797,0.940,0.968,0.040,0.005,0.000,0.203,93.000,92.000,0.008,0.957,0.789,0.925,0.971,0.043,0.000,0.013,0.198,97.000,93.000,0.008,0.955,0.790,0.936,0.977,0.034,0.011,0.006,0.204
101,60,59,0.012,0.966,0.812,0.909,0.976,0.034,0.000,0.000,0.188,92.000,90.000,0.012,0.955,0.797,0.940,0.968,0.040,0.005,0.000,0.203,93.000,92.000,0.008,0.957,0.789,0.925,0.971,0.043,0.000,0.013,0.198,97.000,93.000,0.008,0.955,0.790,0.936,0.977,0.034,0.011,0.006,0.204
102,60,59,0.012,0.966,0.812,0.909,0.976,0.034,0.000,0.000,0.188,92.000,90.000,0.012,0.955,0.797,0.940,0.968,0.040,0.005,0.000,0.203,97.000,93.000,0.008,0.955,0.790,0.936,0.977,0.034,0.011,0.006,0.204,99.000,97.000,0.010,0.961,0.783,0.941,0.963,0.032,0.007,0.013,0.205
103,60,59,0.012,0.966,0.812,0.909,0.976,0.034,0.000,0.000,0.188,92.000,90.000,0.012,0.955,0.797,0.940,0.968,0.040,0.005,0.000,0.203,97.000,93.000,0.008,0.955,0.790,0.936,0.977,0.034,0.011,0.006,0.204,99.000,97.000,0.010,0.961,0.783,0.941,0.963,0.032,0.007,0.013,0.205
104,60,59,0.012,0.966,0.812,0.909,0.976,0.034,0.000,0.000,0.188,92.000,90.000,0.012,0.955,0.797,0.940,0.968,0.040,0.005,0.000,0.203,99.000,97.000,0.010,0.961,0.783,0.941,0.963,0.032,0.007,0.013,0.205,100.000,99.000,0.010,0.952,0.790,0.947,0.968,0.048,0.000,0.003,0.206
105,60,59,0.012,0.966,0.812,0.909,0.976,0.034,0.000,0.000,0.188,92.000,90.000,0.012,0.955,0.797,0.940,0.968,0.040,0.005,0.000,0.203,100.000,99.000,0.010,0.952,0.790,0.947,0.968,0.048,0.000,0.003,0.206,102.000,97.000,0.002,0.949,0.787,0.926,0.971,0.046,0.005,0.000,0.213
106,60,59,0.012,0.966,0.812,0.909,0.976,0.034,0.000,0.000,0.188,92.000,90.000,0.012,0.955,0.797,0.940,0.968,0.040,0.005,0.000,0.203,102.000,97.000,0.002,0.949,0.787,0.926,0.971,0.046,0.005,0.000,0.213,104.000,60.000,0.003,0.953,0.788,0.906,0.980,0.041,0.005,0.007,0.204
107,60,59,0.012,0.966,0.812,0.909,0.976,0.034,0.000,0.000,0.188,92.000,90.000,0.012,0.955,0.797,0.940,0.968,0.040,0.005,0.000,0.203,102.000,97.000,0.002,0.949,0.787,0.926,0.971,0.046,0.005,0.000,0.213,104.000,60.000,0.003,0.953,0.788,0.906,0.980,0.041,0.005,0.007,0.204
108,60,59,0.012,0.966,0.812,0.909,0.976,0.034,0.000,0.000,0.188,102.000,97.000,0.002,0.949,0.787,0.926,0.971,0.046,0.005,0.000,0.213,,,,,,,,,,,,,,,,,,,,,,
109,60,59,0.012,0.966,0.812,0.909,0.976,0.034,0.000,0.000,0.188,102.000,97.000,0.002,0.949,0.787,0.926,0.971,0.046,0.005,0.000,0.213,,,,,,,,,,,,,,,,,,,,,,
110,60,59,0.012,0.966,0.812,0.909,0.976,0.034,0.000,0.000,0.188,102.000,97.000,0.002,0.949,0.787,0.926,0.971,0.046,0.005,0.000,0.213,111.000,60.000,0.011,0.929,0.815,0.937,0.980,0.036,0.035,0.000,0.185,,,,,,,,,,,
111,60,59,0.012,0.966,0.812,0.909,0.976,0.034,0.000,0.000,0.188,112.000,60.000,0.014,0.946,0.805,0.898,0.965,0.037,0.016,0.002,0.194,,,,,,,,,,,,,,,,,,,,,,
112,60,59,0.012,0.966,0.812,0.909,0.976,0.034,0.000,0.000,0.188,112.000,60.000,0.014,0.946,0.805,0.898,0.965,0.037,0.016,0.002,0.194,113.000,60.000,0.007,0.986,0.820,0.912,1.000,0.014,0.000,0.000,0.180,,,,,,,,,,,
113,60,59,0.012,0.966,0.812,0.909,0.976,0.034,0.000,0.000,0.188,112.000,60.000,0.014,0.946,0.805,0.898,0.965,0.037,0.016,0.002,0.194,114.000,60.000,0.008,0.965,0.814,0.929,0.984,0.035,0.000,0.003,0.183,,,,,,,,,,,
114,60,59,0.012,0.966,0.812,0.909,0.976,0.034,0.000,0.000,0.188,112.000,60.000,0.014,0.946,0.805,0.898,0.965,0.037,0.016,0.002,0.194,114.000,60.000,0.008,0.965,0.814,0.929,0.984,0.035,0.000,0.003,0.183,115.000,60.000,0.015,0.984,0.785,0.930,0.976,0.016,0.000,0.019,0.195
115,60,59,0.012,0.966,0.812,0.909,0.976,0.034,0.000,0.000,0.188,112.000,60.000,0.014,0.946,0.805,0.898,0.965,0.037,0.016,0.002,0.194,115.000,60.000,0.015,0.984,0.785,0.930,0.976,0.016,0.000,0.019,0.195,116.000,60.000,0.012,0.972,0.821,0.905,0.999,0.028,0.000,0.000,0.179
116,60,59,0.012,0.966,0.812,0.909,0.976,0.034,0.000,0.000,0.188,112.000,60.000,0.014,0.946,0.805,0.898,0.965,0.037,0.016,0.002,0.194,115.000,60.000,0.015,0.984,0.785,0.930,0.976,0.016,0.000,0.019,0.195,116.000,60.000,0.012,0.972,0.821,0.905,0.999,0.028,0.000,0.000,0.179
117,112,60,0.014,0.946,0.805,0.898,0.965,0.037,0.016,0.002,0.194,115.000,60.000,0.015,0.984,0.785,0.930,0.976,0.016,0.000,0.019,0.195,117.000,60.000,0.018,0.960,0.819,0.920,0.966,0.040,0.000,0.000,0.181,118.000,112.000,0.021,0.937,0.802,0.897,0.971,0.039,0.024,0.000,0.198
118,112,60,0.014,0.946,0.805,0.898,0.965,0.037,0.016,0.002,0.194,117.000,60.000,0.018,0.960,0.819,0.920,0.966,0.040,0.000,0.000,0.181,118.000,112.000,0.021,0.937,0.802,0.897,0.971,0.039,0.024,0.000,0.198,119.000,117.000,0.020,0.967,0.821,0.927,0.968,0.033,0.000,0.000,0.179
119,112,60,0.014,0.946,0.805,0.898,0.965,0.037,0.016,0.002,0.194,117.000,60.000,0.018,0.960,0.819,0.920,0.966,0.040,0.000,0.000,0.181,118.000,112.000,0.021,0.937,0.802,0.897,0.971,0.039,0.024,0.000,0.198,119.000,117.000,0.020,0.967,0.821,0.927,0.968,0.033,0.000,0.000,0.179
120,112,60,0.014,0.946,0.805,0.898,0.965,0.037,0.016,0.002,0.194,117.000,60.000,0.018,0.960,0.819,0.920,0.966,0.040,0.000,0.000,0.181,118.000,112.000,0.021,0.937,0.802,0.897,0.971,0.039,0.024,0.000,0.198,119.000,117.000,0.020,0.967,0.821,0.927,0.968,0.033,0.000,0.000,0.179
121,112,60,0.014,0.946,0.805,0.898,0.965,0.037,0.016,0.002,0.194,118.000,112.000,0.021,0.937,0.802,0.897,0.971,0.039,0.024,0.000,0.198,120.000,119.000,0.014,0.966,0.800,0.923,0.969,0.034,0.000,0.009,0.190,121.000,118.000,0.022,0.931,0.793,0.895,0.966,0.038,0.031,0.000,0.207
122,112,60,0.014,0.946,0.805,0.898,0.965,0.037,0.016,0.002,0.194,121.000,118.000,0.022,0.931,0.793,0.895,0.966,0.038,0.031,0.000,0.207,123.000,122.000,0.013,0.940,0.825,0.931,0.957,0.054,0.006,0.000,0.175,,,,,,,,,,,
123,112,60,0.014,0.946,0.805,0.898,0.965,0.037,0.016,0.002,0.194,121.000,118.000,0.022,0.931,0.793,0.895,0.966,0.038,0.031,0.000,0.207,124.000,123.000,0.017,0.934,0.822,0.924,0.957,0.064,0.002,0.000,0.178,,,,,,,,,,,
124,112,60,0.014,0.946,0.805,0.898,0.965,0.037,0.016,0.002,0.194,121.000,118.000,0.022,0.931,0.793,0.895,0.966,0.038,0.031,0.000,0.207,125.000,124.000,0.014,0.912,0.834,0.924,0.946,0.078,0.010,0.001,0.165,,,,,,,,,,,
125,112,60,0.014,0.946,0.805,0.898,0.965,0.037,0.016,0.002,0.194,126.000,121.000,0.015,0.933,0.784,0.884,0.947,0.030,0.037,0.005,0.211,,,,,,,,,,,,,,,,,,,,,,
126,112,60,0.014,0.946,0.805,0.898,0.965,0.037,0.016,0.002,0.194,126.000,121.000,0.015,0.933,0.784,0.884,0.947,0.030,0.037,0.005,0.211,127.000,126.000,0.019,0.939,0.762,0.881,0.950,0.029,0.032,0.023,0.215,,,,,,,,,,,
127,112,60,0.014,0.946,0.805,0.898,0.965,0.037,0.016,0.002,0.194,126.000,121.000,0.015,0.933,0.784,0.884,0.947,0.030,0.037,0.005,0.211,127.000,126.000,0.019,0.939,0.762,0.881,0.950,0.029,0.032,0.023,0.215,128.000,112.000,0.021,0.954,0.811,0.890,0.971,0.035,0.012,0.000,0.189
128,112,60,0.014,0.946,0.805,0.898,0.965,0.037,0.016,0.002,0.194,126.000,121.000,0.015,0.933,0.784,0.884,0.947,0.030,0.037,0.005,0.211,127.000,126.000,0.019,0.939,0.762,0.881,0.950,0.029,0.032,0.023,0.215,128.000,112.000,0.021,0.954,0.811,0.890,0.971,0.035,0.012,0.000,0.189
129,112,60,0.014,0.946,0.805,0.898,0.965,0.037,0.016,0.002,0.194,126.000,121.000,0.015,0.933,0.784,0.884,0.947,0.030,0.037,0.005,0.211,127.000,126.000,0.019,0.939,0.762,0.881,0.950,0.029,0.032,0.023,0.215,128.000,112.000,0.021,0.954,0.811,0.890,0.971,0.035,0.012,0.000,0.189
130,126,121,0.015,0.933,0.784,0.884,0.947,0.030,0.037,0.005,0.211,127.000,126.000,0.019,0.939,0.762,0.881,0.950,0.029,0.032,0.023,0.215,129.000,126.000,0.015,0.898,0.789,0.893,0.940,0.052,0.050,0.013,0.198,130.000,127.000,0.025,0.927,0.756,0.876,0.938,0.036,0.037,0.024,0.220
131,126,121,0.015,0.933,0.784,0.884,0.947,0.030,0.037,0.005,0.211,127.000,126.000,0.019,0.939,0.762,0.881,0.950,0.029,0.032,0.023,0.215,129.000,126.000,0.015,0.898,0.789,0.893,0.940,0.052,0.050,0.013,0.198,130.000,127.000,0.025,0.927,0.756,0.876,0.938,0.036,0.037,0.024,0.220
132,126,121,0.015,0.933,0.784,0.884,0.947,0.030,0.037,0.005,0.211,127.000,126.000,0.019,0.939,0.762,0.881,0.950,0.029,0.032,0.023,0.215,130.000,127.000,0.025,0.927,0.756,0.876,0.938,0.036,0.037,0.024,0.220,131.000,127.000,0.027,0.911,0.765,0.890,0.943,0.045,0.044,0.021,0.214
133,126,121,0.015,0.933,0.784,0.884,0.947,0.030,0.037,0.005,0.211,127.000,126.000,0.019,0.939,0.762,0.881,0.950,0.029,0.032,0.023,0.215,133.000,131.000,0.032,0.909,0.766,0.886,0.944,0.038,0.053,0.021,0.214,134.000,132.000,0.024,0.919,0.759,0.882,0.947,0.027,0.054,0.021,0.220
134,126,121,0.015,0.933,0.784,0.884,0.947,0.030,0.037,0.005,0.211,127.000,126.000,0.019,0.939,0.762,0.881,0.950,0.029,0.032,0.023,0.215,134.000,132.000,0.024,0.919,0.759,0.882,0.947,0.027,0.054,0.021,0.220,135.000,127.000,0.018,0.942,0.765,0.879,0.941,0.030,0.028,0.016,0.219
135,126,121,0.015,0.933,0.784,0.884,0.947,0.030,0.037,0.005,0.211,127.000,126.000,0.019,0.939,0.762,0.881,0.950,0.029,0.032,0.023,0.215,134.000,132.000,0.024,0.919,0.759,0.882,0.947,0.027,0.054,0.021,0.220,135.000,127.000,0.018,0.942,0.765,0.879,0.941,0.030,0.028,0.016,0.219
136,126,121,0.015,0.933,0.784,0.884,0.947,0.030,0.037,0.005,0.211,127.000,126.000,0.019,0.939,0.762,0.881,0.950,0.029,0.032,0.023,0.215,134.000,132.000,0.024,0.919,0.759,0.882,0.947,0.027,0.054,0.021,0.220,135.000,127.000,0.018,0.942,0.765,0.879,0.941,0.030,0.028,0.016,0.219
137,126,121,0.015,0.933,0.784,0.884,0.947,0.030,0.037,0.005,0.211,134.000,132.000,0.024,0.919,0.759,0.882,0.947,0.027,0.054,0.021,0.220,135.000,127.000,0.018,0.942,0.765,0.879,0.941,0.030,0.028,0.016,0.219,137.000,136.000,0.012,0.910,0.753,0.901,0.939,0.040,0.050,0.014,0.233
138,126,121,0.015,0.933,0.784,0.884,0.947,0.030,0.037,0.005,0.211,134.000,132.000,0.024,0.919,0.759,0.882,0.947,0.027,0.054,0.021,0.220,135.000,127.000,0.018,0.942,0.765,0.879,0.941,0.030,0.028,0.016,0.219,137.000,136.000,0.012,0.910,0.753,0.901,0.939,0.040,0.050,0.014,0.233
139,126,121,0.015,0.933,0.784,0.884,0.947,0.030,0.037,0.005,0.211,135.000,127.000,0.018,0.942,0.765,0.879,0.941,0.030,0.028,0.016,0.219,137.000,136.000,0.012,0.910,0.753,0.901,0.939,0.040,0.050,0.014,0.233,138.000,126.000,0.009,0.933,0.778,0.882,0.951,0.022,0.044,0.021,0.201
140,126,121,0.015,0.933,0.784,0.884,0.947,0.030,0.037,0.005,0.211,141.000,140.000,0.016,0.923,0.758,0.880,0.958,0.024,0.054,0.015,0.227,,,,,,,,,,,,,,,,,,,,,,
141,126,121,0.015,0.933,0.784,0.884,0.947,0.030,0.037,0.005,0.211,141.000,140.000,0.016,0.923,0.758,0.880,0.958,0.024,0.054,0.015,0.227,142.000,141.000,0.016,0.907,0.764,0.883,0.959,0.038,0.055,0.012,0.224,,,,,,,,,,,
142,126,121,0.015,0.933,0.784,0.884,0.947,0.030,0.037,0.005,0.211,141.000,140.000,0.016,0.923,0.758,0.880,0.958,0.024,0.054,0.015,0.227,142.000,141.000,0.016,0.907,0.764,0.883,0.959,0.038,0.055,0.012,0.224,143.000,126.000,0.016,0.929,0.791,0.875,0.950,0.036,0.035,0.017,0.192
143,126,121,0.015,0.933,0.784,0.884,0.947,0.030,0.037,0.005,0.211,141.000,140.000,0.016,0.923,0.758,0.880,0.958,0.024,0.054,0.015,0.227,142.000,141.000,0.016,0.907,0.764,0.883,0.959,0.038,0.055,0.012,0.224,143.000,126.000,0.016,0.929,0.791,0.875,0.950,0.036,0.035,0.017,0.192
144,126,121,0.015,0.933,0.784,0.884,0.947,0.030,0.037,0.005,0.211,141.000,140.000,0.016,0.923,0.758,0.880,0.958,0.024,0.054,0.015,0.227,142.000,141.000,0.016,0.907,0.764,0.883,0.959,0.038,0.055,0.012,0.224,143.000,126.000,0.016,0.929,0.791,0.875,0.950,0.036,0.035,0.017,0.192
145,141,140,0.016,0.923,0.758,0.880,0.958,0.024,0.054,0.015,0.227,142.000,141.000,0.016,0.907,0.764,0.883,0.959,0.038,0.055,0.012,0.224,146.000,141.000,0.007,0.907,0.765,0.896,0.953,0.026,0.067,0.009,0.226,,,,,,,,,,,
146,141,140,0.016,0.923,0.758,0.880,0.958,0.024,0.054,0.015,0.227,142.000,141.000,0.016,0.907,0.764,0.883,0.959,0.038,0.055,0.012,0.224,146.000,141.000,0.007,0.907,0.765,0.896,0.953,0.026,0.067,0.009,0.226,147.000,141.000,0.016,0.931,0.759,0.888,0.951,0.015,0.054,0.017,0.224
147,141,140,0.016,0.923,0.758,0.880,0.958,0.024,0.054,0.015,0.227,142.000,141.000,0.016,0.907,0.764,0.883,0.959,0.038,0.055,0.012,0.224,147.000,141.000,0.016,0.931,0.759,0.888,0.951,0.015,0.054,0.017,0.224,148.000,141.000,0.016,0.912,0.770,0.892,0.980,0.029,0.059,0.010,0.220
148,141,140,0.016,0.923,0.758,0.880,0.958,0.024,0.054,0.015,0.227,142.000,141.000,0.016,0.907,0.764,0.883,0.959,0.038,0.055,0.012,0.224,147.000,141.000,0.016,0.931,0.759,0.888,0.951,0.015,0.054,0.017,0.224,148.000,141.000,0.016,0.912,0.770,0.892,0.980,0.029,0.059,0.010,0.220
149,141,140,0.016,0.923,0.758,0.880,0.958,0.024,0.054,0.015,0.227,142.000,141.000,0.016,0.907,0.764,0.883,0.959,0.038,0.055,0.012,0.224,147.000,141.000,0.016,0.931,0.759,0.888,0.951,0.015,0.054,0.017,0.224,149.000,147.000,0.024,0.930,0.750,0.874,0.950,0.028,0.042,0.025,0.225
150,141,140,0.016,0.923,0.758,0.880,0.958,0.024,0.054,0.015,0.227,142.000,141.000,0.016,0.907,0.764,0.883,0.959,0.038,0.055,0.012,0.224,147.000,141.000,0.016,0.931,0.759,0.888,0.951,0.015,0.054,0.017,0.224,149.000,147.000,0.024,0.930,0.750,0.874,0.950,0.028,0.042,0.025,0.225
151,141,140,0.016,0.923,0.758,0.880,0.958,0.024,0.054,0.015,0.227,142.000,141.000,0.016,0.907,0.764,0.883,0.959,0.038,0.055,0.012,0.224,147.000,141.000,0.016,0.931,0.759,0.888,0.951,0.015,0.054,0.017,0.224,149.000,147.000,0.024,0.930,0.750,0.874,0.950,0.028,0.042,0.025,0.225
152,141,140,0.016,0.923,0.758,0.880,0.958,0.024,0.054,0.015,0.227,142.000,141.000,0.016,0.907,0.764,0.883,0.959,0.038,0.055,0.012,0.224,147.000,141.000,0.016,0.931,0.759,0.888,0.951,0.015,0.054,0.017,0.224,149.000,147.000,0.024,0.930,0.750,0.874,0.950,0.028,0.042,0.025,0.225
153,141,140,0.016,0.923,0.758,0.880,0.958,0.024,0.054,0.015,0.227,142.000,141.000,0.016,0.907,0.764,0.883,0.959,0.038,0.055,0.012,0.224,151.000,142.000,0.020,0.889,0.755,0.881,0.968,0.037,0.074,0.010,0.235,154.000,149.000,0.022,0.931,0.745,0.889,0.951,0.037,0.032,0.015,0.240
154,141,140,0.016,0.923,0.758,0.880,0.958,0.024,0.054,0.015,0.227,142.000,141.000,0.016,0.907,0.764,0.883,0.959,0.038,0.055,0.012,0.224,151.000,142.000,0.020,0.889,0.755,0.881,0.968,0.037,0.074,0.010,0.235,155.000,154.000,0.033,0.924,0.740,0.896,0.949,0.039,0.037,0.030,0.230
155,141,140,0.016,0.923,0.758,0.880,0.958,0.024,0.054,0.015,0.227,142.000,141.000,0.016,0.907,0.764,0.883,0.959,0.038,0.055,0.012,0.224,151.000,142.000,0.020,0.889,0.755,0.881,0.968,0.037,0.074,0.010,0.235,156.000,155.000,0.042,0.913,0.754,0.901,0.953,0.045,0.043,0.035,0.212
156,141,140,0.016,0.923,0.758,0.880,0.958,0.024,0.054,0.015,0.227,157.000,141.000,0.015,0.921,0.736,0.879,0.961,0.021,0.058,0.016,0.248,,,,,,,,,,,,,,,,,,,,,,
157,141,140,0.016,0.923,0.758,0.880,0.958,0.024,0.054,0.015,0.227,157.000,141.000,0.015,0.921,0.736,0.879,0.961,0.021,0.058,0.016,0.248,158.000,141.000,0.010,0.914,0.762,0.892,0.950,0.026,0.060,0.016,0.222,,,,,,,,,,,
158,141,140,0.016,0.923,0.758,0.880,0.958,0.024,0.054,0.015,0.227,157.000,141.000,0.015,0.921,0.736,0.879,0.961,0.021,0.058,0.016,0.248,158.000,141.000,0.010,0.914,0.762,0.892,0.950,0.026,0.060,0.016,0.222,159.000,141.000,0.024,0.918,0.745,0.879,0.940,0.029,0.053,0.035,0.221
159,141,140,0.016,0.923,0.758,0.880,0.958,0.024,0.054,0.015,0.227,157.000,141.000,0.015,0.921,0.736,0.879,0.961,0.021,0.058,0.016,0.248,158.000,141.000,0.010,0.914,0.762,0.892,0.950,0.026,0.060,0.016,0.222,159.000,141.000,0.024,0.918,0.745,0.879,0.940,0.029,0.053,0.035,0.221
160,141,140,0.016,0.923,0.758,0.880,0.958,0.024,0.054,0.015,0.227,157.000,141.000,0.015,0.921,0.736,0.879,0.961,0.021,0.058,0.016,0.248,158.000,141.000,0.010,0.914,0.762,0.892,0.950,0.026,0.060,0.016,0.222,161.000,158.000,0.021,0.892,0.768,0.903,0.951,0.032,0.076,0.010,0.221
161,141,140,0.016,0.923,0.758,0.880,0.958,0.024,0.054,0.015,0.227,157.000,141.000,0.015,0.921,0.736,0.879,0.961,0.021,0.058,0.016,0.248,158.000,141.000,0.010,0.914,0.762,0.892,0.950,0.026,0.060,0.016,0.222,161.000,158.000,0.021,0.892,0.768,0.903,0.951,0.032,0.076,0.010,0.221
162,141,140,0.016,0.923,0.758,0.880,0.958,0.024,0.054,0.015,0.227,157.000,141.000,0.015,0.921,0.736,0.879,0.961,0.021,0.058,0.016,0.248,158.000,141.000,0.010,0.914,0.762,0.892,0.950,0.026,0.060,0.016,0.222,161.000,158.000,0.021,0.892,0.768,0.903,0.951,0.032,0.076,0.010,0.221
163,141,140,0.016,0.923,0.758,0.880,0.958,0.024,0.054,0.015,0.227,157.000,141.000,0.015,0.921,0.736,0.879,0.961,0.021,0.058,0.016,0.248,158.000,141.000,0.010,0.914,0.762,0.892,0.950,0.026,0.060,0.016,0.222,161.000,158.000,0.021,0.892,0.768,0.903,0.951,0.032,0.076,0.010,0.221
164,141,140,0.016,0.923,0.758,0.880,0.958,0.024,0.054,0.015,0.227,157.000,141.000,0.015,0.921,0.736,0.879,0.961,0.021,0.058,0.016,0.248,158.000,141.000,0.010,0.914,0.762,0.892,0.950,0.026,0.060,0.016,0.222,162.000,157.000,0.015,0.911,0.724,0.878,0.972,0.020,0.069,0.029,0.247
165,157,141,0.015,0.921,0.736,0.879,0.961,0.021,0.058,0.016,0.248,165.000,157.000,0.015,0.918,0.745,0.857,0.950,0.030,0.052,0.015,0.240,,,,,,,,,,,,,,,,,,,,,,
166,157,141,0.015,0.921,0.736,0.879,0.961,0.021,0.058,0.016,0.248,165.000,157.000,0.015,0.918,0.745,0.857,0.950,0.030,0.052,0.015,0.240,167.000,157.000,0.015,0.918,0.740,0.878,0.961,0.026,0.056,0.009,0.251,,,,,,,,,,,
167,157,141,0.015,0.921,0.736,0.879,0.961,0.021,0.058,0.016,0.248,167.000,157.000,0.015,0.918,0.740,0.878,0.961,0.026,0.056,0.009,0.251,,,,,,,,,,,,,,,,,,,,,,
168,157,141,0.015,0.921,0.736,0.879,0.961,0.021,0.058,0.016,0.248,167.000,157.000,0.015,0.918,0.740,0.878,0.961,0.026,0.056,0.009,0.251,169.000,157.000,0.027,0.897,0.735,0.876,0.952,0.028,0.074,0.012,0.254,,,,,,,,,,,
169,167,157,0.015,0.918,0.740,0.878,0.961,0.026,0.056,0.009,0.251,170.000,167.000,0.008,0.901,0.744,0.888,0.957,0.049,0.050,0.000,0.256,,,,,,,,,,,,,,,,,,,,,,
170,167,157,0.015,0.918,0.740,0.878,0.961,0.026,0.056,0.009,0.251,170.000,167.000,0.008,0.901,0.744,0.888,0.957,0.049,0.050,0.000,0.256,,,,,,,,,,,,,,,,,,,,,,
171,167,157,0.015,0.918,0.740,0.878,0.961,0.026,0.056,0.009,0.251,170.000,167.000,0.008,0.901,0.744,0.888,0.957,0.049,0.050,0.000,0.256,,,,,,,,,,,,,,,,,,,,,,
172,167,157,0.015,0.918,0.740,0.878,0.961,0.026,0.056,0.009,0.251,170.000,167.000,0.008,0.901,0.744,0.888,0.957,0.049,0.050,0.000,0.256,173.000,170.000,0.009,0.902,0.736,0.888,0.945,0.052,0.046,0.000,0.264,,,,,,,,,,,
173,167,157,0.015,0.918,0.740,0.878,0.961,0.026,0.056,0.009,0.251,170.000,167.000,0.008,0.901,0.744,0.888,0.957,0.049,0.050,0.000,0.256,173.000,170.000,0.009,0.902,0.736,0.888,0.945,0.052,0.046,0.000,0.264,174.000,167.000,0.011,0.925,0.744,0.863,0.966,0.016,0.060,0.013,0.243
174,167,157,0.015,0.918,0.740,0.878,0.961,0.026,0.056,0.009,0.251,170.000,167.000,0.008,0.901,0.744,0.888,0.957,0.049,0.050,0.000,0.256,173.000,170.000,0.009,0.902,0.736,0.888,0.945,0.052,0.046,0.000,0.264,174.000,167.000,0.011,0.925,0.744,0.863,0.966,0.016,0.060,0.013,0.243
175,167,157,0.015,0.918,0.740,0.878,0.961,0.026,0.056,0.009,0.251,170.000,167.000,0.008,0.901,0.744,0.888,0.957,0.049,0.050,0.000,0.256,173.000,170.000,0.009,0.902,0.736,0.888,0.945,0.052,0.046,0.000,0.264,174.000,167.000,0.011,0.925,0.744,0.863,0.966,0.016,0.060,0.013,0.243
176,167,157,0.015,0.918,0.740,0.878,0.961,0.026,0.056,0.009,0.251,170.000,167.000,0.008,0.901,0.744,0.888,0.957,0.049,0.050,0.000,0.256,173.000,170.000,0.009,0.902,0.736,0.888,0.945,0.052,0.046,0.000,0.264,174.000,167.000,0.011,0.925,0.744,0.863,0.966,0.016,0.060,0.013,0.243
177,170,167,0.008,0.901,0.744,0.888,0.957,0.049,0.050,0.000,0.256,173.000,170.000,0.009,0.902,0.736,0.888,0.945,0.052,0.046,0.000,0.264,174.000,167.000,0.011,0.925,0.744,0.863,0.966,0.016,0.060,0.013,0.243,178.000,167.000,0.010,0.940,0.729,0.862,0.967,0.003,0.057,0.021,0.250
178,170,167,0.008,0.901,0.744,0.888,0.957,0.049,0.050,0.000,0.256,173.000,170.000,0.009,0.902,0.736,0.888,0.945,0.052,0.046,0.000,0.264,174.000,167.000,0.011,0.925,0.744,0.863,0.966,0.016,0.060,0.013,0.243,178.000,167.000,0.010,0.940,0.729,0.862,0.967,0.003,0.057,0.021,0.250
179,170,167,0.008,0.901,0.744,0.888,0.957,0.049,0.050,0.000,0.256,173.000,170.000,0.009,0.902,0.736,0.888,0.945,0.052,0.046,0.000,0.264,179.000,173.000,0.009,0.925,0.727,0.881,0.938,0.033,0.042,0.000,0.273,,,,,,,,,,,
180,170,167,0.008,0.901,0.744,0.888,0.957,0.049,0.050,0.000,0.256,173.000,170.000,0.009,0.902,0.736,0.888,0.945,0.052,0.046,0.000,0.264,179.000,173.000,0.009,0.925,0.727,0.881,0.938,0.033,0.042,0.000,0.273,,,,,,,,,,,
181,170,167,0.008,0.901,0.744,0.888,0.957,0.049,0.050,0.000,0.256,173.000,170.000,0.009,0.902,0.736,0.888,0.945,0.052,0.046,0.000,0.264,179.000,173.000,0.009,0.925,0.727,0.881,0.938,0.033,0.042,0.000,0.273,,,,,,,,,,,
182,170,167,0.008,0.901,0.744,0.888,0.957,0.049,0.050,0.000,0.256,173.000,170.000,0.009,0.902,0.736,0.888,0.945,0.052,0.046,0.000,0.264,179.000,173.000,0.009,0.925,0.727,0.881,0.938,0.033,0.042,0.000,0.273,,,,,,,,,,,
183,170,167,0.008,0.901,0.744,0.888,0.957,0.049,0.050,0.000,0.256,173.000,170.000,0.009,0.902,0.736,0.888,0.945,0.052,0.046,0.000,0.264,179.000,173.000,0.009,0.925,0.727,0.881,0.938,0.033,0.042,0.000,0.273,184.000,173.000,0.006,0.900,0.738,0.871,0.946,0.055,0.045,0.001,0.261
184,179,173,0.009,0.925,0.727,0.881,0.938,0.033,0.042,0.000,0.273,185.000,179.000,0.016,0.932,0.713,0.876,0.961,0.029,0.039,0.010,0.276,,,,,,,,,,,,,,,,,,,,,,
185,179,173,0.009,0.925,0.727,0.881,0.938,0.033,0.042,0.000,0.273,185.000,179.000,0.016,0.932,0.713,0.876,0.961,0.029,0.039,0.010,0.276,,,,,,,,,,,,,,,,,,,,,,
186,179,173,0.009,0.925,0.727,0.881,0.938,0.033,0.042,0.000,0.273,185.000,179.000,0.016,0.932,0.713,0.876,0.961,0.029,0.039,0.010,0.276,187.000,179.000,0.010,0.917,0.731,0.861,0.944,0.037,0.046,0.000,0.269,,,,,,,,,,,
187,179,173,0.009,0.925,0.727,0.881,0.938,0.033,0.042,0.000,0.273,185.000,179.000,0.016,0.932,0.713,0.876,0.961,0.029,0.039,0.010,0.276,187.000,179.000,0.010,0.917,0.731,0.861,0.944,0.037,0.046,0.000,0.269,188.000,179.000,0.011,0.936,0.728,0.885,0.935,0.040,0.025,0.000,0.272
188,179,173,0.009,0.925,0.727,0.881,0.938,0.033,0.042,0.000,0.273,185.000,179.000,0.016,0.932,0.713,0.876,0.961,0.029,0.039,0.010,0.276,187.000,179.000,0.010,0.917,0.731,0.861,0.944,0.037,0.046,0.000,0.269,188.000,179.000,0.011,0.936,0.728,0.885,0.935,0.040,0.025,0.000,0.272
189,179,173,0.009,0.925,0.727,0.881,0.938,0.033,0.042,0.000,0.273,185.000,179.000,0.016,0.932,0.713,0.876,0.961,0.029,0.039,0.010,0.276,187.000,179.000,0.010,0.917,0.731,0.861,0.944,0.037,0.046,0.000,0.269,188.000,179.000,0.011,0.936,0.728,0.885,0.935,0.040,0.025,0.000,0.272
190,185,179,0.016,0.932,0.713,0.876,0.961,0.029,0.039,0.010,0.276,187.000,179.000,0.010,0.917,0.731,0.861,0.944,0.037,0.046,0.000,0.269,188.000,179.000,0.011,0.936,0.728,0.885,0.935,0.040,0.025,0.000,0.272,189.000,185.000,0.018,0.918,0.731,0.871,0.961,0.039,0.042,0.000,0.269
191,185,179,0.016,0.932,0.713,0.876,0.961,0.029,0.039,0.010,0.276,187.000,179.000,0.010,0.917,0.731,0.861,0.944,0.037,0.046,0.000,0.269,189.000,185.000,0.018,0.918,0.731,0.871,0.961,0.039,0.042,0.000,0.269,,,,,,,,,,,
192,187,179,0.010,0.917,0.731,0.861,0.944,0.037,0.046,0.000,0.269,189.000,185.000,0.018,0.918,0.731,0.871,0.961,0.039,0.042,0.000,0.269,193.000,185.000,0.008,0.929,0.711,0.879,0.959,0.026,0.045,0.006,0.284,,,,,,,,,,,
193,187,179,0.010,0.917,0.731,0.861,0.944,0.037,0.046,0.000,0.269,193.000,185.000,0.008,0.929,0.711,0.879,0.959,0.026,0.045,0.006,0.284,,,,,,,,,,,,,,,,,,,,,,
194,187,179,0.010,0.917,0.731,0.861,0.944,0.037,0.046,0.000,0.269,193.000,185.000,0.008,0.929,0.711,0.879,0.959,0.026,0.045,0.006,0.284,,,,,,,,,,,,,,,,,,,,,,
195,187,179,0.010,0.917,0.731,0.861,0.944,0.037,0.046,0.000,0.269,193.000,185.000,0.008,0.929,0.711,0.879,0.959,0.026,0.045,0.006,0.284,,,,,,,,,,,,,,,,,,,,,,
196,187,179,0.010,0.917,0.731,0.861,0.944,0.037,0.046,0.000,0.269,193.000,185.000,0.008,0.929,0.711,0.879,0.959,0.026,0.045,0.006,0.284,,,,,,,,,,,,,,,,,,,,,,
197,187,179,0.010,0.917,0.731,0.861,0.944,0.037,0.046,0.000,0.269,193.000,185.000,0.008,0.929,0.711,0.879,0.959,0.026,0.045,0.006,0.284,198.000,187.000,0.007,0.929,0.718,0.839,0.933,0.033,0.037,0.000,0.282,,,,,,,,,,,
198,187,179,0.010,0.917,0.731,0.861,0.944,0.037,0.046,0.000,0.269,193.000,185.000,0.008,0.929,0.711,0.879,0.959,0.026,0.045,0.006,0.284,198.000,187.000,0.007,0.929,0.718,0.839,0.933,0.033,0.037,0.000,0.282,199.000,193.000,0.010,0.935,0.709,0.893,0.949,0.019,0.047,0.010,0.281
199,187,179,0.010,0.917,0.731,0.861,0.944,0.037,0.046,0.000,0.269,193.000,185.000,0.008,0.929,0.711,0.879,0.959,0.026,0.045,0.006,0.284,198.000,187.000,0.007,0.929,0.718,0.839,0.933,0.033,0.037,0.000,0.282,199.000,193.000,0.010,0.935,0.709,0.893,0.949,0.019,0.047,0.010,0.281
200,187,179,0.010,0.917,0.731,0.861,0.944,0.037,0.046,0.000,0.269,193.000,185.000,0.008,0.929,0.711,0.879,0.959,0.026,0.045,0.006,0.284,198.000,187.000,0.007,0.929,0.718,0.839,0.933,0.033,0.037,0.000,0.282,199.000,193.000,0.010,0.935,0.709,0.893,0.949,0.019,0.047,0.010,0.281
201,187,179,0.010,0.917,0.731,0.861,0.944,0.037,0.046,0.000,0.269,198.000,187.000,0.007,0.929,0.718,0.839,0.933,0.033,0.037,0.000,0.282,201.000,198.000,0.011,0.919,0.713,0.838,0.949,0.028,0.053,0.014,0.273,202.000,187.000,0.006,0.907,0.741,0.850,0.951,0.046,0.047,0.000,0.259
202,187,179,0.010,0.917,0.731,0.861,0.944,0.037,0.046,0.000,0.269,198.000,187.000,0.007,0.929,0.718,0.839,0.933,0.033,0.037,0.000,0.282,201.000,198.000,0.011,0.919,0.713,0.838,0.949,0.028,0.053,0.014,0.273,202.000,187.000,0.006,0.907,0.741,0.850,0.951,0.046,0.047,0.000,0.259
203,187,179,0.010,0.917,0.731,0.861,0.944,0.037,0.046,0.000,0.269,198.000,187.000,0.007,0.929,0.718,0.839,0.933,0.033,0.037,0.000,0.282,201.000,198.000,0.011,0.919,0.713,0.838,0.949,0.028,0.053,0.014,0.273,203.000,198.000,0.009,0.903,0.721,0.838,0.925,0.045,0.052,0.000,0.279
204,187,179,0.010,0.917,0.731,0.861,0.944,0.037,0.046,0.000,0.269,198.000,187.000,0.007,0.929,0.718,0.839,0.933,0.033,0.037,0.000,0.282,201.000,198.000,0.011,0.919,0.713,0.838,0.949,0.028,0.053,0.014,0.273,204.000,187.000,0.014,0.935,0.724,0.842,0.941,0.023,0.043,0.013,0.263
205,187,179,0.010,0.917,0.731,0.861,0.944,0.037,0.046,0.000,0.269,198.000,187.000,0.007,0.929,0.718,0.839,0.933,0.033,0.037,0.000,0.282,201.000,198.000,0.011,0.919,0.713,0.838,0.949,0.028,0.053,0.014,0.273,204.000,187.000,0.014,0.935,0.724,0.842,0.941,0.023,0.043,0.013,0.263
206,187,179,0.010,0.917,0.731,0.861,0.944,0.037,0.046,0.000,0.269,198.000,187.000,0.007,0.929,0.718,0.839,0.933,0.033,0.037,0.000,0.282,201.000,198.000,0.011,0.919,0.713,0.838,0.949,0.028,0.053,0.014,0.273,204.000,187.000,0.014,0.935,0.724,0.842,0.941,0.023,0.043,0.013,0.263
207,187,179,0.010,0.917,0.731,0.861,0.944,0.037,0.046,0.000,0.269,201.000,198.000,0.011,0.919,0.713,0.838,0.949,0.028,0.053,0.014,0.273,204.000,187.000,0.014,0.935,0.724,0.842,0.941,0.023,0.043,0.013,0.263,206.000,204.000,0.011,0.928,0.725,0.846,0.936,0.022,0.050,0.006,0.270
208,187,179,0.010,0.917,0.731,0.861,0.944,0.037,0.046,0.000,0.269,201.000,198.000,0.011,0.919,0.713,0.838,0.949,0.028,0.053,0.014,0.273,204.000,187.000,0.014,0.935,0.724,0.842,0.941,0.023,0.043,0.013,0.263,206.000,204.000,0.011,0.928,0.725,0.846,0.936,0.022,0.050,0.006,0.270
209,187,179,0.010,0.917,0.731,0.861,0.944,0.037,0.046,0.000,0.269,201.000,198.000,0.011,0.919,0.713,0.838,0.949,0.028,0.053,0.014,0.273,204.000,187.000,0.014,0.935,0.724,0.842,0.941,0.023,0.043,0.013,0.263,206.000,204.000,0.011,0.928,0.725,0.846,0.936,0.022,0.050,0.006,0.270
210,187,179,0.010,0.917,0.731,0.861,0.944,0.037,0.046,0.000,0.269,201.000,198.000,0.011,0.919,0.713,0.838,0.949,0.028,0.053,0.014,0.273,209.000,201.000,0.013,0.932,0.714,0.835,0.944,0.015,0.053,0.013,0.273,211.000,206.000,0.016,0.937,0.733,0.855,0.943,0.019,0.044,0.000,0.267
211,187,179,0.010,0.917,0.731,0.861,0.944,0.037,0.046,0.000,0.269,201.000,198.000,0.011,0.919,0.713,0.838,0.949,0.028,0.053,0.014,0.273,209.000,201.000,0.013,0.932,0.714,0.835,0.944,0.015,0.053,0.013,0.273,211.000,206.000,0.016,0.937,0.733,0.855,0.943,0.019,0.044,0.000,0.267
212,187,179,0.010,0.917,0.731,0.861,0.944,0.037,0.046,0.000,0.269,201.000,198.000,0.011,0.919,0.713,0.838,0.949,0.028,0.053,0.014,0.273,209.000,201.000,0.013,0.932,0.714,0.835,0.944,0.015,0.053,0.013,0.273,211.000,206.000,0.016,0.937,0.733,0.855,0.943,0.019,0.044,0.000,0.267
213,187,179,0.010,0.917,0.731,0.861,0.944,0.037,0.046,0.000,0.269,201.000,198.000,0.011,0.919,0.713,0.838,0.949,0.028,0.053,0.014,0.273,209.000,201.000,0.013,0.932,0.714,0.835,0.944,0.015,0.053,0.013,0.273,211.000,206.000,0.016,0.937,0.733,0.855,0.943,0.019,0.044,0.000,0.267
214,187,179,0.010,0.917,0.731,0.861,0.944,0.037,0.046,0.000,0.269,201.000,198.000,0.011,0.919,0.713,0.838,0.949,0.028,0.053,0.014,0.273,209.000,201.000,0.013,0.932,0.714,0.835,0.944,0.015,0.053,0.013,0.273,211.000,206.000,0.016,0.937,0.733,0.855,0.943,0.019,0.044,0.000,0.267
215,187,179,0.010,0.917,0.731,0.861,0.944,0.037,0.046,0.000,0.269,201.000,198.000,0.011,0.919,0.713,0.838,0.949,0.028,0.053,0.014,0.273,209.000,201.000,0.013,0.932,0.714,0.835,0.944,0.015,0.053,0.013,0.273,211.000,206.000,0.016,0.937,0.733,0.855,0.943,0.019,0.044,0.000,0.267
216,187,179,0.010,0.917,0.731,0.861,0.944,0.037,0.046,0.000,0.269,209.000,201.000,0.013,0.932,0.714,0.835,0.944,0.015,0.053,0.013,0.273,211.000,206.000,0.016,0.937,0.733,0.855,0.943,0.019,0.044,0.000,0.267,214.000,209.000,0.010,0.914,0.728,0.836,0.940,0.020,0.065,0.013,0.259
217,187,179,0.010,0.917,0.731,0.861,0.944,0.037,0.046,0.000,0.269,209.000,201.000,0.013,0.932,0.714,0.835,0.944,0.015,0.053,0.013,0.273,211.000,206.000,0.016,0.937,0.733,0.855,0.943,0.019,0.044,0.000,0.267,214.000,209.000,0.010,0.914,0.728,0.836,0.940,0.020,0.065,0.013,0.259
218,187,179,0.010,0.917,0.731,0.861,0.944,0.037,0.046,0.000,0.269,209.000,201.000,0.013,0.932,0.714,0.835,0.944,0.015,0.053,0.013,0.273,211.000,206.000,0.016,0.937,0.733,0.855,0.943,0.019,0.044,0.000,0.267,214.000,209.000,0.010,0.914,0.728,0.836,0.940,0.020,0.065,0.013,0.259
219,187,179,0.010,0.917,0.731,0.861,0.944,0.037,0.046,0.000,0.269,209.000,201.000,0.013,0.932,0.714,0.835,0.944,0.015,0.053,0.013,0.273,211.000,206.000,0.016,0.937,0.733,0.855,0.943,0.019,0.044,0.000,0.267,215.000,214.000,0.016,0.900,0.724,0.833,0.950,0.021,0.080,0.010,0.265
220,187,179,0.010,0.917,0.731,0.861,0.944,0.037,0.046,0.000,0.269,211.000,206.000,0.016,0.937,0.733,0.855,0.943,0.019,0.044,0.000,0.267,220.000,211.000,0.014,0.932,0.725,0.852,0.938,0.030,0.038,0.000,0.275,221.000,215.000,0.018,0.906,0.739,0.824,0.957,0.010,0.084,0.004,0.257
221,187,179,0.010,0.917,0.731,0.861,0.944,0.037,0.046,0.000,0.269,222.000,220.000,0.011,0.937,0.708,0.846,0.950,0.029,0.034,0.006,0.286,,,,,,,,,,,,,,,,,,,,,,
222,187,179,0.010,0.917,0.731,0.861,0.944,0.037,0.046,0.000,0.269,222.000,220.000,0.011,0.937,0.708,0.846,0.950,0.029,0.034,0.006,0.286,223.000,187.000,0.000,0.893,0.731,0.872,0.946,0.047,0.061,0.012,0.257,,,,,,,,,,,
223,187,179,0.010,0.917,0.731,0.861,0.944,0.037,0.046,0.000,0.269,222.000,220.000,0.011,0.937,0.708,0.846,0.950,0.029,0.034,0.006,0.286,223.000,187.000,0.000,0.893,0.731,0.872,0.946,0.047,0.061,0.012,0.257,224.000,222.000,0.002,0.951,0.693,0.841,0.940,0.030,0.019,0.008,0.299
224,187,179,0.010,0.917,0.731,0.861,0.944,0.037,0.046,0.000,0.269,222.000,220.000,0.011,0.937,0.708,0.846,0.950,0.029,0.034,0.006,0.286,224.000,222.000,0.002,0.951,0.693,0.841,0.940,0.030,0.019,0.008,0.299,225.000,224.000,0.001,0.944,0.701,0.841,0.941,0.042,0.014,0.000,0.299
225,222,220,0.011,0.937,0.708,0.846,0.950,0.029,0.034,0.006,0.286,226.000,224.000,0.011,0.949,0.693,0.829,0.946,0.037,0.014,0.001,0.306,,,,,,,,,,,,,,,,,,,,,,
226,222,220,0.011,0.937,0.708,0.846,0.950,0.029,0.034,0.006,0.286,226.000,224.000,0.011,0.949,0.693,0.829,0.946,0.037,0.014,0.001,0.306,227.000,226.000,0.007,0.947,0.695,0.839,0.951,0.042,0.011,0.000,0.305,,,,,,,,,,,
227,222,220,0.011,0.937,0.708,0.846,0.950,0.029,0.034,0.006,0.286,226.000,224.000,0.011,0.949,0.693,0.829,0.946,0.037,0.014,0.001,0.306,227.000,226.000,0.007,0.947,0.695,0.839,0.951,0.042,0.011,0.000,0.305,228.000,222.000,0.009,0.922,0.701,0.858,0.935,0.037,0.041,0.004,0.295
228,222,220,0.011,0.937,0.708,0.846,0.950,0.029,0.034,0.006,0.286,226.000,224.000,0.011,0.949,0.693,0.829,0.946,0.037,0.014,0.001,0.306,227.000,226.000,0.007,0.947,0.695,0.839,0.951,0.042,0.011,0.000,0.305,229.000,226.000,0.005,0.960,0.677,0.809,0.954,0.032,0.008,0.004,0.319
229,222,220,0.011,0.937,0.708,0.846,0.950,0.029,0.034,0.006,0.286,226.000,224.000,0.011,0.949,0.693,0.829,0.946,0.037,0.014,0.001,0.306,227.000,226.000,0.007,0.947,0.695,0.839,0.951,0.042,0.011,0.000,0.305,229.000,226.000,0.005,0.960,0.677,0.809,0.954,0.032,0.008,0.004,0.319
230,222,220,0.011,0.937,0.708,0.846,0.950,0.029,0.034,0.006,0.286,226.000,224.000,0.011,0.949,0.693,0.829,0.946,0.037,0.014,0.001,0.306,227.000,226.000,0.007,0.947,0.695,0.839,0.951,0.042,0.011,0.000,0.305,229.000,226.000,0.005,0.960,0.677,0.809,0.954,0.032,0.008,0.004,0.319
231,222,220,0.011,0.937,0.708,0.846,0.950,0.029,0.034,0.006,0.286,226.000,224.000,0.011,0.949,0.693,0.829,0.946,0.037,0.014,0.001,0.306,227.000,226.000,0.007,0.947,0.695,0.839,0.951,0.042,0.011,0.000,0.305,229.000,226.000,0.005,0.960,0.677,0.809,0.954,0.032,0.008,0.004,0.319
232,226,224,0.011,0.949,0.693,0.829,0.946,0.037,0.014,0.001,0.306,227.000,226.000,0.007,0.947,0.695,0.839,0.951,0.042,0.011,0.000,0.305,232.000,222.000,0.013,0.941,0.710,0.855,0.931,0.034,0.025,0.004,0.286,233.000,227.000,0.007,0.941,0.691,0.854,0.953,0.028,0.031,0.010,0.299
233,226,224,0.011,0.949,0.693,0.829,0.946,0.037,0.014,0.001,0.306,227.000,226.000,0.007,0.947,0.695,0.839,0.951,0.042,0.011,0.000,0.305,232.000,222.000,0.013,0.941,0.710,0.855,0.931,0.034,0.025,0.004,0.286,233.000,227.000,0.007,0.941,0.691,0.854,0.953,0.028,0.031,0.010,0.299
234,226,224,0.011,0.949,0.693,0.829,0.946,0.037,0.014,0.001,0.306,227.000,226.000,0.007,0.947,0.695,0.839,0.951,0.042,0.011,0.000,0.305,232.000,222.000,0.013,0.941,0.710,0.855,0.931,0.034,0.025,0.004,0.286,233.000,227.000,0.007,0.941,0.691,0.854,0.953,0.028,0.031,0.010,0.299
235,226,224,0.011,0.949,0.693,0.829,0.946,0.037,0.014,0.001,0.306,227.000,226.000,0.007,0.947,0.695,0.839,0.951,0.042,0.011,0.000,0.305,232.000,222.000,0.013,0.941,0.710,0.855,0.931,0.034,0.025,0.004,0.286,233.000,227.000,0.007,0.941,0.691,0.854,0.953,0.028,0.031,0.010,0.299
236,226,224,0.011,0.949,0.693,0.829,0.946,0.037,0.014,0.001,0.306,227.000,226.000,0.007,0.947,0.695,0.839,0.951,0.042,0.011,0.000,0.305,234.000,226.000,0.008,0.946,0.692,0.839,0.946,0.042,0.012,0.000,0.308,235.000,233.000,0.006,0.936,0.680,0.853,0.942,0.039,0.025,0.020,0.299
237,226,224,0.011,0.949,0.693,0.829,0.946,0.037,0.014,0.001,0.306,227.000,226.000,0.007,0.947,0.695,0.839,0.951,0.042,0.011,0.000,0.305,234.000,226.000,0.008,0.946,0.692,0.839,0.946,0.042,0.012,0.000,0.308,235.000,233.000,0.006,0.936,0.680,0.853,0.942,0.039,0.025,0.020,0.299
238,226,224,0.011,0.949,0.693,0.829,0.946,0.037,0.014,0.001,0.306,227.000,226.000,0.007,0.947,0.695,0.839,0.951,0.042,0.011,0.000,0.305,234.000,226.000,0.008,0.946,0.692,0.839,0.946,0.042,0.012,0.000,0.308,236.000,227.000,0.013,0.926,0.696,0.837,0.954,0.047,0.026,0.000,0.304
239,226,224,0.011,0.949,0.693,0.829,0.946,0.037,0.014,0.001,0.306,227.000,226.000,0.007,0.947,0.695,0.839,0.951,0.042,0.011,0.000,0.305,234.000,226.000,0.008,0.946,0.692,0.839,0.946,0.042,0.012,0.000,0.308,236.000,227.000,0.013,0.926,0.696,0.837,0.954,0.047,0.026,0.000,0.304
240,226,224,0.011,0.949,0.693,0.829,0.946,0.037,0.014,0.001,0.306,227.000,226.000,0.007,0.947,0.695,0.839,0.951,0.042,0.011,0.000,0.305,234.000,226.000,0.008,0.946,0.692,0.839,0.946,0.042,0.012,0.000,0.308,236.000,227.000,0.013,0.926,0.696,0.837,0.954,0.047,0.026,0.000,0.304
241,226,224,0.011,0.949,0.693,0.829,0.946,0.037,0.014,0.001,0.306,227.000,226.000,0.007,0.947,0.695,0.839,0.951,0.042,0.011,0.000,0.305,234.000,226.000,0.008,0.946,0.692,0.839,0.946,0.042,0.012,0.000,0.308,236.000,227.000,0.013,0.926,0.696,0.837,0.954,0.047,0.026,0.000,0.304
242,226,224,0.011,0.949,0.693,0.829,0.946,0.037,0.014,0.001,0.306,227.000,226.000,0.007,0.947,0.695,0.839,0.951,0.042,0.011,0.000,0.305,234.000,226.000,0.008,0.946,0.692,0.839,0.946,0.042,0.012,0.000,0.308,236.000,227.000,0.013,0.926,0.696,0.837,0.954,0.047,0.026,0.000,0.304
243,226,224,0.011,0.949,0.693,0.829,0.946,0.037,0.014,0.001,0.306,234.000,226.000,0.008,0.946,0.692,0.839,0.946,0.042,0.012,0.000,0.308,236.000,227.000,0.013,0.926,0.696,0.837,0.954,0.047,0.026,0.000,0.304,238.000,236.000,0.019,0.926,0.684,0.836,0.952,0.056,0.018,0.000,0.316
244,226,224,0.011,0.949,0.693,0.829,0.946,0.037,0.014,0.001,0.306,236.000,227.000,0.013,0.926,0.696,0.837,0.954,0.047,0.026,0.000,0.304,238.000,236.000,0.019,0.926,0.684,0.836,0.952,0.056,0.018,0.000,0.316,240.000,238.000,0.015,0.934,0.681,0.824,0.939,0.053,0.013,0.000,0.319
245,226,224,0.011,0.949,0.693,0.829,0.946,0.037,0.014,0.001,0.306,236.000,227.000,0.013,0.926,0.696,0.837,0.954,0.047,0.026,0.000,0.304,,,,,,,,,,,,,,,,,,,,,,
246,226,224,0.011,0.949,0.693,0.829,0.946,0.037,0.014,0.001,0.306,236.000,227.000,0.013,0.926,0.696,0.837,0.954,0.047,0.026,0.000,0.304,247.000,236.000,0.016,0.920,0.704,0.850,0.958,0.044,0.036,0.005,0.291,,,,,,,,,,,
247,226,224,0.011,0.949,0.693,0.829,0.946,0.037,0.014,0.001,0.306,236.000,227.000,0.013,0.926,0.696,0.837,0.954,0.047,0.026,0.000,0.304,247.000,236.000,0.016,0.920,0.704,0.850,0.958,0.044,0.036,0.005,0.291,,,,,,,,,,,
248,226,224,0.011,0.949,0.693,0.829,0.946,0.037,0.014,0.001,0.306,236.000,227.000,0.013,0.926,0.696,0.837,0.954,0.047,0.026,0.000,0.304,249.000,236.000,0.017,0.939,0.690,0.854,0.960,0.035,0.026,0.000,0.310,,,,,,,,,,,
249,226,224,0.011,0.949,0.693,0.829,0.946,0.037,0.014,0.001,0.306,236.000,227.000,0.013,0.926,0.696,0.837,0.954,0.047,0.026,0.000,0.304,249.000,236.000,0.017,0.939,0.690,0.854,0.960,0.035,0.026,0.000,0.310,250.000,236.000,0.017,0.938,0.697,0.852,0.968,0.034,0.028,0.006,0.297
250,226,224,0.011,0.949,0.693,0.829,0.946,0.037,0.014,0.001,0.306,236.000,227.000,0.013,0.926,0.696,0.837,0.954,0.047,0.026,0.000,0.304,249.000,236.000,0.017,0.939,0.690,0.854,0.960,0.035,0.026,0.000,0.310,250.000,236.000,0.017,0.938,0.697,0.852,0.968,0.034,0.028,0.006,0.297
251,226,224,0.011,0.949,0.693,0.829,0.946,0.037,0.014,0.001,0.306,236.000,227.000,0.013,0.926,0.696,0.837,0.954,0.047,0.026,0.000,0.304,249.000,236.000,0.017,0.939,0.690,0.854,0.960,0.035,0.026,0.000,0.310,251.000,249.000,0.018,0.923,0.689,0.851,0.952,0.035,0.042,0.000,0.311
252,226,224,0.011,0.949,0.693,0.829,0.946,0.037,0.014,0.001,0.306,236.000,227.000,0.013,0.926,0.696,0.837,0.954,0.047,0.026,0.000,0.304,249.000,236.000,0.017,0.939,0.690,0.854,0.960,0.035,0.026,0.000,0.310,251.000,249.000,0.018,0.923,0.689,0.851,0.952,0.035,0.042,0.000,0.311
253,226,224,0.011,0.949,0.693,0.829,0.946,0.037,0.014,0.001,0.306,236.000,227.000,0.013,0.926,0.696,0.837,0.954,0.047,0.026,0.000,0.304,249.000,236.000,0.017,0.939,0.690,0.854,0.960,0.035,0.026,0.000,0.310,251.000,249.000,0.018,0.923,0.689,0.851,0.952,0.035,0.042,0.000,0.311
254,226,224,0.011,0.949,0.693,0.829,0.946,0.037,0.014,0.001,0.306,236.000,227.000,0.013,0.926,0.696,0.837,0.954,0.047,0.026,0.000,0.304,249.000,236.000,0.017,0.939,0.690,0.854,0.960,0.035,0.026,0.000,0.310,251.000,249.000,0.018,0.923,0.689,0.851,0.952,0.035,0.042,0.000,0.311
255,226,224,0.011,0.949,0.693,0.829,0.946,0.037,0.014,0.001,0.306,236.000,227.000,0.013,0.926,0.696,0.837,0.954,0.047,0.026,0.000,0.304,249.000,236.000,0.017,0.939,0.690,0.854,0.960,0.035,0.026,0.000,0.310,251.000,249.000,0.018,0.923,0.689,0.851,0.952,0.035,0.042,0.000,0.311
256,226,224,0.011,0.949,0.693,0.829,0.946,0.037,0.014,0.001,0.306,236.000,227.000,0.013,0.926,0.696,0.837,0.954,0.047,0.026,0.000,0.304,249.000,236.000,0.017,0.939,0.690,0.854,0.960,0.035,0.026,0.000,0.310,251.000,249.000,0.018,0.923,0.689,0.851,0.952,0.035,0.042,0.000,0.311
257,226,224,0.011,0.949,0.693,0.829,0.946,0.037,0.014,0.001,0.306,236.000,227.000,0.013,0.926,0.696,0.837,0.954,0.047,0.026,0.000,0.304,249.000,236.000,0.017,0.939,0.690,0.854,0.960,0.035,0.026,0.000,0.310,251.000,249.000,0.018,0.923,0.689,0.851,0.952,0.035,0.042,0.000,0.311
258,226,224,0.011,0.949,0.693,0.829,0.946,0.037,0.014,0.001,0.306,236.000,227.000,0.013,0.926,0.696,0.837,0.954,0.047,0.026,0.000,0.304,249.000,236.000,0.017,0.939,0.690,0.854,0.960,0.035,0.026,0.000,0.310,251.000,249.000,0.018,0.923,0.689,0.851,0.952,0.035,0.042,0.000,0.311
259,226,224,0.011,0.949,0.693,0.829,0.946,0.037,0.014,0.001,0.306,236.000,227.000,0.013,0.926,0.696,0.837,0.954,0.047,0.026,0.000,0.304,249.000,236.000,0.017,0.939,0.690,0.854,0.960,0.035,0.026,0.000,0.310,251.000,249.000,0.018,0.923,0.689,0.851,0.952,0.035,0.042,0.000,0.311
260,226,224,0.011,0.949,0.693,0.829,0.946,0.037,0.014,0.001,0.306,236.000,227.000,0.013,0.926,0.696,0.837,0.954,0.047,0.026,0.000,0.304,249.000,236.000,0.017,0.939,0.690,0.854,0.960,0.035,0.026,0.000,0.310,251.000,249.000,0.018,0.923,0.689,0.851,0.952,0.035,0.042,0.000,0.311
261,226,224,0.011,0.949,0.693,0.829,0.946,0.037,0.014,0.001,0.306,236.000,227.000,0.013,0.926,0.696,0.837,0.954,0.047,0.026,0.000,0.304,249.000,236.000,0.017,0.939,0.690,0.854,0.960,0.035,0.026,0.000,0.310,251.000,249.000,0.018,0.923,0.689,0.851,0.952,0.035,0.042,0.000,0.311
262,226,224,0.011,0.949,0.693,0.829,0.946,0.037,0.014,0.001,0.306,236.000,227.000,0.013,0.926,0.696,0.837,0.954,0.047,0.026,0.000,0.304,249.000,236.000,0.017,0.939,0.690,0.854,0.960,0.035,0.026,0.000,0.310,251.000,249.000,0.018,0.923,0.689,0.851,0.952,0.035,0.042,0.000,0.311
263,226,224,0.011,0.949,0.693,0.829,0.946,0.037,0.014,0.001,0.306,236.000,227.000,0.013,0.926,0.696,0.837,0.954,0.047,0.026,0.000,0.304,249.000,236.000,0.017,0.939,0.690,0.854,0.960,0.035,0.026,0.000,0.310,252.000,236.000,0.008,0.922,0.689,0.845,0.962,0.053,0.025,0.000,0.311
264,226,224,0.011,0.949,0.693,0.829,0.946,0.037,0.014,0.001,0.306,236.000,227.000,0.013,0.926,0.696,0.837,0.954,0.047,0.026,0.000,0.304,249.000,236.000,0.017,0.939,0.690,0.854,0.960,0.035,0.026,0.000,0.310,252.000,236.000,0.008,0.922,0.689,0.845,0.962,0.053,0.025,0.000,0.311
265,226,224,0.011,0.949,0.693,0.829,0.946,0.037,0.014,0.001,0.306,236.000,227.000,0.013,0.926,0.696,0.837,0.954,0.047,0.026,0.000,0.304,252.000,236.000,0.008,0.922,0.689,0.845,0.962,0.053,0.025,0.000,0.311,256.000,253.000,0.011,0.910,0.696,0.842,0.957,0.043,0.047,0.000,0.304
266,226,224,0.011,0.949,0.693,0.829,0.946,0.037,0.014,0.001,0.306,236.000,227.000,0.013,0.926,0.696,0.837,0.954,0.047,0.026,0.000,0.304,252.000,236.000,0.008,0.922,0.689,0.845,0.962,0.053,0.025,0.000,0.311,256.000,253.000,0.011,0.910,0.696,0.842,0.957,0.043,0.047,0.000,0.304
267,226,224,0.011,0.949,0.693,0.829,0.946,0.037,0.014,0.001,0.306,236.000,227.000,0.013,0.926,0.696,0.837,0.954,0.047,0.026,0.000,0.304,252.000,236.000,0.008,0.922,0.689,0.845,0.962,0.053,0.025,0.000,0.311,256.000,253.000,0.011,0.910,0.696,0.842,0.957,0.043,0.047,0.000,0.304
268,226,224,0.011,0.949,0.693,0.829,0.946,0.037,0.014,0.001,0.306,236.000,227.000,0.013,0.926,0.696,0.837,0.954,0.047,0.026,0.000,0.304,252.000,236.000,0.008,0.922,0.689,0.845,0.962,0.053,0.025,0.000,0.311,256.000,253.000,0.011,0.910,0.696,0.842,0.957,0.043,0.047,0.000,0.304
269,226,224,0.011,0.949,0.693,0.829,0.946,0.037,0.014,0.001,0.306,236.000,227.000,0.013,0.926,0.696,0.837,0.954,0.047,0.026,0.000,0.304,252.000,236.000,0.008,0.922,0.689,0.845,0.962,0.053,0.025,0.000,0.311,256.000,253.000,0.011,0.910,0.696,0.842,0.957,0.043,0.047,0.000,0.304
270,226,224,0.011,0.949,0.693,0.829,0.946,0.037,0.014,0.001,0.306,236.000,227.000,0.013,0.926,0.696,0.837,0.954,0.047,0.026,0.000,0.304,252.000,236.000,0.008,0.922,0.689,0.845,0.962,0.053,0.025,0.000,0.311,256.000,253.000,0.011,0.910,0.696,0.842,0.957,0.043,0.047,0.000,0.304
271,226,224,0.011,0.949,0.693,0.829,0.946,0.037,0.014,0.001,0.306,236.000,227.000,0.013,0.926,0.696,0.837,0.954,0.047,0.026,0.000,0.304,256.000,253.000,0.011,0.910,0.696,0.842,0.957,0.043,0.047,0.000,0.304,266.000,226.000,0.016,0.955,0.693,0.820,0.948,0.043,0.002,0.000,0.307
272,226,224,0.011,0.949,0.693,0.829,0.946,0.037,0.014,0.001,0.306,236.000,227.000,0.013,0.926,0.696,0.837,0.954,0.047,0.026,0.000,0.304,256.000,253.000,0.011,0.910,0.696,0.842,0.957,0.043,0.047,0.000,0.304,266.000,226.000,0.016,0.955,0.693,0.820,0.948,0.043,0.002,0.000,0.307
273,226,224,0.011,0.949,0.693,0.829,0.946,0.037,0.014,0.001,0.306,236.000,227.000,0.013,0.926,0.696,0.837,0.954,0.047,0.026,0.000,0.304,256.000,253.000,0.011,0.910,0.696,0.842,0.957,0.043,0.047,0.000,0.304,266.000,226.000,0.016,0.955,0.693,0.820,0.948,0.043,0.002,0.000,0.307
274,226,224,0.011,0.949,0.693,0.829,0.946,0.037,0.014,0.001,0.306,236.000,227.000,0.013,0.926,0.696,0.837,0.954,0.047,0.026,0.000,0.304,256.000,253.000,0.011,0.910,0.696,0.842,0.957,0.043,0.047,0.000,0.304,266.000,226.000,0.016,0.955,0.693,0.820,0.948,0.043,0.002,0.000,0.307
275,226,224,0.011,0.949,0.693,0.829,0.946,0.037,0.014,0.001,0.306,236.000,227.000,0.013,0.926,0.696,0.837,0.954,0.047,0.026,0.000,0.304,256.000,253.000,0.011,0.910,0.696,0.842,0.957,0.043,0.047,0.000,0.304,266.000,226.000,0.016,0.955,0.693,0.820,0.948,0.043,0.002,0.000,0.307
276,226,224,0.011,0.949,0.693,0.829,0.946,0.037,0.014,0.001,0.306,236.000,227.000,0.013,0.926,0.696,0.837,0.954,0.047,0.026,0.000,0.304,256.000,253.000,0.011,0.910,0.696,0.842,0.957,0.043,0.047,0.000,0.304,266.000,226.000,0.016,0.955,0.693,0.820,0.948,0.043,0.002,0.000,0.307
277,226,224,0.011,0.949,0.693,0.829,0.946,0.037,0.014,0.001,0.306,236.000,227.000,0.013,0.926,0.696,0.837,0.954,0.047,0.026,0.000,0.304,256.000,253.000,0.011,0.910,0.696,0.842,0.957,0.043,0.047,0.000,0.304,266.000,226.000,0.016,0.955,0.693,0.820,0.948,0.043,0.002,0.000,0.307
278,226,224,0.011,0.949,0.693,0.829,0.946,0.037,0.014,0.001,0.306,236.000,227.000,0.013,0.926,0.696,0.837,0.954,0.047,0.026,0.000,0.304,256.000,253.000,0.011,0.910,0.696,0.842,0.957,0.043,0.047,0.000,0.304,266.000,226.000,0.016,0.955,0.693,0.820,0.948,0.043,0.002,0.000,0.307
279,226,224,0.011,0.949,0.693,0.829,0.946,0.037,0.014,0.001,0.306,236.000,227.000,0.013,0.926,0.696,0.837,0.954,0.047,0.026,0.000,0.304,256.000,253.000,0.011,0.910,0.696,0.842,0.957,0.043,0.047,0.000,0.304,266.000,226.000,0.016,0.955,0.693,0.820,0.948,0.043,0.002,0.000,0.307
280,236,227,0.013,0.926,0.696,0.837,0.954,0.047,0.026,0.000,0.304,256.000,253.000,0.011,0.910,0.696,0.842,0.957,0.043,0.047,0.000,0.304,266.000,226.000,0.016,0.955,0.693,0.820,0.948,0.043,0.002,0.000,0.307,275.000,236.000,0.014,0.924,0.702,0.843,0.948,0.033,0.043,0.000,0.298
281,236,227,0.013,0.926,0.696,0.837,0.954,0.047,0.026,0.000,0.304,256.000,253.000,0.011,0.910,0.696,0.842,0.957,0.043,0.047,0.000,0.304,266.000,226.000,0.016,0.955,0.693,0.820,0.948,0.043,0.002,0.000,0.307,275.000,236.000,0.014,0.924,0.702,0.843,0.948,0.033,0.043,0.000,0.298
282,236,227,0.013,0.926,0.696,0.837,0.954,0.047,0.026,0.000,0.304,256.000,253.000,0.011,0.910,0.696,0.842,0.957,0.043,0.047,0.000,0.304,266.000,226.000,0.016,0.955,0.693,0.820,0.948,0.043,0.002,0.000,0.307,275.000,236.000,0.014,0.924,0.702,0.843,0.948,0.033,0.043,0.000,0.298
283,236,227,0.013,0.926,0.696,0.837,0.954,0.047,0.026,0.000,0.304,256.000,253.000,0.011,0.910,0.696,0.842,0.957,0.043,0.047,0.000,0.304,266.000,226.000,0.016,0.955,0.693,0.820,0.948,0.043,0.002,0.000,0.307,275.000,236.000,0.014,0.924,0.702,0.843,0.948,0.033,0.043,0.000,0.298
284,236,227,0.013,0.926,0.696,0.837,0.954,0.047,0.026,0.000,0.304,256.000,253.000,0.011,0.910,0.696,0.842,0.957,0.043,0.047,0.000,0.304,266.000,226.000,0.016,0.955,0.693,0.820,0.948,0.043,0.002,0.000,0.307,284.000,266.000,0.018,0.935,0.682,0.814,0.944,0.051,0.014,0.000,0.318
285,236,227,0.013,0.926,0.696,0.837,0.954,0.047,0.026,0.000,0.304,256.000,253.000,0.011,0.910,0.696,0.842,0.957,0.043,0.047,0.000,0.304,266.000,226.000,0.016,0.955,0.693,0.820,0.948,0.043,0.002,0.000,0.307,284.000,266.000,0.018,0.935,0.682,0.814,0.944,0.051,0.014,0.000,0.318
286,236,227,0.013,0.926,0.696,0.837,0.954,0.047,0.026,0.000,0.304,256.000,253.000,0.011,0.910,0.696,0.842,0.957,0.043,0.047,0.000,0.304,266.000,226.000,0.016,0.955,0.693,0.820,0.948,0.043,0.002,0.000,0.307,284.000,266.000,0.018,0.935,0.682,0.814,0.944,0.051,0.014,0.000,0.318
287,236,227,0.013,0.926,0.696,0.837,0.954,0.047,0.026,0.000,0.304,256.000,253.000,0.011,0.910,0.696,0.842,0.957,0.043,0.047,0.000,0.304,266.000,226.000,0.016,0.955,0.693,0.820,0.948,0.043,0.002,0.000,0.307,284.000,266.000,0.018,0.935,0.682,0.814,0.944,0.051,0.014,0.000,0.318
288,236,227,0.013,0.926,0.696,0.837,0.954,0.047,0.026,0.000,0.304,256.000,253.000,0.011,0.910,0.696,0.842,0.957,0.043,0.047,0.000,0.304,266.000,226.000,0.016,0.955,0.693,0.820,0.948,0.043,0.002,0.000,0.307,284.000,266.000,0.018,0.935,0.682,0.814,0.944,0.051,0.014,0.000,0.318
289,236,227,0.013,0.926,0.696,0.837,0.954,0.047,0.026,0.000,0.304,256.000,253.000,0.011,0.910,0.696,0.842,0.957,0.043,0.047,0.000,0.304,266.000,226.000,0.016,0.955,0.693,0.820,0.948,0.043,0.002,0.000,0.307,284.000,266.000,0.018,0.935,0.682,0.814,0.944,0.051,0.014,0.000,0.318
290,236,227,0.013,0.926,0.696,0.837,0.954,0.047,0.026,0.000,0.304,256.000,253.000,0.011,0.910,0.696,0.842,0.957,0.043,0.047,0.000,0.304,266.000,226.000,0.016,0.955,0.693,0.820,0.948,0.043,0.002,0.000,0.307,284.000,266.000,0.018,0.935,0.682,0.814,0.944,0.051,0.014,0.000,0.318
291,236,227,0.013,0.926,0.696,0.837,0.954,0.047,0.026,0.000,0.304,256.000,253.000,0.011,0.910,0.696,0.842,0.957,0.043,0.047,0.000,0.304,266.000,226.000,0.016,0.955,0.693,0.820,0.948,0.043,0.002,0.000,0.307,284.000,266.000,0.018,0.935,0.682,0.814,0.944,0.051,0.014,0.000,0.318
292,236,227,0.013,0.926,0.696,0.837,0.954,0.047,0.026,0.000,0.304,256.000,253.000,0.011,0.910,0.696,0.842,0.957,0.043,0.047,0.000,0.304,266.000,226.000,0.016,0.955,0.693,0.820,0.948,0.043,0.002,0.000,0.307,284.000,266.000,0.018,0.935,0.682,0.814,0.944,0.051,0.014,0.000,0.318
293,236,227,0.013,0.926,0.696,0.837,0.954,0.047,0.026,0.000,0.304,256.000,253.000,0.011,0.910,0.696,0.842,0.957,0.043,0.047,0.000,0.304,286.000,236.000,0.011,0.948,0.695,0.836,0.953,0.022,0.029,0.000,0.305,289.000,236.000,0.008,0.940,0.684,0.828,0.962,0.048,0.012,0.002,0.314
294,236,227,0.013,0.926,0.696,0.837,0.954,0.047,0.026,0.000,0.304,256.000,253.000,0.011,0.910,0.696,0.842,0.957,0.043,0.047,0.000,0.304,286.000,236.000,0.011,0.948,0.695,0.836,0.953,0.022,0.029,0.000,0.305,289.000,236.000,0.008,0.940,0.684,0.828,0.962,0.048,0.012,0.002,0.314
295,236,227,0.013,0.926,0.696,0.837,0.954,0.047,0.026,0.000,0.304,256.000,253.000,0.011,0.910,0.696,0.842,0.957,0.043,0.047,0.000,0.304,286.000,236.000,0.011,0.948,0.695,0.836,0.953,0.022,0.029,0.000,0.305,294.000,290.000,0.017,0.970,0.686,0.800,0.944,0.023,0.007,0.001,0.313
296,236,227,0.013,0.926,0.696,0.837,0.954,0.047,0.026,0.000,0.304,256.000,253.000,0.011,0.910,0.696,0.842,0.957,0.043,0.047,0.000,0.304,286.000,236.000,0.011,0.948,0.695,0.836,0.953,0.022,0.029,0.000,0.305,294.000,290.000,0.017,0.970,0.686,0.800,0.944,0.023,0.007,0.001,0.313
297,236,227,0.013,0.926,0.696,0.837,0.954,0.047,0.026,0.000,0.304,256.000,253.000,0.011,0.910,0.696,0.842,0.957,0.043,0.047,0.000,0.304,286.000,236.000,0.011,0.948,0.695,0.836,0.953,0.022,0.029,0.000,0.305,294.000,290.000,0.017,0.970,0.686,0.800,0.944,0.023,0.007,0.001,0.313
298,236,227,0.013,0.926,0.696,0.837,0.954,0.047,0.026,0.000,0.304,256.000,253.000,0.011,0.910,0.696,0.842,0.957,0.043,0.047,0.000,0.304,286.000,236.000,0.011,0.948,0.695,0.836,0.953,0.022,0.029,0.000,0.305,294.000,290.000,0.017,0.970,0.686,0.800,0.944,0.023,0.007,0.001,0.313
299,236,227,0.013,0.926,0.696,0.837,0.954,0.047,0.026,0.000,0.304,256.000,253.000,0.011,0.910,0.696,0.842,0.957,0.043,0.047,0.000,0.304,286.000,236.000,0.011,0.948,0.695,0.836,0.953,0.022,0.029,0.000,0.305,294.000,290.000,0.017,0.970,0.686,0.800,0.944,0.023,0.007,0.001,0.313
300,236,227,0.013,0.926,0.696,0.837,0.954,0.047,0.026,0.000,0.304,256.000,253.000,0.011,0.910,0.696,0.842,0.957,0.043,0.047,0.000,0.304,286.000,236.000,0.011,0.948,0.695,0.836,0.953,0.022,0.029,0.000,0.305,294.000,290.000,0.017,0.970,0.686,0.800,0.944,0.023,0.007,0.001,0.313
301,236,227,0.013,0.926,0.696,0.837,0.954,0.047,0.026,0.000,0.304,256.000,253.000,0.011,0.910,0.696,0.842,0.957,0.043,0.047,0.000,0.304,286.000,236.000,0.011,0.948,0.695,0.836,0.953,0.022,0.029,0.000,0.305,294.000,290.000,0.017,0.970,0.686,0.800,0.944,0.023,0.007,0.001,0.313
302,236,227,0.013,0.926,0.696,0.837,0.954,0.047,0.026,0.000,0.304,256.000,253.000,0.011,0.910,0.696,0.842,0.957,0.043,0.047,0.000,0.304,286.000,236.000,0.011,0.948,0.695,0.836,0.953,0.022,0.029,0.000,0.305,294.000,290.000,0.017,0.970,0.686,0.800,0.944,0.023,0.007,0.001,0.313
303,236,227,0.013,0.926,0.696,0.837,0.954,0.047,0.026,0.000,0.304,256.000,253.000,0.011,0.910,0.696,0.842,0.957,0.043,0.047,0.000,0.304,286.000,236.000,0.011,0.948,0.695,0.836,0.953,0.022,0.029,0.000,0.305,294.000,290.000,0.017,0.970,0.686,0.800,0.944,0.023,0.007,0.001,0.313
304,236,227,0.013,0.926,0.696,0.837,0.954,0.047,0.026,0.000,0.304,256.000,253.000,0.011,0.910,0.696,0.842,0.957,0.043,0.047,0.000,0.304,286.000,236.000,0.011,0.948,0.695,0.836,0.953,0.022,0.029,0.000,0.305,294.000,290.000,0.017,0.970,0.686,0.800,0.944,0.023,0.007,0.001,0.313
305,236,227,0.013,0.926,0.696,0.837,0.954,0.047,0.026,0.000,0.304,256.000,253.000,0.011,0.910,0.696,0.842,0.957,0.043,0.047,0.000,0.304,286.000,236.000,0.011,0.948,0.695,0.836,0.953,0.022,0.029,0.000,0.305,294.000,290.000,0.017,0.970,0.686,0.800,0.944,0.023,0.007,0.001,0.313
306,236,227,0.013,0.926,0.696,0.837,0.954,0.047,0.026,0.000,0.304,256.000,253.000,0.011,0.910,0.696,0.842,0.957,0.043,0.047,0.000,0.304,286.000,236.000,0.011,0.948,0.695,0.836,0.953,0.022,0.029,0.000,0.305,299.000,286.000,0.017,0.945,0.694,0.829,0.957,0.011,0.043,0.000,0.306
307,236,227,0.013,0.926,0.696,0.837,0.954,0.047,0.026,0.000,0.304,286.000,236.000,0.011,0.948,0.695,0.836,0.953,0.022,0.029,0.000,0.305,299.000,286.000,0.017,0.945,0.694,0.829,0.957,0.011,0.043,0.000,0.306,301.000,286.000,0.009,0.962,0.702,0.839,0.951,0.006,0.031,0.000,0.298
308,236,227,0.013,0.926,0.696,0.837,0.954,0.047,0.026,0.000,0.304,286.000,236.000,0.011,0.948,0.695,0.836,0.953,0.022,0.029,0.000,0.305,299.000,286.000,0.017,0.945,0.694,0.829,0.957,0.011,0.043,0.000,0.306,301.000,286.000,0.009,0.962,0.702,0.839,0.951,0.006,0.031,0.000,0.298
309,236,227,0.013,0.926,0.696,0.837,0.954,0.047,0.026,0.000,0.304,286.000,236.000,0.011,0.948,0.695,0.836,0.953,0.022,0.029,0.000,0.305,299.000,286.000,0.017,0.945,0.694,0.829,0.957,0.011,0.043,0.000,0.306,301.000,286.000,0.009,0.962,0.702,0.839,0.951,0.006,0.031,0.000,0.298
310,236,227,0.013,0.926,0.696,0.837,0.954,0.047,0.026,0.000,0.304,286.000,236.000,0.011,0.948,0.695,0.836,0.953,0.022,0.029,0.000,0.305,299.000,286.000,0.017,0.945,0.694,0.829,0.957,0.011,0.043,0.000,0.306,301.000,286.000,0.009,0.962,0.702,0.839,0.951,0.006,0.031,0.000,0.298
311,236,227,0.013,0.926,0.696,0.837,0.954,0.047,0.026,0.000,0.304,286.000,236.000,0.011,0.948,0.695,0.836,0.953,0.022,0.029,0.000,0.305,299.000,286.000,0.017,0.945,0.694,0.829,0.957,0.011,0.043,0.000,0.306,303.000,301.000,0.009,0.960,0.698,0.824,0.951,0.011,0.029,0.000,0.302
312,236,227,0.013,0.926,0.696,0.837,0.954,0.047,0.026,0.000,0.304,286.000,236.000,0.011,0.948,0.695,0.836,0.953,0.022,0.029,0.000,0.305,299.000,286.000,0.017,0.945,0.694,0.829,0.957,0.011,0.043,0.000,0.306,303.000,301.000,0.009,0.960,0.698,0.824,0.951,0.011,0.029,0.000,0.302
313,236,227,0.013,0.926,0.696,0.837,0.954,0.047,0.026,0.000,0.304,286.000,236.000,0.011,0.948,0.695,0.836,0.953,0.022,0.029,0.000,0.305,299.000,286.000,0.017,0.945,0.694,0.829,0.957,0.011,0.043,0.000,0.306,303.000,301.000,0.009,0.960,0.698,0.824,0.951,0.011,0.029,0.000,0.302
314,236,227,0.013,0.926,0.696,0.837,0.954,0.047,0.026,0.000,0.304,286.000,236.000,0.011,0.948,0.695,0.836,0.953,0.022,0.029,0.000,0.305,299.000,286.000,0.017,0.945,0.694,0.829,0.957,0.011,0.043,0.000,0.306,303.000,301.000,0.009,0.960,0.698,0.824,0.951,0.011,0.029,0.000,0.302
315,236,227,0.013,0.926,0.696,0.837,0.954,0.047,0.026,0.000,0.304,286.000,236.000,0.011,0.948,0.695,0.836,0.953,0.022,0.029,0.000,0.305,299.000,286.000,0.017,0.945,0.694,0.829,0.957,0.011,0.043,0.000,0.306,303.000,301.000,0.009,0.960,0.698,0.824,0.951,0.011,0.029,0.000,0.302
316,236,227,0.013,0.926,0.696,0.837,0.954,0.047,0.026,0.000,0.304,286.000,236.000,0.011,0.948,0.695,0.836,0.953,0.022,0.029,0.000,0.305,299.000,286.000,0.017,0.945,0.694,0.829,0.957,0.011,0.043,0.000,0.306,303.000,301.000,0.009,0.960,0.698,0.824,0.951,0.011,0.029,0.000,0.302
317,236,227,0.013,0.926,0.696,0.837,0.954,0.047,0.026,0.000,0.304,286.000,236.000,0.011,0.948,0.695,0.836,0.953,0.022,0.029,0.000,0.305,299.000,286.000,0.017,0.945,0.694,0.829,0.957,0.011,0.043,0.000,0.306,303.000,301.000,0.009,0.960,0.698,0.824,0.951,0.011,0.029,0.000,0.302
318,236,227,0.013,0.926,0.696,0.837,0.954,0.047,0.026,0.000,0.304,286.000,236.000,0.011,0.948,0.695,0.836,0.953,0.022,0.029,0.000,0.305,299.000,286.000,0.017,0.945,0.694,0.829,0.957,0.011,0.043,0.000,0.306,303.000,301.000,0.009,0.960,0.698,0.824,0.951,0.011,0.029,0.000,0.302
319,236,227,0.013,0.926,0.696,0.837,0.954,0.047,0.026,0.000,0.304,286.000,236.000,0.011,0.948,0.695,0.836,0.953,0.022,0.029,0.000,0.305,299.000,286.000,0.017,0.945,0.694,0.829,0.957,0.011,0.043,0.000,0.306,306.000,299.000,0.016,0.932,0.692,0.817,0.964,0.009,0.059,0.000,0.308
320,236,227,0.013,0.926,0.696,0.837,0.954,0.047,0.026,0.000,0.304,286.000,236.000,0.011,0.948,0.695,0.836,0.953,0.022,0.029,0.000,0.305,299.000,286.000,0.017,0.945,0.694,0.829,0.957,0.011,0.043,0.000,0.306,306.000,299.000,0.016,0.932,0.692,0.817,0.964,0.009,0.059,0.000,0.308
321,236,227,0.013,0.926,0.696,0.837,0.954,0.047,0.026,0.000,0.304,286.000,236.000,0.011,0.948,0.695,0.836,0.953,0.022,0.029,0.000,0.305,299.000,286.000,0.017,0.945,0.694,0.829,0.957,0.011,0.043,0.000,0.306,306.000,299.000,0.016,0.932,0.692,0.817,0.964,0.009,0.059,0.000,0.308
322,236,227,0.013,0.926,0.696,0.837,0.954,0.047,0.026,0.000,0.304,286.000,236.000,0.011,0.948,0.695,0.836,0.953,0.022,0.029,0.000,0.305,306.000,299.000,0.016,0.932,0.692,0.817,0.964,0.009,0.059,0.000,0.308,307.000,303.000,0.014,0.968,0.692,0.834,0.950,0.007,0.025,0.001,0.307
323,236,227,0.013,0.926,0.696,0.837,0.954,0.047,0.026,0.000,0.304,286.000,236.000,0.011,0.948,0.695,0.836,0.953,0.022,0.029,0.000,0.305,306.000,299.000,0.016,0.932,0.692,0.817,0.964,0.009,0.059,0.000,0.308,307.000,303.000,0.014,0.968,0.692,0.834,0.950,0.007,0.025,0.001,0.307
324,236,227,0.013,0.926,0.696,0.837,0.954,0.047,0.026,0.000,0.304,286.000,236.000,0.011,0.948,0.695,0.836,0.953,0.022,0.029,0.000,0.305,306.000,299.000,0.016,0.932,0.692,0.817,0.964,0.009,0.059,0.000,0.308,307.000,303.000,0.014,0.968,0.692,0.834,0.950,0.007,0.025,0.001,0.307
325,236,227,0.013,0.926,0.696,0.837,0.954,0.047,0.026,0.000,0.304,286.000,236.000,0.011,0.948,0.695,0.836,0.953,0.022,0.029,0.000,0.305,306.000,299.000,0.016,0.932,0.692,0.817,0.964,0.009,0.059,0.000,0.308,307.000,303.000,0.014,0.968,0.692,0.834,0.950,0.007,0.025,0.001,0.307
326,236,227,0.013,0.926,0.696,0.837,0.954,0.047,0.026,0.000,0.304,286.000,236.000,0.011,0.948,0.695,0.836,0.953,0.022,0.029,0.000,0.305,306.000,299.000,0.016,0.932,0.692,0.817,0.964,0.009,0.059,0.000,0.308,307.000,303.000,0.014,0.968,0.692,0.834,0.950,0.007,0.025,0.001,0.307
327,236,227,0.013,0.926,0.696,0.837,0.954,0.047,0.026,0.000,0.304,286.000,236.000,0.011,0.948,0.695,0.836,0.953,0.022,0.029,0.000,0.305,306.000,299.000,0.016,0.932,0.692,0.817,0.964,0.009,0.059,0.000,0.308,307.000,303.000,0.014,0.968,0.692,0.834,0.950,0.007,0.025,0.001,0.307
328,236,227,0.013,0.926,0.696,0.837,0.954,0.047,0.026,0.000,0.304,306.000,299.000,0.016,0.932,0.692,0.817,0.964,0.009,0.059,0.000,0.308,307.000,303.000,0.014,0.968,0.692,0.834,0.950,0.007,0.025,0.001,0.307,316.000,307.000,0.010,0.964,0.699,0.820,0.954,0.011,0.026,0.000,0.301
329,236,227,0.013,0.926,0.696,0.837,0.954,0.047,0.026,0.000,0.304,306.000,299.000,0.016,0.932,0.692,0.817,0.964,0.009,0.059,0.000,0.308,307.000,303.000,0.014,0.968,0.692,0.834,0.950,0.007,0.025,0.001,0.307,316.000,307.000,0.010,0.964,0.699,0.820,0.954,0.011,0.026,0.000,0.301
330,236,227,0.013,0.926,0.696,0.837,0.954,0.047,0.026,0.000,0.304,306.000,299.000,0.016,0.932,0.692,0.817,0.964,0.009,0.059,0.000,0.308,307.000,303.000,0.014,0.968,0.692,0.834,0.950,0.007,0.025,0.001,0.307,316.000,307.000,0.010,0.964,0.699,0.820,0.954,0.011,0.026,0.000,0.301
331,236,227,0.013,0.926,0.696,0.837,0.954,0.047,0.026,0.000,0.304,306.000,299.000,0.016,0.932,0.692,0.817,0.964,0.009,0.059,0.000,0.308,307.000,303.000,0.014,0.968,0.692,0.834,0.950,0.007,0.025,0.001,0.307,316.000,307.000,0.010,0.964,0.699,0.820,0.954,0.011,0.026,0.000,0.301
332,236,227,0.013,0.926,0.696,0.837,0.954,0.047,0.026,0.000,0.304,307.000,303.000,0.014,0.968,0.692,0.834,0.950,0.007,0.025,0.001,0.307,316.000,307.000,0.010,0.964,0.699,0.820,0.954,0.011,0.026,0.000,0.301,329.000,306.000,0.019,0.914,0.690,0.811,0.955,0.025,0.061,0.000,0.310
333,236,227,0.013,0.926,0.696,0.837,0.954,0.047,0.026,0.000,0.304,307.000,303.000,0.014,0.968,0.692,0.834,0.950,0.007,0.025,0.001,0.307,316.000,307.000,0.010,0.964,0.699,0.820,0.954,0.011,0.026,0.000,0.301,329.000,306.000,0.019,0.914,0.690,0.811,0.955,0.025,0.061,0.000,0.310
334,236,227,0.013,0.926,0.696,0.837,0.954,0.047,0.026,0.000,0.304,307.000,303.000,0.014,0.968,0.692,0.834,0.950,0.007,0.025,0.001,0.307,316.000,307.000,0.010,0.964,0.699,0.820,0.954,0.011,0.026,0.000,0.301,329.000,306.000,0.019,0.914,0.690,0.811,0.955,0.025,0.061,0.000,0.310
335,236,227,0.013,0.926,0.696,0.837,0.954,0.047,0.026,0.000,0.304,307.000,303.000,0.014,0.968,0.692,0.834,0.950,0.007,0.025,0.001,0.307,316.000,307.000,0.010,0.964,0.699,0.820,0.954,0.011,0.026,0.000,0.301,329.000,306.000,0.019,0.914,0.690,0.811,0.955,0.025,0.061,0.000,0.310
336,236,227,0.013,0.926,0.696,0.837,0.954,0.047,0.026,0.000,0.304,337.000,333.000,0.013,0.948,0.668,0.809,0.965,0.012,0.040,0.000,0.332,,,,,,,,,,,,,,,,,,,,,,
337,236,227,0.013,0.926,0.696,0.837,0.954,0.047,0.026,0.000,0.304,337.000,333.000,0.013,0.948,0.668,0.809,0.965,0.012,0.040,0.000,0.332,,,,,,,,,,,,,,,,,,,,,,
338,236,227,0.013,0.926,0.696,0.837,0.954,0.047,0.026,0.000,0.304,337.000,333.000,0.013,0.948,0.668,0.809,0.965,0.012,0.040,0.000,0.332,,,,,,,,,,,,,,,,,,,,,,
339,236,227,0.013,0.926,0.696,0.837,0.954,0.047,0.026,0.000,0.304,337.000,333.000,0.013,0.948,0.668,0.809,0.965,0.012,0.040,0.000,0.332,340.000,337.000,0.020,0.950,0.661,0.809,0.972,0.012,0.037,0.000,0.339,,,,,,,,,,,
340,236,227,0.013,0.926,0.696,0.837,0.954,0.047,0.026,0.000,0.304,337.000,333.000,0.013,0.948,0.668,0.809,0.965,0.012,0.040,0.000,0.332,340.000,337.000,0.020,0.950,0.661,0.809,0.972,0.012,0.037,0.000,0.339,341.000,236.000,0.012,0.919,0.685,0.835,0.968,0.052,0.029,0.004,0.311
341,236,227,0.013,0.926,0.696,0.837,0.954,0.047,0.026,0.000,0.304,337.000,333.000,0.013,0.948,0.668,0.809,0.965,0.012,0.040,0.000,0.332,340.000,337.000,0.020,0.950,0.661,0.809,0.972,0.012,0.037,0.000,0.339,341.000,236.000,0.012,0.919,0.685,0.835,0.968,0.052,0.029,0.004,0.311
342,236,227,0.013,0.926,0.696,0.837,0.954,0.047,0.026,0.000,0.304,337.000,333.000,0.013,0.948,0.668,0.809,0.965,0.012,0.040,0.000,0.332,340.000,337.000,0.020,0.950,0.661,0.809,0.972,0.012,0.037,0.000,0.339,341.000,236.000,0.012,0.919,0.685,0.835,0.968,0.052,0.029,0.004,0.311
343,236,227,0.013,0.926,0.696,0.837,0.954,0.047,0.026,0.000,0.304,337.000,333.000,0.013,0.948,0.668,0.809,0.965,0.012,0.040,0.000,0.332,340.000,337.000,0.020,0.950,0.661,0.809,0.972,0.012,0.037,0.000,0.339,341.000,236.000,0.012,0.919,0.685,0.835,0.968,0.052,0.029,0.004,0.311
344,236,227,0.013,0.926,0.696,0.837,0.954,0.047,0.026,0.000,0.304,337.000,333.000,0.013,0.948,0.668,0.809,0.965,0.012,0.040,0.000,0.332,340.000,337.000,0.020,0.950,0.661,0.809,0.972,0.012,0.037,0.000,0.339,341.000,236.000,0.012,0.919,0.685,0.835,0.968,0.052,0.029,0.004,0.311
345,236,227,0.013,0.926,0.696,0.837,0.954,0.047,0.026,0.000,0.304,337.000,333.000,0.013,0.948,0.668,0.809,0.965,0.012,0.040,0.000,0.332,340.000,337.000,0.020,0.950,0.661,0.809,0.972,0.012,0.037,0.000,0.339,341.000,236.000,0.012,0.919,0.685,0.835,0.968,0.052,0.029,0.004,0.311
346,236,227,0.013,0.926,0.696,0.837,0.954,0.047,0.026,0.000,0.304,337.000,333.000,0.013,0.948,0.668,0.809,0.965,0.012,0.040,0.000,0.332,340.000,337.000,0.020,0.950,0.661,0.809,0.972,0.012,0.037,0.000,0.339,341.000,236.000,0.012,0.919,0.685,0.835,0.968,0.052,0.029,0.004,0.311
347,236,227,0.013,0.926,0.696,0.837,0.954,0.047,0.026,0.000,0.304,337.000,333.000,0.013,0.948,0.668,0.809,0.965,0.012,0.040,0.000,0.332,342.000,337.000,0.008,0.968,0.679,0.817,0.968,0.000,0.032,0.000,0.321,344.000,342.000,0.014,0.954,0.672,0.809,0.958,0.011,0.035,0.000,0.328
348,236,227,0.013,0.926,0.696,0.837,0.954,0.047,0.026,0.000,0.304,337.000,333.000,0.013,0.948,0.668,0.809,0.965,0.012,0.040,0.000,0.332,342.000,337.000,0.008,0.968,0.679,0.817,0.968,0.000,0.032,0.000,0.321,344.000,342.000,0.014,0.954,0.672,0.809,0.958,0.011,0.035,0.000,0.328
349,236,227,0.013,0.926,0.696,0.837,0.954,0.047,0.026,0.000,0.304,337.000,333.000,0.013,0.948,0.668,0.809,0.965,0.012,0.040,0.000,0.332,342.000,337.000,0.008,0.968,0.679,0.817,0.968,0.000,0.032,0.000,0.321,344.000,342.000,0.014,0.954,0.672,0.809,0.958,0.011,0.035,0.000,0.328
350,337,333,0.013,0.948,0.668,0.809,0.965,0.012,0.040,0.000,0.332,344.000,342.000,0.014,0.954,0.672,0.809,0.958,0.011,0.035,0.000,0.328,,,,,,,,,,,,,,,,,,,,,,
351,337,333,0.013,0.948,0.668,0.809,0.965,0.012,0.040,0.000,0.332,344.000,342.000,0.014,0.954,0.672,0.809,0.958,0.011,0.035,0.000,0.328,,,,,,,,,,,,,,,,,,,,,,
352,337,333,0.013,0.948,0.668,0.809,0.965,0.012,0.040,0.000,0.332,344.000,342.000,0.014,0.954,0.672,0.809,0.958,0.011,0.035,0.000,0.328,353.000,344.000,0.013,0.944,0.675,0.808,0.966,0.025,0.030,0.000,0.325,,,,,,,,,,,
353,337,333,0.013,0.948,0.668,0.809,0.965,0.012,0.040,0.000,0.332,344.000,342.000,0.014,0.954,0.672,0.809,0.958,0.011,0.035,0.000,0.328,353.000,344.000,0.013,0.944,0.675,0.808,0.966,0.025,0.030,0.000,0.325,354.000,353.000,0.011,0.938,0.682,0.803,0.962,0.028,0.034,0.000,0.318
354,337,333,0.013,0.948,0.668,0.809,0.965,0.012,0.040,0.000,0.332,344.000,342.000,0.014,0.954,0.672,0.809,0.958,0.011,0.035,0.000,0.328,353.000,344.000,0.013,0.944,0.675,0.808,0.966,0.025,0.030,0.000,0.325,354.000,353.000,0.011,0.938,0.682,0.803,0.962,0.028,0.034,0.000,0.318
355,337,333,0.013,0.948,0.668,0.809,0.965,0.012,0.040,0.000,0.332,344.000,342.000,0.014,0.954,0.672,0.809,0.958,0.011,0.035,0.000,0.328,353.000,344.000,0.013,0.944,0.675,0.808,0.966,0.025,0.030,0.000,0.325,354.000,353.000,0.011,0.938,0.682,0.803,0.962,0.028,0.034,0.000,0.318
356,337,333,0.013,0.948,0.668,0.809,0.965,0.012,0.040,0.000,0.332,344.000,342.000,0.014,0.954,0.672,0.809,0.958,0.011,0.035,0.000,0.328,353.000,344.000,0.013,0.944,0.675,0.808,0.966,0.025,0.030,0.000,0.325,354.000,353.000,0.011,0.938,0.682,0.803,0.962,0.028,0.034,0.000,0.318
357,337,333,0.013,0.948,0.668,0.809,0.965,0.012,0.040,0.000,0.332,344.000,342.000,0.014,0.954,0.672,0.809,0.958,0.011,0.035,0.000,0.328,353.000,344.000,0.013,0.944,0.675,0.808,0.966,0.025,0.030,0.000,0.325,354.000,353.000,0.011,0.938,0.682,0.803,0.962,0.028,0.034,0.000,0.318
358,337,333,0.013,0.948,0.668,0.809,0.965,0.012,0.040,0.000,0.332,344.000,342.000,0.014,0.954,0.672,0.809,0.958,0.011,0.035,0.000,0.328,353.000,344.000,0.013,0.944,0.675,0.808,0.966,0.025,0.030,0.000,0.325,354.000,353.000,0.011,0.938,0.682,0.803,0.962,0.028,0.034,0.000,0.318
359,337,333,0.013,0.948,0.668,0.809,0.965,0.012,0.040,0.000,0.332,344.000,342.000,0.014,0.954,0.672,0.809,0.958,0.011,0.035,0.000,0.328,353.000,344.000,0.013,0.944,0.675,0.808,0.966,0.025,0.030,0.000,0.325,354.000,353.000,0.011,0.938,0.682,0.803,0.962,0.028,0.034,0.000,0.318
360,337,333,0.013,0.948,0.668,0.809,0.965,0.012,0.040,0.000,0.332,344.000,342.000,0.014,0.954,0.672,0.809,0.958,0.011,0.035,0.000,0.328,353.000,344.000,0.013,0.944,0.675,0.808,0.966,0.025,0.030,0.000,0.325,354.000,353.000,0.011,0.938,0.682,0.803,0.962,0.028,0.034,0.000,0.318
361,337,333,0.013,0.948,0.668,0.809,0.965,0.012,0.040,0.000,0.332,344.000,342.000,0.014,0.954,0.672,0.809,0.958,0.011,0.035,0.000,0.328,353.000,344.000,0.013,0.944,0.675,0.808,0.966,0.025,0.030,0.000,0.325,354.000,353.000,0.011,0.938,0.682,0.803,0.962,0.028,0.034,0.000,0.318
362,337,333,0.013,0.948,0.668,0.809,0.965,0.012,0.040,0.000,0.332,344.000,342.000,0.014,0.954,0.672,0.809,0.958,0.011,0.035,0.000,0.328,353.000,344.000,0.013,0.944,0.675,0.808,0.966,0.025,0.030,0.000,0.325,354.000,353.000,0.011,0.938,0.682,0.803,0.962,0.028,0.034,0.000,0.318
363,337,333,0.013,0.948,0.668,0.809,0.965,0.012,0.040,0.000,0.332,344.000,342.000,0.014,0.954,0.672,0.809,0.958,0.011,0.035,0.000,0.328,353.000,344.000,0.013,0.944,0.675,0.808,0.966,0.025,0.030,0.000,0.325,354.000,353.000,0.011,0.938,0.682,0.803,0.962,0.028,0.034,0.000,0.318
364,337,333,0.013,0.948,0.668,0.809,0.965,0.012,0.040,0.000,0.332,344.000,342.000,0.014,0.954,0.672,0.809,0.958,0.011,0.035,0.000,0.328,353.000,344.000,0.013,0.944,0.675,0.808,0.966,0.025,0.030,0.000,0.325,354.000,353.000,0.011,0.938,0.682,0.803,0.962,0.028,0.034,0.000,0.318
365,337,333,0.013,0.948,0.668,0.809,0.965,0.012,0.040,0.000,0.332,344.000,342.000,0.014,0.954,0.672,0.809,0.958,0.011,0.035,0.000,0.328,353.000,344.000,0.013,0.944,0.675,0.808,0.966,0.025,0.030,0.000,0.325,354.000,353.000,0.011,0.938,0.682,0.803,0.962,0.028,0.034,0.000,0.318
366,337,333,0.013,0.948,0.668,0.809,0.965,0.012,0.040,0.000,0.332,344.000,342.000,0.014,0.954,0.672,0.809,0.958,0.011,0.035,0.000,0.328,354.000,353.000,0.011,0.938,0.682,0.803,0.962,0.028,0.034,0.000,0.318,358.000,353.000,0.008,0.967,0.671,0.820,0.959,0.014,0.019,0.000,0.329
367,337,333,0.013,0.948,0.668,0.809,0.965,0.012,0.040,0.000,0.332,344.000,342.000,0.014,0.954,0.672,0.809,0.958,0.011,0.035,0.000,0.328,358.000,353.000,0.008,0.967,0.671,0.820,0.959,0.014,0.019,0.000,0.329,359.000,344.000,0.010,0.962,0.649,0.815,0.953,0.000,0.038,0.013,0.338
368,337,333,0.013,0.948,0.668,0.809,0.965,0.012,0.040,0.000,0.332,344.000,342.000,0.014,0.954,0.672,0.809,0.958,0.011,0.035,0.000,0.328,358.000,353.000,0.008,0.967,0.671,0.820,0.959,0.014,0.019,0.000,0.329,359.000,344.000,0.010,0.962,0.649,0.815,0.953,0.000,0.038,0.013,0.338
369,337,333,0.013,0.948,0.668,0.809,0.965,0.012,0.040,0.000,0.332,344.000,342.000,0.014,0.954,0.672,0.809,0.958,0.011,0.035,0.000,0.328,358.000,353.000,0.008,0.967,0.671,0.820,0.959,0.014,0.019,0.000,0.329,359.000,344.000,0.010,0.962,0.649,0.815,0.953,0.000,0.038,0.013,0.338
370,337,333,0.013,0.948,0.668,0.809,0.965,0.012,0.040,0.000,0.332,344.000,342.000,0.014,0.954,0.672,0.809,0.958,0.011,0.035,0.000,0.328,358.000,353.000,0.008,0.967,0.671,0.820,0.959,0.014,0.019,0.000,0.329,362.000,359.000,0.011,0.958,0.644,0.814,0.943,0.000,0.042,0.008,0.348
371,344,342,0.014,0.954,0.672,0.809,0.958,0.011,0.035,0.000,0.328,366.000,344.000,0.014,0.939,0.656,0.811,0.957,0.021,0.040,0.000,0.344,368.000,364.000,0.012,0.932,0.687,0.792,0.962,0.034,0.034,0.000,0.313,371.000,359.000,0.017,0.963,0.657,0.821,0.956,0.014,0.023,0.000,0.343
372,344,342,0.014,0.954,0.672,0.809,0.958,0.011,0.035,0.000,0.328,366.000,344.000,0.014,0.939,0.656,0.811,0.957,0.021,0.040,0.000,0.344,368.000,364.000,0.012,0.932,0.687,0.792,0.962,0.034,0.034,0.000,0.313,371.000,359.000,0.017,0.963,0.657,0.821,0.956,0.014,0.023,0.000,0.343
373,344,342,0.014,0.954,0.672,0.809,0.958,0.011,0.035,0.000,0.328,366.000,344.000,0.014,0.939,0.656,0.811,0.957,0.021,0.040,0.000,0.344,,,,,,,,,,,,,,,,,,,,,,
374,344,342,0.014,0.954,0.672,0.809,0.958,0.011,0.035,0.000,0.328,366.000,344.000,0.014,0.939,0.656,0.811,0.957,0.021,0.040,0.000,0.344,,,,,,,,,,,,,,,,,,,,,,
375,344,342,0.014,0.954,0.672,0.809,0.958,0.011,0.035,0.000,0.328,366.000,344.000,0.014,0.939,0.656,0.811,0.957,0.021,0.040,0.000,0.344,,,,,,,,,,,,,,,,,,,,,,
376,344,342,0.014,0.954,0.672,0.809,0.958,0.011,0.035,0.000,0.328,366.000,344.000,0.014,0.939,0.656,0.811,0.957,0.021,0.040,0.000,0.344,,,,,,,,,,,,,,,,,,,,,,
377,344,342,0.014,0.954,0.672,0.809,0.958,0.011,0.035,0.000,0.328,366.000,344.000,0.014,0.939,0.656,0.811,0.957,0.021,0.040,0.000,0.344,378.000,366.000,0.015,0.947,0.648,0.800,0.957,0.002,0.052,0.006,0.346,,,,,,,,,,,
378,344,342,0.014,0.954,0.672,0.809,0.958,0.011,0.035,0.000,0.328,366.000,344.000,0.014,0.939,0.656,0.811,0.957,0.021,0.040,0.000,0.344,379.000,344.000,0.011,0.942,0.670,0.795,0.942,0.007,0.051,0.000,0.330,,,,,,,,,,,
379,344,342,0.014,0.954,0.672,0.809,0.958,0.011,0.035,0.000,0.328,366.000,344.000,0.014,0.939,0.656,0.811,0.957,0.021,0.040,0.000,0.344,379.000,344.000,0.011,0.942,0.670,0.795,0.942,0.007,0.051,0.000,0.330,380.000,344.000,0.002,0.944,0.659,0.827,0.946,0.004,0.052,0.000,0.341
380,344,342,0.014,0.954,0.672,0.809,0.958,0.011,0.035,0.000,0.328,366.000,344.000,0.014,0.939,0.656,0.811,0.957,0.021,0.040,0.000,0.344,379.000,344.000,0.011,0.942,0.670,0.795,0.942,0.007,0.051,0.000,0.330,380.000,344.000,0.002,0.944,0.659,0.827,0.946,0.004,0.052,0.000,0.341
381,344,342,0.014,0.954,0.672,0.809,0.958,0.011,0.035,0.000,0.328,366.000,344.000,0.014,0.939,0.656,0.811,0.957,0.021,0.040,0.000,0.344,379.000,344.000,0.011,0.942,0.670,0.795,0.942,0.007,0.051,0.000,0.330,382.000,379.000,0.014,0.928,0.667,0.804,0.929,0.023,0.049,0.000,0.333
382,344,342,0.014,0.954,0.672,0.809,0.958,0.011,0.035,0.000,0.328,366.000,344.000,0.014,0.939,0.656,0.811,0.957,0.021,0.040,0.000,0.344,379.000,344.000,0.011,0.942,0.670,0.795,0.942,0.007,0.051,0.000,0.330,382.000,379.000,0.014,0.928,0.667,0.804,0.929,0.023,0.049,0.000,0.333
383,344,342,0.014,0.954,0.672,0.809,0.958,0.011,0.035,0.000,0.328,366.000,344.000,0.014,0.939,0.656,0.811,0.957,0.021,0.040,0.000,0.344,379.000,344.000,0.011,0.942,0.670,0.795,0.942,0.007,0.051,0.000,0.330,382.000,379.000,0.014,0.928,0.667,0.804,0.929,0.023,0.049,0.000,0.333
384,344,342,0.014,0.954,0.672,0.809,0.958,0.011,0.035,0.000,0.328,366.000,344.000,0.014,0.939,0.656,0.811,0.957,0.021,0.040,0.000,0.344,379.000,344.000,0.011,0.942,0.670,0.795,0.942,0.007,0.051,0.000,0.330,382.000,379.000,0.014,0.928,0.667,0.804,0.929,0.023,0.049,0.000,0.333
385,344,342,0.014,0.954,0.672,0.809,0.958,0.011,0.035,0.000,0.328,366.000,344.000,0.014,0.939,0.656,0.811,0.957,0.021,0.040,0.000,0.344,379.000,344.000,0.011,0.942,0.670,0.795,0.942,0.007,0.051,0.000,0.330,382.000,379.000,0.014,0.928,0.667,0.804,0.929,0.023,0.049,0.000,0.333
386,344,342,0.014,0.954,0.672,0.809,0.958,0.011,0.035,0.000,0.328,366.000,344.000,0.014,0.939,0.656,0.811,0.957,0.021,0.040,0.000,0.344,379.000,344.000,0.011,0.942,0.670,0.795,0.942,0.007,0.051,0.000,0.330,383.000,344.000,0.007,0.989,0.672,0.817,0.947,0.005,0.006,0.001,0.327
387,344,342,0.014,0.954,0.672,0.809,0.958,0.011,0.035,0.000,0.328,366.000,344.000,0.014,0.939,0.656,0.811,0.957,0.021,0.040,0.000,0.344,379.000,344.000,0.011,0.942,0.670,0.795,0.942,0.007,0.051,0.000,0.330,383.000,344.000,0.007,0.989,0.672,0.817,0.947,0.005,0.006,0.001,0.327
388,344,342,0.014,0.954,0.672,0.809,0.958,0.011,0.035,0.000,0.328,366.000,344.000,0.014,0.939,0.656,0.811,0.957,0.021,0.040,0.000,0.344,383.000,344.000,0.007,0.989,0.672,0.817,0.947,0.005,0.006,0.001,0.327,385.000,379.000,0.013,0.936,0.672,0.793,0.953,0.004,0.060,0.000,0.328
389,344,342,0.014,0.954,0.672,0.809,0.958,0.011,0.035,0.000,0.328,366.000,344.000,0.014,0.939,0.656,0.811,0.957,0.021,0.040,0.000,0.344,385.000,379.000,0.013,0.936,0.672,0.793,0.953,0.004,0.060,0.000,0.328,389.000,379.000,0.009,0.932,0.654,0.796,0.926,0.019,0.049,0.010,0.335
390,344,342,0.014,0.954,0.672,0.809,0.958,0.011,0.035,0.000,0.328,366.000,344.000,0.014,0.939,0.656,0.811,0.957,0.021,0.040,0.000,0.344,385.000,379.000,0.013,0.936,0.672,0.793,0.953,0.004,0.060,0.000,0.328,390.000,383.000,0.005,0.997,0.675,0.829,0.947,0.000,0.003,0.006,0.319
391,344,342,0.014,0.954,0.672,0.809,0.958,0.011,0.035,0.000,0.328,366.000,344.000,0.014,0.939,0.656,0.811,0.957,0.021,0.040,0.000,0.344,385.000,379.000,0.013,0.936,0.672,0.793,0.953,0.004,0.060,0.000,0.328,390.000,383.000,0.005,0.997,0.675,0.829,0.947,0.000,0.003,0.006,0.319
392,344,342,0.014,0.954,0.672,0.809,0.958,0.011,0.035,0.000,0.328,366.000,344.000,0.014,0.939,0.656,0.811,0.957,0.021,0.040,0.000,0.344,385.000,379.000,0.013,0.936,0.672,0.793,0.953,0.004,0.060,0.000,0.328,390.000,383.000,0.005,0.997,0.675,0.829,0.947,0.000,0.003,0.006,0.319
393,344,342,0.014,0.954,0.672,0.809,0.958,0.011,0.035,0.000,0.328,366.000,344.000,0.014,0.939,0.656,0.811,0.957,0.021,0.040,0.000,0.344,385.000,379.000,0.013,0.936,0.672,0.793,0.953,0.004,0.060,0.000,0.328,390.000,383.000,0.005,0.997,0.675,0.829,0.947,0.000,0.003,0.006,0.319
394,344,342,0.014,0.954,0.672,0.809,0.958,0.011,0.035,0.000,0.328,366.000,344.000,0.014,0.939,0.656,0.811,0.957,0.021,0.040,0.000,0.344,385.000,379.000,0.013,0.936,0.672,0.793,0.953,0.004,0.060,0.000,0.328,393.000,391.000,0.006,0.944,0.660,0.804,0.940,0.009,0.047,0.010,0.331
395,344,342,0.014,0.954,0.672,0.809,0.958,0.011,0.035,0.000,0.328,366.000,344.000,0.014,0.939,0.656,0.811,0.957,0.021,0.040,0.000,0.344,385.000,379.000,0.013,0.936,0.672,0.793,0.953,0.004,0.060,0.000,0.328,394.000,390.000,0.007,0.998,0.668,0.835,0.950,0.002,0.000,0.014,0.317
396,344,342,0.014,0.954,0.672,0.809,0.958,0.011,0.035,0.000,0.328,366.000,344.000,0.014,0.939,0.656,0.811,0.957,0.021,0.040,0.000,0.344,385.000,379.000,0.013,0.936,0.672,0.793,0.953,0.004,0.060,0.000,0.328,395.000,394.000,0.012,0.993,0.679,0.838,0.944,0.004,0.003,0.000,0.321
397,344,342,0.014,0.954,0.672,0.809,0.958,0.011,0.035,0.000,0.328,366.000,344.000,0.014,0.939,0.656,0.811,0.957,0.021,0.040,0.000,0.344,385.000,379.000,0.013,0.936,0.672,0.793,0.953,0.004,0.060,0.000,0.328,395.000,394.000,0.012,0.993,0.679,0.838,0.944,0.004,0.003,0.000,0.321
398,344,342,0.014,0.954,0.672,0.809,0.958,0.011,0.035,0.000,0.328,366.000,344.000,0.014,0.939,0.656,0.811,0.957,0.021,0.040,0.000,0.344,385.000,379.000,0.013,0.936,0.672,0.793,0.953,0.004,0.060,0.000,0.328,395.000,394.000,0.012,0.993,0.679,0.838,0.944,0.004,0.003,0.000,0.321
399,344,342,0.014,0.954,0.672,0.809,0.958,0.011,0.035,0.000,0.328,366.000,344.000,0.014,0.939,0.656,0.811,0.957,0.021,0.040,0.000,0.344,385.000,379.000,0.013,0.936,0.672,0.793,0.953,0.004,0.060,0.000,0.328,395.000,394.000,0.012,0.993,0.679,0.838,0.944,0.004,0.003,0.000,0.321
400,344,342,0.014,0.954,0.672,0.809,0.958,0.011,0.035,0.000,0.328,366.000,344.000,0.014,0.939,0.656,0.811,0.957,0.021,0.040,0.000,0.344,385.000,379.000,0.013,0.936,0.672,0.793,0.953,0.004,0.060,0.000,0.328,395.000,394.000,0.012,0.993,0.679,0.838,0.944,0.004,0.003,0.000,0.321
401,344,342,0.014,0.954,0.672,0.809,0.958,0.011,0.035,0.000,0.328,366.000,344.000,0.014,0.939,0.656,0.811,0.957,0.021,0.040,0.000,0.344,385.000,379.000,0.013,0.936,0.672,0.793,0.953,0.004,0.060,0.000,0.328,395.000,394.000,0.012,0.993,0.679,0.838,0.944,0.004,0.003,0.000,0.321
402,344,342,0.014,0.954,0.672,0.809,0.958,0.011,0.035,0.000,0.328,366.000,344.000,0.014,0.939,0.656,0.811,0.957,0.021,0.040,0.000,0.344,385.000,379.000,0.013,0.936,0.672,0.793,0.953,0.004,0.060,0.000,0.328,395.000,394.000,0.012,0.993,0.679,0.838,0.944,0.004,0.003,0.000,0.321
403,344,342,0.014,0.954,0.672,0.809,0.958,0.011,0.035,0.000,0.328,366.000,344.000,0.014,0.939,0.656,0.811,0.957,0.021,0.040,0.000,0.344,385.000,379.000,0.013,0.936,0.672,0.793,0.953,0.004,0.060,0.000,0.328,397.000,366.000,0.020,0.949,0.657,0.809,0.960,0.005,0.046,0.000,0.343
404,344,342,0.014,0.954,0.672,0.809,0.958,0.011,0.035,0.000,0.328,366.000,344.000,0.014,0.939,0.656,0.811,0.957,0.021,0.040,0.000,0.344,385.000,379.000,0.013,0.936,0.672,0.793,0.953,0.004,0.060,0.000,0.328,403.000,397.000,0.020,0.964,0.649,0.802,0.950,0.000,0.036,0.000,0.351
405,344,342,0.014,0.954,0.672,0.809,0.958,0.011,0.035,0.000,0.328,366.000,344.000,0.014,0.939,0.656,0.811,0.957,0.021,0.040,0.000,0.344,385.000,379.000,0.013,0.936,0.672,0.793,0.953,0.004,0.060,0.000,0.328,403.000,397.000,0.020,0.964,0.649,0.802,0.950,0.000,0.036,0.000,0.351
406,344,342,0.014,0.954,0.672,0.809,0.958,0.011,0.035,0.000,0.328,366.000,344.000,0.014,0.939,0.656,0.811,0.957,0.021,0.040,0.000,0.344,385.000,379.000,0.013,0.936,0.672,0.793,0.953,0.004,0.060,0.000,0.328,403.000,397.000,0.020,0.964,0.649,0.802,0.950,0.000,0.036,0.000,0.351
407,344,342,0.014,0.954,0.672,0.809,0.958,0.011,0.035,0.000,0.328,366.000,344.000,0.014,0.939,0.656,0.811,0.957,0.021,0.040,0.000,0.344,385.000,379.000,0.013,0.936,0.672,0.793,0.953,0.004,0.060,0.000,0.328,403.000,397.000,0.020,0.964,0.649,0.802,0.950,0.000,0.036,0.000,0.351
408,344,342,0.014,0.954,0.672,0.809,0.958,0.011,0.035,0.000,0.328,366.000,344.000,0.014,0.939,0.656,0.811,0.957,0.021,0.040,0.000,0.344,385.000,379.000,0.013,0.936,0.672,0.793,0.953,0.004,0.060,0.000,0.328,403.000,397.000,0.020,0.964,0.649,0.802,0.950,0.000,0.036,0.000,0.351
409,344,342,0.014,0.954,0.672,0.809,0.958,0.011,0.035,0.000,0.328,366.000,344.000,0.014,0.939,0.656,0.811,0.957,0.021,0.040,0.000,0.344,385.000,379.000,0.013,0.936,0.672,0.793,0.953,0.004,0.060,0.000,0.328,403.000,397.000,0.020,0.964,0.649,0.802,0.950,0.000,0.036,0.000,0.351
410,344,342,0.014,0.954,0.672,0.809,0.958,0.011,0.035,0.000,0.328,366.000,344.000,0.014,0.939,0.656,0.811,0.957,0.021,0.040,0.000,0.344,385.000,379.000,0.013,0.936,0.672,0.793,0.953,0.004,0.060,0.000,0.328,403.000,397.000,0.020,0.964,0.649,0.802,0.950,0.000,0.036,0.000,0.351
411,344,342,0.014,0.954,0.672,0.809,0.958,0.011,0.035,0.000,0.328,366.000,344.000,0.014,0.939,0.656,0.811,0.957,0.021,0.040,0.000,0.344,385.000,379.000,0.013,0.936,0.672,0.793,0.953,0.004,0.060,0.000,0.328,403.000,397.000,0.020,0.964,0.649,0.802,0.950,0.000,0.036,0.000,0.351
412,344,342,0.014,0.954,0.672,0.809,0.958,0.011,0.035,0.000,0.328,366.000,344.000,0.014,0.939,0.656,0.811,0.957,0.021,0.040,0.000,0.344,385.000,379.000,0.013,0.936,0.672,0.793,0.953,0.004,0.060,0.000,0.328,403.000,397.000,0.020,0.964,0.649,0.802,0.950,0.000,0.036,0.000,0.351
413,344,342,0.014,0.954,0.672,0.809,0.958,0.011,0.035,0.000,0.328,366.000,344.000,0.014,0.939,0.656,0.811,0.957,0.021,0.040,0.000,0.344,385.000,379.000,0.013,0.936,0.672,0.793,0.953,0.004,0.060,0.000,0.328,403.000,397.000,0.020,0.964,0.649,0.802,0.950,0.000,0.036,0.000,0.351
414,344,342,0.014,0.954,0.672,0.809,0.958,0.011,0.035,0.000,0.328,366.000,344.000,0.014,0.939,0.656,0.811,0.957,0.021,0.040,0.000,0.344,385.000,379.000,0.013,0.936,0.672,0.793,0.953,0.004,0.060,0.000,0.328,409.000,366.000,0.013,0.927,0.651,0.820,0.948,0.015,0.058,0.014,0.335
415,344,342,0.014,0.954,0.672,0.809,0.958,0.011,0.035,0.000,0.328,366.000,344.000,0.014,0.939,0.656,0.811,0.957,0.021,0.040,0.000,0.344,385.000,379.000,0.013,0.936,0.672,0.793,0.953,0.004,0.060,0.000,0.328,409.000,366.000,0.013,0.927,0.651,0.820,0.948,0.015,0.058,0.014,0.335
416,344,342,0.014,0.954,0.672,0.809,0.958,0.011,0.035,0.000,0.328,366.000,344.000,0.014,0.939,0.656,0.811,0.957,0.021,0.040,0.000,0.344,385.000,379.000,0.013,0.936,0.672,0.793,0.953,0.004,0.060,0.000,0.328,409.000,366.000,0.013,0.927,0.651,0.820,0.948,0.015,0.058,0.014,0.335
417,344,342,0.014,0.954,0.672,0.809,0.958,0.011,0.035,0.000,0.328,366.000,344.000,0.014,0.939,0.656,0.811,0.957,0.021,0.040,0.000,0.344,385.000,379.000,0.013,0.936,0.672,0.793,0.953,0.004,0.060,0.000,0.328,414.000,409.000,0.012,0.902,0.643,0.818,0.959,0.031,0.067,0.020,0.336
418,344,342,0.014,0.954,0.672,0.809,0.958,0.011,0.035,0.000,0.328,366.000,344.000,0.014,0.939,0.656,0.811,0.957,0.021,0.040,0.000,0.344,385.000,379.000,0.013,0.936,0.672,0.793,0.953,0.004,0.060,0.000,0.328,415.000,366.000,0.013,0.951,0.649,0.817,0.966,0.017,0.032,0.001,0.350
419,344,342,0.014,0.954,0.672,0.809,0.958,0.011,0.035,0.000,0.328,366.000,344.000,0.014,0.939,0.656,0.811,0.957,0.021,0.040,0.000,0.344,385.000,379.000,0.013,0.936,0.672,0.793,0.953,0.004,0.060,0.000,0.328,415.000,366.000,0.013,0.951,0.649,0.817,0.966,0.017,0.032,0.001,0.350
420,344,342,0.014,0.954,0.672,0.809,0.958,0.011,0.035,0.000,0.328,366.000,344.000,0.014,0.939,0.656,0.811,0.957,0.021,0.040,0.000,0.344,385.000,379.000,0.013,0.936,0.672,0.793,0.953,0.004,0.060,0.000,0.328,415.000,366.000,0.013,0.951,0.649,0.817,0.966,0.017,0.032,0.001,0.350
421,344,342,0.014,0.954,0.672,0.809,0.958,0.011,0.035,0.000,0.328,366.000,344.000,0.014,0.939,0.656,0.811,0.957,0.021,0.040,0.000,0.344,385.000,379.000,0.013,0.936,0.672,0.793,0.953,0.004,0.060,0.000,0.328,415.000,366.000,0.013,0.951,0.649,0.817,0.966,0.017,0.032,0.001,0.350
422,344,342,0.014,0.954,0.672,0.809,0.958,0.011,0.035,0.000,0.328,366.000,344.000,0.014,0.939,0.656,0.811,0.957,0.021,0.040,0.000,0.344,385.000,379.000,0.013,0.936,0.672,0.793,0.953,0.004,0.060,0.000,0.328,417.000,344.000,0.020,0.964,0.660,0.804,0.946,0.005,0.031,0.008,0.332
423,344,342,0.014,0.954,0.672,0.809,0.958,0.011,0.035,0.000,0.328,366.000,344.000,0.014,0.939,0.656,0.811,0.957,0.021,0.040,0.000,0.344,385.000,379.000,0.013,0.936,0.672,0.793,0.953,0.004,0.060,0.000,0.328,417.000,344.000,0.020,0.964,0.660,0.804,0.946,0.005,0.031,0.008,0.332
424,344,342,0.014,0.954,0.672,0.809,0.958,0.011,0.035,0.000,0.328,366.000,344.000,0.014,0.939,0.656,0.811,0.957,0.021,0.040,0.000,0.344,385.000,379.000,0.013,0.936,0.672,0.793,0.953,0.004,0.060,0.000,0.328,418.000,366.000,0.011,0.957,0.657,0.814,0.962,0.006,0.036,0.000,0.343
425,344,342,0.014,0.954,0.672,0.809,0.958,0.011,0.035,0.000,0.328,366.000,344.000,0.014,0.939,0.656,0.811,0.957,0.021,0.040,0.000,0.344,385.000,379.000,0.013,0.936,0.672,0.793,0.953,0.004,0.060,0.000,0.328,418.000,366.000,0.011,0.957,0.657,0.814,0.962,0.006,0.036,0.000,0.343
426,344,342,0.014,0.954,0.672,0.809,0.958,0.011,0.035,0.000,0.328,366.000,344.000,0.014,0.939,0.656,0.811,0.957,0.021,0.040,0.000,0.344,385.000,379.000,0.013,0.936,0.672,0.793,0.953,0.004,0.060,0.000,0.328,418.000,366.000,0.011,0.957,0.657,0.814,0.962,0.006,0.036,0.000,0.343
427,344,342,0.014,0.954,0.672,0.809,0.958,0.011,0.035,0.000,0.328,366.000,344.000,0.014,0.939,0.656,0.811,0.957,0.021,0.040,0.000,0.344,385.000,379.000,0.013,0.936,0.672,0.793,0.953,0.004,0.060,0.000,0.328,418.000,366.000,0.011,0.957,0.657,0.814,0.962,0.006,0.036,0.000,0.343
428,366,344,0.014,0.939,0.656,0.811,0.957,0.021,0.040,0.000,0.344,418.000,366.000,0.011,0.957,0.657,0.814,0.962,0.006,0.036,0.000,0.343,424.000,423.000,0.012,0.966,0.657,0.794,0.962,0.015,0.019,0.004,0.339,426.000,366.000,0.010,0.924,0.655,0.809,0.954,0.018,0.057,0.001,0.344
429,366,344,0.014,0.939,0.656,0.811,0.957,0.021,0.040,0.000,0.344,418.000,366.000,0.011,0.957,0.657,0.814,0.962,0.006,0.036,0.000,0.343,424.000,423.000,0.012,0.966,0.657,0.794,0.962,0.015,0.019,0.004,0.339,426.000,366.000,0.010,0.924,0.655,0.809,0.954,0.018,0.057,0.001,0.344
430,366,344,0.014,0.939,0.656,0.811,0.957,0.021,0.040,0.000,0.344,418.000,366.000,0.011,0.957,0.657,0.814,0.962,0.006,0.036,0.000,0.343,424.000,423.000,0.012,0.966,0.657,0.794,0.962,0.015,0.019,0.004,0.339,426.000,366.000,0.010,0.924,0.655,0.809,0.954,0.018,0.057,0.001,0.344
431,366,344,0.014,0.939,0.656,0.811,0.957,0.021,0.040,0.000,0.344,418.000,366.000,0.011,0.957,0.657,0.814,0.962,0.006,0.036,0.000,0.343,424.000,423.000,0.012,0.966,0.657,0.794,0.962,0.015,0.019,0.004,0.339,426.000,366.000,0.010,0.924,0.655,0.809,0.954,0.018,0.057,0.001,0.344
432,366,344,0.014,0.939,0.656,0.811,0.957,0.021,0.040,0.000,0.344,418.000,366.000,0.011,0.957,0.657,0.814,0.962,0.006,0.036,0.000,0.343,426.000,366.000,0.010,0.924,0.655,0.809,0.954,0.018,0.057,0.001,0.344,429.000,385.000,0.013,0.935,0.664,0.790,0.945,0.008,0.057,0.002,0.334
433,366,344,0.014,0.939,0.656,0.811,0.957,0.021,0.040,0.000,0.344,418.000,366.000,0.011,0.957,0.657,0.814,0.962,0.006,0.036,0.000,0.343,426.000,366.000,0.010,0.924,0.655,0.809,0.954,0.018,0.057,0.001,0.344,429.000,385.000,0.013,0.935,0.664,0.790,0.945,0.008,0.057,0.002,0.334
434,366,344,0.014,0.939,0.656,0.811,0.957,0.021,0.040,0.000,0.344,418.000,366.000,0.011,0.957,0.657,0.814,0.962,0.006,0.036,0.000,0.343,426.000,366.000,0.010,0.924,0.655,0.809,0.954,0.018,0.057,0.001,0.344,429.000,385.000,0.013,0.935,0.664,0.790,0.945,0.008,0.057,0.002,0.334
435,366,344,0.014,0.939,0.656,0.811,0.957,0.021,0.040,0.000,0.344,418.000,366.000,0.011,0.957,0.657,0.814,0.962,0.006,0.036,0.000,0.343,426.000,366.000,0.010,0.924,0.655,0.809,0.954,0.018,0.057,0.001,0.344,429.000,385.000,0.013,0.935,0.664,0.790,0.945,0.008,0.057,0.002,0.334
436,366,344,0.014,0.939,0.656,0.811,0.957,0.021,0.040,0.000,0.344,418.000,366.000,0.011,0.957,0.657,0.814,0.962,0.006,0.036,0.000,0.343,426.000,366.000,0.010,0.924,0.655,0.809,0.954,0.018,0.057,0.001,0.344,429.000,385.000,0.013,0.935,0.664,0.790,0.945,0.008,0.057,0.002,0.334
437,366,344,0.014,0.939,0.656,0.811,0.957,0.021,0.040,0.000,0.344,418.000,366.000,0.011,0.957,0.657,0.814,0.962,0.006,0.036,0.000,0.343,426.000,366.000,0.010,0.924,0.655,0.809,0.954,0.018,0.057,0.001,0.344,430.000,418.000,0.008,0.918,0.651,0.840,0.959,0.026,0.056,0.000,0.349
438,366,344,0.014,0.939,0.656,0.811,0.957,0.021,0.040,0.000,0.344,426.000,366.000,0.010,0.924,0.655,0.809,0.954,0.018,0.057,0.001,0.344,431.000,424.000,0.010,0.973,0.655,0.806,0.948,0.024,0.004,0.000,0.345,432.000,431.000,0.011,0.977,0.653,0.802,0.947,0.021,0.002,0.000,0.347
439,366,344,0.014,0.939,0.656,0.811,0.957,0.021,0.040,0.000,0.344,426.000,366.000,0.010,0.924,0.655,0.809,0.954,0.018,0.057,0.001,0.344,431.000,424.000,0.010,0.973,0.655,0.806,0.948,0.024,0.004,0.000,0.345,432.000,431.000,0.011,0.977,0.653,0.802,0.947,0.021,0.002,0.000,0.347
440,366,344,0.014,0.939,0.656,0.811,0.957,0.021,0.040,0.000,0.344,426.000,366.000,0.010,0.924,0.655,0.809,0.954,0.018,0.057,0.001,0.344,431.000,424.000,0.010,0.973,0.655,0.806,0.948,0.024,0.004,0.000,0.345,432.000,431.000,0.011,0.977,0.653,0.802,0.947,0.021,0.002,0.000,0.347
441,366,344,0.014,0.939,0.656,0.811,0.957,0.021,0.040,0.000,0.344,426.000,366.000,0.010,0.924,0.655,0.809,0.954,0.018,0.057,0.001,0.344,431.000,424.000,0.010,0.973,0.655,0.806,0.948,0.024,0.004,0.000,0.345,432.000,431.000,0.011,0.977,0.653,0.802,0.947,0.021,0.002,0.000,0.347
442,366,344,0.014,0.939,0.656,0.811,0.957,0.021,0.040,0.000,0.344,426.000,366.000,0.010,0.924,0.655,0.809,0.954,0.018,0.057,0.001,0.344,431.000,424.000,0.010,0.973,0.655,0.806,0.948,0.024,0.004,0.000,0.345,432.000,431.000,0.011,0.977,0.653,0.802,0.947,0.021,0.002,0.000,0.347
443,366,344,0.014,0.939,0.656,0.811,0.957,0.021,0.040,0.000,0.344,426.000,366.000,0.010,0.924,0.655,0.809,0.954,0.018,0.057,0.001,0.344,431.000,424.000,0.010,0.973,0.655,0.806,0.948,0.024,0.004,0.000,0.345,432.000,431.000,0.011,0.977,0.653,0.802,0.947,0.021,0.002,0.000,0.347
444,366,344,0.014,0.939,0.656,0.811,0.957,0.021,0.040,0.000,0.344,426.000,366.000,0.010,0.924,0.655,0.809,0.954,0.018,0.057,0.001,0.344,431.000,424.000,0.010,0.973,0.655,0.806,0.948,0.024,0.004,0.000,0.345,432.000,431.000,0.011,0.977,0.653,0.802,0.947,0.021,0.002,0.000,0.347
445,366,344,0.014,0.939,0.656,0.811,0.957,0.021,0.040,0.000,0.344,426.000,366.000,0.010,0.924,0.655,0.809,0.954,0.018,0.057,0.001,0.344,431.000,424.000,0.010,0.973,0.655,0.806,0.948,0.024,0.004,0.000,0.345,432.000,431.000,0.011,0.977,0.653,0.802,0.947,0.021,0.002,0.000,0.347
446,366,344,0.014,0.939,0.656,0.811,0.957,0.021,0.040,0.000,0.344,432.000,431.000,0.011,0.977,0.653,0.802,0.947,0.021,0.002,0.000,0.347,433.000,426.000,0.015,0.923,0.655,0.825,0.952,0.023,0.054,0.000,0.345,435.000,433.000,0.010,0.929,0.662,0.829,0.953,0.020,0.051,0.000,0.338
447,366,344,0.014,0.939,0.656,0.811,0.957,0.021,0.040,0.000,0.344,432.000,431.000,0.011,0.977,0.653,0.802,0.947,0.021,0.002,0.000,0.347,433.000,426.000,0.015,0.923,0.655,0.825,0.952,0.023,0.054,0.000,0.345,435.000,433.000,0.010,0.929,0.662,0.829,0.953,0.020,0.051,0.000,0.338
448,366,344,0.014,0.939,0.656,0.811,0.957,0.021,0.040,0.000,0.344,432.000,431.000,0.011,0.977,0.653,0.802,0.947,0.021,0.002,0.000,0.347,433.000,426.000,0.015,0.923,0.655,0.825,0.952,0.023,0.054,0.000,0.345,435.000,433.000,0.010,0.929,0.662,0.829,0.953,0.020,0.051,0.000,0.338
449,366,344,0.014,0.939,0.656,0.811,0.957,0.021,0.040,0.000,0.344,433.000,426.000,0.015,0.923,0.655,0.825,0.952,0.023,0.054,0.000,0.345,435.000,433.000,0.010,0.929,0.662,0.829,0.953,0.020,0.051,0.000,0.338,442.000,433.000,0.014,0.927,0.645,0.832,0.946,0.023,0.051,0.003,0.352
450,366,344,0.014,0.939,0.656,0.811,0.957,0.021,0.040,0.000,0.344,433.000,426.000,0.015,0.923,0.655,0.825,0.952,0.023,0.054,0.000,0.345,435.000,433.000,0.010,0.929,0.662,0.829,0.953,0.020,0.051,0.000,0.338,446.000,432.000,0.016,0.972,0.656,0.812,0.944,0.015,0.012,0.000,0.343
451,366,344,0.014,0.939,0.656,0.811,0.957,0.021,0.040,0.000,0.344,433.000,426.000,0.015,0.923,0.655,0.825,0.952,0.023,0.054,0.000,0.345,435.000,433.000,0.010,0.929,0.662,0.829,0.953,0.020,0.051,0.000,0.338,446.000,432.000,0.016,0.972,0.656,0.812,0.944,0.015,0.012,0.000,0.343
452,366,344,0.014,0.939,0.656,0.811,0.957,0.021,0.040,0.000,0.344,433.000,426.000,0.015,0.923,0.655,0.825,0.952,0.023,0.054,0.000,0.345,435.000,433.000,0.010,0.929,0.662,0.829,0.953,0.020,0.051,0.000,0.338,446.000,432.000,0.016,0.972,0.656,0.812,0.944,0.015,0.012,0.000,0.343
453,366,344,0.014,0.939,0.656,0.811,0.957,0.021,0.040,0.000,0.344,433.000,426.000,0.015,0.923,0.655,0.825,0.952,0.023,0.054,0.000,0.345,435.000,433.000,0.010,0.929,0.662,0.829,0.953,0.020,0.051,0.000,0.338,446.000,432.000,0.016,0.972,0.656,0.812,0.944,0.015,0.012,0.000,0.343
454,366,344,0.014,0.939,0.656,0.811,0.957,0.021,0.040,0.000,0.344,433.000,426.000,0.015,0.923,0.655,0.825,0.952,0.023,0.054,0.000,0.345,446.000,432.000,0.016,0.972,0.656,0.812,0.944,0.015,0.012,0.000,0.343,450.000,449.000,0.012,0.932,0.663,0.812,0.959,0.036,0.032,0.000,0.337
455,366,344,0.014,0.939,0.656,0.811,0.957,0.021,0.040,0.000,0.344,433.000,426.000,0.015,0.923,0.655,0.825,0.952,0.023,0.054,0.000,0.345,446.000,432.000,0.016,0.972,0.656,0.812,0.944,0.015,0.012,0.000,0.343,450.000,449.000,0.012,0.932,0.663,0.812,0.959,0.036,0.032,0.000,0.337
456,366,344,0.014,0.939,0.656,0.811,0.957,0.021,0.040,0.000,0.344,433.000,426.000,0.015,0.923,0.655,0.825,0.952,0.023,0.054,0.000,0.345,450.000,449.000,0.012,0.932,0.663,0.812,0.959,0.036,0.032,0.000,0.337,452.000,366.000,0.019,0.920,0.661,0.814,0.975,0.031,0.048,0.000,0.339
457,366,344,0.014,0.939,0.656,0.811,0.957,0.021,0.040,0.000,0.344,433.000,426.000,0.015,0.923,0.655,0.825,0.952,0.023,0.054,0.000,0.345,450.000,449.000,0.012,0.932,0.663,0.812,0.959,0.036,0.032,0.000,0.337,452.000,366.000,0.019,0.920,0.661,0.814,0.975,0.031,0.048,0.000,0.339
458,366,344,0.014,0.939,0.656,0.811,0.957,0.021,0.040,0.000,0.344,433.000,426.000,0.015,0.923,0.655,0.825,0.952,0.023,0.054,0.000,0.345,450.000,449.000,0.012,0.932,0.663,0.812,0.959,0.036,0.032,0.000,0.337,452.000,366.000,0.019,0.920,0.661,0.814,0.975,0.031,0.048,0.000,0.339
459,366,344,0.014,0.939,0.656,0.811,0.957,0.021,0.040,0.000,0.344,433.000,426.000,0.015,0.923,0.655,0.825,0.952,0.023,0.054,0.000,0.345,450.000,449.000,0.012,0.932,0.663,0.812,0.959,0.036,0.032,0.000,0.337,452.000,366.000,0.019,0.920,0.661,0.814,0.975,0.031,0.048,0.000,0.339
460,366,344,0.014,0.939,0.656,0.811,0.957,0.021,0.040,0.000,0.344,433.000,426.000,0.015,0.923,0.655,0.825,0.952,0.023,0.054,0.000,0.345,450.000,449.000,0.012,0.932,0.663,0.812,0.959,0.036,0.032,0.000,0.337,454.000,452.000,0.016,0.920,0.640,0.801,0.970,0.042,0.038,0.000,0.360
461,366,344,0.014,0.939,0.656,0.811,0.957,0.021,0.040,0.000,0.344,433.000,426.000,0.015,0.923,0.655,0.825,0.952,0.023,0.054,0.000,0.345,450.000,449.000,0.012,0.932,0.663,0.812,0.959,0.036,0.032,0.000,0.337,454.000,452.000,0.016,0.920,0.640,0.801,0.970,0.042,0.038,0.000,0.360
462,366,344,0.014,0.939,0.656,0.811,0.957,0.021,0.040,0.000,0.344,433.000,426.000,0.015,0.923,0.655,0.825,0.952,0.023,0.054,0.000,0.345,450.000,449.000,0.012,0.932,0.663,0.812,0.959,0.036,0.032,0.000,0.337,454.000,452.000,0.016,0.920,0.640,0.801,0.970,0.042,0.038,0.000,0.360
463,366,344,0.014,0.939,0.656,0.811,0.957,0.021,0.040,0.000,0.344,433.000,426.000,0.015,0.923,0.655,0.825,0.952,0.023,0.054,0.000,0.345,450.000,449.000,0.012,0.932,0.663,0.812,0.959,0.036,0.032,0.000,0.337,454.000,452.000,0.016,0.920,0.640,0.801,0.970,0.042,0.038,0.000,0.360
464,366,344,0.014,0.939,0.656,0.811,0.957,0.021,0.040,0.000,0.344,433.000,426.000,0.015,0.923,0.655,0.825,0.952,0.023,0.054,0.000,0.345,450.000,449.000,0.012,0.932,0.663,0.812,0.959,0.036,0.032,0.000,0.337,456.000,455.000,0.011,0.933,0.626,0.811,0.954,0.037,0.030,0.006,0.368
465,366,344,0.014,0.939,0.656,0.811,0.957,0.021,0.040,0.000,0.344,433.000,426.000,0.015,0.923,0.655,0.825,0.952,0.023,0.054,0.000,0.345,450.000,449.000,0.012,0.932,0.663,0.812,0.959,0.036,0.032,0.000,0.337,456.000,455.000,0.011,0.933,0.626,0.811,0.954,0.037,0.030,0.006,0.368
466,366,344,0.014,0.939,0.656,0.811,0.957,0.021,0.040,0.000,0.344,433.000,426.000,0.015,0.923,0.655,0.825,0.952,0.023,0.054,0.000,0.345,450.000,449.000,0.012,0.932,0.663,0.812,0.959,0.036,0.032,0.000,0.337,456.000,455.000,0.011,0.933,0.626,0.811,0.954,0.037,0.030,0.006,0.368
467,366,344,0.014,0.939,0.656,0.811,0.957,0.021,0.040,0.000,0.344,433.000,426.000,0.015,0.923,0.655,0.825,0.952,0.023,0.054,0.000,0.345,450.000,449.000,0.012,0.932,0.663,0.812,0.959,0.036,0.032,0.000,0.337,456.000,455.000,0.011,0.933,0.626,0.811,0.954,0.037,0.030,0.006,0.368
468,366,344,0.014,0.939,0.656,0.811,0.957,0.021,0.040,0.000,0.344,433.000,426.000,0.015,0.923,0.655,0.825,0.952,0.023,0.054,0.000,0.345,450.000,449.000,0.012,0.932,0.663,0.812,0.959,0.036,0.032,0.000,0.337,456.000,455.000,0.011,0.933,0.626,0.811,0.954,0.037,0.030,0.006,0.368
469,366,344,0.014,0.939,0.656,0.811,0.957,0.021,0.040,0.000,0.344,433.000,426.000,0.015,0.923,0.655,0.825,0.952,0.023,0.054,0.000,0.345,450.000,449.000,0.012,0.932,0.663,0.812,0.959,0.036,0.032,0.000,0.337,466.000,433.000,0.021,0.928,0.653,0.823,0.953,0.014,0.058,0.000,0.347
470,366,344,0.014,0.939,0.656,0.811,0.957,0.021,0.040,0.000,0.344,433.000,426.000,0.015,0.923,0.655,0.825,0.952,0.023,0.054,0.000,0.345,450.000,449.000,0.012,0.932,0.663,0.812,0.959,0.036,0.032,0.000,0.337,466.000,433.000,0.021,0.928,0.653,0.823,0.953,0.014,0.058,0.000,0.347
471,366,344,0.014,0.939,0.656,0.811,0.957,0.021,0.040,0.000,0.344,433.000,426.000,0.015,0.923,0.655,0.825,0.952,0.023,0.054,0.000,0.345,450.000,449.000,0.012,0.932,0.663,0.812,0.959,0.036,0.032,0.000,0.337,466.000,433.000,0.021,0.928,0.653,0.823,0.953,0.014,0.058,0.000,0.347
472,366,344,0.014,0.939,0.656,0.811,0.957,0.021,0.040,0.000,0.344,433.000,426.000,0.015,0.923,0.655,0.825,0.952,0.023,0.054,0.000,0.345,450.000,449.000,0.012,0.932,0.663,0.812,0.959,0.036,0.032,0.000,0.337,466.000,433.000,0.021,0.928,0.653,0.823,0.953,0.014,0.058,0.000,0.347
473,366,344,0.014,0.939,0.656,0.811,0.957,0.021,0.040,0.000,0.344,433.000,426.000,0.015,0.923,0.655,0.825,0.952,0.023,0.054,0.000,0.345,450.000,449.000,0.012,0.932,0.663,0.812,0.959,0.036,0.032,0.000,0.337,466.000,433.000,0.021,0.928,0.653,0.823,0.953,0.014,0.058,0.000,0.347
474,366,344,0.014,0.939,0.656,0.811,0.957,0.021,0.040,0.000,0.344,433.000,426.000,0.015,0.923,0.655,0.825,0.952,0.023,0.054,0.000,0.345,450.000,449.000,0.012,0.932,0.663,0.812,0.959,0.036,0.032,0.000,0.337,466.000,433.000,0.021,0.928,0.653,0.823,0.953,0.014,0.058,0.000,0.347
475,366,344,0.014,0.939,0.656,0.811,0.957,0.021,0.040,0.000,0.344,433.000,426.000,0.015,0.923,0.655,0.825,0.952,0.023,0.054,0.000,0.345,450.000,449.000,0.012,0.932,0.663,0.812,0.959,0.036,0.032,0.000,0.337,466.000,433.000,0.021,0.928,0.653,0.823,0.953,0.014,0.058,0.000,0.347
476,366,344,0.014,0.939,0.656,0.811,0.957,0.021,0.040,0.000,0.344,433.000,426.000,0.015,0.923,0.655,0.825,0.952,0.023,0.054,0.000,0.345,450.000,449.000,0.012,0.932,0.663,0.812,0.959,0.036,0.032,0.000,0.337,471.000,366.000,0.018,0.944,0.650,0.814,0.962,0.032,0.024,0.000,0.350
477,366,344,0.014,0.939,0.656,0.811,0.957,0.021,0.040,0.000,0.344,433.000,426.000,0.015,0.923,0.655,0.825,0.952,0.023,0.054,0.000,0.345,450.000,449.000,0.012,0.932,0.663,0.812,0.959,0.036,0.032,0.000,0.337,471.000,366.000,0.018,0.944,0.650,0.814,0.962,0.032,0.024,0.000,0.350
478,366,344,0.014,0.939,0.656,0.811,0.957,0.021,0.040,0.000,0.344,433.000,426.000,0.015,0.923,0.655,0.825,0.952,0.023,0.054,0.000,0.345,450.000,449.000,0.012,0.932,0.663,0.812,0.959,0.036,0.032,0.000,0.337,471.000,366.000,0.018,0.944,0.650,0.814,0.962,0.032,0.024,0.000,0.350
479,366,344,0.014,0.939,0.656,0.811,0.957,0.021,0.040,0.000,0.344,433.000,426.000,0.015,0.923,0.655,0.825,0.952,0.023,0.054,0.000,0.345,450.000,449.000,0.012,0.932,0.663,0.812,0.959,0.036,0.032,0.000,0.337,471.000,366.000,0.018,0.944,0.650,0.814,0.962,0.032,0.024,0.000,0.350
480,366,344,0.014,0.939,0.656,0.811,0.957,0.021,0.040,0.000,0.344,433.000,426.000,0.015,0.923,0.655,0.825,0.952,0.023,0.054,0.000,0.345,450.000,449.000,0.012,0.932,0.663,0.812,0.959,0.036,0.032,0.000,0.337,471.000,366.000,0.018,0.944,0.650,0.814,0.962,0.032,0.024,0.000,0.350
481,366,344,0.014,0.939,0.656,0.811,0.957,0.021,0.040,0.000,0.344,433.000,426.000,0.015,0.923,0.655,0.825,0.952,0.023,0.054,0.000,0.345,450.000,449.000,0.012,0.932,0.663,0.812,0.959,0.036,0.032,0.000,0.337,474.000,470.000,0.014,0.929,0.624,0.820,0.959,0.056,0.015,0.000,0.376
482,366,344,0.014,0.939,0.656,0.811,0.957,0.021,0.040,0.000,0.344,433.000,426.000,0.015,0.923,0.655,0.825,0.952,0.023,0.054,0.000,0.345,450.000,449.000,0.012,0.932,0.663,0.812,0.959,0.036,0.032,0.000,0.337,474.000,470.000,0.014,0.929,0.624,0.820,0.959,0.056,0.015,0.000,0.376
483,366,344,0.014,0.939,0.656,0.811,0.957,0.021,0.040,0.000,0.344,433.000,426.000,0.015,0.923,0.655,0.825,0.952,0.023,0.054,0.000,0.345,450.000,449.000,0.012,0.932,0.663,0.812,0.959,0.036,0.032,0.000,0.337,474.000,470.000,0.014,0.929,0.624,0.820,0.959,0.056,0.015,0.000,0.376
484,366,344,0.014,0.939,0.656,0.811,0.957,0.021,0.040,0.000,0.344,433.000,426.000,0.015,0.923,0.655,0.825,0.952,0.023,0.054,0.000,0.345,450.000,449.000,0.012,0.932,0.663,0.812,0.959,0.036,0.032,0.000,0.337,474.000,470.000,0.014,0.929,0.624,0.820,0.959,0.056,0.015,0.000,0.376
485,366,344,0.014,0.939,0.656,0.811,0.957,0.021,0.040,0.000,0.344,433.000,426.000,0.015,0.923,0.655,0.825,0.952,0.023,0.054,0.000,0.345,450.000,449.000,0.012,0.932,0.663,0.812,0.959,0.036,0.032,0.000,0.337,474.000,470.000,0.014,0.929,0.624,0.820,0.959,0.056,0.015,0.000,0.376
486,366,344,0.014,0.939,0.656,0.811,0.957,0.021,0.040,0.000,0.344,433.000,426.000,0.015,0.923,0.655,0.825,0.952,0.023,0.054,0.000,0.345,450.000,449.000,0.012,0.932,0.663,0.812,0.959,0.036,0.032,0.000,0.337,474.000,470.000,0.014,0.929,0.624,0.820,0.959,0.056,0.015,0.000,0.376
487,366,344,0.014,0.939,0.656,0.811,0.957,0.021,0.040,0.000,0.344,433.000,426.000,0.015,0.923,0.655,0.825,0.952,0.023,0.054,0.000,0.345,450.000,449.000,0.012,0.932,0.663,0.812,0.959,0.036,0.032,0.000,0.337,474.000,470.000,0.014,0.929,0.624,0.820,0.959,0.056,0.015,0.000,0.376
488,366,344,0.014,0.939,0.656,0.811,0.957,0.021,0.040,0.000,0.344,433.000,426.000,0.015,0.923,0.655,0.825,0.952,0.023,0.054,0.000,0.345,450.000,449.000,0.012,0.932,0.663,0.812,0.959,0.036,0.032,0.000,0.337,474.000,470.000,0.014,0.929,0.624,0.820,0.959,0.056,0.015,0.000,0.376
489,366,344,0.014,0.939,0.656,0.811,0.957,0.021,0.040,0.000,0.344,433.000,426.000,0.015,0.923,0.655,0.825,0.952,0.023,0.054,0.000,0.345,450.000,449.000,0.012,0.932,0.663,0.812,0.959,0.036,0.032,0.000,0.337,474.000,470.000,0.014,0.929,0.624,0.820,0.959,0.056,0.015,0.000,0.376
490,366,344,0.014,0.939,0.656,0.811,0.957,0.021,0.040,0.000,0.344,433.000,426.000,0.015,0.923,0.655,0.825,0.952,0.023,0.054,0.000,0.345,450.000,449.000,0.012,0.932,0.663,0.812,0.959,0.036,0.032,0.000,0.337,474.000,470.000,0.014,0.929,0.624,0.820,0.959,0.056,0.015,0.000,0.376
491,366,344,0.014,0.939,0.656,0.811,0.957,0.021,0.040,0.000,0.344,433.000,426.000,0.015,0.923,0.655,0.825,0.952,0.023,0.054,0.000,0.345,450.000,449.000,0.012,0.932,0.663,0.812,0.959,0.036,0.032,0.000,0.337,474.000,470.000,0.014,0.929,0.624,0.820,0.959,0.056,0.015,0.000,0.376
492,366,344,0.014,0.939,0.656,0.811,0.957,0.021,0.040,0.000,0.344,433.000,426.000,0.015,0.923,0.655,0.825,0.952,0.023,0.054,0.000,0.345,450.000,449.000,0.012,0.932,0.663,0.812,0.959,0.036,0.032,0.000,0.337,474.000,470.000,0.014,0.929,0.624,0.820,0.959,0.056,0.015,0.000,0.376
493,366,344,0.014,0.939,0.656,0.811,0.957,0.021,0.040,0.000,0.344,433.000,426.000,0.015,0.923,0.655,0.825,0.952,0.023,0.054,0.000,0.345,450.000,449.000,0.012,0.932,0.663,0.812,0.959,0.036,0.032,0.000,0.337,474.000,470.000,0.014,0.929,0.624,0.820,0.959,0.056,0.015,0.000,0.376
494,366,344,0.014,0.939,0.656,0.811,0.957,0.021,0.040,0.000,0.344,433.000,426.000,0.015,0.923,0.655,0.825,0.952,0.023,0.054,0.000,0.345,450.000,449.000,0.012,0.932,0.663,0.812,0.959,0.036,0.032,0.000,0.337,474.000,470.000,0.014,0.929,0.624,0.820,0.959,0.056,0.015,0.000,0.376
495,366,344,0.014,0.939,0.656,0.811,0.957,0.021,0.040,0.000,0.344,433.000,426.000,0.015,0.923,0.655,0.825,0.952,0.023,0.054,0.000,0.345,450.000,449.000,0.012,0.932,0.663,0.812,0.959,0.036,0.032,0.000,0.337,474.000,470.000,0.014,0.929,0.624,0.820,0.959,0.056,0.015,0.000,0.376
496,366,344,0.014,0.939,0.656,0.811,0.957,0.021,0.040,0.000,0.344,433.000,426.000,0.015,0.923,0.655,0.825,0.952,0.023,0.054,0.000,0.345,450.000,449.000,0.012,0.932,0.663,0.812,0.959,0.036,0.032,0.000,0.337,474.000,470.000,0.014,0.929,0.624,0.820,0.959,0.056,0.015,0.000,0.376
497,366,344,0.014,0.939,0.656,0.811,0.957,0.021,0.040,0.000,0.344,433.000,426.000,0.015,0.923,0.655,0.825,0.952,0.023,0.054,0.000,0.345,450.000,449.000,0.012,0.932,0.663,0.812,0.959,0.036,0.032,0.000,0.337,474.000,470.000,0.014,0.929,0.624,0.820,0.959,0.056,0.015,0.000,0.376
498,366,344,0.014,0.939,0.656,0.811,0.957,0.021,0.040,0.000,0.344,433.000,426.000,0.015,0.923,0.655,0.825,0.952,0.023,0.054,0.000,0.345,450.000,449.000,0.012,0.932,0.663,0.812,0.959,0.036,0.032,0.000,0.337,474.000,470.000,0.014,0.929,0.624,0.820,0.959,0.056,0.015,0.000,0.376
499,366,344,0.014,0.939,0.656,0.811,0.957,0.021,0.040,0.000,0.344,433.000,426.000,0.015,0.923,0.655,0.825,0.952,0.023,0.054,0.000,0.345,450.000,449.000,0.012,0.932,0.663,0.812,0.959,0.036,0.032,0.000,0.337,474.000,470.000,0.014,0.929,0.624,0.820,0.959,0.056,0.015,0.000,0.376
500,366,344,0.014,0.939,0.656,0.811,0.957,0.021,0.040,0.000,0.344,433.000,426.000,0.015,0.923,0.655,0.825,0.952,0.023,0.054,0.000,0.345,450.000,449.000,0.012,0.932,0.663,0.812,0.959,0.036,0.032,0.000,0.337,474.000,470.000,0.014,0.929,0.624,0.820,0.959,0.056,0.015,0.000,0.376
501,366,344,0.014,0.939,0.656,0.811,0.957,0.021,0.040,0.000,0.344,433.000,426.000,0.015,0.923,0.655,0.825,0.952,0.023,0.054,0.000,0.345,450.000,449.000,0.012,0.932,0.663,0.812,0.959,0.036,0.032,0.000,0.337,474.000,470.000,0.014,0.929,0.624,0.820,0.959,0.056,0.015,0.000,0.376
502,366,344,0.014,0.939,0.656,0.811,0.957,0.021,0.040,0.000,0.344,433.000,426.000,0.015,0.923,0.655,0.825,0.952,0.023,0.054,0.000,0.345,450.000,449.000,0.012,0.932,0.663,0.812,0.959,0.036,0.032,0.000,0.337,474.000,470.000,0.014,0.929,0.624,0.820,0.959,0.056,0.015,0.000,0.376
503,366,344,0.014,0.939,0.656,0.811,0.957,0.021,0.040,0.000,0.344,433.000,426.000,0.015,0.923,0.655,0.825,0.952,0.023,0.054,0.000,0.345,450.000,449.000,0.012,0.932,0.663,0.812,0.959,0.036,0.032,0.000,0.337,474.000,470.000,0.014,0.929,0.624,0.820,0.959,0.056,0.015,0.000,0.376
504,366,344,0.014,0.939,0.656,0.811,0.957,0.021,0.040,0.000,0.344,433.000,426.000,0.015,0.923,0.655,0.825,0.952,0.023,0.054,0.000,0.345,450.000,449.000,0.012,0.932,0.663,0.812,0.959,0.036,0.032,0.000,0.337,474.000,470.000,0.014,0.929,0.624,0.820,0.959,0.056,0.015,0.000,0.376
505,366,344,0.014,0.939,0.656,0.811,0.957,0.021,0.040,0.000,0.344,433.000,426.000,0.015,0.923,0.655,0.825,0.952,0.023,0.054,0.000,0.345,450.000,449.000,0.012,0.932,0.663,0.812,0.959,0.036,0.032,0.000,0.337,474.000,470.000,0.014,0.929,0.624,0.820,0.959,0.056,0.015,0.000,0.376
506,366,344,0.014,0.939,0.656,0.811,0.957,0.021,0.040,0.000,0.344,433.000,426.000,0.015,0.923,0.655,0.825,0.952,0.023,0.054,0.000,0.345,450.000,449.000,0.012,0.932,0.663,0.812,0.959,0.036,0.032,0.000,0.337,474.000,470.000,0.014,0.929,0.624,0.820,0.959,0.056,0.015,0.000,0.376
507,366,344,0.014,0.939,0.656,0.811,0.957,0.021,0.040,0.000,0.344,433.000,426.000,0.015,0.923,0.655,0.825,0.952,0.023,0.054,0.000,0.345,450.000,449.000,0.012,0.932,0.663,0.812,0.959,0.036,0.032,0.000,0.337,474.000,470.000,0.014,0.929,0.624,0.820,0.959,0.056,0.015,0.000,0.376
508,366,344,0.014,0.939,0.656,0.811,0.957,0.021,0.040,0.000,0.344,433.000,426.000,0.015,0.923,0.655,0.825,0.952,0.023,0.054,0.000,0.345,450.000,449.000,0.012,0.932,0.663,0.812,0.959,0.036,0.032,0.000,0.337,474.000,470.000,0.014,0.929,0.624,0.820,0.959,0.056,0.015,0.000,0.376
509,366,344,0.014,0.939,0.656,0.811,0.957,0.021,0.040,0.000,0.344,433.000,426.000,0.015,0.923,0.655,0.825,0.952,0.023,0.054,0.000,0.345,450.000,449.000,0.012,0.932,0.663,0.812,0.959,0.036,0.032,0.000,0.337,474.000,470.000,0.014,0.929,0.624,0.820,0.959,0.056,0.015,0.000,0.376
510,366,344,0.014,0.939,0.656,0.811,0.957,0.021,0.040,0.000,0.344,433.000,426.000,0.015,0.923,0.655,0.825,0.952,0.023,0.054,0.000,0.345,450.000,449.000,0.012,0.932,0.663,0.812,0.959,0.036,0.032,0.000,0.337,474.000,470.000,0.014,0.929,0.624,0.820,0.959,0.056,0.015,0.000,0.376
511,366,344,0.014,0.939,0.656,0.811,0.957,0.021,0.040,0.000,0.344,433.000,426.000,0.015,0.923,0.655,0.825,0.952,0.023,0.054,0.000,0.345,474.000,470.000,0.014,0.929,0.624,0.820,0.959,0.056,0.015,0.000,0.376,491.000,450.000,0.013,0.942,0.654,0.798,0.959,0.029,0.029,0.000,0.346
512,366,344,0.014,0.939,0.656,0.811,0.957,0.021,0.040,0.000,0.344,433.000,426.000,0.015,0.923,0.655,0.825,0.952,0.023,0.054,0.000,0.345,474.000,470.000,0.014,0.929,0.624,0.820,0.959,0.056,0.015,0.000,0.376,491.000,450.000,0.013,0.942,0.654,0.798,0.959,0.029,0.029,0.000,0.346
513,366,344,0.014,0.939,0.656,0.811,0.957,0.021,0.040,0.000,0.344,433.000,426.000,0.015,0.923,0.655,0.825,0.952,0.023,0.054,0.000,0.345,474.000,470.000,0.014,0.929,0.624,0.820,0.959,0.056,0.015,0.000,0.376,491.000,450.000,0.013,0.942,0.654,0.798,0.959,0.029,0.029,0.000,0.346
514,366,344,0.014,0.939,0.656,0.811,0.957,0.021,0.040,0.000,0.344,433.000,426.000,0.015,0.923,0.655,0.825,0.952,0.023,0.054,0.000,0.345,474.000,470.000,0.014,0.929,0.624,0.820,0.959,0.056,0.015,0.000,0.376,491.000,450.000,0.013,0.942,0.654,0.798,0.959,0.029,0.029,0.000,0.346
515,366,344,0.014,0.939,0.656,0.811,0.957,0.021,0.040,0.000,0.344,433.000,426.000,0.015,0.923,0.655,0.825,0.952,0.023,0.054,0.000,0.345,474.000,470.000,0.014,0.929,0.624,0.820,0.959,0.056,0.015,0.000,0.376,491.000,450.000,0.013,0.942,0.654,0.798,0.959,0.029,0.029,0.000,0.346
516,366,344,0.014,0.939,0.656,0.811,0.957,0.021,0.040,0.000,0.344,433.000,426.000,0.015,0.923,0.655,0.825,0.952,0.023,0.054,0.000,0.345,474.000,470.000,0.014,0.929,0.624,0.820,0.959,0.056,0.015,0.000,0.376,491.000,450.000,0.013,0.942,0.654,0.798,0.959,0.029,0.029,0.000,0.346
517,366,344,0.014,0.939,0.656,0.811,0.957,0.021,0.040,0.000,0.344,433.000,426.000,0.015,0.923,0.655,0.825,0.952,0.023,0.054,0.000,0.345,474.000,470.000,0.014,0.929,0.624,0.820,0.959,0.056,0.015,0.000,0.376,491.000,450.000,0.013,0.942,0.654,0.798,0.959,0.029,0.029,0.000,0.346
518,366,344,0.014,0.939,0.656,0.811,0.957,0.021,0.040,0.000,0.344,433.000,426.000,0.015,0.923,0.655,0.825,0.952,0.023,0.054,0.000,0.345,474.000,470.000,0.014,0.929,0.624,0.820,0.959,0.056,0.015,0.000,0.376,491.000,450.000,0.013,0.942,0.654,0.798,0.959,0.029,0.029,0.000,0.346
519,366,344,0.014,0.939,0.656,0.811,0.957,0.021,0.040,0.000,0.344,433.000,426.000,0.015,0.923,0.655,0.825,0.952,0.023,0.054,0.000,0.345,474.000,470.000,0.014,0.929,0.624,0.820,0.959,0.056,0.015,0.000,0.376,491.000,450.000,0.013,0.942,0.654,0.798,0.959,0.029,0.029,0.000,0.346
520,366,344,0.014,0.939,0.656,0.811,0.957,0.021,0.040,0.000,0.344,474.000,470.000,0.014,0.929,0.624,0.820,0.959,0.056,0.015,0.000,0.376,491.000,450.000,0.013,0.942,0.654,0.798,0.959,0.029,0.029,0.000,0.346,511.000,433.000,0.017,0.921,0.653,0.832,0.957,0.026,0.054,0.000,0.347
521,366,344,0.014,0.939,0.656,0.811,0.957,0.021,0.040,0.000,0.344,474.000,470.000,0.014,0.929,0.624,0.820,0.959,0.056,0.015,0.000,0.376,491.000,450.000,0.013,0.942,0.654,0.798,0.959,0.029,0.029,0.000,0.346,511.000,433.000,0.017,0.921,0.653,0.832,0.957,0.026,0.054,0.000,0.347
522,366,344,0.014,0.939,0.656,0.811,0.957,0.021,0.040,0.000,0.344,474.000,470.000,0.014,0.929,0.624,0.820,0.959,0.056,0.015,0.000,0.376,491.000,450.000,0.013,0.942,0.654,0.798,0.959,0.029,0.029,0.000,0.346,511.000,433.000,0.017,0.921,0.653,0.832,0.957,0.026,0.054,0.000,0.347
523,366,344,0.014,0.939,0.656,0.811,0.957,0.021,0.040,0.000,0.344,474.000,470.000,0.014,0.929,0.624,0.820,0.959,0.056,0.015,0.000,0.376,491.000,450.000,0.013,0.942,0.654,0.798,0.959,0.029,0.029,0.000,0.346,511.000,433.000,0.017,0.921,0.653,0.832,0.957,0.026,0.054,0.000,0.347
524,366,344,0.014,0.939,0.656,0.811,0.957,0.021,0.040,0.000,0.344,474.000,470.000,0.014,0.929,0.624,0.820,0.959,0.056,0.015,0.000,0.376,491.000,450.000,0.013,0.942,0.654,0.798,0.959,0.029,0.029,0.000,0.346,511.000,433.000,0.017,0.921,0.653,0.832,0.957,0.026,0.054,0.000,0.347
525,366,344,0.014,0.939,0.656,0.811,0.957,0.021,0.040,0.000,0.344,474.000,470.000,0.014,0.929,0.624,0.820,0.959,0.056,0.015,0.000,0.376,491.000,450.000,0.013,0.942,0.654,0.798,0.959,0.029,0.029,0.000,0.346,511.000,433.000,0.017,0.921,0.653,0.832,0.957,0.026,0.054,0.000,0.347
526,366,344,0.014,0.939,0.656,0.811,0.957,0.021,0.040,0.000,0.344,474.000,470.000,0.014,0.929,0.624,0.820,0.959,0.056,0.015,0.000,0.376,491.000,450.000,0.013,0.942,0.654,0.798,0.959,0.029,0.029,0.000,0.346,514.000,505.000,0.010,0.932,0.667,0.808,0.959,0.028,0.041,0.000,0.333
527,366,344,0.014,0.939,0.656,0.811,0.957,0.021,0.040,0.000,0.344,491.000,450.000,0.013,0.942,0.654,0.798,0.959,0.029,0.029,0.000,0.346,514.000,505.000,0.010,0.932,0.667,0.808,0.959,0.028,0.041,0.000,0.333,522.000,366.000,0.010,0.943,0.665,0.818,0.961,0.013,0.045,0.000,0.335
528,366,344,0.014,0.939,0.656,0.811,0.957,0.021,0.040,0.000,0.344,491.000,450.000,0.013,0.942,0.654,0.798,0.959,0.029,0.029,0.000,0.346,514.000,505.000,0.010,0.932,0.667,0.808,0.959,0.028,0.041,0.000,0.333,522.000,366.000,0.010,0.943,0.665,0.818,0.961,0.013,0.045,0.000,0.335
529,366,344,0.014,0.939,0.656,0.811,0.957,0.021,0.040,0.000,0.344,491.000,450.000,0.013,0.942,0.654,0.798,0.959,0.029,0.029,0.000,0.346,514.000,505.000,0.010,0.932,0.667,0.808,0.959,0.028,0.041,0.000,0.333,522.000,366.000,0.010,0.943,0.665,0.818,0.961,0.013,0.045,0.000,0.335
530,366,344,0.014,0.939,0.656,0.811,0.957,0.021,0.040,0.000,0.344,491.000,450.000,0.013,0.942,0.654,0.798,0.959,0.029,0.029,0.000,0.346,514.000,505.000,0.010,0.932,0.667,0.808,0.959,0.028,0.041,0.000,0.333,522.000,366.000,0.010,0.943,0.665,0.818,0.961,0.013,0.045,0.000,0.335
531,366,344,0.014,0.939,0.656,0.811,0.957,0.021,0.040,0.000,0.344,491.000,450.000,0.013,0.942,0.654,0.798,0.959,0.029,0.029,0.000,0.346,514.000,505.000,0.010,0.932,0.667,0.808,0.959,0.028,0.041,0.000,0.333,522.000,366.000,0.010,0.943,0.665,0.818,0.961,0.013,0.045,0.000,0.335
532,366,344,0.014,0.939,0.656,0.811,0.957,0.021,0.040,0.000,0.344,491.000,450.000,0.013,0.942,0.654,0.798,0.959,0.029,0.029,0.000,0.346,514.000,505.000,0.010,0.932,0.667,0.808,0.959,0.028,0.041,0.000,0.333,522.000,366.000,0.010,0.943,0.665,0.818,0.961,0.013,0.045,0.000,0.335
533,366,344,0.014,0.939,0.656,0.811,0.957,0.021,0.040,0.000,0.344,491.000,450.000,0.013,0.942,0.654,0.798,0.959,0.029,0.029,0.000,0.346,514.000,505.000,0.010,0.932,0.667,0.808,0.959,0.028,0.041,0.000,0.333,522.000,366.000,0.010,0.943,0.665,0.818,0.961,0.013,0.045,0.000,0.335
534,366,344,0.014,0.939,0.656,0.811,0.957,0.021,0.040,0.000,0.344,491.000,450.000,0.013,0.942,0.654,0.798,0.959,0.029,0.029,0.000,0.346,514.000,505.000,0.010,0.932,0.667,0.808,0.959,0.028,0.041,0.000,0.333,522.000,366.000,0.010,0.943,0.665,0.818,0.961,0.013,0.045,0.000,0.335
535,366,344,0.014,0.939,0.656,0.811,0.957,0.021,0.040,0.000,0.344,491.000,450.000,0.013,0.942,0.654,0.798,0.959,0.029,0.029,0.000,0.346,514.000,505.000,0.010,0.932,0.667,0.808,0.959,0.028,0.041,0.000,0.333,522.000,366.000,0.010,0.943,0.665,0.818,0.961,0.013,0.045,0.000,0.335
536,366,344,0.014,0.939,0.656,0.811,0.957,0.021,0.040,0.000,0.344,491.000,450.000,0.013,0.942,0.654,0.798,0.959,0.029,0.029,0.000,0.346,514.000,505.000,0.010,0.932,0.667,0.808,0.959,0.028,0.041,0.000,0.333,522.000,366.000,0.010,0.943,0.665,0.818,0.961,0.013,0.045,0.000,0.335
537,366,344,0.014,0.939,0.656,0.811,0.957,0.021,0.040,0.000,0.344,491.000,450.000,0.013,0.942,0.654,0.798,0.959,0.029,0.029,0.000,0.346,514.000,505.000,0.010,0.932,0.667,0.808,0.959,0.028,0.041,0.000,0.333,522.000,366.000,0.010,0.943,0.665,0.818,0.961,0.013,0.045,0.000,0.335
538,366,344,0.014,0.939,0.656,0.811,0.957,0.021,0.040,0.000,0.344,491.000,450.000,0.013,0.942,0.654,0.798,0.959,0.029,0.029,0.000,0.346,514.000,505.000,0.010,0.932,0.667,0.808,0.959,0.028,0.041,0.000,0.333,522.000,366.000,0.010,0.943,0.665,0.818,0.961,0.013,0.045,0.000,0.335
539,366,344,0.014,0.939,0.656,0.811,0.957,0.021,0.040,0.000,0.344,491.000,450.000,0.013,0.942,0.654,0.798,0.959,0.029,0.029,0.000,0.346,514.000,505.000,0.010,0.932,0.667,0.808,0.959,0.028,0.041,0.000,0.333,522.000,366.000,0.010,0.943,0.665,0.818,0.961,0.013,0.045,0.000,0.335
540,366,344,0.014,0.939,0.656,0.811,0.957,0.021,0.040,0.000,0.344,491.000,450.000,0.013,0.942,0.654,0.798,0.959,0.029,0.029,0.000,0.346,514.000,505.000,0.010,0.932,0.667,0.808,0.959,0.028,0.041,0.000,0.333,522.000,366.000,0.010,0.943,0.665,0.818,0.961,0.013,0.045,0.000,0.335
541,366,344,0.014,0.939,0.656,0.811,0.957,0.021,0.040,0.000,0.344,491.000,450.000,0.013,0.942,0.654,0.798,0.959,0.029,0.029,0.000,0.346,514.000,505.000,0.010,0.932,0.667,0.808,0.959,0.028,0.041,0.000,0.333,522.000,366.000,0.010,0.943,0.665,0.818,0.961,0.013,0.045,0.000,0.335
542,366,344,0.014,0.939,0.656,0.811,0.957,0.021,0.040,0.000,0.344,491.000,450.000,0.013,0.942,0.654,0.798,0.959,0.029,0.029,0.000,0.346,514.000,505.000,0.010,0.932,0.667,0.808,0.959,0.028,0.041,0.000,0.333,522.000,366.000,0.010,0.943,0.665,0.818,0.961,0.013,0.045,0.000,0.335
543,366,344,0.014,0.939,0.656,0.811,0.957,0.021,0.040,0.000,0.344,491.000,450.000,0.013,0.942,0.654,0.798,0.959,0.029,0.029,0.000,0.346,537.000,366.000,0.014,0.945,0.646,0.790,0.955,0.018,0.037,0.000,0.354,541.000,522.000,0.014,0.964,0.660,0.814,0.943,0.000,0.036,0.000,0.340
544,366,344,0.014,0.939,0.656,0.811,0.957,0.021,0.040,0.000,0.344,491.000,450.000,0.013,0.942,0.654,0.798,0.959,0.029,0.029,0.000,0.346,537.000,366.000,0.014,0.945,0.646,0.790,0.955,0.018,0.037,0.000,0.354,541.000,522.000,0.014,0.964,0.660,0.814,0.943,0.000,0.036,0.000,0.340
545,366,344,0.014,0.939,0.656,0.811,0.957,0.021,0.040,0.000,0.344,491.000,450.000,0.013,0.942,0.654,0.798,0.959,0.029,0.029,0.000,0.346,537.000,366.000,0.014,0.945,0.646,0.790,0.955,0.018,0.037,0.000,0.354,541.000,522.000,0.014,0.964,0.660,0.814,0.943,0.000,0.036,0.000,0.340
546,366,344,0.014,0.939,0.656,0.811,0.957,0.021,0.040,0.000,0.344,491.000,450.000,0.013,0.942,0.654,0.798,0.959,0.029,0.029,0.000,0.346,537.000,366.000,0.014,0.945,0.646,0.790,0.955,0.018,0.037,0.000,0.354,541.000,522.000,0.014,0.964,0.660,0.814,0.943,0.000,0.036,0.000,0.340
547,366,344,0.014,0.939,0.656,0.811,0.957,0.021,0.040,0.000,0.344,491.000,450.000,0.013,0.942,0.654,0.798,0.959,0.029,0.029,0.000,0.346,537.000,366.000,0.014,0.945,0.646,0.790,0.955,0.018,0.037,0.000,0.354,541.000,522.000,0.014,0.964,0.660,0.814,0.943,0.000,0.036,0.000,0.340
548,366,344,0.014,0.939,0.656,0.811,0.957,0.021,0.040,0.000,0.344,491.000,450.000,0.013,0.942,0.654,0.798,0.959,0.029,0.029,0.000,0.346,537.000,366.000,0.014,0.945,0.646,0.790,0.955,0.018,0.037,0.000,0.354,541.000,522.000,0.014,0.964,0.660,0.814,0.943,0.000,0.036,0.000,0.340
549,366,344,0.014,0.939,0.656,0.811,0.957,0.021,0.040,0.000,0.344,491.000,450.000,0.013,0.942,0.654,0.798,0.959,0.029,0.029,0.000,0.346,537.000,366.000,0.014,0.945,0.646,0.790,0.955,0.018,0.037,0.000,0.354,541.000,522.000,0.014,0.964,0.660,0.814,0.943,0.000,0.036,0.000,0.340
550,366,344,0.014,0.939,0.656,0.811,0.957,0.021,0.040,0.000,0.344,491.000,450.000,0.013,0.942,0.654,0.798,0.959,0.029,0.029,0.000,0.346,537.000,366.000,0.014,0.945,0.646,0.790,0.955,0.018,0.037,0.000,0.354,541.000,522.000,0.014,0.964,0.660,0.814,0.943,0.000,0.036,0.000,0.340
551,366,344,0.014,0.939,0.656,0.811,0.957,0.021,0.040,0.000,0.344,491.000,450.000,0.013,0.942,0.654,0.798,0.959,0.029,0.029,0.000,0.346,537.000,366.000,0.014,0.945,0.646,0.790,0.955,0.018,0.037,0.000,0.354,541.000,522.000,0.014,0.964,0.660,0.814,0.943,0.000,0.036,0.000,0.340
552,366,344,0.014,0.939,0.656,0.811,0.957,0.021,0.040,0.000,0.344,491.000,450.000,0.013,0.942,0.654,0.798,0.959,0.029,0.029,0.000,0.346,537.000,366.000,0.014,0.945,0.646,0.790,0.955,0.018,0.037,0.000,0.354,546.000,541.000,0.010,0.968,0.673,0.809,0.953,0.000,0.032,0.000,0.327
553,366,344,0.014,0.939,0.656,0.811,0.957,0.021,0.040,0.000,0.344,491.000,450.000,0.013,0.942,0.654,0.798,0.959,0.029,0.029,0.000,0.346,537.000,366.000,0.014,0.945,0.646,0.790,0.955,0.018,0.037,0.000,0.354,546.000,541.000,0.010,0.968,0.673,0.809,0.953,0.000,0.032,0.000,0.327
554,366,344,0.014,0.939,0.656,0.811,0.957,0.021,0.040,0.000,0.344,491.000,450.000,0.013,0.942,0.654,0.798,0.959,0.029,0.029,0.000,0.346,537.000,366.000,0.014,0.945,0.646,0.790,0.955,0.018,0.037,0.000,0.354,546.000,541.000,0.010,0.968,0.673,0.809,0.953,0.000,0.032,0.000,0.327
555,366,344,0.014,0.939,0.656,0.811,0.957,0.021,0.040,0.000,0.344,491.000,450.000,0.013,0.942,0.654,0.798,0.959,0.029,0.029,0.000,0.346,537.000,366.000,0.014,0.945,0.646,0.790,0.955,0.018,0.037,0.000,0.354,546.000,541.000,0.010,0.968,0.673,0.809,0.953,0.000,0.032,0.000,0.327
556,366,344,0.014,0.939,0.656,0.811,0.957,0.021,0.040,0.000,0.344,491.000,450.000,0.013,0.942,0.654,0.798,0.959,0.029,0.029,0.000,0.346,537.000,366.000,0.014,0.945,0.646,0.790,0.955,0.018,0.037,0.000,0.354,550.000,537.000,0.013,0.933,0.642,0.784,0.959,0.032,0.035,0.000,0.358
557,366,344,0.014,0.939,0.656,0.811,0.957,0.021,0.040,0.000,0.344,491.000,450.000,0.013,0.942,0.654,0.798,0.959,0.029,0.029,0.000,0.346,537.000,366.000,0.014,0.945,0.646,0.790,0.955,0.018,0.037,0.000,0.354,550.000,537.000,0.013,0.933,0.642,0.784,0.959,0.032,0.035,0.000,0.358
558,366,344,0.014,0.939,0.656,0.811,0.957,0.021,0.040,0.000,0.344,491.000,450.000,0.013,0.942,0.654,0.798,0.959,0.029,0.029,0.000,0.346,537.000,366.000,0.014,0.945,0.646,0.790,0.955,0.018,0.037,0.000,0.354,550.000,537.000,0.013,0.933,0.642,0.784,0.959,0.032,0.035,0.000,0.358
559,366,344,0.014,0.939,0.656,0.811,0.957,0.021,0.040,0.000,0.344,491.000,450.000,0.013,0.942,0.654,0.798,0.959,0.029,0.029,0.000,0.346,537.000,366.000,0.014,0.945,0.646,0.790,0.955,0.018,0.037,0.000,0.354,550.000,537.000,0.013,0.933,0.642,0.784,0.959,0.032,0.035,0.000,0.358
560,366,344,0.014,0.939,0.656,0.811,0.957,0.021,0.040,0.000,0.344,491.000,450.000,0.013,0.942,0.654,0.798,0.959,0.029,0.029,0.000,0.346,537.000,366.000,0.014,0.945,0.646,0.790,0.955,0.018,0.037,0.000,0.354,550.000,537.000,0.013,0.933,0.642,0.784,0.959,0.032,0.035,0.000,0.358
561,366,344,0.014,0.939,0.656,0.811,0.957,0.021,0.040,0.000,0.344,537.000,366.000,0.014,0.945,0.646,0.790,0.955,0.018,0.037,0.000,0.354,550.000,537.000,0.013,0.933,0.642,0.784,0.959,0.032,0.035,0.000,0.358,553.000,549.000,0.015,0.956,0.651,0.806,0.949,0.006,0.039,0.000,0.349
562,366,344,0.014,0.939,0.656,0.811,0.957,0.021,0.040,0.000,0.344,537.000,366.000,0.014,0.945,0.646,0.790,0.955,0.018,0.037,0.000,0.354,550.000,537.000,0.013,0.933,0.642,0.784,0.959,0.032,0.035,0.000,0.358,553.000,549.000,0.015,0.956,0.651,0.806,0.949,0.006,0.039,0.000,0.349
563,366,344,0.014,0.939,0.656,0.811,0.957,0.021,0.040,0.000,0.344,537.000,366.000,0.014,0.945,0.646,0.790,0.955,0.018,0.037,0.000,0.354,550.000,537.000,0.013,0.933,0.642,0.784,0.959,0.032,0.035,0.000,0.358,553.000,549.000,0.015,0.956,0.651,0.806,0.949,0.006,0.039,0.000,0.349
564,366,344,0.014,0.939,0.656,0.811,0.957,0.021,0.040,0.000,0.344,537.000,366.000,0.014,0.945,0.646,0.790,0.955,0.018,0.037,0.000,0.354,550.000,537.000,0.013,0.933,0.642,0.784,0.959,0.032,0.035,0.000,0.358,553.000,549.000,0.015,0.956,0.651,0.806,0.949,0.006,0.039,0.000,0.349
565,366,344,0.014,0.939,0.656,0.811,0.957,0.021,0.040,0.000,0.344,537.000,366.000,0.014,0.945,0.646,0.790,0.955,0.018,0.037,0.000,0.354,550.000,537.000,0.013,0.933,0.642,0.784,0.959,0.032,0.035,0.000,0.358,553.000,549.000,0.015,0.956,0.651,0.806,0.949,0.006,0.039,0.000,0.349
566,366,344,0.014,0.939,0.656,0.811,0.957,0.021,0.040,0.000,0.344,537.000,366.000,0.014,0.945,0.646,0.790,0.955,0.018,0.037,0.000,0.354,550.000,537.000,0.013,0.933,0.642,0.784,0.959,0.032,0.035,0.000,0.358,553.000,549.000,0.015,0.956,0.651,0.806,0.949,0.006,0.039,0.000,0.349
567,366,344,0.014,0.939,0.656,0.811,0.957,0.021,0.040,0.000,0.344,537.000,366.000,0.014,0.945,0.646,0.790,0.955,0.018,0.037,0.000,0.354,550.000,537.000,0.013,0.933,0.642,0.784,0.959,0.032,0.035,0.000,0.358,553.000,549.000,0.015,0.956,0.651,0.806,0.949,0.006,0.039,0.000,0.349
568,366,344,0.014,0.939,0.656,0.811,0.957,0.021,0.040,0.000,0.344,537.000,366.000,0.014,0.945,0.646,0.790,0.955,0.018,0.037,0.000,0.354,550.000,537.000,0.013,0.933,0.642,0.784,0.959,0.032,0.035,0.000,0.358,554.000,550.000,0.014,0.915,0.635,0.789,0.959,0.042,0.043,0.000,0.365
569,366,344,0.014,0.939,0.656,0.811,0.957,0.021,0.040,0.000,0.344,537.000,366.000,0.014,0.945,0.646,0.790,0.955,0.018,0.037,0.000,0.354,550.000,537.000,0.013,0.933,0.642,0.784,0.959,0.032,0.035,0.000,0.358,554.000,550.000,0.014,0.915,0.635,0.789,0.959,0.042,0.043,0.000,0.365
570,366,344,0.014,0.939,0.656,0.811,0.957,0.021,0.040,0.000,0.344,537.000,366.000,0.014,0.945,0.646,0.790,0.955,0.018,0.037,0.000,0.354,550.000,537.000,0.013,0.933,0.642,0.784,0.959,0.032,0.035,0.000,0.358,554.000,550.000,0.014,0.915,0.635,0.789,0.959,0.042,0.043,0.000,0.365
571,366,344,0.014,0.939,0.656,0.811,0.957,0.021,0.040,0.000,0.344,537.000,366.000,0.014,0.945,0.646,0.790,0.955,0.018,0.037,0.000,0.354,550.000,537.000,0.013,0.933,0.642,0.784,0.959,0.032,0.035,0.000,0.358,554.000,550.000,0.014,0.915,0.635,0.789,0.959,0.042,0.043,0.000,0.365
572,366,344,0.014,0.939,0.656,0.811,0.957,0.021,0.040,0.000,0.344,537.000,366.000,0.014,0.945,0.646,0.790,0.955,0.018,0.037,0.000,0.354,550.000,537.000,0.013,0.933,0.642,0.784,0.959,0.032,0.035,0.000,0.358,554.000,550.000,0.014,0.915,0.635,0.789,0.959,0.042,0.043,0.000,0.365
573,366,344,0.014,0.939,0.656,0.811,0.957,0.021,0.040,0.000,0.344,537.000,366.000,0.014,0.945,0.646,0.790,0.955,0.018,0.037,0.000,0.354,550.000,537.000,0.013,0.933,0.642,0.784,0.959,0.032,0.035,0.000,0.358,554.000,550.000,0.014,0.915,0.635,0.789,0.959,0.042,0.043,0.000,0.365
574,366,344,0.014,0.939,0.656,0.811,0.957,0.021,0.040,0.000,0.344,537.000,366.000,0.014,0.945,0.646,0.790,0.955,0.018,0.037,0.000,0.354,550.000,537.000,0.013,0.933,0.642,0.784,0.959,0.032,0.035,0.000,0.358,554.000,550.000,0.014,0.915,0.635,0.789,0.959,0.042,0.043,0.000,0.365
575,366,344,0.014,0.939,0.656,0.811,0.957,0.021,0.040,0.000,0.344,537.000,366.000,0.014,0.945,0.646,0.790,0.955,0.018,0.037,0.000,0.354,550.000,537.000,0.013,0.933,0.642,0.784,0.959,0.032,0.035,0.000,0.358,554.000,550.000,0.014,0.915,0.635,0.789,0.959,0.042,0.043,0.000,0.365
576,366,344,0.014,0.939,0.656,0.811,0.957,0.021,0.040,0.000,0.344,537.000,366.000,0.014,0.945,0.646,0.790,0.955,0.018,0.037,0.000,0.354,550.000,537.000,0.013,0.933,0.642,0.784,0.959,0.032,0.035,0.000,0.358,554.000,550.000,0.014,0.915,0.635,0.789,0.959,0.042,0.043,0.000,0.365
577,366,344,0.014,0.939,0.656,0.811,0.957,0.021,0.040,0.000,0.344,537.000,366.000,0.014,0.945,0.646,0.790,0.955,0.018,0.037,0.000,0.354,550.000,537.000,0.013,0.933,0.642,0.784,0.959,0.032,0.035,0.000,0.358,554.000,550.000,0.014,0.915,0.635,0.789,0.959,0.042,0.043,0.000,0.365
578,366,344,0.014,0.939,0.656,0.811,0.957,0.021,0.040,0.000,0.344,537.000,366.000,0.014,0.945,0.646,0.790,0.955,0.018,0.037,0.000,0.354,550.000,537.000,0.013,0.933,0.642,0.784,0.959,0.032,0.035,0.000,0.358,554.000,550.000,0.014,0.915,0.635,0.789,0.959,0.042,0.043,0.000,0.365
579,366,344,0.014,0.939,0.656,0.811,0.957,0.021,0.040,0.000,0.344,537.000,366.000,0.014,0.945,0.646,0.790,0.955,0.018,0.037,0.000,0.354,550.000,537.000,0.013,0.933,0.642,0.784,0.959,0.032,0.035,0.000,0.358,554.000,550.000,0.014,0.915,0.635,0.789,0.959,0.042,0.043,0.000,0.365
580,366,344,0.014,0.939,0.656,0.811,0.957,0.021,0.040,0.000,0.344,537.000,366.000,0.014,0.945,0.646,0.790,0.955,0.018,0.037,0.000,0.354,550.000,537.000,0.013,0.933,0.642,0.784,0.959,0.032,0.035,0.000,0.358,554.000,550.000,0.014,0.915,0.635,0.789,0.959,0.042,0.043,0.000,0.365
581,366,344,0.014,0.939,0.656,0.811,0.957,0.021,0.040,0.000,0.344,537.000,366.000,0.014,0.945,0.646,0.790,0.955,0.018,0.037,0.000,0.354,550.000,537.000,0.013,0.933,0.642,0.784,0.959,0.032,0.035,0.000,0.358,554.000,550.000,0.014,0.915,0.635,0.789,0.959,0.042,0.043,0.000,0.365
582,366,344,0.014,0.939,0.656,0.811,0.957,0.021,0.040,0.000,0.344,537.000,366.000,0.014,0.945,0.646,0.790,0.955,0.018,0.037,0.000,0.354,550.000,537.000,0.013,0.933,0.642,0.784,0.959,0.032,0.035,0.000,0.358,554.000,550.000,0.014,0.915,0.635,0.789,0.959,0.042,0.043,0.000,0.365
583,366,344,0.014,0.939,0.656,0.811,0.957,0.021,0.040,0.000,0.344,537.000,366.000,0.014,0.945,0.646,0.790,0.955,0.018,0.037,0.000,0.354,550.000,537.000,0.013,0.933,0.642,0.784,0.959,0.032,0.035,0.000,0.358,554.000,550.000,0.014,0.915,0.635,0.789,0.959,0.042,0.043,0.000,0.365
584,366,344,0.014,0.939,0.656,0.811,0.957,0.021,0.040,0.000,0.344,537.000,366.000,0.014,0.945,0.646,0.790,0.955,0.018,0.037,0.000,0.354,550.000,537.000,0.013,0.933,0.642,0.784,0.959,0.032,0.035,0.000,0.358,554.000,550.000,0.014,0.915,0.635,0.789,0.959,0.042,0.043,0.000,0.365
585,366,344,0.014,0.939,0.656,0.811,0.957,0.021,0.040,0.000,0.344,537.000,366.000,0.014,0.945,0.646,0.790,0.955,0.018,0.037,0.000,0.354,550.000,537.000,0.013,0.933,0.642,0.784,0.959,0.032,0.035,0.000,0.358,554.000,550.000,0.014,0.915,0.635,0.789,0.959,0.042,0.043,0.000,0.365
586,366,344,0.014,0.939,0.656,0.811,0.957,0.021,0.040,0.000,0.344,537.000,366.000,0.014,0.945,0.646,0.790,0.955,0.018,0.037,0.000,0.354,550.000,537.000,0.013,0.933,0.642,0.784,0.959,0.032,0.035,0.000,0.358,554.000,550.000,0.014,0.915,0.635,0.789,0.959,0.042,0.043,0.000,0.365
587,366,344,0.014,0.939,0.656,0.811,0.957,0.021,0.040,0.000,0.344,537.000,366.000,0.014,0.945,0.646,0.790,0.955,0.018,0.037,0.000,0.354,550.000,537.000,0.013,0.933,0.642,0.784,0.959,0.032,0.035,0.000,0.358,554.000,550.000,0.014,0.915,0.635,0.789,0.959,0.042,0.043,0.000,0.365
588,366,344,0.014,0.939,0.656,0.811,0.957,0.021,0.040,0.000,0.344,537.000,366.000,0.014,0.945,0.646,0.790,0.955,0.018,0.037,0.000,0.354,550.000,537.000,0.013,0.933,0.642,0.784,0.959,0.032,0.035,0.000,0.358,554.000,550.000,0.014,0.915,0.635,0.789,0.959,0.042,0.043,0.000,0.365
589,366,344,0.014,0.939,0.656,0.811,0.957,0.021,0.040,0.000,0.344,537.000,366.000,0.014,0.945,0.646,0.790,0.955,0.018,0.037,0.000,0.354,550.000,537.000,0.013,0.933,0.642,0.784,0.959,0.032,0.035,0.000,0.358,554.000,550.000,0.014,0.915,0.635,0.789,0.959,0.042,0.043,0.000,0.365
590,366,344,0.014,0.939,0.656,0.811,0.957,0.021,0.040,0.000,0.344,537.000,366.000,0.014,0.945,0.646,0.790,0.955,0.018,0.037,0.000,0.354,550.000,537.000,0.013,0.933,0.642,0.784,0.959,0.032,0.035,0.000,0.358,554.000,550.000,0.014,0.915,0.635,0.789,0.959,0.042,0.043,0.000,0.365
591,366,344,0.014,0.939,0.656,0.811,0.957,0.021,0.040,0.000,0.344,537.000,366.000,0.014,0.945,0.646,0.790,0.955,0.018,0.037,0.000,0.354,550.000,537.000,0.013,0.933,0.642,0.784,0.959,0.032,0.035,0.000,0.358,554.000,550.000,0.014,0.915,0.635,0.789,0.959,0.042,0.043,0.000,0.365
592,366,344,0.014,0.939,0.656,0.811,0.957,0.021,0.040,0.000,0.344,537.000,366.000,0.014,0.945,0.646,0.790,0.955,0.018,0.037,0.000,0.354,550.000,537.000,0.013,0.933,0.642,0.784,0.959,0.032,0.035,0.000,0.358,554.000,550.000,0.014,0.915,0.635,0.789,0.959,0.042,0.043,0.000,0.365
593,366,344,0.014,0.939,0.656,0.811,0.957,0.021,0.040,0.000,0.344,537.000,366.000,0.014,0.945,0.646,0.790,0.955,0.018,0.037,0.000,0.354,550.000,537.000,0.013,0.933,0.642,0.784,0.959,0.032,0.035,0.000,0.358,554.000,550.000,0.014,0.915,0.635,0.789,0.959,0.042,0.043,0.000,0.365
594,366,344,0.014,0.939,0.656,0.811,0.957,0.021,0.040,0.000,0.344,537.000,366.000,0.014,0.945,0.646,0.790,0.955,0.018,0.037,0.000,0.354,550.000,537.000,0.013,0.933,0.642,0.784,0.959,0.032,0.035,0.000,0.358,554.000,550.000,0.014,0.915,0.635,0.789,0.959,0.042,0.043,0.000,0.365
595,366,344,0.014,0.939,0.656,0.811,0.957,0.021,0.040,0.000,0.344,537.000,366.000,0.014,0.945,0.646,0.790,0.955,0.018,0.037,0.000,0.354,550.000,537.000,0.013,0.933,0.642,0.784,0.959,0.032,0.035,0.000,0.358,577.000,537.000,0.013,0.945,0.655,0.790,0.959,0.010,0.045,0.000,0.345
596,366,344,0.014,0.939,0.656,0.811,0.957,0.021,0.040,0.000,0.344,537.000,366.000,0.014,0.945,0.646,0.790,0.955,0.018,0.037,0.000,0.354,550.000,537.000,0.013,0.933,0.642,0.784,0.959,0.032,0.035,0.000,0.358,577.000,537.000,0.013,0.945,0.655,0.790,0.959,0.010,0.045,0.000,0.345
597,366,344,0.014,0.939,0.656,0.811,0.957,0.021,0.040,0.000,0.344,537.000,366.000,0.014,0.945,0.646,0.790,0.955,0.018,0.037,0.000,0.354,550.000,537.000,0.013,0.933,0.642,0.784,0.959,0.032,0.035,0.000,0.358,577.000,537.000,0.013,0.945,0.655,0.790,0.959,0.010,0.045,0.000,0.345
598,366,344,0.014,0.939,0.656,0.811,0.957,0.021,0.040,0.000,0.344,537.000,366.000,0.014,0.945,0.646,0.790,0.955,0.018,0.037,0.000,0.354,577.000,537.000,0.013,0.945,0.655,0.790,0.959,0.010,0.045,0.000,0.345,585.000,554.000,0.011,0.922,0.633,0.786,0.950,0.035,0.043,0.000,0.367
599,366,344,0.014,0.939,0.656,0.811,0.957,0.021,0.040,0.000,0.344,537.000,366.000,0.014,0.945,0.646,0.790,0.955,0.018,0.037,0.000,0.354,577.000,537.000,0.013,0.945,0.655,0.790,0.959,0.010,0.045,0.000,0.345,585.000,554.000,0.011,0.922,0.633,0.786,0.950,0.035,0.043,0.000,0.367
600,366,344,0.014,0.939,0.656,0.811,0.957,0.021,0.040,0.000,0.344,537.000,366.000,0.014,0.945,0.646,0.790,0.955,0.018,0.037,0.000,0.354,577.000,537.000,0.013,0.945,0.655,0.790,0.959,0.010,0.045,0.000,0.345,585.000,554.000,0.011,0.922,0.633,0.786,0.950,0.035,0.043,0.000,0.367
601,366,344,0.014,0.939,0.656,0.811,0.957,0.021,0.040,0.000,0.344,537.000,366.000,0.014,0.945,0.646,0.790,0.955,0.018,0.037,0.000,0.354,577.000,537.000,0.013,0.945,0.655,0.790,0.959,0.010,0.045,0.000,0.345,592.000,537.000,0.013,0.936,0.641,0.778,0.955,0.016,0.047,0.000,0.359
602,366,344,0.014,0.939,0.656,0.811,0.957,0.021,0.040,0.000,0.344,537.000,366.000,0.014,0.945,0.646,0.790,0.955,0.018,0.037,0.000,0.354,577.000,537.000,0.013,0.945,0.655,0.790,0.959,0.010,0.045,0.000,0.345,592.000,537.000,0.013,0.936,0.641,0.778,0.955,0.016,0.047,0.000,0.359
603,366,344,0.014,0.939,0.656,0.811,0.957,0.021,0.040,0.000,0.344,537.000,366.000,0.014,0.945,0.646,0.790,0.955,0.018,0.037,0.000,0.354,577.000,537.000,0.013,0.945,0.655,0.790,0.959,0.010,0.045,0.000,0.345,592.000,537.000,0.013,0.936,0.641,0.778,0.955,0.016,0.047,0.000,0.359
604,366,344,0.014,0.939,0.656,0.811,0.957,0.021,0.040,0.000,0.344,537.000,366.000,0.014,0.945,0.646,0.790,0.955,0.018,0.037,0.000,0.354,577.000,537.000,0.013,0.945,0.655,0.790,0.959,0.010,0.045,0.000,0.345,592.000,537.000,0.013,0.936,0.641,0.778,0.955,0.016,0.047,0.000,0.359
605,366,344,0.014,0.939,0.656,0.811,0.957,0.021,0.040,0.000,0.344,537.000,366.000,0.014,0.945,0.646,0.790,0.955,0.018,0.037,0.000,0.354,577.000,537.000,0.013,0.945,0.655,0.790,0.959,0.010,0.045,0.000,0.345,592.000,537.000,0.013,0.936,0.641,0.778,0.955,0.016,0.047,0.000,0.359
606,366,344,0.014,0.939,0.656,0.811,0.957,0.021,0.040,0.000,0.344,537.000,366.000,0.014,0.945,0.646,0.790,0.955,0.018,0.037,0.000,0.354,577.000,537.000,0.013,0.945,0.655,0.790,0.959,0.010,0.045,0.000,0.345,592.000,537.000,0.013,0.936,0.641,0.778,0.955,0.016,0.047,0.000,0.359
607,366,344,0.014,0.939,0.656,0.811,0.957,0.021,0.040,0.000,0.344,537.000,366.000,0.014,0.945,0.646,0.790,0.955,0.018,0.037,0.000,0.354,577.000,537.000,0.013,0.945,0.655,0.790,0.959,0.010,0.045,0.000,0.345,592.000,537.000,0.013,0.936,0.641,0.778,0.955,0.016,0.047,0.000,0.359
608,366,344,0.014,0.939,0.656,0.811,0.957,0.021,0.040,0.000,0.344,537.000,366.000,0.014,0.945,0.646,0.790,0.955,0.018,0.037,0.000,0.354,577.000,537.000,0.013,0.945,0.655,0.790,0.959,0.010,0.045,0.000,0.345,592.000,537.000,0.013,0.936,0.641,0.778,0.955,0.016,0.047,0.000,0.359
609,366,344,0.014,0.939,0.656,0.811,0.957,0.021,0.040,0.000,0.344,537.000,366.000,0.014,0.945,0.646,0.790,0.955,0.018,0.037,0.000,0.354,577.000,537.000,0.013,0.945,0.655,0.790,0.959,0.010,0.045,0.000,0.345,592.000,537.000,0.013,0.936,0.641,0.778,0.955,0.016,0.047,0.000,0.359
610,366,344,0.014,0.939,0.656,0.811,0.957,0.021,0.040,0.000,0.344,537.000,366.000,0.014,0.945,0.646,0.790,0.955,0.018,0.037,0.000,0.354,577.000,537.000,0.013,0.945,0.655,0.790,0.959,0.010,0.045,0.000,0.345,592.000,537.000,0.013,0.936,0.641,0.778,0.955,0.016,0.047,0.000,0.359
611,366,344,0.014,0.939,0.656,0.811,0.957,0.021,0.040,0.000,0.344,577.000,537.000,0.013,0.945,0.655,0.790,0.959,0.010,0.045,0.000,0.345,592.000,537.000,0.013,0.936,0.641,0.778,0.955,0.016,0.047,0.000,0.359,599.000,366.000,0.019,0.931,0.660,0.800,0.960,0.013,0.056,0.000,0.340
612,366,344,0.014,0.939,0.656,0.811,0.957,0.021,0.040,0.000,0.344,577.000,537.000,0.013,0.945,0.655,0.790,0.959,0.010,0.045,0.000,0.345,592.000,537.000,0.013,0.936,0.641,0.778,0.955,0.016,0.047,0.000,0.359,599.000,366.000,0.019,0.931,0.660,0.800,0.960,0.013,0.056,0.000,0.340
613,366,344,0.014,0.939,0.656,0.811,0.957,0.021,0.040,0.000,0.344,577.000,537.000,0.013,0.945,0.655,0.790,0.959,0.010,0.045,0.000,0.345,592.000,537.000,0.013,0.936,0.641,0.778,0.955,0.016,0.047,0.000,0.359,599.000,366.000,0.019,0.931,0.660,0.800,0.960,0.013,0.056,0.000,0.340
614,366,344,0.014,0.939,0.656,0.811,0.957,0.021,0.040,0.000,0.344,577.000,537.000,0.013,0.945,0.655,0.790,0.959,0.010,0.045,0.000,0.345,592.000,537.000,0.013,0.936,0.641,0.778,0.955,0.016,0.047,0.000,0.359,603.000,577.000,0.012,0.954,0.650,0.783,0.961,0.018,0.028,0.000,0.350
615,366,344,0.014,0.939,0.656,0.811,0.957,0.021,0.040,0.000,0.344,577.000,537.000,0.013,0.945,0.655,0.790,0.959,0.010,0.045,0.000,0.345,592.000,537.000,0.013,0.936,0.641,0.778,0.955,0.016,0.047,0.000,0.359,603.000,577.000,0.012,0.954,0.650,0.783,0.961,0.018,0.028,0.000,0.350
616,366,344,0.014,0.939,0.656,0.811,0.957,0.021,0.040,0.000,0.344,577.000,537.000,0.013,0.945,0.655,0.790,0.959,0.010,0.045,0.000,0.345,592.000,537.000,0.013,0.936,0.641,0.778,0.955,0.016,0.047,0.000,0.359,603.000,577.000,0.012,0.954,0.650,0.783,0.961,0.018,0.028,0.000,0.350
617,366,344,0.014,0.939,0.656,0.811,0.957,0.021,0.040,0.000,0.344,577.000,537.000,0.013,0.945,0.655,0.790,0.959,0.010,0.045,0.000,0.345,592.000,537.000,0.013,0.936,0.641,0.778,0.955,0.016,0.047,0.000,0.359,603.000,577.000,0.012,0.954,0.650,0.783,0.961,0.018,0.028,0.000,0.350
618,366,344,0.014,0.939,0.656,0.811,0.957,0.021,0.040,0.000,0.344,577.000,537.000,0.013,0.945,0.655,0.790,0.959,0.010,0.045,0.000,0.345,592.000,537.000,0.013,0.936,0.641,0.778,0.955,0.016,0.047,0.000,0.359,603.000,577.000,0.012,0.954,0.650,0.783,0.961,0.018,0.028,0.000,0.350
619,366,344,0.014,0.939,0.656,0.811,0.957,0.021,0.040,0.000,0.344,577.000,537.000,0.013,0.945,0.655,0.790,0.959,0.010,0.045,0.000,0.345,592.000,537.000,0.013,0.936,0.641,0.778,0.955,0.016,0.047,0.000,0.359,603.000,577.000,0.012,0.954,0.650,0.783,0.961,0.018,0.028,0.000,0.350
620,366,344,0.014,0.939,0.656,0.811,0.957,0.021,0.040,0.000,0.344,577.000,537.000,0.013,0.945,0.655,0.790,0.959,0.010,0.045,0.000,0.345,592.000,537.000,0.013,0.936,0.641,0.778,0.955,0.016,0.047,0.000,0.359,603.000,577.000,0.012,0.954,0.650,0.783,0.961,0.018,0.028,0.000,0.350
621,366,344,0.014,0.939,0.656,0.811,0.957,0.021,0.040,0.000,0.344,577.000,537.000,0.013,0.945,0.655,0.790,0.959,0.010,0.045,0.000,0.345,592.000,537.000,0.013,0.936,0.641,0.778,0.955,0.016,0.047,0.000,0.359,603.000,577.000,0.012,0.954,0.650,0.783,0.961,0.018,0.028,0.000,0.350
622,366,344,0.014,0.939,0.656,0.811,0.957,0.021,0.040,0.000,0.344,577.000,537.000,0.013,0.945,0.655,0.790,0.959,0.010,0.045,0.000,0.345,592.000,537.000,0.013,0.936,0.641,0.778,0.955,0.016,0.047,0.000,0.359,603.000,577.000,0.012,0.954,0.650,0.783,0.961,0.018,0.028,0.000,0.350
623,366,344,0.014,0.939,0.656,0.811,0.957,0.021,0.040,0.000,0.344,577.000,537.000,0.013,0.945,0.655,0.790,0.959,0.010,0.045,0.000,0.345,592.000,537.000,0.013,0.936,0.641,0.778,0.955,0.016,0.047,0.000,0.359,603.000,577.000,0.012,0.954,0.650,0.783,0.961,0.018,0.028,0.000,0.350
624,366,344,0.014,0.939,0.656,0.811,0.957,0.021,0.040,0.000,0.344,577.000,537.000,0.013,0.945,0.655,0.790,0.959,0.010,0.045,0.000,0.345,592.000,537.000,0.013,0.936,0.641,0.778,0.955,0.016,0.047,0.000,0.359,603.000,577.000,0.012,0.954,0.650,0.783,0.961,0.018,0.028,0.000,0.350
625,366,344,0.014,0.939,0.656,0.811,0.957,0.021,0.040,0.000,0.344,577.000,537.000,0.013,0.945,0.655,0.790,0.959,0.010,0.045,0.000,0.345,592.000,537.000,0.013,0.936,0.641,0.778,0.955,0.016,0.047,0.000,0.359,603.000,577.000,0.012,0.954,0.650,0.783,0.961,0.018,0.028,0.000,0.350
626,366,344,0.014,0.939,0.656,0.811,0.957,0.021,0.040,0.000,0.344,577.000,537.000,0.013,0.945,0.655,0.790,0.959,0.010,0.045,0.000,0.345,592.000,537.000,0.013,0.936,0.641,0.778,0.955,0.016,0.047,0.000,0.359,603.000,577.000,0.012,0.954,0.650,0.783,0.961,0.018,0.028,0.000,0.350
627,366,344,0.014,0.939,0.656,0.811,0.957,0.021,0.040,0.000,0.344,577.000,537.000,0.013,0.945,0.655,0.790,0.959,0.010,0.045,0.000,0.345,592.000,537.000,0.013,0.936,0.641,0.778,0.955,0.016,0.047,0.000,0.359,603.000,577.000,0.012,0.954,0.650,0.783,0.961,0.018,0.028,0.000,0.350
628,366,344,0.014,0.939,0.656,0.811,0.957,0.021,0.040,0.000,0.344,577.000,537.000,0.013,0.945,0.655,0.790,0.959,0.010,0.045,0.000,0.345,592.000,537.000,0.013,0.936,0.641,0.778,0.955,0.016,0.047,0.000,0.359,603.000,577.000,0.012,0.954,0.650,0.783,0.961,0.018,0.028,0.000,0.350
629,366,344,0.014,0.939,0.656,0.811,0.957,0.021,0.040,0.000,0.344,577.000,537.000,0.013,0.945,0.655,0.790,0.959,0.010,0.045,0.000,0.345,592.000,537.000,0.013,0.936,0.641,0.778,0.955,0.016,0.047,0.000,0.359,603.000,577.000,0.012,0.954,0.650,0.783,0.961,0.018,0.028,0.000,0.350
630,366,344,0.014,0.939,0.656,0.811,0.957,0.021,0.040,0.000,0.344,577.000,537.000,0.013,0.945,0.655,0.790,0.959,0.010,0.045,0.000,0.345,592.000,537.000,0.013,0.936,0.641,0.778,0.955,0.016,0.047,0.000,0.359,603.000,577.000,0.012,0.954,0.650,0.783,0.961,0.018,0.028,0.000,0.350
631,366,344,0.014,0.939,0.656,0.811,0.957,0.021,0.040,0.000,0.344,577.000,537.000,0.013,0.945,0.655,0.790,0.959,0.010,0.045,0.000,0.345,603.000,577.000,0.012,0.954,0.650,0.783,0.961,0.018,0.028,0.000,0.350,621.000,615.000,0.017,0.938,0.652,0.796,0.953,0.013,0.049,0.000,0.348
632,366,344,0.014,0.939,0.656,0.811,0.957,0.021,0.040,0.000,0.344,577.000,537.000,0.013,0.945,0.655,0.790,0.959,0.010,0.045,0.000,0.345,603.000,577.000,0.012,0.954,0.650,0.783,0.961,0.018,0.028,0.000,0.350,621.000,615.000,0.017,0.938,0.652,0.796,0.953,0.013,0.049,0.000,0.348
633,366,344,0.014,0.939,0.656,0.811,0.957,0.021,0.040,0.000,0.344,577.000,537.000,0.013,0.945,0.655,0.790,0.959,0.010,0.045,0.000,0.345,603.000,577.000,0.012,0.954,0.650,0.783,0.961,0.018,0.028,0.000,0.350,621.000,615.000,0.017,0.938,0.652,0.796,0.953,0.013,0.049,0.000,0.348
634,366,344,0.014,0.939,0.656,0.811,0.957,0.021,0.040,0.000,0.344,577.000,537.000,0.013,0.945,0.655,0.790,0.959,0.010,0.045,0.000,0.345,603.000,577.000,0.012,0.954,0.650,0.783,0.961,0.018,0.028,0.000,0.350,621.000,615.000,0.017,0.938,0.652,0.796,0.953,0.013,0.049,0.000,0.348
635,366,344,0.014,0.939,0.656,0.811,0.957,0.021,0.040,0.000,0.344,577.000,537.000,0.013,0.945,0.655,0.790,0.959,0.010,0.045,0.000,0.345,603.000,577.000,0.012,0.954,0.650,0.783,0.961,0.018,0.028,0.000,0.350,621.000,615.000,0.017,0.938,0.652,0.796,0.953,0.013,0.049,0.000,0.348
636,366,344,0.014,0.939,0.656,0.811,0.957,0.021,0.040,0.000,0.344,577.000,537.000,0.013,0.945,0.655,0.790,0.959,0.010,0.045,0.000,0.345,621.000,615.000,0.017,0.938,0.652,0.796,0.953,0.013,0.049,0.000,0.348,628.000,603.000,0.015,0.950,0.652,0.777,0.958,0.025,0.025,0.000,0.348
637,366,344,0.014,0.939,0.656,0.811,0.957,0.021,0.040,0.000,0.344,577.000,537.000,0.013,0.945,0.655,0.790,0.959,0.010,0.045,0.000,0.345,621.000,615.000,0.017,0.938,0.652,0.796,0.953,0.013,0.049,0.000,0.348,628.000,603.000,0.015,0.950,0.652,0.777,0.958,0.025,0.025,0.000,0.348
638,366,344,0.014,0.939,0.656,0.811,0.957,0.021,0.040,0.000,0.344,577.000,537.000,0.013,0.945,0.655,0.790,0.959,0.010,0.045,0.000,0.345,621.000,615.000,0.017,0.938,0.652,0.796,0.953,0.013,0.049,0.000,0.348,628.000,603.000,0.015,0.950,0.652,0.777,0.958,0.025,0.025,0.000,0.348
639,366,344,0.014,0.939,0.656,0.811,0.957,0.021,0.040,0.000,0.344,577.000,537.000,0.013,0.945,0.655,0.790,0.959,0.010,0.045,0.000,0.345,621.000,615.000,0.017,0.938,0.652,0.796,0.953,0.013,0.049,0.000,0.348,628.000,603.000,0.015,0.950,0.652,0.777,0.958,0.025,0.025,0.000,0.348
640,366,344,0.014,0.939,0.656,0.811,0.957,0.021,0.040,0.000,0.344,577.000,537.000,0.013,0.945,0.655,0.790,0.959,0.010,0.045,0.000,0.345,621.000,615.000,0.017,0.938,0.652,0.796,0.953,0.013,0.049,0.000,0.348,628.000,603.000,0.015,0.950,0.652,0.777,0.958,0.025,0.025,0.000,0.348
641,366,344,0.014,0.939,0.656,0.811,0.957,0.021,0.040,0.000,0.344,577.000,537.000,0.013,0.945,0.655,0.790,0.959,0.010,0.045,0.000,0.345,621.000,615.000,0.017,0.938,0.652,0.796,0.953,0.013,0.049,0.000,0.348,628.000,603.000,0.015,0.950,0.652,0.777,0.958,0.025,0.025,0.000,0.348
642,366,344,0.014,0.939,0.656,0.811,0.957,0.021,0.040,0.000,0.344,577.000,537.000,0.013,0.945,0.655,0.790,0.959,0.010,0.045,0.000,0.345,621.000,615.000,0.017,0.938,0.652,0.796,0.953,0.013,0.049,0.000,0.348,628.000,603.000,0.015,0.950,0.652,0.777,0.958,0.025,0.025,0.000,0.348
643,366,344,0.014,0.939,0.656,0.811,0.957,0.021,0.040,0.000,0.344,577.000,537.000,0.013,0.945,0.655,0.790,0.959,0.010,0.045,0.000,0.345,621.000,615.000,0.017,0.938,0.652,0.796,0.953,0.013,0.049,0.000,0.348,628.000,603.000,0.015,0.950,0.652,0.777,0.958,0.025,0.025,0.000,0.348
644,366,344,0.014,0.939,0.656,0.811,0.957,0.021,0.040,0.000,0.344,577.000,537.000,0.013,0.945,0.655,0.790,0.959,0.010,0.045,0.000,0.345,621.000,615.000,0.017,0.938,0.652,0.796,0.953,0.013,0.049,0.000,0.348,628.000,603.000,0.015,0.950,0.652,0.777,0.958,0.025,0.025,0.000,0.348
645,366,344,0.014,0.939,0.656,0.811,0.957,0.021,0.040,0.000,0.344,577.000,537.000,0.013,0.945,0.655,0.790,0.959,0.010,0.045,0.000,0.345,628.000,603.000,0.015,0.950,0.652,0.777,0.958,0.025,0.025,0.000,0.348,638.000,628.000,0.022,0.956,0.652,0.771,0.957,0.012,0.031,0.000,0.348
646,366,344,0.014,0.939,0.656,0.811,0.957,0.021,0.040,0.000,0.344,577.000,537.000,0.013,0.945,0.655,0.790,0.959,0.010,0.045,0.000,0.345,628.000,603.000,0.015,0.950,0.652,0.777,0.958,0.025,0.025,0.000,0.348,638.000,628.000,0.022,0.956,0.652,0.771,0.957,0.012,0.031,0.000,0.348
647,366,344,0.014,0.939,0.656,0.811,0.957,0.021,0.040,0.000,0.344,577.000,537.000,0.013,0.945,0.655,0.790,0.959,0.010,0.045,0.000,0.345,628.000,603.000,0.015,0.950,0.652,0.777,0.958,0.025,0.025,0.000,0.348,640.000,366.000,0.015,0.932,0.652,0.822,0.959,0.022,0.046,0.012,0.336
648,366,344,0.014,0.939,0.656,0.811,0.957,0.021,0.040,0.000,0.344,577.000,537.000,0.013,0.945,0.655,0.790,0.959,0.010,0.045,0.000,0.345,628.000,603.000,0.015,0.950,0.652,0.777,0.958,0.025,0.025,0.000,0.348,641.000,635.000,0.016,0.952,0.636,0.787,0.962,0.008,0.040,0.000,0.364
649,366,344,0.014,0.939,0.656,0.811,0.957,0.021,0.040,0.000,0.344,577.000,537.000,0.013,0.945,0.655,0.790,0.959,0.010,0.045,0.000,0.345,628.000,603.000,0.015,0.950,0.652,0.777,0.958,0.025,0.025,0.000,0.348,641.000,635.000,0.016,0.952,0.636,0.787,0.962,0.008,0.040,0.000,0.364
650,366,344,0.014,0.939,0.656,0.811,0.957,0.021,0.040,0.000,0.344,577.000,537.000,0.013,0.945,0.655,0.790,0.959,0.010,0.045,0.000,0.345,628.000,603.000,0.015,0.950,0.652,0.777,0.958,0.025,0.025,0.000,0.348,641.000,635.000,0.016,0.952,0.636,0.787,0.962,0.008,0.040,0.000,0.364
651,366,344,0.014,0.939,0.656,0.811,0.957,0.021,0.040,0.000,0.344,577.000,537.000,0.013,0.945,0.655,0.790,0.959,0.010,0.045,0.000,0.345,628.000,603.000,0.015,0.950,0.652,0.777,0.958,0.025,0.025,0.000,0.348,641.000,635.000,0.016,0.952,0.636,0.787,0.962,0.008,0.040,0.000,0.364
652,366,344,0.014,0.939,0.656,0.811,0.957,0.021,0.040,0.000,0.344,577.000,537.000,0.013,0.945,0.655,0.790,0.959,0.010,0.045,0.000,0.345,628.000,603.000,0.015,0.950,0.652,0.777,0.958,0.025,0.025,0.000,0.348,641.000,635.000,0.016,0.952,0.636,0.787,0.962,0.008,0.040,0.000,0.364
653,366,344,0.014,0.939,0.656,0.811,0.957,0.021,0.040,0.000,0.344,577.000,537.000,0.013,0.945,0.655,0.790,0.959,0.010,0.045,0.000,0.345,628.000,603.000,0.015,0.950,0.652,0.777,0.958,0.025,0.025,0.000,0.348,641.000,635.000,0.016,0.952,0.636,0.787,0.962,0.008,0.040,0.000,0.364
654,366,344,0.014,0.939,0.656,0.811,0.957,0.021,0.040,0.000,0.344,577.000,537.000,0.013,0.945,0.655,0.790,0.959,0.010,0.045,0.000,0.345,628.000,603.000,0.015,0.950,0.652,0.777,0.958,0.025,0.025,0.000,0.348,641.000,635.000,0.016,0.952,0.636,0.787,0.962,0.008,0.040,0.000,0.364
655,366,344,0.014,0.939,0.656,0.811,0.957,0.021,0.040,0.000,0.344,577.000,537.000,0.013,0.945,0.655,0.790,0.959,0.010,0.045,0.000,0.345,628.000,603.000,0.015,0.950,0.652,0.777,0.958,0.025,0.025,0.000,0.348,641.000,635.000,0.016,0.952,0.636,0.787,0.962,0.008,0.040,0.000,0.364
656,366,344,0.014,0.939,0.656,0.811,0.957,0.021,0.040,0.000,0.344,577.000,537.000,0.013,0.945,0.655,0.790,0.959,0.010,0.045,0.000,0.345,628.000,603.000,0.015,0.950,0.652,0.777,0.958,0.025,0.025,0.000,0.348,641.000,635.000,0.016,0.952,0.636,0.787,0.962,0.008,0.040,0.000,0.364
657,366,344,0.014,0.939,0.656,0.811,0.957,0.021,0.040,0.000,0.344,577.000,537.000,0.013,0.945,0.655,0.790,0.959,0.010,0.045,0.000,0.345,628.000,603.000,0.015,0.950,0.652,0.777,0.958,0.025,0.025,0.000,0.348,641.000,635.000,0.016,0.952,0.636,0.787,0.962,0.008,0.040,0.000,0.364
658,366,344,0.014,0.939,0.656,0.811,0.957,0.021,0.040,0.000,0.344,628.000,603.000,0.015,0.950,0.652,0.777,0.958,0.025,0.025,0.000,0.348,641.000,635.000,0.016,0.952,0.636,0.787,0.962,0.008,0.040,0.000,0.364,645.000,638.000,0.014,0.955,0.648,0.770,0.954,0.000,0.045,0.000,0.352
659,366,344,0.014,0.939,0.656,0.811,0.957,0.021,0.040,0.000,0.344,641.000,635.000,0.016,0.952,0.636,0.787,0.962,0.008,0.040,0.000,0.364,645.000,638.000,0.014,0.955,0.648,0.770,0.954,0.000,0.045,0.000,0.352,651.000,628.000,0.018,0.957,0.666,0.800,0.966,0.027,0.016,0.000,0.334
660,366,344,0.014,0.939,0.656,0.811,0.957,0.021,0.040,0.000,0.344,641.000,635.000,0.016,0.952,0.636,0.787,0.962,0.008,0.040,0.000,0.364,645.000,638.000,0.014,0.955,0.648,0.770,0.954,0.000,0.045,0.000,0.352,653.000,628.000,0.016,0.941,0.653,0.771,0.961,0.042,0.018,0.000,0.347
661,366,344,0.014,0.939,0.656,0.811,0.957,0.021,0.040,0.000,0.344,641.000,635.000,0.016,0.952,0.636,0.787,0.962,0.008,0.040,0.000,0.364,645.000,638.000,0.014,0.955,0.648,0.770,0.954,0.000,0.045,0.000,0.352,653.000,628.000,0.016,0.941,0.653,0.771,0.961,0.042,0.018,0.000,0.347
662,366,344,0.014,0.939,0.656,0.811,0.957,0.021,0.040,0.000,0.344,641.000,635.000,0.016,0.952,0.636,0.787,0.962,0.008,0.040,0.000,0.364,645.000,638.000,0.014,0.955,0.648,0.770,0.954,0.000,0.045,0.000,0.352,653.000,628.000,0.016,0.941,0.653,0.771,0.961,0.042,0.018,0.000,0.347
663,366,344,0.014,0.939,0.656,0.811,0.957,0.021,0.040,0.000,0.344,653.000,628.000,0.016,0.941,0.653,0.771,0.961,0.042,0.018,0.000,0.347,659.000,658.000,0.012,0.962,0.643,0.807,0.966,0.000,0.038,0.000,0.357,663.000,645.000,0.014,0.942,0.643,0.758,0.949,0.012,0.045,0.013,0.344
664,366,344,0.014,0.939,0.656,0.811,0.957,0.021,0.040,0.000,0.344,653.000,628.000,0.016,0.941,0.653,0.771,0.961,0.042,0.018,0.000,0.347,659.000,658.000,0.012,0.962,0.643,0.807,0.966,0.000,0.038,0.000,0.357,663.000,645.000,0.014,0.942,0.643,0.758,0.949,0.012,0.045,0.013,0.344
665,366,344,0.014,0.939,0.656,0.811,0.957,0.021,0.040,0.000,0.344,653.000,628.000,0.016,0.941,0.653,0.771,0.961,0.042,0.018,0.000,0.347,659.000,658.000,0.012,0.962,0.643,0.807,0.966,0.000,0.038,0.000,0.357,664.000,659.000,0.009,0.950,0.638,0.797,0.973,0.000,0.050,0.000,0.362
666,366,344,0.014,0.939,0.656,0.811,0.957,0.021,0.040,0.000,0.344,653.000,628.000,0.016,0.941,0.653,0.771,0.961,0.042,0.018,0.000,0.347,659.000,658.000,0.012,0.962,0.643,0.807,0.966,0.000,0.038,0.000,0.357,667.000,653.000,0.020,0.939,0.649,0.773,0.954,0.055,0.006,0.005,0.346
667,366,344,0.014,0.939,0.656,0.811,0.957,0.021,0.040,0.000,0.344,653.000,628.000,0.016,0.941,0.653,0.771,0.961,0.042,0.018,0.000,0.347,659.000,658.000,0.012,0.962,0.643,0.807,0.966,0.000,0.038,0.000,0.357,667.000,653.000,0.020,0.939,0.649,0.773,0.954,0.055,0.006,0.005,0.346
668,366,344,0.014,0.939,0.656,0.811,0.957,0.021,0.040,0.000,0.344,653.000,628.000,0.016,0.941,0.653,0.771,0.961,0.042,0.018,0.000,0.347,659.000,658.000,0.012,0.962,0.643,0.807,0.966,0.000,0.038,0.000,0.357,667.000,653.000,0.020,0.939,0.649,0.773,0.954,0.055,0.006,0.005,0.346
669,366,344,0.014,0.939,0.656,0.811,0.957,0.021,0.040,0.000,0.344,653.000,628.000,0.016,0.941,0.653,0.771,0.961,0.042,0.018,0.000,0.347,659.000,658.000,0.012,0.962,0.643,0.807,0.966,0.000,0.038,0.000,0.357,669.000,366.000,0.019,0.936,0.651,0.808,0.954,0.015,0.049,0.000,0.349
670,366,344,0.014,0.939,0.656,0.811,0.957,0.021,0.040,0.000,0.344,659.000,658.000,0.012,0.962,0.643,0.807,0.966,0.000,0.038,0.000,0.357,669.000,366.000,0.019,0.936,0.651,0.808,0.954,0.015,0.049,0.000,0.349,670.000,669.000,0.014,0.943,0.660,0.787,0.946,0.011,0.045,0.000,0.340
671,366,344,0.014,0.939,0.656,0.811,0.957,0.021,0.040,0.000,0.344,659.000,658.000,0.012,0.962,0.643,0.807,0.966,0.000,0.038,0.000,0.357,669.000,366.000,0.019,0.936,0.651,0.808,0.954,0.015,0.049,0.000,0.349,670.000,669.000,0.014,0.943,0.660,0.787,0.946,0.011,0.045,0.000,0.340
672,366,344,0.014,0.939,0.656,0.811,0.957,0.021,0.040,0.000,0.344,669.000,366.000,0.019,0.936,0.651,0.808,0.954,0.015,0.049,0.000,0.349,670.000,669.000,0.014,0.943,0.660,0.787,0.946,0.011,0.045,0.000,0.340,671.000,366.000,0.021,0.960,0.655,0.796,0.949,0.008,0.032,0.001,0.343
673,366,344,0.014,0.939,0.656,0.811,0.957,0.021,0.040,0.000,0.344,669.000,366.000,0.019,0.936,0.651,0.808,0.954,0.015,0.049,0.000,0.349,670.000,669.000,0.014,0.943,0.660,0.787,0.946,0.011,0.045,0.000,0.340,671.000,366.000,0.021,0.960,0.655,0.796,0.949,0.008,0.032,0.001,0.343
674,366,344,0.014,0.939,0.656,0.811,0.957,0.021,0.040,0.000,0.344,669.000,366.000,0.019,0.936,0.651,0.808,0.954,0.015,0.049,0.000,0.349,670.000,669.000,0.014,0.943,0.660,0.787,0.946,0.011,0.045,0.000,0.340,671.000,366.000,0.021,0.960,0.655,0.796,0.949,0.008,0.032,0.001,0.343
675,366,344,0.014,0.939,0.656,0.811,0.957,0.021,0.040,0.000,0.344,669.000,366.000,0.019,0.936,0.651,0.808,0.954,0.015,0.049,0.000,0.349,670.000,669.000,0.014,0.943,0.660,0.787,0.946,0.011,0.045,0.000,0.340,671.000,366.000,0.021,0.960,0.655,0.796,0.949,0.008,0.032,0.001,0.343
676,366,344,0.014,0.939,0.656,0.811,0.957,0.021,0.040,0.000,0.344,670.000,669.000,0.014,0.943,0.660,0.787,0.946,0.011,0.045,0.000,0.340,673.000,669.000,0.019,0.909,0.636,0.788,0.953,0.027,0.064,0.004,0.360,674.000,670.000,0.013,0.937,0.664,0.784,0.940,0.013,0.050,0.000,0.336
677,366,344,0.014,0.939,0.656,0.811,0.957,0.021,0.040,0.000,0.344,670.000,669.000,0.014,0.943,0.660,0.787,0.946,0.011,0.045,0.000,0.340,674.000,670.000,0.013,0.937,0.664,0.784,0.940,0.013,0.050,0.000,0.336,675.000,671.000,0.016,0.943,0.649,0.797,0.964,0.010,0.047,0.003,0.348
678,366,344,0.014,0.939,0.656,0.811,0.957,0.021,0.040,0.000,0.344,670.000,669.000,0.014,0.943,0.660,0.787,0.946,0.011,0.045,0.000,0.340,674.000,670.000,0.013,0.937,0.664,0.784,0.940,0.013,0.050,0.000,0.336,675.000,671.000,0.016,0.943,0.649,0.797,0.964,0.010,0.047,0.003,0.348
679,366,344,0.014,0.939,0.656,0.811,0.957,0.021,0.040,0.000,0.344,670.000,669.000,0.014,0.943,0.660,0.787,0.946,0.011,0.045,0.000,0.340,674.000,670.000,0.013,0.937,0.664,0.784,0.940,0.013,0.050,0.000,0.336,675.000,671.000,0.016,0.943,0.649,0.797,0.964,0.010,0.047,0.003,0.348
680,366,344,0.014,0.939,0.656,0.811,0.957,0.021,0.040,0.000,0.344,670.000,669.000,0.014,0.943,0.660,0.787,0.946,0.011,0.045,0.000,0.340,674.000,670.000,0.013,0.937,0.664,0.784,0.940,0.013,0.050,0.000,0.336,675.000,671.000,0.016,0.943,0.649,0.797,0.964,0.010,0.047,0.003,0.348
681,366,344,0.014,0.939,0.656,0.811,0.957,0.021,0.040,0.000,0.344,670.000,669.000,0.014,0.943,0.660,0.787,0.946,0.011,0.045,0.000,0.340,675.000,671.000,0.016,0.943,0.649,0.797,0.964,0.010,0.047,0.003,0.348,676.000,366.000,0.012,0.942,0.665,0.813,0.947,0.007,0.051,0.000,0.335
682,366,344,0.014,0.939,0.656,0.811,0.957,0.021,0.040,0.000,0.344,670.000,669.000,0.014,0.943,0.660,0.787,0.946,0.011,0.045,0.000,0.340,675.000,671.000,0.016,0.943,0.649,0.797,0.964,0.010,0.047,0.003,0.348,676.000,366.000,0.012,0.942,0.665,0.813,0.947,0.007,0.051,0.000,0.335
683,366,344,0.014,0.939,0.656,0.811,0.957,0.021,0.040,0.000,0.344,670.000,669.000,0.014,0.943,0.660,0.787,0.946,0.011,0.045,0.000,0.340,675.000,671.000,0.016,0.943,0.649,0.797,0.964,0.010,0.047,0.003,0.348,676.000,366.000,0.012,0.942,0.665,0.813,0.947,0.007,0.051,0.000,0.335
684,366,344,0.014,0.939,0.656,0.811,0.957,0.021,0.040,0.000,0.344,670.000,669.000,0.014,0.943,0.660,0.787,0.946,0.011,0.045,0.000,0.340,675.000,671.000,0.016,0.943,0.649,0.797,0.964,0.010,0.047,0.003,0.348,676.000,366.000,0.012,0.942,0.665,0.813,0.947,0.007,0.051,0.000,0.335
685,366,344,0.014,0.939,0.656,0.811,0.957,0.021,0.040,0.000,0.344,670.000,669.000,0.014,0.943,0.660,0.787,0.946,0.011,0.045,0.000,0.340,676.000,366.000,0.012,0.942,0.665,0.813,0.947,0.007,0.051,0.000,0.335,684.000,679.000,0.012,0.940,0.661,0.795,0.940,0.020,0.041,0.005,0.333
686,366,344,0.014,0.939,0.656,0.811,0.957,0.021,0.040,0.000,0.344,670.000,669.000,0.014,0.943,0.660,0.787,0.946,0.011,0.045,0.000,0.340,676.000,366.000,0.012,0.942,0.665,0.813,0.947,0.007,0.051,0.000,0.335,684.000,679.000,0.012,0.940,0.661,0.795,0.940,0.020,0.041,0.005,0.333
687,366,344,0.014,0.939,0.656,0.811,0.957,0.021,0.040,0.000,0.344,670.000,669.000,0.014,0.943,0.660,0.787,0.946,0.011,0.045,0.000,0.340,676.000,366.000,0.012,0.942,0.665,0.813,0.947,0.007,0.051,0.000,0.335,684.000,679.000,0.012,0.940,0.661,0.795,0.940,0.020,0.041,0.005,0.333
688,366,344,0.014,0.939,0.656,0.811,0.957,0.021,0.040,0.000,0.344,670.000,669.000,0.014,0.943,0.660,0.787,0.946,0.011,0.045,0.000,0.340,676.000,366.000,0.012,0.942,0.665,0.813,0.947,0.007,0.051,0.000,0.335,684.000,679.000,0.012,0.940,0.661,0.795,0.940,0.020,0.041,0.005,0.333
689,366,344,0.014,0.939,0.656,0.811,0.957,0.021,0.040,0.000,0.344,670.000,669.000,0.014,0.943,0.660,0.787,0.946,0.011,0.045,0.000,0.340,676.000,366.000,0.012,0.942,0.665,0.813,0.947,0.007,0.051,0.000,0.335,684.000,679.000,0.012,0.940,0.661,0.795,0.940,0.020,0.041,0.005,0.333
690,366,344,0.014,0.939,0.656,0.811,0.957,0.021,0.040,0.000,0.344,670.000,669.000,0.014,0.943,0.660,0.787,0.946,0.011,0.045,0.000,0.340,676.000,366.000,0.012,0.942,0.665,0.813,0.947,0.007,0.051,0.000,0.335,688.000,676.000,0.009,0.953,0.654,0.819,0.945,0.002,0.045,0.000,0.346
691,366,344,0.014,0.939,0.656,0.811,0.957,0.021,0.040,0.000,0.344,670.000,669.000,0.014,0.943,0.660,0.787,0.946,0.011,0.045,0.000,0.340,676.000,366.000,0.012,0.942,0.665,0.813,0.947,0.007,0.051,0.000,0.335,688.000,676.000,0.009,0.953,0.654,0.819,0.945,0.002,0.045,0.000,0.346
692,366,344,0.014,0.939,0.656,0.811,0.957,0.021,0.040,0.000,0.344,670.000,669.000,0.014,0.943,0.660,0.787,0.946,0.011,0.045,0.000,0.340,676.000,366.000,0.012,0.942,0.665,0.813,0.947,0.007,0.051,0.000,0.335,690.000,670.000,0.015,0.969,0.662,0.791,0.946,0.000,0.031,0.002,0.336
693,366,344,0.014,0.939,0.656,0.811,0.957,0.021,0.040,0.000,0.344,670.000,669.000,0.014,0.943,0.660,0.787,0.946,0.011,0.045,0.000,0.340,676.000,366.000,0.012,0.942,0.665,0.813,0.947,0.007,0.051,0.000,0.335,690.000,670.000,0.015,0.969,0.662,0.791,0.946,0.000,0.031,0.002,0.336
694,366,344,0.014,0.939,0.656,0.811,0.957,0.021,0.040,0.000,0.344,670.000,669.000,0.014,0.943,0.660,0.787,0.946,0.011,0.045,0.000,0.340,676.000,366.000,0.012,0.942,0.665,0.813,0.947,0.007,0.051,0.000,0.335,690.000,670.000,0.015,0.969,0.662,0.791,0.946,0.000,0.031,0.002,0.336
695,366,344,0.014,0.939,0.656,0.811,0.957,0.021,0.040,0.000,0.344,670.000,669.000,0.014,0.943,0.660,0.787,0.946,0.011,0.045,0.000,0.340,676.000,366.000,0.012,0.942,0.665,0.813,0.947,0.007,0.051,0.000,0.335,690.000,670.000,0.015,0.969,0.662,0.791,0.946,0.000,0.031,0.002,0.336
696,366,344,0.014,0.939,0.656,0.811,0.957,0.021,0.040,0.000,0.344,670.000,669.000,0.014,0.943,0.660,0.787,0.946,0.011,0.045,0.000,0.340,676.000,366.000,0.012,0.942,0.665,0.813,0.947,0.007,0.051,0.000,0.335,690.000,670.000,0.015,0.969,0.662,0.791,0.946,0.000,0.031,0.002,0.336
697,366,344,0.014,0.939,0.656,0.811,0.957,0.021,0.040,0.000,0.344,670.000,669.000,0.014,0.943,0.660,0.787,0.946,0.011,0.045,0.000,0.340,676.000,366.000,0.012,0.942,0.665,0.813,0.947,0.007,0.051,0.000,0.335,690.000,670.000,0.015,0.969,0.662,0.791,0.946,0.000,0.031,0.002,0.336
698,366,344,0.014,0.939,0.656,0.811,0.957,0.021,0.040,0.000,0.344,670.000,669.000,0.014,0.943,0.660,0.787,0.946,0.011,0.045,0.000,0.340,676.000,366.000,0.012,0.942,0.665,0.813,0.947,0.007,0.051,0.000,0.335,690.000,670.000,0.015,0.969,0.662,0.791,0.946,0.000,0.031,0.002,0.336
699,366,344,0.014,0.939,0.656,0.811,0.957,0.021,0.040,0.000,0.344,670.000,669.000,0.014,0.943,0.660,0.787,0.946,0.011,0.045,0.000,0.340,676.000,366.000,0.012,0.942,0.665,0.813,0.947,0.007,0.051,0.000,0.335,690.000,670.000,0.015,0.969,0.662,0.791,0.946,0.000,0.031,0.002,0.336
700,366,344,0.014,0.939,0.656,0.811,0.957,0.021,0.040,0.000,0.344,670.000,669.000,0.014,0.943,0.660,0.787,0.946,0.011,0.045,0.000,0.340,676.000,366.000,0.012,0.942,0.665,0.813,0.947,0.007,0.051,0.000,0.335,690.000,670.000,0.015,0.969,0.662,0.791,0.946,0.000,0.031,0.002,0.336
701,366,344,0.014,0.939,0.656,0.811,0.957,0.021,0.040,0.000,0.344,670.000,669.000,0.014,0.943,0.660,0.787,0.946,0.011,0.045,0.000,0.340,676.000,366.000,0.012,0.942,0.665,0.813,0.947,0.007,0.051,0.000,0.335,690.000,670.000,0.015,0.969,0.662,0.791,0.946,0.000,0.031,0.002,0.336
702,366,344,0.014,0.939,0.656,0.811,0.957,0.021,0.040,0.000,0.344,670.000,669.000,0.014,0.943,0.660,0.787,0.946,0.011,0.045,0.000,0.340,676.000,366.000,0.012,0.942,0.665,0.813,0.947,0.007,0.051,0.000,0.335,690.000,670.000,0.015,0.969,0.662,0.791,0.946,0.000,0.031,0.002,0.336
703,366,344,0.014,0.939,0.656,0.811,0.957,0.021,0.040,0.000,0.344,670.000,669.000,0.014,0.943,0.660,0.787,0.946,0.011,0.045,0.000,0.340,676.000,366.000,0.012,0.942,0.665,0.813,0.947,0.007,0.051,0.000,0.335,696.000,366.000,0.012,0.945,0.645,0.818,0.953,0.011,0.044,0.000,0.355
704,366,344,0.014,0.939,0.656,0.811,0.957,0.021,0.040,0.000,0.344,676.000,366.000,0.012,0.942,0.665,0.813,0.947,0.007,0.051,0.000,0.335,696.000,366.000,0.012,0.945,0.645,0.818,0.953,0.011,0.044,0.000,0.355,699.000,696.000,0.015,0.942,0.638,0.804,0.948,0.013,0.045,0.000,0.362
705,366,344,0.014,0.939,0.656,0.811,0.957,0.021,0.040,0.000,0.344,676.000,366.000,0.012,0.942,0.665,0.813,0.947,0.007,0.051,0.000,0.335,696.000,366.000,0.012,0.945,0.645,0.818,0.953,0.011,0.044,0.000,0.355,699.000,696.000,0.015,0.942,0.638,0.804,0.948,0.013,0.045,0.000,0.362
706,366,344,0.014,0.939,0.656,0.811,0.957,0.021,0.040,0.000,0.344,676.000,366.000,0.012,0.942,0.665,0.813,0.947,0.007,0.051,0.000,0.335,696.000,366.000,0.012,0.945,0.645,0.818,0.953,0.011,0.044,0.000,0.355,699.000,696.000,0.015,0.942,0.638,0.804,0.948,0.013,0.045,0.000,0.362
707,366,344,0.014,0.939,0.656,0.811,0.957,0.021,0.040,0.000,0.344,676.000,366.000,0.012,0.942,0.665,0.813,0.947,0.007,0.051,0.000,0.335,696.000,366.000,0.012,0.945,0.645,0.818,0.953,0.011,0.044,0.000,0.355,699.000,696.000,0.015,0.942,0.638,0.804,0.948,0.013,0.045,0.000,0.362
708,366,344,0.014,0.939,0.656,0.811,0.957,0.021,0.040,0.000,0.344,676.000,366.000,0.012,0.942,0.665,0.813,0.947,0.007,0.051,0.000,0.335,696.000,366.000,0.012,0.945,0.645,0.818,0.953,0.011,0.044,0.000,0.355,699.000,696.000,0.015,0.942,0.638,0.804,0.948,0.013,0.045,0.000,0.362
709,366,344,0.014,0.939,0.656,0.811,0.957,0.021,0.040,0.000,0.344,676.000,366.000,0.012,0.942,0.665,0.813,0.947,0.007,0.051,0.000,0.335,696.000,366.000,0.012,0.945,0.645,0.818,0.953,0.011,0.044,0.000,0.355,699.000,696.000,0.015,0.942,0.638,0.804,0.948,0.013,0.045,0.000,0.362
710,366,344,0.014,0.939,0.656,0.811,0.957,0.021,0.040,0.000,0.344,676.000,366.000,0.012,0.942,0.665,0.813,0.947,0.007,0.051,0.000,0.335,696.000,366.000,0.012,0.945,0.645,0.818,0.953,0.011,0.044,0.000,0.355,699.000,696.000,0.015,0.942,0.638,0.804,0.948,0.013,0.045,0.000,0.362
711,366,344,0.014,0.939,0.656,0.811,0.957,0.021,0.040,0.000,0.344,676.000,366.000,0.012,0.942,0.665,0.813,0.947,0.007,0.051,0.000,0.335,696.000,366.000,0.012,0.945,0.645,0.818,0.953,0.011,0.044,0.000,0.355,699.000,696.000,0.015,0.942,0.638,0.804,0.948,0.013,0.045,0.000,0.362
712,366,344,0.014,0.939,0.656,0.811,0.957,0.021,0.040,0.000,0.344,696.000,366.000,0.012,0.945,0.645,0.818,0.953,0.011,0.044,0.000,0.355,,,,,,,,,,,,,,,,,,,,,,
713,366,344,0.014,0.939,0.656,0.811,0.957,0.021,0.040,0.000,0.344,696.000,366.000,0.012,0.945,0.645,0.818,0.953,0.011,0.044,0.000,0.355,714.000,696.000,0.017,0.928,0.651,0.822,0.954,0.016,0.056,0.000,0.349,,,,,,,,,,,
714,366,344,0.014,0.939,0.656,0.811,0.957,0.021,0.040,0.000,0.344,696.000,366.000,0.012,0.945,0.645,0.818,0.953,0.011,0.044,0.000,0.355,714.000,696.000,0.017,0.928,0.651,0.822,0.954,0.016,0.056,0.000,0.349,715.000,696.000,0.016,0.932,0.640,0.815,0.950,0.024,0.044,0.000,0.360
715,366,344,0.014,0.939,0.656,0.811,0.957,0.021,0.040,0.000,0.344,696.000,366.000,0.012,0.945,0.645,0.818,0.953,0.011,0.044,0.000,0.355,714.000,696.000,0.017,0.928,0.651,0.822,0.954,0.016,0.056,0.000,0.349,715.000,696.000,0.016,0.932,0.640,0.815,0.950,0.024,0.044,0.000,0.360
716,366,344,0.014,0.939,0.656,0.811,0.957,0.021,0.040,0.000,0.344,696.000,366.000,0.012,0.945,0.645,0.818,0.953,0.011,0.044,0.000,0.355,715.000,696.000,0.016,0.932,0.640,0.815,0.950,0.024,0.044,0.000,0.360,716.000,715.000,0.014,0.932,0.646,0.816,0.948,0.022,0.046,0.000,0.354
717,366,344,0.014,0.939,0.656,0.811,0.957,0.021,0.040,0.000,0.344,696.000,366.000,0.012,0.945,0.645,0.818,0.953,0.011,0.044,0.000,0.355,715.000,696.000,0.016,0.932,0.640,0.815,0.950,0.024,0.044,0.000,0.360,716.000,715.000,0.014,0.932,0.646,0.816,0.948,0.022,0.046,0.000,0.354
718,366,344,0.014,0.939,0.656,0.811,0.957,0.021,0.040,0.000,0.344,696.000,366.000,0.012,0.945,0.645,0.818,0.953,0.011,0.044,0.000,0.355,715.000,696.000,0.016,0.932,0.640,0.815,0.950,0.024,0.044,0.000,0.360,716.000,715.000,0.014,0.932,0.646,0.816,0.948,0.022,0.046,0.000,0.354
719,366,344,0.014,0.939,0.656,0.811,0.957,0.021,0.040,0.000,0.344,696.000,366.000,0.012,0.945,0.645,0.818,0.953,0.011,0.044,0.000,0.355,716.000,715.000,0.014,0.932,0.646,0.816,0.948,0.022,0.046,0.000,0.354,720.000,366.000,0.014,0.942,0.654,0.827,0.944,0.008,0.050,0.000,0.346
720,366,344,0.014,0.939,0.656,0.811,0.957,0.021,0.040,0.000,0.344,696.000,366.000,0.012,0.945,0.645,0.818,0.953,0.011,0.044,0.000,0.355,716.000,715.000,0.014,0.932,0.646,0.816,0.948,0.022,0.046,0.000,0.354,720.000,366.000,0.014,0.942,0.654,0.827,0.944,0.008,0.050,0.000,0.346
721,366,344,0.014,0.939,0.656,0.811,0.957,0.021,0.040,0.000,0.344,696.000,366.000,0.012,0.945,0.645,0.818,0.953,0.011,0.044,0.000,0.355,716.000,715.000,0.014,0.932,0.646,0.816,0.948,0.022,0.046,0.000,0.354,721.000,696.000,0.011,0.927,0.634,0.830,0.938,0.015,0.058,0.000,0.366
722,366,344,0.014,0.939,0.656,0.811,0.957,0.021,0.040,0.000,0.344,696.000,366.000,0.012,0.945,0.645,0.818,0.953,0.011,0.044,0.000,0.355,716.000,715.000,0.014,0.932,0.646,0.816,0.948,0.022,0.046,0.000,0.354,721.000,696.000,0.011,0.927,0.634,0.830,0.938,0.015,0.058,0.000,0.366
723,366,344,0.014,0.939,0.656,0.811,0.957,0.021,0.040,0.000,0.344,696.000,366.000,0.012,0.945,0.645,0.818,0.953,0.011,0.044,0.000,0.355,716.000,715.000,0.014,0.932,0.646,0.816,0.948,0.022,0.046,0.000,0.354,721.000,696.000,0.011,0.927,0.634,0.830,0.938,0.015,0.058,0.000,0.366
724,366,344,0.014,0.939,0.656,0.811,0.957,0.021,0.040,0.000,0.344,696.000,366.000,0.012,0.945,0.645,0.818,0.953,0.011,0.044,0.000,0.355,716.000,715.000,0.014,0.932,0.646,0.816,0.948,0.022,0.046,0.000,0.354,721.000,696.000,0.011,0.927,0.634,0.830,0.938,0.015,0.058,0.000,0.366
725,366,344,0.014,0.939,0.656,0.811,0.957,0.021,0.040,0.000,0.344,696.000,366.000,0.012,0.945,0.645,0.818,0.953,0.011,0.044,0.000,0.355,716.000,715.000,0.014,0.932,0.646,0.816,0.948,0.022,0.046,0.000,0.354,721.000,696.000,0.011,0.927,0.634,0.830,0.938,0.015,0.058,0.000,0.366
726,366,344,0.014,0.939,0.656,0.811,0.957,0.021,0.040,0.000,0.344,696.000,366.000,0.012,0.945,0.645,0.818,0.953,0.011,0.044,0.000,0.355,716.000,715.000,0.014,0.932,0.646,0.816,0.948,0.022,0.046,0.000,0.354,721.000,696.000,0.011,0.927,0.634,0.830,0.938,0.015,0.058,0.000,0.366
727,366,344,0.014,0.939,0.656,0.811,0.957,0.021,0.040,0.000,0.344,696.000,366.000,0.012,0.945,0.645,0.818,0.953,0.011,0.044,0.000,0.355,716.000,715.000,0.014,0.932,0.646,0.816,0.948,0.022,0.046,0.000,0.354,721.000,696.000,0.011,0.927,0.634,0.830,0.938,0.015,0.058,0.000,0.366
728,366,344,0.014,0.939,0.656,0.811,0.957,0.021,0.040,0.000,0.344,696.000,366.000,0.012,0.945,0.645,0.818,0.953,0.011,0.044,0.000,0.355,716.000,715.000,0.014,0.932,0.646,0.816,0.948,0.022,0.046,0.000,0.354,721.000,696.000,0.011,0.927,0.634,0.830,0.938,0.015,0.058,0.000,0.366
729,366,344,0.014,0.939,0.656,0.811,0.957,0.021,0.040,0.000,0.344,696.000,366.000,0.012,0.945,0.645,0.818,0.953,0.011,0.044,0.000,0.355,716.000,715.000,0.014,0.932,0.646,0.816,0.948,0.022,0.046,0.000,0.354,721.000,696.000,0.011,0.927,0.634,0.830,0.938,0.015,0.058,0.000,0.366
730,366,344,0.014,0.939,0.656,0.811,0.957,0.021,0.040,0.000,0.344,696.000,366.000,0.012,0.945,0.645,0.818,0.953,0.011,0.044,0.000,0.355,716.000,715.000,0.014,0.932,0.646,0.816,0.948,0.022,0.046,0.000,0.354,721.000,696.000,0.011,0.927,0.634,0.830,0.938,0.015,0.058,0.000,0.366
731,366,344,0.014,0.939,0.656,0.811,0.957,0.021,0.040,0.000,0.344,696.000,366.000,0.012,0.945,0.645,0.818,0.953,0.011,0.044,0.000,0.355,722.000,721.000,0.013,0.921,0.642,0.844,0.950,0.008,0.070,0.000,0.358,724.000,696.000,0.018,0.937,0.661,0.810,0.968,0.012,0.051,0.006,0.333
732,366,344,0.014,0.939,0.656,0.811,0.957,0.021,0.040,0.000,0.344,696.000,366.000,0.012,0.945,0.645,0.818,0.953,0.011,0.044,0.000,0.355,722.000,721.000,0.013,0.921,0.642,0.844,0.950,0.008,0.070,0.000,0.358,724.000,696.000,0.018,0.937,0.661,0.810,0.968,0.012,0.051,0.006,0.333
733,366,344,0.014,0.939,0.656,0.811,0.957,0.021,0.040,0.000,0.344,696.000,366.000,0.012,0.945,0.645,0.818,0.953,0.011,0.044,0.000,0.355,722.000,721.000,0.013,0.921,0.642,0.844,0.950,0.008,0.070,0.000,0.358,724.000,696.000,0.018,0.937,0.661,0.810,0.968,0.012,0.051,0.006,0.333
734,366,344,0.014,0.939,0.656,0.811,0.957,0.021,0.040,0.000,0.344,696.000,366.000,0.012,0.945,0.645,0.818,0.953,0.011,0.044,0.000,0.355,722.000,721.000,0.013,0.921,0.642,0.844,0.950,0.008,0.070,0.000,0.358,724.000,696.000,0.018,0.937,0.661,0.810,0.968,0.012,0.051,0.006,0.333
735,366,344,0.014,0.939,0.656,0.811,0.957,0.021,0.040,0.000,0.344,696.000,366.000,0.012,0.945,0.645,0.818,0.953,0.011,0.044,0.000,0.355,722.000,721.000,0.013,0.921,0.642,0.844,0.950,0.008,0.070,0.000,0.358,727.000,696.000,0.012,0.943,0.647,0.813,0.949,0.009,0.049,0.002,0.351
736,366,344,0.014,0.939,0.656,0.811,0.957,0.021,0.040,0.000,0.344,696.000,366.000,0.012,0.945,0.645,0.818,0.953,0.011,0.044,0.000,0.355,722.000,721.000,0.013,0.921,0.642,0.844,0.950,0.008,0.070,0.000,0.358,727.000,696.000,0.012,0.943,0.647,0.813,0.949,0.009,0.049,0.002,0.351
737,366,344,0.014,0.939,0.656,0.811,0.957,0.021,0.040,0.000,0.344,696.000,366.000,0.012,0.945,0.645,0.818,0.953,0.011,0.044,0.000,0.355,722.000,721.000,0.013,0.921,0.642,0.844,0.950,0.008,0.070,0.000,0.358,727.000,696.000,0.012,0.943,0.647,0.813,0.949,0.009,0.049,0.002,0.351
738,366,344,0.014,0.939,0.656,0.811,0.957,0.021,0.040,0.000,0.344,696.000,366.000,0.012,0.945,0.645,0.818,0.953,0.011,0.044,0.000,0.355,722.000,721.000,0.013,0.921,0.642,0.844,0.950,0.008,0.070,0.000,0.358,729.000,696.000,0.012,0.951,0.650,0.828,0.951,0.000,0.049,0.002,0.348
739,366,344,0.014,0.939,0.656,0.811,0.957,0.021,0.040,0.000,0.344,696.000,366.000,0.012,0.945,0.645,0.818,0.953,0.011,0.044,0.000,0.355,722.000,721.000,0.013,0.921,0.642,0.844,0.950,0.008,0.070,0.000,0.358,729.000,696.000,0.012,0.951,0.650,0.828,0.951,0.000,0.049,0.002,0.348
740,366,344,0.014,0.939,0.656,0.811,0.957,0.021,0.040,0.000,0.344,696.000,366.000,0.012,0.945,0.645,0.818,0.953,0.011,0.044,0.000,0.355,722.000,721.000,0.013,0.921,0.642,0.844,0.950,0.008,0.070,0.000,0.358,736.000,366.000,0.014,0.935,0.655,0.805,0.964,0.010,0.055,0.002,0.343
741,366,344,0.014,0.939,0.656,0.811,0.957,0.021,0.040,0.000,0.344,696.000,366.000,0.012,0.945,0.645,0.818,0.953,0.011,0.044,0.000,0.355,722.000,721.000,0.013,0.921,0.642,0.844,0.950,0.008,0.070,0.000,0.358,736.000,366.000,0.014,0.935,0.655,0.805,0.964,0.010,0.055,0.002,0.343
742,366,344,0.014,0.939,0.656,0.811,0.957,0.021,0.040,0.000,0.344,696.000,366.000,0.012,0.945,0.645,0.818,0.953,0.011,0.044,0.000,0.355,722.000,721.000,0.013,0.921,0.642,0.844,0.950,0.008,0.070,0.000,0.358,736.000,366.000,0.014,0.935,0.655,0.805,0.964,0.010,0.055,0.002,0.343
743,366,344,0.014,0.939,0.656,0.811,0.957,0.021,0.040,0.000,0.344,696.000,366.000,0.012,0.945,0.645,0.818,0.953,0.011,0.044,0.000,0.355,722.000,721.000,0.013,0.921,0.642,0.844,0.950,0.008,0.070,0.000,0.358,736.000,366.000,0.014,0.935,0.655,0.805,0.964,0.010,0.055,0.002,0.343
744,366,344,0.014,0.939,0.656,0.811,0.957,0.021,0.040,0.000,0.344,696.000,366.000,0.012,0.945,0.645,0.818,0.953,0.011,0.044,0.000,0.355,722.000,721.000,0.013,0.921,0.642,0.844,0.950,0.008,0.070,0.000,0.358,739.000,727.000,0.011,0.942,0.648,0.812,0.942,0.000,0.058,0.000,0.352
745,366,344,0.014,0.939,0.656,0.811,0.957,0.021,0.040,0.000,0.344,696.000,366.000,0.012,0.945,0.645,0.818,0.953,0.011,0.044,0.000,0.355,722.000,721.000,0.013,0.921,0.642,0.844,0.950,0.008,0.070,0.000,0.358,739.000,727.000,0.011,0.942,0.648,0.812,0.942,0.000,0.058,0.000,0.352
746,366,344,0.014,0.939,0.656,0.811,0.957,0.021,0.040,0.000,0.344,696.000,366.000,0.012,0.945,0.645,0.818,0.953,0.011,0.044,0.000,0.355,722.000,721.000,0.013,0.921,0.642,0.844,0.950,0.008,0.070,0.000,0.358,739.000,727.000,0.011,0.942,0.648,0.812,0.942,0.000,0.058,0.000,0.352
747,366,344,0.014,0.939,0.656,0.811,0.957,0.021,0.040,0.000,0.344,696.000,366.000,0.012,0.945,0.645,0.818,0.953,0.011,0.044,0.000,0.355,722.000,721.000,0.013,0.921,0.642,0.844,0.950,0.008,0.070,0.000,0.358,739.000,727.000,0.011,0.942,0.648,0.812,0.942,0.000,0.058,0.000,0.352
748,366,344,0.014,0.939,0.656,0.811,0.957,0.021,0.040,0.000,0.344,696.000,366.000,0.012,0.945,0.645,0.818,0.953,0.011,0.044,0.000,0.355,722.000,721.000,0.013,0.921,0.642,0.844,0.950,0.008,0.070,0.000,0.358,739.000,727.000,0.011,0.942,0.648,0.812,0.942,0.000,0.058,0.000,0.352
749,366,344,0.014,0.939,0.656,0.811,0.957,0.021,0.040,0.000,0.344,696.000,366.000,0.012,0.945,0.645,0.818,0.953,0.011,0.044,0.000,0.355,722.000,721.000,0.013,0.921,0.642,0.844,0.950,0.008,0.070,0.000,0.358,739.000,727.000,0.011,0.942,0.648,0.812,0.942,0.000,0.058,0.000,0.352
750,366,344,0.014,0.939,0.656,0.811,0.957,0.021,0.040,0.000,0.344,696.000,366.000,0.012,0.945,0.645,0.818,0.953,0.011,0.044,0.000,0.355,739.000,727.000,0.011,0.942,0.648,0.812,0.942,0.000,0.058,0.000,0.352,741.000,696.000,0.010,0.941,0.646,0.806,0.959,0.019,0.040,0.000,0.354
751,366,344,0.014,0.939,0.656,0.811,0.957,0.021,0.040,0.000,0.344,696.000,366.000,0.012,0.945,0.645,0.818,0.953,0.011,0.044,0.000,0.355,739.000,727.000,0.011,0.942,0.648,0.812,0.942,0.000,0.058,0.000,0.352,741.000,696.000,0.010,0.941,0.646,0.806,0.959,0.019,0.040,0.000,0.354
752,366,344,0.014,0.939,0.656,0.811,0.957,0.021,0.040,0.000,0.344,696.000,366.000,0.012,0.945,0.645,0.818,0.953,0.011,0.044,0.000,0.355,739.000,727.000,0.011,0.942,0.648,0.812,0.942,0.000,0.058,0.000,0.352,741.000,696.000,0.010,0.941,0.646,0.806,0.959,0.019,0.040,0.000,0.354
753,366,344,0.014,0.939,0.656,0.811,0.957,0.021,0.040,0.000,0.344,696.000,366.000,0.012,0.945,0.645,0.818,0.953,0.011,0.044,0.000,0.355,739.000,727.000,0.011,0.942,0.648,0.812,0.942,0.000,0.058,0.000,0.352,741.000,696.000,0.010,0.941,0.646,0.806,0.959,0.019,0.040,0.000,0.354
754,366,344,0.014,0.939,0.656,0.811,0.957,0.021,0.040,0.000,0.344,696.000,366.000,0.012,0.945,0.645,0.818,0.953,0.011,0.044,0.000,0.355,739.000,727.000,0.011,0.942,0.648,0.812,0.942,0.000,0.058,0.000,0.352,741.000,696.000,0.010,0.941,0.646,0.806,0.959,0.019,0.040,0.000,0.354
755,366,344,0.014,0.939,0.656,0.811,0.957,0.021,0.040,0.000,0.344,696.000,366.000,0.012,0.945,0.645,0.818,0.953,0.011,0.044,0.000,0.355,739.000,727.000,0.011,0.942,0.648,0.812,0.942,0.000,0.058,0.000,0.352,741.000,696.000,0.010,0.941,0.646,0.806,0.959,0.019,0.040,0.000,0.354
756,366,344,0.014,0.939,0.656,0.811,0.957,0.021,0.040,0.000,0.344,696.000,366.000,0.012,0.945,0.645,0.818,0.953,0.011,0.044,0.000,0.355,739.000,727.000,0.011,0.942,0.648,0.812,0.942,0.000,0.058,0.000,0.352,741.000,696.000,0.010,0.941,0.646,0.806,0.959,0.019,0.040,0.000,0.354
757,366,344,0.014,0.939,0.656,0.811,0.957,0.021,0.040,0.000,0.344,696.000,366.000,0.012,0.945,0.645,0.818,0.953,0.011,0.044,0.000,0.355,739.000,727.000,0.011,0.942,0.648,0.812,0.942,0.000,0.058,0.000,0.352,741.000,696.000,0.010,0.941,0.646,0.806,0.959,0.019,0.040,0.000,0.354
758,366,344,0.014,0.939,0.656,0.811,0.957,0.021,0.040,0.000,0.344,696.000,366.000,0.012,0.945,0.645,0.818,0.953,0.011,0.044,0.000,0.355,739.000,727.000,0.011,0.942,0.648,0.812,0.942,0.000,0.058,0.000,0.352,741.000,696.000,0.010,0.941,0.646,0.806,0.959,0.019,0.040,0.000,0.354
759,366,344,0.014,0.939,0.656,0.811,0.957,0.021,0.040,0.000,0.344,696.000,366.000,0.012,0.945,0.645,0.818,0.953,0.011,0.044,0.000,0.355,739.000,727.000,0.011,0.942,0.648,0.812,0.942,0.000,0.058,0.000,0.352,741.000,696.000,0.010,0.941,0.646,0.806,0.959,0.019,0.040,0.000,0.354
760,366,344,0.014,0.939,0.656,0.811,0.957,0.021,0.040,0.000,0.344,696.000,366.000,0.012,0.945,0.645,0.818,0.953,0.011,0.044,0.000,0.355,741.000,696.000,0.010,0.941,0.646,0.806,0.959,0.019,0.040,0.000,0.354,754.000,366.000,0.012,0.929,0.650,0.809,0.950,0.013,0.057,0.000,0.350
761,366,344,0.014,0.939,0.656,0.811,0.957,0.021,0.040,0.000,0.344,696.000,366.000,0.012,0.945,0.645,0.818,0.953,0.011,0.044,0.000,0.355,741.000,696.000,0.010,0.941,0.646,0.806,0.959,0.019,0.040,0.000,0.354,754.000,366.000,0.012,0.929,0.650,0.809,0.950,0.013,0.057,0.000,0.350
762,366,344,0.014,0.939,0.656,0.811,0.957,0.021,0.040,0.000,0.344,696.000,366.000,0.012,0.945,0.645,0.818,0.953,0.011,0.044,0.000,0.355,754.000,366.000,0.012,0.929,0.650,0.809,0.950,0.013,0.057,0.000,0.350,762.000,696.000,0.010,0.969,0.650,0.824,0.936,0.006,0.025,0.000,0.350
763,366,344,0.014,0.939,0.656,0.811,0.957,0.021,0.040,0.000,0.344,696.000,366.000,0.012,0.945,0.645,0.818,0.953,0.011,0.044,0.000,0.355,754.000,366.000,0.012,0.929,0.650,0.809,0.950,0.013,0.057,0.000,0.350,764.000,754.000,0.016,0.951,0.652,0.818,0.943,0.005,0.044,0.000,0.348
764,366,344,0.014,0.939,0.656,0.811,0.957,0.021,0.040,0.000,0.344,696.000,366.000,0.012,0.945,0.645,0.818,0.953,0.011,0.044,0.000,0.355,754.000,366.000,0.012,0.929,0.650,0.809,0.950,0.013,0.057,0.000,0.350,764.000,754.000,0.016,0.951,0.652,0.818,0.943,0.005,0.044,0.000,0.348
765,366,344,0.014,0.939,0.656,0.811,0.957,0.021,0.040,0.000,0.344,696.000,366.000,0.012,0.945,0.645,0.818,0.953,0.011,0.044,0.000,0.355,754.000,366.000,0.012,0.929,0.650,0.809,0.950,0.013,0.057,0.000,0.350,765.000,764.000,0.017,0.937,0.651,0.826,0.960,0.017,0.046,0.000,0.349
766,366,344,0.014,0.939,0.656,0.811,0.957,0.021,0.040,0.000,0.344,696.000,366.000,0.012,0.945,0.645,0.818,0.953,0.011,0.044,0.000,0.355,754.000,366.000,0.012,0.929,0.650,0.809,0.950,0.013,0.057,0.000,0.350,765.000,764.000,0.017,0.937,0.651,0.826,0.960,0.017,0.046,0.000,0.349
767,366,344,0.014,0.939,0.656,0.811,0.957,0.021,0.040,0.000,0.344,696.000,366.000,0.012,0.945,0.645,0.818,0.953,0.011,0.044,0.000,0.355,754.000,366.000,0.012,0.929,0.650,0.809,0.950,0.013,0.057,0.000,0.350,765.000,764.000,0.017,0.937,0.651,0.826,0.960,0.017,0.046,0.000,0.349
768,366,344,0.014,0.939,0.656,0.811,0.957,0.021,0.040,0.000,0.344,696.000,366.000,0.012,0.945,0.645,0.818,0.953,0.011,0.044,0.000,0.355,754.000,366.000,0.012,0.929,0.650,0.809,0.950,0.013,0.057,0.000,0.350,765.000,764.000,0.017,0.937,0.651,0.826,0.960,0.017,0.046,0.000,0.349
769,366,344,0.014,0.939,0.656,0.811,0.957,0.021,0.040,0.000,0.344,696.000,366.000,0.012,0.945,0.645,0.818,0.953,0.011,0.044,0.000,0.355,754.000,366.000,0.012,0.929,0.650,0.809,0.950,0.013,0.057,0.000,0.350,765.000,764.000,0.017,0.937,0.651,0.826,0.960,0.017,0.046,0.000,0.349
770,366,344,0.014,0.939,0.656,0.811,0.957,0.021,0.040,0.000,0.344,696.000,366.000,0.012,0.945,0.645,0.818,0.953,0.011,0.044,0.000,0.355,754.000,366.000,0.012,0.929,0.650,0.809,0.950,0.013,0.057,0.000,0.350,765.000,764.000,0.017,0.937,0.651,0.826,0.960,0.017,0.046,0.000,0.349
771,366,344,0.014,0.939,0.656,0.811,0.957,0.021,0.040,0.000,0.344,696.000,366.000,0.012,0.945,0.645,0.818,0.953,0.011,0.044,0.000,0.355,754.000,366.000,0.012,0.929,0.650,0.809,0.950,0.013,0.057,0.000,0.350,765.000,764.000,0.017,0.937,0.651,0.826,0.960,0.017,0.046,0.000,0.349
772,366,344,0.014,0.939,0.656,0.811,0.957,0.021,0.040,0.000,0.344,696.000,366.000,0.012,0.945,0.645,0.818,0.953,0.011,0.044,0.000,0.355,754.000,366.000,0.012,0.929,0.650,0.809,0.950,0.013,0.057,0.000,0.350,765.000,764.000,0.017,0.937,0.651,0.826,0.960,0.017,0.046,0.000,0.349
773,366,344,0.014,0.939,0.656,0.811,0.957,0.021,0.040,0.000,0.344,696.000,366.000,0.012,0.945,0.645,0.818,0.953,0.011,0.044,0.000,0.355,754.000,366.000,0.012,0.929,0.650,0.809,0.950,0.013,0.057,0.000,0.350,765.000,764.000,0.017,0.937,0.651,0.826,0.960,0.017,0.046,0.000,0.349
774,366,344,0.014,0.939,0.656,0.811,0.957,0.021,0.040,0.000,0.344,696.000,366.000,0.012,0.945,0.645,0.818,0.953,0.011,0.044,0.000,0.355,754.000,366.000,0.012,0.929,0.650,0.809,0.950,0.013,0.057,0.000,0.350,769.000,765.000,0.017,0.944,0.629,0.828,0.962,0.019,0.038,0.009,0.361
775,366,344,0.014,0.939,0.656,0.811,0.957,0.021,0.040,0.000,0.344,696.000,366.000,0.012,0.945,0.645,0.818,0.953,0.011,0.044,0.000,0.355,754.000,366.000,0.012,0.929,0.650,0.809,0.950,0.013,0.057,0.000,0.350,769.000,765.000,0.017,0.944,0.629,0.828,0.962,0.019,0.038,0.009,0.361
776,366,344,0.014,0.939,0.656,0.811,0.957,0.021,0.040,0.000,0.344,696.000,366.000,0.012,0.945,0.645,0.818,0.953,0.011,0.044,0.000,0.355,754.000,366.000,0.012,0.929,0.650,0.809,0.950,0.013,0.057,0.000,0.350,769.000,765.000,0.017,0.944,0.629,0.828,0.962,0.019,0.038,0.009,0.361
777,366,344,0.014,0.939,0.656,0.811,0.957,0.021,0.040,0.000,0.344,696.000,366.000,0.012,0.945,0.645,0.818,0.953,0.011,0.044,0.000,0.355,754.000,366.000,0.012,0.929,0.650,0.809,0.950,0.013,0.057,0.000,0.350,769.000,765.000,0.017,0.944,0.629,0.828,0.962,0.019,0.038,0.009,0.361
778,366,344,0.014,0.939,0.656,0.811,0.957,0.021,0.040,0.000,0.344,696.000,366.000,0.012,0.945,0.645,0.818,0.953,0.011,0.044,0.000,0.355,754.000,366.000,0.012,0.929,0.650,0.809,0.950,0.013,0.057,0.000,0.350,769.000,765.000,0.017,0.944,0.629,0.828,0.962,0.019,0.038,0.009,0.361
779,366,344,0.014,0.939,0.656,0.811,0.957,0.021,0.040,0.000,0.344,696.000,366.000,0.012,0.945,0.645,0.818,0.953,0.011,0.044,0.000,0.355,754.000,366.000,0.012,0.929,0.650,0.809,0.950,0.013,0.057,0.000,0.350,769.000,765.000,0.017,0.944,0.629,0.828,0.962,0.019,0.038,0.009,0.361
780,366,344,0.014,0.939,0.656,0.811,0.957,0.021,0.040,0.000,0.344,696.000,366.000,0.012,0.945,0.645,0.818,0.953,0.011,0.044,0.000,0.355,754.000,366.000,0.012,0.929,0.650,0.809,0.950,0.013,0.057,0.000,0.350,769.000,765.000,0.017,0.944,0.629,0.828,0.962,0.019,0.038,0.009,0.361
781,366,344,0.014,0.939,0.656,0.811,0.957,0.021,0.040,0.000,0.344,696.000,366.000,0.012,0.945,0.645,0.818,0.953,0.011,0.044,0.000,0.355,754.000,366.000,0.012,0.929,0.650,0.809,0.950,0.013,0.057,0.000,0.350,769.000,765.000,0.017,0.944,0.629,0.828,0.962,0.019,0.038,0.009,0.361
782,366,344,0.014,0.939,0.656,0.811,0.957,0.021,0.040,0.000,0.344,696.000,366.000,0.012,0.945,0.645,0.818,0.953,0.011,0.044,0.000,0.355,754.000,366.000,0.012,0.929,0.650,0.809,0.950,0.013,0.057,0.000,0.350,769.000,765.000,0.017,0.944,0.629,0.828,0.962,0.019,0.038,0.009,0.361
783,366,344,0.014,0.939,0.656,0.811,0.957,0.021,0.040,0.000,0.344,696.000,366.000,0.012,0.945,0.645,0.818,0.953,0.011,0.044,0.000,0.355,754.000,366.000,0.012,0.929,0.650,0.809,0.950,0.013,0.057,0.000,0.350,769.000,765.000,0.017,0.944,0.629,0.828,0.962,0.019,0.038,0.009,0.361
784,366,344,0.014,0.939,0.656,0.811,0.957,0.021,0.040,0.000,0.344,696.000,366.000,0.012,0.945,0.645,0.818,0.953,0.011,0.044,0.000,0.355,754.000,366.000,0.012,0.929,0.650,0.809,0.950,0.013,0.057,0.000,0.350,769.000,765.000,0.017,0.944,0.629,0.828,0.962,0.019,0.038,0.009,0.361
785,366,344,0.014,0.939,0.656,0.811,0.957,0.021,0.040,0.000,0.344,696.000,366.000,0.012,0.945,0.645,0.818,0.953,0.011,0.044,0.000,0.355,754.000,366.000,0.012,0.929,0.650,0.809,0.950,0.013,0.057,0.000,0.350,769.000,765.000,0.017,0.944,0.629,0.828,0.962,0.019,0.038,0.009,0.361
786,366,344,0.014,0.939,0.656,0.811,0.957,0.021,0.040,0.000,0.344,696.000,366.000,0.012,0.945,0.645,0.818,0.953,0.011,0.044,0.000,0.355,754.000,366.000,0.012,0.929,0.650,0.809,0.950,0.013,0.057,0.000,0.350,769.000,765.000,0.017,0.944,0.629,0.828,0.962,0.019,0.038,0.009,0.361
787,366,344,0.014,0.939,0.656,0.811,0.957,0.021,0.040,0.000,0.344,696.000,366.000,0.012,0.945,0.645,0.818,0.953,0.011,0.044,0.000,0.355,754.000,366.000,0.012,0.929,0.650,0.809,0.950,0.013,0.057,0.000,0.350,769.000,765.000,0.017,0.944,0.629,0.828,0.962,0.019,0.038,0.009,0.361
788,366,344,0.014,0.939,0.656,0.811,0.957,0.021,0.040,0.000,0.344,696.000,366.000,0.012,0.945,0.645,0.818,0.953,0.011,0.044,0.000,0.355,754.000,366.000,0.012,0.929,0.650,0.809,0.950,0.013,0.057,0.000,0.350,769.000,765.000,0.017,0.944,0.629,0.828,0.962,0.019,0.038,0.009,0.361
789,366,344,0.014,0.939,0.656,0.811,0.957,0.021,0.040,0.000,0.344,696.000,366.000,0.012,0.945,0.645,0.818,0.953,0.011,0.044,0.000,0.355,754.000,366.000,0.012,0.929,0.650,0.809,0.950,0.013,0.057,0.000,0.350,774.000,769.000,0.014,0.948,0.615,0.835,0.960,0.011,0.041,0.004,0.381
790,366,344,0.014,0.939,0.656,0.811,0.957,0.021,0.040,0.000,0.344,696.000,366.000,0.012,0.945,0.645,0.818,0.953,0.011,0.044,0.000,0.355,754.000,366.000,0.012,0.929,0.650,0.809,0.950,0.013,0.057,0.000,0.350,784.000,774.000,0.011,0.947,0.620,0.830,0.946,0.012,0.042,0.000,0.380
791,366,344,0.014,0.939,0.656,0.811,0.957,0.021,0.040,0.000,0.344,696.000,366.000,0.012,0.945,0.645,0.818,0.953,0.011,0.044,0.000,0.355,754.000,366.000,0.012,0.929,0.650,0.809,0.950,0.013,0.057,0.000,0.350,784.000,774.000,0.011,0.947,0.620,0.830,0.946,0.012,0.042,0.000,0.380
792,366,344,0.014,0.939,0.656,0.811,0.957,0.021,0.040,0.000,0.344,696.000,366.000,0.012,0.945,0.645,0.818,0.953,0.011,0.044,0.000,0.355,754.000,366.000,0.012,0.929,0.650,0.809,0.950,0.013,0.057,0.000,0.350,785.000,696.000,0.015,0.959,0.647,0.831,0.956,0.012,0.029,0.000,0.353
793,366,344,0.014,0.939,0.656,0.811,0.957,0.021,0.040,0.000,0.344,696.000,366.000,0.012,0.945,0.645,0.818,0.953,0.011,0.044,0.000,0.355,754.000,366.000,0.012,0.929,0.650,0.809,0.950,0.013,0.057,0.000,0.350,785.000,696.000,0.015,0.959,0.647,0.831,0.956,0.012,0.029,0.000,0.353
794,366,344,0.014,0.939,0.656,0.811,0.957,0.021,0.040,0.000,0.344,696.000,366.000,0.012,0.945,0.645,0.818,0.953,0.011,0.044,0.000,0.355,754.000,366.000,0.012,0.929,0.650,0.809,0.950,0.013,0.057,0.000,0.350,785.000,696.000,0.015,0.959,0.647,0.831,0.956,0.012,0.029,0.000,0.353
795,366,344,0.014,0.939,0.656,0.811,0.957,0.021,0.040,0.000,0.344,696.000,366.000,0.012,0.945,0.645,0.818,0.953,0.011,0.044,0.000,0.355,754.000,366.000,0.012,0.929,0.650,0.809,0.950,0.013,0.057,0.000,0.350,785.000,696.000,0.015,0.959,0.647,0.831,0.956,0.012,0.029,0.000,0.353
796,366,344,0.014,0.939,0.656,0.811,0.957,0.021,0.040,0.000,0.344,696.000,366.000,0.012,0.945,0.645,0.818,0.953,0.011,0.044,0.000,0.355,754.000,366.000,0.012,0.929,0.650,0.809,0.950,0.013,0.057,0.000,0.350,785.000,696.000,0.015,0.959,0.647,0.831,0.956,0.012,0.029,0.000,0.353
797,366,344,0.014,0.939,0.656,0.811,0.957,0.021,0.040,0.000,0.344,696.000,366.000,0.012,0.945,0.645,0.818,0.953,0.011,0.044,0.000,0.355,785.000,696.000,0.015,0.959,0.647,0.831,0.956,0.012,0.029,0.000,0.353,797.000,785.000,0.012,0.968,0.635,0.811,0.958,0.018,0.014,0.000,0.365
798,366,344,0.014,0.939,0.656,0.811,0.957,0.021,0.040,0.000,0.344,696.000,366.000,0.012,0.945,0.645,0.818,0.953,0.011,0.044,0.000,0.355,785.000,696.000,0.015,0.959,0.647,0.831,0.956,0.012,0.029,0.000,0.353,797.000,785.000,0.012,0.968,0.635,0.811,0.958,0.018,0.014,0.000,0.365
799,366,344,0.014,0.939,0.656,0.811,0.957,0.021,0.040,0.000,0.344,696.000,366.000,0.012,0.945,0.645,0.818,0.953,0.011,0.044,0.000,0.355,785.000,696.000,0.015,0.959,0.647,0.831,0.956,0.012,0.029,0.000,0.353,797.000,785.000,0.012,0.968,0.635,0.811,0.958,0.018,0.014,0.000,0.365
800,366,344,0.014,0.939,0.656,0.811,0.957,0.021,0.040,0.000,0.344,696.000,366.000,0.012,0.945,0.645,0.818,0.953,0.011,0.044,0.000,0.355,785.000,696.000,0.015,0.959,0.647,0.831,0.956,0.012,0.029,0.000,0.353,797.000,785.000,0.012,0.968,0.635,0.811,0.958,0.018,0.014,0.000,0.365
801,366,344,0.014,0.939,0.656,0.811,0.957,0.021,0.040,0.000,0.344,696.000,366.000,0.012,0.945,0.645,0.818,0.953,0.011,0.044,0.000,0.355,785.000,696.000,0.015,0.959,0.647,0.831,0.956,0.012,0.029,0.000,0.353,797.000,785.000,0.012,0.968,0.635,0.811,0.958,0.018,0.014,0.000,0.365
802,366,344,0.014,0.939,0.656,0.811,0.957,0.021,0.040,0.000,0.344,696.000,366.000,0.012,0.945,0.645,0.818,0.953,0.011,0.044,0.000,0.355,785.000,696.000,0.015,0.959,0.647,0.831,0.956,0.012,0.029,0.000,0.353,797.000,785.000,0.012,0.968,0.635,0.811,0.958,0.018,0.014,0.000,0.365
803,366,344,0.014,0.939,0.656,0.811,0.957,0.021,0.040,0.000,0.344,696.000,366.000,0.012,0.945,0.645,0.818,0.953,0.011,0.044,0.000,0.355,785.000,696.000,0.015,0.959,0.647,0.831,0.956,0.012,0.029,0.000,0.353,797.000,785.000,0.012,0.968,0.635,0.811,0.958,0.018,0.014,0.000,0.365
804,366,344,0.014,0.939,0.656,0.811,0.957,0.021,0.040,0.000,0.344,696.000,366.000,0.012,0.945,0.645,0.818,0.953,0.011,0.044,0.000,0.355,785.000,696.000,0.015,0.959,0.647,0.831,0.956,0.012,0.029,0.000,0.353,797.000,785.000,0.012,0.968,0.635,0.811,0.958,0.018,0.014,0.000,0.365
805,366,344,0.014,0.939,0.656,0.811,0.957,0.021,0.040,0.000,0.344,696.000,366.000,0.012,0.945,0.645,0.818,0.953,0.011,0.044,0.000,0.355,785.000,696.000,0.015,0.959,0.647,0.831,0.956,0.012,0.029,0.000,0.353,797.000,785.000,0.012,0.968,0.635,0.811,0.958,0.018,0.014,0.000,0.365
806,366,344,0.014,0.939,0.656,0.811,0.957,0.021,0.040,0.000,0.344,696.000,366.000,0.012,0.945,0.645,0.818,0.953,0.011,0.044,0.000,0.355,785.000,696.000,0.015,0.959,0.647,0.831,0.956,0.012,0.029,0.000,0.353,797.000,785.000,0.012,0.968,0.635,0.811,0.958,0.018,0.014,0.000,0.365
807,366,344,0.014,0.939,0.656,0.811,0.957,0.021,0.040,0.000,0.344,696.000,366.000,0.012,0.945,0.645,0.818,0.953,0.011,0.044,0.000,0.355,785.000,696.000,0.015,0.959,0.647,0.831,0.956,0.012,0.029,0.000,0.353,797.000,785.000,0.012,0.968,0.635,0.811,0.958,0.018,0.014,0.000,0.365
808,366,344,0.014,0.939,0.656,0.811,0.957,0.021,0.040,0.000,0.344,696.000,366.000,0.012,0.945,0.645,0.818,0.953,0.011,0.044,0.000,0.355,785.000,696.000,0.015,0.959,0.647,0.831,0.956,0.012,0.029,0.000,0.353,797.000,785.000,0.012,0.968,0.635,0.811,0.958,0.018,0.014,0.000,0.365
809,366,344,0.014,0.939,0.656,0.811,0.957,0.021,0.040,0.000,0.344,696.000,366.000,0.012,0.945,0.645,0.818,0.953,0.011,0.044,0.000,0.355,785.000,696.000,0.015,0.959,0.647,0.831,0.956,0.012,0.029,0.000,0.353,797.000,785.000,0.012,0.968,0.635,0.811,0.958,0.018,0.014,0.000,0.365
810,366,344,0.014,0.939,0.656,0.811,0.957,0.021,0.040,0.000,0.344,696.000,366.000,0.012,0.945,0.645,0.818,0.953,0.011,0.044,0.000,0.355,785.000,696.000,0.015,0.959,0.647,0.831,0.956,0.012,0.029,0.000,0.353,797.000,785.000,0.012,0.968,0.635,0.811,0.958,0.018,0.014,0.000,0.365
811,366,344,0.014,0.939,0.656,0.811,0.957,0.021,0.040,0.000,0.344,696.000,366.000,0.012,0.945,0.645,0.818,0.953,0.011,0.044,0.000,0.355,785.000,696.000,0.015,0.959,0.647,0.831,0.956,0.012,0.029,0.000,0.353,797.000,785.000,0.012,0.968,0.635,0.811,0.958,0.018,0.014,0.000,0.365
812,366,344,0.014,0.939,0.656,0.811,0.957,0.021,0.040,0.000,0.344,696.000,366.000,0.012,0.945,0.645,0.818,0.953,0.011,0.044,0.000,0.355,785.000,696.000,0.015,0.959,0.647,0.831,0.956,0.012,0.029,0.000,0.353,797.000,785.000,0.012,0.968,0.635,0.811,0.958,0.018,0.014,0.000,0.365
813,366,344,0.014,0.939,0.656,0.811,0.957,0.021,0.040,0.000,0.344,696.000,366.000,0.012,0.945,0.645,0.818,0.953,0.011,0.044,0.000,0.355,797.000,785.000,0.012,0.968,0.635,0.811,0.958,0.018,0.014,0.000,0.365,,,,,,,,,,,
814,366,344,0.014,0.939,0.656,0.811,0.957,0.021,0.040,0.000,0.344,696.000,366.000,0.012,0.945,0.645,0.818,0.953,0.011,0.044,0.000,0.355,797.000,785.000,0.012,0.968,0.635,0.811,0.958,0.018,0.014,0.000,0.365,815.000,366.000,0.009,0.939,0.645,0.809,0.952,0.030,0.032,0.000,0.355
815,366,344,0.014,0.939,0.656,0.811,0.957,0.021,0.040,0.000,0.344,696.000,366.000,0.012,0.945,0.645,0.818,0.953,0.011,0.044,0.000,0.355,797.000,785.000,0.012,0.968,0.635,0.811,0.958,0.018,0.014,0.000,0.365,815.000,366.000,0.009,0.939,0.645,0.809,0.952,0.030,0.032,0.000,0.355
816,366,344,0.014,0.939,0.656,0.811,0.957,0.021,0.040,0.000,0.344,696.000,366.000,0.012,0.945,0.645,0.818,0.953,0.011,0.044,0.000,0.355,797.000,785.000,0.012,0.968,0.635,0.811,0.958,0.018,0.014,0.000,0.365,815.000,366.000,0.009,0.939,0.645,0.809,0.952,0.030,0.032,0.000,0.355
817,366,344,0.014,0.939,0.656,0.811,0.957,0.021,0.040,0.000,0.344,696.000,366.000,0.012,0.945,0.645,0.818,0.953,0.011,0.044,0.000,0.355,797.000,785.000,0.012,0.968,0.635,0.811,0.958,0.018,0.014,0.000,0.365,815.000,366.000,0.009,0.939,0.645,0.809,0.952,0.030,0.032,0.000,0.355
818,366,344,0.014,0.939,0.656,0.811,0.957,0.021,0.040,0.000,0.344,696.000,366.000,0.012,0.945,0.645,0.818,0.953,0.011,0.044,0.000,0.355,797.000,785.000,0.012,0.968,0.635,0.811,0.958,0.018,0.014,0.000,0.365,815.000,366.000,0.009,0.939,0.645,0.809,0.952,0.030,0.032,0.000,0.355
819,366,344,0.014,0.939,0.656,0.811,0.957,0.021,0.040,0.000,0.344,696.000,366.000,0.012,0.945,0.645,0.818,0.953,0.011,0.044,0.000,0.355,797.000,785.000,0.012,0.968,0.635,0.811,0.958,0.018,0.014,0.000,0.365,815.000,366.000,0.009,0.939,0.645,0.809,0.952,0.030,0.032,0.000,0.355
820,366,344,0.014,0.939,0.656,0.811,0.957,0.021,0.040,0.000,0.344,696.000,366.000,0.012,0.945,0.645,0.818,0.953,0.011,0.044,0.000,0.355,797.000,785.000,0.012,0.968,0.635,0.811,0.958,0.018,0.014,0.000,0.365,821.000,815.000,0.018,0.927,0.653,0.823,0.954,0.035,0.038,0.001,0.346
821,366,344,0.014,0.939,0.656,0.811,0.957,0.021,0.040,0.000,0.344,696.000,366.000,0.012,0.945,0.645,0.818,0.953,0.011,0.044,0.000,0.355,797.000,785.000,0.012,0.968,0.635,0.811,0.958,0.018,0.014,0.000,0.365,821.000,815.000,0.018,0.927,0.653,0.823,0.954,0.035,0.038,0.001,0.346
822,366,344,0.014,0.939,0.656,0.811,0.957,0.021,0.040,0.000,0.344,696.000,366.000,0.012,0.945,0.645,0.818,0.953,0.011,0.044,0.000,0.355,797.000,785.000,0.012,0.968,0.635,0.811,0.958,0.018,0.014,0.000,0.365,821.000,815.000,0.018,0.927,0.653,0.823,0.954,0.035,0.038,0.001,0.346
823,366,344,0.014,0.939,0.656,0.811,0.957,0.021,0.040,0.000,0.344,696.000,366.000,0.012,0.945,0.645,0.818,0.953,0.011,0.044,0.000,0.355,797.000,785.000,0.012,0.968,0.635,0.811,0.958,0.018,0.014,0.000,0.365,821.000,815.000,0.018,0.927,0.653,0.823,0.954,0.035,0.038,0.001,0.346
824,366,344,0.014,0.939,0.656,0.811,0.957,0.021,0.040,0.000,0.344,696.000,366.000,0.012,0.945,0.645,0.818,0.953,0.011,0.044,0.000,0.355,797.000,785.000,0.012,0.968,0.635,0.811,0.958,0.018,0.014,0.000,0.365,821.000,815.000,0.018,0.927,0.653,0.823,0.954,0.035,0.038,0.001,0.346
825,366,344,0.014,0.939,0.656,0.811,0.957,0.021,0.040,0.000,0.344,696.000,366.000,0.012,0.945,0.645,0.818,0.953,0.011,0.044,0.000,0.355,797.000,785.000,0.012,0.968,0.635,0.811,0.958,0.018,0.014,0.000,0.365,821.000,815.000,0.018,0.927,0.653,0.823,0.954,0.035,0.038,0.001,0.346
826,366,344,0.014,0.939,0.656,0.811,0.957,0.021,0.040,0.000,0.344,696.000,366.000,0.012,0.945,0.645,0.818,0.953,0.011,0.044,0.000,0.355,797.000,785.000,0.012,0.968,0.635,0.811,0.958,0.018,0.014,0.000,0.365,821.000,815.000,0.018,0.927,0.653,0.823,0.954,0.035,0.038,0.001,0.346
827,366,344,0.014,0.939,0.656,0.811,0.957,0.021,0.040,0.000,0.344,696.000,366.000,0.012,0.945,0.645,0.818,0.953,0.011,0.044,0.000,0.355,797.000,785.000,0.012,0.968,0.635,0.811,0.958,0.018,0.014,0.000,0.365,821.000,815.000,0.018,0.927,0.653,0.823,0.954,0.035,0.038,0.001,0.346
828,366,344,0.014,0.939,0.656,0.811,0.957,0.021,0.040,0.000,0.344,696.000,366.000,0.012,0.945,0.645,0.818,0.953,0.011,0.044,0.000,0.355,797.000,785.000,0.012,0.968,0.635,0.811,0.958,0.018,0.014,0.000,0.365,821.000,815.000,0.018,0.927,0.653,0.823,0.954,0.035,0.038,0.001,0.346
829,366,344,0.014,0.939,0.656,0.811,0.957,0.021,0.040,0.000,0.344,696.000,366.000,0.012,0.945,0.645,0.818,0.953,0.011,0.044,0.000,0.355,797.000,785.000,0.012,0.968,0.635,0.811,0.958,0.018,0.014,0.000,0.365,822.000,797.000,0.011,0.964,0.635,0.808,0.960,0.017,0.019,0.000,0.365
830,366,344,0.014,0.939,0.656,0.811,0.957,0.021,0.040,0.000,0.344,696.000,366.000,0.012,0.945,0.645,0.818,0.953,0.011,0.044,0.000,0.355,797.000,785.000,0.012,0.968,0.635,0.811,0.958,0.018,0.014,0.000,0.365,822.000,797.000,0.011,0.964,0.635,0.808,0.960,0.017,0.019,0.000,0.365
831,366,344,0.014,0.939,0.656,0.811,0.957,0.021,0.040,0.000,0.344,696.000,366.000,0.012,0.945,0.645,0.818,0.953,0.011,0.044,0.000,0.355,797.000,785.000,0.012,0.968,0.635,0.811,0.958,0.018,0.014,0.000,0.365,822.000,797.000,0.011,0.964,0.635,0.808,0.960,0.017,0.019,0.000,0.365
832,366,344,0.014,0.939,0.656,0.811,0.957,0.021,0.040,0.000,0.344,696.000,366.000,0.012,0.945,0.645,0.818,0.953,0.011,0.044,0.000,0.355,797.000,785.000,0.012,0.968,0.635,0.811,0.958,0.018,0.014,0.000,0.365,822.000,797.000,0.011,0.964,0.635,0.808,0.960,0.017,0.019,0.000,0.365
833,366,344,0.014,0.939,0.656,0.811,0.957,0.021,0.040,0.000,0.344,696.000,366.000,0.012,0.945,0.645,0.818,0.953,0.011,0.044,0.000,0.355,797.000,785.000,0.012,0.968,0.635,0.811,0.958,0.018,0.014,0.000,0.365,822.000,797.000,0.011,0.964,0.635,0.808,0.960,0.017,0.019,0.000,0.365
834,366,344,0.014,0.939,0.656,0.811,0.957,0.021,0.040,0.000,0.344,696.000,366.000,0.012,0.945,0.645,0.818,0.953,0.011,0.044,0.000,0.355,797.000,785.000,0.012,0.968,0.635,0.811,0.958,0.018,0.014,0.000,0.365,822.000,797.000,0.011,0.964,0.635,0.808,0.960,0.017,0.019,0.000,0.365
835,366,344,0.014,0.939,0.656,0.811,0.957,0.021,0.040,0.000,0.344,696.000,366.000,0.012,0.945,0.645,0.818,0.953,0.011,0.044,0.000,0.355,797.000,785.000,0.012,0.968,0.635,0.811,0.958,0.018,0.014,0.000,0.365,822.000,797.000,0.011,0.964,0.635,0.808,0.960,0.017,0.019,0.000,0.365
836,366,344,0.014,0.939,0.656,0.811,0.957,0.021,0.040,0.000,0.344,696.000,366.000,0.012,0.945,0.645,0.818,0.953,0.011,0.044,0.000,0.355,797.000,785.000,0.012,0.968,0.635,0.811,0.958,0.018,0.014,0.000,0.365,822.000,797.000,0.011,0.964,0.635,0.808,0.960,0.017,0.019,0.000,0.365
837,366,344,0.014,0.939,0.656,0.811,0.957,0.021,0.040,0.000,0.344,696.000,366.000,0.012,0.945,0.645,0.818,0.953,0.011,0.044,0.000,0.355,797.000,785.000,0.012,0.968,0.635,0.811,0.958,0.018,0.014,0.000,0.365,822.000,797.000,0.011,0.964,0.635,0.808,0.960,0.017,0.019,0.000,0.365
838,366,344,0.014,0.939,0.656,0.811,0.957,0.021,0.040,0.000,0.344,696.000,366.000,0.012,0.945,0.645,0.818,0.953,0.011,0.044,0.000,0.355,797.000,785.000,0.012,0.968,0.635,0.811,0.958,0.018,0.014,0.000,0.365,822.000,797.000,0.011,0.964,0.635,0.808,0.960,0.017,0.019,0.000,0.365
839,366,344,0.014,0.939,0.656,0.811,0.957,0.021,0.040,0.000,0.344,696.000,366.000,0.012,0.945,0.645,0.818,0.953,0.011,0.044,0.000,0.355,797.000,785.000,0.012,0.968,0.635,0.811,0.958,0.018,0.014,0.000,0.365,822.000,797.000,0.011,0.964,0.635,0.808,0.960,0.017,0.019,0.000,0.365
840,366,344,0.014,0.939,0.656,0.811,0.957,0.021,0.040,0.000,0.344,696.000,366.000,0.012,0.945,0.645,0.818,0.953,0.011,0.044,0.000,0.355,797.000,785.000,0.012,0.968,0.635,0.811,0.958,0.018,0.014,0.000,0.365,822.000,797.000,0.011,0.964,0.635,0.808,0.960,0.017,0.019,0.000,0.365
841,366,344,0.014,0.939,0.656,0.811,0.957,0.021,0.040,0.000,0.344,696.000,366.000,0.012,0.945,0.645,0.818,0.953,0.011,0.044,0.000,0.355,797.000,785.000,0.012,0.968,0.635,0.811,0.958,0.018,0.014,0.000,0.365,822.000,797.000,0.011,0.964,0.635,0.808,0.960,0.017,0.019,0.000,0.365
842,366,344,0.014,0.939,0.656,0.811,0.957,0.021,0.040,0.000,0.344,696.000,366.000,0.012,0.945,0.645,0.818,0.953,0.011,0.044,0.000,0.355,797.000,785.000,0.012,0.968,0.635,0.811,0.958,0.018,0.014,0.000,0.365,822.000,797.000,0.011,0.964,0.635,0.808,0.960,0.017,0.019,0.000,0.365
843,366,344,0.014,0.939,0.656,0.811,0.957,0.021,0.040,0.000,0.344,696.000,366.000,0.012,0.945,0.645,0.818,0.953,0.011,0.044,0.000,0.355,797.000,785.000,0.012,0.968,0.635,0.811,0.958,0.018,0.014,0.000,0.365,822.000,797.000,0.011,0.964,0.635,0.808,0.960,0.017,0.019,0.000,0.365
844,366,344,0.014,0.939,0.656,0.811,0.957,0.021,0.040,0.000,0.344,696.000,366.000,0.012,0.945,0.645,0.818,0.953,0.011,0.044,0.000,0.355,797.000,785.000,0.012,0.968,0.635,0.811,0.958,0.018,0.014,0.000,0.365,822.000,797.000,0.011,0.964,0.635,0.808,0.960,0.017,0.019,0.000,0.365
845,366,344,0.014,0.939,0.656,0.811,0.957,0.021,0.040,0.000,0.344,696.000,366.000,0.012,0.945,0.645,0.818,0.953,0.011,0.044,0.000,0.355,797.000,785.000,0.012,0.968,0.635,0.811,0.958,0.018,0.014,0.000,0.365,822.000,797.000,0.011,0.964,0.635,0.808,0.960,0.017,0.019,0.000,0.365
846,366,344,0.014,0.939,0.656,0.811,0.957,0.021,0.040,0.000,0.344,696.000,366.000,0.012,0.945,0.645,0.818,0.953,0.011,0.044,0.000,0.355,797.000,785.000,0.012,0.968,0.635,0.811,0.958,0.018,0.014,0.000,0.365,822.000,797.000,0.011,0.964,0.635,0.808,0.960,0.017,0.019,0.000,0.365
847,366,344,0.014,0.939,0.656,0.811,0.957,0.021,0.040,0.000,0.344,696.000,366.000,0.012,0.945,0.645,0.818,0.953,0.011,0.044,0.000,0.355,797.000,785.000,0.012,0.968,0.635,0.811,0.958,0.018,0.014,0.000,0.365,822.000,797.000,0.011,0.964,0.635,0.808,0.960,0.017,0.019,0.000,0.365
848,366,344,0.014,0.939,0.656,0.811,0.957,0.021,0.040,0.000,0.344,696.000,366.000,0.012,0.945,0.645,0.818,0.953,0.011,0.044,0.000,0.355,797.000,785.000,0.012,0.968,0.635,0.811,0.958,0.018,0.014,0.000,0.365,822.000,797.000,0.011,0.964,0.635,0.808,0.960,0.017,0.019,0.000,0.365
849,366,344,0.014,0.939,0.656,0.811,0.957,0.021,0.040,0.000,0.344,696.000,366.000,0.012,0.945,0.645,0.818,0.953,0.011,0.044,0.000,0.355,797.000,785.000,0.012,0.968,0.635,0.811,0.958,0.018,0.014,0.000,0.365,822.000,797.000,0.011,0.964,0.635,0.808,0.960,0.017,0.019,0.000,0.365
850,366,344,0.014,0.939,0.656,0.811,0.957,0.021,0.040,0.000,0.344,696.000,366.000,0.012,0.945,0.645,0.818,0.953,0.011,0.044,0.000,0.355,797.000,785.000,0.012,0.968,0.635,0.811,0.958,0.018,0.014,0.000,0.365,822.000,797.000,0.011,0.964,0.635,0.808,0.960,0.017,0.019,0.000,0.365
851,366,344,0.014,0.939,0.656,0.811,0.957,0.021,0.040,0.000,0.344,696.000,366.000,0.012,0.945,0.645,0.818,0.953,0.011,0.044,0.000,0.355,797.000,785.000,0.012,0.968,0.635,0.811,0.958,0.018,0.014,0.000,0.365,822.000,797.000,0.011,0.964,0.635,0.808,0.960,0.017,0.019,0.000,0.365
852,366,344,0.014,0.939,0.656,0.811,0.957,0.021,0.040,0.000,0.344,696.000,366.000,0.012,0.945,0.645,0.818,0.953,0.011,0.044,0.000,0.355,797.000,785.000,0.012,0.968,0.635,0.811,0.958,0.018,0.014,0.000,0.365,822.000,797.000,0.011,0.964,0.635,0.808,0.960,0.017,0.019,0.000,0.365
853,366,344,0.014,0.939,0.656,0.811,0.957,0.021,0.040,0.000,0.344,696.000,366.000,0.012,0.945,0.645,0.818,0.953,0.011,0.044,0.000,0.355,797.000,785.000,0.012,0.968,0.635,0.811,0.958,0.018,0.014,0.000,0.365,822.000,797.000,0.011,0.964,0.635,0.808,0.960,0.017,0.019,0.000,0.365
854,366,344,0.014,0.939,0.656,0.811,0.957,0.021,0.040,0.000,0.344,696.000,366.000,0.012,0.945,0.645,0.818,0.953,0.011,0.044,0.000,0.355,797.000,785.000,0.012,0.968,0.635,0.811,0.958,0.018,0.014,0.000,0.365,836.000,696.000,0.010,0.954,0.642,0.819,0.957,0.016,0.030,0.000,0.358
855,366,344,0.014,0.939,0.656,0.811,0.957,0.021,0.040,0.000,0.344,696.000,366.000,0.012,0.945,0.645,0.818,0.953,0.011,0.044,0.000,0.355,797.000,785.000,0.012,0.968,0.635,0.811,0.958,0.018,0.014,0.000,0.365,836.000,696.000,0.010,0.954,0.642,0.819,0.957,0.016,0.030,0.000,0.358
856,366,344,0.014,0.939,0.656,0.811,0.957,0.021,0.040,0.000,0.344,696.000,366.000,0.012,0.945,0.645,0.818,0.953,0.011,0.044,0.000,0.355,797.000,785.000,0.012,0.968,0.635,0.811,0.958,0.018,0.014,0.000,0.365,836.000,696.000,0.010,0.954,0.642,0.819,0.957,0.016,0.030,0.000,0.358
857,366,344,0.014,0.939,0.656,0.811,0.957,0.021,0.040,0.000,0.344,696.000,366.000,0.012,0.945,0.645,0.818,0.953,0.011,0.044,0.000,0.355,797.000,785.000,0.012,0.968,0.635,0.811,0.958,0.018,0.014,0.000,0.365,836.000,696.000,0.010,0.954,0.642,0.819,0.957,0.016,0.030,0.000,0.358
858,366,344,0.014,0.939,0.656,0.811,0.957,0.021,0.040,0.000,0.344,696.000,366.000,0.012,0.945,0.645,0.818,0.953,0.011,0.044,0.000,0.355,797.000,785.000,0.012,0.968,0.635,0.811,0.958,0.018,0.014,0.000,0.365,836.000,696.000,0.010,0.954,0.642,0.819,0.957,0.016,0.030,0.000,0.358
859,366,344,0.014,0.939,0.656,0.811,0.957,0.021,0.040,0.000,0.344,696.000,366.000,0.012,0.945,0.645,0.818,0.953,0.011,0.044,0.000,0.355,797.000,785.000,0.012,0.968,0.635,0.811,0.958,0.018,0.014,0.000,0.365,836.000,696.000,0.010,0.954,0.642,0.819,0.957,0.016,0.030,0.000,0.358
860,366,344,0.014,0.939,0.656,0.811,0.957,0.021,0.040,0.000,0.344,696.000,366.000,0.012,0.945,0.645,0.818,0.953,0.011,0.044,0.000,0.355,797.000,785.000,0.012,0.968,0.635,0.811,0.958,0.018,0.014,0.000,0.365,836.000,696.000,0.010,0.954,0.642,0.819,0.957,0.016,0.030,0.000,0.358
861,366,344,0.014,0.939,0.656,0.811,0.957,0.021,0.040,0.000,0.344,696.000,366.000,0.012,0.945,0.645,0.818,0.953,0.011,0.044,0.000,0.355,797.000,785.000,0.012,0.968,0.635,0.811,0.958,0.018,0.014,0.000,0.365,836.000,696.000,0.010,0.954,0.642,0.819,0.957,0.016,0.030,0.000,0.358
862,366,344,0.014,0.939,0.656,0.811,0.957,0.021,0.040,0.000,0.344,696.000,366.000,0.012,0.945,0.645,0.818,0.953,0.011,0.044,0.000,0.355,797.000,785.000,0.012,0.968,0.635,0.811,0.958,0.018,0.014,0.000,0.365,836.000,696.000,0.010,0.954,0.642,0.819,0.957,0.016,0.030,0.000,0.358
863,366,344,0.014,0.939,0.656,0.811,0.957,0.021,0.040,0.000,0.344,696.000,366.000,0.012,0.945,0.645,0.818,0.953,0.011,0.044,0.000,0.355,797.000,785.000,0.012,0.968,0.635,0.811,0.958,0.018,0.014,0.000,0.365,836.000,696.000,0.010,0.954,0.642,0.819,0.957,0.016,0.030,0.000,0.358
864,366,344,0.014,0.939,0.656,0.811,0.957,0.021,0.040,0.000,0.344,696.000,366.000,0.012,0.945,0.645,0.818,0.953,0.011,0.044,0.000,0.355,797.000,785.000,0.012,0.968,0.635,0.811,0.958,0.018,0.014,0.000,0.365,836.000,696.000,0.010,0.954,0.642,0.819,0.957,0.016,0.030,0.000,0.358
865,366,344,0.014,0.939,0.656,0.811,0.957,0.021,0.040,0.000,0.344,696.000,366.000,0.012,0.945,0.645,0.818,0.953,0.011,0.044,0.000,0.355,797.000,785.000,0.012,0.968,0.635,0.811,0.958,0.018,0.014,0.000,0.365,836.000,696.000,0.010,0.954,0.642,0.819,0.957,0.016,0.030,0.000,0.358
866,366,344,0.014,0.939,0.656,0.811,0.957,0.021,0.040,0.000,0.344,696.000,366.000,0.012,0.945,0.645,0.818,0.953,0.011,0.044,0.000,0.355,797.000,785.000,0.012,0.968,0.635,0.811,0.958,0.018,0.014,0.000,0.365,836.000,696.000,0.010,0.954,0.642,0.819,0.957,0.016,0.030,0.000,0.358
867,366,344,0.014,0.939,0.656,0.811,0.957,0.021,0.040,0.000,0.344,696.000,366.000,0.012,0.945,0.645,0.818,0.953,0.011,0.044,0.000,0.355,797.000,785.000,0.012,0.968,0.635,0.811,0.958,0.018,0.014,0.000,0.365,836.000,696.000,0.010,0.954,0.642,0.819,0.957,0.016,0.030,0.000,0.358
868,366,344,0.014,0.939,0.656,0.811,0.957,0.021,0.040,0.000,0.344,696.000,366.000,0.012,0.945,0.645,0.818,0.953,0.011,0.044,0.000,0.355,797.000,785.000,0.012,0.968,0.635,0.811,0.958,0.018,0.014,0.000,0.365,836.000,696.000,0.010,0.954,0.642,0.819,0.957,0.016,0.030,0.000,0.358
869,366,344,0.014,0.939,0.656,0.811,0.957,0.021,0.040,0.000,0.344,696.000,366.000,0.012,0.945,0.645,0.818,0.953,0.011,0.044,0.000,0.355,797.000,785.000,0.012,0.968,0.635,0.811,0.958,0.018,0.014,0.000,0.365,836.000,696.000,0.010,0.954,0.642,0.819,0.957,0.016,0.030,0.000,0.358
870,366,344,0.014,0.939,0.656,0.811,0.957,0.021,0.040,0.000,0.344,696.000,366.000,0.012,0.945,0.645,0.818,0.953,0.011,0.044,0.000,0.355,836.000,696.000,0.010,0.954,0.642,0.819,0.957,0.016,0.030,0.000,0.358,855.000,844.000,0.016,0.912,0.651,0.819,0.952,0.034,0.054,0.000,0.349
871,366,344,0.014,0.939,0.656,0.811,0.957,0.021,0.040,0.000,0.344,696.000,366.000,0.012,0.945,0.645,0.818,0.953,0.011,0.044,0.000,0.355,836.000,696.000,0.010,0.954,0.642,0.819,0.957,0.016,0.030,0.000,0.358,855.000,844.000,0.016,0.912,0.651,0.819,0.952,0.034,0.054,0.000,0.349
872,366,344,0.014,0.939,0.656,0.811,0.957,0.021,0.040,0.000,0.344,696.000,366.000,0.012,0.945,0.645,0.818,0.953,0.011,0.044,0.000,0.355,855.000,844.000,0.016,0.912,0.651,0.819,0.952,0.034,0.054,0.000,0.349,857.000,696.000,0.016,0.951,0.642,0.818,0.946,0.022,0.027,0.000,0.358
873,366,344,0.014,0.939,0.656,0.811,0.957,0.021,0.040,0.000,0.344,696.000,366.000,0.012,0.945,0.645,0.818,0.953,0.011,0.044,0.000,0.355,855.000,844.000,0.016,0.912,0.651,0.819,0.952,0.034,0.054,0.000,0.349,857.000,696.000,0.016,0.951,0.642,0.818,0.946,0.022,0.027,0.000,0.358
874,366,344,0.014,0.939,0.656,0.811,0.957,0.021,0.040,0.000,0.344,696.000,366.000,0.012,0.945,0.645,0.818,0.953,0.011,0.044,0.000,0.355,855.000,844.000,0.016,0.912,0.651,0.819,0.952,0.034,0.054,0.000,0.349,857.000,696.000,0.016,0.951,0.642,0.818,0.946,0.022,0.027,0.000,0.358
875,366,344,0.014,0.939,0.656,0.811,0.957,0.021,0.040,0.000,0.344,696.000,366.000,0.012,0.945,0.645,0.818,0.953,0.011,0.044,0.000,0.355,855.000,844.000,0.016,0.912,0.651,0.819,0.952,0.034,0.054,0.000,0.349,857.000,696.000,0.016,0.951,0.642,0.818,0.946,0.022,0.027,0.000,0.358
876,366,344,0.014,0.939,0.656,0.811,0.957,0.021,0.040,0.000,0.344,696.000,366.000,0.012,0.945,0.645,0.818,0.953,0.011,0.044,0.000,0.355,855.000,844.000,0.016,0.912,0.651,0.819,0.952,0.034,0.054,0.000,0.349,857.000,696.000,0.016,0.951,0.642,0.818,0.946,0.022,0.027,0.000,0.358
877,366,344,0.014,0.939,0.656,0.811,0.957,0.021,0.040,0.000,0.344,696.000,366.000,0.012,0.945,0.645,0.818,0.953,0.011,0.044,0.000,0.355,855.000,844.000,0.016,0.912,0.651,0.819,0.952,0.034,0.054,0.000,0.349,857.000,696.000,0.016,0.951,0.642,0.818,0.946,0.022,0.027,0.000,0.358
878,366,344,0.014,0.939,0.656,0.811,0.957,0.021,0.040,0.000,0.344,696.000,366.000,0.012,0.945,0.645,0.818,0.953,0.011,0.044,0.000,0.355,855.000,844.000,0.016,0.912,0.651,0.819,0.952,0.034,0.054,0.000,0.349,857.000,696.000,0.016,0.951,0.642,0.818,0.946,0.022,0.027,0.000,0.358
879,366,344,0.014,0.939,0.656,0.811,0.957,0.021,0.040,0.000,0.344,696.000,366.000,0.012,0.945,0.645,0.818,0.953,0.011,0.044,0.000,0.355,855.000,844.000,0.016,0.912,0.651,0.819,0.952,0.034,0.054,0.000,0.349,865.000,836.000,0.010,0.958,0.651,0.825,0.962,0.019,0.022,0.000,0.349
880,366,344,0.014,0.939,0.656,0.811,0.957,0.021,0.040,0.000,0.344,696.000,366.000,0.012,0.945,0.645,0.818,0.953,0.011,0.044,0.000,0.355,855.000,844.000,0.016,0.912,0.651,0.819,0.952,0.034,0.054,0.000,0.349,865.000,836.000,0.010,0.958,0.651,0.825,0.962,0.019,0.022,0.000,0.349
881,366,344,0.014,0.939,0.656,0.811,0.957,0.021,0.040,0.000,0.344,696.000,366.000,0.012,0.945,0.645,0.818,0.953,0.011,0.044,0.000,0.355,855.000,844.000,0.016,0.912,0.651,0.819,0.952,0.034,0.054,0.000,0.349,865.000,836.000,0.010,0.958,0.651,0.825,0.962,0.019,0.022,0.000,0.349
882,366,344,0.014,0.939,0.656,0.811,0.957,0.021,0.040,0.000,0.344,696.000,366.000,0.012,0.945,0.645,0.818,0.953,0.011,0.044,0.000,0.355,855.000,844.000,0.016,0.912,0.651,0.819,0.952,0.034,0.054,0.000,0.349,865.000,836.000,0.010,0.958,0.651,0.825,0.962,0.019,0.022,0.000,0.349
883,366,344,0.014,0.939,0.656,0.811,0.957,0.021,0.040,0.000,0.344,696.000,366.000,0.012,0.945,0.645,0.818,0.953,0.011,0.044,0.000,0.355,855.000,844.000,0.016,0.912,0.651,0.819,0.952,0.034,0.054,0.000,0.349,865.000,836.000,0.010,0.958,0.651,0.825,0.962,0.019,0.022,0.000,0.349
884,366,344,0.014,0.939,0.656,0.811,0.957,0.021,0.040,0.000,0.344,696.000,366.000,0.012,0.945,0.645,0.818,0.953,0.011,0.044,0.000,0.355,855.000,844.000,0.016,0.912,0.651,0.819,0.952,0.034,0.054,0.000,0.349,865.000,836.000,0.010,0.958,0.651,0.825,0.962,0.019,0.022,0.000,0.349
885,366,344,0.014,0.939,0.656,0.811,0.957,0.021,0.040,0.000,0.344,696.000,366.000,0.012,0.945,0.645,0.818,0.953,0.011,0.044,0.000,0.355,855.000,844.000,0.016,0.912,0.651,0.819,0.952,0.034,0.054,0.000,0.349,865.000,836.000,0.010,0.958,0.651,0.825,0.962,0.019,0.022,0.000,0.349
886,366,344,0.014,0.939,0.656,0.811,0.957,0.021,0.040,0.000,0.344,696.000,366.000,0.012,0.945,0.645,0.818,0.953,0.011,0.044,0.000,0.355,855.000,844.000,0.016,0.912,0.651,0.819,0.952,0.034,0.054,0.000,0.349,865.000,836.000,0.010,0.958,0.651,0.825,0.962,0.019,0.022,0.000,0.349
887,366,344,0.014,0.939,0.656,0.811,0.957,0.021,0.040,0.000,0.344,696.000,366.000,0.012,0.945,0.645,0.818,0.953,0.011,0.044,0.000,0.355,855.000,844.000,0.016,0.912,0.651,0.819,0.952,0.034,0.054,0.000,0.349,881.000,880.000,0.015,0.945,0.638,0.826,0.946,0.027,0.027,0.000,0.362
888,366,344,0.014,0.939,0.656,0.811,0.957,0.021,0.040,0.000,0.344,696.000,366.000,0.012,0.945,0.645,0.818,0.953,0.011,0.044,0.000,0.355,855.000,844.000,0.016,0.912,0.651,0.819,0.952,0.034,0.054,0.000,0.349,881.000,880.000,0.015,0.945,0.638,0.826,0.946,0.027,0.027,0.000,0.362
889,366,344,0.014,0.939,0.656,0.811,0.957,0.021,0.040,0.000,0.344,696.000,366.000,0.012,0.945,0.645,0.818,0.953,0.011,0.044,0.000,0.355,855.000,844.000,0.016,0.912,0.651,0.819,0.952,0.034,0.054,0.000,0.349,881.000,880.000,0.015,0.945,0.638,0.826,0.946,0.027,0.027,0.000,0.362
890,366,344,0.014,0.939,0.656,0.811,0.957,0.021,0.040,0.000,0.344,696.000,366.000,0.012,0.945,0.645,0.818,0.953,0.011,0.044,0.000,0.355,855.000,844.000,0.016,0.912,0.651,0.819,0.952,0.034,0.054,0.000,0.349,881.000,880.000,0.015,0.945,0.638,0.826,0.946,0.027,0.027,0.000,0.362
891,366,344,0.014,0.939,0.656,0.811,0.957,0.021,0.040,0.000,0.344,696.000,366.000,0.012,0.945,0.645,0.818,0.953,0.011,0.044,0.000,0.355,855.000,844.000,0.016,0.912,0.651,0.819,0.952,0.034,0.054,0.000,0.349,881.000,880.000,0.015,0.945,0.638,0.826,0.946,0.027,0.027,0.000,0.362
892,366,344,0.014,0.939,0.656,0.811,0.957,0.021,0.040,0.000,0.344,696.000,366.000,0.012,0.945,0.645,0.818,0.953,0.011,0.044,0.000,0.355,855.000,844.000,0.016,0.912,0.651,0.819,0.952,0.034,0.054,0.000,0.349,881.000,880.000,0.015,0.945,0.638,0.826,0.946,0.027,0.027,0.000,0.362
893,366,344,0.014,0.939,0.656,0.811,0.957,0.021,0.040,0.000,0.344,696.000,366.000,0.012,0.945,0.645,0.818,0.953,0.011,0.044,0.000,0.355,855.000,844.000,0.016,0.912,0.651,0.819,0.952,0.034,0.054,0.000,0.349,881.000,880.000,0.015,0.945,0.638,0.826,0.946,0.027,0.027,0.000,0.362
894,366,344,0.014,0.939,0.656,0.811,0.957,0.021,0.040,0.000,0.344,696.000,366.000,0.012,0.945,0.645,0.818,0.953,0.011,0.044,0.000,0.355,855.000,844.000,0.016,0.912,0.651,0.819,0.952,0.034,0.054,0.000,0.349,881.000,880.000,0.015,0.945,0.638,0.826,0.946,0.027,0.027,0.000,0.362
895,366,344,0.014,0.939,0.656,0.811,0.957,0.021,0.040,0.000,0.344,696.000,366.000,0.012,0.945,0.645,0.818,0.953,0.011,0.044,0.000,0.355,855.000,844.000,0.016,0.912,0.651,0.819,0.952,0.034,0.054,0.000,0.349,881.000,880.000,0.015,0.945,0.638,0.826,0.946,0.027,0.027,0.000,0.362
896,366,344,0.014,0.939,0.656,0.811,0.957,0.021,0.040,0.000,0.344,696.000,366.000,0.012,0.945,0.645,0.818,0.953,0.011,0.044,0.000,0.355,855.000,844.000,0.016,0.912,0.651,0.819,0.952,0.034,0.054,0.000,0.349,881.000,880.000,0.015,0.945,0.638,0.826,0.946,0.027,0.027,0.000,0.362
897,366,344,0.014,0.939,0.656,0.811,0.957,0.021,0.040,0.000,0.344,696.000,366.000,0.012,0.945,0.645,0.818,0.953,0.011,0.044,0.000,0.355,855.000,844.000,0.016,0.912,0.651,0.819,0.952,0.034,0.054,0.000,0.349,881.000,880.000,0.015,0.945,0.638,0.826,0.946,0.027,0.027,0.000,0.362
898,366,344,0.014,0.939,0.656,0.811,0.957,0.021,0.040,0.000,0.344,696.000,366.000,0.012,0.945,0.645,0.818,0.953,0.011,0.044,0.000,0.355,855.000,844.000,0.016,0.912,0.651,0.819,0.952,0.034,0.054,0.000,0.349,881.000,880.000,0.015,0.945,0.638,0.826,0.946,0.027,0.027,0.000,0.362
899,366,344,0.014,0.939,0.656,0.811,0.957,0.021,0.040,0.000,0.344,696.000,366.000,0.012,0.945,0.645,0.818,0.953,0.011,0.044,0.000,0.355,855.000,844.000,0.016,0.912,0.651,0.819,0.952,0.034,0.054,0.000,0.349,881.000,880.000,0.015,0.945,0.638,0.826,0.946,0.027,0.027,0.000,0.362
900,366,344,0.014,0.939,0.656,0.811,0.957,0.021,0.040,0.000,0.344,696.000,366.000,0.012,0.945,0.645,0.818,0.953,0.011,0.044,0.000,0.355,881.000,880.000,0.015,0.945,0.638,0.826,0.946,0.027,0.027,0.000,0.362,891.000,696.000,0.011,0.959,0.641,0.830,0.951,0.000,0.041,0.000,0.359
901,366,344,0.014,0.939,0.656,0.811,0.957,0.021,0.040,0.000,0.344,696.000,366.000,0.012,0.945,0.645,0.818,0.953,0.011,0.044,0.000,0.355,881.000,880.000,0.015,0.945,0.638,0.826,0.946,0.027,0.027,0.000,0.362,891.000,696.000,0.011,0.959,0.641,0.830,0.951,0.000,0.041,0.000,0.359
902,366,344,0.014,0.939,0.656,0.811,0.957,0.021,0.040,0.000,0.344,696.000,366.000,0.012,0.945,0.645,0.818,0.953,0.011,0.044,0.000,0.355,881.000,880.000,0.015,0.945,0.638,0.826,0.946,0.027,0.027,0.000,0.362,891.000,696.000,0.011,0.959,0.641,0.830,0.951,0.000,0.041,0.000,0.359
903,366,344,0.014,0.939,0.656,0.811,0.957,0.021,0.040,0.000,0.344,696.000,366.000,0.012,0.945,0.645,0.818,0.953,0.011,0.044,0.000,0.355,881.000,880.000,0.015,0.945,0.638,0.826,0.946,0.027,0.027,0.000,0.362,891.000,696.000,0.011,0.959,0.641,0.830,0.951,0.000,0.041,0.000,0.359
904,366,344,0.014,0.939,0.656,0.811,0.957,0.021,0.040,0.000,0.344,696.000,366.000,0.012,0.945,0.645,0.818,0.953,0.011,0.044,0.000,0.355,881.000,880.000,0.015,0.945,0.638,0.826,0.946,0.027,0.027,0.000,0.362,891.000,696.000,0.011,0.959,0.641,0.830,0.951,0.000,0.041,0.000,0.359
905,366,344,0.014,0.939,0.656,0.811,0.957,0.021,0.040,0.000,0.344,696.000,366.000,0.012,0.945,0.645,0.818,0.953,0.011,0.044,0.000,0.355,881.000,880.000,0.015,0.945,0.638,0.826,0.946,0.027,0.027,0.000,0.362,891.000,696.000,0.011,0.959,0.641,0.830,0.951,0.000,0.041,0.000,0.359
906,366,344,0.014,0.939,0.656,0.811,0.957,0.021,0.040,0.000,0.344,696.000,366.000,0.012,0.945,0.645,0.818,0.953,0.011,0.044,0.000,0.355,881.000,880.000,0.015,0.945,0.638,0.826,0.946,0.027,0.027,0.000,0.362,891.000,696.000,0.011,0.959,0.641,0.830,0.951,0.000,0.041,0.000,0.359
907,366,344,0.014,0.939,0.656,0.811,0.957,0.021,0.040,0.000,0.344,696.000,366.000,0.012,0.945,0.645,0.818,0.953,0.011,0.044,0.000,0.355,881.000,880.000,0.015,0.945,0.638,0.826,0.946,0.027,0.027,0.000,0.362,891.000,696.000,0.011,0.959,0.641,0.830,0.951,0.000,0.041,0.000,0.359
908,366,344,0.014,0.939,0.656,0.811,0.957,0.021,0.040,0.000,0.344,696.000,366.000,0.012,0.945,0.645,0.818,0.953,0.011,0.044,0.000,0.355,881.000,880.000,0.015,0.945,0.638,0.826,0.946,0.027,0.027,0.000,0.362,891.000,696.000,0.011,0.959,0.641,0.830,0.951,0.000,0.041,0.000,0.359
909,366,344,0.014,0.939,0.656,0.811,0.957,0.021,0.040,0.000,0.344,696.000,366.000,0.012,0.945,0.645,0.818,0.953,0.011,0.044,0.000,0.355,881.000,880.000,0.015,0.945,0.638,0.826,0.946,0.027,0.027,0.000,0.362,891.000,696.000,0.011,0.959,0.641,0.830,0.951,0.000,0.041,0.000,0.359
910,366,344,0.014,0.939,0.656,0.811,0.957,0.021,0.040,0.000,0.344,696.000,366.000,0.012,0.945,0.645,0.818,0.953,0.011,0.044,0.000,0.355,881.000,880.000,0.015,0.945,0.638,0.826,0.946,0.027,0.027,0.000,0.362,891.000,696.000,0.011,0.959,0.641,0.830,0.951,0.000,0.041,0.000,0.359
911,366,344,0.014,0.939,0.656,0.811,0.957,0.021,0.040,0.000,0.344,696.000,366.000,0.012,0.945,0.645,0.818,0.953,0.011,0.044,0.000,0.355,881.000,880.000,0.015,0.945,0.638,0.826,0.946,0.027,0.027,0.000,0.362,891.000,696.000,0.011,0.959,0.641,0.830,0.951,0.000,0.041,0.000,0.359
912,366,344,0.014,0.939,0.656,0.811,0.957,0.021,0.040,0.000,0.344,696.000,366.000,0.012,0.945,0.645,0.818,0.953,0.011,0.044,0.000,0.355,881.000,880.000,0.015,0.945,0.638,0.826,0.946,0.027,0.027,0.000,0.362,891.000,696.000,0.011,0.959,0.641,0.830,0.951,0.000,0.041,0.000,0.359
913,366,344,0.014,0.939,0.656,0.811,0.957,0.021,0.040,0.000,0.344,696.000,366.000,0.012,0.945,0.645,0.818,0.953,0.011,0.044,0.000,0.355,891.000,696.000,0.011,0.959,0.641,0.830,0.951,0.000,0.041,0.000,0.359,903.000,901.000,0.010,0.932,0.649,0.834,0.950,0.012,0.056,0.000,0.351
914,366,344,0.014,0.939,0.656,0.811,0.957,0.021,0.040,0.000,0.344,696.000,366.000,0.012,0.945,0.645,0.818,0.953,0.011,0.044,0.000,0.355,891.000,696.000,0.011,0.959,0.641,0.830,0.951,0.000,0.041,0.000,0.359,903.000,901.000,0.010,0.932,0.649,0.834,0.950,0.012,0.056,0.000,0.351
915,366,344,0.014,0.939,0.656,0.811,0.957,0.021,0.040,0.000,0.344,696.000,366.000,0.012,0.945,0.645,0.818,0.953,0.011,0.044,0.000,0.355,891.000,696.000,0.011,0.959,0.641,0.830,0.951,0.000,0.041,0.000,0.359,903.000,901.000,0.010,0.932,0.649,0.834,0.950,0.012,0.056,0.000,0.351
916,366,344,0.014,0.939,0.656,0.811,0.957,0.021,0.040,0.000,0.344,696.000,366.000,0.012,0.945,0.645,0.818,0.953,0.011,0.044,0.000,0.355,891.000,696.000,0.011,0.959,0.641,0.830,0.951,0.000,0.041,0.000,0.359,903.000,901.000,0.010,0.932,0.649,0.834,0.950,0.012,0.056,0.000,0.351
917,366,344,0.014,0.939,0.656,0.811,0.957,0.021,0.040,0.000,0.344,696.000,366.000,0.012,0.945,0.645,0.818,0.953,0.011,0.044,0.000,0.355,891.000,696.000,0.011,0.959,0.641,0.830,0.951,0.000,0.041,0.000,0.359,903.000,901.000,0.010,0.932,0.649,0.834,0.950,0.012,0.056,0.000,0.351
918,366,344,0.014,0.939,0.656,0.811,0.957,0.021,0.040,0.000,0.344,696.000,366.000,0.012,0.945,0.645,0.818,0.953,0.011,0.044,0.000,0.355,891.000,696.000,0.011,0.959,0.641,0.830,0.951,0.000,0.041,0.000,0.359,903.000,901.000,0.010,0.932,0.649,0.834,0.950,0.012,0.056,0.000,0.351
919,366,344,0.014,0.939,0.656,0.811,0.957,0.021,0.040,0.000,0.344,696.000,366.000,0.012,0.945,0.645,0.818,0.953,0.011,0.044,0.000,0.355,891.000,696.000,0.011,0.959,0.641,0.830,0.951,0.000,0.041,0.000,0.359,903.000,901.000,0.010,0.932,0.649,0.834,0.950,0.012,0.056,0.000,0.351
920,366,344,0.014,0.939,0.656,0.811,0.957,0.021,0.040,0.000,0.344,696.000,366.000,0.012,0.945,0.645,0.818,0.953,0.011,0.044,0.000,0.355,891.000,696.000,0.011,0.959,0.641,0.830,0.951,0.000,0.041,0.000,0.359,903.000,901.000,0.010,0.932,0.649,0.834,0.950,0.012,0.056,0.000,0.351
921,366,344,0.014,0.939,0.656,0.811,0.957,0.021,0.040,0.000,0.344,696.000,366.000,0.012,0.945,0.645,0.818,0.953,0.011,0.044,0.000,0.355,891.000,696.000,0.011,0.959,0.641,0.830,0.951,0.000,0.041,0.000,0.359,903.000,901.000,0.010,0.932,0.649,0.834,0.950,0.012,0.056,0.000,0.351
922,366,344,0.014,0.939,0.656,0.811,0.957,0.021,0.040,0.000,0.344,696.000,366.000,0.012,0.945,0.645,0.818,0.953,0.011,0.044,0.000,0.355,891.000,696.000,0.011,0.959,0.641,0.830,0.951,0.000,0.041,0.000,0.359,903.000,901.000,0.010,0.932,0.649,0.834,0.950,0.012,0.056,0.000,0.351
923,366,344,0.014,0.939,0.656,0.811,0.957,0.021,0.040,0.000,0.344,696.000,366.000,0.012,0.945,0.645,0.818,0.953,0.011,0.044,0.000,0.355,891.000,696.000,0.011,0.959,0.641,0.830,0.951,0.000,0.041,0.000,0.359,913.000,366.000,0.012,0.929,0.662,0.802,0.948,0.024,0.047,0.000,0.338
924,366,344,0.014,0.939,0.656,0.811,0.957,0.021,0.040,0.000,0.344,696.000,366.000,0.012,0.945,0.645,0.818,0.953,0.011,0.044,0.000,0.355,891.000,696.000,0.011,0.959,0.641,0.830,0.951,0.000,0.041,0.000,0.359,913.000,366.000,0.012,0.929,0.662,0.802,0.948,0.024,0.047,0.000,0.338
925,366,344,0.014,0.939,0.656,0.811,0.957,0.021,0.040,0.000,0.344,696.000,366.000,0.012,0.945,0.645,0.818,0.953,0.011,0.044,0.000,0.355,891.000,696.000,0.011,0.959,0.641,0.830,0.951,0.000,0.041,0.000,0.359,913.000,366.000,0.012,0.929,0.662,0.802,0.948,0.024,0.047,0.000,0.338
926,366,344,0.014,0.939,0.656,0.811,0.957,0.021,0.040,0.000,0.344,696.000,366.000,0.012,0.945,0.645,0.818,0.953,0.011,0.044,0.000,0.355,891.000,696.000,0.011,0.959,0.641,0.830,0.951,0.000,0.041,0.000,0.359,913.000,366.000,0.012,0.929,0.662,0.802,0.948,0.024,0.047,0.000,0.338
927,366,344,0.014,0.939,0.656,0.811,0.957,0.021,0.040,0.000,0.344,696.000,366.000,0.012,0.945,0.645,0.818,0.953,0.011,0.044,0.000,0.355,922.000,918.000,0.012,0.921,0.657,0.840,0.950,0.000,0.079,0.000,0.343,924.000,891.000,0.014,0.954,0.636,0.851,0.961,0.000,0.046,0.006,0.358
928,366,344,0.014,0.939,0.656,0.811,0.957,0.021,0.040,0.000,0.344,696.000,366.000,0.012,0.945,0.645,0.818,0.953,0.011,0.044,0.000,0.355,922.000,918.000,0.012,0.921,0.657,0.840,0.950,0.000,0.079,0.000,0.343,924.000,891.000,0.014,0.954,0.636,0.851,0.961,0.000,0.046,0.006,0.358
929,366,344,0.014,0.939,0.656,0.811,0.957,0.021,0.040,0.000,0.344,696.000,366.000,0.012,0.945,0.645,0.818,0.953,0.011,0.044,0.000,0.355,925.000,366.000,0.016,0.927,0.655,0.805,0.968,0.022,0.051,0.000,0.345,928.000,926.000,0.016,0.916,0.670,0.863,0.945,0.000,0.084,0.000,0.330
930,366,344,0.014,0.939,0.656,0.811,0.957,0.021,0.040,0.000,0.344,696.000,366.000,0.012,0.945,0.645,0.818,0.953,0.011,0.044,0.000,0.355,925.000,366.000,0.016,0.927,0.655,0.805,0.968,0.022,0.051,0.000,0.345,929.000,922.000,0.013,0.919,0.654,0.833,0.940,0.000,0.081,0.000,0.346
931,366,344,0.014,0.939,0.656,0.811,0.957,0.021,0.040,0.000,0.344,696.000,366.000,0.012,0.945,0.645,0.818,0.953,0.011,0.044,0.000,0.355,925.000,366.000,0.016,0.927,0.655,0.805,0.968,0.022,0.051,0.000,0.345,929.000,922.000,0.013,0.919,0.654,0.833,0.940,0.000,0.081,0.000,0.346
932,366,344,0.014,0.939,0.656,0.811,0.957,0.021,0.040,0.000,0.344,696.000,366.000,0.012,0.945,0.645,0.818,0.953,0.011,0.044,0.000,0.355,925.000,366.000,0.016,0.927,0.655,0.805,0.968,0.022,0.051,0.000,0.345,929.000,922.000,0.013,0.919,0.654,0.833,0.940,0.000,0.081,0.000,0.346
933,366,344,0.014,0.939,0.656,0.811,0.957,0.021,0.040,0.000,0.344,696.000,366.000,0.012,0.945,0.645,0.818,0.953,0.011,0.044,0.000,0.355,925.000,366.000,0.016,0.927,0.655,0.805,0.968,0.022,0.051,0.000,0.345,929.000,922.000,0.013,0.919,0.654,0.833,0.940,0.000,0.081,0.000,0.346
934,366,344,0.014,0.939,0.656,0.811,0.957,0.021,0.040,0.000,0.344,696.000,366.000,0.012,0.945,0.645,0.818,0.953,0.011,0.044,0.000,0.355,925.000,366.000,0.016,0.927,0.655,0.805,0.968,0.022,0.051,0.000,0.345,929.000,922.000,0.013,0.919,0.654,0.833,0.940,0.000,0.081,0.000,0.346
935,366,344,0.014,0.939,0.656,0.811,0.957,0.021,0.040,0.000,0.344,696.000,366.000,0.012,0.945,0.645,0.818,0.953,0.011,0.044,0.000,0.355,925.000,366.000,0.016,0.927,0.655,0.805,0.968,0.022,0.051,0.000,0.345,929.000,922.000,0.013,0.919,0.654,0.833,0.940,0.000,0.081,0.000,0.346
936,366,344,0.014,0.939,0.656,0.811,0.957,0.021,0.040,0.000,0.344,696.000,366.000,0.012,0.945,0.645,0.818,0.953,0.011,0.044,0.000,0.355,925.000,366.000,0.016,0.927,0.655,0.805,0.968,0.022,0.051,0.000,0.345,929.000,922.000,0.013,0.919,0.654,0.833,0.940,0.000,0.081,0.000,0.346
937,366,344,0.014,0.939,0.656,0.811,0.957,0.021,0.040,0.000,0.344,696.000,366.000,0.012,0.945,0.645,0.818,0.953,0.011,0.044,0.000,0.355,925.000,366.000,0.016,0.927,0.655,0.805,0.968,0.022,0.051,0.000,0.345,929.000,922.000,0.013,0.919,0.654,0.833,0.940,0.000,0.081,0.000,0.346
938,366,344,0.014,0.939,0.656,0.811,0.957,0.021,0.040,0.000,0.344,696.000,366.000,0.012,0.945,0.645,0.818,0.953,0.011,0.044,0.000,0.355,929.000,922.000,0.013,0.919,0.654,0.833,0.940,0.000,0.081,0.000,0.346,931.000,696.000,0.009,0.943,0.657,0.821,0.944,0.023,0.034,0.000,0.343
939,366,344,0.014,0.939,0.656,0.811,0.957,0.021,0.040,0.000,0.344,696.000,366.000,0.012,0.945,0.645,0.818,0.953,0.011,0.044,0.000,0.355,931.000,696.000,0.009,0.943,0.657,0.821,0.944,0.023,0.034,0.000,0.343,936.000,696.000,0.012,0.928,0.631,0.825,0.947,0.024,0.047,0.000,0.369
940,366,344,0.014,0.939,0.656,0.811,0.957,0.021,0.040,0.000,0.344,696.000,366.000,0.012,0.945,0.645,0.818,0.953,0.011,0.044,0.000,0.355,931.000,696.000,0.009,0.943,0.657,0.821,0.944,0.023,0.034,0.000,0.343,936.000,696.000,0.012,0.928,0.631,0.825,0.947,0.024,0.047,0.000,0.369
941,366,344,0.014,0.939,0.656,0.811,0.957,0.021,0.040,0.000,0.344,696.000,366.000,0.012,0.945,0.645,0.818,0.953,0.011,0.044,0.000,0.355,931.000,696.000,0.009,0.943,0.657,0.821,0.944,0.023,0.034,0.000,0.343,936.000,696.000,0.012,0.928,0.631,0.825,0.947,0.024,0.047,0.000,0.369
942,366,344,0.014,0.939,0.656,0.811,0.957,0.021,0.040,0.000,0.344,696.000,366.000,0.012,0.945,0.645,0.818,0.953,0.011,0.044,0.000,0.355,931.000,696.000,0.009,0.943,0.657,0.821,0.944,0.023,0.034,0.000,0.343,936.000,696.000,0.012,0.928,0.631,0.825,0.947,0.024,0.047,0.000,0.369
943,366,344,0.014,0.939,0.656,0.811,0.957,0.021,0.040,0.000,0.344,696.000,366.000,0.012,0.945,0.645,0.818,0.953,0.011,0.044,0.000,0.355,931.000,696.000,0.009,0.943,0.657,0.821,0.944,0.023,0.034,0.000,0.343,936.000,696.000,0.012,0.928,0.631,0.825,0.947,0.024,0.047,0.000,0.369
944,366,344,0.014,0.939,0.656,0.811,0.957,0.021,0.040,0.000,0.344,696.000,366.000,0.012,0.945,0.645,0.818,0.953,0.011,0.044,0.000,0.355,936.000,696.000,0.012,0.928,0.631,0.825,0.947,0.024,0.047,0.000,0.369,943.000,366.000,0.015,0.934,0.637,0.793,0.972,0.026,0.040,0.000,0.363
945,366,344,0.014,0.939,0.656,0.811,0.957,0.021,0.040,0.000,0.344,696.000,366.000,0.012,0.945,0.645,0.818,0.953,0.011,0.044,0.000,0.355,936.000,696.000,0.012,0.928,0.631,0.825,0.947,0.024,0.047,0.000,0.369,943.000,366.000,0.015,0.934,0.637,0.793,0.972,0.026,0.040,0.000,0.363
946,366,344,0.014,0.939,0.656,0.811,0.957,0.021,0.040,0.000,0.344,696.000,366.000,0.012,0.945,0.645,0.818,0.953,0.011,0.044,0.000,0.355,936.000,696.000,0.012,0.928,0.631,0.825,0.947,0.024,0.047,0.000,0.369,943.000,366.000,0.015,0.934,0.637,0.793,0.972,0.026,0.040,0.000,0.363
947,366,344,0.014,0.939,0.656,0.811,0.957,0.021,0.040,0.000,0.344,936.000,696.000,0.012,0.928,0.631,0.825,0.947,0.024,0.047,0.000,0.369,943.000,366.000,0.015,0.934,0.637,0.793,0.972,0.026,0.040,0.000,0.363,946.000,366.000,0.024,0.949,0.636,0.808,0.957,0.023,0.028,0.007,0.357
948,366,344,0.014,0.939,0.656,0.811,0.957,0.021,0.040,0.000,0.344,943.000,366.000,0.015,0.934,0.637,0.793,0.972,0.026,0.040,0.000,0.363,946.000,366.000,0.024,0.949,0.636,0.808,0.957,0.023,0.028,0.007,0.357,947.000,946.000,0.026,0.960,0.642,0.809,0.974,0.021,0.019,0.001,0.357
949,366,344,0.014,0.939,0.656,0.811,0.957,0.021,0.040,0.000,0.344,943.000,366.000,0.015,0.934,0.637,0.793,0.972,0.026,0.040,0.000,0.363,948.000,936.000,0.019,0.929,0.624,0.817,0.956,0.022,0.049,0.011,0.365,949.000,943.000,0.010,0.943,0.638,0.792,0.978,0.023,0.034,0.000,0.362
950,366,344,0.014,0.939,0.656,0.811,0.957,0.021,0.040,0.000,0.344,943.000,366.000,0.015,0.934,0.637,0.793,0.972,0.026,0.040,0.000,0.363,948.000,936.000,0.019,0.929,0.624,0.817,0.956,0.022,0.049,0.011,0.365,949.000,943.000,0.010,0.943,0.638,0.792,0.978,0.023,0.034,0.000,0.362
951,366,344,0.014,0.939,0.656,0.811,0.957,0.021,0.040,0.000,0.344,943.000,366.000,0.015,0.934,0.637,0.793,0.972,0.026,0.040,0.000,0.363,949.000,943.000,0.010,0.943,0.638,0.792,0.978,0.023,0.034,0.000,0.362,951.000,950.000,0.026,0.914,0.613,0.806,0.953,0.027,0.059,0.010,0.377
952,366,344,0.014,0.939,0.656,0.811,0.957,0.021,0.040,0.000,0.344,943.000,366.000,0.015,0.934,0.637,0.793,0.972,0.026,0.040,0.000,0.363,949.000,943.000,0.010,0.943,0.638,0.792,0.978,0.023,0.034,0.000,0.362,951.000,950.000,0.026,0.914,0.613,0.806,0.953,0.027,0.059,0.010,0.377
953,366,344,0.014,0.939,0.656,0.811,0.957,0.021,0.040,0.000,0.344,952.000,949.000,0.010,0.967,0.644,0.777,0.966,0.014,0.018,0.000,0.356,953.000,949.000,0.005,0.932,0.629,0.792,0.955,0.042,0.026,0.009,0.361,954.000,952.000,0.010,0.960,0.636,0.778,0.974,0.014,0.026,0.000,0.364
954,366,344,0.014,0.939,0.656,0.811,0.957,0.021,0.040,0.000,0.344,952.000,949.000,0.010,0.967,0.644,0.777,0.966,0.014,0.018,0.000,0.356,953.000,949.000,0.005,0.932,0.629,0.792,0.955,0.042,0.026,0.009,0.361,954.000,952.000,0.010,0.960,0.636,0.778,0.974,0.014,0.026,0.000,0.364
955,366,344,0.014,0.939,0.656,0.811,0.957,0.021,0.040,0.000,0.344,952.000,949.000,0.010,0.967,0.644,0.777,0.966,0.014,0.018,0.000,0.356,953.000,949.000,0.005,0.932,0.629,0.792,0.955,0.042,0.026,0.009,0.361,954.000,952.000,0.010,0.960,0.636,0.778,0.974,0.014,0.026,0.000,0.364
956,366,344,0.014,0.939,0.656,0.811,0.957,0.021,0.040,0.000,0.344,952.000,949.000,0.010,0.967,0.644,0.777,0.966,0.014,0.018,0.000,0.356,953.000,949.000,0.005,0.932,0.629,0.792,0.955,0.042,0.026,0.009,0.361,954.000,952.000,0.010,0.960,0.636,0.778,0.974,0.014,0.026,0.000,0.364
957,366,344,0.014,0.939,0.656,0.811,0.957,0.021,0.040,0.000,0.344,952.000,949.000,0.010,0.967,0.644,0.777,0.966,0.014,0.018,0.000,0.356,954.000,952.000,0.010,0.960,0.636,0.778,0.974,0.014,0.026,0.000,0.364,957.000,953.000,0.007,0.924,0.641,0.813,0.964,0.040,0.036,0.012,0.348
958,366,344,0.014,0.939,0.656,0.811,0.957,0.021,0.040,0.000,0.344,952.000,949.000,0.010,0.967,0.644,0.777,0.966,0.014,0.018,0.000,0.356,954.000,952.000,0.010,0.960,0.636,0.778,0.974,0.014,0.026,0.000,0.364,957.000,953.000,0.007,0.924,0.641,0.813,0.964,0.040,0.036,0.012,0.348
959,366,344,0.014,0.939,0.656,0.811,0.957,0.021,0.040,0.000,0.344,952.000,949.000,0.010,0.967,0.644,0.777,0.966,0.014,0.018,0.000,0.356,954.000,952.000,0.010,0.960,0.636,0.778,0.974,0.014,0.026,0.000,0.364,957.000,953.000,0.007,0.924,0.641,0.813,0.964,0.040,0.036,0.012,0.348
960,366,344,0.014,0.939,0.656,0.811,0.957,0.021,0.040,0.000,0.344,952.000,949.000,0.010,0.967,0.644,0.777,0.966,0.014,0.018,0.000,0.356,961.000,954.000,0.014,0.959,0.628,0.777,0.970,0.019,0.022,0.000,0.372,,,,,,,,,,,
961,366,344,0.014,0.939,0.656,0.811,0.957,0.021,0.040,0.000,0.344,952.000,949.000,0.010,0.967,0.644,0.777,0.966,0.014,0.018,0.000,0.356,961.000,954.000,0.014,0.959,0.628,0.777,0.970,0.019,0.022,0.000,0.372,962.000,961.000,0.009,0.980,0.631,0.770,0.975,0.014,0.006,0.000,0.369
962,366,344,0.014,0.939,0.656,0.811,0.957,0.021,0.040,0.000,0.344,961.000,954.000,0.014,0.959,0.628,0.777,0.970,0.019,0.022,0.000,0.372,962.000,961.000,0.009,0.980,0.631,0.770,0.975,0.014,0.006,0.000,0.369,963.000,961.000,0.016,0.947,0.626,0.775,0.970,0.015,0.038,0.001,0.373
963,366,344,0.014,0.939,0.656,0.811,0.957,0.021,0.040,0.000,0.344,961.000,954.000,0.014,0.959,0.628,0.777,0.970,0.019,0.022,0.000,0.372,963.000,961.000,0.016,0.947,0.626,0.775,0.970,0.015,0.038,0.001,0.373,964.000,962.000,0.011,0.961,0.610,0.758,0.975,0.039,0.000,0.015,0.375
964,366,344,0.014,0.939,0.656,0.811,0.957,0.021,0.040,0.000,0.344,961.000,954.000,0.014,0.959,0.628,0.777,0.970,0.019,0.022,0.000,0.372,963.000,961.000,0.016,0.947,0.626,0.775,0.970,0.015,0.038,0.001,0.373,965.000,964.000,0.016,0.972,0.625,0.738,0.977,0.028,0.000,0.000,0.375
965,366,344,0.014,0.939,0.656,0.811,0.957,0.021,0.040,0.000,0.344,961.000,954.000,0.014,0.959,0.628,0.777,0.970,0.019,0.022,0.000,0.372,963.000,961.000,0.016,0.947,0.626,0.775,0.970,0.015,0.038,0.001,0.373,965.000,964.000,0.016,0.972,0.625,0.738,0.977,0.028,0.000,0.000,0.375
966,366,344,0.014,0.939,0.656,0.811,0.957,0.021,0.040,0.000,0.344,961.000,954.000,0.014,0.959,0.628,0.777,0.970,0.019,0.022,0.000,0.372,963.000,961.000,0.016,0.947,0.626,0.775,0.970,0.015,0.038,0.001,0.373,965.000,964.000,0.016,0.972,0.625,0.738,0.977,0.028,0.000,0.000,0.375
967,366,344,0.014,0.939,0.656,0.811,0.957,0.021,0.040,0.000,0.344,961.000,954.000,0.014,0.959,0.628,0.777,0.970,0.019,0.022,0.000,0.372,963.000,961.000,0.016,0.947,0.626,0.775,0.970,0.015,0.038,0.001,0.373,966.000,366.000,0.016,0.949,0.651,0.810,0.944,0.033,0.018,0.016,0.333
968,366,344,0.014,0.939,0.656,0.811,0.957,0.021,0.040,0.000,0.344,961.000,954.000,0.014,0.959,0.628,0.777,0.970,0.019,0.022,0.000,0.372,963.000,961.000,0.016,0.947,0.626,0.775,0.970,0.015,0.038,0.001,0.373,966.000,366.000,0.016,0.949,0.651,0.810,0.944,0.033,0.018,0.016,0.333
969,366,344,0.014,0.939,0.656,0.811,0.957,0.021,0.040,0.000,0.344,966.000,366.000,0.016,0.949,0.651,0.810,0.944,0.033,0.018,0.016,0.333,968.000,966.000,0.013,0.966,0.647,0.815,0.948,0.026,0.007,0.023,0.330,969.000,366.000,0.008,0.919,0.647,0.811,0.960,0.039,0.042,0.003,0.349
970,366,344,0.014,0.939,0.656,0.811,0.957,0.021,0.040,0.000,0.344,969.000,366.000,0.008,0.919,0.647,0.811,0.960,0.039,0.042,0.003,0.349,971.000,966.000,0.016,0.942,0.652,0.792,0.938,0.034,0.024,0.017,0.331,,,,,,,,,,,
971,366,344,0.014,0.939,0.656,0.811,0.957,0.021,0.040,0.000,0.344,969.000,366.000,0.008,0.919,0.647,0.811,0.960,0.039,0.042,0.003,0.349,971.000,966.000,0.016,0.942,0.652,0.792,0.938,0.034,0.024,0.017,0.331,972.000,969.000,0.015,0.935,0.630,0.823,0.972,0.035,0.031,0.018,0.352
972,366,344,0.014,0.939,0.656,0.811,0.957,0.021,0.040,0.000,0.344,969.000,366.000,0.008,0.919,0.647,0.811,0.960,0.039,0.042,0.003,0.349,971.000,966.000,0.016,0.942,0.652,0.792,0.938,0.034,0.024,0.017,0.331,972.000,969.000,0.015,0.935,0.630,0.823,0.972,0.035,0.031,0.018,0.352
973,366,344,0.014,0.939,0.656,0.811,0.957,0.021,0.040,0.000,0.344,969.000,366.000,0.008,0.919,0.647,0.811,0.960,0.039,0.042,0.003,0.349,972.000,969.000,0.015,0.935,0.630,0.823,0.972,0.035,0.031,0.018,0.352,973.000,366.000,0.008,0.923,0.648,0.807,0.951,0.024,0.053,0.004,0.347
974,366,344,0.014,0.939,0.656,0.811,0.957,0.021,0.040,0.000,0.344,969.000,366.000,0.008,0.919,0.647,0.811,0.960,0.039,0.042,0.003,0.349,972.000,969.000,0.015,0.935,0.630,0.823,0.972,0.035,0.031,0.018,0.352,973.000,366.000,0.008,0.923,0.648,0.807,0.951,0.024,0.053,0.004,0.347
975,366,344,0.014,0.939,0.656,0.811,0.957,0.021,0.040,0.000,0.344,969.000,366.000,0.008,0.919,0.647,0.811,0.960,0.039,0.042,0.003,0.349,972.000,969.000,0.015,0.935,0.630,0.823,0.972,0.035,0.031,0.018,0.352,973.000,366.000,0.008,0.923,0.648,0.807,0.951,0.024,0.053,0.004,0.347
976,366,344,0.014,0.939,0.656,0.811,0.957,0.021,0.040,0.000,0.344,969.000,366.000,0.008,0.919,0.647,0.811,0.960,0.039,0.042,0.003,0.349,972.000,969.000,0.015,0.935,0.630,0.823,0.972,0.035,0.031,0.018,0.352,973.000,366.000,0.008,0.923,0.648,0.807,0.951,0.024,0.053,0.004,0.347
977,366,344,0.014,0.939,0.656,0.811,0.957,0.021,0.040,0.000,0.344,969.000,366.000,0.008,0.919,0.647,0.811,0.960,0.039,0.042,0.003,0.349,972.000,969.000,0.015,0.935,0.630,0.823,0.972,0.035,0.031,0.018,0.352,973.000,366.000,0.008,0.923,0.648,0.807,0.951,0.024,0.053,0.004,0.347
978,366,344,0.014,0.939,0.656,0.811,0.957,0.021,0.040,0.000,0.344,969.000,366.000,0.008,0.919,0.647,0.811,0.960,0.039,0.042,0.003,0.349,973.000,366.000,0.008,0.923,0.648,0.807,0.951,0.024,0.053,0.004,0.347,974.000,969.000,0.009,0.914,0.642,0.820,0.952,0.045,0.042,0.000,0.358
979,366,344,0.014,0.939,0.656,0.811,0.957,0.021,0.040,0.000,0.344,973.000,366.000,0.008,0.923,0.648,0.807,0.951,0.024,0.053,0.004,0.347,974.000,969.000,0.009,0.914,0.642,0.820,0.952,0.045,0.042,0.000,0.358,975.000,969.000,0.009,0.896,0.643,0.803,0.974,0.044,0.060,0.000,0.357
980,366,344,0.014,0.939,0.656,0.811,0.957,0.021,0.040,0.000,0.344,974.000,969.000,0.009,0.914,0.642,0.820,0.952,0.045,0.042,0.000,0.358,978.000,366.000,0.015,0.938,0.662,0.807,0.949,0.028,0.034,0.003,0.335,980.000,974.000,0.020,0.921,0.635,0.827,0.947,0.028,0.051,0.000,0.365
981,366,344,0.014,0.939,0.656,0.811,0.957,0.021,0.040,0.000,0.344,974.000,969.000,0.009,0.914,0.642,0.820,0.952,0.045,0.042,0.000,0.358,978.000,366.000,0.015,0.938,0.662,0.807,0.949,0.028,0.034,0.003,0.335,980.000,974.000,0.020,0.921,0.635,0.827,0.947,0.028,0.051,0.000,0.365
982,366,344,0.014,0.939,0.656,0.811,0.957,0.021,0.040,0.000,0.344,974.000,969.000,0.009,0.914,0.642,0.820,0.952,0.045,0.042,0.000,0.358,978.000,366.000,0.015,0.938,0.662,0.807,0.949,0.028,0.034,0.003,0.335,980.000,974.000,0.020,0.921,0.635,0.827,0.947,0.028,0.051,0.000,0.365
983,366,344,0.014,0.939,0.656,0.811,0.957,0.021,0.040,0.000,0.344,974.000,969.000,0.009,0.914,0.642,0.820,0.952,0.045,0.042,0.000,0.358,978.000,366.000,0.015,0.938,0.662,0.807,0.949,0.028,0.034,0.003,0.335,980.000,974.000,0.020,0.921,0.635,0.827,0.947,0.028,0.051,0.000,0.365
984,366,344,0.014,0.939,0.656,0.811,0.957,0.021,0.040,0.000,0.344,974.000,969.000,0.009,0.914,0.642,0.820,0.952,0.045,0.042,0.000,0.358,978.000,366.000,0.015,0.938,0.662,0.807,0.949,0.028,0.034,0.003,0.335,980.000,974.000,0.020,0.921,0.635,0.827,0.947,0.028,0.051,0.000,0.365
985,366,344,0.014,0.939,0.656,0.811,0.957,0.021,0.040,0.000,0.344,974.000,969.000,0.009,0.914,0.642,0.820,0.952,0.045,0.042,0.000,0.358,978.000,366.000,0.015,0.938,0.662,0.807,0.949,0.028,0.034,0.003,0.335,980.000,974.000,0.020,0.921,0.635,0.827,0.947,0.028,0.051,0.000,0.365
986,366,344,0.014,0.939,0.656,0.811,0.957,0.021,0.040,0.000,0.344,974.000,969.000,0.009,0.914,0.642,0.820,0.952,0.045,0.042,0.000,0.358,978.000,366.000,0.015,0.938,0.662,0.807,0.949,0.028,0.034,0.003,0.335,980.000,974.000,0.020,0.921,0.635,0.827,0.947,0.028,0.051,0.000,0.365
987,366,344,0.014,0.939,0.656,0.811,0.957,0.021,0.040,0.000,0.344,974.000,969.000,0.009,0.914,0.642,0.820,0.952,0.045,0.042,0.000,0.358,978.000,366.000,0.015,0.938,0.662,0.807,0.949,0.028,0.034,0.003,0.335,980.000,974.000,0.020,0.921,0.635,0.827,0.947,0.028,0.051,0.000,0.365
988,366,344,0.014,0.939,0.656,0.811,0.957,0.021,0.040,0.000,0.344,974.000,969.000,0.009,0.914,0.642,0.820,0.952,0.045,0.042,0.000,0.358,978.000,366.000,0.015,0.938,0.662,0.807,0.949,0.028,0.034,0.003,0.335,981.000,973.000,0.010,0.908,0.634,0.812,0.946,0.021,0.070,0.006,0.360
989,366,344,0.014,0.939,0.656,0.811,0.957,0.021,0.040,0.000,0.344,974.000,969.000,0.009,0.914,0.642,0.820,0.952,0.045,0.042,0.000,0.358,978.000,366.000,0.015,0.938,0.662,0.807,0.949,0.028,0.034,0.003,0.335,984.000,366.000,0.017,0.949,0.670,0.807,0.960,0.008,0.043,0.000,0.330
990,366,344,0.014,0.939,0.656,0.811,0.957,0.021,0.040,0.000,0.344,974.000,969.000,0.009,0.914,0.642,0.820,0.952,0.045,0.042,0.000,0.358,984.000,366.000,0.017,0.949,0.670,0.807,0.960,0.008,0.043,0.000,0.330,987.000,366.000,0.012,0.960,0.650,0.798,0.952,0.000,0.040,0.000,0.350
991,366,344,0.014,0.939,0.656,0.811,0.957,0.021,0.040,0.000,0.344,974.000,969.000,0.009,0.914,0.642,0.820,0.952,0.045,0.042,0.000,0.358,987.000,366.000,0.012,0.960,0.650,0.798,0.952,0.000,0.040,0.000,0.350,991.000,974.000,0.018,0.939,0.632,0.798,0.956,0.033,0.028,0.005,0.363
992,366,344,0.014,0.939,0.656,0.811,0.957,0.021,0.040,0.000,0.344,987.000,366.000,0.012,0.960,0.650,0.798,0.952,0.000,0.040,0.000,0.350,992.000,974.000,0.010,0.901,0.643,0.812,0.957,0.049,0.049,0.000,0.357,993.000,366.000,0.016,0.952,0.641,0.804,0.958,0.015,0.033,0.000,0.359
993,366,344,0.014,0.939,0.656,0.811,0.957,0.021,0.040,0.000,0.344,987.000,366.000,0.012,0.960,0.650,0.798,0.952,0.000,0.040,0.000,0.350,992.000,974.000,0.010,0.901,0.643,0.812,0.957,0.049,0.049,0.000,0.357,993.000,366.000,0.016,0.952,0.641,0.804,0.958,0.015,0.033,0.000,0.359
994,366,344,0.014,0.939,0.656,0.811,0.957,0.021,0.040,0.000,0.344,987.000,366.000,0.012,0.960,0.650,0.798,0.952,0.000,0.040,0.000,0.350,992.000,974.000,0.010,0.901,0.643,0.812,0.957,0.049,0.049,0.000,0.357,993.000,366.000,0.016,0.952,0.641,0.804,0.958,0.015,0.033,0.000,0.359
995,366,344,0.014,0.939,0.656,0.811,0.957,0.021,0.040,0.000,0.344,987.000,366.000,0.012,0.960,0.650,0.798,0.952,0.000,0.040,0.000,0.350,992.000,974.000,0.010,0.901,0.643,0.812,0.957,0.049,0.049,0.000,0.357,993.000,366.000,0.016,0.952,0.641,0.804,0.958,0.015,0.033,0.000,0.359
996,366,344,0.014,0.939,0.656,0.811,0.957,0.021,0.040,0.000,0.344,987.000,366.000,0.012,0.960,0.650,0.798,0.952,0.000,0.040,0.000,0.350,992.000,974.000,0.010,0.901,0.643,0.812,0.957,0.049,0.049,0.000,0.357,993.000,366.000,0.016,0.952,0.641,0.804,0.958,0.015,0.033,0.000,0.359
997,366,344,0.014,0.939,0.656,0.811,0.957,0.021,0.040,0.000,0.344,987.000,366.000,0.012,0.960,0.650,0.798,0.952,0.000,0.040,0.000,0.350,992.000,974.000,0.010,0.901,0.643,0.812,0.957,0.049,0.049,0.000,0.357,993.000,366.000,0.016,0.952,0.641,0.804,0.958,0.015,0.033,0.000,0.359
998,366,344,0.014,0.939,0.656,0.811,0.957,0.021,0.040,0.000,0.344,987.000,366.000,0.012,0.960,0.650,0.798,0.952,0.000,0.040,0.000,0.350,992.000,974.000,0.010,0.901,0.643,0.812,0.957,0.049,0.049,0.000,0.357,993.000,366.000,0.016,0.952,0.641,0.804,0.958,0.015,0.033,0.000,0.359
999,366,344,0.014,0.939,0.656,0.811,0.957,0.021,0.040,0.000,0.344,987.000,366.000,0.012,0.960,0.650,0.798,0.952,0.000,0.040,0.000,0.350,992.000,974.000,0.010,0.901,0.643,0.812,0.957,0.049,0.049,0.000,0.357,993.000,366.000,0.016,0.952,0.641,0.804,0.958,0.015,0.033,0.000,0.359
