mutation_step,id_1,parent_1,phi_1,r1_1,r2_1,p1_1,p2_1,r1r2_1,r1p1_1,r2r1_1,r2p2_1,id_2,parent_2,phi_2,r1_2,r2_2,p1_2,p2_2,r1r2_2,r1p1_2,r2r1_2,r2p2_2,id_3,parent_3,phi_3,r1_3,r2_3,p1_3,p2_3,r1r2_3,r1p1_3,r2r1_3,r2p2_3,id_4,parent_4,phi_4,r1_4,r2_4,p1_4,p2_4,r1r2_4,r1p1_4,r2r1_4,r2p2_4
0,0,-1,0.001,0.990,0.990,0.990,0.990,0.005,0.005,0.005,0.005,1,0,0.000,0.982,0.991,0.999,0.976,0.005,0.012,0.000,0.009,,,,,,,,,,,,,,,,,,,,,,
1,0,-1,0.001,0.990,0.990,0.990,0.990,0.005,0.005,0.005,0.005,1,0,0.000,0.982,0.991,0.999,0.976,0.005,0.012,0.000,0.009,2.000,1.000,0.010,0.971,0.977,1.000,0.969,0.007,0.023,0.008,0.015,,,,,,,,,,,
2,0,-1,0.001,0.990,0.990,0.990,0.990,0.005,0.005,0.005,0.005,1,0,0.000,0.982,0.991,0.999,0.976,0.005,0.012,0.000,0.009,2.000,1.000,0.010,0.971,0.977,1.000,0.969,0.007,0.023,0.008,0.015,3.000,1.000,0.000,0.984,0.996,1.000,0.981,0.005,0.011,0.003,0.000
3,0,-1,0.001,0.990,0.990,0.990,0.990,0.005,0.005,0.005,0.005,4,1,0.012,0.947,0.962,1.000,0.967,0.019,0.034,0.012,0.026,,,,,,,,,,,,,,,,,,,,,,
4,0,-1,0.001,0.990,0.990,0.990,0.990,0.005,0.005,0.005,0.005,5,0,0.000,0.981,0.997,0.984,0.983,0.012,0.007,0.001,0.001,,,,,,,,,,,,,,,,,,,,,,
5,0,-1,0.001,0.990,0.990,0.990,0.990,0.005,0.005,0.005,0.005,5,0,0.000,0.981,0.997,0.984,0.983,0.012,0.007,0.001,0.001,6.000,0.000,0.000,0.977,0.992,0.992,0.982,0.015,0.008,0.008,0.000,,,,,,,,,,,
6,5,0,0.000,0.981,0.997,0.984,0.983,0.012,0.007,0.001,0.001,6,0,0.000,0.977,0.992,0.992,0.982,0.015,0.008,0.008,0.000,,,,,,,,,,,,,,,,,,,,,,
7,5,0,0.000,0.981,0.997,0.984,0.983,0.012,0.007,0.001,0.001,6,0,0.000,0.977,0.992,0.992,0.982,0.015,0.008,0.008,0.000,8.000,5.000,0.005,0.977,0.980,0.970,0.996,0.023,0.000,0.006,0.014,,,,,,,,,,,
8,5,0,0.000,0.981,0.997,0.984,0.983,0.012,0.007,0.001,0.001,8,5,0.005,0.977,0.980,0.970,0.996,0.023,0.000,0.006,0.014,,,,,,,,,,,,,,,,,,,,,,
9,5,0,0.000,0.981,0.997,0.984,0.983,0.012,0.007,0.001,0.001,8,5,0.005,0.977,0.980,0.970,0.996,0.023,0.000,0.006,0.014,,,,,,,,,,,,,,,,,,,,,,
10,5,0,0.000,0.981,0.997,0.984,0.983,0.012,0.007,0.001,0.001,8,5,0.005,0.977,0.980,0.970,0.996,0.023,0.000,0.006,0.014,11.000,5.000,0.004,0.974,0.992,0.977,0.996,0.025,0.002,0.008,0.000,,,,,,,,,,,
11,5,0,0.000,0.981,0.997,0.984,0.983,0.012,0.007,0.001,0.001,8,5,0.005,0.977,0.980,0.970,0.996,0.023,0.000,0.006,0.014,12.000,5.000,0.000,0.973,0.993,0.973,0.974,0.016,0.011,0.007,0.000,,,,,,,,,,,
12,5,0,0.000,0.981,0.997,0.984,0.983,0.012,0.007,0.001,0.001,12,5,0.000,0.973,0.993,0.973,0.974,0.016,0.011,0.007,0.000,,,,,,,,,,,,,,,,,,,,,,
13,12,5,0.000,0.973,0.993,0.973,0.974,0.016,0.011,0.007,0.000,14,12,0.000,0.959,0.973,0.961,0.989,0.023,0.019,0.016,0.011,,,,,,,,,,,,,,,,,,,,,,
14,12,5,0.000,0.973,0.993,0.973,0.974,0.016,0.011,0.007,0.000,14,12,0.000,0.959,0.973,0.961,0.989,0.023,0.019,0.016,0.011,,,,,,,,,,,,,,,,,,,,,,
15,12,5,0.000,0.973,0.993,0.973,0.974,0.016,0.011,0.007,0.000,14,12,0.000,0.959,0.973,0.961,0.989,0.023,0.019,0.016,0.011,16.000,12.000,0.003,0.940,0.991,0.993,0.989,0.029,0.031,0.007,0.002,,,,,,,,,,,
16,12,5,0.000,0.973,0.993,0.973,0.974,0.016,0.011,0.007,0.000,14,12,0.000,0.959,0.973,0.961,0.989,0.023,0.019,0.016,0.011,17.000,12.000,0.008,0.952,0.985,0.960,0.983,0.017,0.031,0.011,0.004,,,,,,,,,,,
17,12,5,0.000,0.973,0.993,0.973,0.974,0.016,0.011,0.007,0.000,14,12,0.000,0.959,0.973,0.961,0.989,0.023,0.019,0.016,0.011,,,,,,,,,,,,,,,,,,,,,,
18,14,12,0.000,0.959,0.973,0.961,0.989,0.023,0.019,0.016,0.011,19,12,0.000,0.984,0.977,0.968,0.967,0.011,0.005,0.018,0.005,,,,,,,,,,,,,,,,,,,,,,
19,14,12,0.000,0.959,0.973,0.961,0.989,0.023,0.019,0.016,0.011,19,12,0.000,0.984,0.977,0.968,0.967,0.011,0.005,0.018,0.005,20.000,14.000,0.000,0.948,0.969,0.981,1.000,0.031,0.021,0.011,0.020,,,,,,,,,,,
20,14,12,0.000,0.959,0.973,0.961,0.989,0.023,0.019,0.016,0.011,19,12,0.000,0.984,0.977,0.968,0.967,0.011,0.005,0.018,0.005,,,,,,,,,,,,,,,,,,,,,,
21,19,12,0.000,0.984,0.977,0.968,0.967,0.011,0.005,0.018,0.005,22,19,0.000,0.944,0.972,0.967,0.955,0.037,0.019,0.021,0.007,,,,,,,,,,,,,,,,,,,,,,
22,19,12,0.000,0.984,0.977,0.968,0.967,0.011,0.005,0.018,0.005,22,19,0.000,0.944,0.972,0.967,0.955,0.037,0.019,0.021,0.007,23.000,19.000,0.000,0.981,0.978,0.965,0.975,0.000,0.019,0.004,0.018,,,,,,,,,,,
23,22,19,0.000,0.944,0.972,0.967,0.955,0.037,0.019,0.021,0.007,24,23,0.006,0.970,0.956,0.944,0.966,0.000,0.030,0.020,0.024,,,,,,,,,,,,,,,,,,,,,,
24,22,19,0.000,0.944,0.972,0.967,0.955,0.037,0.019,0.021,0.007,25,22,0.002,0.938,0.961,0.964,0.947,0.045,0.017,0.023,0.016,,,,,,,,,,,,,,,,,,,,,,
25,22,19,0.000,0.944,0.972,0.967,0.955,0.037,0.019,0.021,0.007,25,22,0.002,0.938,0.961,0.964,0.947,0.045,0.017,0.023,0.016,26.000,25.000,0.002,0.967,0.946,0.961,0.950,0.033,0.000,0.043,0.011,,,,,,,,,,,
26,22,19,0.000,0.944,0.972,0.967,0.955,0.037,0.019,0.021,0.007,25,22,0.002,0.938,0.961,0.964,0.947,0.045,0.017,0.023,0.016,26.000,25.000,0.002,0.967,0.946,0.961,0.950,0.033,0.000,0.043,0.011,27.000,26.000,0.004,0.953,0.937,0.971,0.952,0.045,0.002,0.037,0.025
27,25,22,0.002,0.938,0.961,0.964,0.947,0.045,0.017,0.023,0.016,26,25,0.002,0.967,0.946,0.961,0.950,0.033,0.000,0.043,0.011,27.000,26.000,0.004,0.953,0.937,0.971,0.952,0.045,0.002,0.037,0.025,28.000,26.000,0.000,0.981,0.952,0.950,0.952,0.019,0.000,0.034,0.013
28,25,22,0.002,0.938,0.961,0.964,0.947,0.045,0.017,0.023,0.016,26,25,0.002,0.967,0.946,0.961,0.950,0.033,0.000,0.043,0.011,27.000,26.000,0.004,0.953,0.937,0.971,0.952,0.045,0.002,0.037,0.025,28.000,26.000,0.000,0.981,0.952,0.950,0.952,0.019,0.000,0.034,0.013
29,25,22,0.002,0.938,0.961,0.964,0.947,0.045,0.017,0.023,0.016,26,25,0.002,0.967,0.946,0.961,0.950,0.033,0.000,0.043,0.011,27.000,26.000,0.004,0.953,0.937,0.971,0.952,0.045,0.002,0.037,0.025,28.000,26.000,0.000,0.981,0.952,0.950,0.952,0.019,0.000,0.034,0.013
30,25,22,0.002,0.938,0.961,0.964,0.947,0.045,0.017,0.023,0.016,26,25,0.002,0.967,0.946,0.961,0.950,0.033,0.000,0.043,0.011,27.000,26.000,0.004,0.953,0.937,0.971,0.952,0.045,0.002,0.037,0.025,28.000,26.000,0.000,0.981,0.952,0.950,0.952,0.019,0.000,0.034,0.013
31,25,22,0.002,0.938,0.961,0.964,0.947,0.045,0.017,0.023,0.016,27,26,0.004,0.953,0.937,0.971,0.952,0.045,0.002,0.037,0.025,28.000,26.000,0.000,0.981,0.952,0.950,0.952,0.019,0.000,0.034,0.013,30.000,28.000,0.005,0.972,0.948,0.966,0.970,0.028,0.000,0.034,0.017
32,25,22,0.002,0.938,0.961,0.964,0.947,0.045,0.017,0.023,0.016,27,26,0.004,0.953,0.937,0.971,0.952,0.045,0.002,0.037,0.025,28.000,26.000,0.000,0.981,0.952,0.950,0.952,0.019,0.000,0.034,0.013,33.000,25.000,0.008,0.955,0.967,0.964,0.937,0.025,0.020,0.028,0.005
33,25,22,0.002,0.938,0.961,0.964,0.947,0.045,0.017,0.023,0.016,27,26,0.004,0.953,0.937,0.971,0.952,0.045,0.002,0.037,0.025,33.000,25.000,0.008,0.955,0.967,0.964,0.937,0.025,0.020,0.028,0.005,34.000,28.000,0.006,0.964,0.956,0.952,0.951,0.018,0.019,0.036,0.008
34,25,22,0.002,0.938,0.961,0.964,0.947,0.045,0.017,0.023,0.016,27,26,0.004,0.953,0.937,0.971,0.952,0.045,0.002,0.037,0.025,33.000,25.000,0.008,0.955,0.967,0.964,0.937,0.025,0.020,0.028,0.005,34.000,28.000,0.006,0.964,0.956,0.952,0.951,0.018,0.019,0.036,0.008
35,25,22,0.002,0.938,0.961,0.964,0.947,0.045,0.017,0.023,0.016,33,25,0.008,0.955,0.967,0.964,0.937,0.025,0.020,0.028,0.005,34.000,28.000,0.006,0.964,0.956,0.952,0.951,0.018,0.019,0.036,0.008,35.000,34.000,0.007,0.969,0.954,0.934,0.955,0.017,0.014,0.038,0.008
36,25,22,0.002,0.938,0.961,0.964,0.947,0.045,0.017,0.023,0.016,34,28,0.006,0.964,0.956,0.952,0.951,0.018,0.019,0.036,0.008,35.000,34.000,0.007,0.969,0.954,0.934,0.955,0.017,0.014,0.038,0.008,37.000,35.000,0.008,0.956,0.942,0.936,0.957,0.021,0.023,0.032,0.026
37,25,22,0.002,0.938,0.961,0.964,0.947,0.045,0.017,0.023,0.016,37,35,0.008,0.956,0.942,0.936,0.957,0.021,0.023,0.032,0.026,38.000,25.000,0.001,0.945,0.964,0.960,0.948,0.055,0.000,0.033,0.003,,,,,,,,,,,
38,25,22,0.002,0.938,0.961,0.964,0.947,0.045,0.017,0.023,0.016,37,35,0.008,0.956,0.942,0.936,0.957,0.021,0.023,0.032,0.026,38.000,25.000,0.001,0.945,0.964,0.960,0.948,0.055,0.000,0.033,0.003,39.000,38.000,0.005,0.926,0.961,0.965,0.960,0.062,0.012,0.027,0.012
39,25,22,0.002,0.938,0.961,0.964,0.947,0.045,0.017,0.023,0.016,37,35,0.008,0.956,0.942,0.936,0.957,0.021,0.023,0.032,0.026,39.000,38.000,0.005,0.926,0.961,0.965,0.960,0.062,0.012,0.027,0.012,40.000,38.000,0.002,0.951,0.943,0.961,0.944,0.049,0.000,0.046,0.011
40,25,22,0.002,0.938,0.961,0.964,0.947,0.045,0.017,0.023,0.016,37,35,0.008,0.956,0.942,0.936,0.957,0.021,0.023,0.032,0.026,39.000,38.000,0.005,0.926,0.961,0.965,0.960,0.062,0.012,0.027,0.012,40.000,38.000,0.002,0.951,0.943,0.961,0.944,0.049,0.000,0.046,0.011
41,25,22,0.002,0.938,0.961,0.964,0.947,0.045,0.017,0.023,0.016,40,38,0.002,0.951,0.943,0.961,0.944,0.049,0.000,0.046,0.011,42.000,39.000,0.011,0.921,0.946,0.952,0.957,0.066,0.013,0.029,0.025,,,,,,,,,,,
42,25,22,0.002,0.938,0.961,0.964,0.947,0.045,0.017,0.023,0.016,43,40,0.005,0.953,0.935,0.952,0.943,0.047,0.000,0.045,0.019,,,,,,,,,,,,,,,,,,,,,,
43,25,22,0.002,0.938,0.961,0.964,0.947,0.045,0.017,0.023,0.016,43,40,0.005,0.953,0.935,0.952,0.943,0.047,0.000,0.045,0.019,,,,,,,,,,,,,,,,,,,,,,
44,25,22,0.002,0.938,0.961,0.964,0.947,0.045,0.017,0.023,0.016,43,40,0.005,0.953,0.935,0.952,0.943,0.047,0.000,0.045,0.019,45.000,43.000,0.000,0.939,0.946,0.943,0.947,0.061,0.000,0.041,0.014,,,,,,,,,,,
45,45,43,0.000,0.939,0.946,0.943,0.947,0.061,0.000,0.041,0.014,46,45,0.000,0.934,0.951,0.935,0.952,0.066,0.000,0.030,0.020,,,,,,,,,,,,,,,,,,,,,,
46,45,43,0.000,0.939,0.946,0.943,0.947,0.061,0.000,0.041,0.014,46,45,0.000,0.934,0.951,0.935,0.952,0.066,0.000,0.030,0.020,,,,,,,,,,,,,,,,,,,,,,
47,45,43,0.000,0.939,0.946,0.943,0.947,0.061,0.000,0.041,0.014,46,45,0.000,0.934,0.951,0.935,0.952,0.066,0.000,0.030,0.020,48.000,45.000,0.000,0.928,0.946,0.954,0.967,0.064,0.007,0.052,0.002,,,,,,,,,,,
48,45,43,0.000,0.939,0.946,0.943,0.947,0.061,0.000,0.041,0.014,46,45,0.000,0.934,0.951,0.935,0.952,0.066,0.000,0.030,0.020,48.000,45.000,0.000,0.928,0.946,0.954,0.967,0.064,0.007,0.052,0.002,49.000,45.000,0.002,0.939,0.965,0.934,0.949,0.049,0.012,0.031,0.003
49,45,43,0.000,0.939,0.946,0.943,0.947,0.061,0.000,0.041,0.014,46,45,0.000,0.934,0.951,0.935,0.952,0.066,0.000,0.030,0.020,49.000,45.000,0.002,0.939,0.965,0.934,0.949,0.049,0.012,0.031,0.003,50.000,49.000,0.000,0.919,0.968,0.939,0.945,0.059,0.022,0.032,0.000
50,45,43,0.000,0.939,0.946,0.943,0.947,0.061,0.000,0.041,0.014,46,45,0.000,0.934,0.951,0.935,0.952,0.066,0.000,0.030,0.020,49.000,45.000,0.002,0.939,0.965,0.934,0.949,0.049,0.012,0.031,0.003,50.000,49.000,0.000,0.919,0.968,0.939,0.945,0.059,0.022,0.032,0.000
51,45,43,0.000,0.939,0.946,0.943,0.947,0.061,0.000,0.041,0.014,46,45,0.000,0.934,0.951,0.935,0.952,0.066,0.000,0.030,0.020,51.000,46.000,0.000,0.939,0.962,0.925,0.941,0.061,0.000,0.032,0.006,52.000,46.000,0.000,0.951,0.956,0.943,0.943,0.049,0.000,0.036,0.008
52,45,43,0.000,0.939,0.946,0.943,0.947,0.061,0.000,0.041,0.014,46,45,0.000,0.934,0.951,0.935,0.952,0.066,0.000,0.030,0.020,51.000,46.000,0.000,0.939,0.962,0.925,0.941,0.061,0.000,0.032,0.006,52.000,46.000,0.000,0.951,0.956,0.943,0.943,0.049,0.000,0.036,0.008
53,45,43,0.000,0.939,0.946,0.943,0.947,0.061,0.000,0.041,0.014,46,45,0.000,0.934,0.951,0.935,0.952,0.066,0.000,0.030,0.020,51.000,46.000,0.000,0.939,0.962,0.925,0.941,0.061,0.000,0.032,0.006,52.000,46.000,0.000,0.951,0.956,0.943,0.943,0.049,0.000,0.036,0.008
54,45,43,0.000,0.939,0.946,0.943,0.947,0.061,0.000,0.041,0.014,46,45,0.000,0.934,0.951,0.935,0.952,0.066,0.000,0.030,0.020,51.000,46.000,0.000,0.939,0.962,0.925,0.941,0.061,0.000,0.032,0.006,52.000,46.000,0.000,0.951,0.956,0.943,0.943,0.049,0.000,0.036,0.008
55,45,43,0.000,0.939,0.946,0.943,0.947,0.061,0.000,0.041,0.014,46,45,0.000,0.934,0.951,0.935,0.952,0.066,0.000,0.030,0.020,54.000,46.000,0.000,0.924,0.948,0.931,0.957,0.063,0.013,0.027,0.024,55.000,45.000,0.000,0.945,0.951,0.916,0.937,0.055,0.000,0.049,0.000
56,46,45,0.000,0.934,0.951,0.935,0.952,0.066,0.000,0.030,0.020,56,45,0.004,0.938,0.953,0.946,0.931,0.062,0.000,0.030,0.017,,,,,,,,,,,,,,,,,,,,,,
57,46,45,0.000,0.934,0.951,0.935,0.952,0.066,0.000,0.030,0.020,56,45,0.004,0.938,0.953,0.946,0.931,0.062,0.000,0.030,0.017,58.000,46.000,0.004,0.929,0.964,0.931,0.956,0.066,0.005,0.025,0.010,,,,,,,,,,,
58,46,45,0.000,0.934,0.951,0.935,0.952,0.066,0.000,0.030,0.020,56,45,0.004,0.938,0.953,0.946,0.931,0.062,0.000,0.030,0.017,59.000,56.000,0.000,0.935,0.939,0.950,0.937,0.064,0.001,0.028,0.034,,,,,,,,,,,
59,46,45,0.000,0.934,0.951,0.935,0.952,0.066,0.000,0.030,0.020,56,45,0.004,0.938,0.953,0.946,0.931,0.062,0.000,0.030,0.017,59.000,56.000,0.000,0.935,0.939,0.950,0.937,0.064,0.001,0.028,0.034,60.000,56.000,0.010,0.931,0.941,0.948,0.953,0.057,0.012,0.037,0.023
60,56,45,0.004,0.938,0.953,0.946,0.931,0.062,0.000,0.030,0.017,59,56,0.000,0.935,0.939,0.950,0.937,0.064,0.001,0.028,0.034,,,,,,,,,,,,,,,,,,,,,,
61,56,45,0.004,0.938,0.953,0.946,0.931,0.062,0.000,0.030,0.017,59,56,0.000,0.935,0.939,0.950,0.937,0.064,0.001,0.028,0.034,62.000,59.000,0.000,0.930,0.942,0.950,0.939,0.067,0.004,0.036,0.023,,,,,,,,,,,
62,56,45,0.004,0.938,0.953,0.946,0.931,0.062,0.000,0.030,0.017,59,56,0.000,0.935,0.939,0.950,0.937,0.064,0.001,0.028,0.034,62.000,59.000,0.000,0.930,0.942,0.950,0.939,0.067,0.004,0.036,0.023,63.000,62.000,0.011,0.923,0.941,0.947,0.922,0.077,0.000,0.040,0.019
63,56,45,0.004,0.938,0.953,0.946,0.931,0.062,0.000,0.030,0.017,59,56,0.000,0.935,0.939,0.950,0.937,0.064,0.001,0.028,0.034,62.000,59.000,0.000,0.930,0.942,0.950,0.939,0.067,0.004,0.036,0.023,63.000,62.000,0.011,0.923,0.941,0.947,0.922,0.077,0.000,0.040,0.019
64,56,45,0.004,0.938,0.953,0.946,0.931,0.062,0.000,0.030,0.017,59,56,0.000,0.935,0.939,0.950,0.937,0.064,0.001,0.028,0.034,62.000,59.000,0.000,0.930,0.942,0.950,0.939,0.067,0.004,0.036,0.023,63.000,62.000,0.011,0.923,0.941,0.947,0.922,0.077,0.000,0.040,0.019
65,56,45,0.004,0.938,0.953,0.946,0.931,0.062,0.000,0.030,0.017,59,56,0.000,0.935,0.939,0.950,0.937,0.064,0.001,0.028,0.034,62.000,59.000,0.000,0.930,0.942,0.950,0.939,0.067,0.004,0.036,0.023,63.000,62.000,0.011,0.923,0.941,0.947,0.922,0.077,0.000,0.040,0.019
66,59,56,0.000,0.935,0.939,0.950,0.937,0.064,0.001,0.028,0.034,64,62,0.000,0.917,0.936,0.960,0.933,0.067,0.016,0.043,0.021,66.000,59.000,0.000,0.935,0.939,0.961,0.926,0.060,0.005,0.028,0.032,,,,,,,,,,,
67,59,56,0.000,0.935,0.939,0.950,0.937,0.064,0.001,0.028,0.034,64,62,0.000,0.917,0.936,0.960,0.933,0.067,0.016,0.043,0.021,66.000,59.000,0.000,0.935,0.939,0.961,0.926,0.060,0.005,0.028,0.032,68.000,64.000,0.000,0.925,0.942,0.957,0.946,0.058,0.018,0.051,0.007
68,59,56,0.000,0.935,0.939,0.950,0.937,0.064,0.001,0.028,0.034,64,62,0.000,0.917,0.936,0.960,0.933,0.067,0.016,0.043,0.021,66.000,59.000,0.000,0.935,0.939,0.961,0.926,0.060,0.005,0.028,0.032,69.000,66.000,0.000,0.927,0.940,0.965,0.914,0.062,0.011,0.028,0.032
69,59,56,0.000,0.935,0.939,0.950,0.937,0.064,0.001,0.028,0.034,69,66,0.000,0.927,0.940,0.965,0.914,0.062,0.011,0.028,0.032,70.000,59.000,0.001,0.930,0.922,0.942,0.927,0.063,0.007,0.030,0.048,,,,,,,,,,,
70,59,56,0.000,0.935,0.939,0.950,0.937,0.064,0.001,0.028,0.034,69,66,0.000,0.927,0.940,0.965,0.914,0.062,0.011,0.028,0.032,70.000,59.000,0.001,0.930,0.922,0.942,0.927,0.063,0.007,0.030,0.048,71.000,69.000,0.001,0.922,0.922,0.963,0.931,0.069,0.009,0.026,0.053
71,59,56,0.000,0.935,0.939,0.950,0.937,0.064,0.001,0.028,0.034,69,66,0.000,0.927,0.940,0.965,0.914,0.062,0.011,0.028,0.032,70.000,59.000,0.001,0.930,0.922,0.942,0.927,0.063,0.007,0.030,0.048,71.000,69.000,0.001,0.922,0.922,0.963,0.931,0.069,0.009,0.026,0.053
72,70,59,0.001,0.930,0.922,0.942,0.927,0.063,0.007,0.030,0.048,73,70,0.000,0.940,0.931,0.906,0.905,0.060,0.000,0.033,0.036,,,,,,,,,,,,,,,,,,,,,,
73,70,59,0.001,0.930,0.922,0.942,0.927,0.063,0.007,0.030,0.048,73,70,0.000,0.940,0.931,0.906,0.905,0.060,0.000,0.033,0.036,74.000,70.000,0.000,0.925,0.930,0.924,0.911,0.075,0.000,0.037,0.033,,,,,,,,,,,
74,73,70,0.000,0.940,0.931,0.906,0.905,0.060,0.000,0.033,0.036,74,70,0.000,0.925,0.930,0.924,0.911,0.075,0.000,0.037,0.033,75.000,74.000,0.003,0.926,0.928,0.927,0.901,0.074,0.000,0.041,0.031,,,,,,,,,,,
75,73,70,0.000,0.940,0.931,0.906,0.905,0.060,0.000,0.033,0.036,74,70,0.000,0.925,0.930,0.924,0.911,0.075,0.000,0.037,0.033,75.000,74.000,0.003,0.926,0.928,0.927,0.901,0.074,0.000,0.041,0.031,76.000,73.000,0.000,0.936,0.930,0.897,0.909,0.051,0.013,0.035,0.034
76,73,70,0.000,0.940,0.931,0.906,0.905,0.060,0.000,0.033,0.036,74,70,0.000,0.925,0.930,0.924,0.911,0.075,0.000,0.037,0.033,75.000,74.000,0.003,0.926,0.928,0.927,0.901,0.074,0.000,0.041,0.031,76.000,73.000,0.000,0.936,0.930,0.897,0.909,0.051,0.013,0.035,0.034
77,73,70,0.000,0.940,0.931,0.906,0.905,0.060,0.000,0.033,0.036,74,70,0.000,0.925,0.930,0.924,0.911,0.075,0.000,0.037,0.033,75.000,74.000,0.003,0.926,0.928,0.927,0.901,0.074,0.000,0.041,0.031,76.000,73.000,0.000,0.936,0.930,0.897,0.909,0.051,0.013,0.035,0.034
78,73,70,0.000,0.940,0.931,0.906,0.905,0.060,0.000,0.033,0.036,74,70,0.000,0.925,0.930,0.924,0.911,0.075,0.000,0.037,0.033,75.000,74.000,0.003,0.926,0.928,0.927,0.901,0.074,0.000,0.041,0.031,76.000,73.000,0.000,0.936,0.930,0.897,0.909,0.051,0.013,0.035,0.034
79,73,70,0.000,0.940,0.931,0.906,0.905,0.060,0.000,0.033,0.036,74,70,0.000,0.925,0.930,0.924,0.911,0.075,0.000,0.037,0.033,75.000,74.000,0.003,0.926,0.928,0.927,0.901,0.074,0.000,0.041,0.031,76.000,73.000,0.000,0.936,0.930,0.897,0.909,0.051,0.013,0.035,0.034
80,73,70,0.000,0.940,0.931,0.906,0.905,0.060,0.000,0.033,0.036,74,70,0.000,0.925,0.930,0.924,0.911,0.075,0.000,0.037,0.033,75.000,74.000,0.003,0.926,0.928,0.927,0.901,0.074,0.000,0.041,0.031,76.000,73.000,0.000,0.936,0.930,0.897,0.909,0.051,0.013,0.035,0.034
81,73,70,0.000,0.940,0.931,0.906,0.905,0.060,0.000,0.033,0.036,74,70,0.000,0.925,0.930,0.924,0.911,0.075,0.000,0.037,0.033,76.000,73.000,0.000,0.936,0.930,0.897,0.909,0.051,0.013,0.035,0.034,78.000,74.000,0.001,0.932,0.965,0.919,0.908,0.063,0.005,0.017,0.018
82,73,70,0.000,0.940,0.931,0.906,0.905,0.060,0.000,0.033,0.036,74,70,0.000,0.925,0.930,0.924,0.911,0.075,0.000,0.037,0.033,82.000,79.000,0.010,0.961,0.966,0.906,0.897,0.028,0.011,0.000,0.034,83.000,79.000,0.000,0.945,0.981,0.945,0.900,0.054,0.001,0.000,0.019
83,73,70,0.000,0.940,0.931,0.906,0.905,0.060,0.000,0.033,0.036,74,70,0.000,0.925,0.930,0.924,0.911,0.075,0.000,0.037,0.033,83.000,79.000,0.000,0.945,0.981,0.945,0.900,0.054,0.001,0.000,0.019,84.000,82.000,0.002,0.968,0.958,0.905,0.896,0.026,0.006,0.001,0.041
84,73,70,0.000,0.940,0.931,0.906,0.905,0.060,0.000,0.033,0.036,85,73,0.000,0.943,0.941,0.898,0.886,0.057,0.000,0.019,0.040,,,,,,,,,,,,,,,,,,,,,,
85,73,70,0.000,0.940,0.931,0.906,0.905,0.060,0.000,0.033,0.036,85,73,0.000,0.943,0.941,0.898,0.886,0.057,0.000,0.019,0.040,86.000,85.000,0.003,0.937,0.937,0.905,0.897,0.060,0.003,0.014,0.049,,,,,,,,,,,
86,73,70,0.000,0.940,0.931,0.906,0.905,0.060,0.000,0.033,0.036,85,73,0.000,0.943,0.941,0.898,0.886,0.057,0.000,0.019,0.040,86.000,85.000,0.003,0.937,0.937,0.905,0.897,0.060,0.003,0.014,0.049,87.000,73.000,0.000,0.939,0.941,0.903,0.935,0.061,0.000,0.029,0.030
87,73,70,0.000,0.940,0.931,0.906,0.905,0.060,0.000,0.033,0.036,85,73,0.000,0.943,0.941,0.898,0.886,0.057,0.000,0.019,0.040,86.000,85.000,0.003,0.937,0.937,0.905,0.897,0.060,0.003,0.014,0.049,88.000,86.000,0.004,0.926,0.938,0.914,0.900,0.074,0.000,0.009,0.053
88,73,70,0.000,0.940,0.931,0.906,0.905,0.060,0.000,0.033,0.036,85,73,0.000,0.943,0.941,0.898,0.886,0.057,0.000,0.019,0.040,86.000,85.000,0.003,0.937,0.937,0.905,0.897,0.060,0.003,0.014,0.049,88.000,86.000,0.004,0.926,0.938,0.914,0.900,0.074,0.000,0.009,0.053
89,85,73,0.000,0.943,0.941,0.898,0.886,0.057,0.000,0.019,0.040,90,85,0.000,0.938,0.953,0.894,0.887,0.062,0.000,0.002,0.045,,,,,,,,,,,,,,,,,,,,,,
90,85,73,0.000,0.943,0.941,0.898,0.886,0.057,0.000,0.019,0.040,90,85,0.000,0.938,0.953,0.894,0.887,0.062,0.000,0.002,0.045,91.000,85.000,0.000,0.919,0.956,0.892,0.877,0.061,0.021,0.000,0.044,,,,,,,,,,,
91,85,73,0.000,0.943,0.941,0.898,0.886,0.057,0.000,0.019,0.040,90,85,0.000,0.938,0.953,0.894,0.887,0.062,0.000,0.002,0.045,91.000,85.000,0.000,0.919,0.956,0.892,0.877,0.061,0.021,0.000,0.044,92.000,91.000,0.000,0.951,0.951,0.893,0.881,0.039,0.010,0.009,0.040
92,91,85,0.000,0.919,0.956,0.892,0.877,0.061,0.021,0.000,0.044,93,91,0.000,0.914,0.951,0.875,0.869,0.067,0.019,0.000,0.049,,,,,,,,,,,,,,,,,,,,,,
93,91,85,0.000,0.919,0.956,0.892,0.877,0.061,0.021,0.000,0.044,93,91,0.000,0.914,0.951,0.875,0.869,0.067,0.019,0.000,0.049,94.000,91.000,0.000,0.900,0.959,0.893,0.882,0.061,0.040,0.003,0.038,,,,,,,,,,,
94,91,85,0.000,0.919,0.956,0.892,0.877,0.061,0.021,0.000,0.044,93,91,0.000,0.914,0.951,0.875,0.869,0.067,0.019,0.000,0.049,94.000,91.000,0.000,0.900,0.959,0.893,0.882,0.061,0.040,0.003,0.038,95.000,93.000,0.000,0.925,0.930,0.874,0.869,0.052,0.024,0.021,0.050
95,91,85,0.000,0.919,0.956,0.892,0.877,0.061,0.021,0.000,0.044,93,91,0.000,0.914,0.951,0.875,0.869,0.067,0.019,0.000,0.049,94.000,91.000,0.000,0.900,0.959,0.893,0.882,0.061,0.040,0.003,0.038,95.000,93.000,0.000,0.925,0.930,0.874,0.869,0.052,0.024,0.021,0.050
96,91,85,0.000,0.919,0.956,0.892,0.877,0.061,0.021,0.000,0.044,93,91,0.000,0.914,0.951,0.875,0.869,0.067,0.019,0.000,0.049,94.000,91.000,0.000,0.900,0.959,0.893,0.882,0.061,0.040,0.003,0.038,95.000,93.000,0.000,0.925,0.930,0.874,0.869,0.052,0.024,0.021,0.050
97,91,85,0.000,0.919,0.956,0.892,0.877,0.061,0.021,0.000,0.044,93,91,0.000,0.914,0.951,0.875,0.869,0.067,0.019,0.000,0.049,94.000,91.000,0.000,0.900,0.959,0.893,0.882,0.061,0.040,0.003,0.038,95.000,93.000,0.000,0.925,0.930,0.874,0.869,0.052,0.024,0.021,0.050
98,91,85,0.000,0.919,0.956,0.892,0.877,0.061,0.021,0.000,0.044,93,91,0.000,0.914,0.951,0.875,0.869,0.067,0.019,0.000,0.049,94.000,91.000,0.000,0.900,0.959,0.893,0.882,0.061,0.040,0.003,0.038,95.000,93.000,0.000,0.925,0.930,0.874,0.869,0.052,0.024,0.021,0.050
99,91,85,0.000,0.919,0.956,0.892,0.877,0.061,0.021,0.000,0.044,93,91,0.000,0.914,0.951,0.875,0.869,0.067,0.019,0.000,0.049,95.000,93.000,0.000,0.925,0.930,0.874,0.869,0.052,0.024,0.021,0.050,96.000,95.000,0.004,0.947,0.905,0.875,0.867,0.038,0.015,0.031,0.064
100,91,85,0.000,0.919,0.956,0.892,0.877,0.061,0.021,0.000,0.044,93,91,0.000,0.914,0.951,0.875,0.869,0.067,0.019,0.000,0.049,95.000,93.000,0.000,0.925,0.930,0.874,0.869,0.052,0.024,0.021,0.050,98.000,96.000,0.000,0.948,0.907,0.878,0.871,0.046,0.006,0.032,0.061
101,91,85,0.000,0.919,0.956,0.892,0.877,0.061,0.021,0.000,0.044,93,91,0.000,0.914,0.951,0.875,0.869,0.067,0.019,0.000,0.049,95.000,93.000,0.000,0.925,0.930,0.874,0.869,0.052,0.024,0.021,0.050,98.000,96.000,0.000,0.948,0.907,0.878,0.871,0.046,0.006,0.032,0.061
102,91,85,0.000,0.919,0.956,0.892,0.877,0.061,0.021,0.000,0.044,93,91,0.000,0.914,0.951,0.875,0.869,0.067,0.019,0.000,0.049,95.000,93.000,0.000,0.925,0.930,0.874,0.869,0.052,0.024,0.021,0.050,98.000,96.000,0.000,0.948,0.907,0.878,0.871,0.046,0.006,0.032,0.061
103,91,85,0.000,0.919,0.956,0.892,0.877,0.061,0.021,0.000,0.044,93,91,0.000,0.914,0.951,0.875,0.869,0.067,0.019,0.000,0.049,95.000,93.000,0.000,0.925,0.930,0.874,0.869,0.052,0.024,0.021,0.050,98.000,96.000,0.000,0.948,0.907,0.878,0.871,0.046,0.006,0.032,0.061
104,91,85,0.000,0.919,0.956,0.892,0.877,0.061,0.021,0.000,0.044,93,91,0.000,0.914,0.951,0.875,0.869,0.067,0.019,0.000,0.049,98.000,96.000,0.000,0.948,0.907,0.878,0.871,0.046,0.006,0.032,0.061,103.000,101.000,0.002,0.933,0.953,0.879,0.877,0.067,0.000,0.008,0.038
105,93,91,0.000,0.914,0.951,0.875,0.869,0.067,0.019,0.000,0.049,104,95,0.000,0.923,0.921,0.876,0.860,0.052,0.025,0.019,0.059,106.000,93.000,0.000,0.902,0.944,0.862,0.872,0.071,0.027,0.000,0.056,,,,,,,,,,,
106,93,91,0.000,0.914,0.951,0.875,0.869,0.067,0.019,0.000,0.049,104,95,0.000,0.923,0.921,0.876,0.860,0.052,0.025,0.019,0.059,106.000,93.000,0.000,0.902,0.944,0.862,0.872,0.071,0.027,0.000,0.056,107.000,93.000,0.000,0.910,0.940,0.873,0.860,0.071,0.019,0.011,0.049
107,93,91,0.000,0.914,0.951,0.875,0.869,0.067,0.019,0.000,0.049,104,95,0.000,0.923,0.921,0.876,0.860,0.052,0.025,0.019,0.059,107.000,93.000,0.000,0.910,0.940,0.873,0.860,0.071,0.019,0.011,0.049,,,,,,,,,,,
108,93,91,0.000,0.914,0.951,0.875,0.869,0.067,0.019,0.000,0.049,104,95,0.000,0.923,0.921,0.876,0.860,0.052,0.025,0.019,0.059,107.000,93.000,0.000,0.910,0.940,0.873,0.860,0.071,0.019,0.011,0.049,109.000,93.000,0.000,0.912,0.958,0.870,0.871,0.074,0.015,0.002,0.040
109,93,91,0.000,0.914,0.951,0.875,0.869,0.067,0.019,0.000,0.049,104,95,0.000,0.923,0.921,0.876,0.860,0.052,0.025,0.019,0.059,107.000,93.000,0.000,0.910,0.940,0.873,0.860,0.071,0.019,0.011,0.049,109.000,93.000,0.000,0.912,0.958,0.870,0.871,0.074,0.015,0.002,0.040
110,93,91,0.000,0.914,0.951,0.875,0.869,0.067,0.019,0.000,0.049,104,95,0.000,0.923,0.921,0.876,0.860,0.052,0.025,0.019,0.059,107.000,93.000,0.000,0.910,0.940,0.873,0.860,0.071,0.019,0.011,0.049,109.000,93.000,0.000,0.912,0.958,0.870,0.871,0.074,0.015,0.002,0.040
111,93,91,0.000,0.914,0.951,0.875,0.869,0.067,0.019,0.000,0.049,104,95,0.000,0.923,0.921,0.876,0.860,0.052,0.025,0.019,0.059,107.000,93.000,0.000,0.910,0.940,0.873,0.860,0.071,0.019,0.011,0.049,109.000,93.000,0.000,0.912,0.958,0.870,0.871,0.074,0.015,0.002,0.040
112,93,91,0.000,0.914,0.951,0.875,0.869,0.067,0.019,0.000,0.049,107,93,0.000,0.910,0.940,0.873,0.860,0.071,0.019,0.011,0.049,110.000,107.000,0.000,0.901,0.936,0.864,0.851,0.082,0.017,0.031,0.033,112.000,109.000,0.000,0.912,0.951,0.886,0.866,0.066,0.023,0.009,0.040
113,93,91,0.000,0.914,0.951,0.875,0.869,0.067,0.019,0.000,0.049,107,93,0.000,0.910,0.940,0.873,0.860,0.071,0.019,0.011,0.049,110.000,107.000,0.000,0.901,0.936,0.864,0.851,0.082,0.017,0.031,0.033,112.000,109.000,0.000,0.912,0.951,0.886,0.866,0.066,0.023,0.009,0.040
114,107,93,0.000,0.910,0.940,0.873,0.860,0.071,0.019,0.011,0.049,115,107,0.001,0.917,0.930,0.885,0.854,0.074,0.010,0.015,0.055,,,,,,,,,,,,,,,,,,,,,,
115,107,93,0.000,0.910,0.940,0.873,0.860,0.071,0.019,0.011,0.049,115,107,0.001,0.917,0.930,0.885,0.854,0.074,0.010,0.015,0.055,116.000,107.000,0.004,0.914,0.941,0.860,0.869,0.076,0.009,0.007,0.051,,,,,,,,,,,
116,107,93,0.000,0.910,0.940,0.873,0.860,0.071,0.019,0.011,0.049,115,107,0.001,0.917,0.930,0.885,0.854,0.074,0.010,0.015,0.055,116.000,107.000,0.004,0.914,0.941,0.860,0.869,0.076,0.009,0.007,0.051,117.000,116.000,0.012,0.902,0.934,0.867,0.872,0.083,0.015,0.018,0.048
117,107,93,0.000,0.910,0.940,0.873,0.860,0.071,0.019,0.011,0.049,115,107,0.001,0.917,0.930,0.885,0.854,0.074,0.010,0.015,0.055,116.000,107.000,0.004,0.914,0.941,0.860,0.869,0.076,0.009,0.007,0.051,117.000,116.000,0.012,0.902,0.934,0.867,0.872,0.083,0.015,0.018,0.048
118,107,93,0.000,0.910,0.940,0.873,0.860,0.071,0.019,0.011,0.049,115,107,0.001,0.917,0.930,0.885,0.854,0.074,0.010,0.015,0.055,118.000,116.000,0.003,0.926,0.943,0.857,0.861,0.074,0.000,0.000,0.057,119.000,116.000,0.001,0.891,0.948,0.856,0.878,0.089,0.020,0.014,0.038
119,107,93,0.000,0.910,0.940,0.873,0.860,0.071,0.019,0.011,0.049,115,107,0.001,0.917,0.930,0.885,0.854,0.074,0.010,0.015,0.055,118.000,116.000,0.003,0.926,0.943,0.857,0.861,0.074,0.000,0.000,0.057,120.000,107.000,0.001,0.930,0.936,0.877,0.857,0.057,0.013,0.021,0.043
120,107,93,0.000,0.910,0.940,0.873,0.860,0.071,0.019,0.011,0.049,115,107,0.001,0.917,0.930,0.885,0.854,0.074,0.010,0.015,0.055,120.000,107.000,0.001,0.930,0.936,0.877,0.857,0.057,0.013,0.021,0.043,121.000,107.000,0.000,0.926,0.936,0.871,0.859,0.054,0.021,0.006,0.059
121,107,93,0.000,0.910,0.940,0.873,0.860,0.071,0.019,0.011,0.049,115,107,0.001,0.917,0.930,0.885,0.854,0.074,0.010,0.015,0.055,120.000,107.000,0.001,0.930,0.936,0.877,0.857,0.057,0.013,0.021,0.043,121.000,107.000,0.000,0.926,0.936,0.871,0.859,0.054,0.021,0.006,0.059
122,107,93,0.000,0.910,0.940,0.873,0.860,0.071,0.019,0.011,0.049,115,107,0.001,0.917,0.930,0.885,0.854,0.074,0.010,0.015,0.055,120.000,107.000,0.001,0.930,0.936,0.877,0.857,0.057,0.013,0.021,0.043,121.000,107.000,0.000,0.926,0.936,0.871,0.859,0.054,0.021,0.006,0.059
123,107,93,0.000,0.910,0.940,0.873,0.860,0.071,0.019,0.011,0.049,115,107,0.001,0.917,0.930,0.885,0.854,0.074,0.010,0.015,0.055,120.000,107.000,0.001,0.930,0.936,0.877,0.857,0.057,0.013,0.021,0.043,121.000,107.000,0.000,0.926,0.936,0.871,0.859,0.054,0.021,0.006,0.059
124,107,93,0.000,0.910,0.940,0.873,0.860,0.071,0.019,0.011,0.049,115,107,0.001,0.917,0.930,0.885,0.854,0.074,0.010,0.015,0.055,120.000,107.000,0.001,0.930,0.936,0.877,0.857,0.057,0.013,0.021,0.043,121.000,107.000,0.000,0.926,0.936,0.871,0.859,0.054,0.021,0.006,0.059
125,107,93,0.000,0.910,0.940,0.873,0.860,0.071,0.019,0.011,0.049,115,107,0.001,0.917,0.930,0.885,0.854,0.074,0.010,0.015,0.055,121.000,107.000,0.000,0.926,0.936,0.871,0.859,0.054,0.021,0.006,0.059,122.000,115.000,0.003,0.921,0.940,0.903,0.868,0.079,0.000,0.015,0.045
126,115,107,0.001,0.917,0.930,0.885,0.854,0.074,0.010,0.015,0.055,121,107,0.000,0.926,0.936,0.871,0.859,0.054,0.021,0.006,0.059,124.000,120.000,0.000,0.920,0.943,0.882,0.860,0.064,0.015,0.028,0.029,125.000,107.000,0.000,0.905,0.938,0.881,0.862,0.080,0.015,0.014,0.048
127,115,107,0.001,0.917,0.930,0.885,0.854,0.074,0.010,0.015,0.055,121,107,0.000,0.926,0.936,0.871,0.859,0.054,0.021,0.006,0.059,125.000,107.000,0.000,0.905,0.938,0.881,0.862,0.080,0.015,0.014,0.048,127.000,121.000,0.000,0.933,0.937,0.878,0.854,0.051,0.016,0.000,0.063
128,115,107,0.001,0.917,0.930,0.885,0.854,0.074,0.010,0.015,0.055,121,107,0.000,0.926,0.936,0.871,0.859,0.054,0.021,0.006,0.059,125.000,107.000,0.000,0.905,0.938,0.881,0.862,0.080,0.015,0.014,0.048,127.000,121.000,0.000,0.933,0.937,0.878,0.854,0.051,0.016,0.000,0.063
129,115,107,0.001,0.917,0.930,0.885,0.854,0.074,0.010,0.015,0.055,130,127,0.000,0.937,0.916,0.889,0.852,0.053,0.010,0.011,0.073,,,,,,,,,,,,,,,,,,,,,,
130,115,107,0.001,0.917,0.930,0.885,0.854,0.074,0.010,0.015,0.055,130,127,0.000,0.937,0.916,0.889,0.852,0.053,0.010,0.011,0.073,131.000,130.000,0.003,0.927,0.923,0.887,0.870,0.065,0.008,0.013,0.065,,,,,,,,,,,
131,115,107,0.001,0.917,0.930,0.885,0.854,0.074,0.010,0.015,0.055,130,127,0.000,0.937,0.916,0.889,0.852,0.053,0.010,0.011,0.073,131.000,130.000,0.003,0.927,0.923,0.887,0.870,0.065,0.008,0.013,0.065,132.000,130.000,0.000,0.949,0.918,0.897,0.847,0.048,0.003,0.002,0.080
132,130,127,0.000,0.937,0.916,0.889,0.852,0.053,0.010,0.011,0.073,132,130,0.000,0.949,0.918,0.897,0.847,0.048,0.003,0.002,0.080,,,,,,,,,,,,,,,,,,,,,,
133,130,127,0.000,0.937,0.916,0.889,0.852,0.053,0.010,0.011,0.073,132,130,0.000,0.949,0.918,0.897,0.847,0.048,0.003,0.002,0.080,134.000,132.000,0.000,0.949,0.925,0.899,0.848,0.051,0.000,0.000,0.075,,,,,,,,,,,
134,130,127,0.000,0.937,0.916,0.889,0.852,0.053,0.010,0.011,0.073,132,130,0.000,0.949,0.918,0.897,0.847,0.048,0.003,0.002,0.080,134.000,132.000,0.000,0.949,0.925,0.899,0.848,0.051,0.000,0.000,0.075,,,,,,,,,,,
135,132,130,0.000,0.949,0.918,0.897,0.847,0.048,0.003,0.002,0.080,136,130,0.000,0.924,0.896,0.892,0.840,0.053,0.023,0.017,0.087,,,,,,,,,,,,,,,,,,,,,,
136,132,130,0.000,0.949,0.918,0.897,0.847,0.048,0.003,0.002,0.080,136,130,0.000,0.924,0.896,0.892,0.840,0.053,0.023,0.017,0.087,137.000,132.000,0.005,0.956,0.913,0.896,0.852,0.044,0.000,0.012,0.075,,,,,,,,,,,
137,132,130,0.000,0.949,0.918,0.897,0.847,0.048,0.003,0.002,0.080,136,130,0.000,0.924,0.896,0.892,0.840,0.053,0.023,0.017,0.087,137.000,132.000,0.005,0.956,0.913,0.896,0.852,0.044,0.000,0.012,0.075,138.000,137.000,0.007,0.962,0.918,0.900,0.832,0.032,0.007,0.008,0.074
138,132,130,0.000,0.949,0.918,0.897,0.847,0.048,0.003,0.002,0.080,136,130,0.000,0.924,0.896,0.892,0.840,0.053,0.023,0.017,0.087,137.000,132.000,0.005,0.956,0.913,0.896,0.852,0.044,0.000,0.012,0.075,138.000,137.000,0.007,0.962,0.918,0.900,0.832,0.032,0.007,0.008,0.074
139,132,130,0.000,0.949,0.918,0.897,0.847,0.048,0.003,0.002,0.080,136,130,0.000,0.924,0.896,0.892,0.840,0.053,0.023,0.017,0.087,137.000,132.000,0.005,0.956,0.913,0.896,0.852,0.044,0.000,0.012,0.075,138.000,137.000,0.007,0.962,0.918,0.900,0.832,0.032,0.007,0.008,0.074
140,132,130,0.000,0.949,0.918,0.897,0.847,0.048,0.003,0.002,0.080,136,130,0.000,0.924,0.896,0.892,0.840,0.053,0.023,0.017,0.087,137.000,132.000,0.005,0.956,0.913,0.896,0.852,0.044,0.000,0.012,0.075,138.000,137.000,0.007,0.962,0.918,0.900,0.832,0.032,0.007,0.008,0.074
141,132,130,0.000,0.949,0.918,0.897,0.847,0.048,0.003,0.002,0.080,136,130,0.000,0.924,0.896,0.892,0.840,0.053,0.023,0.017,0.087,139.000,132.000,0.000,0.940,0.916,0.905,0.851,0.043,0.017,0.000,0.084,140.000,137.000,0.001,0.962,0.906,0.889,0.852,0.038,0.000,0.015,0.079
142,132,130,0.000,0.949,0.918,0.897,0.847,0.048,0.003,0.002,0.080,136,130,0.000,0.924,0.896,0.892,0.840,0.053,0.023,0.017,0.087,139.000,132.000,0.000,0.940,0.916,0.905,0.851,0.043,0.017,0.000,0.084,140.000,137.000,0.001,0.962,0.906,0.889,0.852,0.038,0.000,0.015,0.079
143,132,130,0.000,0.949,0.918,0.897,0.847,0.048,0.003,0.002,0.080,136,130,0.000,0.924,0.896,0.892,0.840,0.053,0.023,0.017,0.087,144.000,132.000,0.000,0.947,0.939,0.909,0.838,0.052,0.001,0.000,0.061,,,,,,,,,,,
144,132,130,0.000,0.949,0.918,0.897,0.847,0.048,0.003,0.002,0.080,136,130,0.000,0.924,0.896,0.892,0.840,0.053,0.023,0.017,0.087,144.000,132.000,0.000,0.947,0.939,0.909,0.838,0.052,0.001,0.000,0.061,145.000,136.000,0.009,0.906,0.887,0.883,0.829,0.054,0.040,0.022,0.091
145,132,130,0.000,0.949,0.918,0.897,0.847,0.048,0.003,0.002,0.080,136,130,0.000,0.924,0.896,0.892,0.840,0.053,0.023,0.017,0.087,144.000,132.000,0.000,0.947,0.939,0.909,0.838,0.052,0.001,0.000,0.061,146.000,145.000,0.008,0.915,0.911,0.872,0.831,0.050,0.035,0.021,0.068
146,132,130,0.000,0.949,0.918,0.897,0.847,0.048,0.003,0.002,0.080,136,130,0.000,0.924,0.896,0.892,0.840,0.053,0.023,0.017,0.087,144.000,132.000,0.000,0.947,0.939,0.909,0.838,0.052,0.001,0.000,0.061,146.000,145.000,0.008,0.915,0.911,0.872,0.831,0.050,0.035,0.021,0.068
147,136,130,0.000,0.924,0.896,0.892,0.840,0.053,0.023,0.017,0.087,144,132,0.000,0.947,0.939,0.909,0.838,0.052,0.001,0.000,0.061,146.000,145.000,0.008,0.915,0.911,0.872,0.831,0.050,0.035,0.021,0.068,147.000,132.000,0.003,0.956,0.906,0.891,0.855,0.030,0.014,0.000,0.094
148,136,130,0.000,0.924,0.896,0.892,0.840,0.053,0.023,0.017,0.087,144,132,0.000,0.947,0.939,0.909,0.838,0.052,0.001,0.000,0.061,146.000,145.000,0.008,0.915,0.911,0.872,0.831,0.050,0.035,0.021,0.068,147.000,132.000,0.003,0.956,0.906,0.891,0.855,0.030,0.014,0.000,0.094
149,136,130,0.000,0.924,0.896,0.892,0.840,0.053,0.023,0.017,0.087,150,144,0.000,0.945,0.930,0.921,0.821,0.055,0.000,0.008,0.062,,,,,,,,,,,,,,,,,,,,,,
150,136,130,0.000,0.924,0.896,0.892,0.840,0.053,0.023,0.017,0.087,150,144,0.000,0.945,0.930,0.921,0.821,0.055,0.000,0.008,0.062,151.000,136.000,0.000,0.907,0.884,0.890,0.840,0.048,0.045,0.025,0.091,,,,,,,,,,,
151,136,130,0.000,0.924,0.896,0.892,0.840,0.053,0.023,0.017,0.087,150,144,0.000,0.945,0.930,0.921,0.821,0.055,0.000,0.008,0.062,151.000,136.000,0.000,0.907,0.884,0.890,0.840,0.048,0.045,0.025,0.091,152.000,151.000,0.001,0.922,0.902,0.908,0.872,0.046,0.032,0.018,0.080
152,136,130,0.000,0.924,0.896,0.892,0.840,0.053,0.023,0.017,0.087,153,150,0.000,0.932,0.934,0.921,0.814,0.068,0.000,0.009,0.058,,,,,,,,,,,,,,,,,,,,,,
153,136,130,0.000,0.924,0.896,0.892,0.840,0.053,0.023,0.017,0.087,153,150,0.000,0.932,0.934,0.921,0.814,0.068,0.000,0.009,0.058,154.000,136.000,0.005,0.935,0.905,0.882,0.849,0.040,0.025,0.008,0.087,,,,,,,,,,,
154,136,130,0.000,0.924,0.896,0.892,0.840,0.053,0.023,0.017,0.087,153,150,0.000,0.932,0.934,0.921,0.814,0.068,0.000,0.009,0.058,155.000,136.000,0.000,0.922,0.899,0.896,0.831,0.052,0.026,0.008,0.093,,,,,,,,,,,
155,153,150,0.000,0.932,0.934,0.921,0.814,0.068,0.000,0.009,0.058,155,136,0.000,0.922,0.899,0.896,0.831,0.052,0.026,0.008,0.093,,,,,,,,,,,,,,,,,,,,,,
156,153,150,0.000,0.932,0.934,0.921,0.814,0.068,0.000,0.009,0.058,155,136,0.000,0.922,0.899,0.896,0.831,0.052,0.026,0.008,0.093,,,,,,,,,,,,,,,,,,,,,,
157,153,150,0.000,0.932,0.934,0.921,0.814,0.068,0.000,0.009,0.058,155,136,0.000,0.922,0.899,0.896,0.831,0.052,0.026,0.008,0.093,,,,,,,,,,,,,,,,,,,,,,
158,153,150,0.000,0.932,0.934,0.921,0.814,0.068,0.000,0.009,0.058,155,136,0.000,0.922,0.899,0.896,0.831,0.052,0.026,0.008,0.093,159.000,155.000,0.000,0.920,0.900,0.905,0.835,0.061,0.019,0.019,0.082,,,,,,,,,,,
159,153,150,0.000,0.932,0.934,0.921,0.814,0.068,0.000,0.009,0.058,155,136,0.000,0.922,0.899,0.896,0.831,0.052,0.026,0.008,0.093,159.000,155.000,0.000,0.920,0.900,0.905,0.835,0.061,0.019,0.019,0.082,160.000,153.000,0.010,0.930,0.943,0.923,0.822,0.064,0.005,0.002,0.055
160,153,150,0.000,0.932,0.934,0.921,0.814,0.068,0.000,0.009,0.058,155,136,0.000,0.922,0.899,0.896,0.831,0.052,0.026,0.008,0.093,159.000,155.000,0.000,0.920,0.900,0.905,0.835,0.061,0.019,0.019,0.082,,,,,,,,,,,
161,155,136,0.000,0.922,0.899,0.896,0.831,0.052,0.026,0.008,0.093,159,155,0.000,0.920,0.900,0.905,0.835,0.061,0.019,0.019,0.082,,,,,,,,,,,,,,,,,,,,,,
162,155,136,0.000,0.922,0.899,0.896,0.831,0.052,0.026,0.008,0.093,159,155,0.000,0.920,0.900,0.905,0.835,0.061,0.019,0.019,0.082,163.000,159.000,0.000,0.929,0.904,0.902,0.842,0.056,0.015,0.011,0.085,,,,,,,,,,,
163,155,136,0.000,0.922,0.899,0.896,0.831,0.052,0.026,0.008,0.093,159,155,0.000,0.920,0.900,0.905,0.835,0.061,0.019,0.019,0.082,163.000,159.000,0.000,0.929,0.904,0.902,0.842,0.056,0.015,0.011,0.085,164.000,163.000,0.000,0.920,0.897,0.911,0.832,0.062,0.018,0.004,0.098
164,155,136,0.000,0.922,0.899,0.896,0.831,0.052,0.026,0.008,0.093,159,155,0.000,0.920,0.900,0.905,0.835,0.061,0.019,0.019,0.082,163.000,159.000,0.000,0.929,0.904,0.902,0.842,0.056,0.015,0.011,0.085,164.000,163.000,0.000,0.920,0.897,0.911,0.832,0.062,0.018,0.004,0.098
165,159,155,0.000,0.920,0.900,0.905,0.835,0.061,0.019,0.019,0.082,164,163,0.000,0.920,0.897,0.911,0.832,0.062,0.018,0.004,0.098,,,,,,,,,,,,,,,,,,,,,,
166,159,155,0.000,0.920,0.900,0.905,0.835,0.061,0.019,0.019,0.082,164,163,0.000,0.920,0.897,0.911,0.832,0.062,0.018,0.004,0.098,167.000,164.000,0.000,0.926,0.923,0.922,0.830,0.068,0.006,0.001,0.076,,,,,,,,,,,
167,159,155,0.000,0.920,0.900,0.905,0.835,0.061,0.019,0.019,0.082,164,163,0.000,0.920,0.897,0.911,0.832,0.062,0.018,0.004,0.098,167.000,164.000,0.000,0.926,0.923,0.922,0.830,0.068,0.006,0.001,0.076,168.000,167.000,0.003,0.936,0.925,0.916,0.841,0.051,0.013,0.000,0.075
168,159,155,0.000,0.920,0.900,0.905,0.835,0.061,0.019,0.019,0.082,164,163,0.000,0.920,0.897,0.911,0.832,0.062,0.018,0.004,0.098,167.000,164.000,0.000,0.926,0.923,0.922,0.830,0.068,0.006,0.001,0.076,168.000,167.000,0.003,0.936,0.925,0.916,0.841,0.051,0.013,0.000,0.075
169,159,155,0.000,0.920,0.900,0.905,0.835,0.061,0.019,0.019,0.082,164,163,0.000,0.920,0.897,0.911,0.832,0.062,0.018,0.004,0.098,167.000,164.000,0.000,0.926,0.923,0.922,0.830,0.068,0.006,0.001,0.076,168.000,167.000,0.003,0.936,0.925,0.916,0.841,0.051,0.013,0.000,0.075
170,159,155,0.000,0.920,0.900,0.905,0.835,0.061,0.019,0.019,0.082,164,163,0.000,0.920,0.897,0.911,0.832,0.062,0.018,0.004,0.098,167.000,164.000,0.000,0.926,0.923,0.922,0.830,0.068,0.006,0.001,0.076,168.000,167.000,0.003,0.936,0.925,0.916,0.841,0.051,0.013,0.000,0.075
171,159,155,0.000,0.920,0.900,0.905,0.835,0.061,0.019,0.019,0.082,164,163,0.000,0.920,0.897,0.911,0.832,0.062,0.018,0.004,0.098,167.000,164.000,0.000,0.926,0.923,0.922,0.830,0.068,0.006,0.001,0.076,168.000,167.000,0.003,0.936,0.925,0.916,0.841,0.051,0.013,0.000,0.075
172,159,155,0.000,0.920,0.900,0.905,0.835,0.061,0.019,0.019,0.082,164,163,0.000,0.920,0.897,0.911,0.832,0.062,0.018,0.004,0.098,167.000,164.000,0.000,0.926,0.923,0.922,0.830,0.068,0.006,0.001,0.076,168.000,167.000,0.003,0.936,0.925,0.916,0.841,0.051,0.013,0.000,0.075
173,159,155,0.000,0.920,0.900,0.905,0.835,0.061,0.019,0.019,0.082,164,163,0.000,0.920,0.897,0.911,0.832,0.062,0.018,0.004,0.098,167.000,164.000,0.000,0.926,0.923,0.922,0.830,0.068,0.006,0.001,0.076,170.000,168.000,0.000,0.927,0.921,0.916,0.835,0.058,0.015,0.001,0.078
174,159,155,0.000,0.920,0.900,0.905,0.835,0.061,0.019,0.019,0.082,164,163,0.000,0.920,0.897,0.911,0.832,0.062,0.018,0.004,0.098,167.000,164.000,0.000,0.926,0.923,0.922,0.830,0.068,0.006,0.001,0.076,170.000,168.000,0.000,0.927,0.921,0.916,0.835,0.058,0.015,0.001,0.078
175,159,155,0.000,0.920,0.900,0.905,0.835,0.061,0.019,0.019,0.082,164,163,0.000,0.920,0.897,0.911,0.832,0.062,0.018,0.004,0.098,167.000,164.000,0.000,0.926,0.923,0.922,0.830,0.068,0.006,0.001,0.076,170.000,168.000,0.000,0.927,0.921,0.916,0.835,0.058,0.015,0.001,0.078
176,164,163,0.000,0.920,0.897,0.911,0.832,0.062,0.018,0.004,0.098,167,164,0.000,0.926,0.923,0.922,0.830,0.068,0.006,0.001,0.076,177.000,164.000,0.003,0.938,0.879,0.900,0.831,0.062,0.000,0.005,0.116,,,,,,,,,,,
177,164,163,0.000,0.920,0.897,0.911,0.832,0.062,0.018,0.004,0.098,167,164,0.000,0.926,0.923,0.922,0.830,0.068,0.006,0.001,0.076,177.000,164.000,0.003,0.938,0.879,0.900,0.831,0.062,0.000,0.005,0.116,178.000,164.000,0.009,0.918,0.902,0.903,0.814,0.074,0.008,0.000,0.098
178,164,163,0.000,0.920,0.897,0.911,0.832,0.062,0.018,0.004,0.098,167,164,0.000,0.926,0.923,0.922,0.830,0.068,0.006,0.001,0.076,177.000,164.000,0.003,0.938,0.879,0.900,0.831,0.062,0.000,0.005,0.116,178.000,164.000,0.009,0.918,0.902,0.903,0.814,0.074,0.008,0.000,0.098
179,164,163,0.000,0.920,0.897,0.911,0.832,0.062,0.018,0.004,0.098,167,164,0.000,0.926,0.923,0.922,0.830,0.068,0.006,0.001,0.076,177.000,164.000,0.003,0.938,0.879,0.900,0.831,0.062,0.000,0.005,0.116,178.000,164.000,0.009,0.918,0.902,0.903,0.814,0.074,0.008,0.000,0.098
180,164,163,0.000,0.920,0.897,0.911,0.832,0.062,0.018,0.004,0.098,167,164,0.000,0.926,0.923,0.922,0.830,0.068,0.006,0.001,0.076,177.000,164.000,0.003,0.938,0.879,0.900,0.831,0.062,0.000,0.005,0.116,178.000,164.000,0.009,0.918,0.902,0.903,0.814,0.074,0.008,0.000,0.098
181,164,163,0.000,0.920,0.897,0.911,0.832,0.062,0.018,0.004,0.098,167,164,0.000,0.926,0.923,0.922,0.830,0.068,0.006,0.001,0.076,177.000,164.000,0.003,0.938,0.879,0.900,0.831,0.062,0.000,0.005,0.116,179.000,164.000,0.001,0.935,0.887,0.908,0.835,0.058,0.007,0.011,0.102
182,164,163,0.000,0.920,0.897,0.911,0.832,0.062,0.018,0.004,0.098,167,164,0.000,0.926,0.923,0.922,0.830,0.068,0.006,0.001,0.076,177.000,164.000,0.003,0.938,0.879,0.900,0.831,0.062,0.000,0.005,0.116,179.000,164.000,0.001,0.935,0.887,0.908,0.835,0.058,0.007,0.011,0.102
183,164,163,0.000,0.920,0.897,0.911,0.832,0.062,0.018,0.004,0.098,182,177,0.000,0.926,0.888,0.885,0.837,0.074,0.000,0.000,0.112,183.000,182.000,0.000,0.924,0.896,0.888,0.816,0.076,0.000,0.002,0.102,184.000,164.000,0.000,0.909,0.913,0.908,0.831,0.074,0.017,0.000,0.087
184,164,163,0.000,0.920,0.897,0.911,0.832,0.062,0.018,0.004,0.098,182,177,0.000,0.926,0.888,0.885,0.837,0.074,0.000,0.000,0.112,183.000,182.000,0.000,0.924,0.896,0.888,0.816,0.076,0.000,0.002,0.102,184.000,164.000,0.000,0.909,0.913,0.908,0.831,0.074,0.017,0.000,0.087
185,164,163,0.000,0.920,0.897,0.911,0.832,0.062,0.018,0.004,0.098,182,177,0.000,0.926,0.888,0.885,0.837,0.074,0.000,0.000,0.112,183.000,182.000,0.000,0.924,0.896,0.888,0.816,0.076,0.000,0.002,0.102,184.000,164.000,0.000,0.909,0.913,0.908,0.831,0.074,0.017,0.000,0.087
186,164,163,0.000,0.920,0.897,0.911,0.832,0.062,0.018,0.004,0.098,182,177,0.000,0.926,0.888,0.885,0.837,0.074,0.000,0.000,0.112,183.000,182.000,0.000,0.924,0.896,0.888,0.816,0.076,0.000,0.002,0.102,185.000,184.000,0.000,0.920,0.898,0.908,0.830,0.056,0.024,0.005,0.097
187,182,177,0.000,0.926,0.888,0.885,0.837,0.074,0.000,0.000,0.112,183,182,0.000,0.924,0.896,0.888,0.816,0.076,0.000,0.002,0.102,185.000,184.000,0.000,0.920,0.898,0.908,0.830,0.056,0.024,0.005,0.097,186.000,183.000,0.000,0.902,0.893,0.875,0.821,0.081,0.016,0.000,0.107
188,182,177,0.000,0.926,0.888,0.885,0.837,0.074,0.000,0.000,0.112,183,182,0.000,0.924,0.896,0.888,0.816,0.076,0.000,0.002,0.102,186.000,183.000,0.000,0.902,0.893,0.875,0.821,0.081,0.016,0.000,0.107,188.000,185.000,0.000,0.903,0.882,0.911,0.836,0.061,0.036,0.013,0.105
189,182,177,0.000,0.926,0.888,0.885,0.837,0.074,0.000,0.000,0.112,183,182,0.000,0.924,0.896,0.888,0.816,0.076,0.000,0.002,0.102,186.000,183.000,0.000,0.902,0.893,0.875,0.821,0.081,0.016,0.000,0.107,188.000,185.000,0.000,0.903,0.882,0.911,0.836,0.061,0.036,0.013,0.105
190,182,177,0.000,0.926,0.888,0.885,0.837,0.074,0.000,0.000,0.112,183,182,0.000,0.924,0.896,0.888,0.816,0.076,0.000,0.002,0.102,186.000,183.000,0.000,0.902,0.893,0.875,0.821,0.081,0.016,0.000,0.107,188.000,185.000,0.000,0.903,0.882,0.911,0.836,0.061,0.036,0.013,0.105
191,182,177,0.000,0.926,0.888,0.885,0.837,0.074,0.000,0.000,0.112,183,182,0.000,0.924,0.896,0.888,0.816,0.076,0.000,0.002,0.102,186.000,183.000,0.000,0.902,0.893,0.875,0.821,0.081,0.016,0.000,0.107,188.000,185.000,0.000,0.903,0.882,0.911,0.836,0.061,0.036,0.013,0.105
192,182,177,0.000,0.926,0.888,0.885,0.837,0.074,0.000,0.000,0.112,183,182,0.000,0.924,0.896,0.888,0.816,0.076,0.000,0.002,0.102,186.000,183.000,0.000,0.902,0.893,0.875,0.821,0.081,0.016,0.000,0.107,188.000,185.000,0.000,0.903,0.882,0.911,0.836,0.061,0.036,0.013,0.105
193,183,182,0.000,0.924,0.896,0.888,0.816,0.076,0.000,0.002,0.102,186,183,0.000,0.902,0.893,0.875,0.821,0.081,0.016,0.000,0.107,189.000,186.000,0.000,0.920,0.894,0.881,0.827,0.077,0.003,0.007,0.099,192.000,186.000,0.000,0.883,0.883,0.872,0.832,0.092,0.024,0.020,0.097
194,183,182,0.000,0.924,0.896,0.888,0.816,0.076,0.000,0.002,0.102,186,183,0.000,0.902,0.893,0.875,0.821,0.081,0.016,0.000,0.107,189.000,186.000,0.000,0.920,0.894,0.881,0.827,0.077,0.003,0.007,0.099,192.000,186.000,0.000,0.883,0.883,0.872,0.832,0.092,0.024,0.020,0.097
195,183,182,0.000,0.924,0.896,0.888,0.816,0.076,0.000,0.002,0.102,186,183,0.000,0.902,0.893,0.875,0.821,0.081,0.016,0.000,0.107,196.000,183.000,0.000,0.907,0.882,0.883,0.832,0.093,0.000,0.000,0.118,,,,,,,,,,,
196,183,182,0.000,0.924,0.896,0.888,0.816,0.076,0.000,0.002,0.102,196,183,0.000,0.907,0.882,0.883,0.832,0.093,0.000,0.000,0.118,197.000,186.000,0.000,0.905,0.877,0.888,0.828,0.095,0.000,0.001,0.122,,,,,,,,,,,
197,196,183,0.000,0.907,0.882,0.883,0.832,0.093,0.000,0.000,0.118,197,186,0.000,0.905,0.877,0.888,0.828,0.095,0.000,0.001,0.122,198.000,183.000,0.000,0.920,0.866,0.892,0.805,0.071,0.009,0.019,0.115,,,,,,,,,,,
198,196,183,0.000,0.907,0.882,0.883,0.832,0.093,0.000,0.000,0.118,197,186,0.000,0.905,0.877,0.888,0.828,0.095,0.000,0.001,0.122,198.000,183.000,0.000,0.920,0.866,0.892,0.805,0.071,0.009,0.019,0.115,199.000,198.000,0.000,0.925,0.872,0.899,0.820,0.071,0.004,0.017,0.111
199,196,183,0.000,0.907,0.882,0.883,0.832,0.093,0.000,0.000,0.118,197,186,0.000,0.905,0.877,0.888,0.828,0.095,0.000,0.001,0.122,198.000,183.000,0.000,0.920,0.866,0.892,0.805,0.071,0.009,0.019,0.115,199.000,198.000,0.000,0.925,0.872,0.899,0.820,0.071,0.004,0.017,0.111
200,196,183,0.000,0.907,0.882,0.883,0.832,0.093,0.000,0.000,0.118,197,186,0.000,0.905,0.877,0.888,0.828,0.095,0.000,0.001,0.122,198.000,183.000,0.000,0.920,0.866,0.892,0.805,0.071,0.009,0.019,0.115,199.000,198.000,0.000,0.925,0.872,0.899,0.820,0.071,0.004,0.017,0.111
201,196,183,0.000,0.907,0.882,0.883,0.832,0.093,0.000,0.000,0.118,197,186,0.000,0.905,0.877,0.888,0.828,0.095,0.000,0.001,0.122,198.000,183.000,0.000,0.920,0.866,0.892,0.805,0.071,0.009,0.019,0.115,199.000,198.000,0.000,0.925,0.872,0.899,0.820,0.071,0.004,0.017,0.111
202,196,183,0.000,0.907,0.882,0.883,0.832,0.093,0.000,0.000,0.118,197,186,0.000,0.905,0.877,0.888,0.828,0.095,0.000,0.001,0.122,198.000,183.000,0.000,0.920,0.866,0.892,0.805,0.071,0.009,0.019,0.115,199.000,198.000,0.000,0.925,0.872,0.899,0.820,0.071,0.004,0.017,0.111
203,196,183,0.000,0.907,0.882,0.883,0.832,0.093,0.000,0.000,0.118,197,186,0.000,0.905,0.877,0.888,0.828,0.095,0.000,0.001,0.122,198.000,183.000,0.000,0.920,0.866,0.892,0.805,0.071,0.009,0.019,0.115,199.000,198.000,0.000,0.925,0.872,0.899,0.820,0.071,0.004,0.017,0.111
204,196,183,0.000,0.907,0.882,0.883,0.832,0.093,0.000,0.000,0.118,197,186,0.000,0.905,0.877,0.888,0.828,0.095,0.000,0.001,0.122,198.000,183.000,0.000,0.920,0.866,0.892,0.805,0.071,0.009,0.019,0.115,199.000,198.000,0.000,0.925,0.872,0.899,0.820,0.071,0.004,0.017,0.111
205,196,183,0.000,0.907,0.882,0.883,0.832,0.093,0.000,0.000,0.118,197,186,0.000,0.905,0.877,0.888,0.828,0.095,0.000,0.001,0.122,198.000,183.000,0.000,0.920,0.866,0.892,0.805,0.071,0.009,0.019,0.115,199.000,198.000,0.000,0.925,0.872,0.899,0.820,0.071,0.004,0.017,0.111
206,200,198,0.000,0.902,0.878,0.889,0.788,0.082,0.016,0.000,0.122,203,200,0.000,0.907,0.882,0.891,0.783,0.082,0.011,0.000,0.118,,,,,,,,,,,,,,,,,,,,,,
207,200,198,0.000,0.902,0.878,0.889,0.788,0.082,0.016,0.000,0.122,203,200,0.000,0.907,0.882,0.891,0.783,0.082,0.011,0.000,0.118,,,,,,,,,,,,,,,,,,,,,,
208,200,198,0.000,0.902,0.878,0.889,0.788,0.082,0.016,0.000,0.122,203,200,0.000,0.907,0.882,0.891,0.783,0.082,0.011,0.000,0.118,,,,,,,,,,,,,,,,,,,,,,
209,200,198,0.000,0.902,0.878,0.889,0.788,0.082,0.016,0.000,0.122,203,200,0.000,0.907,0.882,0.891,0.783,0.082,0.011,0.000,0.118,,,,,,,,,,,,,,,,,,,,,,
210,200,198,0.000,0.902,0.878,0.889,0.788,0.082,0.016,0.000,0.122,203,200,0.000,0.907,0.882,0.891,0.783,0.082,0.011,0.000,0.118,211.000,203.000,0.000,0.925,0.882,0.866,0.801,0.075,0.000,0.000,0.118,,,,,,,,,,,
211,200,198,0.000,0.902,0.878,0.889,0.788,0.082,0.016,0.000,0.122,203,200,0.000,0.907,0.882,0.891,0.783,0.082,0.011,0.000,0.118,211.000,203.000,0.000,0.925,0.882,0.866,0.801,0.075,0.000,0.000,0.118,212.000,203.000,0.002,0.906,0.888,0.893,0.784,0.082,0.012,0.006,0.105
212,200,198,0.000,0.902,0.878,0.889,0.788,0.082,0.016,0.000,0.122,203,200,0.000,0.907,0.882,0.891,0.783,0.082,0.011,0.000,0.118,211.000,203.000,0.000,0.925,0.882,0.866,0.801,0.075,0.000,0.000,0.118,212.000,203.000,0.002,0.906,0.888,0.893,0.784,0.082,0.012,0.006,0.105
213,200,198,0.000,0.902,0.878,0.889,0.788,0.082,0.016,0.000,0.122,203,200,0.000,0.907,0.882,0.891,0.783,0.082,0.011,0.000,0.118,211.000,203.000,0.000,0.925,0.882,0.866,0.801,0.075,0.000,0.000,0.118,212.000,203.000,0.002,0.906,0.888,0.893,0.784,0.082,0.012,0.006,0.105
214,200,198,0.000,0.902,0.878,0.889,0.788,0.082,0.016,0.000,0.122,203,200,0.000,0.907,0.882,0.891,0.783,0.082,0.011,0.000,0.118,211.000,203.000,0.000,0.925,0.882,0.866,0.801,0.075,0.000,0.000,0.118,212.000,203.000,0.002,0.906,0.888,0.893,0.784,0.082,0.012,0.006,0.105
215,200,198,0.000,0.902,0.878,0.889,0.788,0.082,0.016,0.000,0.122,203,200,0.000,0.907,0.882,0.891,0.783,0.082,0.011,0.000,0.118,212.000,203.000,0.002,0.906,0.888,0.893,0.784,0.082,0.012,0.006,0.105,213.000,200.000,0.005,0.889,0.870,0.899,0.790,0.085,0.026,0.000,0.130
216,200,198,0.000,0.902,0.878,0.889,0.788,0.082,0.016,0.000,0.122,203,200,0.000,0.907,0.882,0.891,0.783,0.082,0.011,0.000,0.118,212.000,203.000,0.002,0.906,0.888,0.893,0.784,0.082,0.012,0.006,0.105,213.000,200.000,0.005,0.889,0.870,0.899,0.790,0.085,0.026,0.000,0.130
217,200,198,0.000,0.902,0.878,0.889,0.788,0.082,0.016,0.000,0.122,203,200,0.000,0.907,0.882,0.891,0.783,0.082,0.011,0.000,0.118,212.000,203.000,0.002,0.906,0.888,0.893,0.784,0.082,0.012,0.006,0.105,214.000,212.000,0.000,0.916,0.887,0.897,0.779,0.071,0.013,0.000,0.113
218,200,198,0.000,0.902,0.878,0.889,0.788,0.082,0.016,0.000,0.122,203,200,0.000,0.907,0.882,0.891,0.783,0.082,0.011,0.000,0.118,214.000,212.000,0.000,0.916,0.887,0.897,0.779,0.071,0.013,0.000,0.113,216.000,211.000,0.000,0.914,0.879,0.857,0.800,0.086,0.000,0.000,0.121
219,200,198,0.000,0.902,0.878,0.889,0.788,0.082,0.016,0.000,0.122,203,200,0.000,0.907,0.882,0.891,0.783,0.082,0.011,0.000,0.118,214.000,212.000,0.000,0.916,0.887,0.897,0.779,0.071,0.013,0.000,0.113,219.000,216.000,0.000,0.899,0.877,0.854,0.811,0.099,0.002,0.002,0.121
220,200,198,0.000,0.902,0.878,0.889,0.788,0.082,0.016,0.000,0.122,203,200,0.000,0.907,0.882,0.891,0.783,0.082,0.011,0.000,0.118,214.000,212.000,0.000,0.916,0.887,0.897,0.779,0.071,0.013,0.000,0.113,219.000,216.000,0.000,0.899,0.877,0.854,0.811,0.099,0.002,0.002,0.121
221,200,198,0.000,0.902,0.878,0.889,0.788,0.082,0.016,0.000,0.122,203,200,0.000,0.907,0.882,0.891,0.783,0.082,0.011,0.000,0.118,214.000,212.000,0.000,0.916,0.887,0.897,0.779,0.071,0.013,0.000,0.113,219.000,216.000,0.000,0.899,0.877,0.854,0.811,0.099,0.002,0.002,0.121
222,200,198,0.000,0.902,0.878,0.889,0.788,0.082,0.016,0.000,0.122,203,200,0.000,0.907,0.882,0.891,0.783,0.082,0.011,0.000,0.118,214.000,212.000,0.000,0.916,0.887,0.897,0.779,0.071,0.013,0.000,0.113,219.000,216.000,0.000,0.899,0.877,0.854,0.811,0.099,0.002,0.002,0.121
223,200,198,0.000,0.902,0.878,0.889,0.788,0.082,0.016,0.000,0.122,203,200,0.000,0.907,0.882,0.891,0.783,0.082,0.011,0.000,0.118,219.000,216.000,0.000,0.899,0.877,0.854,0.811,0.099,0.002,0.002,0.121,220.000,219.000,0.000,0.879,0.871,0.856,0.809,0.100,0.021,0.000,0.129
224,200,198,0.000,0.902,0.878,0.889,0.788,0.082,0.016,0.000,0.122,203,200,0.000,0.907,0.882,0.891,0.783,0.082,0.011,0.000,0.118,220.000,219.000,0.000,0.879,0.871,0.856,0.809,0.100,0.021,0.000,0.129,221.000,214.000,0.005,0.914,0.887,0.891,0.800,0.086,0.000,0.005,0.108
225,200,198,0.000,0.902,0.878,0.889,0.788,0.082,0.016,0.000,0.122,203,200,0.000,0.907,0.882,0.891,0.783,0.082,0.011,0.000,0.118,222.000,203.000,0.002,0.908,0.888,0.894,0.772,0.080,0.012,0.000,0.112,223.000,200.000,0.003,0.903,0.871,0.891,0.792,0.096,0.000,0.012,0.116
226,200,198,0.000,0.902,0.878,0.889,0.788,0.082,0.016,0.000,0.122,203,200,0.000,0.907,0.882,0.891,0.783,0.082,0.011,0.000,0.118,222.000,203.000,0.002,0.908,0.888,0.894,0.772,0.080,0.012,0.000,0.112,223.000,200.000,0.003,0.903,0.871,0.891,0.792,0.096,0.000,0.012,0.116
227,200,198,0.000,0.902,0.878,0.889,0.788,0.082,0.016,0.000,0.122,203,200,0.000,0.907,0.882,0.891,0.783,0.082,0.011,0.000,0.118,227.000,203.000,0.000,0.903,0.864,0.882,0.787,0.087,0.010,0.007,0.129,,,,,,,,,,,
228,203,200,0.000,0.907,0.882,0.891,0.783,0.082,0.011,0.000,0.118,227,203,0.000,0.903,0.864,0.882,0.787,0.087,0.010,0.007,0.129,229.000,227.000,0.000,0.892,0.860,0.877,0.783,0.097,0.011,0.001,0.139,,,,,,,,,,,
229,203,200,0.000,0.907,0.882,0.891,0.783,0.082,0.011,0.000,0.118,227,203,0.000,0.903,0.864,0.882,0.787,0.087,0.010,0.007,0.129,229.000,227.000,0.000,0.892,0.860,0.877,0.783,0.097,0.011,0.001,0.139,230.000,227.000,0.000,0.897,0.858,0.896,0.786,0.084,0.019,0.016,0.126
230,203,200,0.000,0.907,0.882,0.891,0.783,0.082,0.011,0.000,0.118,227,203,0.000,0.903,0.864,0.882,0.787,0.087,0.010,0.007,0.129,229.000,227.000,0.000,0.892,0.860,0.877,0.783,0.097,0.011,0.001,0.139,230.000,227.000,0.000,0.897,0.858,0.896,0.786,0.084,0.019,0.016,0.126
231,203,200,0.000,0.907,0.882,0.891,0.783,0.082,0.011,0.000,0.118,227,203,0.000,0.903,0.864,0.882,0.787,0.087,0.010,0.007,0.129,229.000,227.000,0.000,0.892,0.860,0.877,0.783,0.097,0.011,0.001,0.139,230.000,227.000,0.000,0.897,0.858,0.896,0.786,0.084,0.019,0.016,0.126
232,203,200,0.000,0.907,0.882,0.891,0.783,0.082,0.011,0.000,0.118,227,203,0.000,0.903,0.864,0.882,0.787,0.087,0.010,0.007,0.129,229.000,227.000,0.000,0.892,0.860,0.877,0.783,0.097,0.011,0.001,0.139,230.000,227.000,0.000,0.897,0.858,0.896,0.786,0.084,0.019,0.016,0.126
233,203,200,0.000,0.907,0.882,0.891,0.783,0.082,0.011,0.000,0.118,227,203,0.000,0.903,0.864,0.882,0.787,0.087,0.010,0.007,0.129,229.000,227.000,0.000,0.892,0.860,0.877,0.783,0.097,0.011,0.001,0.139,230.000,227.000,0.000,0.897,0.858,0.896,0.786,0.084,0.019,0.016,0.126
234,227,203,0.000,0.903,0.864,0.882,0.787,0.087,0.010,0.007,0.129,229,227,0.000,0.892,0.860,0.877,0.783,0.097,0.011,0.001,0.139,230.000,227.000,0.000,0.897,0.858,0.896,0.786,0.084,0.019,0.016,0.126,233.000,203.000,0.000,0.899,0.885,0.889,0.792,0.097,0.003,0.000,0.115
235,227,203,0.000,0.903,0.864,0.882,0.787,0.087,0.010,0.007,0.129,229,227,0.000,0.892,0.860,0.877,0.783,0.097,0.011,0.001,0.139,230.000,227.000,0.000,0.897,0.858,0.896,0.786,0.084,0.019,0.016,0.126,233.000,203.000,0.000,0.899,0.885,0.889,0.792,0.097,0.003,0.000,0.115
236,227,203,0.000,0.903,0.864,0.882,0.787,0.087,0.010,0.007,0.129,229,227,0.000,0.892,0.860,0.877,0.783,0.097,0.011,0.001,0.139,230.000,227.000,0.000,0.897,0.858,0.896,0.786,0.084,0.019,0.016,0.126,233.000,203.000,0.000,0.899,0.885,0.889,0.792,0.097,0.003,0.000,0.115
237,227,203,0.000,0.903,0.864,0.882,0.787,0.087,0.010,0.007,0.129,229,227,0.000,0.892,0.860,0.877,0.783,0.097,0.011,0.001,0.139,230.000,227.000,0.000,0.897,0.858,0.896,0.786,0.084,0.019,0.016,0.126,233.000,203.000,0.000,0.899,0.885,0.889,0.792,0.097,0.003,0.000,0.115
238,227,203,0.000,0.903,0.864,0.882,0.787,0.087,0.010,0.007,0.129,229,227,0.000,0.892,0.860,0.877,0.783,0.097,0.011,0.001,0.139,230.000,227.000,0.000,0.897,0.858,0.896,0.786,0.084,0.019,0.016,0.126,233.000,203.000,0.000,0.899,0.885,0.889,0.792,0.097,0.003,0.000,0.115
239,227,203,0.000,0.903,0.864,0.882,0.787,0.087,0.010,0.007,0.129,229,227,0.000,0.892,0.860,0.877,0.783,0.097,0.011,0.001,0.139,230.000,227.000,0.000,0.897,0.858,0.896,0.786,0.084,0.019,0.016,0.126,233.000,203.000,0.000,0.899,0.885,0.889,0.792,0.097,0.003,0.000,0.115
240,227,203,0.000,0.903,0.864,0.882,0.787,0.087,0.010,0.007,0.129,229,227,0.000,0.892,0.860,0.877,0.783,0.097,0.011,0.001,0.139,230.000,227.000,0.000,0.897,0.858,0.896,0.786,0.084,0.019,0.016,0.126,233.000,203.000,0.000,0.899,0.885,0.889,0.792,0.097,0.003,0.000,0.115
241,229,227,0.000,0.892,0.860,0.877,0.783,0.097,0.011,0.001,0.139,230,227,0.000,0.897,0.858,0.896,0.786,0.084,0.019,0.016,0.126,233.000,203.000,0.000,0.899,0.885,0.889,0.792,0.097,0.003,0.000,0.115,237.000,230.000,0.000,0.920,0.861,0.887,0.789,0.080,0.000,0.013,0.126
242,229,227,0.000,0.892,0.860,0.877,0.783,0.097,0.011,0.001,0.139,230,227,0.000,0.897,0.858,0.896,0.786,0.084,0.019,0.016,0.126,233.000,203.000,0.000,0.899,0.885,0.889,0.792,0.097,0.003,0.000,0.115,237.000,230.000,0.000,0.920,0.861,0.887,0.789,0.080,0.000,0.013,0.126
243,229,227,0.000,0.892,0.860,0.877,0.783,0.097,0.011,0.001,0.139,233,203,0.000,0.899,0.885,0.889,0.792,0.097,0.003,0.000,0.115,240.000,238.000,0.000,0.865,0.856,0.851,0.774,0.120,0.015,0.007,0.137,243.000,238.000,0.000,0.891,0.847,0.842,0.757,0.107,0.002,0.015,0.138
244,229,227,0.000,0.892,0.860,0.877,0.783,0.097,0.011,0.001,0.139,233,203,0.000,0.899,0.885,0.889,0.792,0.097,0.003,0.000,0.115,240.000,238.000,0.000,0.865,0.856,0.851,0.774,0.120,0.015,0.007,0.137,244.000,230.000,0.000,0.897,0.869,0.906,0.773,0.098,0.006,0.013,0.117
245,229,227,0.000,0.892,0.860,0.877,0.783,0.097,0.011,0.001,0.139,233,203,0.000,0.899,0.885,0.889,0.792,0.097,0.003,0.000,0.115,240.000,238.000,0.000,0.865,0.856,0.851,0.774,0.120,0.015,0.007,0.137,244.000,230.000,0.000,0.897,0.869,0.906,0.773,0.098,0.006,0.013,0.117
246,229,227,0.000,0.892,0.860,0.877,0.783,0.097,0.011,0.001,0.139,233,203,0.000,0.899,0.885,0.889,0.792,0.097,0.003,0.000,0.115,240.000,238.000,0.000,0.865,0.856,0.851,0.774,0.120,0.015,0.007,0.137,244.000,230.000,0.000,0.897,0.869,0.906,0.773,0.098,0.006,0.013,0.117
247,229,227,0.000,0.892,0.860,0.877,0.783,0.097,0.011,0.001,0.139,240,238,0.000,0.865,0.856,0.851,0.774,0.120,0.015,0.007,0.137,244.000,230.000,0.000,0.897,0.869,0.906,0.773,0.098,0.006,0.013,0.117,246.000,244.000,0.000,0.894,0.878,0.903,0.783,0.099,0.007,0.020,0.102
248,229,227,0.000,0.892,0.860,0.877,0.783,0.097,0.011,0.001,0.139,240,238,0.000,0.865,0.856,0.851,0.774,0.120,0.015,0.007,0.137,244.000,230.000,0.000,0.897,0.869,0.906,0.773,0.098,0.006,0.013,0.117,246.000,244.000,0.000,0.894,0.878,0.903,0.783,0.099,0.007,0.020,0.102
249,229,227,0.000,0.892,0.860,0.877,0.783,0.097,0.011,0.001,0.139,244,230,0.000,0.897,0.869,0.906,0.773,0.098,0.006,0.013,0.117,250.000,244.000,0.000,0.885,0.875,0.903,0.764,0.099,0.016,0.009,0.116,,,,,,,,,,,
250,244,230,0.000,0.897,0.869,0.906,0.773,0.098,0.006,0.013,0.117,250,244,0.000,0.885,0.875,0.903,0.764,0.099,0.016,0.009,0.116,251.000,250.000,0.000,0.898,0.873,0.906,0.773,0.089,0.013,0.000,0.127,,,,,,,,,,,
251,244,230,0.000,0.897,0.869,0.906,0.773,0.098,0.006,0.013,0.117,250,244,0.000,0.885,0.875,0.903,0.764,0.099,0.016,0.009,0.116,252.000,250.000,0.000,0.877,0.870,0.912,0.759,0.117,0.007,0.019,0.111,,,,,,,,,,,
252,244,230,0.000,0.897,0.869,0.906,0.773,0.098,0.006,0.013,0.117,250,244,0.000,0.885,0.875,0.903,0.764,0.099,0.016,0.009,0.116,252.000,250.000,0.000,0.877,0.870,0.912,0.759,0.117,0.007,0.019,0.111,253.000,252.000,0.003,0.859,0.867,0.920,0.761,0.129,0.012,0.014,0.119
253,244,230,0.000,0.897,0.869,0.906,0.773,0.098,0.006,0.013,0.117,250,244,0.000,0.885,0.875,0.903,0.764,0.099,0.016,0.009,0.116,252.000,250.000,0.000,0.877,0.870,0.912,0.759,0.117,0.007,0.019,0.111,253.000,252.000,0.003,0.859,0.867,0.920,0.761,0.129,0.012,0.014,0.119
254,244,230,0.000,0.897,0.869,0.906,0.773,0.098,0.006,0.013,0.117,250,244,0.000,0.885,0.875,0.903,0.764,0.099,0.016,0.009,0.116,252.000,250.000,0.000,0.877,0.870,0.912,0.759,0.117,0.007,0.019,0.111,253.000,252.000,0.003,0.859,0.867,0.920,0.761,0.129,0.012,0.014,0.119
255,244,230,0.000,0.897,0.869,0.906,0.773,0.098,0.006,0.013,0.117,250,244,0.000,0.885,0.875,0.903,0.764,0.099,0.016,0.009,0.116,252.000,250.000,0.000,0.877,0.870,0.912,0.759,0.117,0.007,0.019,0.111,253.000,252.000,0.003,0.859,0.867,0.920,0.761,0.129,0.012,0.014,0.119
256,244,230,0.000,0.897,0.869,0.906,0.773,0.098,0.006,0.013,0.117,250,244,0.000,0.885,0.875,0.903,0.764,0.099,0.016,0.009,0.116,252.000,250.000,0.000,0.877,0.870,0.912,0.759,0.117,0.007,0.019,0.111,253.000,252.000,0.003,0.859,0.867,0.920,0.761,0.129,0.012,0.014,0.119
257,244,230,0.000,0.897,0.869,0.906,0.773,0.098,0.006,0.013,0.117,250,244,0.000,0.885,0.875,0.903,0.764,0.099,0.016,0.009,0.116,252.000,250.000,0.000,0.877,0.870,0.912,0.759,0.117,0.007,0.019,0.111,254.000,252.000,0.000,0.871,0.869,0.913,0.749,0.117,0.012,0.023,0.108
258,244,230,0.000,0.897,0.869,0.906,0.773,0.098,0.006,0.013,0.117,252,250,0.000,0.877,0.870,0.912,0.759,0.117,0.007,0.019,0.111,254.000,252.000,0.000,0.871,0.869,0.913,0.749,0.117,0.012,0.023,0.108,258.000,255.000,0.000,0.883,0.834,0.887,0.775,0.108,0.009,0.030,0.136
259,244,230,0.000,0.897,0.869,0.906,0.773,0.098,0.006,0.013,0.117,252,250,0.000,0.877,0.870,0.912,0.759,0.117,0.007,0.019,0.111,254.000,252.000,0.000,0.871,0.869,0.913,0.749,0.117,0.012,0.023,0.108,258.000,255.000,0.000,0.883,0.834,0.887,0.775,0.108,0.009,0.030,0.136
260,244,230,0.000,0.897,0.869,0.906,0.773,0.098,0.006,0.013,0.117,252,250,0.000,0.877,0.870,0.912,0.759,0.117,0.007,0.019,0.111,258.000,255.000,0.000,0.883,0.834,0.887,0.775,0.108,0.009,0.030,0.136,259.000,252.000,0.000,0.878,0.872,0.915,0.758,0.120,0.001,0.020,0.109
261,244,230,0.000,0.897,0.869,0.906,0.773,0.098,0.006,0.013,0.117,252,250,0.000,0.877,0.870,0.912,0.759,0.117,0.007,0.019,0.111,258.000,255.000,0.000,0.883,0.834,0.887,0.775,0.108,0.009,0.030,0.136,259.000,252.000,0.000,0.878,0.872,0.915,0.758,0.120,0.001,0.020,0.109
262,244,230,0.000,0.897,0.869,0.906,0.773,0.098,0.006,0.013,0.117,252,250,0.000,0.877,0.870,0.912,0.759,0.117,0.007,0.019,0.111,258.000,255.000,0.000,0.883,0.834,0.887,0.775,0.108,0.009,0.030,0.136,259.000,252.000,0.000,0.878,0.872,0.915,0.758,0.120,0.001,0.020,0.109
263,252,250,0.000,0.877,0.870,0.912,0.759,0.117,0.007,0.019,0.111,264,244,0.000,0.869,0.870,0.904,0.780,0.126,0.005,0.018,0.112,,,,,,,,,,,,,,,,,,,,,,
264,252,250,0.000,0.877,0.870,0.912,0.759,0.117,0.007,0.019,0.111,264,244,0.000,0.869,0.870,0.904,0.780,0.126,0.005,0.018,0.112,265.000,252.000,0.000,0.866,0.861,0.910,0.774,0.115,0.018,0.019,0.120,,,,,,,,,,,
265,252,250,0.000,0.877,0.870,0.912,0.759,0.117,0.007,0.019,0.111,264,244,0.000,0.869,0.870,0.904,0.780,0.126,0.005,0.018,0.112,265.000,252.000,0.000,0.866,0.861,0.910,0.774,0.115,0.018,0.019,0.120,,,,,,,,,,,
266,252,250,0.000,0.877,0.870,0.912,0.759,0.117,0.007,0.019,0.111,264,244,0.000,0.869,0.870,0.904,0.780,0.126,0.005,0.018,0.112,265.000,252.000,0.000,0.866,0.861,0.910,0.774,0.115,0.018,0.019,0.120,267.000,252.000,0.000,0.890,0.870,0.900,0.764,0.110,0.000,0.022,0.108
267,252,250,0.000,0.877,0.870,0.912,0.759,0.117,0.007,0.019,0.111,264,244,0.000,0.869,0.870,0.904,0.780,0.126,0.005,0.018,0.112,265.000,252.000,0.000,0.866,0.861,0.910,0.774,0.115,0.018,0.019,0.120,267.000,252.000,0.000,0.890,0.870,0.900,0.764,0.110,0.000,0.022,0.108
268,252,250,0.000,0.877,0.870,0.912,0.759,0.117,0.007,0.019,0.111,264,244,0.000,0.869,0.870,0.904,0.780,0.126,0.005,0.018,0.112,265.000,252.000,0.000,0.866,0.861,0.910,0.774,0.115,0.018,0.019,0.120,267.000,252.000,0.000,0.890,0.870,0.900,0.764,0.110,0.000,0.022,0.108
269,252,250,0.000,0.877,0.870,0.912,0.759,0.117,0.007,0.019,0.111,264,244,0.000,0.869,0.870,0.904,0.780,0.126,0.005,0.018,0.112,265.000,252.000,0.000,0.866,0.861,0.910,0.774,0.115,0.018,0.019,0.120,267.000,252.000,0.000,0.890,0.870,0.900,0.764,0.110,0.000,0.022,0.108
270,252,250,0.000,0.877,0.870,0.912,0.759,0.117,0.007,0.019,0.111,264,244,0.000,0.869,0.870,0.904,0.780,0.126,0.005,0.018,0.112,265.000,252.000,0.000,0.866,0.861,0.910,0.774,0.115,0.018,0.019,0.120,267.000,252.000,0.000,0.890,0.870,0.900,0.764,0.110,0.000,0.022,0.108
271,252,250,0.000,0.877,0.870,0.912,0.759,0.117,0.007,0.019,0.111,264,244,0.000,0.869,0.870,0.904,0.780,0.126,0.005,0.018,0.112,265.000,252.000,0.000,0.866,0.861,0.910,0.774,0.115,0.018,0.019,0.120,268.000,267.000,0.000,0.877,0.864,0.908,0.755,0.123,0.000,0.027,0.109
272,252,250,0.000,0.877,0.870,0.912,0.759,0.117,0.007,0.019,0.111,264,244,0.000,0.869,0.870,0.904,0.780,0.126,0.005,0.018,0.112,265.000,252.000,0.000,0.866,0.861,0.910,0.774,0.115,0.018,0.019,0.120,268.000,267.000,0.000,0.877,0.864,0.908,0.755,0.123,0.000,0.027,0.109
273,252,250,0.000,0.877,0.870,0.912,0.759,0.117,0.007,0.019,0.111,264,244,0.000,0.869,0.870,0.904,0.780,0.126,0.005,0.018,0.112,265.000,252.000,0.000,0.866,0.861,0.910,0.774,0.115,0.018,0.019,0.120,268.000,267.000,0.000,0.877,0.864,0.908,0.755,0.123,0.000,0.027,0.109
274,252,250,0.000,0.877,0.870,0.912,0.759,0.117,0.007,0.019,0.111,264,244,0.000,0.869,0.870,0.904,0.780,0.126,0.005,0.018,0.112,265.000,252.000,0.000,0.866,0.861,0.910,0.774,0.115,0.018,0.019,0.120,268.000,267.000,0.000,0.877,0.864,0.908,0.755,0.123,0.000,0.027,0.109
275,252,250,0.000,0.877,0.870,0.912,0.759,0.117,0.007,0.019,0.111,264,244,0.000,0.869,0.870,0.904,0.780,0.126,0.005,0.018,0.112,265.000,252.000,0.000,0.866,0.861,0.910,0.774,0.115,0.018,0.019,0.120,274.000,271.000,0.000,0.870,0.873,0.888,0.773,0.111,0.018,0.011,0.115
276,252,250,0.000,0.877,0.870,0.912,0.759,0.117,0.007,0.019,0.111,264,244,0.000,0.869,0.870,0.904,0.780,0.126,0.005,0.018,0.112,265.000,252.000,0.000,0.866,0.861,0.910,0.774,0.115,0.018,0.019,0.120,274.000,271.000,0.000,0.870,0.873,0.888,0.773,0.111,0.018,0.011,0.115
277,252,250,0.000,0.877,0.870,0.912,0.759,0.117,0.007,0.019,0.111,264,244,0.000,0.869,0.870,0.904,0.780,0.126,0.005,0.018,0.112,265.000,252.000,0.000,0.866,0.861,0.910,0.774,0.115,0.018,0.019,0.120,274.000,271.000,0.000,0.870,0.873,0.888,0.773,0.111,0.018,0.011,0.115
278,252,250,0.000,0.877,0.870,0.912,0.759,0.117,0.007,0.019,0.111,264,244,0.000,0.869,0.870,0.904,0.780,0.126,0.005,0.018,0.112,265.000,252.000,0.000,0.866,0.861,0.910,0.774,0.115,0.018,0.019,0.120,274.000,271.000,0.000,0.870,0.873,0.888,0.773,0.111,0.018,0.011,0.115
279,252,250,0.000,0.877,0.870,0.912,0.759,0.117,0.007,0.019,0.111,264,244,0.000,0.869,0.870,0.904,0.780,0.126,0.005,0.018,0.112,265.000,252.000,0.000,0.866,0.861,0.910,0.774,0.115,0.018,0.019,0.120,274.000,271.000,0.000,0.870,0.873,0.888,0.773,0.111,0.018,0.011,0.115
280,252,250,0.000,0.877,0.870,0.912,0.759,0.117,0.007,0.019,0.111,264,244,0.000,0.869,0.870,0.904,0.780,0.126,0.005,0.018,0.112,265.000,252.000,0.000,0.866,0.861,0.910,0.774,0.115,0.018,0.019,0.120,274.000,271.000,0.000,0.870,0.873,0.888,0.773,0.111,0.018,0.011,0.115
281,252,250,0.000,0.877,0.870,0.912,0.759,0.117,0.007,0.019,0.111,264,244,0.000,0.869,0.870,0.904,0.780,0.126,0.005,0.018,0.112,265.000,252.000,0.000,0.866,0.861,0.910,0.774,0.115,0.018,0.019,0.120,274.000,271.000,0.000,0.870,0.873,0.888,0.773,0.111,0.018,0.011,0.115
282,252,250,0.000,0.877,0.870,0.912,0.759,0.117,0.007,0.019,0.111,264,244,0.000,0.869,0.870,0.904,0.780,0.126,0.005,0.018,0.112,265.000,252.000,0.000,0.866,0.861,0.910,0.774,0.115,0.018,0.019,0.120,274.000,271.000,0.000,0.870,0.873,0.888,0.773,0.111,0.018,0.011,0.115
283,252,250,0.000,0.877,0.870,0.912,0.759,0.117,0.007,0.019,0.111,264,244,0.000,0.869,0.870,0.904,0.780,0.126,0.005,0.018,0.112,265.000,252.000,0.000,0.866,0.861,0.910,0.774,0.115,0.018,0.019,0.120,274.000,271.000,0.000,0.870,0.873,0.888,0.773,0.111,0.018,0.011,0.115
284,252,250,0.000,0.877,0.870,0.912,0.759,0.117,0.007,0.019,0.111,264,244,0.000,0.869,0.870,0.904,0.780,0.126,0.005,0.018,0.112,265.000,252.000,0.000,0.866,0.861,0.910,0.774,0.115,0.018,0.019,0.120,274.000,271.000,0.000,0.870,0.873,0.888,0.773,0.111,0.018,0.011,0.115
285,252,250,0.000,0.877,0.870,0.912,0.759,0.117,0.007,0.019,0.111,264,244,0.000,0.869,0.870,0.904,0.780,0.126,0.005,0.018,0.112,265.000,252.000,0.000,0.866,0.861,0.910,0.774,0.115,0.018,0.019,0.120,274.000,271.000,0.000,0.870,0.873,0.888,0.773,0.111,0.018,0.011,0.115
286,252,250,0.000,0.877,0.870,0.912,0.759,0.117,0.007,0.019,0.111,264,244,0.000,0.869,0.870,0.904,0.780,0.126,0.005,0.018,0.112,265.000,252.000,0.000,0.866,0.861,0.910,0.774,0.115,0.018,0.019,0.120,274.000,271.000,0.000,0.870,0.873,0.888,0.773,0.111,0.018,0.011,0.115
287,264,244,0.000,0.869,0.870,0.904,0.780,0.126,0.005,0.018,0.112,287,276,0.000,0.869,0.881,0.900,0.762,0.131,0.000,0.007,0.112,,,,,,,,,,,,,,,,,,,,,,
288,264,244,0.000,0.869,0.870,0.904,0.780,0.126,0.005,0.018,0.112,287,276,0.000,0.869,0.881,0.900,0.762,0.131,0.000,0.007,0.112,,,,,,,,,,,,,,,,,,,,,,
289,264,244,0.000,0.869,0.870,0.904,0.780,0.126,0.005,0.018,0.112,287,276,0.000,0.869,0.881,0.900,0.762,0.131,0.000,0.007,0.112,,,,,,,,,,,,,,,,,,,,,,
290,264,244,0.000,0.869,0.870,0.904,0.780,0.126,0.005,0.018,0.112,287,276,0.000,0.869,0.881,0.900,0.762,0.131,0.000,0.007,0.112,,,,,,,,,,,,,,,,,,,,,,
291,264,244,0.000,0.869,0.870,0.904,0.780,0.126,0.005,0.018,0.112,287,276,0.000,0.869,0.881,0.900,0.762,0.131,0.000,0.007,0.112,292.000,264.000,0.000,0.874,0.877,0.886,0.781,0.126,0.000,0.007,0.116,,,,,,,,,,,
292,264,244,0.000,0.869,0.870,0.904,0.780,0.126,0.005,0.018,0.112,287,276,0.000,0.869,0.881,0.900,0.762,0.131,0.000,0.007,0.112,292.000,264.000,0.000,0.874,0.877,0.886,0.781,0.126,0.000,0.007,0.116,293.000,292.000,0.000,0.869,0.886,0.892,0.802,0.131,0.000,0.000,0.114
293,264,244,0.000,0.869,0.870,0.904,0.780,0.126,0.005,0.018,0.112,287,276,0.000,0.869,0.881,0.900,0.762,0.131,0.000,0.007,0.112,292.000,264.000,0.000,0.874,0.877,0.886,0.781,0.126,0.000,0.007,0.116,293.000,292.000,0.000,0.869,0.886,0.892,0.802,0.131,0.000,0.000,0.114
294,264,244,0.000,0.869,0.870,0.904,0.780,0.126,0.005,0.018,0.112,287,276,0.000,0.869,0.881,0.900,0.762,0.131,0.000,0.007,0.112,292.000,264.000,0.000,0.874,0.877,0.886,0.781,0.126,0.000,0.007,0.116,293.000,292.000,0.000,0.869,0.886,0.892,0.802,0.131,0.000,0.000,0.114
295,264,244,0.000,0.869,0.870,0.904,0.780,0.126,0.005,0.018,0.112,287,276,0.000,0.869,0.881,0.900,0.762,0.131,0.000,0.007,0.112,292.000,264.000,0.000,0.874,0.877,0.886,0.781,0.126,0.000,0.007,0.116,293.000,292.000,0.000,0.869,0.886,0.892,0.802,0.131,0.000,0.000,0.114
296,264,244,0.000,0.869,0.870,0.904,0.780,0.126,0.005,0.018,0.112,287,276,0.000,0.869,0.881,0.900,0.762,0.131,0.000,0.007,0.112,292.000,264.000,0.000,0.874,0.877,0.886,0.781,0.126,0.000,0.007,0.116,293.000,292.000,0.000,0.869,0.886,0.892,0.802,0.131,0.000,0.000,0.114
297,264,244,0.000,0.869,0.870,0.904,0.780,0.126,0.005,0.018,0.112,287,276,0.000,0.869,0.881,0.900,0.762,0.131,0.000,0.007,0.112,292.000,264.000,0.000,0.874,0.877,0.886,0.781,0.126,0.000,0.007,0.116,293.000,292.000,0.000,0.869,0.886,0.892,0.802,0.131,0.000,0.000,0.114
298,287,276,0.000,0.869,0.881,0.900,0.762,0.131,0.000,0.007,0.112,299,292,0.000,0.855,0.862,0.903,0.777,0.138,0.007,0.015,0.123,,,,,,,,,,,,,,,,,,,,,,
299,287,276,0.000,0.869,0.881,0.900,0.762,0.131,0.000,0.007,0.112,299,292,0.000,0.855,0.862,0.903,0.777,0.138,0.007,0.015,0.123,300.000,287.000,0.005,0.862,0.879,0.907,0.763,0.138,0.000,0.021,0.100,,,,,,,,,,,
300,287,276,0.000,0.869,0.881,0.900,0.762,0.131,0.000,0.007,0.112,299,292,0.000,0.855,0.862,0.903,0.777,0.138,0.007,0.015,0.123,300.000,287.000,0.005,0.862,0.879,0.907,0.763,0.138,0.000,0.021,0.100,301.000,300.000,0.010,0.863,0.856,0.906,0.773,0.137,0.000,0.029,0.114
301,287,276,0.000,0.869,0.881,0.900,0.762,0.131,0.000,0.007,0.112,299,292,0.000,0.855,0.862,0.903,0.777,0.138,0.007,0.015,0.123,300.000,287.000,0.005,0.862,0.879,0.907,0.763,0.138,0.000,0.021,0.100,302.000,300.000,0.001,0.857,0.891,0.920,0.753,0.139,0.004,0.033,0.076
302,287,276,0.000,0.869,0.881,0.900,0.762,0.131,0.000,0.007,0.112,299,292,0.000,0.855,0.862,0.903,0.777,0.138,0.007,0.015,0.123,302.000,300.000,0.001,0.857,0.891,0.920,0.753,0.139,0.004,0.033,0.076,303.000,287.000,0.004,0.868,0.856,0.898,0.758,0.126,0.006,0.026,0.118
303,287,276,0.000,0.869,0.881,0.900,0.762,0.131,0.000,0.007,0.112,299,292,0.000,0.855,0.862,0.903,0.777,0.138,0.007,0.015,0.123,302.000,300.000,0.001,0.857,0.891,0.920,0.753,0.139,0.004,0.033,0.076,303.000,287.000,0.004,0.868,0.856,0.898,0.758,0.126,0.006,0.026,0.118
304,287,276,0.000,0.869,0.881,0.900,0.762,0.131,0.000,0.007,0.112,299,292,0.000,0.855,0.862,0.903,0.777,0.138,0.007,0.015,0.123,303.000,287.000,0.004,0.868,0.856,0.898,0.758,0.126,0.006,0.026,0.118,304.000,287.000,0.000,0.872,0.893,0.903,0.778,0.124,0.004,0.002,0.105
305,287,276,0.000,0.869,0.881,0.900,0.762,0.131,0.000,0.007,0.112,299,292,0.000,0.855,0.862,0.903,0.777,0.138,0.007,0.015,0.123,303.000,287.000,0.004,0.868,0.856,0.898,0.758,0.126,0.006,0.026,0.118,304.000,287.000,0.000,0.872,0.893,0.903,0.778,0.124,0.004,0.002,0.105
306,287,276,0.000,0.869,0.881,0.900,0.762,0.131,0.000,0.007,0.112,299,292,0.000,0.855,0.862,0.903,0.777,0.138,0.007,0.015,0.123,304.000,287.000,0.000,0.872,0.893,0.903,0.778,0.124,0.004,0.002,0.105,306.000,303.000,0.000,0.873,0.858,0.910,0.760,0.127,0.000,0.028,0.114
307,287,276,0.000,0.869,0.881,0.900,0.762,0.131,0.000,0.007,0.112,299,292,0.000,0.855,0.862,0.903,0.777,0.138,0.007,0.015,0.123,304.000,287.000,0.000,0.872,0.893,0.903,0.778,0.124,0.004,0.002,0.105,306.000,303.000,0.000,0.873,0.858,0.910,0.760,0.127,0.000,0.028,0.114
308,287,276,0.000,0.869,0.881,0.900,0.762,0.131,0.000,0.007,0.112,299,292,0.000,0.855,0.862,0.903,0.777,0.138,0.007,0.015,0.123,304.000,287.000,0.000,0.872,0.893,0.903,0.778,0.124,0.004,0.002,0.105,306.000,303.000,0.000,0.873,0.858,0.910,0.760,0.127,0.000,0.028,0.114
309,287,276,0.000,0.869,0.881,0.900,0.762,0.131,0.000,0.007,0.112,299,292,0.000,0.855,0.862,0.903,0.777,0.138,0.007,0.015,0.123,304.000,287.000,0.000,0.872,0.893,0.903,0.778,0.124,0.004,0.002,0.105,306.000,303.000,0.000,0.873,0.858,0.910,0.760,0.127,0.000,0.028,0.114
310,287,276,0.000,0.869,0.881,0.900,0.762,0.131,0.000,0.007,0.112,299,292,0.000,0.855,0.862,0.903,0.777,0.138,0.007,0.015,0.123,307.000,299.000,0.000,0.847,0.858,0.908,0.781,0.147,0.005,0.027,0.115,308.000,287.000,0.000,0.870,0.878,0.908,0.758,0.126,0.004,0.007,0.115
311,287,276,0.000,0.869,0.881,0.900,0.762,0.131,0.000,0.007,0.112,299,292,0.000,0.855,0.862,0.903,0.777,0.138,0.007,0.015,0.123,307.000,299.000,0.000,0.847,0.858,0.908,0.781,0.147,0.005,0.027,0.115,308.000,287.000,0.000,0.870,0.878,0.908,0.758,0.126,0.004,0.007,0.115
312,287,276,0.000,0.869,0.881,0.900,0.762,0.131,0.000,0.007,0.112,299,292,0.000,0.855,0.862,0.903,0.777,0.138,0.007,0.015,0.123,307.000,299.000,0.000,0.847,0.858,0.908,0.781,0.147,0.005,0.027,0.115,308.000,287.000,0.000,0.870,0.878,0.908,0.758,0.126,0.004,0.007,0.115
313,287,276,0.000,0.869,0.881,0.900,0.762,0.131,0.000,0.007,0.112,299,292,0.000,0.855,0.862,0.903,0.777,0.138,0.007,0.015,0.123,307.000,299.000,0.000,0.847,0.858,0.908,0.781,0.147,0.005,0.027,0.115,310.000,306.000,0.000,0.869,0.850,0.895,0.747,0.131,0.000,0.032,0.118
314,287,276,0.000,0.869,0.881,0.900,0.762,0.131,0.000,0.007,0.112,299,292,0.000,0.855,0.862,0.903,0.777,0.138,0.007,0.015,0.123,307.000,299.000,0.000,0.847,0.858,0.908,0.781,0.147,0.005,0.027,0.115,310.000,306.000,0.000,0.869,0.850,0.895,0.747,0.131,0.000,0.032,0.118
315,287,276,0.000,0.869,0.881,0.900,0.762,0.131,0.000,0.007,0.112,299,292,0.000,0.855,0.862,0.903,0.777,0.138,0.007,0.015,0.123,307.000,299.000,0.000,0.847,0.858,0.908,0.781,0.147,0.005,0.027,0.115,310.000,306.000,0.000,0.869,0.850,0.895,0.747,0.131,0.000,0.032,0.118
316,287,276,0.000,0.869,0.881,0.900,0.762,0.131,0.000,0.007,0.112,299,292,0.000,0.855,0.862,0.903,0.777,0.138,0.007,0.015,0.123,307.000,299.000,0.000,0.847,0.858,0.908,0.781,0.147,0.005,0.027,0.115,310.000,306.000,0.000,0.869,0.850,0.895,0.747,0.131,0.000,0.032,0.118
317,287,276,0.000,0.869,0.881,0.900,0.762,0.131,0.000,0.007,0.112,299,292,0.000,0.855,0.862,0.903,0.777,0.138,0.007,0.015,0.123,307.000,299.000,0.000,0.847,0.858,0.908,0.781,0.147,0.005,0.027,0.115,310.000,306.000,0.000,0.869,0.850,0.895,0.747,0.131,0.000,0.032,0.118
318,299,292,0.000,0.855,0.862,0.903,0.777,0.138,0.007,0.015,0.123,307,299,0.000,0.847,0.858,0.908,0.781,0.147,0.005,0.027,0.115,316.000,307.000,0.000,0.832,0.863,0.923,0.773,0.156,0.012,0.028,0.109,319.000,315.000,0.000,0.840,0.890,0.906,0.763,0.146,0.013,0.003,0.107
319,299,292,0.000,0.855,0.862,0.903,0.777,0.138,0.007,0.015,0.123,307,299,0.000,0.847,0.858,0.908,0.781,0.147,0.005,0.027,0.115,316.000,307.000,0.000,0.832,0.863,0.923,0.773,0.156,0.012,0.028,0.109,319.000,315.000,0.000,0.840,0.890,0.906,0.763,0.146,0.013,0.003,0.107
320,299,292,0.000,0.855,0.862,0.903,0.777,0.138,0.007,0.015,0.123,307,299,0.000,0.847,0.858,0.908,0.781,0.147,0.005,0.027,0.115,316.000,307.000,0.000,0.832,0.863,0.923,0.773,0.156,0.012,0.028,0.109,319.000,315.000,0.000,0.840,0.890,0.906,0.763,0.146,0.013,0.003,0.107
321,299,292,0.000,0.855,0.862,0.903,0.777,0.138,0.007,0.015,0.123,307,299,0.000,0.847,0.858,0.908,0.781,0.147,0.005,0.027,0.115,316.000,307.000,0.000,0.832,0.863,0.923,0.773,0.156,0.012,0.028,0.109,319.000,315.000,0.000,0.840,0.890,0.906,0.763,0.146,0.013,0.003,0.107
322,299,292,0.000,0.855,0.862,0.903,0.777,0.138,0.007,0.015,0.123,316,307,0.000,0.832,0.863,0.923,0.773,0.156,0.012,0.028,0.109,319.000,315.000,0.000,0.840,0.890,0.906,0.763,0.146,0.013,0.003,0.107,320.000,319.000,0.000,0.857,0.879,0.893,0.766,0.130,0.013,0.014,0.107
323,299,292,0.000,0.855,0.862,0.903,0.777,0.138,0.007,0.015,0.123,316,307,0.000,0.832,0.863,0.923,0.773,0.156,0.012,0.028,0.109,319.000,315.000,0.000,0.840,0.890,0.906,0.763,0.146,0.013,0.003,0.107,320.000,319.000,0.000,0.857,0.879,0.893,0.766,0.130,0.013,0.014,0.107
324,299,292,0.000,0.855,0.862,0.903,0.777,0.138,0.007,0.015,0.123,316,307,0.000,0.832,0.863,0.923,0.773,0.156,0.012,0.028,0.109,319.000,315.000,0.000,0.840,0.890,0.906,0.763,0.146,0.013,0.003,0.107,320.000,319.000,0.000,0.857,0.879,0.893,0.766,0.130,0.013,0.014,0.107
325,299,292,0.000,0.855,0.862,0.903,0.777,0.138,0.007,0.015,0.123,316,307,0.000,0.832,0.863,0.923,0.773,0.156,0.012,0.028,0.109,319.000,315.000,0.000,0.840,0.890,0.906,0.763,0.146,0.013,0.003,0.107,320.000,319.000,0.000,0.857,0.879,0.893,0.766,0.130,0.013,0.014,0.107
326,299,292,0.000,0.855,0.862,0.903,0.777,0.138,0.007,0.015,0.123,319,315,0.000,0.840,0.890,0.906,0.763,0.146,0.013,0.003,0.107,320.000,319.000,0.000,0.857,0.879,0.893,0.766,0.130,0.013,0.014,0.107,322.000,307.000,0.000,0.829,0.868,0.909,0.788,0.161,0.011,0.031,0.101
327,299,292,0.000,0.855,0.862,0.903,0.777,0.138,0.007,0.015,0.123,319,315,0.000,0.840,0.890,0.906,0.763,0.146,0.013,0.003,0.107,322.000,307.000,0.000,0.829,0.868,0.909,0.788,0.161,0.011,0.031,0.101,323.000,299.000,0.000,0.856,0.853,0.909,0.784,0.140,0.004,0.021,0.127
328,299,292,0.000,0.855,0.862,0.903,0.777,0.138,0.007,0.015,0.123,319,315,0.000,0.840,0.890,0.906,0.763,0.146,0.013,0.003,0.107,322.000,307.000,0.000,0.829,0.868,0.909,0.788,0.161,0.011,0.031,0.101,323.000,299.000,0.000,0.856,0.853,0.909,0.784,0.140,0.004,0.021,0.127
329,299,292,0.000,0.855,0.862,0.903,0.777,0.138,0.007,0.015,0.123,319,315,0.000,0.840,0.890,0.906,0.763,0.146,0.013,0.003,0.107,322.000,307.000,0.000,0.829,0.868,0.909,0.788,0.161,0.011,0.031,0.101,323.000,299.000,0.000,0.856,0.853,0.909,0.784,0.140,0.004,0.021,0.127
330,299,292,0.000,0.855,0.862,0.903,0.777,0.138,0.007,0.015,0.123,319,315,0.000,0.840,0.890,0.906,0.763,0.146,0.013,0.003,0.107,322.000,307.000,0.000,0.829,0.868,0.909,0.788,0.161,0.011,0.031,0.101,323.000,299.000,0.000,0.856,0.853,0.909,0.784,0.140,0.004,0.021,0.127
331,299,292,0.000,0.855,0.862,0.903,0.777,0.138,0.007,0.015,0.123,319,315,0.000,0.840,0.890,0.906,0.763,0.146,0.013,0.003,0.107,322.000,307.000,0.000,0.829,0.868,0.909,0.788,0.161,0.011,0.031,0.101,323.000,299.000,0.000,0.856,0.853,0.909,0.784,0.140,0.004,0.021,0.127
332,299,292,0.000,0.855,0.862,0.903,0.777,0.138,0.007,0.015,0.123,319,315,0.000,0.840,0.890,0.906,0.763,0.146,0.013,0.003,0.107,322.000,307.000,0.000,0.829,0.868,0.909,0.788,0.161,0.011,0.031,0.101,323.000,299.000,0.000,0.856,0.853,0.909,0.784,0.140,0.004,0.021,0.127
333,299,292,0.000,0.855,0.862,0.903,0.777,0.138,0.007,0.015,0.123,319,315,0.000,0.840,0.890,0.906,0.763,0.146,0.013,0.003,0.107,322.000,307.000,0.000,0.829,0.868,0.909,0.788,0.161,0.011,0.031,0.101,323.000,299.000,0.000,0.856,0.853,0.909,0.784,0.140,0.004,0.021,0.127
334,299,292,0.000,0.855,0.862,0.903,0.777,0.138,0.007,0.015,0.123,335,334,0.000,0.849,0.878,0.911,0.762,0.149,0.002,0.000,0.122,,,,,,,,,,,,,,,,,,,,,,
335,335,334,0.000,0.849,0.878,0.911,0.762,0.149,0.002,0.000,0.122,336,335,0.000,0.842,0.871,0.901,0.759,0.147,0.012,0.000,0.129,,,,,,,,,,,,,,,,,,,,,,
336,335,334,0.000,0.849,0.878,0.911,0.762,0.149,0.002,0.000,0.122,336,335,0.000,0.842,0.871,0.901,0.759,0.147,0.012,0.000,0.129,337.000,335.000,0.000,0.859,0.867,0.899,0.773,0.141,0.000,0.000,0.133,,,,,,,,,,,
337,335,334,0.000,0.849,0.878,0.911,0.762,0.149,0.002,0.000,0.122,336,335,0.000,0.842,0.871,0.901,0.759,0.147,0.012,0.000,0.129,337.000,335.000,0.000,0.859,0.867,0.899,0.773,0.141,0.000,0.000,0.133,338.000,336.000,0.000,0.835,0.866,0.887,0.760,0.154,0.011,0.000,0.134
338,335,334,0.000,0.849,0.878,0.911,0.762,0.149,0.002,0.000,0.122,336,335,0.000,0.842,0.871,0.901,0.759,0.147,0.012,0.000,0.129,337.000,335.000,0.000,0.859,0.867,0.899,0.773,0.141,0.000,0.000,0.133,338.000,336.000,0.000,0.835,0.866,0.887,0.760,0.154,0.011,0.000,0.134
339,335,334,0.000,0.849,0.878,0.911,0.762,0.149,0.002,0.000,0.122,336,335,0.000,0.842,0.871,0.901,0.759,0.147,0.012,0.000,0.129,337.000,335.000,0.000,0.859,0.867,0.899,0.773,0.141,0.000,0.000,0.133,338.000,336.000,0.000,0.835,0.866,0.887,0.760,0.154,0.011,0.000,0.134
340,336,335,0.000,0.842,0.871,0.901,0.759,0.147,0.012,0.000,0.129,337,335,0.000,0.859,0.867,0.899,0.773,0.141,0.000,0.000,0.133,338.000,336.000,0.000,0.835,0.866,0.887,0.760,0.154,0.011,0.000,0.134,341.000,336.000,0.000,0.831,0.872,0.894,0.766,0.160,0.008,0.005,0.123
341,336,335,0.000,0.842,0.871,0.901,0.759,0.147,0.012,0.000,0.129,337,335,0.000,0.859,0.867,0.899,0.773,0.141,0.000,0.000,0.133,338.000,336.000,0.000,0.835,0.866,0.887,0.760,0.154,0.011,0.000,0.134,341.000,336.000,0.000,0.831,0.872,0.894,0.766,0.160,0.008,0.005,0.123
342,336,335,0.000,0.842,0.871,0.901,0.759,0.147,0.012,0.000,0.129,337,335,0.000,0.859,0.867,0.899,0.773,0.141,0.000,0.000,0.133,338.000,336.000,0.000,0.835,0.866,0.887,0.760,0.154,0.011,0.000,0.134,341.000,336.000,0.000,0.831,0.872,0.894,0.766,0.160,0.008,0.005,0.123
343,336,335,0.000,0.842,0.871,0.901,0.759,0.147,0.012,0.000,0.129,338,336,0.000,0.835,0.866,0.887,0.760,0.154,0.011,0.000,0.134,341.000,336.000,0.000,0.831,0.872,0.894,0.766,0.160,0.008,0.005,0.123,,,,,,,,,,,
344,336,335,0.000,0.842,0.871,0.901,0.759,0.147,0.012,0.000,0.129,338,336,0.000,0.835,0.866,0.887,0.760,0.154,0.011,0.000,0.134,341.000,336.000,0.000,0.831,0.872,0.894,0.766,0.160,0.008,0.005,0.123,,,,,,,,,,,
345,336,335,0.000,0.842,0.871,0.901,0.759,0.147,0.012,0.000,0.129,338,336,0.000,0.835,0.866,0.887,0.760,0.154,0.011,0.000,0.134,341.000,336.000,0.000,0.831,0.872,0.894,0.766,0.160,0.008,0.005,0.123,346.000,341.000,0.000,0.848,0.861,0.895,0.779,0.150,0.002,0.010,0.128
346,336,335,0.000,0.842,0.871,0.901,0.759,0.147,0.012,0.000,0.129,338,336,0.000,0.835,0.866,0.887,0.760,0.154,0.011,0.000,0.134,341.000,336.000,0.000,0.831,0.872,0.894,0.766,0.160,0.008,0.005,0.123,346.000,341.000,0.000,0.848,0.861,0.895,0.779,0.150,0.002,0.010,0.128
347,336,335,0.000,0.842,0.871,0.901,0.759,0.147,0.012,0.000,0.129,338,336,0.000,0.835,0.866,0.887,0.760,0.154,0.011,0.000,0.134,341.000,336.000,0.000,0.831,0.872,0.894,0.766,0.160,0.008,0.005,0.123,346.000,341.000,0.000,0.848,0.861,0.895,0.779,0.150,0.002,0.010,0.128
348,336,335,0.000,0.842,0.871,0.901,0.759,0.147,0.012,0.000,0.129,338,336,0.000,0.835,0.866,0.887,0.760,0.154,0.011,0.000,0.134,341.000,336.000,0.000,0.831,0.872,0.894,0.766,0.160,0.008,0.005,0.123,346.000,341.000,0.000,0.848,0.861,0.895,0.779,0.150,0.002,0.010,0.128
349,336,335,0.000,0.842,0.871,0.901,0.759,0.147,0.012,0.000,0.129,338,336,0.000,0.835,0.866,0.887,0.760,0.154,0.011,0.000,0.134,341.000,336.000,0.000,0.831,0.872,0.894,0.766,0.160,0.008,0.005,0.123,346.000,341.000,0.000,0.848,0.861,0.895,0.779,0.150,0.002,0.010,0.128
350,336,335,0.000,0.842,0.871,0.901,0.759,0.147,0.012,0.000,0.129,338,336,0.000,0.835,0.866,0.887,0.760,0.154,0.011,0.000,0.134,341.000,336.000,0.000,0.831,0.872,0.894,0.766,0.160,0.008,0.005,0.123,346.000,341.000,0.000,0.848,0.861,0.895,0.779,0.150,0.002,0.010,0.128
351,336,335,0.000,0.842,0.871,0.901,0.759,0.147,0.012,0.000,0.129,338,336,0.000,0.835,0.866,0.887,0.760,0.154,0.011,0.000,0.134,341.000,336.000,0.000,0.831,0.872,0.894,0.766,0.160,0.008,0.005,0.123,346.000,341.000,0.000,0.848,0.861,0.895,0.779,0.150,0.002,0.010,0.128
352,338,336,0.000,0.835,0.866,0.887,0.760,0.154,0.011,0.000,0.134,348,346,0.000,0.842,0.866,0.903,0.783,0.158,0.000,0.000,0.134,353.000,346.000,0.000,0.847,0.850,0.890,0.782,0.153,0.000,0.008,0.142,,,,,,,,,,,
353,338,336,0.000,0.835,0.866,0.887,0.760,0.154,0.011,0.000,0.134,348,346,0.000,0.842,0.866,0.903,0.783,0.158,0.000,0.000,0.134,353.000,346.000,0.000,0.847,0.850,0.890,0.782,0.153,0.000,0.008,0.142,,,,,,,,,,,
354,338,336,0.000,0.835,0.866,0.887,0.760,0.154,0.011,0.000,0.134,348,346,0.000,0.842,0.866,0.903,0.783,0.158,0.000,0.000,0.134,353.000,346.000,0.000,0.847,0.850,0.890,0.782,0.153,0.000,0.008,0.142,355.000,353.000,0.004,0.836,0.863,0.887,0.792,0.146,0.019,0.002,0.135
355,338,336,0.000,0.835,0.866,0.887,0.760,0.154,0.011,0.000,0.134,348,346,0.000,0.842,0.866,0.903,0.783,0.158,0.000,0.000,0.134,,,,,,,,,,,,,,,,,,,,,,
356,338,336,0.000,0.835,0.866,0.887,0.760,0.154,0.011,0.000,0.134,348,346,0.000,0.842,0.866,0.903,0.783,0.158,0.000,0.000,0.134,357.000,348.000,0.003,0.847,0.854,0.918,0.777,0.153,0.000,0.007,0.139,,,,,,,,,,,
357,338,336,0.000,0.835,0.866,0.887,0.760,0.154,0.011,0.000,0.134,348,346,0.000,0.842,0.866,0.903,0.783,0.158,0.000,0.000,0.134,358.000,348.000,0.000,0.836,0.876,0.908,0.783,0.164,0.000,0.000,0.124,,,,,,,,,,,
358,338,336,0.000,0.835,0.866,0.887,0.760,0.154,0.011,0.000,0.134,348,346,0.000,0.842,0.866,0.903,0.783,0.158,0.000,0.000,0.134,358.000,348.000,0.000,0.836,0.876,0.908,0.783,0.164,0.000,0.000,0.124,359.000,348.000,0.000,0.832,0.867,0.894,0.793,0.164,0.004,0.006,0.127
359,338,336,0.000,0.835,0.866,0.887,0.760,0.154,0.011,0.000,0.134,348,346,0.000,0.842,0.866,0.903,0.783,0.158,0.000,0.000,0.134,358.000,348.000,0.000,0.836,0.876,0.908,0.783,0.164,0.000,0.000,0.124,359.000,348.000,0.000,0.832,0.867,0.894,0.793,0.164,0.004,0.006,0.127
360,338,336,0.000,0.835,0.866,0.887,0.760,0.154,0.011,0.000,0.134,348,346,0.000,0.842,0.866,0.903,0.783,0.158,0.000,0.000,0.134,358.000,348.000,0.000,0.836,0.876,0.908,0.783,0.164,0.000,0.000,0.124,359.000,348.000,0.000,0.832,0.867,0.894,0.793,0.164,0.004,0.006,0.127
361,338,336,0.000,0.835,0.866,0.887,0.760,0.154,0.011,0.000,0.134,348,346,0.000,0.842,0.866,0.903,0.783,0.158,0.000,0.000,0.134,358.000,348.000,0.000,0.836,0.876,0.908,0.783,0.164,0.000,0.000,0.124,359.000,348.000,0.000,0.832,0.867,0.894,0.793,0.164,0.004,0.006,0.127
362,338,336,0.000,0.835,0.866,0.887,0.760,0.154,0.011,0.000,0.134,348,346,0.000,0.842,0.866,0.903,0.783,0.158,0.000,0.000,0.134,358.000,348.000,0.000,0.836,0.876,0.908,0.783,0.164,0.000,0.000,0.124,359.000,348.000,0.000,0.832,0.867,0.894,0.793,0.164,0.004,0.006,0.127
363,338,336,0.000,0.835,0.866,0.887,0.760,0.154,0.011,0.000,0.134,348,346,0.000,0.842,0.866,0.903,0.783,0.158,0.000,0.000,0.134,358.000,348.000,0.000,0.836,0.876,0.908,0.783,0.164,0.000,0.000,0.124,359.000,348.000,0.000,0.832,0.867,0.894,0.793,0.164,0.004,0.006,0.127
364,338,336,0.000,0.835,0.866,0.887,0.760,0.154,0.011,0.000,0.134,348,346,0.000,0.842,0.866,0.903,0.783,0.158,0.000,0.000,0.134,358.000,348.000,0.000,0.836,0.876,0.908,0.783,0.164,0.000,0.000,0.124,359.000,348.000,0.000,0.832,0.867,0.894,0.793,0.164,0.004,0.006,0.127
365,338,336,0.000,0.835,0.866,0.887,0.760,0.154,0.011,0.000,0.134,348,346,0.000,0.842,0.866,0.903,0.783,0.158,0.000,0.000,0.134,358.000,348.000,0.000,0.836,0.876,0.908,0.783,0.164,0.000,0.000,0.124,359.000,348.000,0.000,0.832,0.867,0.894,0.793,0.164,0.004,0.006,0.127
366,338,336,0.000,0.835,0.866,0.887,0.760,0.154,0.011,0.000,0.134,348,346,0.000,0.842,0.866,0.903,0.783,0.158,0.000,0.000,0.134,358.000,348.000,0.000,0.836,0.876,0.908,0.783,0.164,0.000,0.000,0.124,359.000,348.000,0.000,0.832,0.867,0.894,0.793,0.164,0.004,0.006,0.127
367,338,336,0.000,0.835,0.866,0.887,0.760,0.154,0.011,0.000,0.134,348,346,0.000,0.842,0.866,0.903,0.783,0.158,0.000,0.000,0.134,358.000,348.000,0.000,0.836,0.876,0.908,0.783,0.164,0.000,0.000,0.124,359.000,348.000,0.000,0.832,0.867,0.894,0.793,0.164,0.004,0.006,0.127
368,338,336,0.000,0.835,0.866,0.887,0.760,0.154,0.011,0.000,0.134,348,346,0.000,0.842,0.866,0.903,0.783,0.158,0.000,0.000,0.134,358.000,348.000,0.000,0.836,0.876,0.908,0.783,0.164,0.000,0.000,0.124,359.000,348.000,0.000,0.832,0.867,0.894,0.793,0.164,0.004,0.006,0.127
369,338,336,0.000,0.835,0.866,0.887,0.760,0.154,0.011,0.000,0.134,348,346,0.000,0.842,0.866,0.903,0.783,0.158,0.000,0.000,0.134,358.000,348.000,0.000,0.836,0.876,0.908,0.783,0.164,0.000,0.000,0.124,359.000,348.000,0.000,0.832,0.867,0.894,0.793,0.164,0.004,0.006,0.127
370,338,336,0.000,0.835,0.866,0.887,0.760,0.154,0.011,0.000,0.134,348,346,0.000,0.842,0.866,0.903,0.783,0.158,0.000,0.000,0.134,358.000,348.000,0.000,0.836,0.876,0.908,0.783,0.164,0.000,0.000,0.124,359.000,348.000,0.000,0.832,0.867,0.894,0.793,0.164,0.004,0.006,0.127
371,338,336,0.000,0.835,0.866,0.887,0.760,0.154,0.011,0.000,0.134,348,346,0.000,0.842,0.866,0.903,0.783,0.158,0.000,0.000,0.134,358.000,348.000,0.000,0.836,0.876,0.908,0.783,0.164,0.000,0.000,0.124,359.000,348.000,0.000,0.832,0.867,0.894,0.793,0.164,0.004,0.006,0.127
372,338,336,0.000,0.835,0.866,0.887,0.760,0.154,0.011,0.000,0.134,348,346,0.000,0.842,0.866,0.903,0.783,0.158,0.000,0.000,0.134,358.000,348.000,0.000,0.836,0.876,0.908,0.783,0.164,0.000,0.000,0.124,359.000,348.000,0.000,0.832,0.867,0.894,0.793,0.164,0.004,0.006,0.127
373,338,336,0.000,0.835,0.866,0.887,0.760,0.154,0.011,0.000,0.134,348,346,0.000,0.842,0.866,0.903,0.783,0.158,0.000,0.000,0.134,358.000,348.000,0.000,0.836,0.876,0.908,0.783,0.164,0.000,0.000,0.124,359.000,348.000,0.000,0.832,0.867,0.894,0.793,0.164,0.004,0.006,0.127
374,338,336,0.000,0.835,0.866,0.887,0.760,0.154,0.011,0.000,0.134,348,346,0.000,0.842,0.866,0.903,0.783,0.158,0.000,0.000,0.134,359.000,348.000,0.000,0.832,0.867,0.894,0.793,0.164,0.004,0.006,0.127,,,,,,,,,,,
375,338,336,0.000,0.835,0.866,0.887,0.760,0.154,0.011,0.000,0.134,348,346,0.000,0.842,0.866,0.903,0.783,0.158,0.000,0.000,0.134,359.000,348.000,0.000,0.832,0.867,0.894,0.793,0.164,0.004,0.006,0.127,376.000,338.000,0.000,0.837,0.865,0.890,0.751,0.149,0.014,0.005,0.131
376,338,336,0.000,0.835,0.866,0.887,0.760,0.154,0.011,0.000,0.134,348,346,0.000,0.842,0.866,0.903,0.783,0.158,0.000,0.000,0.134,359.000,348.000,0.000,0.832,0.867,0.894,0.793,0.164,0.004,0.006,0.127,376.000,338.000,0.000,0.837,0.865,0.890,0.751,0.149,0.014,0.005,0.131
377,338,336,0.000,0.835,0.866,0.887,0.760,0.154,0.011,0.000,0.134,348,346,0.000,0.842,0.866,0.903,0.783,0.158,0.000,0.000,0.134,359.000,348.000,0.000,0.832,0.867,0.894,0.793,0.164,0.004,0.006,0.127,376.000,338.000,0.000,0.837,0.865,0.890,0.751,0.149,0.014,0.005,0.131
378,338,336,0.000,0.835,0.866,0.887,0.760,0.154,0.011,0.000,0.134,348,346,0.000,0.842,0.866,0.903,0.783,0.158,0.000,0.000,0.134,359.000,348.000,0.000,0.832,0.867,0.894,0.793,0.164,0.004,0.006,0.127,376.000,338.000,0.000,0.837,0.865,0.890,0.751,0.149,0.014,0.005,0.131
379,338,336,0.000,0.835,0.866,0.887,0.760,0.154,0.011,0.000,0.134,348,346,0.000,0.842,0.866,0.903,0.783,0.158,0.000,0.000,0.134,378.000,348.000,0.000,0.841,0.856,0.909,0.789,0.157,0.002,0.000,0.144,,,,,,,,,,,
380,338,336,0.000,0.835,0.866,0.887,0.760,0.154,0.011,0.000,0.134,348,346,0.000,0.842,0.866,0.903,0.783,0.158,0.000,0.000,0.134,378.000,348.000,0.000,0.841,0.856,0.909,0.789,0.157,0.002,0.000,0.144,381.000,338.000,0.000,0.833,0.872,0.891,0.762,0.158,0.009,0.005,0.123
381,378,348,0.000,0.841,0.856,0.909,0.789,0.157,0.002,0.000,0.144,382,378,0.000,0.830,0.860,0.916,0.785,0.170,0.000,0.000,0.140,,,,,,,,,,,,,,,,,,,,,,
382,378,348,0.000,0.841,0.856,0.909,0.789,0.157,0.002,0.000,0.144,382,378,0.000,0.830,0.860,0.916,0.785,0.170,0.000,0.000,0.140,,,,,,,,,,,,,,,,,,,,,,
383,378,348,0.000,0.841,0.856,0.909,0.789,0.157,0.002,0.000,0.144,382,378,0.000,0.830,0.860,0.916,0.785,0.170,0.000,0.000,0.140,,,,,,,,,,,,,,,,,,,,,,
384,378,348,0.000,0.841,0.856,0.909,0.789,0.157,0.002,0.000,0.144,382,378,0.000,0.830,0.860,0.916,0.785,0.170,0.000,0.000,0.140,385.000,382.000,0.000,0.819,0.850,0.920,0.780,0.175,0.006,0.000,0.150,,,,,,,,,,,
385,378,348,0.000,0.841,0.856,0.909,0.789,0.157,0.002,0.000,0.144,385,382,0.000,0.819,0.850,0.920,0.780,0.175,0.006,0.000,0.150,,,,,,,,,,,,,,,,,,,,,,
386,378,348,0.000,0.841,0.856,0.909,0.789,0.157,0.002,0.000,0.144,385,382,0.000,0.819,0.850,0.920,0.780,0.175,0.006,0.000,0.150,387.000,385.000,0.003,0.809,0.841,0.909,0.769,0.188,0.003,0.008,0.151,,,,,,,,,,,
387,378,348,0.000,0.841,0.856,0.909,0.789,0.157,0.002,0.000,0.144,385,382,0.000,0.819,0.850,0.920,0.780,0.175,0.006,0.000,0.150,388.000,385.000,0.000,0.814,0.839,0.908,0.771,0.174,0.012,0.012,0.149,,,,,,,,,,,
388,378,348,0.000,0.841,0.856,0.909,0.789,0.157,0.002,0.000,0.144,385,382,0.000,0.819,0.850,0.920,0.780,0.175,0.006,0.000,0.150,388.000,385.000,0.000,0.814,0.839,0.908,0.771,0.174,0.012,0.012,0.149,389.000,388.000,0.002,0.819,0.832,0.898,0.758,0.170,0.011,0.009,0.159
389,385,382,0.000,0.819,0.850,0.920,0.780,0.175,0.006,0.000,0.150,388,385,0.000,0.814,0.839,0.908,0.771,0.174,0.012,0.012,0.149,,,,,,,,,,,,,,,,,,,,,,
390,385,382,0.000,0.819,0.850,0.920,0.780,0.175,0.006,0.000,0.150,388,385,0.000,0.814,0.839,0.908,0.771,0.174,0.012,0.012,0.149,,,,,,,,,,,,,,,,,,,,,,
391,385,382,0.000,0.819,0.850,0.920,0.780,0.175,0.006,0.000,0.150,388,385,0.000,0.814,0.839,0.908,0.771,0.174,0.012,0.012,0.149,,,,,,,,,,,,,,,,,,,,,,
392,385,382,0.000,0.819,0.850,0.920,0.780,0.175,0.006,0.000,0.150,388,385,0.000,0.814,0.839,0.908,0.771,0.174,0.012,0.012,0.149,393.000,388.000,0.000,0.802,0.839,0.908,0.761,0.180,0.018,0.007,0.154,,,,,,,,,,,
393,388,385,0.000,0.814,0.839,0.908,0.771,0.174,0.012,0.012,0.149,393,388,0.000,0.802,0.839,0.908,0.761,0.180,0.018,0.007,0.154,,,,,,,,,,,,,,,,,,,,,,
394,388,385,0.000,0.814,0.839,0.908,0.771,0.174,0.012,0.012,0.149,393,388,0.000,0.802,0.839,0.908,0.761,0.180,0.018,0.007,0.154,,,,,,,,,,,,,,,,,,,,,,
395,388,385,0.000,0.814,0.839,0.908,0.771,0.174,0.012,0.012,0.149,393,388,0.000,0.802,0.839,0.908,0.761,0.180,0.018,0.007,0.154,396.000,388.000,0.000,0.825,0.821,0.914,0.788,0.168,0.008,0.039,0.141,,,,,,,,,,,
396,388,385,0.000,0.814,0.839,0.908,0.771,0.174,0.012,0.012,0.149,393,388,0.000,0.802,0.839,0.908,0.761,0.180,0.018,0.007,0.154,396.000,388.000,0.000,0.825,0.821,0.914,0.788,0.168,0.008,0.039,0.141,397.000,396.000,0.000,0.817,0.824,0.912,0.804,0.172,0.011,0.036,0.140
397,388,385,0.000,0.814,0.839,0.908,0.771,0.174,0.012,0.012,0.149,393,388,0.000,0.802,0.839,0.908,0.761,0.180,0.018,0.007,0.154,396.000,388.000,0.000,0.825,0.821,0.914,0.788,0.168,0.008,0.039,0.141,397.000,396.000,0.000,0.817,0.824,0.912,0.804,0.172,0.011,0.036,0.140
398,388,385,0.000,0.814,0.839,0.908,0.771,0.174,0.012,0.012,0.149,393,388,0.000,0.802,0.839,0.908,0.761,0.180,0.018,0.007,0.154,397.000,396.000,0.000,0.817,0.824,0.912,0.804,0.172,0.011,0.036,0.140,,,,,,,,,,,
399,388,385,0.000,0.814,0.839,0.908,0.771,0.174,0.012,0.012,0.149,393,388,0.000,0.802,0.839,0.908,0.761,0.180,0.018,0.007,0.154,400.000,393.000,0.000,0.787,0.848,0.879,0.754,0.184,0.029,0.000,0.152,,,,,,,,,,,
400,393,388,0.000,0.802,0.839,0.908,0.761,0.180,0.018,0.007,0.154,401,388,0.000,0.816,0.849,0.900,0.775,0.177,0.007,0.000,0.150,,,,,,,,,,,,,,,,,,,,,,
401,393,388,0.000,0.802,0.839,0.908,0.761,0.180,0.018,0.007,0.154,401,388,0.000,0.816,0.849,0.900,0.775,0.177,0.007,0.000,0.150,,,,,,,,,,,,,,,,,,,,,,
402,393,388,0.000,0.802,0.839,0.908,0.761,0.180,0.018,0.007,0.154,401,388,0.000,0.816,0.849,0.900,0.775,0.177,0.007,0.000,0.150,,,,,,,,,,,,,,,,,,,,,,
403,393,388,0.000,0.802,0.839,0.908,0.761,0.180,0.018,0.007,0.154,401,388,0.000,0.816,0.849,0.900,0.775,0.177,0.007,0.000,0.150,404.000,393.000,0.001,0.804,0.856,0.901,0.764,0.173,0.023,0.007,0.137,,,,,,,,,,,
404,393,388,0.000,0.802,0.839,0.908,0.761,0.180,0.018,0.007,0.154,401,388,0.000,0.816,0.849,0.900,0.775,0.177,0.007,0.000,0.150,404.000,393.000,0.001,0.804,0.856,0.901,0.764,0.173,0.023,0.007,0.137,405.000,404.000,0.007,0.817,0.848,0.912,0.757,0.166,0.017,0.020,0.132
405,393,388,0.000,0.802,0.839,0.908,0.761,0.180,0.018,0.007,0.154,401,388,0.000,0.816,0.849,0.900,0.775,0.177,0.007,0.000,0.150,404.000,393.000,0.001,0.804,0.856,0.901,0.764,0.173,0.023,0.007,0.137,406.000,404.000,0.000,0.811,0.854,0.905,0.781,0.167,0.022,0.007,0.139
406,393,388,0.000,0.802,0.839,0.908,0.761,0.180,0.018,0.007,0.154,401,388,0.000,0.816,0.849,0.900,0.775,0.177,0.007,0.000,0.150,406.000,404.000,0.000,0.811,0.854,0.905,0.781,0.167,0.022,0.007,0.139,407.000,401.000,0.000,0.815,0.855,0.883,0.758,0.170,0.015,0.005,0.140
407,393,388,0.000,0.802,0.839,0.908,0.761,0.180,0.018,0.007,0.154,401,388,0.000,0.816,0.849,0.900,0.775,0.177,0.007,0.000,0.150,406.000,404.000,0.000,0.811,0.854,0.905,0.781,0.167,0.022,0.007,0.139,407.000,401.000,0.000,0.815,0.855,0.883,0.758,0.170,0.015,0.005,0.140
408,393,388,0.000,0.802,0.839,0.908,0.761,0.180,0.018,0.007,0.154,401,388,0.000,0.816,0.849,0.900,0.775,0.177,0.007,0.000,0.150,406.000,404.000,0.000,0.811,0.854,0.905,0.781,0.167,0.022,0.007,0.139,407.000,401.000,0.000,0.815,0.855,0.883,0.758,0.170,0.015,0.005,0.140
409,393,388,0.000,0.802,0.839,0.908,0.761,0.180,0.018,0.007,0.154,401,388,0.000,0.816,0.849,0.900,0.775,0.177,0.007,0.000,0.150,406.000,404.000,0.000,0.811,0.854,0.905,0.781,0.167,0.022,0.007,0.139,407.000,401.000,0.000,0.815,0.855,0.883,0.758,0.170,0.015,0.005,0.140
410,393,388,0.000,0.802,0.839,0.908,0.761,0.180,0.018,0.007,0.154,401,388,0.000,0.816,0.849,0.900,0.775,0.177,0.007,0.000,0.150,406.000,404.000,0.000,0.811,0.854,0.905,0.781,0.167,0.022,0.007,0.139,407.000,401.000,0.000,0.815,0.855,0.883,0.758,0.170,0.015,0.005,0.140
411,401,388,0.000,0.816,0.849,0.900,0.775,0.177,0.007,0.000,0.150,411,393,0.000,0.803,0.823,0.898,0.753,0.182,0.015,0.000,0.177,,,,,,,,,,,,,,,,,,,,,,
412,401,388,0.000,0.816,0.849,0.900,0.775,0.177,0.007,0.000,0.150,411,393,0.000,0.803,0.823,0.898,0.753,0.182,0.015,0.000,0.177,413.000,401.000,0.006,0.817,0.849,0.903,0.772,0.183,0.000,0.000,0.151,,,,,,,,,,,
413,401,388,0.000,0.816,0.849,0.900,0.775,0.177,0.007,0.000,0.150,411,393,0.000,0.803,0.823,0.898,0.753,0.182,0.015,0.000,0.177,413.000,401.000,0.006,0.817,0.849,0.903,0.772,0.183,0.000,0.000,0.151,414.000,401.000,0.003,0.819,0.834,0.894,0.772,0.169,0.012,0.013,0.153
414,401,388,0.000,0.816,0.849,0.900,0.775,0.177,0.007,0.000,0.150,411,393,0.000,0.803,0.823,0.898,0.753,0.182,0.015,0.000,0.177,413.000,401.000,0.006,0.817,0.849,0.903,0.772,0.183,0.000,0.000,0.151,414.000,401.000,0.003,0.819,0.834,0.894,0.772,0.169,0.012,0.013,0.153
415,401,388,0.000,0.816,0.849,0.900,0.775,0.177,0.007,0.000,0.150,411,393,0.000,0.803,0.823,0.898,0.753,0.182,0.015,0.000,0.177,413.000,401.000,0.006,0.817,0.849,0.903,0.772,0.183,0.000,0.000,0.151,414.000,401.000,0.003,0.819,0.834,0.894,0.772,0.169,0.012,0.013,0.153
416,401,388,0.000,0.816,0.849,0.900,0.775,0.177,0.007,0.000,0.150,411,393,0.000,0.803,0.823,0.898,0.753,0.182,0.015,0.000,0.177,413.000,401.000,0.006,0.817,0.849,0.903,0.772,0.183,0.000,0.000,0.151,414.000,401.000,0.003,0.819,0.834,0.894,0.772,0.169,0.012,0.013,0.153
417,401,388,0.000,0.816,0.849,0.900,0.775,0.177,0.007,0.000,0.150,411,393,0.000,0.803,0.823,0.898,0.753,0.182,0.015,0.000,0.177,413.000,401.000,0.006,0.817,0.849,0.903,0.772,0.183,0.000,0.000,0.151,414.000,401.000,0.003,0.819,0.834,0.894,0.772,0.169,0.012,0.013,0.153
418,401,388,0.000,0.816,0.849,0.900,0.775,0.177,0.007,0.000,0.150,411,393,0.000,0.803,0.823,0.898,0.753,0.182,0.015,0.000,0.177,413.000,401.000,0.006,0.817,0.849,0.903,0.772,0.183,0.000,0.000,0.151,414.000,401.000,0.003,0.819,0.834,0.894,0.772,0.169,0.012,0.013,0.153
419,401,388,0.000,0.816,0.849,0.900,0.775,0.177,0.007,0.000,0.150,411,393,0.000,0.803,0.823,0.898,0.753,0.182,0.015,0.000,0.177,414.000,401.000,0.003,0.819,0.834,0.894,0.772,0.169,0.012,0.013,0.153,415.000,401.000,0.003,0.826,0.864,0.901,0.774,0.174,0.000,0.000,0.136
420,401,388,0.000,0.816,0.849,0.900,0.775,0.177,0.007,0.000,0.150,411,393,0.000,0.803,0.823,0.898,0.753,0.182,0.015,0.000,0.177,414.000,401.000,0.003,0.819,0.834,0.894,0.772,0.169,0.012,0.013,0.153,415.000,401.000,0.003,0.826,0.864,0.901,0.774,0.174,0.000,0.000,0.136
421,401,388,0.000,0.816,0.849,0.900,0.775,0.177,0.007,0.000,0.150,411,393,0.000,0.803,0.823,0.898,0.753,0.182,0.015,0.000,0.177,414.000,401.000,0.003,0.819,0.834,0.894,0.772,0.169,0.012,0.013,0.153,415.000,401.000,0.003,0.826,0.864,0.901,0.774,0.174,0.000,0.000,0.136
422,401,388,0.000,0.816,0.849,0.900,0.775,0.177,0.007,0.000,0.150,411,393,0.000,0.803,0.823,0.898,0.753,0.182,0.015,0.000,0.177,423.000,401.000,0.000,0.815,0.859,0.912,0.768,0.185,0.000,0.000,0.141,,,,,,,,,,,
423,401,388,0.000,0.816,0.849,0.900,0.775,0.177,0.007,0.000,0.150,411,393,0.000,0.803,0.823,0.898,0.753,0.182,0.015,0.000,0.177,423.000,401.000,0.000,0.815,0.859,0.912,0.768,0.185,0.000,0.000,0.141,424.000,423.000,0.002,0.805,0.855,0.931,0.767,0.185,0.010,0.001,0.144
424,401,388,0.000,0.816,0.849,0.900,0.775,0.177,0.007,0.000,0.150,411,393,0.000,0.803,0.823,0.898,0.753,0.182,0.015,0.000,0.177,423.000,401.000,0.000,0.815,0.859,0.912,0.768,0.185,0.000,0.000,0.141,424.000,423.000,0.002,0.805,0.855,0.931,0.767,0.185,0.010,0.001,0.144
425,401,388,0.000,0.816,0.849,0.900,0.775,0.177,0.007,0.000,0.150,411,393,0.000,0.803,0.823,0.898,0.753,0.182,0.015,0.000,0.177,425.000,411.000,0.000,0.800,0.823,0.890,0.753,0.200,0.000,0.000,0.177,426.000,423.000,0.000,0.799,0.843,0.922,0.764,0.195,0.005,0.003,0.154
426,401,388,0.000,0.816,0.849,0.900,0.775,0.177,0.007,0.000,0.150,411,393,0.000,0.803,0.823,0.898,0.753,0.182,0.015,0.000,0.177,425.000,411.000,0.000,0.800,0.823,0.890,0.753,0.200,0.000,0.000,0.177,426.000,423.000,0.000,0.799,0.843,0.922,0.764,0.195,0.005,0.003,0.154
427,401,388,0.000,0.816,0.849,0.900,0.775,0.177,0.007,0.000,0.150,411,393,0.000,0.803,0.823,0.898,0.753,0.182,0.015,0.000,0.177,425.000,411.000,0.000,0.800,0.823,0.890,0.753,0.200,0.000,0.000,0.177,426.000,423.000,0.000,0.799,0.843,0.922,0.764,0.195,0.005,0.003,0.154
428,401,388,0.000,0.816,0.849,0.900,0.775,0.177,0.007,0.000,0.150,411,393,0.000,0.803,0.823,0.898,0.753,0.182,0.015,0.000,0.177,425.000,411.000,0.000,0.800,0.823,0.890,0.753,0.200,0.000,0.000,0.177,426.000,423.000,0.000,0.799,0.843,0.922,0.764,0.195,0.005,0.003,0.154
429,411,393,0.000,0.803,0.823,0.898,0.753,0.182,0.015,0.000,0.177,425,411,0.000,0.800,0.823,0.890,0.753,0.200,0.000,0.000,0.177,426.000,423.000,0.000,0.799,0.843,0.922,0.764,0.195,0.005,0.003,0.154,428.000,426.000,0.000,0.810,0.827,0.918,0.751,0.184,0.005,0.017,0.156
430,411,393,0.000,0.803,0.823,0.898,0.753,0.182,0.015,0.000,0.177,425,411,0.000,0.800,0.823,0.890,0.753,0.200,0.000,0.000,0.177,426.000,423.000,0.000,0.799,0.843,0.922,0.764,0.195,0.005,0.003,0.154,428.000,426.000,0.000,0.810,0.827,0.918,0.751,0.184,0.005,0.017,0.156
431,411,393,0.000,0.803,0.823,0.898,0.753,0.182,0.015,0.000,0.177,425,411,0.000,0.800,0.823,0.890,0.753,0.200,0.000,0.000,0.177,429.000,411.000,0.000,0.803,0.804,0.884,0.754,0.182,0.015,0.024,0.172,430.000,425.000,0.000,0.775,0.805,0.900,0.749,0.221,0.003,0.010,0.185
432,430,425,0.000,0.775,0.805,0.900,0.749,0.221,0.003,0.010,0.185,433,430,0.000,0.778,0.811,0.904,0.760,0.218,0.004,0.013,0.177,,,,,,,,,,,,,,,,,,,,,,
433,430,425,0.000,0.775,0.805,0.900,0.749,0.221,0.003,0.010,0.185,433,430,0.000,0.778,0.811,0.904,0.760,0.218,0.004,0.013,0.177,,,,,,,,,,,,,,,,,,,,,,
434,430,425,0.000,0.775,0.805,0.900,0.749,0.221,0.003,0.010,0.185,433,430,0.000,0.778,0.811,0.904,0.760,0.218,0.004,0.013,0.177,435.000,433.000,0.005,0.769,0.817,0.892,0.743,0.214,0.017,0.005,0.178,,,,,,,,,,,
435,430,425,0.000,0.775,0.805,0.900,0.749,0.221,0.003,0.010,0.185,433,430,0.000,0.778,0.811,0.904,0.760,0.218,0.004,0.013,0.177,436.000,435.000,0.000,0.771,0.813,0.898,0.734,0.212,0.017,0.017,0.169,,,,,,,,,,,
436,430,425,0.000,0.775,0.805,0.900,0.749,0.221,0.003,0.010,0.185,433,430,0.000,0.778,0.811,0.904,0.760,0.218,0.004,0.013,0.177,436.000,435.000,0.000,0.771,0.813,0.898,0.734,0.212,0.017,0.017,0.169,437.000,436.000,0.002,0.768,0.824,0.899,0.740,0.215,0.017,0.012,0.164
437,430,425,0.000,0.775,0.805,0.900,0.749,0.221,0.003,0.010,0.185,433,430,0.000,0.778,0.811,0.904,0.760,0.218,0.004,0.013,0.177,436.000,435.000,0.000,0.771,0.813,0.898,0.734,0.212,0.017,0.017,0.169,437.000,436.000,0.002,0.768,0.824,0.899,0.740,0.215,0.017,0.012,0.164
438,430,425,0.000,0.775,0.805,0.900,0.749,0.221,0.003,0.010,0.185,433,430,0.000,0.778,0.811,0.904,0.760,0.218,0.004,0.013,0.177,436.000,435.000,0.000,0.771,0.813,0.898,0.734,0.212,0.017,0.017,0.169,437.000,436.000,0.002,0.768,0.824,0.899,0.740,0.215,0.017,0.012,0.164
439,430,425,0.000,0.775,0.805,0.900,0.749,0.221,0.003,0.010,0.185,433,430,0.000,0.778,0.811,0.904,0.760,0.218,0.004,0.013,0.177,436.000,435.000,0.000,0.771,0.813,0.898,0.734,0.212,0.017,0.017,0.169,437.000,436.000,0.002,0.768,0.824,0.899,0.740,0.215,0.017,0.012,0.164
440,430,425,0.000,0.775,0.805,0.900,0.749,0.221,0.003,0.010,0.185,433,430,0.000,0.778,0.811,0.904,0.760,0.218,0.004,0.013,0.177,436.000,435.000,0.000,0.771,0.813,0.898,0.734,0.212,0.017,0.017,0.169,438.000,437.000,0.000,0.787,0.834,0.900,0.748,0.205,0.008,0.012,0.154
441,430,425,0.000,0.775,0.805,0.900,0.749,0.221,0.003,0.010,0.185,433,430,0.000,0.778,0.811,0.904,0.760,0.218,0.004,0.013,0.177,436.000,435.000,0.000,0.771,0.813,0.898,0.734,0.212,0.017,0.017,0.169,438.000,437.000,0.000,0.787,0.834,0.900,0.748,0.205,0.008,0.012,0.154
442,430,425,0.000,0.775,0.805,0.900,0.749,0.221,0.003,0.010,0.185,433,430,0.000,0.778,0.811,0.904,0.760,0.218,0.004,0.013,0.177,436.000,435.000,0.000,0.771,0.813,0.898,0.734,0.212,0.017,0.017,0.169,438.000,437.000,0.000,0.787,0.834,0.900,0.748,0.205,0.008,0.012,0.154
443,430,425,0.000,0.775,0.805,0.900,0.749,0.221,0.003,0.010,0.185,433,430,0.000,0.778,0.811,0.904,0.760,0.218,0.004,0.013,0.177,436.000,435.000,0.000,0.771,0.813,0.898,0.734,0.212,0.017,0.017,0.169,438.000,437.000,0.000,0.787,0.834,0.900,0.748,0.205,0.008,0.012,0.154
444,430,425,0.000,0.775,0.805,0.900,0.749,0.221,0.003,0.010,0.185,433,430,0.000,0.778,0.811,0.904,0.760,0.218,0.004,0.013,0.177,438.000,437.000,0.000,0.787,0.834,0.900,0.748,0.205,0.008,0.012,0.154,440.000,436.000,0.000,0.763,0.824,0.895,0.739,0.220,0.017,0.016,0.160
445,430,425,0.000,0.775,0.805,0.900,0.749,0.221,0.003,0.010,0.185,433,430,0.000,0.778,0.811,0.904,0.760,0.218,0.004,0.013,0.177,438.000,437.000,0.000,0.787,0.834,0.900,0.748,0.205,0.008,0.012,0.154,440.000,436.000,0.000,0.763,0.824,0.895,0.739,0.220,0.017,0.016,0.160
446,430,425,0.000,0.775,0.805,0.900,0.749,0.221,0.003,0.010,0.185,433,430,0.000,0.778,0.811,0.904,0.760,0.218,0.004,0.013,0.177,440.000,436.000,0.000,0.763,0.824,0.895,0.739,0.220,0.017,0.016,0.160,441.000,440.000,0.000,0.749,0.829,0.903,0.746,0.221,0.030,0.012,0.159
447,430,425,0.000,0.775,0.805,0.900,0.749,0.221,0.003,0.010,0.185,433,430,0.000,0.778,0.811,0.904,0.760,0.218,0.004,0.013,0.177,440.000,436.000,0.000,0.763,0.824,0.895,0.739,0.220,0.017,0.016,0.160,447.000,441.000,0.000,0.749,0.839,0.889,0.744,0.222,0.029,0.002,0.160
448,430,425,0.000,0.775,0.805,0.900,0.749,0.221,0.003,0.010,0.185,433,430,0.000,0.778,0.811,0.904,0.760,0.218,0.004,0.013,0.177,447.000,441.000,0.000,0.749,0.839,0.889,0.744,0.222,0.029,0.002,0.160,449.000,448.000,0.001,0.767,0.831,0.882,0.758,0.222,0.011,0.003,0.165
449,430,425,0.000,0.775,0.805,0.900,0.749,0.221,0.003,0.010,0.185,433,430,0.000,0.778,0.811,0.904,0.760,0.218,0.004,0.013,0.177,447.000,441.000,0.000,0.749,0.839,0.889,0.744,0.222,0.029,0.002,0.160,449.000,448.000,0.001,0.767,0.831,0.882,0.758,0.222,0.011,0.003,0.165
450,430,425,0.000,0.775,0.805,0.900,0.749,0.221,0.003,0.010,0.185,433,430,0.000,0.778,0.811,0.904,0.760,0.218,0.004,0.013,0.177,447.000,441.000,0.000,0.749,0.839,0.889,0.744,0.222,0.029,0.002,0.160,449.000,448.000,0.001,0.767,0.831,0.882,0.758,0.222,0.011,0.003,0.165
451,430,425,0.000,0.775,0.805,0.900,0.749,0.221,0.003,0.010,0.185,433,430,0.000,0.778,0.811,0.904,0.760,0.218,0.004,0.013,0.177,450.000,430.000,0.000,0.765,0.785,0.893,0.735,0.231,0.004,0.034,0.181,451.000,433.000,0.000,0.760,0.824,0.901,0.749,0.234,0.006,0.004,0.172
452,430,425,0.000,0.775,0.805,0.900,0.749,0.221,0.003,0.010,0.185,433,430,0.000,0.778,0.811,0.904,0.760,0.218,0.004,0.013,0.177,450.000,430.000,0.000,0.765,0.785,0.893,0.735,0.231,0.004,0.034,0.181,451.000,433.000,0.000,0.760,0.824,0.901,0.749,0.234,0.006,0.004,0.172
453,430,425,0.000,0.775,0.805,0.900,0.749,0.221,0.003,0.010,0.185,433,430,0.000,0.778,0.811,0.904,0.760,0.218,0.004,0.013,0.177,450.000,430.000,0.000,0.765,0.785,0.893,0.735,0.231,0.004,0.034,0.181,451.000,433.000,0.000,0.760,0.824,0.901,0.749,0.234,0.006,0.004,0.172
454,430,425,0.000,0.775,0.805,0.900,0.749,0.221,0.003,0.010,0.185,433,430,0.000,0.778,0.811,0.904,0.760,0.218,0.004,0.013,0.177,450.000,430.000,0.000,0.765,0.785,0.893,0.735,0.231,0.004,0.034,0.181,451.000,433.000,0.000,0.760,0.824,0.901,0.749,0.234,0.006,0.004,0.172
455,430,425,0.000,0.775,0.805,0.900,0.749,0.221,0.003,0.010,0.185,433,430,0.000,0.778,0.811,0.904,0.760,0.218,0.004,0.013,0.177,450.000,430.000,0.000,0.765,0.785,0.893,0.735,0.231,0.004,0.034,0.181,451.000,433.000,0.000,0.760,0.824,0.901,0.749,0.234,0.006,0.004,0.172
456,430,425,0.000,0.775,0.805,0.900,0.749,0.221,0.003,0.010,0.185,433,430,0.000,0.778,0.811,0.904,0.760,0.218,0.004,0.013,0.177,450.000,430.000,0.000,0.765,0.785,0.893,0.735,0.231,0.004,0.034,0.181,451.000,433.000,0.000,0.760,0.824,0.901,0.749,0.234,0.006,0.004,0.172
457,430,425,0.000,0.775,0.805,0.900,0.749,0.221,0.003,0.010,0.185,433,430,0.000,0.778,0.811,0.904,0.760,0.218,0.004,0.013,0.177,450.000,430.000,0.000,0.765,0.785,0.893,0.735,0.231,0.004,0.034,0.181,451.000,433.000,0.000,0.760,0.824,0.901,0.749,0.234,0.006,0.004,0.172
458,430,425,0.000,0.775,0.805,0.900,0.749,0.221,0.003,0.010,0.185,433,430,0.000,0.778,0.811,0.904,0.760,0.218,0.004,0.013,0.177,450.000,430.000,0.000,0.765,0.785,0.893,0.735,0.231,0.004,0.034,0.181,451.000,433.000,0.000,0.760,0.824,0.901,0.749,0.234,0.006,0.004,0.172
459,430,425,0.000,0.775,0.805,0.900,0.749,0.221,0.003,0.010,0.185,433,430,0.000,0.778,0.811,0.904,0.760,0.218,0.004,0.013,0.177,451.000,433.000,0.000,0.760,0.824,0.901,0.749,0.234,0.006,0.004,0.172,457.000,450.000,0.000,0.770,0.807,0.901,0.749,0.227,0.003,0.013,0.181
460,430,425,0.000,0.775,0.805,0.900,0.749,0.221,0.003,0.010,0.185,433,430,0.000,0.778,0.811,0.904,0.760,0.218,0.004,0.013,0.177,451.000,433.000,0.000,0.760,0.824,0.901,0.749,0.234,0.006,0.004,0.172,457.000,450.000,0.000,0.770,0.807,0.901,0.749,0.227,0.003,0.013,0.181
461,430,425,0.000,0.775,0.805,0.900,0.749,0.221,0.003,0.010,0.185,433,430,0.000,0.778,0.811,0.904,0.760,0.218,0.004,0.013,0.177,451.000,433.000,0.000,0.760,0.824,0.901,0.749,0.234,0.006,0.004,0.172,457.000,450.000,0.000,0.770,0.807,0.901,0.749,0.227,0.003,0.013,0.181
462,430,425,0.000,0.775,0.805,0.900,0.749,0.221,0.003,0.010,0.185,461,451,0.000,0.759,0.811,0.896,0.761,0.239,0.001,0.000,0.189,,,,,,,,,,,,,,,,,,,,,,
463,430,425,0.000,0.775,0.805,0.900,0.749,0.221,0.003,0.010,0.185,461,451,0.000,0.759,0.811,0.896,0.761,0.239,0.001,0.000,0.189,,,,,,,,,,,,,,,,,,,,,,
464,430,425,0.000,0.775,0.805,0.900,0.749,0.221,0.003,0.010,0.185,461,451,0.000,0.759,0.811,0.896,0.761,0.239,0.001,0.000,0.189,465.000,461.000,0.000,0.752,0.805,0.899,0.750,0.248,0.000,0.003,0.191,,,,,,,,,,,
465,430,425,0.000,0.775,0.805,0.900,0.749,0.221,0.003,0.010,0.185,461,451,0.000,0.759,0.811,0.896,0.761,0.239,0.001,0.000,0.189,465.000,461.000,0.000,0.752,0.805,0.899,0.750,0.248,0.000,0.003,0.191,466.000,430.000,0.009,0.754,0.796,0.901,0.740,0.226,0.021,0.022,0.183
466,430,425,0.000,0.775,0.805,0.900,0.749,0.221,0.003,0.010,0.185,461,451,0.000,0.759,0.811,0.896,0.761,0.239,0.001,0.000,0.189,465.000,461.000,0.000,0.752,0.805,0.899,0.750,0.248,0.000,0.003,0.191,466.000,430.000,0.009,0.754,0.796,0.901,0.740,0.226,0.021,0.022,0.183
467,430,425,0.000,0.775,0.805,0.900,0.749,0.221,0.003,0.010,0.185,461,451,0.000,0.759,0.811,0.896,0.761,0.239,0.001,0.000,0.189,465.000,461.000,0.000,0.752,0.805,0.899,0.750,0.248,0.000,0.003,0.191,466.000,430.000,0.009,0.754,0.796,0.901,0.740,0.226,0.021,0.022,0.183
468,430,425,0.000,0.775,0.805,0.900,0.749,0.221,0.003,0.010,0.185,461,451,0.000,0.759,0.811,0.896,0.761,0.239,0.001,0.000,0.189,465.000,461.000,0.000,0.752,0.805,0.899,0.750,0.248,0.000,0.003,0.191,467.000,461.000,0.001,0.756,0.816,0.897,0.770,0.244,0.000,0.000,0.184
469,430,425,0.000,0.775,0.805,0.900,0.749,0.221,0.003,0.010,0.185,461,451,0.000,0.759,0.811,0.896,0.761,0.239,0.001,0.000,0.189,465.000,461.000,0.000,0.752,0.805,0.899,0.750,0.248,0.000,0.003,0.191,467.000,461.000,0.001,0.756,0.816,0.897,0.770,0.244,0.000,0.000,0.184
470,430,425,0.000,0.775,0.805,0.900,0.749,0.221,0.003,0.010,0.185,461,451,0.000,0.759,0.811,0.896,0.761,0.239,0.001,0.000,0.189,465.000,461.000,0.000,0.752,0.805,0.899,0.750,0.248,0.000,0.003,0.191,467.000,461.000,0.001,0.756,0.816,0.897,0.770,0.244,0.000,0.000,0.184
471,461,451,0.000,0.759,0.811,0.896,0.761,0.239,0.001,0.000,0.189,465,461,0.000,0.752,0.805,0.899,0.750,0.248,0.000,0.003,0.191,,,,,,,,,,,,,,,,,,,,,,
472,461,451,0.000,0.759,0.811,0.896,0.761,0.239,0.001,0.000,0.189,465,461,0.000,0.752,0.805,0.899,0.750,0.248,0.000,0.003,0.191,473.000,461.000,0.000,0.767,0.812,0.893,0.775,0.233,0.000,0.000,0.188,,,,,,,,,,,
473,461,451,0.000,0.759,0.811,0.896,0.761,0.239,0.001,0.000,0.189,465,461,0.000,0.752,0.805,0.899,0.750,0.248,0.000,0.003,0.191,473.000,461.000,0.000,0.767,0.812,0.893,0.775,0.233,0.000,0.000,0.188,474.000,465.000,0.005,0.760,0.816,0.916,0.762,0.240,0.000,0.000,0.184
474,461,451,0.000,0.759,0.811,0.896,0.761,0.239,0.001,0.000,0.189,465,461,0.000,0.752,0.805,0.899,0.750,0.248,0.000,0.003,0.191,473.000,461.000,0.000,0.767,0.812,0.893,0.775,0.233,0.000,0.000,0.188,474.000,465.000,0.005,0.760,0.816,0.916,0.762,0.240,0.000,0.000,0.184
475,461,451,0.000,0.759,0.811,0.896,0.761,0.239,0.001,0.000,0.189,465,461,0.000,0.752,0.805,0.899,0.750,0.248,0.000,0.003,0.191,,,,,,,,,,,,,,,,,,,,,,
476,461,451,0.000,0.759,0.811,0.896,0.761,0.239,0.001,0.000,0.189,465,461,0.000,0.752,0.805,0.899,0.750,0.248,0.000,0.003,0.191,,,,,,,,,,,,,,,,,,,,,,
477,461,451,0.000,0.759,0.811,0.896,0.761,0.239,0.001,0.000,0.189,465,461,0.000,0.752,0.805,0.899,0.750,0.248,0.000,0.003,0.191,,,,,,,,,,,,,,,,,,,,,,
478,461,451,0.000,0.759,0.811,0.896,0.761,0.239,0.001,0.000,0.189,465,461,0.000,0.752,0.805,0.899,0.750,0.248,0.000,0.003,0.191,,,,,,,,,,,,,,,,,,,,,,
479,461,451,0.000,0.759,0.811,0.896,0.761,0.239,0.001,0.000,0.189,465,461,0.000,0.752,0.805,0.899,0.750,0.248,0.000,0.003,0.191,,,,,,,,,,,,,,,,,,,,,,
480,461,451,0.000,0.759,0.811,0.896,0.761,0.239,0.001,0.000,0.189,465,461,0.000,0.752,0.805,0.899,0.750,0.248,0.000,0.003,0.191,,,,,,,,,,,,,,,,,,,,,,
481,461,451,0.000,0.759,0.811,0.896,0.761,0.239,0.001,0.000,0.189,465,461,0.000,0.752,0.805,0.899,0.750,0.248,0.000,0.003,0.191,,,,,,,,,,,,,,,,,,,,,,
482,461,451,0.000,0.759,0.811,0.896,0.761,0.239,0.001,0.000,0.189,465,461,0.000,0.752,0.805,0.899,0.750,0.248,0.000,0.003,0.191,,,,,,,,,,,,,,,,,,,,,,
483,461,451,0.000,0.759,0.811,0.896,0.761,0.239,0.001,0.000,0.189,465,461,0.000,0.752,0.805,0.899,0.750,0.248,0.000,0.003,0.191,,,,,,,,,,,,,,,,,,,,,,
484,461,451,0.000,0.759,0.811,0.896,0.761,0.239,0.001,0.000,0.189,465,461,0.000,0.752,0.805,0.899,0.750,0.248,0.000,0.003,0.191,,,,,,,,,,,,,,,,,,,,,,
485,461,451,0.000,0.759,0.811,0.896,0.761,0.239,0.001,0.000,0.189,465,461,0.000,0.752,0.805,0.899,0.750,0.248,0.000,0.003,0.191,,,,,,,,,,,,,,,,,,,,,,
486,461,451,0.000,0.759,0.811,0.896,0.761,0.239,0.001,0.000,0.189,465,461,0.000,0.752,0.805,0.899,0.750,0.248,0.000,0.003,0.191,,,,,,,,,,,,,,,,,,,,,,
487,461,451,0.000,0.759,0.811,0.896,0.761,0.239,0.001,0.000,0.189,465,461,0.000,0.752,0.805,0.899,0.750,0.248,0.000,0.003,0.191,,,,,,,,,,,,,,,,,,,,,,
488,461,451,0.000,0.759,0.811,0.896,0.761,0.239,0.001,0.000,0.189,465,461,0.000,0.752,0.805,0.899,0.750,0.248,0.000,0.003,0.191,,,,,,,,,,,,,,,,,,,,,,
489,461,451,0.000,0.759,0.811,0.896,0.761,0.239,0.001,0.000,0.189,465,461,0.000,0.752,0.805,0.899,0.750,0.248,0.000,0.003,0.191,490.000,465.000,0.000,0.747,0.803,0.905,0.744,0.244,0.010,0.002,0.195,,,,,,,,,,,
490,461,451,0.000,0.759,0.811,0.896,0.761,0.239,0.001,0.000,0.189,465,461,0.000,0.752,0.805,0.899,0.750,0.248,0.000,0.003,0.191,490.000,465.000,0.000,0.747,0.803,0.905,0.744,0.244,0.010,0.002,0.195,491.000,465.000,0.000,0.739,0.792,0.898,0.755,0.261,0.000,0.011,0.197
491,461,451,0.000,0.759,0.811,0.896,0.761,0.239,0.001,0.000,0.189,465,461,0.000,0.752,0.805,0.899,0.750,0.248,0.000,0.003,0.191,490.000,465.000,0.000,0.747,0.803,0.905,0.744,0.244,0.010,0.002,0.195,491.000,465.000,0.000,0.739,0.792,0.898,0.755,0.261,0.000,0.011,0.197
492,465,461,0.000,0.752,0.805,0.899,0.750,0.248,0.000,0.003,0.191,490,465,0.000,0.747,0.803,0.905,0.744,0.244,0.010,0.002,0.195,491.000,465.000,0.000,0.739,0.792,0.898,0.755,0.261,0.000,0.011,0.197,,,,,,,,,,,
493,465,461,0.000,0.752,0.805,0.899,0.750,0.248,0.000,0.003,0.191,490,465,0.000,0.747,0.803,0.905,0.744,0.244,0.010,0.002,0.195,491.000,465.000,0.000,0.739,0.792,0.898,0.755,0.261,0.000,0.011,0.197,494.000,491.000,0.000,0.744,0.784,0.877,0.780,0.256,0.000,0.008,0.208
494,465,461,0.000,0.752,0.805,0.899,0.750,0.248,0.000,0.003,0.191,490,465,0.000,0.747,0.803,0.905,0.744,0.244,0.010,0.002,0.195,491.000,465.000,0.000,0.739,0.792,0.898,0.755,0.261,0.000,0.011,0.197,494.000,491.000,0.000,0.744,0.784,0.877,0.780,0.256,0.000,0.008,0.208
495,465,461,0.000,0.752,0.805,0.899,0.750,0.248,0.000,0.003,0.191,490,465,0.000,0.747,0.803,0.905,0.744,0.244,0.010,0.002,0.195,491.000,465.000,0.000,0.739,0.792,0.898,0.755,0.261,0.000,0.011,0.197,494.000,491.000,0.000,0.744,0.784,0.877,0.780,0.256,0.000,0.008,0.208
496,465,461,0.000,0.752,0.805,0.899,0.750,0.248,0.000,0.003,0.191,490,465,0.000,0.747,0.803,0.905,0.744,0.244,0.010,0.002,0.195,491.000,465.000,0.000,0.739,0.792,0.898,0.755,0.261,0.000,0.011,0.197,496.000,494.000,0.000,0.741,0.787,0.861,0.792,0.259,0.000,0.005,0.209
497,465,461,0.000,0.752,0.805,0.899,0.750,0.248,0.000,0.003,0.191,490,465,0.000,0.747,0.803,0.905,0.744,0.244,0.010,0.002,0.195,491.000,465.000,0.000,0.739,0.792,0.898,0.755,0.261,0.000,0.011,0.197,497.000,496.000,0.000,0.730,0.765,0.864,0.797,0.266,0.005,0.022,0.213
498,465,461,0.000,0.752,0.805,0.899,0.750,0.248,0.000,0.003,0.191,490,465,0.000,0.747,0.803,0.905,0.744,0.244,0.010,0.002,0.195,491.000,465.000,0.000,0.739,0.792,0.898,0.755,0.261,0.000,0.011,0.197,497.000,496.000,0.000,0.730,0.765,0.864,0.797,0.266,0.005,0.022,0.213
499,465,461,0.000,0.752,0.805,0.899,0.750,0.248,0.000,0.003,0.191,490,465,0.000,0.747,0.803,0.905,0.744,0.244,0.010,0.002,0.195,491.000,465.000,0.000,0.739,0.792,0.898,0.755,0.261,0.000,0.011,0.197,497.000,496.000,0.000,0.730,0.765,0.864,0.797,0.266,0.005,0.022,0.213
500,465,461,0.000,0.752,0.805,0.899,0.750,0.248,0.000,0.003,0.191,490,465,0.000,0.747,0.803,0.905,0.744,0.244,0.010,0.002,0.195,491.000,465.000,0.000,0.739,0.792,0.898,0.755,0.261,0.000,0.011,0.197,497.000,496.000,0.000,0.730,0.765,0.864,0.797,0.266,0.005,0.022,0.213
501,465,461,0.000,0.752,0.805,0.899,0.750,0.248,0.000,0.003,0.191,490,465,0.000,0.747,0.803,0.905,0.744,0.244,0.010,0.002,0.195,491.000,465.000,0.000,0.739,0.792,0.898,0.755,0.261,0.000,0.011,0.197,497.000,496.000,0.000,0.730,0.765,0.864,0.797,0.266,0.005,0.022,0.213
502,465,461,0.000,0.752,0.805,0.899,0.750,0.248,0.000,0.003,0.191,490,465,0.000,0.747,0.803,0.905,0.744,0.244,0.010,0.002,0.195,491.000,465.000,0.000,0.739,0.792,0.898,0.755,0.261,0.000,0.011,0.197,497.000,496.000,0.000,0.730,0.765,0.864,0.797,0.266,0.005,0.022,0.213
503,490,465,0.000,0.747,0.803,0.905,0.744,0.244,0.010,0.002,0.195,491,465,0.000,0.739,0.792,0.898,0.755,0.261,0.000,0.011,0.197,500.000,491.000,0.000,0.739,0.796,0.902,0.761,0.261,0.000,0.007,0.197,504.000,491.000,0.000,0.739,0.783,0.910,0.747,0.253,0.008,0.011,0.206
504,491,465,0.000,0.739,0.792,0.898,0.755,0.261,0.000,0.011,0.197,500,491,0.000,0.739,0.796,0.902,0.761,0.261,0.000,0.007,0.197,504.000,491.000,0.000,0.739,0.783,0.910,0.747,0.253,0.008,0.011,0.206,505.000,504.000,0.000,0.747,0.769,0.910,0.771,0.253,0.000,0.009,0.222
505,500,491,0.000,0.739,0.796,0.902,0.761,0.261,0.000,0.007,0.197,504,491,0.000,0.739,0.783,0.910,0.747,0.253,0.008,0.011,0.206,505.000,504.000,0.000,0.747,0.769,0.910,0.771,0.253,0.000,0.009,0.222,,,,,,,,,,,
506,504,491,0.000,0.739,0.783,0.910,0.747,0.253,0.008,0.011,0.206,505,504,0.000,0.747,0.769,0.910,0.771,0.253,0.000,0.009,0.222,,,,,,,,,,,,,,,,,,,,,,
507,504,491,0.000,0.739,0.783,0.910,0.747,0.253,0.008,0.011,0.206,505,504,0.000,0.747,0.769,0.910,0.771,0.253,0.000,0.009,0.222,508.000,505.000,0.000,0.727,0.759,0.919,0.767,0.273,0.000,0.008,0.233,,,,,,,,,,,
508,504,491,0.000,0.739,0.783,0.910,0.747,0.253,0.008,0.011,0.206,505,504,0.000,0.747,0.769,0.910,0.771,0.253,0.000,0.009,0.222,508.000,505.000,0.000,0.727,0.759,0.919,0.767,0.273,0.000,0.008,0.233,509.000,504.000,0.002,0.743,0.773,0.914,0.756,0.253,0.004,0.012,0.215
509,504,491,0.000,0.739,0.783,0.910,0.747,0.253,0.008,0.011,0.206,505,504,0.000,0.747,0.769,0.910,0.771,0.253,0.000,0.009,0.222,508.000,505.000,0.000,0.727,0.759,0.919,0.767,0.273,0.000,0.008,0.233,509.000,504.000,0.002,0.743,0.773,0.914,0.756,0.253,0.004,0.012,0.215
510,505,504,0.000,0.747,0.769,0.910,0.771,0.253,0.000,0.009,0.222,508,505,0.000,0.727,0.759,0.919,0.767,0.273,0.000,0.008,0.233,511.000,508.000,0.000,0.724,0.744,0.914,0.741,0.276,0.000,0.011,0.246,,,,,,,,,,,
511,505,504,0.000,0.747,0.769,0.910,0.771,0.253,0.000,0.009,0.222,508,505,0.000,0.727,0.759,0.919,0.767,0.273,0.000,0.008,0.233,511.000,508.000,0.000,0.724,0.744,0.914,0.741,0.276,0.000,0.011,0.246,,,,,,,,,,,
512,505,504,0.000,0.747,0.769,0.910,0.771,0.253,0.000,0.009,0.222,508,505,0.000,0.727,0.759,0.919,0.767,0.273,0.000,0.008,0.233,511.000,508.000,0.000,0.724,0.744,0.914,0.741,0.276,0.000,0.011,0.246,513.000,511.000,0.002,0.716,0.752,0.907,0.745,0.274,0.010,0.011,0.237
513,505,504,0.000,0.747,0.769,0.910,0.771,0.253,0.000,0.009,0.222,511,508,0.000,0.724,0.744,0.914,0.741,0.276,0.000,0.011,0.246,514.000,505.000,0.000,0.753,0.777,0.902,0.777,0.247,0.000,0.002,0.221,,,,,,,,,,,
514,505,504,0.000,0.747,0.769,0.910,0.771,0.253,0.000,0.009,0.222,511,508,0.000,0.724,0.744,0.914,0.741,0.276,0.000,0.011,0.246,514.000,505.000,0.000,0.753,0.777,0.902,0.777,0.247,0.000,0.002,0.221,,,,,,,,,,,
515,511,508,0.000,0.724,0.744,0.914,0.741,0.276,0.000,0.011,0.246,514,505,0.000,0.753,0.777,0.902,0.777,0.247,0.000,0.002,0.221,,,,,,,,,,,,,,,,,,,,,,
516,511,508,0.000,0.724,0.744,0.914,0.741,0.276,0.000,0.011,0.246,514,505,0.000,0.753,0.777,0.902,0.777,0.247,0.000,0.002,0.221,,,,,,,,,,,,,,,,,,,,,,
517,511,508,0.000,0.724,0.744,0.914,0.741,0.276,0.000,0.011,0.246,514,505,0.000,0.753,0.777,0.902,0.777,0.247,0.000,0.002,0.221,,,,,,,,,,,,,,,,,,,,,,
518,511,508,0.000,0.724,0.744,0.914,0.741,0.276,0.000,0.011,0.246,514,505,0.000,0.753,0.777,0.902,0.777,0.247,0.000,0.002,0.221,,,,,,,,,,,,,,,,,,,,,,
519,511,508,0.000,0.724,0.744,0.914,0.741,0.276,0.000,0.011,0.246,520,511,0.000,0.722,0.735,0.903,0.742,0.275,0.003,0.007,0.258,,,,,,,,,,,,,,,,,,,,,,
520,511,508,0.000,0.724,0.744,0.914,0.741,0.276,0.000,0.011,0.246,520,511,0.000,0.722,0.735,0.903,0.742,0.275,0.003,0.007,0.258,521.000,520.000,0.000,0.726,0.740,0.906,0.748,0.267,0.007,0.007,0.253,,,,,,,,,,,
521,511,508,0.000,0.724,0.744,0.914,0.741,0.276,0.000,0.011,0.246,520,511,0.000,0.722,0.735,0.903,0.742,0.275,0.003,0.007,0.258,521.000,520.000,0.000,0.726,0.740,0.906,0.748,0.267,0.007,0.007,0.253,522.000,511.000,0.001,0.730,0.750,0.929,0.748,0.270,0.000,0.022,0.228
522,511,508,0.000,0.724,0.744,0.914,0.741,0.276,0.000,0.011,0.246,520,511,0.000,0.722,0.735,0.903,0.742,0.275,0.003,0.007,0.258,521.000,520.000,0.000,0.726,0.740,0.906,0.748,0.267,0.007,0.007,0.253,522.000,511.000,0.001,0.730,0.750,0.929,0.748,0.270,0.000,0.022,0.228
523,511,508,0.000,0.724,0.744,0.914,0.741,0.276,0.000,0.011,0.246,520,511,0.000,0.722,0.735,0.903,0.742,0.275,0.003,0.007,0.258,521.000,520.000,0.000,0.726,0.740,0.906,0.748,0.267,0.007,0.007,0.253,522.000,511.000,0.001,0.730,0.750,0.929,0.748,0.270,0.000,0.022,0.228
524,511,508,0.000,0.724,0.744,0.914,0.741,0.276,0.000,0.011,0.246,520,511,0.000,0.722,0.735,0.903,0.742,0.275,0.003,0.007,0.258,521.000,520.000,0.000,0.726,0.740,0.906,0.748,0.267,0.007,0.007,0.253,522.000,511.000,0.001,0.730,0.750,0.929,0.748,0.270,0.000,0.022,0.228
525,511,508,0.000,0.724,0.744,0.914,0.741,0.276,0.000,0.011,0.246,520,511,0.000,0.722,0.735,0.903,0.742,0.275,0.003,0.007,0.258,521.000,520.000,0.000,0.726,0.740,0.906,0.748,0.267,0.007,0.007,0.253,523.000,511.000,0.000,0.722,0.732,0.906,0.747,0.277,0.001,0.023,0.245
526,511,508,0.000,0.724,0.744,0.914,0.741,0.276,0.000,0.011,0.246,520,511,0.000,0.722,0.735,0.903,0.742,0.275,0.003,0.007,0.258,521.000,520.000,0.000,0.726,0.740,0.906,0.748,0.267,0.007,0.007,0.253,523.000,511.000,0.000,0.722,0.732,0.906,0.747,0.277,0.001,0.023,0.245
527,520,511,0.000,0.722,0.735,0.903,0.742,0.275,0.003,0.007,0.258,521,520,0.000,0.726,0.740,0.906,0.748,0.267,0.007,0.007,0.253,523.000,511.000,0.000,0.722,0.732,0.906,0.747,0.277,0.001,0.023,0.245,524.000,521.000,0.000,0.721,0.743,0.904,0.739,0.269,0.010,0.000,0.257
528,520,511,0.000,0.722,0.735,0.903,0.742,0.275,0.003,0.007,0.258,521,520,0.000,0.726,0.740,0.906,0.748,0.267,0.007,0.007,0.253,523.000,511.000,0.000,0.722,0.732,0.906,0.747,0.277,0.001,0.023,0.245,524.000,521.000,0.000,0.721,0.743,0.904,0.739,0.269,0.010,0.000,0.257
529,520,511,0.000,0.722,0.735,0.903,0.742,0.275,0.003,0.007,0.258,521,520,0.000,0.726,0.740,0.906,0.748,0.267,0.007,0.007,0.253,523.000,511.000,0.000,0.722,0.732,0.906,0.747,0.277,0.001,0.023,0.245,524.000,521.000,0.000,0.721,0.743,0.904,0.739,0.269,0.010,0.000,0.257
530,520,511,0.000,0.722,0.735,0.903,0.742,0.275,0.003,0.007,0.258,521,520,0.000,0.726,0.740,0.906,0.748,0.267,0.007,0.007,0.253,523.000,511.000,0.000,0.722,0.732,0.906,0.747,0.277,0.001,0.023,0.245,524.000,521.000,0.000,0.721,0.743,0.904,0.739,0.269,0.010,0.000,0.257
531,520,511,0.000,0.722,0.735,0.903,0.742,0.275,0.003,0.007,0.258,521,520,0.000,0.726,0.740,0.906,0.748,0.267,0.007,0.007,0.253,523.000,511.000,0.000,0.722,0.732,0.906,0.747,0.277,0.001,0.023,0.245,524.000,521.000,0.000,0.721,0.743,0.904,0.739,0.269,0.010,0.000,0.257
532,520,511,0.000,0.722,0.735,0.903,0.742,0.275,0.003,0.007,0.258,521,520,0.000,0.726,0.740,0.906,0.748,0.267,0.007,0.007,0.253,523.000,511.000,0.000,0.722,0.732,0.906,0.747,0.277,0.001,0.023,0.245,524.000,521.000,0.000,0.721,0.743,0.904,0.739,0.269,0.010,0.000,0.257
533,520,511,0.000,0.722,0.735,0.903,0.742,0.275,0.003,0.007,0.258,521,520,0.000,0.726,0.740,0.906,0.748,0.267,0.007,0.007,0.253,523.000,511.000,0.000,0.722,0.732,0.906,0.747,0.277,0.001,0.023,0.245,524.000,521.000,0.000,0.721,0.743,0.904,0.739,0.269,0.010,0.000,0.257
534,520,511,0.000,0.722,0.735,0.903,0.742,0.275,0.003,0.007,0.258,521,520,0.000,0.726,0.740,0.906,0.748,0.267,0.007,0.007,0.253,523.000,511.000,0.000,0.722,0.732,0.906,0.747,0.277,0.001,0.023,0.245,524.000,521.000,0.000,0.721,0.743,0.904,0.739,0.269,0.010,0.000,0.257
535,520,511,0.000,0.722,0.735,0.903,0.742,0.275,0.003,0.007,0.258,521,520,0.000,0.726,0.740,0.906,0.748,0.267,0.007,0.007,0.253,523.000,511.000,0.000,0.722,0.732,0.906,0.747,0.277,0.001,0.023,0.245,524.000,521.000,0.000,0.721,0.743,0.904,0.739,0.269,0.010,0.000,0.257
536,520,511,0.000,0.722,0.735,0.903,0.742,0.275,0.003,0.007,0.258,521,520,0.000,0.726,0.740,0.906,0.748,0.267,0.007,0.007,0.253,524.000,521.000,0.000,0.721,0.743,0.904,0.739,0.269,0.010,0.000,0.257,527.000,521.000,0.000,0.728,0.739,0.898,0.748,0.262,0.010,0.000,0.261
537,520,511,0.000,0.722,0.735,0.903,0.742,0.275,0.003,0.007,0.258,521,520,0.000,0.726,0.740,0.906,0.748,0.267,0.007,0.007,0.253,524.000,521.000,0.000,0.721,0.743,0.904,0.739,0.269,0.010,0.000,0.257,527.000,521.000,0.000,0.728,0.739,0.898,0.748,0.262,0.010,0.000,0.261
538,520,511,0.000,0.722,0.735,0.903,0.742,0.275,0.003,0.007,0.258,521,520,0.000,0.726,0.740,0.906,0.748,0.267,0.007,0.007,0.253,524.000,521.000,0.000,0.721,0.743,0.904,0.739,0.269,0.010,0.000,0.257,527.000,521.000,0.000,0.728,0.739,0.898,0.748,0.262,0.010,0.000,0.261
539,520,511,0.000,0.722,0.735,0.903,0.742,0.275,0.003,0.007,0.258,521,520,0.000,0.726,0.740,0.906,0.748,0.267,0.007,0.007,0.253,524.000,521.000,0.000,0.721,0.743,0.904,0.739,0.269,0.010,0.000,0.257,527.000,521.000,0.000,0.728,0.739,0.898,0.748,0.262,0.010,0.000,0.261
540,520,511,0.000,0.722,0.735,0.903,0.742,0.275,0.003,0.007,0.258,521,520,0.000,0.726,0.740,0.906,0.748,0.267,0.007,0.007,0.253,524.000,521.000,0.000,0.721,0.743,0.904,0.739,0.269,0.010,0.000,0.257,527.000,521.000,0.000,0.728,0.739,0.898,0.748,0.262,0.010,0.000,0.261
541,520,511,0.000,0.722,0.735,0.903,0.742,0.275,0.003,0.007,0.258,521,520,0.000,0.726,0.740,0.906,0.748,0.267,0.007,0.007,0.253,524.000,521.000,0.000,0.721,0.743,0.904,0.739,0.269,0.010,0.000,0.257,527.000,521.000,0.000,0.728,0.739,0.898,0.748,0.262,0.010,0.000,0.261
542,520,511,0.000,0.722,0.735,0.903,0.742,0.275,0.003,0.007,0.258,521,520,0.000,0.726,0.740,0.906,0.748,0.267,0.007,0.007,0.253,524.000,521.000,0.000,0.721,0.743,0.904,0.739,0.269,0.010,0.000,0.257,527.000,521.000,0.000,0.728,0.739,0.898,0.748,0.262,0.010,0.000,0.261
543,520,511,0.000,0.722,0.735,0.903,0.742,0.275,0.003,0.007,0.258,521,520,0.000,0.726,0.740,0.906,0.748,0.267,0.007,0.007,0.253,524.000,521.000,0.000,0.721,0.743,0.904,0.739,0.269,0.010,0.000,0.257,527.000,521.000,0.000,0.728,0.739,0.898,0.748,0.262,0.010,0.000,0.261
544,520,511,0.000,0.722,0.735,0.903,0.742,0.275,0.003,0.007,0.258,521,520,0.000,0.726,0.740,0.906,0.748,0.267,0.007,0.007,0.253,524.000,521.000,0.000,0.721,0.743,0.904,0.739,0.269,0.010,0.000,0.257,527.000,521.000,0.000,0.728,0.739,0.898,0.748,0.262,0.010,0.000,0.261
545,520,511,0.000,0.722,0.735,0.903,0.742,0.275,0.003,0.007,0.258,521,520,0.000,0.726,0.740,0.906,0.748,0.267,0.007,0.007,0.253,524.000,521.000,0.000,0.721,0.743,0.904,0.739,0.269,0.010,0.000,0.257,527.000,521.000,0.000,0.728,0.739,0.898,0.748,0.262,0.010,0.000,0.261
546,520,511,0.000,0.722,0.735,0.903,0.742,0.275,0.003,0.007,0.258,521,520,0.000,0.726,0.740,0.906,0.748,0.267,0.007,0.007,0.253,524.000,521.000,0.000,0.721,0.743,0.904,0.739,0.269,0.010,0.000,0.257,527.000,521.000,0.000,0.728,0.739,0.898,0.748,0.262,0.010,0.000,0.261
547,520,511,0.000,0.722,0.735,0.903,0.742,0.275,0.003,0.007,0.258,521,520,0.000,0.726,0.740,0.906,0.748,0.267,0.007,0.007,0.253,524.000,521.000,0.000,0.721,0.743,0.904,0.739,0.269,0.010,0.000,0.257,527.000,521.000,0.000,0.728,0.739,0.898,0.748,0.262,0.010,0.000,0.261
548,520,511,0.000,0.722,0.735,0.903,0.742,0.275,0.003,0.007,0.258,521,520,0.000,0.726,0.740,0.906,0.748,0.267,0.007,0.007,0.253,524.000,521.000,0.000,0.721,0.743,0.904,0.739,0.269,0.010,0.000,0.257,527.000,521.000,0.000,0.728,0.739,0.898,0.748,0.262,0.010,0.000,0.261
549,520,511,0.000,0.722,0.735,0.903,0.742,0.275,0.003,0.007,0.258,521,520,0.000,0.726,0.740,0.906,0.748,0.267,0.007,0.007,0.253,524.000,521.000,0.000,0.721,0.743,0.904,0.739,0.269,0.010,0.000,0.257,527.000,521.000,0.000,0.728,0.739,0.898,0.748,0.262,0.010,0.000,0.261
550,520,511,0.000,0.722,0.735,0.903,0.742,0.275,0.003,0.007,0.258,521,520,0.000,0.726,0.740,0.906,0.748,0.267,0.007,0.007,0.253,524.000,521.000,0.000,0.721,0.743,0.904,0.739,0.269,0.010,0.000,0.257,527.000,521.000,0.000,0.728,0.739,0.898,0.748,0.262,0.010,0.000,0.261
551,520,511,0.000,0.722,0.735,0.903,0.742,0.275,0.003,0.007,0.258,521,520,0.000,0.726,0.740,0.906,0.748,0.267,0.007,0.007,0.253,524.000,521.000,0.000,0.721,0.743,0.904,0.739,0.269,0.010,0.000,0.257,527.000,521.000,0.000,0.728,0.739,0.898,0.748,0.262,0.010,0.000,0.261
552,520,511,0.000,0.722,0.735,0.903,0.742,0.275,0.003,0.007,0.258,521,520,0.000,0.726,0.740,0.906,0.748,0.267,0.007,0.007,0.253,524.000,521.000,0.000,0.721,0.743,0.904,0.739,0.269,0.010,0.000,0.257,527.000,521.000,0.000,0.728,0.739,0.898,0.748,0.262,0.010,0.000,0.261
553,520,511,0.000,0.722,0.735,0.903,0.742,0.275,0.003,0.007,0.258,521,520,0.000,0.726,0.740,0.906,0.748,0.267,0.007,0.007,0.253,524.000,521.000,0.000,0.721,0.743,0.904,0.739,0.269,0.010,0.000,0.257,527.000,521.000,0.000,0.728,0.739,0.898,0.748,0.262,0.010,0.000,0.261
554,520,511,0.000,0.722,0.735,0.903,0.742,0.275,0.003,0.007,0.258,521,520,0.000,0.726,0.740,0.906,0.748,0.267,0.007,0.007,0.253,524.000,521.000,0.000,0.721,0.743,0.904,0.739,0.269,0.010,0.000,0.257,527.000,521.000,0.000,0.728,0.739,0.898,0.748,0.262,0.010,0.000,0.261
555,520,511,0.000,0.722,0.735,0.903,0.742,0.275,0.003,0.007,0.258,521,520,0.000,0.726,0.740,0.906,0.748,0.267,0.007,0.007,0.253,524.000,521.000,0.000,0.721,0.743,0.904,0.739,0.269,0.010,0.000,0.257,527.000,521.000,0.000,0.728,0.739,0.898,0.748,0.262,0.010,0.000,0.261
556,520,511,0.000,0.722,0.735,0.903,0.742,0.275,0.003,0.007,0.258,521,520,0.000,0.726,0.740,0.906,0.748,0.267,0.007,0.007,0.253,524.000,521.000,0.000,0.721,0.743,0.904,0.739,0.269,0.010,0.000,0.257,527.000,521.000,0.000,0.728,0.739,0.898,0.748,0.262,0.010,0.000,0.261
557,520,511,0.000,0.722,0.735,0.903,0.742,0.275,0.003,0.007,0.258,521,520,0.000,0.726,0.740,0.906,0.748,0.267,0.007,0.007,0.253,524.000,521.000,0.000,0.721,0.743,0.904,0.739,0.269,0.010,0.000,0.257,527.000,521.000,0.000,0.728,0.739,0.898,0.748,0.262,0.010,0.000,0.261
558,520,511,0.000,0.722,0.735,0.903,0.742,0.275,0.003,0.007,0.258,551,529,0.000,0.728,0.718,0.902,0.761,0.270,0.002,0.000,0.282,,,,,,,,,,,,,,,,,,,,,,
559,520,511,0.000,0.722,0.735,0.903,0.742,0.275,0.003,0.007,0.258,551,529,0.000,0.728,0.718,0.902,0.761,0.270,0.002,0.000,0.282,560.000,551.000,0.001,0.720,0.719,0.889,0.758,0.278,0.002,0.000,0.281,,,,,,,,,,,
560,520,511,0.000,0.722,0.735,0.903,0.742,0.275,0.003,0.007,0.258,551,529,0.000,0.728,0.718,0.902,0.761,0.270,0.002,0.000,0.282,560.000,551.000,0.001,0.720,0.719,0.889,0.758,0.278,0.002,0.000,0.281,561.000,551.000,0.000,0.732,0.716,0.912,0.747,0.253,0.015,0.000,0.284
561,520,511,0.000,0.722,0.735,0.903,0.742,0.275,0.003,0.007,0.258,551,529,0.000,0.728,0.718,0.902,0.761,0.270,0.002,0.000,0.282,,,,,,,,,,,,,,,,,,,,,,
562,520,511,0.000,0.722,0.735,0.903,0.742,0.275,0.003,0.007,0.258,551,529,0.000,0.728,0.718,0.902,0.761,0.270,0.002,0.000,0.282,563.000,551.000,0.000,0.739,0.726,0.893,0.761,0.261,0.000,0.000,0.274,,,,,,,,,,,
563,520,511,0.000,0.722,0.735,0.903,0.742,0.275,0.003,0.007,0.258,551,529,0.000,0.728,0.718,0.902,0.761,0.270,0.002,0.000,0.282,563.000,551.000,0.000,0.739,0.726,0.893,0.761,0.261,0.000,0.000,0.274,564.000,520.000,0.001,0.727,0.730,0.904,0.734,0.263,0.011,0.014,0.256
564,520,511,0.000,0.722,0.735,0.903,0.742,0.275,0.003,0.007,0.258,551,529,0.000,0.728,0.718,0.902,0.761,0.270,0.002,0.000,0.282,563.000,551.000,0.000,0.739,0.726,0.893,0.761,0.261,0.000,0.000,0.274,564.000,520.000,0.001,0.727,0.730,0.904,0.734,0.263,0.011,0.014,0.256
565,520,511,0.000,0.722,0.735,0.903,0.742,0.275,0.003,0.007,0.258,551,529,0.000,0.728,0.718,0.902,0.761,0.270,0.002,0.000,0.282,563.000,551.000,0.000,0.739,0.726,0.893,0.761,0.261,0.000,0.000,0.274,565.000,563.000,0.000,0.737,0.727,0.895,0.768,0.263,0.000,0.000,0.273
566,520,511,0.000,0.722,0.735,0.903,0.742,0.275,0.003,0.007,0.258,551,529,0.000,0.728,0.718,0.902,0.761,0.270,0.002,0.000,0.282,563.000,551.000,0.000,0.739,0.726,0.893,0.761,0.261,0.000,0.000,0.274,565.000,563.000,0.000,0.737,0.727,0.895,0.768,0.263,0.000,0.000,0.273
567,520,511,0.000,0.722,0.735,0.903,0.742,0.275,0.003,0.007,0.258,551,529,0.000,0.728,0.718,0.902,0.761,0.270,0.002,0.000,0.282,563.000,551.000,0.000,0.739,0.726,0.893,0.761,0.261,0.000,0.000,0.274,565.000,563.000,0.000,0.737,0.727,0.895,0.768,0.263,0.000,0.000,0.273
568,520,511,0.000,0.722,0.735,0.903,0.742,0.275,0.003,0.007,0.258,551,529,0.000,0.728,0.718,0.902,0.761,0.270,0.002,0.000,0.282,563.000,551.000,0.000,0.739,0.726,0.893,0.761,0.261,0.000,0.000,0.274,565.000,563.000,0.000,0.737,0.727,0.895,0.768,0.263,0.000,0.000,0.273
569,520,511,0.000,0.722,0.735,0.903,0.742,0.275,0.003,0.007,0.258,551,529,0.000,0.728,0.718,0.902,0.761,0.270,0.002,0.000,0.282,563.000,551.000,0.000,0.739,0.726,0.893,0.761,0.261,0.000,0.000,0.274,565.000,563.000,0.000,0.737,0.727,0.895,0.768,0.263,0.000,0.000,0.273
570,520,511,0.000,0.722,0.735,0.903,0.742,0.275,0.003,0.007,0.258,551,529,0.000,0.728,0.718,0.902,0.761,0.270,0.002,0.000,0.282,563.000,551.000,0.000,0.739,0.726,0.893,0.761,0.261,0.000,0.000,0.274,565.000,563.000,0.000,0.737,0.727,0.895,0.768,0.263,0.000,0.000,0.273
571,520,511,0.000,0.722,0.735,0.903,0.742,0.275,0.003,0.007,0.258,551,529,0.000,0.728,0.718,0.902,0.761,0.270,0.002,0.000,0.282,563.000,551.000,0.000,0.739,0.726,0.893,0.761,0.261,0.000,0.000,0.274,565.000,563.000,0.000,0.737,0.727,0.895,0.768,0.263,0.000,0.000,0.273
572,520,511,0.000,0.722,0.735,0.903,0.742,0.275,0.003,0.007,0.258,551,529,0.000,0.728,0.718,0.902,0.761,0.270,0.002,0.000,0.282,563.000,551.000,0.000,0.739,0.726,0.893,0.761,0.261,0.000,0.000,0.274,565.000,563.000,0.000,0.737,0.727,0.895,0.768,0.263,0.000,0.000,0.273
573,520,511,0.000,0.722,0.735,0.903,0.742,0.275,0.003,0.007,0.258,551,529,0.000,0.728,0.718,0.902,0.761,0.270,0.002,0.000,0.282,565.000,563.000,0.000,0.737,0.727,0.895,0.768,0.263,0.000,0.000,0.273,566.000,520.000,0.000,0.727,0.729,0.915,0.749,0.266,0.007,0.009,0.262
574,520,511,0.000,0.722,0.735,0.903,0.742,0.275,0.003,0.007,0.258,551,529,0.000,0.728,0.718,0.902,0.761,0.270,0.002,0.000,0.282,565.000,563.000,0.000,0.737,0.727,0.895,0.768,0.263,0.000,0.000,0.273,566.000,520.000,0.000,0.727,0.729,0.915,0.749,0.266,0.007,0.009,0.262
575,520,511,0.000,0.722,0.735,0.903,0.742,0.275,0.003,0.007,0.258,551,529,0.000,0.728,0.718,0.902,0.761,0.270,0.002,0.000,0.282,565.000,563.000,0.000,0.737,0.727,0.895,0.768,0.263,0.000,0.000,0.273,568.000,565.000,0.000,0.732,0.734,0.890,0.772,0.259,0.010,0.000,0.266
576,520,511,0.000,0.722,0.735,0.903,0.742,0.275,0.003,0.007,0.258,551,529,0.000,0.728,0.718,0.902,0.761,0.270,0.002,0.000,0.282,568.000,565.000,0.000,0.732,0.734,0.890,0.772,0.259,0.010,0.000,0.266,570.000,566.000,0.000,0.726,0.742,0.908,0.753,0.245,0.028,0.000,0.258
577,520,511,0.000,0.722,0.735,0.903,0.742,0.275,0.003,0.007,0.258,551,529,0.000,0.728,0.718,0.902,0.761,0.270,0.002,0.000,0.282,568.000,565.000,0.000,0.732,0.734,0.890,0.772,0.259,0.010,0.000,0.266,570.000,566.000,0.000,0.726,0.742,0.908,0.753,0.245,0.028,0.000,0.258
578,520,511,0.000,0.722,0.735,0.903,0.742,0.275,0.003,0.007,0.258,551,529,0.000,0.728,0.718,0.902,0.761,0.270,0.002,0.000,0.282,568.000,565.000,0.000,0.732,0.734,0.890,0.772,0.259,0.010,0.000,0.266,572.000,551.000,0.000,0.723,0.715,0.894,0.774,0.275,0.003,0.000,0.285
579,520,511,0.000,0.722,0.735,0.903,0.742,0.275,0.003,0.007,0.258,551,529,0.000,0.728,0.718,0.902,0.761,0.270,0.002,0.000,0.282,572.000,551.000,0.000,0.723,0.715,0.894,0.774,0.275,0.003,0.000,0.285,574.000,571.000,0.000,0.717,0.707,0.895,0.757,0.283,0.000,0.010,0.283
580,520,511,0.000,0.722,0.735,0.903,0.742,0.275,0.003,0.007,0.258,551,529,0.000,0.728,0.718,0.902,0.761,0.270,0.002,0.000,0.282,572.000,551.000,0.000,0.723,0.715,0.894,0.774,0.275,0.003,0.000,0.285,574.000,571.000,0.000,0.717,0.707,0.895,0.757,0.283,0.000,0.010,0.283
581,520,511,0.000,0.722,0.735,0.903,0.742,0.275,0.003,0.007,0.258,551,529,0.000,0.728,0.718,0.902,0.761,0.270,0.002,0.000,0.282,572.000,551.000,0.000,0.723,0.715,0.894,0.774,0.275,0.003,0.000,0.285,574.000,571.000,0.000,0.717,0.707,0.895,0.757,0.283,0.000,0.010,0.283
582,520,511,0.000,0.722,0.735,0.903,0.742,0.275,0.003,0.007,0.258,551,529,0.000,0.728,0.718,0.902,0.761,0.270,0.002,0.000,0.282,572.000,551.000,0.000,0.723,0.715,0.894,0.774,0.275,0.003,0.000,0.285,574.000,571.000,0.000,0.717,0.707,0.895,0.757,0.283,0.000,0.010,0.283
583,520,511,0.000,0.722,0.735,0.903,0.742,0.275,0.003,0.007,0.258,551,529,0.000,0.728,0.718,0.902,0.761,0.270,0.002,0.000,0.282,572.000,551.000,0.000,0.723,0.715,0.894,0.774,0.275,0.003,0.000,0.285,574.000,571.000,0.000,0.717,0.707,0.895,0.757,0.283,0.000,0.010,0.283
584,520,511,0.000,0.722,0.735,0.903,0.742,0.275,0.003,0.007,0.258,551,529,0.000,0.728,0.718,0.902,0.761,0.270,0.002,0.000,0.282,572.000,551.000,0.000,0.723,0.715,0.894,0.774,0.275,0.003,0.000,0.285,574.000,571.000,0.000,0.717,0.707,0.895,0.757,0.283,0.000,0.010,0.283
585,551,529,0.000,0.728,0.718,0.902,0.761,0.270,0.002,0.000,0.282,572,551,0.000,0.723,0.715,0.894,0.774,0.275,0.003,0.000,0.285,574.000,571.000,0.000,0.717,0.707,0.895,0.757,0.283,0.000,0.010,0.283,579.000,570.000,0.000,0.746,0.740,0.905,0.746,0.238,0.016,0.003,0.257
586,551,529,0.000,0.728,0.718,0.902,0.761,0.270,0.002,0.000,0.282,572,551,0.000,0.723,0.715,0.894,0.774,0.275,0.003,0.000,0.285,574.000,571.000,0.000,0.717,0.707,0.895,0.757,0.283,0.000,0.010,0.283,579.000,570.000,0.000,0.746,0.740,0.905,0.746,0.238,0.016,0.003,0.257
587,551,529,0.000,0.728,0.718,0.902,0.761,0.270,0.002,0.000,0.282,572,551,0.000,0.723,0.715,0.894,0.774,0.275,0.003,0.000,0.285,574.000,571.000,0.000,0.717,0.707,0.895,0.757,0.283,0.000,0.010,0.283,579.000,570.000,0.000,0.746,0.740,0.905,0.746,0.238,0.016,0.003,0.257
588,551,529,0.000,0.728,0.718,0.902,0.761,0.270,0.002,0.000,0.282,572,551,0.000,0.723,0.715,0.894,0.774,0.275,0.003,0.000,0.285,574.000,571.000,0.000,0.717,0.707,0.895,0.757,0.283,0.000,0.010,0.283,579.000,570.000,0.000,0.746,0.740,0.905,0.746,0.238,0.016,0.003,0.257
589,551,529,0.000,0.728,0.718,0.902,0.761,0.270,0.002,0.000,0.282,572,551,0.000,0.723,0.715,0.894,0.774,0.275,0.003,0.000,0.285,574.000,571.000,0.000,0.717,0.707,0.895,0.757,0.283,0.000,0.010,0.283,579.000,570.000,0.000,0.746,0.740,0.905,0.746,0.238,0.016,0.003,0.257
590,551,529,0.000,0.728,0.718,0.902,0.761,0.270,0.002,0.000,0.282,572,551,0.000,0.723,0.715,0.894,0.774,0.275,0.003,0.000,0.285,574.000,571.000,0.000,0.717,0.707,0.895,0.757,0.283,0.000,0.010,0.283,580.000,574.000,0.000,0.720,0.699,0.906,0.763,0.280,0.000,0.014,0.287
591,551,529,0.000,0.728,0.718,0.902,0.761,0.270,0.002,0.000,0.282,572,551,0.000,0.723,0.715,0.894,0.774,0.275,0.003,0.000,0.285,580.000,574.000,0.000,0.720,0.699,0.906,0.763,0.280,0.000,0.014,0.287,581.000,520.000,0.000,0.722,0.732,0.899,0.750,0.278,0.000,0.019,0.249
592,551,529,0.000,0.728,0.718,0.902,0.761,0.270,0.002,0.000,0.282,572,551,0.000,0.723,0.715,0.894,0.774,0.275,0.003,0.000,0.285,580.000,574.000,0.000,0.720,0.699,0.906,0.763,0.280,0.000,0.014,0.287,581.000,520.000,0.000,0.722,0.732,0.899,0.750,0.278,0.000,0.019,0.249
593,551,529,0.000,0.728,0.718,0.902,0.761,0.270,0.002,0.000,0.282,572,551,0.000,0.723,0.715,0.894,0.774,0.275,0.003,0.000,0.285,580.000,574.000,0.000,0.720,0.699,0.906,0.763,0.280,0.000,0.014,0.287,581.000,520.000,0.000,0.722,0.732,0.899,0.750,0.278,0.000,0.019,0.249
594,551,529,0.000,0.728,0.718,0.902,0.761,0.270,0.002,0.000,0.282,572,551,0.000,0.723,0.715,0.894,0.774,0.275,0.003,0.000,0.285,580.000,574.000,0.000,0.720,0.699,0.906,0.763,0.280,0.000,0.014,0.287,581.000,520.000,0.000,0.722,0.732,0.899,0.750,0.278,0.000,0.019,0.249
595,551,529,0.000,0.728,0.718,0.902,0.761,0.270,0.002,0.000,0.282,572,551,0.000,0.723,0.715,0.894,0.774,0.275,0.003,0.000,0.285,580.000,574.000,0.000,0.720,0.699,0.906,0.763,0.280,0.000,0.014,0.287,581.000,520.000,0.000,0.722,0.732,0.899,0.750,0.278,0.000,0.019,0.249
596,551,529,0.000,0.728,0.718,0.902,0.761,0.270,0.002,0.000,0.282,572,551,0.000,0.723,0.715,0.894,0.774,0.275,0.003,0.000,0.285,580.000,574.000,0.000,0.720,0.699,0.906,0.763,0.280,0.000,0.014,0.287,581.000,520.000,0.000,0.722,0.732,0.899,0.750,0.278,0.000,0.019,0.249
597,551,529,0.000,0.728,0.718,0.902,0.761,0.270,0.002,0.000,0.282,572,551,0.000,0.723,0.715,0.894,0.774,0.275,0.003,0.000,0.285,580.000,574.000,0.000,0.720,0.699,0.906,0.763,0.280,0.000,0.014,0.287,586.000,580.000,0.000,0.698,0.703,0.909,0.769,0.302,0.000,0.019,0.277
598,551,529,0.000,0.728,0.718,0.902,0.761,0.270,0.002,0.000,0.282,572,551,0.000,0.723,0.715,0.894,0.774,0.275,0.003,0.000,0.285,580.000,574.000,0.000,0.720,0.699,0.906,0.763,0.280,0.000,0.014,0.287,586.000,580.000,0.000,0.698,0.703,0.909,0.769,0.302,0.000,0.019,0.277
599,551,529,0.000,0.728,0.718,0.902,0.761,0.270,0.002,0.000,0.282,572,551,0.000,0.723,0.715,0.894,0.774,0.275,0.003,0.000,0.285,580.000,574.000,0.000,0.720,0.699,0.906,0.763,0.280,0.000,0.014,0.287,586.000,580.000,0.000,0.698,0.703,0.909,0.769,0.302,0.000,0.019,0.277
600,551,529,0.000,0.728,0.718,0.902,0.761,0.270,0.002,0.000,0.282,572,551,0.000,0.723,0.715,0.894,0.774,0.275,0.003,0.000,0.285,580.000,574.000,0.000,0.720,0.699,0.906,0.763,0.280,0.000,0.014,0.287,586.000,580.000,0.000,0.698,0.703,0.909,0.769,0.302,0.000,0.019,0.277
601,551,529,0.000,0.728,0.718,0.902,0.761,0.270,0.002,0.000,0.282,572,551,0.000,0.723,0.715,0.894,0.774,0.275,0.003,0.000,0.285,580.000,574.000,0.000,0.720,0.699,0.906,0.763,0.280,0.000,0.014,0.287,586.000,580.000,0.000,0.698,0.703,0.909,0.769,0.302,0.000,0.019,0.277
602,551,529,0.000,0.728,0.718,0.902,0.761,0.270,0.002,0.000,0.282,572,551,0.000,0.723,0.715,0.894,0.774,0.275,0.003,0.000,0.285,580.000,574.000,0.000,0.720,0.699,0.906,0.763,0.280,0.000,0.014,0.287,586.000,580.000,0.000,0.698,0.703,0.909,0.769,0.302,0.000,0.019,0.277
603,551,529,0.000,0.728,0.718,0.902,0.761,0.270,0.002,0.000,0.282,572,551,0.000,0.723,0.715,0.894,0.774,0.275,0.003,0.000,0.285,580.000,574.000,0.000,0.720,0.699,0.906,0.763,0.280,0.000,0.014,0.287,586.000,580.000,0.000,0.698,0.703,0.909,0.769,0.302,0.000,0.019,0.277
604,551,529,0.000,0.728,0.718,0.902,0.761,0.270,0.002,0.000,0.282,572,551,0.000,0.723,0.715,0.894,0.774,0.275,0.003,0.000,0.285,580.000,574.000,0.000,0.720,0.699,0.906,0.763,0.280,0.000,0.014,0.287,586.000,580.000,0.000,0.698,0.703,0.909,0.769,0.302,0.000,0.019,0.277
605,551,529,0.000,0.728,0.718,0.902,0.761,0.270,0.002,0.000,0.282,572,551,0.000,0.723,0.715,0.894,0.774,0.275,0.003,0.000,0.285,580.000,574.000,0.000,0.720,0.699,0.906,0.763,0.280,0.000,0.014,0.287,586.000,580.000,0.000,0.698,0.703,0.909,0.769,0.302,0.000,0.019,0.277
606,551,529,0.000,0.728,0.718,0.902,0.761,0.270,0.002,0.000,0.282,572,551,0.000,0.723,0.715,0.894,0.774,0.275,0.003,0.000,0.285,580.000,574.000,0.000,0.720,0.699,0.906,0.763,0.280,0.000,0.014,0.287,586.000,580.000,0.000,0.698,0.703,0.909,0.769,0.302,0.000,0.019,0.277
607,551,529,0.000,0.728,0.718,0.902,0.761,0.270,0.002,0.000,0.282,572,551,0.000,0.723,0.715,0.894,0.774,0.275,0.003,0.000,0.285,580.000,574.000,0.000,0.720,0.699,0.906,0.763,0.280,0.000,0.014,0.287,586.000,580.000,0.000,0.698,0.703,0.909,0.769,0.302,0.000,0.019,0.277
608,551,529,0.000,0.728,0.718,0.902,0.761,0.270,0.002,0.000,0.282,572,551,0.000,0.723,0.715,0.894,0.774,0.275,0.003,0.000,0.285,580.000,574.000,0.000,0.720,0.699,0.906,0.763,0.280,0.000,0.014,0.287,586.000,580.000,0.000,0.698,0.703,0.909,0.769,0.302,0.000,0.019,0.277
609,551,529,0.000,0.728,0.718,0.902,0.761,0.270,0.002,0.000,0.282,572,551,0.000,0.723,0.715,0.894,0.774,0.275,0.003,0.000,0.285,580.000,574.000,0.000,0.720,0.699,0.906,0.763,0.280,0.000,0.014,0.287,586.000,580.000,0.000,0.698,0.703,0.909,0.769,0.302,0.000,0.019,0.277
610,551,529,0.000,0.728,0.718,0.902,0.761,0.270,0.002,0.000,0.282,572,551,0.000,0.723,0.715,0.894,0.774,0.275,0.003,0.000,0.285,580.000,574.000,0.000,0.720,0.699,0.906,0.763,0.280,0.000,0.014,0.287,586.000,580.000,0.000,0.698,0.703,0.909,0.769,0.302,0.000,0.019,0.277
611,551,529,0.000,0.728,0.718,0.902,0.761,0.270,0.002,0.000,0.282,572,551,0.000,0.723,0.715,0.894,0.774,0.275,0.003,0.000,0.285,580.000,574.000,0.000,0.720,0.699,0.906,0.763,0.280,0.000,0.014,0.287,586.000,580.000,0.000,0.698,0.703,0.909,0.769,0.302,0.000,0.019,0.277
612,551,529,0.000,0.728,0.718,0.902,0.761,0.270,0.002,0.000,0.282,572,551,0.000,0.723,0.715,0.894,0.774,0.275,0.003,0.000,0.285,580.000,574.000,0.000,0.720,0.699,0.906,0.763,0.280,0.000,0.014,0.287,586.000,580.000,0.000,0.698,0.703,0.909,0.769,0.302,0.000,0.019,0.277
613,551,529,0.000,0.728,0.718,0.902,0.761,0.270,0.002,0.000,0.282,572,551,0.000,0.723,0.715,0.894,0.774,0.275,0.003,0.000,0.285,580.000,574.000,0.000,0.720,0.699,0.906,0.763,0.280,0.000,0.014,0.287,586.000,580.000,0.000,0.698,0.703,0.909,0.769,0.302,0.000,0.019,0.277
614,551,529,0.000,0.728,0.718,0.902,0.761,0.270,0.002,0.000,0.282,572,551,0.000,0.723,0.715,0.894,0.774,0.275,0.003,0.000,0.285,580.000,574.000,0.000,0.720,0.699,0.906,0.763,0.280,0.000,0.014,0.287,586.000,580.000,0.000,0.698,0.703,0.909,0.769,0.302,0.000,0.019,0.277
615,551,529,0.000,0.728,0.718,0.902,0.761,0.270,0.002,0.000,0.282,572,551,0.000,0.723,0.715,0.894,0.774,0.275,0.003,0.000,0.285,580.000,574.000,0.000,0.720,0.699,0.906,0.763,0.280,0.000,0.014,0.287,586.000,580.000,0.000,0.698,0.703,0.909,0.769,0.302,0.000,0.019,0.277
616,551,529,0.000,0.728,0.718,0.902,0.761,0.270,0.002,0.000,0.282,572,551,0.000,0.723,0.715,0.894,0.774,0.275,0.003,0.000,0.285,580.000,574.000,0.000,0.720,0.699,0.906,0.763,0.280,0.000,0.014,0.287,586.000,580.000,0.000,0.698,0.703,0.909,0.769,0.302,0.000,0.019,0.277
617,551,529,0.000,0.728,0.718,0.902,0.761,0.270,0.002,0.000,0.282,572,551,0.000,0.723,0.715,0.894,0.774,0.275,0.003,0.000,0.285,580.000,574.000,0.000,0.720,0.699,0.906,0.763,0.280,0.000,0.014,0.287,586.000,580.000,0.000,0.698,0.703,0.909,0.769,0.302,0.000,0.019,0.277
618,551,529,0.000,0.728,0.718,0.902,0.761,0.270,0.002,0.000,0.282,572,551,0.000,0.723,0.715,0.894,0.774,0.275,0.003,0.000,0.285,580.000,574.000,0.000,0.720,0.699,0.906,0.763,0.280,0.000,0.014,0.287,586.000,580.000,0.000,0.698,0.703,0.909,0.769,0.302,0.000,0.019,0.277
619,551,529,0.000,0.728,0.718,0.902,0.761,0.270,0.002,0.000,0.282,572,551,0.000,0.723,0.715,0.894,0.774,0.275,0.003,0.000,0.285,580.000,574.000,0.000,0.720,0.699,0.906,0.763,0.280,0.000,0.014,0.287,586.000,580.000,0.000,0.698,0.703,0.909,0.769,0.302,0.000,0.019,0.277
620,551,529,0.000,0.728,0.718,0.902,0.761,0.270,0.002,0.000,0.282,572,551,0.000,0.723,0.715,0.894,0.774,0.275,0.003,0.000,0.285,580.000,574.000,0.000,0.720,0.699,0.906,0.763,0.280,0.000,0.014,0.287,589.000,588.000,0.000,0.736,0.714,0.901,0.762,0.256,0.008,0.000,0.286
621,551,529,0.000,0.728,0.718,0.902,0.761,0.270,0.002,0.000,0.282,572,551,0.000,0.723,0.715,0.894,0.774,0.275,0.003,0.000,0.285,580.000,574.000,0.000,0.720,0.699,0.906,0.763,0.280,0.000,0.014,0.287,589.000,588.000,0.000,0.736,0.714,0.901,0.762,0.256,0.008,0.000,0.286
622,551,529,0.000,0.728,0.718,0.902,0.761,0.270,0.002,0.000,0.282,572,551,0.000,0.723,0.715,0.894,0.774,0.275,0.003,0.000,0.285,580.000,574.000,0.000,0.720,0.699,0.906,0.763,0.280,0.000,0.014,0.287,589.000,588.000,0.000,0.736,0.714,0.901,0.762,0.256,0.008,0.000,0.286
623,551,529,0.000,0.728,0.718,0.902,0.761,0.270,0.002,0.000,0.282,572,551,0.000,0.723,0.715,0.894,0.774,0.275,0.003,0.000,0.285,580.000,574.000,0.000,0.720,0.699,0.906,0.763,0.280,0.000,0.014,0.287,589.000,588.000,0.000,0.736,0.714,0.901,0.762,0.256,0.008,0.000,0.286
624,551,529,0.000,0.728,0.718,0.902,0.761,0.270,0.002,0.000,0.282,572,551,0.000,0.723,0.715,0.894,0.774,0.275,0.003,0.000,0.285,580.000,574.000,0.000,0.720,0.699,0.906,0.763,0.280,0.000,0.014,0.287,589.000,588.000,0.000,0.736,0.714,0.901,0.762,0.256,0.008,0.000,0.286
625,551,529,0.000,0.728,0.718,0.902,0.761,0.270,0.002,0.000,0.282,572,551,0.000,0.723,0.715,0.894,0.774,0.275,0.003,0.000,0.285,580.000,574.000,0.000,0.720,0.699,0.906,0.763,0.280,0.000,0.014,0.287,589.000,588.000,0.000,0.736,0.714,0.901,0.762,0.256,0.008,0.000,0.286
626,551,529,0.000,0.728,0.718,0.902,0.761,0.270,0.002,0.000,0.282,572,551,0.000,0.723,0.715,0.894,0.774,0.275,0.003,0.000,0.285,580.000,574.000,0.000,0.720,0.699,0.906,0.763,0.280,0.000,0.014,0.287,589.000,588.000,0.000,0.736,0.714,0.901,0.762,0.256,0.008,0.000,0.286
627,551,529,0.000,0.728,0.718,0.902,0.761,0.270,0.002,0.000,0.282,580,574,0.000,0.720,0.699,0.906,0.763,0.280,0.000,0.014,0.287,595.000,551.000,0.000,0.720,0.718,0.909,0.754,0.269,0.011,0.000,0.282,625.000,580.000,0.000,0.717,0.708,0.905,0.766,0.279,0.004,0.009,0.283
628,551,529,0.000,0.728,0.718,0.902,0.761,0.270,0.002,0.000,0.282,580,574,0.000,0.720,0.699,0.906,0.763,0.280,0.000,0.014,0.287,595.000,551.000,0.000,0.720,0.718,0.909,0.754,0.269,0.011,0.000,0.282,625.000,580.000,0.000,0.717,0.708,0.905,0.766,0.279,0.004,0.009,0.283
629,551,529,0.000,0.728,0.718,0.902,0.761,0.270,0.002,0.000,0.282,580,574,0.000,0.720,0.699,0.906,0.763,0.280,0.000,0.014,0.287,595.000,551.000,0.000,0.720,0.718,0.909,0.754,0.269,0.011,0.000,0.282,625.000,580.000,0.000,0.717,0.708,0.905,0.766,0.279,0.004,0.009,0.283
630,551,529,0.000,0.728,0.718,0.902,0.761,0.270,0.002,0.000,0.282,580,574,0.000,0.720,0.699,0.906,0.763,0.280,0.000,0.014,0.287,595.000,551.000,0.000,0.720,0.718,0.909,0.754,0.269,0.011,0.000,0.282,625.000,580.000,0.000,0.717,0.708,0.905,0.766,0.279,0.004,0.009,0.283
631,551,529,0.000,0.728,0.718,0.902,0.761,0.270,0.002,0.000,0.282,580,574,0.000,0.720,0.699,0.906,0.763,0.280,0.000,0.014,0.287,595.000,551.000,0.000,0.720,0.718,0.909,0.754,0.269,0.011,0.000,0.282,625.000,580.000,0.000,0.717,0.708,0.905,0.766,0.279,0.004,0.009,0.283
632,551,529,0.000,0.728,0.718,0.902,0.761,0.270,0.002,0.000,0.282,580,574,0.000,0.720,0.699,0.906,0.763,0.280,0.000,0.014,0.287,595.000,551.000,0.000,0.720,0.718,0.909,0.754,0.269,0.011,0.000,0.282,625.000,580.000,0.000,0.717,0.708,0.905,0.766,0.279,0.004,0.009,0.283
633,551,529,0.000,0.728,0.718,0.902,0.761,0.270,0.002,0.000,0.282,580,574,0.000,0.720,0.699,0.906,0.763,0.280,0.000,0.014,0.287,595.000,551.000,0.000,0.720,0.718,0.909,0.754,0.269,0.011,0.000,0.282,625.000,580.000,0.000,0.717,0.708,0.905,0.766,0.279,0.004,0.009,0.283
634,551,529,0.000,0.728,0.718,0.902,0.761,0.270,0.002,0.000,0.282,595,551,0.000,0.720,0.718,0.909,0.754,0.269,0.011,0.000,0.282,625.000,580.000,0.000,0.717,0.708,0.905,0.766,0.279,0.004,0.009,0.283,626.000,600.000,0.000,0.738,0.729,0.904,0.773,0.262,0.000,0.000,0.271
635,551,529,0.000,0.728,0.718,0.902,0.761,0.270,0.002,0.000,0.282,595,551,0.000,0.720,0.718,0.909,0.754,0.269,0.011,0.000,0.282,625.000,580.000,0.000,0.717,0.708,0.905,0.766,0.279,0.004,0.009,0.283,626.000,600.000,0.000,0.738,0.729,0.904,0.773,0.262,0.000,0.000,0.271
636,551,529,0.000,0.728,0.718,0.902,0.761,0.270,0.002,0.000,0.282,595,551,0.000,0.720,0.718,0.909,0.754,0.269,0.011,0.000,0.282,625.000,580.000,0.000,0.717,0.708,0.905,0.766,0.279,0.004,0.009,0.283,626.000,600.000,0.000,0.738,0.729,0.904,0.773,0.262,0.000,0.000,0.271
637,551,529,0.000,0.728,0.718,0.902,0.761,0.270,0.002,0.000,0.282,636,630,0.000,0.714,0.694,0.906,0.756,0.286,0.000,0.000,0.306,637.000,630.000,0.000,0.705,0.699,0.901,0.747,0.290,0.005,0.000,0.301,,,,,,,,,,,
638,551,529,0.000,0.728,0.718,0.902,0.761,0.270,0.002,0.000,0.282,636,630,0.000,0.714,0.694,0.906,0.756,0.286,0.000,0.000,0.306,637.000,630.000,0.000,0.705,0.699,0.901,0.747,0.290,0.005,0.000,0.301,,,,,,,,,,,
639,636,630,0.000,0.714,0.694,0.906,0.756,0.286,0.000,0.000,0.306,637,630,0.000,0.705,0.699,0.901,0.747,0.290,0.005,0.000,0.301,,,,,,,,,,,,,,,,,,,,,,
640,636,630,0.000,0.714,0.694,0.906,0.756,0.286,0.000,0.000,0.306,637,630,0.000,0.705,0.699,0.901,0.747,0.290,0.005,0.000,0.301,,,,,,,,,,,,,,,,,,,,,,
641,636,630,0.000,0.714,0.694,0.906,0.756,0.286,0.000,0.000,0.306,637,630,0.000,0.705,0.699,0.901,0.747,0.290,0.005,0.000,0.301,,,,,,,,,,,,,,,,,,,,,,
642,636,630,0.000,0.714,0.694,0.906,0.756,0.286,0.000,0.000,0.306,637,630,0.000,0.705,0.699,0.901,0.747,0.290,0.005,0.000,0.301,643.000,637.000,0.000,0.708,0.688,0.900,0.743,0.292,0.000,0.009,0.303,,,,,,,,,,,
643,636,630,0.000,0.714,0.694,0.906,0.756,0.286,0.000,0.000,0.306,637,630,0.000,0.705,0.699,0.901,0.747,0.290,0.005,0.000,0.301,643.000,637.000,0.000,0.708,0.688,0.900,0.743,0.292,0.000,0.009,0.303,644.000,636.000,0.001,0.693,0.692,0.905,0.755,0.290,0.017,0.006,0.302
644,636,630,0.000,0.714,0.694,0.906,0.756,0.286,0.000,0.000,0.306,637,630,0.000,0.705,0.699,0.901,0.747,0.290,0.005,0.000,0.301,643.000,637.000,0.000,0.708,0.688,0.900,0.743,0.292,0.000,0.009,0.303,644.000,636.000,0.001,0.693,0.692,0.905,0.755,0.290,0.017,0.006,0.302
645,636,630,0.000,0.714,0.694,0.906,0.756,0.286,0.000,0.000,0.306,637,630,0.000,0.705,0.699,0.901,0.747,0.290,0.005,0.000,0.301,643.000,637.000,0.000,0.708,0.688,0.900,0.743,0.292,0.000,0.009,0.303,644.000,636.000,0.001,0.693,0.692,0.905,0.755,0.290,0.017,0.006,0.302
646,636,630,0.000,0.714,0.694,0.906,0.756,0.286,0.000,0.000,0.306,637,630,0.000,0.705,0.699,0.901,0.747,0.290,0.005,0.000,0.301,643.000,637.000,0.000,0.708,0.688,0.900,0.743,0.292,0.000,0.009,0.303,644.000,636.000,0.001,0.693,0.692,0.905,0.755,0.290,0.017,0.006,0.302
647,636,630,0.000,0.714,0.694,0.906,0.756,0.286,0.000,0.000,0.306,637,630,0.000,0.705,0.699,0.901,0.747,0.290,0.005,0.000,0.301,643.000,637.000,0.000,0.708,0.688,0.900,0.743,0.292,0.000,0.009,0.303,644.000,636.000,0.001,0.693,0.692,0.905,0.755,0.290,0.017,0.006,0.302
648,636,630,0.000,0.714,0.694,0.906,0.756,0.286,0.000,0.000,0.306,637,630,0.000,0.705,0.699,0.901,0.747,0.290,0.005,0.000,0.301,643.000,637.000,0.000,0.708,0.688,0.900,0.743,0.292,0.000,0.009,0.303,644.000,636.000,0.001,0.693,0.692,0.905,0.755,0.290,0.017,0.006,0.302
649,636,630,0.000,0.714,0.694,0.906,0.756,0.286,0.000,0.000,0.306,637,630,0.000,0.705,0.699,0.901,0.747,0.290,0.005,0.000,0.301,643.000,637.000,0.000,0.708,0.688,0.900,0.743,0.292,0.000,0.009,0.303,644.000,636.000,0.001,0.693,0.692,0.905,0.755,0.290,0.017,0.006,0.302
650,636,630,0.000,0.714,0.694,0.906,0.756,0.286,0.000,0.000,0.306,637,630,0.000,0.705,0.699,0.901,0.747,0.290,0.005,0.000,0.301,643.000,637.000,0.000,0.708,0.688,0.900,0.743,0.292,0.000,0.009,0.303,644.000,636.000,0.001,0.693,0.692,0.905,0.755,0.290,0.017,0.006,0.302
651,636,630,0.000,0.714,0.694,0.906,0.756,0.286,0.000,0.000,0.306,637,630,0.000,0.705,0.699,0.901,0.747,0.290,0.005,0.000,0.301,643.000,637.000,0.000,0.708,0.688,0.900,0.743,0.292,0.000,0.009,0.303,644.000,636.000,0.001,0.693,0.692,0.905,0.755,0.290,0.017,0.006,0.302
652,636,630,0.000,0.714,0.694,0.906,0.756,0.286,0.000,0.000,0.306,637,630,0.000,0.705,0.699,0.901,0.747,0.290,0.005,0.000,0.301,643.000,637.000,0.000,0.708,0.688,0.900,0.743,0.292,0.000,0.009,0.303,644.000,636.000,0.001,0.693,0.692,0.905,0.755,0.290,0.017,0.006,0.302
653,636,630,0.000,0.714,0.694,0.906,0.756,0.286,0.000,0.000,0.306,637,630,0.000,0.705,0.699,0.901,0.747,0.290,0.005,0.000,0.301,643.000,637.000,0.000,0.708,0.688,0.900,0.743,0.292,0.000,0.009,0.303,644.000,636.000,0.001,0.693,0.692,0.905,0.755,0.290,0.017,0.006,0.302
654,636,630,0.000,0.714,0.694,0.906,0.756,0.286,0.000,0.000,0.306,637,630,0.000,0.705,0.699,0.901,0.747,0.290,0.005,0.000,0.301,643.000,637.000,0.000,0.708,0.688,0.900,0.743,0.292,0.000,0.009,0.303,644.000,636.000,0.001,0.693,0.692,0.905,0.755,0.290,0.017,0.006,0.302
655,636,630,0.000,0.714,0.694,0.906,0.756,0.286,0.000,0.000,0.306,637,630,0.000,0.705,0.699,0.901,0.747,0.290,0.005,0.000,0.301,643.000,637.000,0.000,0.708,0.688,0.900,0.743,0.292,0.000,0.009,0.303,644.000,636.000,0.001,0.693,0.692,0.905,0.755,0.290,0.017,0.006,0.302
656,636,630,0.000,0.714,0.694,0.906,0.756,0.286,0.000,0.000,0.306,637,630,0.000,0.705,0.699,0.901,0.747,0.290,0.005,0.000,0.301,643.000,637.000,0.000,0.708,0.688,0.900,0.743,0.292,0.000,0.009,0.303,648.000,636.000,0.000,0.720,0.698,0.895,0.750,0.275,0.005,0.005,0.298
657,636,630,0.000,0.714,0.694,0.906,0.756,0.286,0.000,0.000,0.306,637,630,0.000,0.705,0.699,0.901,0.747,0.290,0.005,0.000,0.301,643.000,637.000,0.000,0.708,0.688,0.900,0.743,0.292,0.000,0.009,0.303,648.000,636.000,0.000,0.720,0.698,0.895,0.750,0.275,0.005,0.005,0.298
658,636,630,0.000,0.714,0.694,0.906,0.756,0.286,0.000,0.000,0.306,637,630,0.000,0.705,0.699,0.901,0.747,0.290,0.005,0.000,0.301,643.000,637.000,0.000,0.708,0.688,0.900,0.743,0.292,0.000,0.009,0.303,648.000,636.000,0.000,0.720,0.698,0.895,0.750,0.275,0.005,0.005,0.298
659,636,630,0.000,0.714,0.694,0.906,0.756,0.286,0.000,0.000,0.306,637,630,0.000,0.705,0.699,0.901,0.747,0.290,0.005,0.000,0.301,643.000,637.000,0.000,0.708,0.688,0.900,0.743,0.292,0.000,0.009,0.303,648.000,636.000,0.000,0.720,0.698,0.895,0.750,0.275,0.005,0.005,0.298
660,636,630,0.000,0.714,0.694,0.906,0.756,0.286,0.000,0.000,0.306,637,630,0.000,0.705,0.699,0.901,0.747,0.290,0.005,0.000,0.301,643.000,637.000,0.000,0.708,0.688,0.900,0.743,0.292,0.000,0.009,0.303,648.000,636.000,0.000,0.720,0.698,0.895,0.750,0.275,0.005,0.005,0.298
661,636,630,0.000,0.714,0.694,0.906,0.756,0.286,0.000,0.000,0.306,637,630,0.000,0.705,0.699,0.901,0.747,0.290,0.005,0.000,0.301,643.000,637.000,0.000,0.708,0.688,0.900,0.743,0.292,0.000,0.009,0.303,648.000,636.000,0.000,0.720,0.698,0.895,0.750,0.275,0.005,0.005,0.298
662,636,630,0.000,0.714,0.694,0.906,0.756,0.286,0.000,0.000,0.306,637,630,0.000,0.705,0.699,0.901,0.747,0.290,0.005,0.000,0.301,643.000,637.000,0.000,0.708,0.688,0.900,0.743,0.292,0.000,0.009,0.303,648.000,636.000,0.000,0.720,0.698,0.895,0.750,0.275,0.005,0.005,0.298
663,636,630,0.000,0.714,0.694,0.906,0.756,0.286,0.000,0.000,0.306,637,630,0.000,0.705,0.699,0.901,0.747,0.290,0.005,0.000,0.301,643.000,637.000,0.000,0.708,0.688,0.900,0.743,0.292,0.000,0.009,0.303,648.000,636.000,0.000,0.720,0.698,0.895,0.750,0.275,0.005,0.005,0.298
664,636,630,0.000,0.714,0.694,0.906,0.756,0.286,0.000,0.000,0.306,637,630,0.000,0.705,0.699,0.901,0.747,0.290,0.005,0.000,0.301,643.000,637.000,0.000,0.708,0.688,0.900,0.743,0.292,0.000,0.009,0.303,648.000,636.000,0.000,0.720,0.698,0.895,0.750,0.275,0.005,0.005,0.298
665,636,630,0.000,0.714,0.694,0.906,0.756,0.286,0.000,0.000,0.306,637,630,0.000,0.705,0.699,0.901,0.747,0.290,0.005,0.000,0.301,643.000,637.000,0.000,0.708,0.688,0.900,0.743,0.292,0.000,0.009,0.303,648.000,636.000,0.000,0.720,0.698,0.895,0.750,0.275,0.005,0.005,0.298
666,636,630,0.000,0.714,0.694,0.906,0.756,0.286,0.000,0.000,0.306,637,630,0.000,0.705,0.699,0.901,0.747,0.290,0.005,0.000,0.301,643.000,637.000,0.000,0.708,0.688,0.900,0.743,0.292,0.000,0.009,0.303,648.000,636.000,0.000,0.720,0.698,0.895,0.750,0.275,0.005,0.005,0.298
667,636,630,0.000,0.714,0.694,0.906,0.756,0.286,0.000,0.000,0.306,637,630,0.000,0.705,0.699,0.901,0.747,0.290,0.005,0.000,0.301,643.000,637.000,0.000,0.708,0.688,0.900,0.743,0.292,0.000,0.009,0.303,648.000,636.000,0.000,0.720,0.698,0.895,0.750,0.275,0.005,0.005,0.298
668,636,630,0.000,0.714,0.694,0.906,0.756,0.286,0.000,0.000,0.306,637,630,0.000,0.705,0.699,0.901,0.747,0.290,0.005,0.000,0.301,643.000,637.000,0.000,0.708,0.688,0.900,0.743,0.292,0.000,0.009,0.303,648.000,636.000,0.000,0.720,0.698,0.895,0.750,0.275,0.005,0.005,0.298
669,636,630,0.000,0.714,0.694,0.906,0.756,0.286,0.000,0.000,0.306,637,630,0.000,0.705,0.699,0.901,0.747,0.290,0.005,0.000,0.301,643.000,637.000,0.000,0.708,0.688,0.900,0.743,0.292,0.000,0.009,0.303,648.000,636.000,0.000,0.720,0.698,0.895,0.750,0.275,0.005,0.005,0.298
670,636,630,0.000,0.714,0.694,0.906,0.756,0.286,0.000,0.000,0.306,637,630,0.000,0.705,0.699,0.901,0.747,0.290,0.005,0.000,0.301,643.000,637.000,0.000,0.708,0.688,0.900,0.743,0.292,0.000,0.009,0.303,648.000,636.000,0.000,0.720,0.698,0.895,0.750,0.275,0.005,0.005,0.298
671,636,630,0.000,0.714,0.694,0.906,0.756,0.286,0.000,0.000,0.306,637,630,0.000,0.705,0.699,0.901,0.747,0.290,0.005,0.000,0.301,643.000,637.000,0.000,0.708,0.688,0.900,0.743,0.292,0.000,0.009,0.303,648.000,636.000,0.000,0.720,0.698,0.895,0.750,0.275,0.005,0.005,0.298
672,636,630,0.000,0.714,0.694,0.906,0.756,0.286,0.000,0.000,0.306,637,630,0.000,0.705,0.699,0.901,0.747,0.290,0.005,0.000,0.301,643.000,637.000,0.000,0.708,0.688,0.900,0.743,0.292,0.000,0.009,0.303,648.000,636.000,0.000,0.720,0.698,0.895,0.750,0.275,0.005,0.005,0.298
673,636,630,0.000,0.714,0.694,0.906,0.756,0.286,0.000,0.000,0.306,637,630,0.000,0.705,0.699,0.901,0.747,0.290,0.005,0.000,0.301,643.000,637.000,0.000,0.708,0.688,0.900,0.743,0.292,0.000,0.009,0.303,648.000,636.000,0.000,0.720,0.698,0.895,0.750,0.275,0.005,0.005,0.298
674,636,630,0.000,0.714,0.694,0.906,0.756,0.286,0.000,0.000,0.306,637,630,0.000,0.705,0.699,0.901,0.747,0.290,0.005,0.000,0.301,643.000,637.000,0.000,0.708,0.688,0.900,0.743,0.292,0.000,0.009,0.303,666.000,636.000,0.001,0.701,0.689,0.902,0.749,0.299,0.000,0.000,0.311
675,636,630,0.000,0.714,0.694,0.906,0.756,0.286,0.000,0.000,0.306,637,630,0.000,0.705,0.699,0.901,0.747,0.290,0.005,0.000,0.301,643.000,637.000,0.000,0.708,0.688,0.900,0.743,0.292,0.000,0.009,0.303,666.000,636.000,0.001,0.701,0.689,0.902,0.749,0.299,0.000,0.000,0.311
676,636,630,0.000,0.714,0.694,0.906,0.756,0.286,0.000,0.000,0.306,637,630,0.000,0.705,0.699,0.901,0.747,0.290,0.005,0.000,0.301,643.000,637.000,0.000,0.708,0.688,0.900,0.743,0.292,0.000,0.009,0.303,666.000,636.000,0.001,0.701,0.689,0.902,0.749,0.299,0.000,0.000,0.311
677,636,630,0.000,0.714,0.694,0.906,0.756,0.286,0.000,0.000,0.306,637,630,0.000,0.705,0.699,0.901,0.747,0.290,0.005,0.000,0.301,643.000,637.000,0.000,0.708,0.688,0.900,0.743,0.292,0.000,0.009,0.303,666.000,636.000,0.001,0.701,0.689,0.902,0.749,0.299,0.000,0.000,0.311
678,636,630,0.000,0.714,0.694,0.906,0.756,0.286,0.000,0.000,0.306,637,630,0.000,0.705,0.699,0.901,0.747,0.290,0.005,0.000,0.301,643.000,637.000,0.000,0.708,0.688,0.900,0.743,0.292,0.000,0.009,0.303,666.000,636.000,0.001,0.701,0.689,0.902,0.749,0.299,0.000,0.000,0.311
679,636,630,0.000,0.714,0.694,0.906,0.756,0.286,0.000,0.000,0.306,637,630,0.000,0.705,0.699,0.901,0.747,0.290,0.005,0.000,0.301,643.000,637.000,0.000,0.708,0.688,0.900,0.743,0.292,0.000,0.009,0.303,666.000,636.000,0.001,0.701,0.689,0.902,0.749,0.299,0.000,0.000,0.311
680,636,630,0.000,0.714,0.694,0.906,0.756,0.286,0.000,0.000,0.306,637,630,0.000,0.705,0.699,0.901,0.747,0.290,0.005,0.000,0.301,643.000,637.000,0.000,0.708,0.688,0.900,0.743,0.292,0.000,0.009,0.303,666.000,636.000,0.001,0.701,0.689,0.902,0.749,0.299,0.000,0.000,0.311
681,636,630,0.000,0.714,0.694,0.906,0.756,0.286,0.000,0.000,0.306,637,630,0.000,0.705,0.699,0.901,0.747,0.290,0.005,0.000,0.301,643.000,637.000,0.000,0.708,0.688,0.900,0.743,0.292,0.000,0.009,0.303,666.000,636.000,0.001,0.701,0.689,0.902,0.749,0.299,0.000,0.000,0.311
682,636,630,0.000,0.714,0.694,0.906,0.756,0.286,0.000,0.000,0.306,637,630,0.000,0.705,0.699,0.901,0.747,0.290,0.005,0.000,0.301,643.000,637.000,0.000,0.708,0.688,0.900,0.743,0.292,0.000,0.009,0.303,666.000,636.000,0.001,0.701,0.689,0.902,0.749,0.299,0.000,0.000,0.311
683,636,630,0.000,0.714,0.694,0.906,0.756,0.286,0.000,0.000,0.306,637,630,0.000,0.705,0.699,0.901,0.747,0.290,0.005,0.000,0.301,643.000,637.000,0.000,0.708,0.688,0.900,0.743,0.292,0.000,0.009,0.303,666.000,636.000,0.001,0.701,0.689,0.902,0.749,0.299,0.000,0.000,0.311
684,636,630,0.000,0.714,0.694,0.906,0.756,0.286,0.000,0.000,0.306,637,630,0.000,0.705,0.699,0.901,0.747,0.290,0.005,0.000,0.301,643.000,637.000,0.000,0.708,0.688,0.900,0.743,0.292,0.000,0.009,0.303,667.000,636.000,0.000,0.706,0.698,0.891,0.764,0.290,0.004,0.000,0.302
685,636,630,0.000,0.714,0.694,0.906,0.756,0.286,0.000,0.000,0.306,637,630,0.000,0.705,0.699,0.901,0.747,0.290,0.005,0.000,0.301,643.000,637.000,0.000,0.708,0.688,0.900,0.743,0.292,0.000,0.009,0.303,667.000,636.000,0.000,0.706,0.698,0.891,0.764,0.290,0.004,0.000,0.302
686,636,630,0.000,0.714,0.694,0.906,0.756,0.286,0.000,0.000,0.306,637,630,0.000,0.705,0.699,0.901,0.747,0.290,0.005,0.000,0.301,643.000,637.000,0.000,0.708,0.688,0.900,0.743,0.292,0.000,0.009,0.303,667.000,636.000,0.000,0.706,0.698,0.891,0.764,0.290,0.004,0.000,0.302
687,636,630,0.000,0.714,0.694,0.906,0.756,0.286,0.000,0.000,0.306,637,630,0.000,0.705,0.699,0.901,0.747,0.290,0.005,0.000,0.301,667.000,636.000,0.000,0.706,0.698,0.891,0.764,0.290,0.004,0.000,0.302,688.000,637.000,0.000,0.686,0.688,0.895,0.735,0.302,0.012,0.000,0.312
688,636,630,0.000,0.714,0.694,0.906,0.756,0.286,0.000,0.000,0.306,637,630,0.000,0.705,0.699,0.901,0.747,0.290,0.005,0.000,0.301,667.000,636.000,0.000,0.706,0.698,0.891,0.764,0.290,0.004,0.000,0.302,688.000,637.000,0.000,0.686,0.688,0.895,0.735,0.302,0.012,0.000,0.312
689,636,630,0.000,0.714,0.694,0.906,0.756,0.286,0.000,0.000,0.306,637,630,0.000,0.705,0.699,0.901,0.747,0.290,0.005,0.000,0.301,688.000,637.000,0.000,0.686,0.688,0.895,0.735,0.302,0.012,0.000,0.312,689.000,637.000,0.006,0.696,0.697,0.898,0.754,0.295,0.009,0.003,0.300
690,636,630,0.000,0.714,0.694,0.906,0.756,0.286,0.000,0.000,0.306,637,630,0.000,0.705,0.699,0.901,0.747,0.290,0.005,0.000,0.301,688.000,637.000,0.000,0.686,0.688,0.895,0.735,0.302,0.012,0.000,0.312,689.000,637.000,0.006,0.696,0.697,0.898,0.754,0.295,0.009,0.003,0.300
691,636,630,0.000,0.714,0.694,0.906,0.756,0.286,0.000,0.000,0.306,637,630,0.000,0.705,0.699,0.901,0.747,0.290,0.005,0.000,0.301,688.000,637.000,0.000,0.686,0.688,0.895,0.735,0.302,0.012,0.000,0.312,690.000,636.000,0.006,0.702,0.688,0.898,0.750,0.291,0.007,0.000,0.312
692,636,630,0.000,0.714,0.694,0.906,0.756,0.286,0.000,0.000,0.306,637,630,0.000,0.705,0.699,0.901,0.747,0.290,0.005,0.000,0.301,688.000,637.000,0.000,0.686,0.688,0.895,0.735,0.302,0.012,0.000,0.312,692.000,637.000,0.003,0.708,0.691,0.913,0.738,0.283,0.009,0.000,0.309
693,636,630,0.000,0.714,0.694,0.906,0.756,0.286,0.000,0.000,0.306,637,630,0.000,0.705,0.699,0.901,0.747,0.290,0.005,0.000,0.301,688.000,637.000,0.000,0.686,0.688,0.895,0.735,0.302,0.012,0.000,0.312,694.000,637.000,0.002,0.708,0.720,0.880,0.755,0.292,0.000,0.000,0.280
694,636,630,0.000,0.714,0.694,0.906,0.756,0.286,0.000,0.000,0.306,637,630,0.000,0.705,0.699,0.901,0.747,0.290,0.005,0.000,0.301,688.000,637.000,0.000,0.686,0.688,0.895,0.735,0.302,0.012,0.000,0.312,695.000,637.000,0.003,0.694,0.689,0.897,0.760,0.286,0.020,0.010,0.302
695,636,630,0.000,0.714,0.694,0.906,0.756,0.286,0.000,0.000,0.306,637,630,0.000,0.705,0.699,0.901,0.747,0.290,0.005,0.000,0.301,688.000,637.000,0.000,0.686,0.688,0.895,0.735,0.302,0.012,0.000,0.312,695.000,637.000,0.003,0.694,0.689,0.897,0.760,0.286,0.020,0.010,0.302
696,636,630,0.000,0.714,0.694,0.906,0.756,0.286,0.000,0.000,0.306,637,630,0.000,0.705,0.699,0.901,0.747,0.290,0.005,0.000,0.301,688.000,637.000,0.000,0.686,0.688,0.895,0.735,0.302,0.012,0.000,0.312,695.000,637.000,0.003,0.694,0.689,0.897,0.760,0.286,0.020,0.010,0.302
697,636,630,0.000,0.714,0.694,0.906,0.756,0.286,0.000,0.000,0.306,637,630,0.000,0.705,0.699,0.901,0.747,0.290,0.005,0.000,0.301,688.000,637.000,0.000,0.686,0.688,0.895,0.735,0.302,0.012,0.000,0.312,696.000,636.000,0.000,0.696,0.677,0.906,0.773,0.296,0.008,0.013,0.310
698,636,630,0.000,0.714,0.694,0.906,0.756,0.286,0.000,0.000,0.306,637,630,0.000,0.705,0.699,0.901,0.747,0.290,0.005,0.000,0.301,688.000,637.000,0.000,0.686,0.688,0.895,0.735,0.302,0.012,0.000,0.312,696.000,636.000,0.000,0.696,0.677,0.906,0.773,0.296,0.008,0.013,0.310
699,636,630,0.000,0.714,0.694,0.906,0.756,0.286,0.000,0.000,0.306,637,630,0.000,0.705,0.699,0.901,0.747,0.290,0.005,0.000,0.301,688.000,637.000,0.000,0.686,0.688,0.895,0.735,0.302,0.012,0.000,0.312,696.000,636.000,0.000,0.696,0.677,0.906,0.773,0.296,0.008,0.013,0.310
700,636,630,0.000,0.714,0.694,0.906,0.756,0.286,0.000,0.000,0.306,637,630,0.000,0.705,0.699,0.901,0.747,0.290,0.005,0.000,0.301,688.000,637.000,0.000,0.686,0.688,0.895,0.735,0.302,0.012,0.000,0.312,696.000,636.000,0.000,0.696,0.677,0.906,0.773,0.296,0.008,0.013,0.310
701,636,630,0.000,0.714,0.694,0.906,0.756,0.286,0.000,0.000,0.306,637,630,0.000,0.705,0.699,0.901,0.747,0.290,0.005,0.000,0.301,688.000,637.000,0.000,0.686,0.688,0.895,0.735,0.302,0.012,0.000,0.312,696.000,636.000,0.000,0.696,0.677,0.906,0.773,0.296,0.008,0.013,0.310
702,636,630,0.000,0.714,0.694,0.906,0.756,0.286,0.000,0.000,0.306,637,630,0.000,0.705,0.699,0.901,0.747,0.290,0.005,0.000,0.301,688.000,637.000,0.000,0.686,0.688,0.895,0.735,0.302,0.012,0.000,0.312,696.000,636.000,0.000,0.696,0.677,0.906,0.773,0.296,0.008,0.013,0.310
703,636,630,0.000,0.714,0.694,0.906,0.756,0.286,0.000,0.000,0.306,637,630,0.000,0.705,0.699,0.901,0.747,0.290,0.005,0.000,0.301,688.000,637.000,0.000,0.686,0.688,0.895,0.735,0.302,0.012,0.000,0.312,696.000,636.000,0.000,0.696,0.677,0.906,0.773,0.296,0.008,0.013,0.310
704,636,630,0.000,0.714,0.694,0.906,0.756,0.286,0.000,0.000,0.306,637,630,0.000,0.705,0.699,0.901,0.747,0.290,0.005,0.000,0.301,688.000,637.000,0.000,0.686,0.688,0.895,0.735,0.302,0.012,0.000,0.312,696.000,636.000,0.000,0.696,0.677,0.906,0.773,0.296,0.008,0.013,0.310
705,637,630,0.000,0.705,0.699,0.901,0.747,0.290,0.005,0.000,0.301,688,637,0.000,0.686,0.688,0.895,0.735,0.302,0.012,0.000,0.312,696.000,636.000,0.000,0.696,0.677,0.906,0.773,0.296,0.008,0.013,0.310,697.000,688.000,0.000,0.670,0.687,0.907,0.736,0.296,0.034,0.000,0.313
706,637,630,0.000,0.705,0.699,0.901,0.747,0.290,0.005,0.000,0.301,688,637,0.000,0.686,0.688,0.895,0.735,0.302,0.012,0.000,0.312,696.000,636.000,0.000,0.696,0.677,0.906,0.773,0.296,0.008,0.013,0.310,697.000,688.000,0.000,0.670,0.687,0.907,0.736,0.296,0.034,0.000,0.313
707,637,630,0.000,0.705,0.699,0.901,0.747,0.290,0.005,0.000,0.301,688,637,0.000,0.686,0.688,0.895,0.735,0.302,0.012,0.000,0.312,696.000,636.000,0.000,0.696,0.677,0.906,0.773,0.296,0.008,0.013,0.310,697.000,688.000,0.000,0.670,0.687,0.907,0.736,0.296,0.034,0.000,0.313
708,637,630,0.000,0.705,0.699,0.901,0.747,0.290,0.005,0.000,0.301,688,637,0.000,0.686,0.688,0.895,0.735,0.302,0.012,0.000,0.312,696.000,636.000,0.000,0.696,0.677,0.906,0.773,0.296,0.008,0.013,0.310,697.000,688.000,0.000,0.670,0.687,0.907,0.736,0.296,0.034,0.000,0.313
709,637,630,0.000,0.705,0.699,0.901,0.747,0.290,0.005,0.000,0.301,688,637,0.000,0.686,0.688,0.895,0.735,0.302,0.012,0.000,0.312,696.000,636.000,0.000,0.696,0.677,0.906,0.773,0.296,0.008,0.013,0.310,697.000,688.000,0.000,0.670,0.687,0.907,0.736,0.296,0.034,0.000,0.313
710,637,630,0.000,0.705,0.699,0.901,0.747,0.290,0.005,0.000,0.301,688,637,0.000,0.686,0.688,0.895,0.735,0.302,0.012,0.000,0.312,696.000,636.000,0.000,0.696,0.677,0.906,0.773,0.296,0.008,0.013,0.310,697.000,688.000,0.000,0.670,0.687,0.907,0.736,0.296,0.034,0.000,0.313
711,637,630,0.000,0.705,0.699,0.901,0.747,0.290,0.005,0.000,0.301,688,637,0.000,0.686,0.688,0.895,0.735,0.302,0.012,0.000,0.312,696.000,636.000,0.000,0.696,0.677,0.906,0.773,0.296,0.008,0.013,0.310,697.000,688.000,0.000,0.670,0.687,0.907,0.736,0.296,0.034,0.000,0.313
712,637,630,0.000,0.705,0.699,0.901,0.747,0.290,0.005,0.000,0.301,688,637,0.000,0.686,0.688,0.895,0.735,0.302,0.012,0.000,0.312,696.000,636.000,0.000,0.696,0.677,0.906,0.773,0.296,0.008,0.013,0.310,702.000,636.000,0.000,0.708,0.710,0.904,0.756,0.292,0.000,0.000,0.290
713,637,630,0.000,0.705,0.699,0.901,0.747,0.290,0.005,0.000,0.301,688,637,0.000,0.686,0.688,0.895,0.735,0.302,0.012,0.000,0.312,696.000,636.000,0.000,0.696,0.677,0.906,0.773,0.296,0.008,0.013,0.310,702.000,636.000,0.000,0.708,0.710,0.904,0.756,0.292,0.000,0.000,0.290
714,637,630,0.000,0.705,0.699,0.901,0.747,0.290,0.005,0.000,0.301,688,637,0.000,0.686,0.688,0.895,0.735,0.302,0.012,0.000,0.312,696.000,636.000,0.000,0.696,0.677,0.906,0.773,0.296,0.008,0.013,0.310,702.000,636.000,0.000,0.708,0.710,0.904,0.756,0.292,0.000,0.000,0.290
715,637,630,0.000,0.705,0.699,0.901,0.747,0.290,0.005,0.000,0.301,688,637,0.000,0.686,0.688,0.895,0.735,0.302,0.012,0.000,0.312,696.000,636.000,0.000,0.696,0.677,0.906,0.773,0.296,0.008,0.013,0.310,702.000,636.000,0.000,0.708,0.710,0.904,0.756,0.292,0.000,0.000,0.290
716,637,630,0.000,0.705,0.699,0.901,0.747,0.290,0.005,0.000,0.301,688,637,0.000,0.686,0.688,0.895,0.735,0.302,0.012,0.000,0.312,696.000,636.000,0.000,0.696,0.677,0.906,0.773,0.296,0.008,0.013,0.310,702.000,636.000,0.000,0.708,0.710,0.904,0.756,0.292,0.000,0.000,0.290
717,637,630,0.000,0.705,0.699,0.901,0.747,0.290,0.005,0.000,0.301,688,637,0.000,0.686,0.688,0.895,0.735,0.302,0.012,0.000,0.312,702.000,636.000,0.000,0.708,0.710,0.904,0.756,0.292,0.000,0.000,0.290,717.000,708.000,0.000,0.702,0.669,0.897,0.774,0.271,0.028,0.018,0.314
718,637,630,0.000,0.705,0.699,0.901,0.747,0.290,0.005,0.000,0.301,688,637,0.000,0.686,0.688,0.895,0.735,0.302,0.012,0.000,0.312,702.000,636.000,0.000,0.708,0.710,0.904,0.756,0.292,0.000,0.000,0.290,717.000,708.000,0.000,0.702,0.669,0.897,0.774,0.271,0.028,0.018,0.314
719,637,630,0.000,0.705,0.699,0.901,0.747,0.290,0.005,0.000,0.301,688,637,0.000,0.686,0.688,0.895,0.735,0.302,0.012,0.000,0.312,702.000,636.000,0.000,0.708,0.710,0.904,0.756,0.292,0.000,0.000,0.290,717.000,708.000,0.000,0.702,0.669,0.897,0.774,0.271,0.028,0.018,0.314
720,637,630,0.000,0.705,0.699,0.901,0.747,0.290,0.005,0.000,0.301,688,637,0.000,0.686,0.688,0.895,0.735,0.302,0.012,0.000,0.312,702.000,636.000,0.000,0.708,0.710,0.904,0.756,0.292,0.000,0.000,0.290,717.000,708.000,0.000,0.702,0.669,0.897,0.774,0.271,0.028,0.018,0.314
721,637,630,0.000,0.705,0.699,0.901,0.747,0.290,0.005,0.000,0.301,688,637,0.000,0.686,0.688,0.895,0.735,0.302,0.012,0.000,0.312,702.000,636.000,0.000,0.708,0.710,0.904,0.756,0.292,0.000,0.000,0.290,717.000,708.000,0.000,0.702,0.669,0.897,0.774,0.271,0.028,0.018,0.314
722,637,630,0.000,0.705,0.699,0.901,0.747,0.290,0.005,0.000,0.301,688,637,0.000,0.686,0.688,0.895,0.735,0.302,0.012,0.000,0.312,702.000,636.000,0.000,0.708,0.710,0.904,0.756,0.292,0.000,0.000,0.290,717.000,708.000,0.000,0.702,0.669,0.897,0.774,0.271,0.028,0.018,0.314
723,637,630,0.000,0.705,0.699,0.901,0.747,0.290,0.005,0.000,0.301,688,637,0.000,0.686,0.688,0.895,0.735,0.302,0.012,0.000,0.312,702.000,636.000,0.000,0.708,0.710,0.904,0.756,0.292,0.000,0.000,0.290,717.000,708.000,0.000,0.702,0.669,0.897,0.774,0.271,0.028,0.018,0.314
724,637,630,0.000,0.705,0.699,0.901,0.747,0.290,0.005,0.000,0.301,688,637,0.000,0.686,0.688,0.895,0.735,0.302,0.012,0.000,0.312,702.000,636.000,0.000,0.708,0.710,0.904,0.756,0.292,0.000,0.000,0.290,717.000,708.000,0.000,0.702,0.669,0.897,0.774,0.271,0.028,0.018,0.314
725,637,630,0.000,0.705,0.699,0.901,0.747,0.290,0.005,0.000,0.301,688,637,0.000,0.686,0.688,0.895,0.735,0.302,0.012,0.000,0.312,702.000,636.000,0.000,0.708,0.710,0.904,0.756,0.292,0.000,0.000,0.290,717.000,708.000,0.000,0.702,0.669,0.897,0.774,0.271,0.028,0.018,0.314
726,637,630,0.000,0.705,0.699,0.901,0.747,0.290,0.005,0.000,0.301,688,637,0.000,0.686,0.688,0.895,0.735,0.302,0.012,0.000,0.312,702.000,636.000,0.000,0.708,0.710,0.904,0.756,0.292,0.000,0.000,0.290,717.000,708.000,0.000,0.702,0.669,0.897,0.774,0.271,0.028,0.018,0.314
727,637,630,0.000,0.705,0.699,0.901,0.747,0.290,0.005,0.000,0.301,688,637,0.000,0.686,0.688,0.895,0.735,0.302,0.012,0.000,0.312,702.000,636.000,0.000,0.708,0.710,0.904,0.756,0.292,0.000,0.000,0.290,717.000,708.000,0.000,0.702,0.669,0.897,0.774,0.271,0.028,0.018,0.314
728,637,630,0.000,0.705,0.699,0.901,0.747,0.290,0.005,0.000,0.301,688,637,0.000,0.686,0.688,0.895,0.735,0.302,0.012,0.000,0.312,702.000,636.000,0.000,0.708,0.710,0.904,0.756,0.292,0.000,0.000,0.290,717.000,708.000,0.000,0.702,0.669,0.897,0.774,0.271,0.028,0.018,0.314
729,637,630,0.000,0.705,0.699,0.901,0.747,0.290,0.005,0.000,0.301,688,637,0.000,0.686,0.688,0.895,0.735,0.302,0.012,0.000,0.312,702.000,636.000,0.000,0.708,0.710,0.904,0.756,0.292,0.000,0.000,0.290,717.000,708.000,0.000,0.702,0.669,0.897,0.774,0.271,0.028,0.018,0.314
730,637,630,0.000,0.705,0.699,0.901,0.747,0.290,0.005,0.000,0.301,688,637,0.000,0.686,0.688,0.895,0.735,0.302,0.012,0.000,0.312,702.000,636.000,0.000,0.708,0.710,0.904,0.756,0.292,0.000,0.000,0.290,717.000,708.000,0.000,0.702,0.669,0.897,0.774,0.271,0.028,0.018,0.314
731,637,630,0.000,0.705,0.699,0.901,0.747,0.290,0.005,0.000,0.301,688,637,0.000,0.686,0.688,0.895,0.735,0.302,0.012,0.000,0.312,702.000,636.000,0.000,0.708,0.710,0.904,0.756,0.292,0.000,0.000,0.290,721.000,702.000,0.000,0.712,0.708,0.899,0.756,0.284,0.004,0.022,0.269
732,637,630,0.000,0.705,0.699,0.901,0.747,0.290,0.005,0.000,0.301,688,637,0.000,0.686,0.688,0.895,0.735,0.302,0.012,0.000,0.312,702.000,636.000,0.000,0.708,0.710,0.904,0.756,0.292,0.000,0.000,0.290,721.000,702.000,0.000,0.712,0.708,0.899,0.756,0.284,0.004,0.022,0.269
733,637,630,0.000,0.705,0.699,0.901,0.747,0.290,0.005,0.000,0.301,702,636,0.000,0.708,0.710,0.904,0.756,0.292,0.000,0.000,0.290,721.000,702.000,0.000,0.712,0.708,0.899,0.756,0.284,0.004,0.022,0.269,722.000,720.000,0.000,0.701,0.708,0.916,0.760,0.286,0.013,0.002,0.290
734,637,630,0.000,0.705,0.699,0.901,0.747,0.290,0.005,0.000,0.301,702,636,0.000,0.708,0.710,0.904,0.756,0.292,0.000,0.000,0.290,726.000,724.000,0.000,0.712,0.681,0.903,0.740,0.281,0.006,0.008,0.311,732.000,721.000,0.000,0.707,0.695,0.890,0.749,0.288,0.005,0.017,0.287
735,637,630,0.000,0.705,0.699,0.901,0.747,0.290,0.005,0.000,0.301,702,636,0.000,0.708,0.710,0.904,0.756,0.292,0.000,0.000,0.290,726.000,724.000,0.000,0.712,0.681,0.903,0.740,0.281,0.006,0.008,0.311,732.000,721.000,0.000,0.707,0.695,0.890,0.749,0.288,0.005,0.017,0.287
736,637,630,0.000,0.705,0.699,0.901,0.747,0.290,0.005,0.000,0.301,702,636,0.000,0.708,0.710,0.904,0.756,0.292,0.000,0.000,0.290,726.000,724.000,0.000,0.712,0.681,0.903,0.740,0.281,0.006,0.008,0.311,732.000,721.000,0.000,0.707,0.695,0.890,0.749,0.288,0.005,0.017,0.287
737,637,630,0.000,0.705,0.699,0.901,0.747,0.290,0.005,0.000,0.301,702,636,0.000,0.708,0.710,0.904,0.756,0.292,0.000,0.000,0.290,726.000,724.000,0.000,0.712,0.681,0.903,0.740,0.281,0.006,0.008,0.311,732.000,721.000,0.000,0.707,0.695,0.890,0.749,0.288,0.005,0.017,0.287
738,637,630,0.000,0.705,0.699,0.901,0.747,0.290,0.005,0.000,0.301,702,636,0.000,0.708,0.710,0.904,0.756,0.292,0.000,0.000,0.290,726.000,724.000,0.000,0.712,0.681,0.903,0.740,0.281,0.006,0.008,0.311,735.000,637.000,0.000,0.718,0.692,0.910,0.747,0.272,0.010,0.000,0.308
739,637,630,0.000,0.705,0.699,0.901,0.747,0.290,0.005,0.000,0.301,702,636,0.000,0.708,0.710,0.904,0.756,0.292,0.000,0.000,0.290,726.000,724.000,0.000,0.712,0.681,0.903,0.740,0.281,0.006,0.008,0.311,735.000,637.000,0.000,0.718,0.692,0.910,0.747,0.272,0.010,0.000,0.308
740,637,630,0.000,0.705,0.699,0.901,0.747,0.290,0.005,0.000,0.301,702,636,0.000,0.708,0.710,0.904,0.756,0.292,0.000,0.000,0.290,726.000,724.000,0.000,0.712,0.681,0.903,0.740,0.281,0.006,0.008,0.311,735.000,637.000,0.000,0.718,0.692,0.910,0.747,0.272,0.010,0.000,0.308
741,637,630,0.000,0.705,0.699,0.901,0.747,0.290,0.005,0.000,0.301,702,636,0.000,0.708,0.710,0.904,0.756,0.292,0.000,0.000,0.290,735.000,637.000,0.000,0.718,0.692,0.910,0.747,0.272,0.010,0.000,0.308,741.000,702.000,0.000,0.714,0.723,0.891,0.753,0.286,0.000,0.000,0.277
742,637,630,0.000,0.705,0.699,0.901,0.747,0.290,0.005,0.000,0.301,702,636,0.000,0.708,0.710,0.904,0.756,0.292,0.000,0.000,0.290,735.000,637.000,0.000,0.718,0.692,0.910,0.747,0.272,0.010,0.000,0.308,,,,,,,,,,,
743,637,630,0.000,0.705,0.699,0.901,0.747,0.290,0.005,0.000,0.301,702,636,0.000,0.708,0.710,0.904,0.756,0.292,0.000,0.000,0.290,735.000,637.000,0.000,0.718,0.692,0.910,0.747,0.272,0.010,0.000,0.308,744.000,702.000,0.000,0.701,0.703,0.903,0.755,0.291,0.007,0.012,0.285
744,637,630,0.000,0.705,0.699,0.901,0.747,0.290,0.005,0.000,0.301,702,636,0.000,0.708,0.710,0.904,0.756,0.292,0.000,0.000,0.290,735.000,637.000,0.000,0.718,0.692,0.910,0.747,0.272,0.010,0.000,0.308,744.000,702.000,0.000,0.701,0.703,0.903,0.755,0.291,0.007,0.012,0.285
745,637,630,0.000,0.705,0.699,0.901,0.747,0.290,0.005,0.000,0.301,702,636,0.000,0.708,0.710,0.904,0.756,0.292,0.000,0.000,0.290,735.000,637.000,0.000,0.718,0.692,0.910,0.747,0.272,0.010,0.000,0.308,744.000,702.000,0.000,0.701,0.703,0.903,0.755,0.291,0.007,0.012,0.285
746,637,630,0.000,0.705,0.699,0.901,0.747,0.290,0.005,0.000,0.301,702,636,0.000,0.708,0.710,0.904,0.756,0.292,0.000,0.000,0.290,735.000,637.000,0.000,0.718,0.692,0.910,0.747,0.272,0.010,0.000,0.308,744.000,702.000,0.000,0.701,0.703,0.903,0.755,0.291,0.007,0.012,0.285
747,637,630,0.000,0.705,0.699,0.901,0.747,0.290,0.005,0.000,0.301,702,636,0.000,0.708,0.710,0.904,0.756,0.292,0.000,0.000,0.290,735.000,637.000,0.000,0.718,0.692,0.910,0.747,0.272,0.010,0.000,0.308,744.000,702.000,0.000,0.701,0.703,0.903,0.755,0.291,0.007,0.012,0.285
748,637,630,0.000,0.705,0.699,0.901,0.747,0.290,0.005,0.000,0.301,702,636,0.000,0.708,0.710,0.904,0.756,0.292,0.000,0.000,0.290,735.000,637.000,0.000,0.718,0.692,0.910,0.747,0.272,0.010,0.000,0.308,744.000,702.000,0.000,0.701,0.703,0.903,0.755,0.291,0.007,0.012,0.285
749,637,630,0.000,0.705,0.699,0.901,0.747,0.290,0.005,0.000,0.301,702,636,0.000,0.708,0.710,0.904,0.756,0.292,0.000,0.000,0.290,748.000,637.000,0.000,0.701,0.692,0.908,0.747,0.293,0.006,0.000,0.308,750.000,748.000,0.000,0.716,0.691,0.897,0.758,0.284,0.000,0.000,0.309
750,637,630,0.000,0.705,0.699,0.901,0.747,0.290,0.005,0.000,0.301,702,636,0.000,0.708,0.710,0.904,0.756,0.292,0.000,0.000,0.290,748.000,637.000,0.000,0.701,0.692,0.908,0.747,0.293,0.006,0.000,0.308,750.000,748.000,0.000,0.716,0.691,0.897,0.758,0.284,0.000,0.000,0.309
751,637,630,0.000,0.705,0.699,0.901,0.747,0.290,0.005,0.000,0.301,702,636,0.000,0.708,0.710,0.904,0.756,0.292,0.000,0.000,0.290,748.000,637.000,0.000,0.701,0.692,0.908,0.747,0.293,0.006,0.000,0.308,750.000,748.000,0.000,0.716,0.691,0.897,0.758,0.284,0.000,0.000,0.309
752,637,630,0.000,0.705,0.699,0.901,0.747,0.290,0.005,0.000,0.301,702,636,0.000,0.708,0.710,0.904,0.756,0.292,0.000,0.000,0.290,748.000,637.000,0.000,0.701,0.692,0.908,0.747,0.293,0.006,0.000,0.308,750.000,748.000,0.000,0.716,0.691,0.897,0.758,0.284,0.000,0.000,0.309
753,637,630,0.000,0.705,0.699,0.901,0.747,0.290,0.005,0.000,0.301,702,636,0.000,0.708,0.710,0.904,0.756,0.292,0.000,0.000,0.290,748.000,637.000,0.000,0.701,0.692,0.908,0.747,0.293,0.006,0.000,0.308,750.000,748.000,0.000,0.716,0.691,0.897,0.758,0.284,0.000,0.000,0.309
754,637,630,0.000,0.705,0.699,0.901,0.747,0.290,0.005,0.000,0.301,702,636,0.000,0.708,0.710,0.904,0.756,0.292,0.000,0.000,0.290,748.000,637.000,0.000,0.701,0.692,0.908,0.747,0.293,0.006,0.000,0.308,750.000,748.000,0.000,0.716,0.691,0.897,0.758,0.284,0.000,0.000,0.309
755,637,630,0.000,0.705,0.699,0.901,0.747,0.290,0.005,0.000,0.301,748,637,0.000,0.701,0.692,0.908,0.747,0.293,0.006,0.000,0.308,750.000,748.000,0.000,0.716,0.691,0.897,0.758,0.284,0.000,0.000,0.309,752.000,637.000,0.000,0.712,0.696,0.905,0.759,0.283,0.005,0.004,0.299
756,637,630,0.000,0.705,0.699,0.901,0.747,0.290,0.005,0.000,0.301,748,637,0.000,0.701,0.692,0.908,0.747,0.293,0.006,0.000,0.308,752.000,637.000,0.000,0.712,0.696,0.905,0.759,0.283,0.005,0.004,0.299,754.000,702.000,0.000,0.710,0.699,0.893,0.753,0.290,0.000,0.000,0.301
757,637,630,0.000,0.705,0.699,0.901,0.747,0.290,0.005,0.000,0.301,748,637,0.000,0.701,0.692,0.908,0.747,0.293,0.006,0.000,0.308,752.000,637.000,0.000,0.712,0.696,0.905,0.759,0.283,0.005,0.004,0.299,754.000,702.000,0.000,0.710,0.699,0.893,0.753,0.290,0.000,0.000,0.301
758,637,630,0.000,0.705,0.699,0.901,0.747,0.290,0.005,0.000,0.301,748,637,0.000,0.701,0.692,0.908,0.747,0.293,0.006,0.000,0.308,752.000,637.000,0.000,0.712,0.696,0.905,0.759,0.283,0.005,0.004,0.299,754.000,702.000,0.000,0.710,0.699,0.893,0.753,0.290,0.000,0.000,0.301
759,637,630,0.000,0.705,0.699,0.901,0.747,0.290,0.005,0.000,0.301,748,637,0.000,0.701,0.692,0.908,0.747,0.293,0.006,0.000,0.308,752.000,637.000,0.000,0.712,0.696,0.905,0.759,0.283,0.005,0.004,0.299,754.000,702.000,0.000,0.710,0.699,0.893,0.753,0.290,0.000,0.000,0.301
760,637,630,0.000,0.705,0.699,0.901,0.747,0.290,0.005,0.000,0.301,748,637,0.000,0.701,0.692,0.908,0.747,0.293,0.006,0.000,0.308,760.000,752.000,0.000,0.717,0.699,0.905,0.758,0.283,0.000,0.000,0.301,761.000,754.000,0.000,0.719,0.687,0.895,0.760,0.275,0.006,0.000,0.313
761,637,630,0.000,0.705,0.699,0.901,0.747,0.290,0.005,0.000,0.301,748,637,0.000,0.701,0.692,0.908,0.747,0.293,0.006,0.000,0.308,760.000,752.000,0.000,0.717,0.699,0.905,0.758,0.283,0.000,0.000,0.301,761.000,754.000,0.000,0.719,0.687,0.895,0.760,0.275,0.006,0.000,0.313
762,637,630,0.000,0.705,0.699,0.901,0.747,0.290,0.005,0.000,0.301,748,637,0.000,0.701,0.692,0.908,0.747,0.293,0.006,0.000,0.308,760.000,752.000,0.000,0.717,0.699,0.905,0.758,0.283,0.000,0.000,0.301,761.000,754.000,0.000,0.719,0.687,0.895,0.760,0.275,0.006,0.000,0.313
763,637,630,0.000,0.705,0.699,0.901,0.747,0.290,0.005,0.000,0.301,748,637,0.000,0.701,0.692,0.908,0.747,0.293,0.006,0.000,0.308,760.000,752.000,0.000,0.717,0.699,0.905,0.758,0.283,0.000,0.000,0.301,761.000,754.000,0.000,0.719,0.687,0.895,0.760,0.275,0.006,0.000,0.313
764,637,630,0.000,0.705,0.699,0.901,0.747,0.290,0.005,0.000,0.301,748,637,0.000,0.701,0.692,0.908,0.747,0.293,0.006,0.000,0.308,760.000,752.000,0.000,0.717,0.699,0.905,0.758,0.283,0.000,0.000,0.301,,,,,,,,,,,
765,637,630,0.000,0.705,0.699,0.901,0.747,0.290,0.005,0.000,0.301,748,637,0.000,0.701,0.692,0.908,0.747,0.293,0.006,0.000,0.308,760.000,752.000,0.000,0.717,0.699,0.905,0.758,0.283,0.000,0.000,0.301,,,,,,,,,,,
766,637,630,0.000,0.705,0.699,0.901,0.747,0.290,0.005,0.000,0.301,748,637,0.000,0.701,0.692,0.908,0.747,0.293,0.006,0.000,0.308,760.000,752.000,0.000,0.717,0.699,0.905,0.758,0.283,0.000,0.000,0.301,,,,,,,,,,,
767,637,630,0.000,0.705,0.699,0.901,0.747,0.290,0.005,0.000,0.301,748,637,0.000,0.701,0.692,0.908,0.747,0.293,0.006,0.000,0.308,,,,,,,,,,,,,,,,,,,,,,
768,637,630,0.000,0.705,0.699,0.901,0.747,0.290,0.005,0.000,0.301,748,637,0.000,0.701,0.692,0.908,0.747,0.293,0.006,0.000,0.308,,,,,,,,,,,,,,,,,,,,,,
769,637,630,0.000,0.705,0.699,0.901,0.747,0.290,0.005,0.000,0.301,748,637,0.000,0.701,0.692,0.908,0.747,0.293,0.006,0.000,0.308,,,,,,,,,,,,,,,,,,,,,,
770,637,630,0.000,0.705,0.699,0.901,0.747,0.290,0.005,0.000,0.301,748,637,0.000,0.701,0.692,0.908,0.747,0.293,0.006,0.000,0.308,,,,,,,,,,,,,,,,,,,,,,
771,637,630,0.000,0.705,0.699,0.901,0.747,0.290,0.005,0.000,0.301,748,637,0.000,0.701,0.692,0.908,0.747,0.293,0.006,0.000,0.308,,,,,,,,,,,,,,,,,,,,,,
772,637,630,0.000,0.705,0.699,0.901,0.747,0.290,0.005,0.000,0.301,748,637,0.000,0.701,0.692,0.908,0.747,0.293,0.006,0.000,0.308,,,,,,,,,,,,,,,,,,,,,,
773,637,630,0.000,0.705,0.699,0.901,0.747,0.290,0.005,0.000,0.301,748,637,0.000,0.701,0.692,0.908,0.747,0.293,0.006,0.000,0.308,,,,,,,,,,,,,,,,,,,,,,
774,637,630,0.000,0.705,0.699,0.901,0.747,0.290,0.005,0.000,0.301,748,637,0.000,0.701,0.692,0.908,0.747,0.293,0.006,0.000,0.308,,,,,,,,,,,,,,,,,,,,,,
775,637,630,0.000,0.705,0.699,0.901,0.747,0.290,0.005,0.000,0.301,748,637,0.000,0.701,0.692,0.908,0.747,0.293,0.006,0.000,0.308,,,,,,,,,,,,,,,,,,,,,,
776,637,630,0.000,0.705,0.699,0.901,0.747,0.290,0.005,0.000,0.301,748,637,0.000,0.701,0.692,0.908,0.747,0.293,0.006,0.000,0.308,,,,,,,,,,,,,,,,,,,,,,
777,637,630,0.000,0.705,0.699,0.901,0.747,0.290,0.005,0.000,0.301,748,637,0.000,0.701,0.692,0.908,0.747,0.293,0.006,0.000,0.308,,,,,,,,,,,,,,,,,,,,,,
778,637,630,0.000,0.705,0.699,0.901,0.747,0.290,0.005,0.000,0.301,748,637,0.000,0.701,0.692,0.908,0.747,0.293,0.006,0.000,0.308,,,,,,,,,,,,,,,,,,,,,,
779,637,630,0.000,0.705,0.699,0.901,0.747,0.290,0.005,0.000,0.301,748,637,0.000,0.701,0.692,0.908,0.747,0.293,0.006,0.000,0.308,,,,,,,,,,,,,,,,,,,,,,
780,637,630,0.000,0.705,0.699,0.901,0.747,0.290,0.005,0.000,0.301,748,637,0.000,0.701,0.692,0.908,0.747,0.293,0.006,0.000,0.308,,,,,,,,,,,,,,,,,,,,,,
781,637,630,0.000,0.705,0.699,0.901,0.747,0.290,0.005,0.000,0.301,748,637,0.000,0.701,0.692,0.908,0.747,0.293,0.006,0.000,0.308,,,,,,,,,,,,,,,,,,,,,,
782,637,630,0.000,0.705,0.699,0.901,0.747,0.290,0.005,0.000,0.301,748,637,0.000,0.701,0.692,0.908,0.747,0.293,0.006,0.000,0.308,783.000,748.000,0.000,0.701,0.676,0.910,0.748,0.295,0.004,0.004,0.321,,,,,,,,,,,
783,637,630,0.000,0.705,0.699,0.901,0.747,0.290,0.005,0.000,0.301,748,637,0.000,0.701,0.692,0.908,0.747,0.293,0.006,0.000,0.308,783.000,748.000,0.000,0.701,0.676,0.910,0.748,0.295,0.004,0.004,0.321,,,,,,,,,,,
784,637,630,0.000,0.705,0.699,0.901,0.747,0.290,0.005,0.000,0.301,748,637,0.000,0.701,0.692,0.908,0.747,0.293,0.006,0.000,0.308,783.000,748.000,0.000,0.701,0.676,0.910,0.748,0.295,0.004,0.004,0.321,,,,,,,,,,,
785,637,630,0.000,0.705,0.699,0.901,0.747,0.290,0.005,0.000,0.301,748,637,0.000,0.701,0.692,0.908,0.747,0.293,0.006,0.000,0.308,783.000,748.000,0.000,0.701,0.676,0.910,0.748,0.295,0.004,0.004,0.321,786.000,748.000,0.000,0.694,0.682,0.902,0.760,0.296,0.010,0.003,0.314
786,637,630,0.000,0.705,0.699,0.901,0.747,0.290,0.005,0.000,0.301,748,637,0.000,0.701,0.692,0.908,0.747,0.293,0.006,0.000,0.308,783.000,748.000,0.000,0.701,0.676,0.910,0.748,0.295,0.004,0.004,0.321,,,,,,,,,,,
787,637,630,0.000,0.705,0.699,0.901,0.747,0.290,0.005,0.000,0.301,748,637,0.000,0.701,0.692,0.908,0.747,0.293,0.006,0.000,0.308,783.000,748.000,0.000,0.701,0.676,0.910,0.748,0.295,0.004,0.004,0.321,,,,,,,,,,,
788,637,630,0.000,0.705,0.699,0.901,0.747,0.290,0.005,0.000,0.301,748,637,0.000,0.701,0.692,0.908,0.747,0.293,0.006,0.000,0.308,783.000,748.000,0.000,0.701,0.676,0.910,0.748,0.295,0.004,0.004,0.321,,,,,,,,,,,
789,637,630,0.000,0.705,0.699,0.901,0.747,0.290,0.005,0.000,0.301,748,637,0.000,0.701,0.692,0.908,0.747,0.293,0.006,0.000,0.308,783.000,748.000,0.000,0.701,0.676,0.910,0.748,0.295,0.004,0.004,0.321,790.000,783.000,0.000,0.711,0.666,0.900,0.758,0.289,0.000,0.007,0.327
790,637,630,0.000,0.705,0.699,0.901,0.747,0.290,0.005,0.000,0.301,748,637,0.000,0.701,0.692,0.908,0.747,0.293,0.006,0.000,0.308,783.000,748.000,0.000,0.701,0.676,0.910,0.748,0.295,0.004,0.004,0.321,,,,,,,,,,,
791,637,630,0.000,0.705,0.699,0.901,0.747,0.290,0.005,0.000,0.301,748,637,0.000,0.701,0.692,0.908,0.747,0.293,0.006,0.000,0.308,783.000,748.000,0.000,0.701,0.676,0.910,0.748,0.295,0.004,0.004,0.321,,,,,,,,,,,
792,637,630,0.000,0.705,0.699,0.901,0.747,0.290,0.005,0.000,0.301,748,637,0.000,0.701,0.692,0.908,0.747,0.293,0.006,0.000,0.308,783.000,748.000,0.000,0.701,0.676,0.910,0.748,0.295,0.004,0.004,0.321,,,,,,,,,,,
793,637,630,0.000,0.705,0.699,0.901,0.747,0.290,0.005,0.000,0.301,748,637,0.000,0.701,0.692,0.908,0.747,0.293,0.006,0.000,0.308,783.000,748.000,0.000,0.701,0.676,0.910,0.748,0.295,0.004,0.004,0.321,,,,,,,,,,,
794,637,630,0.000,0.705,0.699,0.901,0.747,0.290,0.005,0.000,0.301,748,637,0.000,0.701,0.692,0.908,0.747,0.293,0.006,0.000,0.308,,,,,,,,,,,,,,,,,,,,,,
795,637,630,0.000,0.705,0.699,0.901,0.747,0.290,0.005,0.000,0.301,748,637,0.000,0.701,0.692,0.908,0.747,0.293,0.006,0.000,0.308,,,,,,,,,,,,,,,,,,,,,,
796,637,630,0.000,0.705,0.699,0.901,0.747,0.290,0.005,0.000,0.301,748,637,0.000,0.701,0.692,0.908,0.747,0.293,0.006,0.000,0.308,,,,,,,,,,,,,,,,,,,,,,
797,637,630,0.000,0.705,0.699,0.901,0.747,0.290,0.005,0.000,0.301,748,637,0.000,0.701,0.692,0.908,0.747,0.293,0.006,0.000,0.308,,,,,,,,,,,,,,,,,,,,,,
798,637,630,0.000,0.705,0.699,0.901,0.747,0.290,0.005,0.000,0.301,748,637,0.000,0.701,0.692,0.908,0.747,0.293,0.006,0.000,0.308,,,,,,,,,,,,,,,,,,,,,,
799,637,630,0.000,0.705,0.699,0.901,0.747,0.290,0.005,0.000,0.301,748,637,0.000,0.701,0.692,0.908,0.747,0.293,0.006,0.000,0.308,800.000,748.000,0.000,0.697,0.715,0.896,0.755,0.301,0.002,0.000,0.285,,,,,,,,,,,
800,637,630,0.000,0.705,0.699,0.901,0.747,0.290,0.005,0.000,0.301,748,637,0.000,0.701,0.692,0.908,0.747,0.293,0.006,0.000,0.308,,,,,,,,,,,,,,,,,,,,,,
801,637,630,0.000,0.705,0.699,0.901,0.747,0.290,0.005,0.000,0.301,748,637,0.000,0.701,0.692,0.908,0.747,0.293,0.006,0.000,0.308,,,,,,,,,,,,,,,,,,,,,,
802,637,630,0.000,0.705,0.699,0.901,0.747,0.290,0.005,0.000,0.301,748,637,0.000,0.701,0.692,0.908,0.747,0.293,0.006,0.000,0.308,,,,,,,,,,,,,,,,,,,,,,
803,637,630,0.000,0.705,0.699,0.901,0.747,0.290,0.005,0.000,0.301,748,637,0.000,0.701,0.692,0.908,0.747,0.293,0.006,0.000,0.308,,,,,,,,,,,,,,,,,,,,,,
804,637,630,0.000,0.705,0.699,0.901,0.747,0.290,0.005,0.000,0.301,748,637,0.000,0.701,0.692,0.908,0.747,0.293,0.006,0.000,0.308,,,,,,,,,,,,,,,,,,,,,,
805,637,630,0.000,0.705,0.699,0.901,0.747,0.290,0.005,0.000,0.301,748,637,0.000,0.701,0.692,0.908,0.747,0.293,0.006,0.000,0.308,806.000,637.000,0.006,0.713,0.686,0.909,0.762,0.284,0.003,0.014,0.300,,,,,,,,,,,
806,637,630,0.000,0.705,0.699,0.901,0.747,0.290,0.005,0.000,0.301,748,637,0.000,0.701,0.692,0.908,0.747,0.293,0.006,0.000,0.308,806.000,637.000,0.006,0.713,0.686,0.909,0.762,0.284,0.003,0.014,0.300,807.000,748.000,0.009,0.700,0.682,0.911,0.721,0.285,0.015,0.004,0.314
807,637,630,0.000,0.705,0.699,0.901,0.747,0.290,0.005,0.000,0.301,748,637,0.000,0.701,0.692,0.908,0.747,0.293,0.006,0.000,0.308,808.000,637.000,0.000,0.717,0.683,0.904,0.748,0.281,0.002,0.009,0.308,,,,,,,,,,,
808,637,630,0.000,0.705,0.699,0.901,0.747,0.290,0.005,0.000,0.301,748,637,0.000,0.701,0.692,0.908,0.747,0.293,0.006,0.000,0.308,808.000,637.000,0.000,0.717,0.683,0.904,0.748,0.281,0.002,0.009,0.308,809.000,637.000,0.002,0.710,0.711,0.909,0.752,0.274,0.015,0.000,0.289
809,637,630,0.000,0.705,0.699,0.901,0.747,0.290,0.005,0.000,0.301,748,637,0.000,0.701,0.692,0.908,0.747,0.293,0.006,0.000,0.308,810.000,748.000,0.000,0.694,0.693,0.903,0.764,0.299,0.007,0.000,0.307,,,,,,,,,,,
810,637,630,0.000,0.705,0.699,0.901,0.747,0.290,0.005,0.000,0.301,748,637,0.000,0.701,0.692,0.908,0.747,0.293,0.006,0.000,0.308,810.000,748.000,0.000,0.694,0.693,0.903,0.764,0.299,0.007,0.000,0.307,,,,,,,,,,,
811,637,630,0.000,0.705,0.699,0.901,0.747,0.290,0.005,0.000,0.301,748,637,0.000,0.701,0.692,0.908,0.747,0.293,0.006,0.000,0.308,810.000,748.000,0.000,0.694,0.693,0.903,0.764,0.299,0.007,0.000,0.307,,,,,,,,,,,
812,637,630,0.000,0.705,0.699,0.901,0.747,0.290,0.005,0.000,0.301,748,637,0.000,0.701,0.692,0.908,0.747,0.293,0.006,0.000,0.308,810.000,748.000,0.000,0.694,0.693,0.903,0.764,0.299,0.007,0.000,0.307,,,,,,,,,,,
813,748,637,0.000,0.701,0.692,0.908,0.747,0.293,0.006,0.000,0.308,810,748,0.000,0.694,0.693,0.903,0.764,0.299,0.007,0.000,0.307,814.000,637.000,0.000,0.690,0.686,0.899,0.740,0.299,0.012,0.003,0.311,,,,,,,,,,,
814,748,637,0.000,0.701,0.692,0.908,0.747,0.293,0.006,0.000,0.308,810,748,0.000,0.694,0.693,0.903,0.764,0.299,0.007,0.000,0.307,814.000,637.000,0.000,0.690,0.686,0.899,0.740,0.299,0.012,0.003,0.311,,,,,,,,,,,
815,748,637,0.000,0.701,0.692,0.908,0.747,0.293,0.006,0.000,0.308,810,748,0.000,0.694,0.693,0.903,0.764,0.299,0.007,0.000,0.307,814.000,637.000,0.000,0.690,0.686,0.899,0.740,0.299,0.012,0.003,0.311,816.000,810.000,0.000,0.675,0.701,0.907,0.762,0.309,0.015,0.000,0.299
816,748,637,0.000,0.701,0.692,0.908,0.747,0.293,0.006,0.000,0.308,810,748,0.000,0.694,0.693,0.903,0.764,0.299,0.007,0.000,0.307,814.000,637.000,0.000,0.690,0.686,0.899,0.740,0.299,0.012,0.003,0.311,816.000,810.000,0.000,0.675,0.701,0.907,0.762,0.309,0.015,0.000,0.299
817,748,637,0.000,0.701,0.692,0.908,0.747,0.293,0.006,0.000,0.308,810,748,0.000,0.694,0.693,0.903,0.764,0.299,0.007,0.000,0.307,814.000,637.000,0.000,0.690,0.686,0.899,0.740,0.299,0.012,0.003,0.311,816.000,810.000,0.000,0.675,0.701,0.907,0.762,0.309,0.015,0.000,0.299
818,748,637,0.000,0.701,0.692,0.908,0.747,0.293,0.006,0.000,0.308,810,748,0.000,0.694,0.693,0.903,0.764,0.299,0.007,0.000,0.307,814.000,637.000,0.000,0.690,0.686,0.899,0.740,0.299,0.012,0.003,0.311,816.000,810.000,0.000,0.675,0.701,0.907,0.762,0.309,0.015,0.000,0.299
819,748,637,0.000,0.701,0.692,0.908,0.747,0.293,0.006,0.000,0.308,810,748,0.000,0.694,0.693,0.903,0.764,0.299,0.007,0.000,0.307,814.000,637.000,0.000,0.690,0.686,0.899,0.740,0.299,0.012,0.003,0.311,816.000,810.000,0.000,0.675,0.701,0.907,0.762,0.309,0.015,0.000,0.299
820,748,637,0.000,0.701,0.692,0.908,0.747,0.293,0.006,0.000,0.308,810,748,0.000,0.694,0.693,0.903,0.764,0.299,0.007,0.000,0.307,814.000,637.000,0.000,0.690,0.686,0.899,0.740,0.299,0.012,0.003,0.311,816.000,810.000,0.000,0.675,0.701,0.907,0.762,0.309,0.015,0.000,0.299
821,748,637,0.000,0.701,0.692,0.908,0.747,0.293,0.006,0.000,0.308,810,748,0.000,0.694,0.693,0.903,0.764,0.299,0.007,0.000,0.307,814.000,637.000,0.000,0.690,0.686,0.899,0.740,0.299,0.012,0.003,0.311,816.000,810.000,0.000,0.675,0.701,0.907,0.762,0.309,0.015,0.000,0.299
822,748,637,0.000,0.701,0.692,0.908,0.747,0.293,0.006,0.000,0.308,810,748,0.000,0.694,0.693,0.903,0.764,0.299,0.007,0.000,0.307,814.000,637.000,0.000,0.690,0.686,0.899,0.740,0.299,0.012,0.003,0.311,816.000,810.000,0.000,0.675,0.701,0.907,0.762,0.309,0.015,0.000,0.299
823,748,637,0.000,0.701,0.692,0.908,0.747,0.293,0.006,0.000,0.308,810,748,0.000,0.694,0.693,0.903,0.764,0.299,0.007,0.000,0.307,814.000,637.000,0.000,0.690,0.686,0.899,0.740,0.299,0.012,0.003,0.311,816.000,810.000,0.000,0.675,0.701,0.907,0.762,0.309,0.015,0.000,0.299
824,748,637,0.000,0.701,0.692,0.908,0.747,0.293,0.006,0.000,0.308,810,748,0.000,0.694,0.693,0.903,0.764,0.299,0.007,0.000,0.307,814.000,637.000,0.000,0.690,0.686,0.899,0.740,0.299,0.012,0.003,0.311,816.000,810.000,0.000,0.675,0.701,0.907,0.762,0.309,0.015,0.000,0.299
825,748,637,0.000,0.701,0.692,0.908,0.747,0.293,0.006,0.000,0.308,810,748,0.000,0.694,0.693,0.903,0.764,0.299,0.007,0.000,0.307,814.000,637.000,0.000,0.690,0.686,0.899,0.740,0.299,0.012,0.003,0.311,816.000,810.000,0.000,0.675,0.701,0.907,0.762,0.309,0.015,0.000,0.299
826,748,637,0.000,0.701,0.692,0.908,0.747,0.293,0.006,0.000,0.308,810,748,0.000,0.694,0.693,0.903,0.764,0.299,0.007,0.000,0.307,814.000,637.000,0.000,0.690,0.686,0.899,0.740,0.299,0.012,0.003,0.311,816.000,810.000,0.000,0.675,0.701,0.907,0.762,0.309,0.015,0.000,0.299
827,748,637,0.000,0.701,0.692,0.908,0.747,0.293,0.006,0.000,0.308,810,748,0.000,0.694,0.693,0.903,0.764,0.299,0.007,0.000,0.307,814.000,637.000,0.000,0.690,0.686,0.899,0.740,0.299,0.012,0.003,0.311,816.000,810.000,0.000,0.675,0.701,0.907,0.762,0.309,0.015,0.000,0.299
828,748,637,0.000,0.701,0.692,0.908,0.747,0.293,0.006,0.000,0.308,810,748,0.000,0.694,0.693,0.903,0.764,0.299,0.007,0.000,0.307,814.000,637.000,0.000,0.690,0.686,0.899,0.740,0.299,0.012,0.003,0.311,816.000,810.000,0.000,0.675,0.701,0.907,0.762,0.309,0.015,0.000,0.299
829,748,637,0.000,0.701,0.692,0.908,0.747,0.293,0.006,0.000,0.308,810,748,0.000,0.694,0.693,0.903,0.764,0.299,0.007,0.000,0.307,816.000,810.000,0.000,0.675,0.701,0.907,0.762,0.309,0.015,0.000,0.299,822.000,814.000,0.000,0.700,0.693,0.910,0.737,0.297,0.004,0.000,0.307
830,748,637,0.000,0.701,0.692,0.908,0.747,0.293,0.006,0.000,0.308,810,748,0.000,0.694,0.693,0.903,0.764,0.299,0.007,0.000,0.307,816.000,810.000,0.000,0.675,0.701,0.907,0.762,0.309,0.015,0.000,0.299,822.000,814.000,0.000,0.700,0.693,0.910,0.737,0.297,0.004,0.000,0.307
831,748,637,0.000,0.701,0.692,0.908,0.747,0.293,0.006,0.000,0.308,810,748,0.000,0.694,0.693,0.903,0.764,0.299,0.007,0.000,0.307,816.000,810.000,0.000,0.675,0.701,0.907,0.762,0.309,0.015,0.000,0.299,822.000,814.000,0.000,0.700,0.693,0.910,0.737,0.297,0.004,0.000,0.307
832,748,637,0.000,0.701,0.692,0.908,0.747,0.293,0.006,0.000,0.308,810,748,0.000,0.694,0.693,0.903,0.764,0.299,0.007,0.000,0.307,816.000,810.000,0.000,0.675,0.701,0.907,0.762,0.309,0.015,0.000,0.299,822.000,814.000,0.000,0.700,0.693,0.910,0.737,0.297,0.004,0.000,0.307
833,748,637,0.000,0.701,0.692,0.908,0.747,0.293,0.006,0.000,0.308,810,748,0.000,0.694,0.693,0.903,0.764,0.299,0.007,0.000,0.307,816.000,810.000,0.000,0.675,0.701,0.907,0.762,0.309,0.015,0.000,0.299,822.000,814.000,0.000,0.700,0.693,0.910,0.737,0.297,0.004,0.000,0.307
834,748,637,0.000,0.701,0.692,0.908,0.747,0.293,0.006,0.000,0.308,810,748,0.000,0.694,0.693,0.903,0.764,0.299,0.007,0.000,0.307,816.000,810.000,0.000,0.675,0.701,0.907,0.762,0.309,0.015,0.000,0.299,822.000,814.000,0.000,0.700,0.693,0.910,0.737,0.297,0.004,0.000,0.307
835,748,637,0.000,0.701,0.692,0.908,0.747,0.293,0.006,0.000,0.308,810,748,0.000,0.694,0.693,0.903,0.764,0.299,0.007,0.000,0.307,816.000,810.000,0.000,0.675,0.701,0.907,0.762,0.309,0.015,0.000,0.299,822.000,814.000,0.000,0.700,0.693,0.910,0.737,0.297,0.004,0.000,0.307
836,748,637,0.000,0.701,0.692,0.908,0.747,0.293,0.006,0.000,0.308,810,748,0.000,0.694,0.693,0.903,0.764,0.299,0.007,0.000,0.307,816.000,810.000,0.000,0.675,0.701,0.907,0.762,0.309,0.015,0.000,0.299,822.000,814.000,0.000,0.700,0.693,0.910,0.737,0.297,0.004,0.000,0.307
837,748,637,0.000,0.701,0.692,0.908,0.747,0.293,0.006,0.000,0.308,810,748,0.000,0.694,0.693,0.903,0.764,0.299,0.007,0.000,0.307,816.000,810.000,0.000,0.675,0.701,0.907,0.762,0.309,0.015,0.000,0.299,822.000,814.000,0.000,0.700,0.693,0.910,0.737,0.297,0.004,0.000,0.307
838,748,637,0.000,0.701,0.692,0.908,0.747,0.293,0.006,0.000,0.308,810,748,0.000,0.694,0.693,0.903,0.764,0.299,0.007,0.000,0.307,816.000,810.000,0.000,0.675,0.701,0.907,0.762,0.309,0.015,0.000,0.299,822.000,814.000,0.000,0.700,0.693,0.910,0.737,0.297,0.004,0.000,0.307
839,748,637,0.000,0.701,0.692,0.908,0.747,0.293,0.006,0.000,0.308,810,748,0.000,0.694,0.693,0.903,0.764,0.299,0.007,0.000,0.307,816.000,810.000,0.000,0.675,0.701,0.907,0.762,0.309,0.015,0.000,0.299,822.000,814.000,0.000,0.700,0.693,0.910,0.737,0.297,0.004,0.000,0.307
840,748,637,0.000,0.701,0.692,0.908,0.747,0.293,0.006,0.000,0.308,810,748,0.000,0.694,0.693,0.903,0.764,0.299,0.007,0.000,0.307,816.000,810.000,0.000,0.675,0.701,0.907,0.762,0.309,0.015,0.000,0.299,822.000,814.000,0.000,0.700,0.693,0.910,0.737,0.297,0.004,0.000,0.307
841,748,637,0.000,0.701,0.692,0.908,0.747,0.293,0.006,0.000,0.308,810,748,0.000,0.694,0.693,0.903,0.764,0.299,0.007,0.000,0.307,816.000,810.000,0.000,0.675,0.701,0.907,0.762,0.309,0.015,0.000,0.299,822.000,814.000,0.000,0.700,0.693,0.910,0.737,0.297,0.004,0.000,0.307
842,748,637,0.000,0.701,0.692,0.908,0.747,0.293,0.006,0.000,0.308,810,748,0.000,0.694,0.693,0.903,0.764,0.299,0.007,0.000,0.307,816.000,810.000,0.000,0.675,0.701,0.907,0.762,0.309,0.015,0.000,0.299,822.000,814.000,0.000,0.700,0.693,0.910,0.737,0.297,0.004,0.000,0.307
843,748,637,0.000,0.701,0.692,0.908,0.747,0.293,0.006,0.000,0.308,810,748,0.000,0.694,0.693,0.903,0.764,0.299,0.007,0.000,0.307,816.000,810.000,0.000,0.675,0.701,0.907,0.762,0.309,0.015,0.000,0.299,822.000,814.000,0.000,0.700,0.693,0.910,0.737,0.297,0.004,0.000,0.307
844,748,637,0.000,0.701,0.692,0.908,0.747,0.293,0.006,0.000,0.308,810,748,0.000,0.694,0.693,0.903,0.764,0.299,0.007,0.000,0.307,816.000,810.000,0.000,0.675,0.701,0.907,0.762,0.309,0.015,0.000,0.299,822.000,814.000,0.000,0.700,0.693,0.910,0.737,0.297,0.004,0.000,0.307
845,748,637,0.000,0.701,0.692,0.908,0.747,0.293,0.006,0.000,0.308,810,748,0.000,0.694,0.693,0.903,0.764,0.299,0.007,0.000,0.307,816.000,810.000,0.000,0.675,0.701,0.907,0.762,0.309,0.015,0.000,0.299,822.000,814.000,0.000,0.700,0.693,0.910,0.737,0.297,0.004,0.000,0.307
846,748,637,0.000,0.701,0.692,0.908,0.747,0.293,0.006,0.000,0.308,810,748,0.000,0.694,0.693,0.903,0.764,0.299,0.007,0.000,0.307,816.000,810.000,0.000,0.675,0.701,0.907,0.762,0.309,0.015,0.000,0.299,822.000,814.000,0.000,0.700,0.693,0.910,0.737,0.297,0.004,0.000,0.307
847,748,637,0.000,0.701,0.692,0.908,0.747,0.293,0.006,0.000,0.308,810,748,0.000,0.694,0.693,0.903,0.764,0.299,0.007,0.000,0.307,816.000,810.000,0.000,0.675,0.701,0.907,0.762,0.309,0.015,0.000,0.299,822.000,814.000,0.000,0.700,0.693,0.910,0.737,0.297,0.004,0.000,0.307
848,748,637,0.000,0.701,0.692,0.908,0.747,0.293,0.006,0.000,0.308,810,748,0.000,0.694,0.693,0.903,0.764,0.299,0.007,0.000,0.307,816.000,810.000,0.000,0.675,0.701,0.907,0.762,0.309,0.015,0.000,0.299,822.000,814.000,0.000,0.700,0.693,0.910,0.737,0.297,0.004,0.000,0.307
849,748,637,0.000,0.701,0.692,0.908,0.747,0.293,0.006,0.000,0.308,810,748,0.000,0.694,0.693,0.903,0.764,0.299,0.007,0.000,0.307,816.000,810.000,0.000,0.675,0.701,0.907,0.762,0.309,0.015,0.000,0.299,822.000,814.000,0.000,0.700,0.693,0.910,0.737,0.297,0.004,0.000,0.307
850,748,637,0.000,0.701,0.692,0.908,0.747,0.293,0.006,0.000,0.308,810,748,0.000,0.694,0.693,0.903,0.764,0.299,0.007,0.000,0.307,816.000,810.000,0.000,0.675,0.701,0.907,0.762,0.309,0.015,0.000,0.299,822.000,814.000,0.000,0.700,0.693,0.910,0.737,0.297,0.004,0.000,0.307
851,748,637,0.000,0.701,0.692,0.908,0.747,0.293,0.006,0.000,0.308,810,748,0.000,0.694,0.693,0.903,0.764,0.299,0.007,0.000,0.307,816.000,810.000,0.000,0.675,0.701,0.907,0.762,0.309,0.015,0.000,0.299,822.000,814.000,0.000,0.700,0.693,0.910,0.737,0.297,0.004,0.000,0.307
852,748,637,0.000,0.701,0.692,0.908,0.747,0.293,0.006,0.000,0.308,810,748,0.000,0.694,0.693,0.903,0.764,0.299,0.007,0.000,0.307,816.000,810.000,0.000,0.675,0.701,0.907,0.762,0.309,0.015,0.000,0.299,822.000,814.000,0.000,0.700,0.693,0.910,0.737,0.297,0.004,0.000,0.307
853,748,637,0.000,0.701,0.692,0.908,0.747,0.293,0.006,0.000,0.308,810,748,0.000,0.694,0.693,0.903,0.764,0.299,0.007,0.000,0.307,816.000,810.000,0.000,0.675,0.701,0.907,0.762,0.309,0.015,0.000,0.299,822.000,814.000,0.000,0.700,0.693,0.910,0.737,0.297,0.004,0.000,0.307
854,748,637,0.000,0.701,0.692,0.908,0.747,0.293,0.006,0.000,0.308,810,748,0.000,0.694,0.693,0.903,0.764,0.299,0.007,0.000,0.307,816.000,810.000,0.000,0.675,0.701,0.907,0.762,0.309,0.015,0.000,0.299,822.000,814.000,0.000,0.700,0.693,0.910,0.737,0.297,0.004,0.000,0.307
855,748,637,0.000,0.701,0.692,0.908,0.747,0.293,0.006,0.000,0.308,810,748,0.000,0.694,0.693,0.903,0.764,0.299,0.007,0.000,0.307,816.000,810.000,0.000,0.675,0.701,0.907,0.762,0.309,0.015,0.000,0.299,822.000,814.000,0.000,0.700,0.693,0.910,0.737,0.297,0.004,0.000,0.307
856,748,637,0.000,0.701,0.692,0.908,0.747,0.293,0.006,0.000,0.308,810,748,0.000,0.694,0.693,0.903,0.764,0.299,0.007,0.000,0.307,816.000,810.000,0.000,0.675,0.701,0.907,0.762,0.309,0.015,0.000,0.299,822.000,814.000,0.000,0.700,0.693,0.910,0.737,0.297,0.004,0.000,0.307
857,748,637,0.000,0.701,0.692,0.908,0.747,0.293,0.006,0.000,0.308,810,748,0.000,0.694,0.693,0.903,0.764,0.299,0.007,0.000,0.307,816.000,810.000,0.000,0.675,0.701,0.907,0.762,0.309,0.015,0.000,0.299,822.000,814.000,0.000,0.700,0.693,0.910,0.737,0.297,0.004,0.000,0.307
858,748,637,0.000,0.701,0.692,0.908,0.747,0.293,0.006,0.000,0.308,810,748,0.000,0.694,0.693,0.903,0.764,0.299,0.007,0.000,0.307,816.000,810.000,0.000,0.675,0.701,0.907,0.762,0.309,0.015,0.000,0.299,822.000,814.000,0.000,0.700,0.693,0.910,0.737,0.297,0.004,0.000,0.307
859,748,637,0.000,0.701,0.692,0.908,0.747,0.293,0.006,0.000,0.308,810,748,0.000,0.694,0.693,0.903,0.764,0.299,0.007,0.000,0.307,816.000,810.000,0.000,0.675,0.701,0.907,0.762,0.309,0.015,0.000,0.299,822.000,814.000,0.000,0.700,0.693,0.910,0.737,0.297,0.004,0.000,0.307
860,748,637,0.000,0.701,0.692,0.908,0.747,0.293,0.006,0.000,0.308,810,748,0.000,0.694,0.693,0.903,0.764,0.299,0.007,0.000,0.307,816.000,810.000,0.000,0.675,0.701,0.907,0.762,0.309,0.015,0.000,0.299,822.000,814.000,0.000,0.700,0.693,0.910,0.737,0.297,0.004,0.000,0.307
861,748,637,0.000,0.701,0.692,0.908,0.747,0.293,0.006,0.000,0.308,810,748,0.000,0.694,0.693,0.903,0.764,0.299,0.007,0.000,0.307,816.000,810.000,0.000,0.675,0.701,0.907,0.762,0.309,0.015,0.000,0.299,822.000,814.000,0.000,0.700,0.693,0.910,0.737,0.297,0.004,0.000,0.307
862,748,637,0.000,0.701,0.692,0.908,0.747,0.293,0.006,0.000,0.308,810,748,0.000,0.694,0.693,0.903,0.764,0.299,0.007,0.000,0.307,816.000,810.000,0.000,0.675,0.701,0.907,0.762,0.309,0.015,0.000,0.299,822.000,814.000,0.000,0.700,0.693,0.910,0.737,0.297,0.004,0.000,0.307
863,748,637,0.000,0.701,0.692,0.908,0.747,0.293,0.006,0.000,0.308,810,748,0.000,0.694,0.693,0.903,0.764,0.299,0.007,0.000,0.307,816.000,810.000,0.000,0.675,0.701,0.907,0.762,0.309,0.015,0.000,0.299,822.000,814.000,0.000,0.700,0.693,0.910,0.737,0.297,0.004,0.000,0.307
864,748,637,0.000,0.701,0.692,0.908,0.747,0.293,0.006,0.000,0.308,810,748,0.000,0.694,0.693,0.903,0.764,0.299,0.007,0.000,0.307,816.000,810.000,0.000,0.675,0.701,0.907,0.762,0.309,0.015,0.000,0.299,822.000,814.000,0.000,0.700,0.693,0.910,0.737,0.297,0.004,0.000,0.307
865,748,637,0.000,0.701,0.692,0.908,0.747,0.293,0.006,0.000,0.308,810,748,0.000,0.694,0.693,0.903,0.764,0.299,0.007,0.000,0.307,822.000,814.000,0.000,0.700,0.693,0.910,0.737,0.297,0.004,0.000,0.307,823.000,816.000,0.000,0.682,0.701,0.901,0.756,0.300,0.018,0.000,0.299
866,748,637,0.000,0.701,0.692,0.908,0.747,0.293,0.006,0.000,0.308,810,748,0.000,0.694,0.693,0.903,0.764,0.299,0.007,0.000,0.307,822.000,814.000,0.000,0.700,0.693,0.910,0.737,0.297,0.004,0.000,0.307,823.000,816.000,0.000,0.682,0.701,0.901,0.756,0.300,0.018,0.000,0.299
867,748,637,0.000,0.701,0.692,0.908,0.747,0.293,0.006,0.000,0.308,810,748,0.000,0.694,0.693,0.903,0.764,0.299,0.007,0.000,0.307,822.000,814.000,0.000,0.700,0.693,0.910,0.737,0.297,0.004,0.000,0.307,823.000,816.000,0.000,0.682,0.701,0.901,0.756,0.300,0.018,0.000,0.299
868,748,637,0.000,0.701,0.692,0.908,0.747,0.293,0.006,0.000,0.308,810,748,0.000,0.694,0.693,0.903,0.764,0.299,0.007,0.000,0.307,822.000,814.000,0.000,0.700,0.693,0.910,0.737,0.297,0.004,0.000,0.307,823.000,816.000,0.000,0.682,0.701,0.901,0.756,0.300,0.018,0.000,0.299
869,748,637,0.000,0.701,0.692,0.908,0.747,0.293,0.006,0.000,0.308,810,748,0.000,0.694,0.693,0.903,0.764,0.299,0.007,0.000,0.307,822.000,814.000,0.000,0.700,0.693,0.910,0.737,0.297,0.004,0.000,0.307,828.000,822.000,0.000,0.700,0.696,0.905,0.736,0.300,0.000,0.000,0.304
870,748,637,0.000,0.701,0.692,0.908,0.747,0.293,0.006,0.000,0.308,810,748,0.000,0.694,0.693,0.903,0.764,0.299,0.007,0.000,0.307,822.000,814.000,0.000,0.700,0.693,0.910,0.737,0.297,0.004,0.000,0.307,828.000,822.000,0.000,0.700,0.696,0.905,0.736,0.300,0.000,0.000,0.304
871,748,637,0.000,0.701,0.692,0.908,0.747,0.293,0.006,0.000,0.308,810,748,0.000,0.694,0.693,0.903,0.764,0.299,0.007,0.000,0.307,822.000,814.000,0.000,0.700,0.693,0.910,0.737,0.297,0.004,0.000,0.307,828.000,822.000,0.000,0.700,0.696,0.905,0.736,0.300,0.000,0.000,0.304
872,748,637,0.000,0.701,0.692,0.908,0.747,0.293,0.006,0.000,0.308,810,748,0.000,0.694,0.693,0.903,0.764,0.299,0.007,0.000,0.307,822.000,814.000,0.000,0.700,0.693,0.910,0.737,0.297,0.004,0.000,0.307,828.000,822.000,0.000,0.700,0.696,0.905,0.736,0.300,0.000,0.000,0.304
873,748,637,0.000,0.701,0.692,0.908,0.747,0.293,0.006,0.000,0.308,810,748,0.000,0.694,0.693,0.903,0.764,0.299,0.007,0.000,0.307,822.000,814.000,0.000,0.700,0.693,0.910,0.737,0.297,0.004,0.000,0.307,828.000,822.000,0.000,0.700,0.696,0.905,0.736,0.300,0.000,0.000,0.304
874,748,637,0.000,0.701,0.692,0.908,0.747,0.293,0.006,0.000,0.308,810,748,0.000,0.694,0.693,0.903,0.764,0.299,0.007,0.000,0.307,822.000,814.000,0.000,0.700,0.693,0.910,0.737,0.297,0.004,0.000,0.307,828.000,822.000,0.000,0.700,0.696,0.905,0.736,0.300,0.000,0.000,0.304
875,748,637,0.000,0.701,0.692,0.908,0.747,0.293,0.006,0.000,0.308,810,748,0.000,0.694,0.693,0.903,0.764,0.299,0.007,0.000,0.307,822.000,814.000,0.000,0.700,0.693,0.910,0.737,0.297,0.004,0.000,0.307,828.000,822.000,0.000,0.700,0.696,0.905,0.736,0.300,0.000,0.000,0.304
876,748,637,0.000,0.701,0.692,0.908,0.747,0.293,0.006,0.000,0.308,810,748,0.000,0.694,0.693,0.903,0.764,0.299,0.007,0.000,0.307,822.000,814.000,0.000,0.700,0.693,0.910,0.737,0.297,0.004,0.000,0.307,828.000,822.000,0.000,0.700,0.696,0.905,0.736,0.300,0.000,0.000,0.304
877,748,637,0.000,0.701,0.692,0.908,0.747,0.293,0.006,0.000,0.308,810,748,0.000,0.694,0.693,0.903,0.764,0.299,0.007,0.000,0.307,822.000,814.000,0.000,0.700,0.693,0.910,0.737,0.297,0.004,0.000,0.307,828.000,822.000,0.000,0.700,0.696,0.905,0.736,0.300,0.000,0.000,0.304
878,748,637,0.000,0.701,0.692,0.908,0.747,0.293,0.006,0.000,0.308,810,748,0.000,0.694,0.693,0.903,0.764,0.299,0.007,0.000,0.307,828.000,822.000,0.000,0.700,0.696,0.905,0.736,0.300,0.000,0.000,0.304,830.000,828.000,0.000,0.688,0.703,0.901,0.737,0.304,0.007,0.000,0.297
879,748,637,0.000,0.701,0.692,0.908,0.747,0.293,0.006,0.000,0.308,810,748,0.000,0.694,0.693,0.903,0.764,0.299,0.007,0.000,0.307,828.000,822.000,0.000,0.700,0.696,0.905,0.736,0.300,0.000,0.000,0.304,830.000,828.000,0.000,0.688,0.703,0.901,0.737,0.304,0.007,0.000,0.297
880,748,637,0.000,0.701,0.692,0.908,0.747,0.293,0.006,0.000,0.308,810,748,0.000,0.694,0.693,0.903,0.764,0.299,0.007,0.000,0.307,828.000,822.000,0.000,0.700,0.696,0.905,0.736,0.300,0.000,0.000,0.304,830.000,828.000,0.000,0.688,0.703,0.901,0.737,0.304,0.007,0.000,0.297
881,748,637,0.000,0.701,0.692,0.908,0.747,0.293,0.006,0.000,0.308,810,748,0.000,0.694,0.693,0.903,0.764,0.299,0.007,0.000,0.307,828.000,822.000,0.000,0.700,0.696,0.905,0.736,0.300,0.000,0.000,0.304,830.000,828.000,0.000,0.688,0.703,0.901,0.737,0.304,0.007,0.000,0.297
882,748,637,0.000,0.701,0.692,0.908,0.747,0.293,0.006,0.000,0.308,810,748,0.000,0.694,0.693,0.903,0.764,0.299,0.007,0.000,0.307,828.000,822.000,0.000,0.700,0.696,0.905,0.736,0.300,0.000,0.000,0.304,830.000,828.000,0.000,0.688,0.703,0.901,0.737,0.304,0.007,0.000,0.297
883,748,637,0.000,0.701,0.692,0.908,0.747,0.293,0.006,0.000,0.308,810,748,0.000,0.694,0.693,0.903,0.764,0.299,0.007,0.000,0.307,828.000,822.000,0.000,0.700,0.696,0.905,0.736,0.300,0.000,0.000,0.304,830.000,828.000,0.000,0.688,0.703,0.901,0.737,0.304,0.007,0.000,0.297
884,748,637,0.000,0.701,0.692,0.908,0.747,0.293,0.006,0.000,0.308,810,748,0.000,0.694,0.693,0.903,0.764,0.299,0.007,0.000,0.307,828.000,822.000,0.000,0.700,0.696,0.905,0.736,0.300,0.000,0.000,0.304,830.000,828.000,0.000,0.688,0.703,0.901,0.737,0.304,0.007,0.000,0.297
885,748,637,0.000,0.701,0.692,0.908,0.747,0.293,0.006,0.000,0.308,810,748,0.000,0.694,0.693,0.903,0.764,0.299,0.007,0.000,0.307,828.000,822.000,0.000,0.700,0.696,0.905,0.736,0.300,0.000,0.000,0.304,830.000,828.000,0.000,0.688,0.703,0.901,0.737,0.304,0.007,0.000,0.297
886,748,637,0.000,0.701,0.692,0.908,0.747,0.293,0.006,0.000,0.308,810,748,0.000,0.694,0.693,0.903,0.764,0.299,0.007,0.000,0.307,828.000,822.000,0.000,0.700,0.696,0.905,0.736,0.300,0.000,0.000,0.304,830.000,828.000,0.000,0.688,0.703,0.901,0.737,0.304,0.007,0.000,0.297
887,748,637,0.000,0.701,0.692,0.908,0.747,0.293,0.006,0.000,0.308,810,748,0.000,0.694,0.693,0.903,0.764,0.299,0.007,0.000,0.307,828.000,822.000,0.000,0.700,0.696,0.905,0.736,0.300,0.000,0.000,0.304,830.000,828.000,0.000,0.688,0.703,0.901,0.737,0.304,0.007,0.000,0.297
888,748,637,0.000,0.701,0.692,0.908,0.747,0.293,0.006,0.000,0.308,810,748,0.000,0.694,0.693,0.903,0.764,0.299,0.007,0.000,0.307,828.000,822.000,0.000,0.700,0.696,0.905,0.736,0.300,0.000,0.000,0.304,830.000,828.000,0.000,0.688,0.703,0.901,0.737,0.304,0.007,0.000,0.297
889,748,637,0.000,0.701,0.692,0.908,0.747,0.293,0.006,0.000,0.308,810,748,0.000,0.694,0.693,0.903,0.764,0.299,0.007,0.000,0.307,828.000,822.000,0.000,0.700,0.696,0.905,0.736,0.300,0.000,0.000,0.304,830.000,828.000,0.000,0.688,0.703,0.901,0.737,0.304,0.007,0.000,0.297
890,748,637,0.000,0.701,0.692,0.908,0.747,0.293,0.006,0.000,0.308,810,748,0.000,0.694,0.693,0.903,0.764,0.299,0.007,0.000,0.307,828.000,822.000,0.000,0.700,0.696,0.905,0.736,0.300,0.000,0.000,0.304,830.000,828.000,0.000,0.688,0.703,0.901,0.737,0.304,0.007,0.000,0.297
891,748,637,0.000,0.701,0.692,0.908,0.747,0.293,0.006,0.000,0.308,810,748,0.000,0.694,0.693,0.903,0.764,0.299,0.007,0.000,0.307,828.000,822.000,0.000,0.700,0.696,0.905,0.736,0.300,0.000,0.000,0.304,830.000,828.000,0.000,0.688,0.703,0.901,0.737,0.304,0.007,0.000,0.297
892,748,637,0.000,0.701,0.692,0.908,0.747,0.293,0.006,0.000,0.308,810,748,0.000,0.694,0.693,0.903,0.764,0.299,0.007,0.000,0.307,828.000,822.000,0.000,0.700,0.696,0.905,0.736,0.300,0.000,0.000,0.304,830.000,828.000,0.000,0.688,0.703,0.901,0.737,0.304,0.007,0.000,0.297
893,748,637,0.000,0.701,0.692,0.908,0.747,0.293,0.006,0.000,0.308,810,748,0.000,0.694,0.693,0.903,0.764,0.299,0.007,0.000,0.307,828.000,822.000,0.000,0.700,0.696,0.905,0.736,0.300,0.000,0.000,0.304,830.000,828.000,0.000,0.688,0.703,0.901,0.737,0.304,0.007,0.000,0.297
894,748,637,0.000,0.701,0.692,0.908,0.747,0.293,0.006,0.000,0.308,810,748,0.000,0.694,0.693,0.903,0.764,0.299,0.007,0.000,0.307,828.000,822.000,0.000,0.700,0.696,0.905,0.736,0.300,0.000,0.000,0.304,830.000,828.000,0.000,0.688,0.703,0.901,0.737,0.304,0.007,0.000,0.297
895,748,637,0.000,0.701,0.692,0.908,0.747,0.293,0.006,0.000,0.308,810,748,0.000,0.694,0.693,0.903,0.764,0.299,0.007,0.000,0.307,828.000,822.000,0.000,0.700,0.696,0.905,0.736,0.300,0.000,0.000,0.304,830.000,828.000,0.000,0.688,0.703,0.901,0.737,0.304,0.007,0.000,0.297
896,748,637,0.000,0.701,0.692,0.908,0.747,0.293,0.006,0.000,0.308,810,748,0.000,0.694,0.693,0.903,0.764,0.299,0.007,0.000,0.307,828.000,822.000,0.000,0.700,0.696,0.905,0.736,0.300,0.000,0.000,0.304,830.000,828.000,0.000,0.688,0.703,0.901,0.737,0.304,0.007,0.000,0.297
897,748,637,0.000,0.701,0.692,0.908,0.747,0.293,0.006,0.000,0.308,810,748,0.000,0.694,0.693,0.903,0.764,0.299,0.007,0.000,0.307,828.000,822.000,0.000,0.700,0.696,0.905,0.736,0.300,0.000,0.000,0.304,830.000,828.000,0.000,0.688,0.703,0.901,0.737,0.304,0.007,0.000,0.297
898,748,637,0.000,0.701,0.692,0.908,0.747,0.293,0.006,0.000,0.308,810,748,0.000,0.694,0.693,0.903,0.764,0.299,0.007,0.000,0.307,828.000,822.000,0.000,0.700,0.696,0.905,0.736,0.300,0.000,0.000,0.304,830.000,828.000,0.000,0.688,0.703,0.901,0.737,0.304,0.007,0.000,0.297
899,748,637,0.000,0.701,0.692,0.908,0.747,0.293,0.006,0.000,0.308,810,748,0.000,0.694,0.693,0.903,0.764,0.299,0.007,0.000,0.307,828.000,822.000,0.000,0.700,0.696,0.905,0.736,0.300,0.000,0.000,0.304,830.000,828.000,0.000,0.688,0.703,0.901,0.737,0.304,0.007,0.000,0.297
900,748,637,0.000,0.701,0.692,0.908,0.747,0.293,0.006,0.000,0.308,810,748,0.000,0.694,0.693,0.903,0.764,0.299,0.007,0.000,0.307,828.000,822.000,0.000,0.700,0.696,0.905,0.736,0.300,0.000,0.000,0.304,830.000,828.000,0.000,0.688,0.703,0.901,0.737,0.304,0.007,0.000,0.297
901,748,637,0.000,0.701,0.692,0.908,0.747,0.293,0.006,0.000,0.308,810,748,0.000,0.694,0.693,0.903,0.764,0.299,0.007,0.000,0.307,828.000,822.000,0.000,0.700,0.696,0.905,0.736,0.300,0.000,0.000,0.304,830.000,828.000,0.000,0.688,0.703,0.901,0.737,0.304,0.007,0.000,0.297
902,748,637,0.000,0.701,0.692,0.908,0.747,0.293,0.006,0.000,0.308,810,748,0.000,0.694,0.693,0.903,0.764,0.299,0.007,0.000,0.307,828.000,822.000,0.000,0.700,0.696,0.905,0.736,0.300,0.000,0.000,0.304,830.000,828.000,0.000,0.688,0.703,0.901,0.737,0.304,0.007,0.000,0.297
903,748,637,0.000,0.701,0.692,0.908,0.747,0.293,0.006,0.000,0.308,810,748,0.000,0.694,0.693,0.903,0.764,0.299,0.007,0.000,0.307,828.000,822.000,0.000,0.700,0.696,0.905,0.736,0.300,0.000,0.000,0.304,830.000,828.000,0.000,0.688,0.703,0.901,0.737,0.304,0.007,0.000,0.297
904,748,637,0.000,0.701,0.692,0.908,0.747,0.293,0.006,0.000,0.308,810,748,0.000,0.694,0.693,0.903,0.764,0.299,0.007,0.000,0.307,828.000,822.000,0.000,0.700,0.696,0.905,0.736,0.300,0.000,0.000,0.304,830.000,828.000,0.000,0.688,0.703,0.901,0.737,0.304,0.007,0.000,0.297
905,748,637,0.000,0.701,0.692,0.908,0.747,0.293,0.006,0.000,0.308,810,748,0.000,0.694,0.693,0.903,0.764,0.299,0.007,0.000,0.307,828.000,822.000,0.000,0.700,0.696,0.905,0.736,0.300,0.000,0.000,0.304,830.000,828.000,0.000,0.688,0.703,0.901,0.737,0.304,0.007,0.000,0.297
906,748,637,0.000,0.701,0.692,0.908,0.747,0.293,0.006,0.000,0.308,810,748,0.000,0.694,0.693,0.903,0.764,0.299,0.007,0.000,0.307,828.000,822.000,0.000,0.700,0.696,0.905,0.736,0.300,0.000,0.000,0.304,830.000,828.000,0.000,0.688,0.703,0.901,0.737,0.304,0.007,0.000,0.297
907,748,637,0.000,0.701,0.692,0.908,0.747,0.293,0.006,0.000,0.308,810,748,0.000,0.694,0.693,0.903,0.764,0.299,0.007,0.000,0.307,828.000,822.000,0.000,0.700,0.696,0.905,0.736,0.300,0.000,0.000,0.304,830.000,828.000,0.000,0.688,0.703,0.901,0.737,0.304,0.007,0.000,0.297
908,748,637,0.000,0.701,0.692,0.908,0.747,0.293,0.006,0.000,0.308,810,748,0.000,0.694,0.693,0.903,0.764,0.299,0.007,0.000,0.307,828.000,822.000,0.000,0.700,0.696,0.905,0.736,0.300,0.000,0.000,0.304,830.000,828.000,0.000,0.688,0.703,0.901,0.737,0.304,0.007,0.000,0.297
909,748,637,0.000,0.701,0.692,0.908,0.747,0.293,0.006,0.000,0.308,810,748,0.000,0.694,0.693,0.903,0.764,0.299,0.007,0.000,0.307,828.000,822.000,0.000,0.700,0.696,0.905,0.736,0.300,0.000,0.000,0.304,830.000,828.000,0.000,0.688,0.703,0.901,0.737,0.304,0.007,0.000,0.297
910,748,637,0.000,0.701,0.692,0.908,0.747,0.293,0.006,0.000,0.308,810,748,0.000,0.694,0.693,0.903,0.764,0.299,0.007,0.000,0.307,828.000,822.000,0.000,0.700,0.696,0.905,0.736,0.300,0.000,0.000,0.304,830.000,828.000,0.000,0.688,0.703,0.901,0.737,0.304,0.007,0.000,0.297
911,748,637,0.000,0.701,0.692,0.908,0.747,0.293,0.006,0.000,0.308,810,748,0.000,0.694,0.693,0.903,0.764,0.299,0.007,0.000,0.307,828.000,822.000,0.000,0.700,0.696,0.905,0.736,0.300,0.000,0.000,0.304,830.000,828.000,0.000,0.688,0.703,0.901,0.737,0.304,0.007,0.000,0.297
912,748,637,0.000,0.701,0.692,0.908,0.747,0.293,0.006,0.000,0.308,810,748,0.000,0.694,0.693,0.903,0.764,0.299,0.007,0.000,0.307,828.000,822.000,0.000,0.700,0.696,0.905,0.736,0.300,0.000,0.000,0.304,830.000,828.000,0.000,0.688,0.703,0.901,0.737,0.304,0.007,0.000,0.297
913,748,637,0.000,0.701,0.692,0.908,0.747,0.293,0.006,0.000,0.308,810,748,0.000,0.694,0.693,0.903,0.764,0.299,0.007,0.000,0.307,828.000,822.000,0.000,0.700,0.696,0.905,0.736,0.300,0.000,0.000,0.304,830.000,828.000,0.000,0.688,0.703,0.901,0.737,0.304,0.007,0.000,0.297
914,748,637,0.000,0.701,0.692,0.908,0.747,0.293,0.006,0.000,0.308,810,748,0.000,0.694,0.693,0.903,0.764,0.299,0.007,0.000,0.307,828.000,822.000,0.000,0.700,0.696,0.905,0.736,0.300,0.000,0.000,0.304,830.000,828.000,0.000,0.688,0.703,0.901,0.737,0.304,0.007,0.000,0.297
915,748,637,0.000,0.701,0.692,0.908,0.747,0.293,0.006,0.000,0.308,810,748,0.000,0.694,0.693,0.903,0.764,0.299,0.007,0.000,0.307,828.000,822.000,0.000,0.700,0.696,0.905,0.736,0.300,0.000,0.000,0.304,830.000,828.000,0.000,0.688,0.703,0.901,0.737,0.304,0.007,0.000,0.297
916,748,637,0.000,0.701,0.692,0.908,0.747,0.293,0.006,0.000,0.308,810,748,0.000,0.694,0.693,0.903,0.764,0.299,0.007,0.000,0.307,828.000,822.000,0.000,0.700,0.696,0.905,0.736,0.300,0.000,0.000,0.304,830.000,828.000,0.000,0.688,0.703,0.901,0.737,0.304,0.007,0.000,0.297
917,748,637,0.000,0.701,0.692,0.908,0.747,0.293,0.006,0.000,0.308,810,748,0.000,0.694,0.693,0.903,0.764,0.299,0.007,0.000,0.307,828.000,822.000,0.000,0.700,0.696,0.905,0.736,0.300,0.000,0.000,0.304,830.000,828.000,0.000,0.688,0.703,0.901,0.737,0.304,0.007,0.000,0.297
918,748,637,0.000,0.701,0.692,0.908,0.747,0.293,0.006,0.000,0.308,810,748,0.000,0.694,0.693,0.903,0.764,0.299,0.007,0.000,0.307,828.000,822.000,0.000,0.700,0.696,0.905,0.736,0.300,0.000,0.000,0.304,830.000,828.000,0.000,0.688,0.703,0.901,0.737,0.304,0.007,0.000,0.297
919,748,637,0.000,0.701,0.692,0.908,0.747,0.293,0.006,0.000,0.308,810,748,0.000,0.694,0.693,0.903,0.764,0.299,0.007,0.000,0.307,828.000,822.000,0.000,0.700,0.696,0.905,0.736,0.300,0.000,0.000,0.304,830.000,828.000,0.000,0.688,0.703,0.901,0.737,0.304,0.007,0.000,0.297
920,748,637,0.000,0.701,0.692,0.908,0.747,0.293,0.006,0.000,0.308,810,748,0.000,0.694,0.693,0.903,0.764,0.299,0.007,0.000,0.307,828.000,822.000,0.000,0.700,0.696,0.905,0.736,0.300,0.000,0.000,0.304,830.000,828.000,0.000,0.688,0.703,0.901,0.737,0.304,0.007,0.000,0.297
921,748,637,0.000,0.701,0.692,0.908,0.747,0.293,0.006,0.000,0.308,810,748,0.000,0.694,0.693,0.903,0.764,0.299,0.007,0.000,0.307,828.000,822.000,0.000,0.700,0.696,0.905,0.736,0.300,0.000,0.000,0.304,830.000,828.000,0.000,0.688,0.703,0.901,0.737,0.304,0.007,0.000,0.297
922,748,637,0.000,0.701,0.692,0.908,0.747,0.293,0.006,0.000,0.308,810,748,0.000,0.694,0.693,0.903,0.764,0.299,0.007,0.000,0.307,828.000,822.000,0.000,0.700,0.696,0.905,0.736,0.300,0.000,0.000,0.304,830.000,828.000,0.000,0.688,0.703,0.901,0.737,0.304,0.007,0.000,0.297
923,748,637,0.000,0.701,0.692,0.908,0.747,0.293,0.006,0.000,0.308,810,748,0.000,0.694,0.693,0.903,0.764,0.299,0.007,0.000,0.307,828.000,822.000,0.000,0.700,0.696,0.905,0.736,0.300,0.000,0.000,0.304,830.000,828.000,0.000,0.688,0.703,0.901,0.737,0.304,0.007,0.000,0.297
924,748,637,0.000,0.701,0.692,0.908,0.747,0.293,0.006,0.000,0.308,810,748,0.000,0.694,0.693,0.903,0.764,0.299,0.007,0.000,0.307,828.000,822.000,0.000,0.700,0.696,0.905,0.736,0.300,0.000,0.000,0.304,830.000,828.000,0.000,0.688,0.703,0.901,0.737,0.304,0.007,0.000,0.297
925,748,637,0.000,0.701,0.692,0.908,0.747,0.293,0.006,0.000,0.308,810,748,0.000,0.694,0.693,0.903,0.764,0.299,0.007,0.000,0.307,828.000,822.000,0.000,0.700,0.696,0.905,0.736,0.300,0.000,0.000,0.304,830.000,828.000,0.000,0.688,0.703,0.901,0.737,0.304,0.007,0.000,0.297
926,748,637,0.000,0.701,0.692,0.908,0.747,0.293,0.006,0.000,0.308,810,748,0.000,0.694,0.693,0.903,0.764,0.299,0.007,0.000,0.307,828.000,822.000,0.000,0.700,0.696,0.905,0.736,0.300,0.000,0.000,0.304,830.000,828.000,0.000,0.688,0.703,0.901,0.737,0.304,0.007,0.000,0.297
927,748,637,0.000,0.701,0.692,0.908,0.747,0.293,0.006,0.000,0.308,810,748,0.000,0.694,0.693,0.903,0.764,0.299,0.007,0.000,0.307,828.000,822.000,0.000,0.700,0.696,0.905,0.736,0.300,0.000,0.000,0.304,830.000,828.000,0.000,0.688,0.703,0.901,0.737,0.304,0.007,0.000,0.297
928,748,637,0.000,0.701,0.692,0.908,0.747,0.293,0.006,0.000,0.308,810,748,0.000,0.694,0.693,0.903,0.764,0.299,0.007,0.000,0.307,828.000,822.000,0.000,0.700,0.696,0.905,0.736,0.300,0.000,0.000,0.304,830.000,828.000,0.000,0.688,0.703,0.901,0.737,0.304,0.007,0.000,0.297
929,748,637,0.000,0.701,0.692,0.908,0.747,0.293,0.006,0.000,0.308,810,748,0.000,0.694,0.693,0.903,0.764,0.299,0.007,0.000,0.307,828.000,822.000,0.000,0.700,0.696,0.905,0.736,0.300,0.000,0.000,0.304,830.000,828.000,0.000,0.688,0.703,0.901,0.737,0.304,0.007,0.000,0.297
930,748,637,0.000,0.701,0.692,0.908,0.747,0.293,0.006,0.000,0.308,810,748,0.000,0.694,0.693,0.903,0.764,0.299,0.007,0.000,0.307,828.000,822.000,0.000,0.700,0.696,0.905,0.736,0.300,0.000,0.000,0.304,830.000,828.000,0.000,0.688,0.703,0.901,0.737,0.304,0.007,0.000,0.297
931,748,637,0.000,0.701,0.692,0.908,0.747,0.293,0.006,0.000,0.308,810,748,0.000,0.694,0.693,0.903,0.764,0.299,0.007,0.000,0.307,828.000,822.000,0.000,0.700,0.696,0.905,0.736,0.300,0.000,0.000,0.304,830.000,828.000,0.000,0.688,0.703,0.901,0.737,0.304,0.007,0.000,0.297
932,748,637,0.000,0.701,0.692,0.908,0.747,0.293,0.006,0.000,0.308,810,748,0.000,0.694,0.693,0.903,0.764,0.299,0.007,0.000,0.307,828.000,822.000,0.000,0.700,0.696,0.905,0.736,0.300,0.000,0.000,0.304,930.000,748.000,0.000,0.693,0.686,0.913,0.754,0.296,0.011,0.006,0.309
933,748,637,0.000,0.701,0.692,0.908,0.747,0.293,0.006,0.000,0.308,810,748,0.000,0.694,0.693,0.903,0.764,0.299,0.007,0.000,0.307,828.000,822.000,0.000,0.700,0.696,0.905,0.736,0.300,0.000,0.000,0.304,930.000,748.000,0.000,0.693,0.686,0.913,0.754,0.296,0.011,0.006,0.309
934,748,637,0.000,0.701,0.692,0.908,0.747,0.293,0.006,0.000,0.308,810,748,0.000,0.694,0.693,0.903,0.764,0.299,0.007,0.000,0.307,828.000,822.000,0.000,0.700,0.696,0.905,0.736,0.300,0.000,0.000,0.304,930.000,748.000,0.000,0.693,0.686,0.913,0.754,0.296,0.011,0.006,0.309
935,748,637,0.000,0.701,0.692,0.908,0.747,0.293,0.006,0.000,0.308,810,748,0.000,0.694,0.693,0.903,0.764,0.299,0.007,0.000,0.307,828.000,822.000,0.000,0.700,0.696,0.905,0.736,0.300,0.000,0.000,0.304,930.000,748.000,0.000,0.693,0.686,0.913,0.754,0.296,0.011,0.006,0.309
936,748,637,0.000,0.701,0.692,0.908,0.747,0.293,0.006,0.000,0.308,810,748,0.000,0.694,0.693,0.903,0.764,0.299,0.007,0.000,0.307,828.000,822.000,0.000,0.700,0.696,0.905,0.736,0.300,0.000,0.000,0.304,930.000,748.000,0.000,0.693,0.686,0.913,0.754,0.296,0.011,0.006,0.309
937,748,637,0.000,0.701,0.692,0.908,0.747,0.293,0.006,0.000,0.308,810,748,0.000,0.694,0.693,0.903,0.764,0.299,0.007,0.000,0.307,828.000,822.000,0.000,0.700,0.696,0.905,0.736,0.300,0.000,0.000,0.304,930.000,748.000,0.000,0.693,0.686,0.913,0.754,0.296,0.011,0.006,0.309
938,748,637,0.000,0.701,0.692,0.908,0.747,0.293,0.006,0.000,0.308,810,748,0.000,0.694,0.693,0.903,0.764,0.299,0.007,0.000,0.307,931.000,748.000,0.000,0.699,0.691,0.907,0.740,0.300,0.002,0.001,0.308,934.000,810.000,0.000,0.706,0.683,0.894,0.758,0.288,0.006,0.008,0.309
939,748,637,0.000,0.701,0.692,0.908,0.747,0.293,0.006,0.000,0.308,810,748,0.000,0.694,0.693,0.903,0.764,0.299,0.007,0.000,0.307,931.000,748.000,0.000,0.699,0.691,0.907,0.740,0.300,0.002,0.001,0.308,934.000,810.000,0.000,0.706,0.683,0.894,0.758,0.288,0.006,0.008,0.309
940,748,637,0.000,0.701,0.692,0.908,0.747,0.293,0.006,0.000,0.308,810,748,0.000,0.694,0.693,0.903,0.764,0.299,0.007,0.000,0.307,931.000,748.000,0.000,0.699,0.691,0.907,0.740,0.300,0.002,0.001,0.308,934.000,810.000,0.000,0.706,0.683,0.894,0.758,0.288,0.006,0.008,0.309
941,748,637,0.000,0.701,0.692,0.908,0.747,0.293,0.006,0.000,0.308,810,748,0.000,0.694,0.693,0.903,0.764,0.299,0.007,0.000,0.307,931.000,748.000,0.000,0.699,0.691,0.907,0.740,0.300,0.002,0.001,0.308,936.000,934.000,0.000,0.712,0.692,0.907,0.763,0.281,0.007,0.000,0.308
942,748,637,0.000,0.701,0.692,0.908,0.747,0.293,0.006,0.000,0.308,810,748,0.000,0.694,0.693,0.903,0.764,0.299,0.007,0.000,0.307,931.000,748.000,0.000,0.699,0.691,0.907,0.740,0.300,0.002,0.001,0.308,936.000,934.000,0.000,0.712,0.692,0.907,0.763,0.281,0.007,0.000,0.308
943,748,637,0.000,0.701,0.692,0.908,0.747,0.293,0.006,0.000,0.308,810,748,0.000,0.694,0.693,0.903,0.764,0.299,0.007,0.000,0.307,931.000,748.000,0.000,0.699,0.691,0.907,0.740,0.300,0.002,0.001,0.308,936.000,934.000,0.000,0.712,0.692,0.907,0.763,0.281,0.007,0.000,0.308
944,748,637,0.000,0.701,0.692,0.908,0.747,0.293,0.006,0.000,0.308,810,748,0.000,0.694,0.693,0.903,0.764,0.299,0.007,0.000,0.307,936.000,934.000,0.000,0.712,0.692,0.907,0.763,0.281,0.007,0.000,0.308,942.000,810.000,0.000,0.693,0.684,0.897,0.764,0.307,0.000,0.000,0.316
945,748,637,0.000,0.701,0.692,0.908,0.747,0.293,0.006,0.000,0.308,810,748,0.000,0.694,0.693,0.903,0.764,0.299,0.007,0.000,0.307,936.000,934.000,0.000,0.712,0.692,0.907,0.763,0.281,0.007,0.000,0.308,942.000,810.000,0.000,0.693,0.684,0.897,0.764,0.307,0.000,0.000,0.316
946,748,637,0.000,0.701,0.692,0.908,0.747,0.293,0.006,0.000,0.308,810,748,0.000,0.694,0.693,0.903,0.764,0.299,0.007,0.000,0.307,936.000,934.000,0.000,0.712,0.692,0.907,0.763,0.281,0.007,0.000,0.308,942.000,810.000,0.000,0.693,0.684,0.897,0.764,0.307,0.000,0.000,0.316
947,748,637,0.000,0.701,0.692,0.908,0.747,0.293,0.006,0.000,0.308,810,748,0.000,0.694,0.693,0.903,0.764,0.299,0.007,0.000,0.307,936.000,934.000,0.000,0.712,0.692,0.907,0.763,0.281,0.007,0.000,0.308,942.000,810.000,0.000,0.693,0.684,0.897,0.764,0.307,0.000,0.000,0.316
948,748,637,0.000,0.701,0.692,0.908,0.747,0.293,0.006,0.000,0.308,810,748,0.000,0.694,0.693,0.903,0.764,0.299,0.007,0.000,0.307,936.000,934.000,0.000,0.712,0.692,0.907,0.763,0.281,0.007,0.000,0.308,942.000,810.000,0.000,0.693,0.684,0.897,0.764,0.307,0.000,0.000,0.316
949,748,637,0.000,0.701,0.692,0.908,0.747,0.293,0.006,0.000,0.308,810,748,0.000,0.694,0.693,0.903,0.764,0.299,0.007,0.000,0.307,936.000,934.000,0.000,0.712,0.692,0.907,0.763,0.281,0.007,0.000,0.308,942.000,810.000,0.000,0.693,0.684,0.897,0.764,0.307,0.000,0.000,0.316
950,748,637,0.000,0.701,0.692,0.908,0.747,0.293,0.006,0.000,0.308,810,748,0.000,0.694,0.693,0.903,0.764,0.299,0.007,0.000,0.307,936.000,934.000,0.000,0.712,0.692,0.907,0.763,0.281,0.007,0.000,0.308,942.000,810.000,0.000,0.693,0.684,0.897,0.764,0.307,0.000,0.000,0.316
951,748,637,0.000,0.701,0.692,0.908,0.747,0.293,0.006,0.000,0.308,810,748,0.000,0.694,0.693,0.903,0.764,0.299,0.007,0.000,0.307,936.000,934.000,0.000,0.712,0.692,0.907,0.763,0.281,0.007,0.000,0.308,942.000,810.000,0.000,0.693,0.684,0.897,0.764,0.307,0.000,0.000,0.316
952,748,637,0.000,0.701,0.692,0.908,0.747,0.293,0.006,0.000,0.308,810,748,0.000,0.694,0.693,0.903,0.764,0.299,0.007,0.000,0.307,936.000,934.000,0.000,0.712,0.692,0.907,0.763,0.281,0.007,0.000,0.308,942.000,810.000,0.000,0.693,0.684,0.897,0.764,0.307,0.000,0.000,0.316
953,748,637,0.000,0.701,0.692,0.908,0.747,0.293,0.006,0.000,0.308,810,748,0.000,0.694,0.693,0.903,0.764,0.299,0.007,0.000,0.307,936.000,934.000,0.000,0.712,0.692,0.907,0.763,0.281,0.007,0.000,0.308,942.000,810.000,0.000,0.693,0.684,0.897,0.764,0.307,0.000,0.000,0.316
954,748,637,0.000,0.701,0.692,0.908,0.747,0.293,0.006,0.000,0.308,810,748,0.000,0.694,0.693,0.903,0.764,0.299,0.007,0.000,0.307,936.000,934.000,0.000,0.712,0.692,0.907,0.763,0.281,0.007,0.000,0.308,942.000,810.000,0.000,0.693,0.684,0.897,0.764,0.307,0.000,0.000,0.316
955,748,637,0.000,0.701,0.692,0.908,0.747,0.293,0.006,0.000,0.308,810,748,0.000,0.694,0.693,0.903,0.764,0.299,0.007,0.000,0.307,936.000,934.000,0.000,0.712,0.692,0.907,0.763,0.281,0.007,0.000,0.308,942.000,810.000,0.000,0.693,0.684,0.897,0.764,0.307,0.000,0.000,0.316
956,748,637,0.000,0.701,0.692,0.908,0.747,0.293,0.006,0.000,0.308,810,748,0.000,0.694,0.693,0.903,0.764,0.299,0.007,0.000,0.307,936.000,934.000,0.000,0.712,0.692,0.907,0.763,0.281,0.007,0.000,0.308,942.000,810.000,0.000,0.693,0.684,0.897,0.764,0.307,0.000,0.000,0.316
957,748,637,0.000,0.701,0.692,0.908,0.747,0.293,0.006,0.000,0.308,810,748,0.000,0.694,0.693,0.903,0.764,0.299,0.007,0.000,0.307,936.000,934.000,0.000,0.712,0.692,0.907,0.763,0.281,0.007,0.000,0.308,942.000,810.000,0.000,0.693,0.684,0.897,0.764,0.307,0.000,0.000,0.316
958,748,637,0.000,0.701,0.692,0.908,0.747,0.293,0.006,0.000,0.308,810,748,0.000,0.694,0.693,0.903,0.764,0.299,0.007,0.000,0.307,936.000,934.000,0.000,0.712,0.692,0.907,0.763,0.281,0.007,0.000,0.308,942.000,810.000,0.000,0.693,0.684,0.897,0.764,0.307,0.000,0.000,0.316
959,748,637,0.000,0.701,0.692,0.908,0.747,0.293,0.006,0.000,0.308,810,748,0.000,0.694,0.693,0.903,0.764,0.299,0.007,0.000,0.307,936.000,934.000,0.000,0.712,0.692,0.907,0.763,0.281,0.007,0.000,0.308,942.000,810.000,0.000,0.693,0.684,0.897,0.764,0.307,0.000,0.000,0.316
960,748,637,0.000,0.701,0.692,0.908,0.747,0.293,0.006,0.000,0.308,810,748,0.000,0.694,0.693,0.903,0.764,0.299,0.007,0.000,0.307,936.000,934.000,0.000,0.712,0.692,0.907,0.763,0.281,0.007,0.000,0.308,942.000,810.000,0.000,0.693,0.684,0.897,0.764,0.307,0.000,0.000,0.316
961,748,637,0.000,0.701,0.692,0.908,0.747,0.293,0.006,0.000,0.308,810,748,0.000,0.694,0.693,0.903,0.764,0.299,0.007,0.000,0.307,936.000,934.000,0.000,0.712,0.692,0.907,0.763,0.281,0.007,0.000,0.308,942.000,810.000,0.000,0.693,0.684,0.897,0.764,0.307,0.000,0.000,0.316
962,748,637,0.000,0.701,0.692,0.908,0.747,0.293,0.006,0.000,0.308,810,748,0.000,0.694,0.693,0.903,0.764,0.299,0.007,0.000,0.307,936.000,934.000,0.000,0.712,0.692,0.907,0.763,0.281,0.007,0.000,0.308,942.000,810.000,0.000,0.693,0.684,0.897,0.764,0.307,0.000,0.000,0.316
963,748,637,0.000,0.701,0.692,0.908,0.747,0.293,0.006,0.000,0.308,810,748,0.000,0.694,0.693,0.903,0.764,0.299,0.007,0.000,0.307,942.000,810.000,0.000,0.693,0.684,0.897,0.764,0.307,0.000,0.000,0.316,953.000,748.000,0.000,0.712,0.700,0.902,0.750,0.288,0.000,0.003,0.296
964,748,637,0.000,0.701,0.692,0.908,0.747,0.293,0.006,0.000,0.308,810,748,0.000,0.694,0.693,0.903,0.764,0.299,0.007,0.000,0.307,942.000,810.000,0.000,0.693,0.684,0.897,0.764,0.307,0.000,0.000,0.316,953.000,748.000,0.000,0.712,0.700,0.902,0.750,0.288,0.000,0.003,0.296
965,748,637,0.000,0.701,0.692,0.908,0.747,0.293,0.006,0.000,0.308,810,748,0.000,0.694,0.693,0.903,0.764,0.299,0.007,0.000,0.307,942.000,810.000,0.000,0.693,0.684,0.897,0.764,0.307,0.000,0.000,0.316,953.000,748.000,0.000,0.712,0.700,0.902,0.750,0.288,0.000,0.003,0.296
966,748,637,0.000,0.701,0.692,0.908,0.747,0.293,0.006,0.000,0.308,810,748,0.000,0.694,0.693,0.903,0.764,0.299,0.007,0.000,0.307,942.000,810.000,0.000,0.693,0.684,0.897,0.764,0.307,0.000,0.000,0.316,953.000,748.000,0.000,0.712,0.700,0.902,0.750,0.288,0.000,0.003,0.296
967,748,637,0.000,0.701,0.692,0.908,0.747,0.293,0.006,0.000,0.308,810,748,0.000,0.694,0.693,0.903,0.764,0.299,0.007,0.000,0.307,942.000,810.000,0.000,0.693,0.684,0.897,0.764,0.307,0.000,0.000,0.316,953.000,748.000,0.000,0.712,0.700,0.902,0.750,0.288,0.000,0.003,0.296
968,748,637,0.000,0.701,0.692,0.908,0.747,0.293,0.006,0.000,0.308,810,748,0.000,0.694,0.693,0.903,0.764,0.299,0.007,0.000,0.307,942.000,810.000,0.000,0.693,0.684,0.897,0.764,0.307,0.000,0.000,0.316,953.000,748.000,0.000,0.712,0.700,0.902,0.750,0.288,0.000,0.003,0.296
969,748,637,0.000,0.701,0.692,0.908,0.747,0.293,0.006,0.000,0.308,810,748,0.000,0.694,0.693,0.903,0.764,0.299,0.007,0.000,0.307,942.000,810.000,0.000,0.693,0.684,0.897,0.764,0.307,0.000,0.000,0.316,953.000,748.000,0.000,0.712,0.700,0.902,0.750,0.288,0.000,0.003,0.296
970,748,637,0.000,0.701,0.692,0.908,0.747,0.293,0.006,0.000,0.308,810,748,0.000,0.694,0.693,0.903,0.764,0.299,0.007,0.000,0.307,942.000,810.000,0.000,0.693,0.684,0.897,0.764,0.307,0.000,0.000,0.316,953.000,748.000,0.000,0.712,0.700,0.902,0.750,0.288,0.000,0.003,0.296
971,748,637,0.000,0.701,0.692,0.908,0.747,0.293,0.006,0.000,0.308,810,748,0.000,0.694,0.693,0.903,0.764,0.299,0.007,0.000,0.307,942.000,810.000,0.000,0.693,0.684,0.897,0.764,0.307,0.000,0.000,0.316,953.000,748.000,0.000,0.712,0.700,0.902,0.750,0.288,0.000,0.003,0.296
972,748,637,0.000,0.701,0.692,0.908,0.747,0.293,0.006,0.000,0.308,810,748,0.000,0.694,0.693,0.903,0.764,0.299,0.007,0.000,0.307,942.000,810.000,0.000,0.693,0.684,0.897,0.764,0.307,0.000,0.000,0.316,953.000,748.000,0.000,0.712,0.700,0.902,0.750,0.288,0.000,0.003,0.296
973,748,637,0.000,0.701,0.692,0.908,0.747,0.293,0.006,0.000,0.308,810,748,0.000,0.694,0.693,0.903,0.764,0.299,0.007,0.000,0.307,942.000,810.000,0.000,0.693,0.684,0.897,0.764,0.307,0.000,0.000,0.316,953.000,748.000,0.000,0.712,0.700,0.902,0.750,0.288,0.000,0.003,0.296
974,748,637,0.000,0.701,0.692,0.908,0.747,0.293,0.006,0.000,0.308,810,748,0.000,0.694,0.693,0.903,0.764,0.299,0.007,0.000,0.307,942.000,810.000,0.000,0.693,0.684,0.897,0.764,0.307,0.000,0.000,0.316,953.000,748.000,0.000,0.712,0.700,0.902,0.750,0.288,0.000,0.003,0.296
975,810,748,0.000,0.694,0.693,0.903,0.764,0.299,0.007,0.000,0.307,942,810,0.000,0.693,0.684,0.897,0.764,0.307,0.000,0.000,0.316,965.000,953.000,0.000,0.703,0.701,0.896,0.752,0.297,0.000,0.000,0.299,,,,,,,,,,,
976,810,748,0.000,0.694,0.693,0.903,0.764,0.299,0.007,0.000,0.307,942,810,0.000,0.693,0.684,0.897,0.764,0.307,0.000,0.000,0.316,,,,,,,,,,,,,,,,,,,,,,
977,810,748,0.000,0.694,0.693,0.903,0.764,0.299,0.007,0.000,0.307,942,810,0.000,0.693,0.684,0.897,0.764,0.307,0.000,0.000,0.316,,,,,,,,,,,,,,,,,,,,,,
978,810,748,0.000,0.694,0.693,0.903,0.764,0.299,0.007,0.000,0.307,942,810,0.000,0.693,0.684,0.897,0.764,0.307,0.000,0.000,0.316,979.000,942.000,0.000,0.685,0.698,0.902,0.748,0.304,0.011,0.001,0.301,,,,,,,,,,,
979,810,748,0.000,0.694,0.693,0.903,0.764,0.299,0.007,0.000,0.307,942,810,0.000,0.693,0.684,0.897,0.764,0.307,0.000,0.000,0.316,979.000,942.000,0.000,0.685,0.698,0.902,0.748,0.304,0.011,0.001,0.301,,,,,,,,,,,
980,810,748,0.000,0.694,0.693,0.903,0.764,0.299,0.007,0.000,0.307,942,810,0.000,0.693,0.684,0.897,0.764,0.307,0.000,0.000,0.316,979.000,942.000,0.000,0.685,0.698,0.902,0.748,0.304,0.011,0.001,0.301,,,,,,,,,,,
981,810,748,0.000,0.694,0.693,0.903,0.764,0.299,0.007,0.000,0.307,942,810,0.000,0.693,0.684,0.897,0.764,0.307,0.000,0.000,0.316,979.000,942.000,0.000,0.685,0.698,0.902,0.748,0.304,0.011,0.001,0.301,982.000,810.000,0.000,0.705,0.697,0.916,0.757,0.287,0.009,0.000,0.303
982,810,748,0.000,0.694,0.693,0.903,0.764,0.299,0.007,0.000,0.307,942,810,0.000,0.693,0.684,0.897,0.764,0.307,0.000,0.000,0.316,979.000,942.000,0.000,0.685,0.698,0.902,0.748,0.304,0.011,0.001,0.301,982.000,810.000,0.000,0.705,0.697,0.916,0.757,0.287,0.009,0.000,0.303
983,810,748,0.000,0.694,0.693,0.903,0.764,0.299,0.007,0.000,0.307,942,810,0.000,0.693,0.684,0.897,0.764,0.307,0.000,0.000,0.316,979.000,942.000,0.000,0.685,0.698,0.902,0.748,0.304,0.011,0.001,0.301,982.000,810.000,0.000,0.705,0.697,0.916,0.757,0.287,0.009,0.000,0.303
984,810,748,0.000,0.694,0.693,0.903,0.764,0.299,0.007,0.000,0.307,942,810,0.000,0.693,0.684,0.897,0.764,0.307,0.000,0.000,0.316,979.000,942.000,0.000,0.685,0.698,0.902,0.748,0.304,0.011,0.001,0.301,982.000,810.000,0.000,0.705,0.697,0.916,0.757,0.287,0.009,0.000,0.303
985,810,748,0.000,0.694,0.693,0.903,0.764,0.299,0.007,0.000,0.307,942,810,0.000,0.693,0.684,0.897,0.764,0.307,0.000,0.000,0.316,979.000,942.000,0.000,0.685,0.698,0.902,0.748,0.304,0.011,0.001,0.301,982.000,810.000,0.000,0.705,0.697,0.916,0.757,0.287,0.009,0.000,0.303
986,810,748,0.000,0.694,0.693,0.903,0.764,0.299,0.007,0.000,0.307,942,810,0.000,0.693,0.684,0.897,0.764,0.307,0.000,0.000,0.316,979.000,942.000,0.000,0.685,0.698,0.902,0.748,0.304,0.011,0.001,0.301,982.000,810.000,0.000,0.705,0.697,0.916,0.757,0.287,0.009,0.000,0.303
987,810,748,0.000,0.694,0.693,0.903,0.764,0.299,0.007,0.000,0.307,942,810,0.000,0.693,0.684,0.897,0.764,0.307,0.000,0.000,0.316,979.000,942.000,0.000,0.685,0.698,0.902,0.748,0.304,0.011,0.001,0.301,982.000,810.000,0.000,0.705,0.697,0.916,0.757,0.287,0.009,0.000,0.303
988,810,748,0.000,0.694,0.693,0.903,0.764,0.299,0.007,0.000,0.307,942,810,0.000,0.693,0.684,0.897,0.764,0.307,0.000,0.000,0.316,979.000,942.000,0.000,0.685,0.698,0.902,0.748,0.304,0.011,0.001,0.301,982.000,810.000,0.000,0.705,0.697,0.916,0.757,0.287,0.009,0.000,0.303
989,810,748,0.000,0.694,0.693,0.903,0.764,0.299,0.007,0.000,0.307,942,810,0.000,0.693,0.684,0.897,0.764,0.307,0.000,0.000,0.316,979.000,942.000,0.000,0.685,0.698,0.902,0.748,0.304,0.011,0.001,0.301,982.000,810.000,0.000,0.705,0.697,0.916,0.757,0.287,0.009,0.000,0.303
990,810,748,0.000,0.694,0.693,0.903,0.764,0.299,0.007,0.000,0.307,942,810,0.000,0.693,0.684,0.897,0.764,0.307,0.000,0.000,0.316,979.000,942.000,0.000,0.685,0.698,0.902,0.748,0.304,0.011,0.001,0.301,987.000,942.000,0.000,0.691,0.703,0.904,0.755,0.309,0.000,0.000,0.297
991,810,748,0.000,0.694,0.693,0.903,0.764,0.299,0.007,0.000,0.307,942,810,0.000,0.693,0.684,0.897,0.764,0.307,0.000,0.000,0.316,979.000,942.000,0.000,0.685,0.698,0.902,0.748,0.304,0.011,0.001,0.301,987.000,942.000,0.000,0.691,0.703,0.904,0.755,0.309,0.000,0.000,0.297
992,810,748,0.000,0.694,0.693,0.903,0.764,0.299,0.007,0.000,0.307,942,810,0.000,0.693,0.684,0.897,0.764,0.307,0.000,0.000,0.316,979.000,942.000,0.000,0.685,0.698,0.902,0.748,0.304,0.011,0.001,0.301,987.000,942.000,0.000,0.691,0.703,0.904,0.755,0.309,0.000,0.000,0.297
993,810,748,0.000,0.694,0.693,0.903,0.764,0.299,0.007,0.000,0.307,942,810,0.000,0.693,0.684,0.897,0.764,0.307,0.000,0.000,0.316,979.000,942.000,0.000,0.685,0.698,0.902,0.748,0.304,0.011,0.001,0.301,987.000,942.000,0.000,0.691,0.703,0.904,0.755,0.309,0.000,0.000,0.297
994,810,748,0.000,0.694,0.693,0.903,0.764,0.299,0.007,0.000,0.307,942,810,0.000,0.693,0.684,0.897,0.764,0.307,0.000,0.000,0.316,979.000,942.000,0.000,0.685,0.698,0.902,0.748,0.304,0.011,0.001,0.301,987.000,942.000,0.000,0.691,0.703,0.904,0.755,0.309,0.000,0.000,0.297
995,810,748,0.000,0.694,0.693,0.903,0.764,0.299,0.007,0.000,0.307,942,810,0.000,0.693,0.684,0.897,0.764,0.307,0.000,0.000,0.316,979.000,942.000,0.000,0.685,0.698,0.902,0.748,0.304,0.011,0.001,0.301,987.000,942.000,0.000,0.691,0.703,0.904,0.755,0.309,0.000,0.000,0.297
996,810,748,0.000,0.694,0.693,0.903,0.764,0.299,0.007,0.000,0.307,942,810,0.000,0.693,0.684,0.897,0.764,0.307,0.000,0.000,0.316,979.000,942.000,0.000,0.685,0.698,0.902,0.748,0.304,0.011,0.001,0.301,987.000,942.000,0.000,0.691,0.703,0.904,0.755,0.309,0.000,0.000,0.297
997,810,748,0.000,0.694,0.693,0.903,0.764,0.299,0.007,0.000,0.307,942,810,0.000,0.693,0.684,0.897,0.764,0.307,0.000,0.000,0.316,987.000,942.000,0.000,0.691,0.703,0.904,0.755,0.309,0.000,0.000,0.297,998.000,810.000,0.000,0.706,0.682,0.898,0.740,0.292,0.002,0.000,0.318
998,810,748,0.000,0.694,0.693,0.903,0.764,0.299,0.007,0.000,0.307,942,810,0.000,0.693,0.684,0.897,0.764,0.307,0.000,0.000,0.316,987.000,942.000,0.000,0.691,0.703,0.904,0.755,0.309,0.000,0.000,0.297,,,,,,,,,,,
999,810,748,0.000,0.694,0.693,0.903,0.764,0.299,0.007,0.000,0.307,942,810,0.000,0.693,0.684,0.897,0.764,0.307,0.000,0.000,0.316,987.000,942.000,0.000,0.691,0.703,0.904,0.755,0.309,0.000,0.000,0.297,,,,,,,,,,,
