mutation_step,id_1,parent_1,phi_1,r1_1,r2_1,p1_1,p2_1,r1r2_1,r1p1_1,r2r1_1,r2p2_1,id_2,parent_2,phi_2,r1_2,r2_2,p1_2,p2_2,r1r2_2,r1p1_2,r2r1_2,r2p2_2,id_3,parent_3,phi_3,r1_3,r2_3,p1_3,p2_3,r1r2_3,r1p1_3,r2r1_3,r2p2_3,id_4,parent_4,phi_4,r1_4,r2_4,p1_4,p2_4,r1r2_4,r1p1_4,r2r1_4,r2p2_4
0,0,-1,0.001,0.990,0.990,0.990,0.990,0.005,0.005,0.005,0.005,1.000,0.000,0.000,0.989,0.994,0.999,1.000,0.000,0.011,0.000,0.006,,,,,,,,,,,,,,,,,,,,,,
1,0,-1,0.001,0.990,0.990,0.990,0.990,0.005,0.005,0.005,0.005,1.000,0.000,0.000,0.989,0.994,0.999,1.000,0.000,0.011,0.000,0.006,,,,,,,,,,,,,,,,,,,,,,
2,0,-1,0.001,0.990,0.990,0.990,0.990,0.005,0.005,0.005,0.005,,,,,,,,,,,,,,,,,,,,,,,,,,,,,,,,,
3,0,-1,0.001,0.990,0.990,0.990,0.990,0.005,0.005,0.005,0.005,4.000,0.000,0.005,0.989,0.973,0.973,1.000,0.003,0.008,0.016,0.011,,,,,,,,,,,,,,,,,,,,,,
4,4,0,0.005,0.989,0.973,0.973,1.000,0.003,0.008,0.016,0.011,5.000,4.000,0.003,0.990,0.972,0.971,0.993,0.010,0.000,0.014,0.014,,,,,,,,,,,,,,,,,,,,,,
5,4,0,0.005,0.989,0.973,0.973,1.000,0.003,0.008,0.016,0.011,5.000,4.000,0.003,0.990,0.972,0.971,0.993,0.010,0.000,0.014,0.014,,,,,,,,,,,,,,,,,,,,,,
6,5,4,0.003,0.990,0.972,0.971,0.993,0.010,0.000,0.014,0.014,7.000,4.000,0.013,0.993,0.985,0.963,0.990,0.004,0.003,0.000,0.015,,,,,,,,,,,,,,,,,,,,,,
7,5,4,0.003,0.990,0.972,0.971,0.993,0.010,0.000,0.014,0.014,7.000,4.000,0.013,0.993,0.985,0.963,0.990,0.004,0.003,0.000,0.015,,,,,,,,,,,,,,,,,,,,,,
8,5,4,0.003,0.990,0.972,0.971,0.993,0.010,0.000,0.014,0.014,,,,,,,,,,,,,,,,,,,,,,,,,,,,,,,,,
9,5,4,0.003,0.990,0.972,0.971,0.993,0.010,0.000,0.014,0.014,10.000,5.000,0.000,1.000,0.977,0.957,0.986,0.000,0.000,0.016,0.007,,,,,,,,,,,,,,,,,,,,,,
10,5,4,0.003,0.990,0.972,0.971,0.993,0.010,0.000,0.014,0.014,,,,,,,,,,,,,,,,,,,,,,,,,,,,,,,,,
11,5,4,0.003,0.990,0.972,0.971,0.993,0.010,0.000,0.014,0.014,12.000,5.000,0.009,0.990,0.948,0.975,0.981,0.010,0.000,0.029,0.022,,,,,,,,,,,,,,,,,,,,,,
12,12,5,0.009,0.990,0.948,0.975,0.981,0.010,0.000,0.029,0.022,13.000,12.000,0.008,0.972,0.927,0.965,0.984,0.019,0.009,0.032,0.041,,,,,,,,,,,,,,,,,,,,,,
13,13,12,0.008,0.972,0.927,0.965,0.984,0.019,0.009,0.032,0.041,14.000,13.000,0.004,0.987,0.916,0.972,0.981,0.013,0.000,0.039,0.045,,,,,,,,,,,,,,,,,,,,,,
14,13,12,0.008,0.972,0.927,0.965,0.984,0.019,0.009,0.032,0.041,14.000,13.000,0.004,0.987,0.916,0.972,0.981,0.013,0.000,0.039,0.045,15.000,14.000,0.010,0.996,0.910,0.975,0.977,0.004,0.000,0.042,0.048,,,,,,,,,,,
15,13,12,0.008,0.972,0.927,0.965,0.984,0.019,0.009,0.032,0.041,15.000,14.000,0.010,0.996,0.910,0.975,0.977,0.004,0.000,0.042,0.048,16.000,14.000,0.000,0.983,0.929,0.963,0.989,0.011,0.006,0.035,0.036,,,,,,,,,,,
16,13,12,0.008,0.972,0.927,0.965,0.984,0.019,0.009,0.032,0.041,16.000,14.000,0.000,0.983,0.929,0.963,0.989,0.011,0.006,0.035,0.036,17.000,16.000,0.000,0.973,0.941,0.954,1.000,0.015,0.012,0.029,0.030,,,,,,,,,,,
17,13,12,0.008,0.972,0.927,0.965,0.984,0.019,0.009,0.032,0.041,17.000,16.000,0.000,0.973,0.941,0.954,1.000,0.015,0.012,0.029,0.030,18.000,16.000,0.000,0.977,0.948,0.971,0.988,0.015,0.007,0.019,0.032,,,,,,,,,,,
18,13,12,0.008,0.972,0.927,0.965,0.984,0.019,0.009,0.032,0.041,17.000,16.000,0.000,0.973,0.941,0.954,1.000,0.015,0.012,0.029,0.030,,,,,,,,,,,,,,,,,,,,,,
19,13,12,0.008,0.972,0.927,0.965,0.984,0.019,0.009,0.032,0.041,20.000,17.000,0.000,0.994,0.945,0.966,0.994,0.004,0.002,0.019,0.035,,,,,,,,,,,,,,,,,,,,,,
20,13,12,0.008,0.972,0.927,0.965,0.984,0.019,0.009,0.032,0.041,20.000,17.000,0.000,0.994,0.945,0.966,0.994,0.004,0.002,0.019,0.035,21.000,13.000,0.001,0.963,0.904,0.969,0.969,0.032,0.005,0.054,0.042,,,,,,,,,,,
21,13,12,0.008,0.972,0.927,0.965,0.984,0.019,0.009,0.032,0.041,22.000,13.000,0.010,0.959,0.930,0.964,0.968,0.027,0.014,0.021,0.049,,,,,,,,,,,,,,,,,,,,,,
22,22,13,0.010,0.959,0.930,0.964,0.968,0.027,0.014,0.021,0.049,23.000,13.000,0.013,0.982,0.913,0.965,0.968,0.009,0.009,0.035,0.052,,,,,,,,,,,,,,,,,,,,,,
23,22,13,0.010,0.959,0.930,0.964,0.968,0.027,0.014,0.021,0.049,23.000,13.000,0.013,0.982,0.913,0.965,0.968,0.009,0.009,0.035,0.052,24.000,22.000,0.000,0.978,0.924,0.959,0.959,0.022,0.000,0.040,0.036,,,,,,,,,,,
24,22,13,0.010,0.959,0.930,0.964,0.968,0.027,0.014,0.021,0.049,23.000,13.000,0.013,0.982,0.913,0.965,0.968,0.009,0.009,0.035,0.052,25.000,23.000,0.007,0.958,0.913,0.981,0.958,0.021,0.021,0.039,0.049,,,,,,,,,,,
25,22,13,0.010,0.959,0.930,0.964,0.968,0.027,0.014,0.021,0.049,23.000,13.000,0.013,0.982,0.913,0.965,0.968,0.009,0.009,0.035,0.052,25.000,23.000,0.007,0.958,0.913,0.981,0.958,0.021,0.021,0.039,0.049,26.000,23.000,0.024,0.994,0.887,0.959,0.950,0.000,0.006,0.043,0.070
26,26,23,0.024,0.994,0.887,0.959,0.950,0.000,0.006,0.043,0.070,27.000,22.000,0.018,0.948,0.912,0.967,0.956,0.027,0.024,0.030,0.058,,,,,,,,,,,,,,,,,,,,,,
27,26,23,0.024,0.994,0.887,0.959,0.950,0.000,0.006,0.043,0.070,27.000,22.000,0.018,0.948,0.912,0.967,0.956,0.027,0.024,0.030,0.058,28.000,27.000,0.018,0.938,0.912,0.972,0.955,0.032,0.029,0.029,0.059,,,,,,,,,,,
28,27,22,0.018,0.948,0.912,0.967,0.956,0.027,0.024,0.030,0.058,29.000,27.000,0.022,0.939,0.893,0.978,0.959,0.048,0.013,0.035,0.072,,,,,,,,,,,,,,,,,,,,,,
29,29,27,0.022,0.939,0.893,0.978,0.959,0.048,0.013,0.035,0.072,30.000,29.000,0.029,0.922,0.891,0.974,0.965,0.056,0.023,0.032,0.077,,,,,,,,,,,,,,,,,,,,,,
30,29,27,0.022,0.939,0.893,0.978,0.959,0.048,0.013,0.035,0.072,30.000,29.000,0.029,0.922,0.891,0.974,0.965,0.056,0.023,0.032,0.077,31.000,29.000,0.014,0.964,0.906,0.984,0.964,0.015,0.021,0.019,0.075,,,,,,,,,,,
31,29,27,0.022,0.939,0.893,0.978,0.959,0.048,0.013,0.035,0.072,30.000,29.000,0.029,0.922,0.891,0.974,0.965,0.056,0.023,0.032,0.077,32.000,30.000,0.033,0.919,0.897,0.980,0.978,0.058,0.023,0.019,0.084,,,,,,,,,,,
32,29,27,0.022,0.939,0.893,0.978,0.959,0.048,0.013,0.035,0.072,30.000,29.000,0.029,0.922,0.891,0.974,0.965,0.056,0.023,0.032,0.077,32.000,30.000,0.033,0.919,0.897,0.980,0.978,0.058,0.023,0.019,0.084,33.000,29.000,0.020,0.933,0.889,1.000,0.958,0.059,0.008,0.041,0.071
33,29,27,0.022,0.939,0.893,0.978,0.959,0.048,0.013,0.035,0.072,30.000,29.000,0.029,0.922,0.891,0.974,0.965,0.056,0.023,0.032,0.077,32.000,30.000,0.033,0.919,0.897,0.980,0.978,0.058,0.023,0.019,0.084,34.000,32.000,0.028,0.918,0.903,0.974,0.994,0.059,0.023,0.006,0.091
34,30,29,0.029,0.922,0.891,0.974,0.965,0.056,0.023,0.032,0.077,32.000,30.000,0.033,0.919,0.897,0.980,0.978,0.058,0.023,0.019,0.084,34.000,32.000,0.028,0.918,0.903,0.974,0.994,0.059,0.023,0.006,0.091,35.000,30.000,0.028,0.919,0.878,0.975,0.964,0.049,0.032,0.030,0.092
35,35,30,0.028,0.919,0.878,0.975,0.964,0.049,0.032,0.030,0.092,36.000,34.000,0.028,0.896,0.892,0.980,1.000,0.069,0.035,0.001,0.107,,,,,,,,,,,,,,,,,,,,,,
36,35,30,0.028,0.919,0.878,0.975,0.964,0.049,0.032,0.030,0.092,36.000,34.000,0.028,0.896,0.892,0.980,1.000,0.069,0.035,0.001,0.107,37.000,35.000,0.026,0.926,0.878,0.970,0.973,0.033,0.041,0.031,0.091,,,,,,,,,,,
37,35,30,0.028,0.919,0.878,0.975,0.964,0.049,0.032,0.030,0.092,36.000,34.000,0.028,0.896,0.892,0.980,1.000,0.069,0.035,0.001,0.107,37.000,35.000,0.026,0.926,0.878,0.970,0.973,0.033,0.041,0.031,0.091,38.000,37.000,0.029,0.931,0.881,0.975,0.962,0.021,0.048,0.022,0.097
38,35,30,0.028,0.919,0.878,0.975,0.964,0.049,0.032,0.030,0.092,37.000,35.000,0.026,0.926,0.878,0.970,0.973,0.033,0.041,0.031,0.091,,,,,,,,,,,,,,,,,,,,,,
39,35,30,0.028,0.919,0.878,0.975,0.964,0.049,0.032,0.030,0.092,37.000,35.000,0.026,0.926,0.878,0.970,0.973,0.033,0.041,0.031,0.091,40.000,35.000,0.029,0.906,0.885,0.975,0.971,0.055,0.039,0.025,0.091,,,,,,,,,,,
40,37,35,0.026,0.926,0.878,0.970,0.973,0.033,0.041,0.031,0.091,41.000,40.000,0.028,0.908,0.863,0.980,0.963,0.061,0.032,0.032,0.105,,,,,,,,,,,,,,,,,,,,,,
41,37,35,0.026,0.926,0.878,0.970,0.973,0.033,0.041,0.031,0.091,41.000,40.000,0.028,0.908,0.863,0.980,0.963,0.061,0.032,0.032,0.105,42.000,37.000,0.022,0.933,0.870,0.981,0.967,0.028,0.039,0.039,0.091,,,,,,,,,,,
42,41,40,0.028,0.908,0.863,0.980,0.963,0.061,0.032,0.032,0.105,43.000,41.000,0.034,0.906,0.883,0.995,0.968,0.063,0.031,0.016,0.102,,,,,,,,,,,,,,,,,,,,,,
43,41,40,0.028,0.908,0.863,0.980,0.963,0.061,0.032,0.032,0.105,43.000,41.000,0.034,0.906,0.883,0.995,0.968,0.063,0.031,0.016,0.102,44.000,41.000,0.033,0.880,0.864,0.993,0.973,0.083,0.037,0.032,0.104,,,,,,,,,,,
44,41,40,0.028,0.908,0.863,0.980,0.963,0.061,0.032,0.032,0.105,44.000,41.000,0.033,0.880,0.864,0.993,0.973,0.083,0.037,0.032,0.104,,,,,,,,,,,,,,,,,,,,,,
45,41,40,0.028,0.908,0.863,0.980,0.963,0.061,0.032,0.032,0.105,44.000,41.000,0.033,0.880,0.864,0.993,0.973,0.083,0.037,0.032,0.104,46.000,44.000,0.032,0.891,0.850,0.996,0.964,0.080,0.029,0.045,0.106,,,,,,,,,,,
46,41,40,0.028,0.908,0.863,0.980,0.963,0.061,0.032,0.032,0.105,44.000,41.000,0.033,0.880,0.864,0.993,0.973,0.083,0.037,0.032,0.104,46.000,44.000,0.032,0.891,0.850,0.996,0.964,0.080,0.029,0.045,0.106,47.000,44.000,0.029,0.876,0.880,0.998,0.974,0.095,0.029,0.013,0.107
47,41,40,0.028,0.908,0.863,0.980,0.963,0.061,0.032,0.032,0.105,44.000,41.000,0.033,0.880,0.864,0.993,0.973,0.083,0.037,0.032,0.104,46.000,44.000,0.032,0.891,0.850,0.996,0.964,0.080,0.029,0.045,0.106,47.000,44.000,0.029,0.876,0.880,0.998,0.974,0.095,0.029,0.013,0.107
48,41,40,0.028,0.908,0.863,0.980,0.963,0.061,0.032,0.032,0.105,49.000,41.000,0.025,0.886,0.871,0.967,0.962,0.053,0.061,0.029,0.099,,,,,,,,,,,,,,,,,,,,,,
49,41,40,0.028,0.908,0.863,0.980,0.963,0.061,0.032,0.032,0.105,49.000,41.000,0.025,0.886,0.871,0.967,0.962,0.053,0.061,0.029,0.099,50.000,49.000,0.024,0.875,0.864,0.981,0.986,0.059,0.067,0.043,0.092,,,,,,,,,,,
50,49,41,0.025,0.886,0.871,0.967,0.962,0.053,0.061,0.029,0.099,50.000,49.000,0.024,0.875,0.864,0.981,0.986,0.059,0.067,0.043,0.092,,,,,,,,,,,,,,,,,,,,,,
51,49,41,0.025,0.886,0.871,0.967,0.962,0.053,0.061,0.029,0.099,50.000,49.000,0.024,0.875,0.864,0.981,0.986,0.059,0.067,0.043,0.092,52.000,49.000,0.027,0.894,0.864,0.976,0.950,0.038,0.068,0.030,0.106,,,,,,,,,,,
52,50,49,0.024,0.875,0.864,0.981,0.986,0.059,0.067,0.043,0.092,53.000,50.000,0.024,0.874,0.854,0.980,0.994,0.063,0.063,0.040,0.106,,,,,,,,,,,,,,,,,,,,,,
53,50,49,0.024,0.875,0.864,0.981,0.986,0.059,0.067,0.043,0.092,53.000,50.000,0.024,0.874,0.854,0.980,0.994,0.063,0.063,0.040,0.106,54.000,50.000,0.020,0.891,0.868,0.978,0.988,0.053,0.057,0.031,0.101,,,,,,,,,,,
54,50,49,0.024,0.875,0.864,0.981,0.986,0.059,0.067,0.043,0.092,53.000,50.000,0.024,0.874,0.854,0.980,0.994,0.063,0.063,0.040,0.106,54.000,50.000,0.020,0.891,0.868,0.978,0.988,0.053,0.057,0.031,0.101,55.000,50.000,0.020,0.872,0.882,0.983,0.999,0.061,0.066,0.036,0.081
55,50,49,0.024,0.875,0.864,0.981,0.986,0.059,0.067,0.043,0.092,53.000,50.000,0.024,0.874,0.854,0.980,0.994,0.063,0.063,0.040,0.106,54.000,50.000,0.020,0.891,0.868,0.978,0.988,0.053,0.057,0.031,0.101,55.000,50.000,0.020,0.872,0.882,0.983,0.999,0.061,0.066,0.036,0.081
56,50,49,0.024,0.875,0.864,0.981,0.986,0.059,0.067,0.043,0.092,53.000,50.000,0.024,0.874,0.854,0.980,0.994,0.063,0.063,0.040,0.106,54.000,50.000,0.020,0.891,0.868,0.978,0.988,0.053,0.057,0.031,0.101,55.000,50.000,0.020,0.872,0.882,0.983,0.999,0.061,0.066,0.036,0.081
57,50,49,0.024,0.875,0.864,0.981,0.986,0.059,0.067,0.043,0.092,53.000,50.000,0.024,0.874,0.854,0.980,0.994,0.063,0.063,0.040,0.106,54.000,50.000,0.020,0.891,0.868,0.978,0.988,0.053,0.057,0.031,0.101,55.000,50.000,0.020,0.872,0.882,0.983,0.999,0.061,0.066,0.036,0.081
58,50,49,0.024,0.875,0.864,0.981,0.986,0.059,0.067,0.043,0.092,53.000,50.000,0.024,0.874,0.854,0.980,0.994,0.063,0.063,0.040,0.106,54.000,50.000,0.020,0.891,0.868,0.978,0.988,0.053,0.057,0.031,0.101,57.000,55.000,0.019,0.845,0.862,0.994,0.997,0.067,0.088,0.050,0.088
59,53,50,0.024,0.874,0.854,0.980,0.994,0.063,0.063,0.040,0.106,54.000,50.000,0.020,0.891,0.868,0.978,0.988,0.053,0.057,0.031,0.101,57.000,55.000,0.019,0.845,0.862,0.994,0.997,0.067,0.088,0.050,0.088,58.000,50.000,0.031,0.860,0.873,0.991,0.988,0.065,0.075,0.042,0.085
60,53,50,0.024,0.874,0.854,0.980,0.994,0.063,0.063,0.040,0.106,54.000,50.000,0.020,0.891,0.868,0.978,0.988,0.053,0.057,0.031,0.101,58.000,50.000,0.031,0.860,0.873,0.991,0.988,0.065,0.075,0.042,0.085,61.000,53.000,0.018,0.877,0.864,0.988,1.000,0.064,0.059,0.040,0.096
61,53,50,0.024,0.874,0.854,0.980,0.994,0.063,0.063,0.040,0.106,62.000,53.000,0.020,0.861,0.838,0.967,1.000,0.066,0.073,0.044,0.118,,,,,,,,,,,,,,,,,,,,,,
62,53,50,0.024,0.874,0.854,0.980,0.994,0.063,0.063,0.040,0.106,62.000,53.000,0.020,0.861,0.838,0.967,1.000,0.066,0.073,0.044,0.118,63.000,53.000,0.031,0.863,0.864,0.977,0.986,0.077,0.060,0.035,0.101,,,,,,,,,,,
63,53,50,0.024,0.874,0.854,0.980,0.994,0.063,0.063,0.040,0.106,62.000,53.000,0.020,0.861,0.838,0.967,1.000,0.066,0.073,0.044,0.118,,,,,,,,,,,,,,,,,,,,,,
64,53,50,0.024,0.874,0.854,0.980,0.994,0.063,0.063,0.040,0.106,62.000,53.000,0.020,0.861,0.838,0.967,1.000,0.066,0.073,0.044,0.118,65.000,53.000,0.032,0.873,0.859,0.978,1.000,0.067,0.061,0.049,0.092,,,,,,,,,,,
65,62,53,0.020,0.861,0.838,0.967,1.000,0.066,0.073,0.044,0.118,66.000,62.000,0.020,0.869,0.827,0.970,0.999,0.065,0.066,0.051,0.122,,,,,,,,,,,,,,,,,,,,,,
66,66,62,0.020,0.869,0.827,0.970,0.999,0.065,0.066,0.051,0.122,67.000,62.000,0.024,0.853,0.825,0.952,0.994,0.076,0.071,0.034,0.141,,,,,,,,,,,,,,,,,,,,,,
67,66,62,0.020,0.869,0.827,0.970,0.999,0.065,0.066,0.051,0.122,67.000,62.000,0.024,0.853,0.825,0.952,0.994,0.076,0.071,0.034,0.141,68.000,66.000,0.016,0.890,0.832,0.972,0.999,0.044,0.067,0.044,0.124,,,,,,,,,,,
68,67,62,0.024,0.853,0.825,0.952,0.994,0.076,0.071,0.034,0.141,69.000,67.000,0.019,0.849,0.822,0.957,0.993,0.071,0.080,0.039,0.139,,,,,,,,,,,,,,,,,,,,,,
69,67,62,0.024,0.853,0.825,0.952,0.994,0.076,0.071,0.034,0.141,69.000,67.000,0.019,0.849,0.822,0.957,0.993,0.071,0.080,0.039,0.139,70.000,67.000,0.024,0.838,0.828,0.949,1.000,0.087,0.074,0.028,0.143,,,,,,,,,,,
70,67,62,0.024,0.853,0.825,0.952,0.994,0.076,0.071,0.034,0.141,69.000,67.000,0.019,0.849,0.822,0.957,0.993,0.071,0.080,0.039,0.139,70.000,67.000,0.024,0.838,0.828,0.949,1.000,0.087,0.074,0.028,0.143,71.000,69.000,0.015,0.859,0.832,0.954,0.996,0.058,0.083,0.035,0.133
71,67,62,0.024,0.853,0.825,0.952,0.994,0.076,0.071,0.034,0.141,70.000,67.000,0.024,0.838,0.828,0.949,1.000,0.087,0.074,0.028,0.143,,,,,,,,,,,,,,,,,,,,,,
72,67,62,0.024,0.853,0.825,0.952,0.994,0.076,0.071,0.034,0.141,70.000,67.000,0.024,0.838,0.828,0.949,1.000,0.087,0.074,0.028,0.143,,,,,,,,,,,,,,,,,,,,,,
73,67,62,0.024,0.853,0.825,0.952,0.994,0.076,0.071,0.034,0.141,70.000,67.000,0.024,0.838,0.828,0.949,1.000,0.087,0.074,0.028,0.143,,,,,,,,,,,,,,,,,,,,,,
74,67,62,0.024,0.853,0.825,0.952,0.994,0.076,0.071,0.034,0.141,75.000,70.000,0.018,0.837,0.801,0.963,0.997,0.085,0.078,0.047,0.152,,,,,,,,,,,,,,,,,,,,,,
75,67,62,0.024,0.853,0.825,0.952,0.994,0.076,0.071,0.034,0.141,75.000,70.000,0.018,0.837,0.801,0.963,0.997,0.085,0.078,0.047,0.152,76.000,75.000,0.011,0.829,0.815,0.953,0.997,0.082,0.089,0.036,0.149,,,,,,,,,,,
76,67,62,0.024,0.853,0.825,0.952,0.994,0.076,0.071,0.034,0.141,75.000,70.000,0.018,0.837,0.801,0.963,0.997,0.085,0.078,0.047,0.152,76.000,75.000,0.011,0.829,0.815,0.953,0.997,0.082,0.089,0.036,0.149,77.000,76.000,0.015,0.852,0.800,0.966,1.000,0.083,0.065,0.050,0.150
77,75,70,0.018,0.837,0.801,0.963,0.997,0.085,0.078,0.047,0.152,77.000,76.000,0.015,0.852,0.800,0.966,1.000,0.083,0.065,0.050,0.150,78.000,67.000,0.028,0.853,0.821,0.950,0.986,0.062,0.085,0.032,0.147,,,,,,,,,,,
78,75,70,0.018,0.837,0.801,0.963,0.997,0.085,0.078,0.047,0.152,77.000,76.000,0.015,0.852,0.800,0.966,1.000,0.083,0.065,0.050,0.150,78.000,67.000,0.028,0.853,0.821,0.950,0.986,0.062,0.085,0.032,0.147,79.000,75.000,0.023,0.834,0.783,0.969,0.968,0.083,0.083,0.053,0.164
79,75,70,0.018,0.837,0.801,0.963,0.997,0.085,0.078,0.047,0.152,77.000,76.000,0.015,0.852,0.800,0.966,1.000,0.083,0.065,0.050,0.150,79.000,75.000,0.023,0.834,0.783,0.969,0.968,0.083,0.083,0.053,0.164,80.000,75.000,0.020,0.856,0.819,0.963,1.000,0.070,0.074,0.032,0.149
80,75,70,0.018,0.837,0.801,0.963,0.997,0.085,0.078,0.047,0.152,77.000,76.000,0.015,0.852,0.800,0.966,1.000,0.083,0.065,0.050,0.150,79.000,75.000,0.023,0.834,0.783,0.969,0.968,0.083,0.083,0.053,0.164,80.000,75.000,0.020,0.856,0.819,0.963,1.000,0.070,0.074,0.032,0.149
81,75,70,0.018,0.837,0.801,0.963,0.997,0.085,0.078,0.047,0.152,77.000,76.000,0.015,0.852,0.800,0.966,1.000,0.083,0.065,0.050,0.150,79.000,75.000,0.023,0.834,0.783,0.969,0.968,0.083,0.083,0.053,0.164,80.000,75.000,0.020,0.856,0.819,0.963,1.000,0.070,0.074,0.032,0.149
82,75,70,0.018,0.837,0.801,0.963,0.997,0.085,0.078,0.047,0.152,81.000,77.000,0.007,0.845,0.780,0.976,0.991,0.080,0.075,0.058,0.162,83.000,77.000,0.017,0.868,0.807,0.958,1.000,0.073,0.059,0.050,0.143,,,,,,,,,,,
83,75,70,0.018,0.837,0.801,0.963,0.997,0.085,0.078,0.047,0.152,81.000,77.000,0.007,0.845,0.780,0.976,0.991,0.080,0.075,0.058,0.162,83.000,77.000,0.017,0.868,0.807,0.958,1.000,0.073,0.059,0.050,0.143,84.000,75.000,0.017,0.829,0.788,0.984,0.985,0.087,0.084,0.065,0.147
84,75,70,0.018,0.837,0.801,0.963,0.997,0.085,0.078,0.047,0.152,83.000,77.000,0.017,0.868,0.807,0.958,1.000,0.073,0.059,0.050,0.143,84.000,75.000,0.017,0.829,0.788,0.984,0.985,0.087,0.084,0.065,0.147,85.000,75.000,0.019,0.828,0.792,0.954,1.000,0.087,0.085,0.041,0.166
85,75,70,0.018,0.837,0.801,0.963,0.997,0.085,0.078,0.047,0.152,83.000,77.000,0.017,0.868,0.807,0.958,1.000,0.073,0.059,0.050,0.143,84.000,75.000,0.017,0.829,0.788,0.984,0.985,0.087,0.084,0.065,0.147,85.000,75.000,0.019,0.828,0.792,0.954,1.000,0.087,0.085,0.041,0.166
86,75,70,0.018,0.837,0.801,0.963,0.997,0.085,0.078,0.047,0.152,85.000,75.000,0.019,0.828,0.792,0.954,1.000,0.087,0.085,0.041,0.166,,,,,,,,,,,,,,,,,,,,,,
87,85,75,0.019,0.828,0.792,0.954,1.000,0.087,0.085,0.041,0.166,88.000,85.000,0.021,0.803,0.785,0.941,0.987,0.098,0.099,0.039,0.176,,,,,,,,,,,,,,,,,,,,,,
88,88,85,0.021,0.803,0.785,0.941,0.987,0.098,0.099,0.039,0.176,89.000,88.000,0.022,0.810,0.773,0.921,0.983,0.088,0.102,0.045,0.182,,,,,,,,,,,,,,,,,,,,,,
89,88,85,0.021,0.803,0.785,0.941,0.987,0.098,0.099,0.039,0.176,89.000,88.000,0.022,0.810,0.773,0.921,0.983,0.088,0.102,0.045,0.182,90.000,88.000,0.012,0.784,0.792,0.931,0.980,0.101,0.115,0.033,0.175,,,,,,,,,,,
90,88,85,0.021,0.803,0.785,0.941,0.987,0.098,0.099,0.039,0.176,89.000,88.000,0.022,0.810,0.773,0.921,0.983,0.088,0.102,0.045,0.182,90.000,88.000,0.012,0.784,0.792,0.931,0.980,0.101,0.115,0.033,0.175,91.000,90.000,0.011,0.772,0.776,0.925,0.972,0.110,0.119,0.034,0.190
91,88,85,0.021,0.803,0.785,0.941,0.987,0.098,0.099,0.039,0.176,89.000,88.000,0.022,0.810,0.773,0.921,0.983,0.088,0.102,0.045,0.182,90.000,88.000,0.012,0.784,0.792,0.931,0.980,0.101,0.115,0.033,0.175,91.000,90.000,0.011,0.772,0.776,0.925,0.972,0.110,0.119,0.034,0.190
92,88,85,0.021,0.803,0.785,0.941,0.987,0.098,0.099,0.039,0.176,89.000,88.000,0.022,0.810,0.773,0.921,0.983,0.088,0.102,0.045,0.182,91.000,90.000,0.011,0.772,0.776,0.925,0.972,0.110,0.119,0.034,0.190,93.000,88.000,0.016,0.806,0.779,0.940,0.974,0.093,0.101,0.049,0.172
93,88,85,0.021,0.803,0.785,0.941,0.987,0.098,0.099,0.039,0.176,89.000,88.000,0.022,0.810,0.773,0.921,0.983,0.088,0.102,0.045,0.182,93.000,88.000,0.016,0.806,0.779,0.940,0.974,0.093,0.101,0.049,0.172,94.000,91.000,0.015,0.769,0.772,0.922,0.971,0.113,0.118,0.031,0.197
94,89,88,0.022,0.810,0.773,0.921,0.983,0.088,0.102,0.045,0.182,94.000,91.000,0.015,0.769,0.772,0.922,0.971,0.113,0.118,0.031,0.197,95.000,88.000,0.015,0.801,0.787,0.929,0.979,0.105,0.095,0.037,0.176,,,,,,,,,,,
95,89,88,0.022,0.810,0.773,0.921,0.983,0.088,0.102,0.045,0.182,94.000,91.000,0.015,0.769,0.772,0.922,0.971,0.113,0.118,0.031,0.197,95.000,88.000,0.015,0.801,0.787,0.929,0.979,0.105,0.095,0.037,0.176,96.000,95.000,0.019,0.805,0.791,0.920,0.983,0.097,0.098,0.035,0.175
96,89,88,0.022,0.810,0.773,0.921,0.983,0.088,0.102,0.045,0.182,94.000,91.000,0.015,0.769,0.772,0.922,0.971,0.113,0.118,0.031,0.197,95.000,88.000,0.015,0.801,0.787,0.929,0.979,0.105,0.095,0.037,0.176,96.000,95.000,0.019,0.805,0.791,0.920,0.983,0.097,0.098,0.035,0.175
97,89,88,0.022,0.810,0.773,0.921,0.983,0.088,0.102,0.045,0.182,96.000,95.000,0.019,0.805,0.791,0.920,0.983,0.097,0.098,0.035,0.175,97.000,94.000,0.014,0.768,0.767,0.930,0.970,0.104,0.128,0.029,0.204,98.000,96.000,0.026,0.776,0.792,0.908,0.975,0.116,0.107,0.023,0.185
98,89,88,0.022,0.810,0.773,0.921,0.983,0.088,0.102,0.045,0.182,96.000,95.000,0.019,0.805,0.791,0.920,0.983,0.097,0.098,0.035,0.175,97.000,94.000,0.014,0.768,0.767,0.930,0.970,0.104,0.128,0.029,0.204,98.000,96.000,0.026,0.776,0.792,0.908,0.975,0.116,0.107,0.023,0.185
99,89,88,0.022,0.810,0.773,0.921,0.983,0.088,0.102,0.045,0.182,96.000,95.000,0.019,0.805,0.791,0.920,0.983,0.097,0.098,0.035,0.175,97.000,94.000,0.014,0.768,0.767,0.930,0.970,0.104,0.128,0.029,0.204,99.000,89.000,0.017,0.806,0.802,0.937,0.986,0.098,0.097,0.032,0.165
100,89,88,0.022,0.810,0.773,0.921,0.983,0.088,0.102,0.045,0.182,101.000,89.000,0.030,0.801,0.773,0.910,0.987,0.099,0.100,0.037,0.190,,,,,,,,,,,,,,,,,,,,,,
101,101,89,0.030,0.801,0.773,0.910,0.987,0.099,0.100,0.037,0.190,102.000,101.000,0.032,0.782,0.773,0.916,1.000,0.098,0.120,0.031,0.196,,,,,,,,,,,,,,,,,,,,,,
102,102,101,0.032,0.782,0.773,0.916,1.000,0.098,0.120,0.031,0.196,103.000,102.000,0.026,0.773,0.773,0.917,0.990,0.110,0.117,0.029,0.198,,,,,,,,,,,,,,,,,,,,,,
103,103,102,0.026,0.773,0.773,0.917,0.990,0.110,0.117,0.029,0.198,104.000,102.000,0.033,0.806,0.753,0.923,1.000,0.086,0.108,0.057,0.190,,,,,,,,,,,,,,,,,,,,,,
104,103,102,0.026,0.773,0.773,0.917,0.990,0.110,0.117,0.029,0.198,105.000,104.000,0.026,0.789,0.739,0.935,1.000,0.095,0.116,0.061,0.200,,,,,,,,,,,,,,,,,,,,,,
105,103,102,0.026,0.773,0.773,0.917,0.990,0.110,0.117,0.029,0.198,105.000,104.000,0.026,0.789,0.739,0.935,1.000,0.095,0.116,0.061,0.200,106.000,105.000,0.019,0.771,0.749,0.941,1.000,0.113,0.116,0.061,0.190,,,,,,,,,,,
106,103,102,0.026,0.773,0.773,0.917,0.990,0.110,0.117,0.029,0.198,105.000,104.000,0.026,0.789,0.739,0.935,1.000,0.095,0.116,0.061,0.200,106.000,105.000,0.019,0.771,0.749,0.941,1.000,0.113,0.116,0.061,0.190,107.000,103.000,0.024,0.771,0.782,0.927,0.977,0.112,0.116,0.025,0.193
107,103,102,0.026,0.773,0.773,0.917,0.990,0.110,0.117,0.029,0.198,105.000,104.000,0.026,0.789,0.739,0.935,1.000,0.095,0.116,0.061,0.200,106.000,105.000,0.019,0.771,0.749,0.941,1.000,0.113,0.116,0.061,0.190,107.000,103.000,0.024,0.771,0.782,0.927,0.977,0.112,0.116,0.025,0.193
108,105,104,0.026,0.789,0.739,0.935,1.000,0.095,0.116,0.061,0.200,106.000,105.000,0.019,0.771,0.749,0.941,1.000,0.113,0.116,0.061,0.190,108.000,107.000,0.026,0.767,0.775,0.925,0.988,0.117,0.116,0.032,0.193,109.000,106.000,0.019,0.765,0.736,0.956,1.000,0.119,0.117,0.065,0.199
109,105,104,0.026,0.789,0.739,0.935,1.000,0.095,0.116,0.061,0.200,108.000,107.000,0.026,0.767,0.775,0.925,0.988,0.117,0.116,0.032,0.193,,,,,,,,,,,,,,,,,,,,,,
110,105,104,0.026,0.789,0.739,0.935,1.000,0.095,0.116,0.061,0.200,108.000,107.000,0.026,0.767,0.775,0.925,0.988,0.117,0.116,0.032,0.193,111.000,105.000,0.013,0.786,0.735,0.925,0.984,0.114,0.100,0.045,0.220,,,,,,,,,,,
111,105,104,0.026,0.789,0.739,0.935,1.000,0.095,0.116,0.061,0.200,111.000,105.000,0.013,0.786,0.735,0.925,0.984,0.114,0.100,0.045,0.220,,,,,,,,,,,,,,,,,,,,,,
112,105,104,0.026,0.789,0.739,0.935,1.000,0.095,0.116,0.061,0.200,111.000,105.000,0.013,0.786,0.735,0.925,0.984,0.114,0.100,0.045,0.220,,,,,,,,,,,,,,,,,,,,,,
113,105,104,0.026,0.789,0.739,0.935,1.000,0.095,0.116,0.061,0.200,111.000,105.000,0.013,0.786,0.735,0.925,0.984,0.114,0.100,0.045,0.220,114.000,105.000,0.027,0.800,0.732,0.931,1.000,0.083,0.117,0.065,0.202,,,,,,,,,,,
114,111,105,0.013,0.786,0.735,0.925,0.984,0.114,0.100,0.045,0.220,114.000,105.000,0.027,0.800,0.732,0.931,1.000,0.083,0.117,0.065,0.202,115.000,114.000,0.027,0.798,0.736,0.933,1.000,0.075,0.127,0.056,0.208,,,,,,,,,,,
115,111,105,0.013,0.786,0.735,0.925,0.984,0.114,0.100,0.045,0.220,114.000,105.000,0.027,0.800,0.732,0.931,1.000,0.083,0.117,0.065,0.202,115.000,114.000,0.027,0.798,0.736,0.933,1.000,0.075,0.127,0.056,0.208,,,,,,,,,,,
116,111,105,0.013,0.786,0.735,0.925,0.984,0.114,0.100,0.045,0.220,114.000,105.000,0.027,0.800,0.732,0.931,1.000,0.083,0.117,0.065,0.202,115.000,114.000,0.027,0.798,0.736,0.933,1.000,0.075,0.127,0.056,0.208,,,,,,,,,,,
117,111,105,0.013,0.786,0.735,0.925,0.984,0.114,0.100,0.045,0.220,114.000,105.000,0.027,0.800,0.732,0.931,1.000,0.083,0.117,0.065,0.202,115.000,114.000,0.027,0.798,0.736,0.933,1.000,0.075,0.127,0.056,0.208,118.000,115.000,0.027,0.809,0.759,0.920,0.997,0.073,0.119,0.040,0.201
118,114,105,0.027,0.800,0.732,0.931,1.000,0.083,0.117,0.065,0.202,115.000,114.000,0.027,0.798,0.736,0.933,1.000,0.075,0.127,0.056,0.208,118.000,115.000,0.027,0.809,0.759,0.920,0.997,0.073,0.119,0.040,0.201,119.000,114.000,0.022,0.802,0.734,0.924,0.988,0.088,0.110,0.059,0.206
119,114,105,0.027,0.800,0.732,0.931,1.000,0.083,0.117,0.065,0.202,115.000,114.000,0.027,0.798,0.736,0.933,1.000,0.075,0.127,0.056,0.208,118.000,115.000,0.027,0.809,0.759,0.920,0.997,0.073,0.119,0.040,0.201,119.000,114.000,0.022,0.802,0.734,0.924,0.988,0.088,0.110,0.059,0.206
120,119,114,0.022,0.802,0.734,0.924,0.988,0.088,0.110,0.059,0.206,120.000,119.000,0.028,0.819,0.722,0.906,0.992,0.080,0.101,0.074,0.205,121.000,120.000,0.028,0.807,0.722,0.892,0.998,0.085,0.108,0.072,0.206,,,,,,,,,,,
121,120,119,0.028,0.819,0.722,0.906,0.992,0.080,0.101,0.074,0.205,121.000,120.000,0.028,0.807,0.722,0.892,0.998,0.085,0.108,0.072,0.206,122.000,120.000,0.034,0.840,0.710,0.918,0.997,0.088,0.071,0.079,0.211,,,,,,,,,,,
122,120,119,0.028,0.819,0.722,0.906,0.992,0.080,0.101,0.074,0.205,121.000,120.000,0.028,0.807,0.722,0.892,0.998,0.085,0.108,0.072,0.206,122.000,120.000,0.034,0.840,0.710,0.918,0.997,0.088,0.071,0.079,0.211,123.000,121.000,0.038,0.832,0.724,0.904,1.000,0.080,0.089,0.068,0.208
123,120,119,0.028,0.819,0.722,0.906,0.992,0.080,0.101,0.074,0.205,121.000,120.000,0.028,0.807,0.722,0.892,0.998,0.085,0.108,0.072,0.206,122.000,120.000,0.034,0.840,0.710,0.918,0.997,0.088,0.071,0.079,0.211,123.000,121.000,0.038,0.832,0.724,0.904,1.000,0.080,0.089,0.068,0.208
124,120,119,0.028,0.819,0.722,0.906,0.992,0.080,0.101,0.074,0.205,121.000,120.000,0.028,0.807,0.722,0.892,0.998,0.085,0.108,0.072,0.206,122.000,120.000,0.034,0.840,0.710,0.918,0.997,0.088,0.071,0.079,0.211,123.000,121.000,0.038,0.832,0.724,0.904,1.000,0.080,0.089,0.068,0.208
125,120,119,0.028,0.819,0.722,0.906,0.992,0.080,0.101,0.074,0.205,121.000,120.000,0.028,0.807,0.722,0.892,0.998,0.085,0.108,0.072,0.206,122.000,120.000,0.034,0.840,0.710,0.918,0.997,0.088,0.071,0.079,0.211,123.000,121.000,0.038,0.832,0.724,0.904,1.000,0.080,0.089,0.068,0.208
126,120,119,0.028,0.819,0.722,0.906,0.992,0.080,0.101,0.074,0.205,121.000,120.000,0.028,0.807,0.722,0.892,0.998,0.085,0.108,0.072,0.206,124.000,123.000,0.032,0.848,0.731,0.920,0.994,0.072,0.080,0.057,0.213,125.000,124.000,0.027,0.845,0.744,0.926,0.992,0.085,0.070,0.046,0.210
127,120,119,0.028,0.819,0.722,0.906,0.992,0.080,0.101,0.074,0.205,121.000,120.000,0.028,0.807,0.722,0.892,0.998,0.085,0.108,0.072,0.206,126.000,125.000,0.031,0.852,0.734,0.898,0.998,0.086,0.062,0.050,0.215,128.000,121.000,0.036,0.798,0.722,0.885,0.999,0.092,0.109,0.077,0.201
128,120,119,0.028,0.819,0.722,0.906,0.992,0.080,0.101,0.074,0.205,121.000,120.000,0.028,0.807,0.722,0.892,0.998,0.085,0.108,0.072,0.206,126.000,125.000,0.031,0.852,0.734,0.898,0.998,0.086,0.062,0.050,0.215,129.000,120.000,0.028,0.815,0.711,0.903,0.983,0.076,0.109,0.082,0.207
129,120,119,0.028,0.819,0.722,0.906,0.992,0.080,0.101,0.074,0.205,121.000,120.000,0.028,0.807,0.722,0.892,0.998,0.085,0.108,0.072,0.206,126.000,125.000,0.031,0.852,0.734,0.898,0.998,0.086,0.062,0.050,0.215,129.000,120.000,0.028,0.815,0.711,0.903,0.983,0.076,0.109,0.082,0.207
130,120,119,0.028,0.819,0.722,0.906,0.992,0.080,0.101,0.074,0.205,121.000,120.000,0.028,0.807,0.722,0.892,0.998,0.085,0.108,0.072,0.206,126.000,125.000,0.031,0.852,0.734,0.898,0.998,0.086,0.062,0.050,0.215,129.000,120.000,0.028,0.815,0.711,0.903,0.983,0.076,0.109,0.082,0.207
131,120,119,0.028,0.819,0.722,0.906,0.992,0.080,0.101,0.074,0.205,121.000,120.000,0.028,0.807,0.722,0.892,0.998,0.085,0.108,0.072,0.206,126.000,125.000,0.031,0.852,0.734,0.898,0.998,0.086,0.062,0.050,0.215,129.000,120.000,0.028,0.815,0.711,0.903,0.983,0.076,0.109,0.082,0.207
132,120,119,0.028,0.819,0.722,0.906,0.992,0.080,0.101,0.074,0.205,121.000,120.000,0.028,0.807,0.722,0.892,0.998,0.085,0.108,0.072,0.206,126.000,125.000,0.031,0.852,0.734,0.898,0.998,0.086,0.062,0.050,0.215,131.000,129.000,0.040,0.833,0.725,0.890,0.982,0.052,0.115,0.058,0.217
133,120,119,0.028,0.819,0.722,0.906,0.992,0.080,0.101,0.074,0.205,121.000,120.000,0.028,0.807,0.722,0.892,0.998,0.085,0.108,0.072,0.206,132.000,121.000,0.031,0.781,0.710,0.882,0.985,0.110,0.109,0.071,0.219,133.000,121.000,0.028,0.816,0.725,0.895,0.981,0.083,0.101,0.063,0.213
134,132,121,0.031,0.781,0.710,0.882,0.985,0.110,0.109,0.071,0.219,135.000,121.000,0.023,0.792,0.724,0.892,0.994,0.099,0.110,0.069,0.207,,,,,,,,,,,,,,,,,,,,,,
135,135,121,0.023,0.792,0.724,0.892,0.994,0.099,0.110,0.069,0.207,136.000,132.000,0.028,0.798,0.703,0.885,0.994,0.099,0.103,0.074,0.223,,,,,,,,,,,,,,,,,,,,,,
136,135,121,0.023,0.792,0.724,0.892,0.994,0.099,0.110,0.069,0.207,136.000,132.000,0.028,0.798,0.703,0.885,0.994,0.099,0.103,0.074,0.223,137.000,136.000,0.024,0.819,0.717,0.870,0.974,0.098,0.083,0.058,0.225,,,,,,,,,,,
137,135,121,0.023,0.792,0.724,0.892,0.994,0.099,0.110,0.069,0.207,136.000,132.000,0.028,0.798,0.703,0.885,0.994,0.099,0.103,0.074,0.223,137.000,136.000,0.024,0.819,0.717,0.870,0.974,0.098,0.083,0.058,0.225,138.000,135.000,0.027,0.793,0.723,0.901,0.981,0.107,0.100,0.071,0.206
138,135,121,0.023,0.792,0.724,0.892,0.994,0.099,0.110,0.069,0.207,136.000,132.000,0.028,0.798,0.703,0.885,0.994,0.099,0.103,0.074,0.223,137.000,136.000,0.024,0.819,0.717,0.870,0.974,0.098,0.083,0.058,0.225,138.000,135.000,0.027,0.793,0.723,0.901,0.981,0.107,0.100,0.071,0.206
139,135,121,0.023,0.792,0.724,0.892,0.994,0.099,0.110,0.069,0.207,136.000,132.000,0.028,0.798,0.703,0.885,0.994,0.099,0.103,0.074,0.223,137.000,136.000,0.024,0.819,0.717,0.870,0.974,0.098,0.083,0.058,0.225,138.000,135.000,0.027,0.793,0.723,0.901,0.981,0.107,0.100,0.071,0.206
140,136,132,0.028,0.798,0.703,0.885,0.994,0.099,0.103,0.074,0.223,140.000,136.000,0.029,0.815,0.701,0.854,0.990,0.087,0.098,0.068,0.231,,,,,,,,,,,,,,,,,,,,,,
141,136,132,0.028,0.798,0.703,0.885,0.994,0.099,0.103,0.074,0.223,140.000,136.000,0.029,0.815,0.701,0.854,0.990,0.087,0.098,0.068,0.231,,,,,,,,,,,,,,,,,,,,,,
142,136,132,0.028,0.798,0.703,0.885,0.994,0.099,0.103,0.074,0.223,140.000,136.000,0.029,0.815,0.701,0.854,0.990,0.087,0.098,0.068,0.231,143.000,136.000,0.032,0.822,0.714,0.884,0.985,0.087,0.091,0.059,0.227,,,,,,,,,,,
143,136,132,0.028,0.798,0.703,0.885,0.994,0.099,0.103,0.074,0.223,140.000,136.000,0.029,0.815,0.701,0.854,0.990,0.087,0.098,0.068,0.231,143.000,136.000,0.032,0.822,0.714,0.884,0.985,0.087,0.091,0.059,0.227,144.000,136.000,0.029,0.800,0.695,0.893,1.000,0.094,0.105,0.085,0.220
144,136,132,0.028,0.798,0.703,0.885,0.994,0.099,0.103,0.074,0.223,140.000,136.000,0.029,0.815,0.701,0.854,0.990,0.087,0.098,0.068,0.231,144.000,136.000,0.029,0.800,0.695,0.893,1.000,0.094,0.105,0.085,0.220,145.000,136.000,0.034,0.789,0.712,0.869,1.000,0.103,0.108,0.069,0.219
145,136,132,0.028,0.798,0.703,0.885,0.994,0.099,0.103,0.074,0.223,140.000,136.000,0.029,0.815,0.701,0.854,0.990,0.087,0.098,0.068,0.231,144.000,136.000,0.029,0.800,0.695,0.893,1.000,0.094,0.105,0.085,0.220,145.000,136.000,0.034,0.789,0.712,0.869,1.000,0.103,0.108,0.069,0.219
146,136,132,0.028,0.798,0.703,0.885,0.994,0.099,0.103,0.074,0.223,140.000,136.000,0.029,0.815,0.701,0.854,0.990,0.087,0.098,0.068,0.231,146.000,140.000,0.032,0.817,0.707,0.839,0.995,0.084,0.098,0.057,0.236,147.000,136.000,0.027,0.827,0.694,0.881,0.985,0.085,0.088,0.070,0.236
147,136,132,0.028,0.798,0.703,0.885,0.994,0.099,0.103,0.074,0.223,140.000,136.000,0.029,0.815,0.701,0.854,0.990,0.087,0.098,0.068,0.231,146.000,140.000,0.032,0.817,0.707,0.839,0.995,0.084,0.098,0.057,0.236,148.000,146.000,0.031,0.810,0.700,0.843,0.986,0.092,0.098,0.054,0.246
148,136,132,0.028,0.798,0.703,0.885,0.994,0.099,0.103,0.074,0.223,140.000,136.000,0.029,0.815,0.701,0.854,0.990,0.087,0.098,0.068,0.231,146.000,140.000,0.032,0.817,0.707,0.839,0.995,0.084,0.098,0.057,0.236,148.000,146.000,0.031,0.810,0.700,0.843,0.986,0.092,0.098,0.054,0.246
149,136,132,0.028,0.798,0.703,0.885,0.994,0.099,0.103,0.074,0.223,140.000,136.000,0.029,0.815,0.701,0.854,0.990,0.087,0.098,0.068,0.231,146.000,140.000,0.032,0.817,0.707,0.839,0.995,0.084,0.098,0.057,0.236,148.000,146.000,0.031,0.810,0.700,0.843,0.986,0.092,0.098,0.054,0.246
150,136,132,0.028,0.798,0.703,0.885,0.994,0.099,0.103,0.074,0.223,140.000,136.000,0.029,0.815,0.701,0.854,0.990,0.087,0.098,0.068,0.231,146.000,140.000,0.032,0.817,0.707,0.839,0.995,0.084,0.098,0.057,0.236,148.000,146.000,0.031,0.810,0.700,0.843,0.986,0.092,0.098,0.054,0.246
151,140,136,0.029,0.815,0.701,0.854,0.990,0.087,0.098,0.068,0.231,146.000,140.000,0.032,0.817,0.707,0.839,0.995,0.084,0.098,0.057,0.236,148.000,146.000,0.031,0.810,0.700,0.843,0.986,0.092,0.098,0.054,0.246,151.000,140.000,0.028,0.819,0.686,0.848,0.984,0.092,0.090,0.074,0.240
152,146,140,0.032,0.817,0.707,0.839,0.995,0.084,0.098,0.057,0.236,148.000,146.000,0.031,0.810,0.700,0.843,0.986,0.092,0.098,0.054,0.246,151.000,140.000,0.028,0.819,0.686,0.848,0.984,0.092,0.090,0.074,0.240,,,,,,,,,,,
153,146,140,0.032,0.817,0.707,0.839,0.995,0.084,0.098,0.057,0.236,148.000,146.000,0.031,0.810,0.700,0.843,0.986,0.092,0.098,0.054,0.246,151.000,140.000,0.028,0.819,0.686,0.848,0.984,0.092,0.090,0.074,0.240,,,,,,,,,,,
154,146,140,0.032,0.817,0.707,0.839,0.995,0.084,0.098,0.057,0.236,148.000,146.000,0.031,0.810,0.700,0.843,0.986,0.092,0.098,0.054,0.246,151.000,140.000,0.028,0.819,0.686,0.848,0.984,0.092,0.090,0.074,0.240,155.000,151.000,0.031,0.831,0.692,0.846,0.991,0.091,0.079,0.085,0.223
155,146,140,0.032,0.817,0.707,0.839,0.995,0.084,0.098,0.057,0.236,148.000,146.000,0.031,0.810,0.700,0.843,0.986,0.092,0.098,0.054,0.246,151.000,140.000,0.028,0.819,0.686,0.848,0.984,0.092,0.090,0.074,0.240,,,,,,,,,,,
156,146,140,0.032,0.817,0.707,0.839,0.995,0.084,0.098,0.057,0.236,148.000,146.000,0.031,0.810,0.700,0.843,0.986,0.092,0.098,0.054,0.246,151.000,140.000,0.028,0.819,0.686,0.848,0.984,0.092,0.090,0.074,0.240,157.000,151.000,0.028,0.804,0.691,0.826,0.978,0.094,0.102,0.068,0.242
157,146,140,0.032,0.817,0.707,0.839,0.995,0.084,0.098,0.057,0.236,148.000,146.000,0.031,0.810,0.700,0.843,0.986,0.092,0.098,0.054,0.246,151.000,140.000,0.028,0.819,0.686,0.848,0.984,0.092,0.090,0.074,0.240,157.000,151.000,0.028,0.804,0.691,0.826,0.978,0.094,0.102,0.068,0.242
158,146,140,0.032,0.817,0.707,0.839,0.995,0.084,0.098,0.057,0.236,148.000,146.000,0.031,0.810,0.700,0.843,0.986,0.092,0.098,0.054,0.246,151.000,140.000,0.028,0.819,0.686,0.848,0.984,0.092,0.090,0.074,0.240,157.000,151.000,0.028,0.804,0.691,0.826,0.978,0.094,0.102,0.068,0.242
159,148,146,0.031,0.810,0.700,0.843,0.986,0.092,0.098,0.054,0.246,151.000,140.000,0.028,0.819,0.686,0.848,0.984,0.092,0.090,0.074,0.240,158.000,157.000,0.026,0.793,0.685,0.820,0.977,0.097,0.111,0.069,0.245,,,,,,,,,,,
160,148,146,0.031,0.810,0.700,0.843,0.986,0.092,0.098,0.054,0.246,151.000,140.000,0.028,0.819,0.686,0.848,0.984,0.092,0.090,0.074,0.240,158.000,157.000,0.026,0.793,0.685,0.820,0.977,0.097,0.111,0.069,0.245,,,,,,,,,,,
161,148,146,0.031,0.810,0.700,0.843,0.986,0.092,0.098,0.054,0.246,151.000,140.000,0.028,0.819,0.686,0.848,0.984,0.092,0.090,0.074,0.240,158.000,157.000,0.026,0.793,0.685,0.820,0.977,0.097,0.111,0.069,0.245,162.000,148.000,0.034,0.797,0.708,0.837,0.975,0.104,0.100,0.050,0.242
162,148,146,0.031,0.810,0.700,0.843,0.986,0.092,0.098,0.054,0.246,151.000,140.000,0.028,0.819,0.686,0.848,0.984,0.092,0.090,0.074,0.240,158.000,157.000,0.026,0.793,0.685,0.820,0.977,0.097,0.111,0.069,0.245,163.000,162.000,0.035,0.809,0.707,0.831,0.969,0.097,0.094,0.052,0.241
163,148,146,0.031,0.810,0.700,0.843,0.986,0.092,0.098,0.054,0.246,151.000,140.000,0.028,0.819,0.686,0.848,0.984,0.092,0.090,0.074,0.240,158.000,157.000,0.026,0.793,0.685,0.820,0.977,0.097,0.111,0.069,0.245,164.000,148.000,0.037,0.800,0.705,0.842,0.984,0.097,0.103,0.045,0.250
164,148,146,0.031,0.810,0.700,0.843,0.986,0.092,0.098,0.054,0.246,151.000,140.000,0.028,0.819,0.686,0.848,0.984,0.092,0.090,0.074,0.240,158.000,157.000,0.026,0.793,0.685,0.820,0.977,0.097,0.111,0.069,0.245,164.000,148.000,0.037,0.800,0.705,0.842,0.984,0.097,0.103,0.045,0.250
165,148,146,0.031,0.810,0.700,0.843,0.986,0.092,0.098,0.054,0.246,151.000,140.000,0.028,0.819,0.686,0.848,0.984,0.092,0.090,0.074,0.240,158.000,157.000,0.026,0.793,0.685,0.820,0.977,0.097,0.111,0.069,0.245,164.000,148.000,0.037,0.800,0.705,0.842,0.984,0.097,0.103,0.045,0.250
166,148,146,0.031,0.810,0.700,0.843,0.986,0.092,0.098,0.054,0.246,151.000,140.000,0.028,0.819,0.686,0.848,0.984,0.092,0.090,0.074,0.240,158.000,157.000,0.026,0.793,0.685,0.820,0.977,0.097,0.111,0.069,0.245,164.000,148.000,0.037,0.800,0.705,0.842,0.984,0.097,0.103,0.045,0.250
167,148,146,0.031,0.810,0.700,0.843,0.986,0.092,0.098,0.054,0.246,151.000,140.000,0.028,0.819,0.686,0.848,0.984,0.092,0.090,0.074,0.240,158.000,157.000,0.026,0.793,0.685,0.820,0.977,0.097,0.111,0.069,0.245,164.000,148.000,0.037,0.800,0.705,0.842,0.984,0.097,0.103,0.045,0.250
168,148,146,0.031,0.810,0.700,0.843,0.986,0.092,0.098,0.054,0.246,151.000,140.000,0.028,0.819,0.686,0.848,0.984,0.092,0.090,0.074,0.240,158.000,157.000,0.026,0.793,0.685,0.820,0.977,0.097,0.111,0.069,0.245,164.000,148.000,0.037,0.800,0.705,0.842,0.984,0.097,0.103,0.045,0.250
169,148,146,0.031,0.810,0.700,0.843,0.986,0.092,0.098,0.054,0.246,151.000,140.000,0.028,0.819,0.686,0.848,0.984,0.092,0.090,0.074,0.240,158.000,157.000,0.026,0.793,0.685,0.820,0.977,0.097,0.111,0.069,0.245,166.000,148.000,0.027,0.804,0.710,0.839,0.980,0.103,0.093,0.054,0.236
170,148,146,0.031,0.810,0.700,0.843,0.986,0.092,0.098,0.054,0.246,151.000,140.000,0.028,0.819,0.686,0.848,0.984,0.092,0.090,0.074,0.240,158.000,157.000,0.026,0.793,0.685,0.820,0.977,0.097,0.111,0.069,0.245,166.000,148.000,0.027,0.804,0.710,0.839,0.980,0.103,0.093,0.054,0.236
171,148,146,0.031,0.810,0.700,0.843,0.986,0.092,0.098,0.054,0.246,151.000,140.000,0.028,0.819,0.686,0.848,0.984,0.092,0.090,0.074,0.240,158.000,157.000,0.026,0.793,0.685,0.820,0.977,0.097,0.111,0.069,0.245,170.000,165.000,0.024,0.824,0.691,0.838,0.975,0.086,0.090,0.057,0.251
172,148,146,0.031,0.810,0.700,0.843,0.986,0.092,0.098,0.054,0.246,151.000,140.000,0.028,0.819,0.686,0.848,0.984,0.092,0.090,0.074,0.240,158.000,157.000,0.026,0.793,0.685,0.820,0.977,0.097,0.111,0.069,0.245,171.000,148.000,0.039,0.828,0.703,0.822,1.000,0.085,0.087,0.047,0.251
173,148,146,0.031,0.810,0.700,0.843,0.986,0.092,0.098,0.054,0.246,151.000,140.000,0.028,0.819,0.686,0.848,0.984,0.092,0.090,0.074,0.240,158.000,157.000,0.026,0.793,0.685,0.820,0.977,0.097,0.111,0.069,0.245,171.000,148.000,0.039,0.828,0.703,0.822,1.000,0.085,0.087,0.047,0.251
174,148,146,0.031,0.810,0.700,0.843,0.986,0.092,0.098,0.054,0.246,175.000,174.000,0.031,0.794,0.693,0.851,0.994,0.096,0.110,0.048,0.259,,,,,,,,,,,,,,,,,,,,,,
175,148,146,0.031,0.810,0.700,0.843,0.986,0.092,0.098,0.054,0.246,175.000,174.000,0.031,0.794,0.693,0.851,0.994,0.096,0.110,0.048,0.259,176.000,148.000,0.028,0.802,0.690,0.828,0.973,0.088,0.110,0.068,0.242,,,,,,,,,,,
176,148,146,0.031,0.810,0.700,0.843,0.986,0.092,0.098,0.054,0.246,175.000,174.000,0.031,0.794,0.693,0.851,0.994,0.096,0.110,0.048,0.259,176.000,148.000,0.028,0.802,0.690,0.828,0.973,0.088,0.110,0.068,0.242,177.000,176.000,0.029,0.804,0.696,0.835,0.963,0.081,0.115,0.063,0.241
177,148,146,0.031,0.810,0.700,0.843,0.986,0.092,0.098,0.054,0.246,175.000,174.000,0.031,0.794,0.693,0.851,0.994,0.096,0.110,0.048,0.259,176.000,148.000,0.028,0.802,0.690,0.828,0.973,0.088,0.110,0.068,0.242,177.000,176.000,0.029,0.804,0.696,0.835,0.963,0.081,0.115,0.063,0.241
178,175,174,0.031,0.794,0.693,0.851,0.994,0.096,0.110,0.048,0.259,178.000,175.000,0.026,0.777,0.683,0.856,0.992,0.111,0.112,0.054,0.263,,,,,,,,,,,,,,,,,,,,,,
179,175,174,0.031,0.794,0.693,0.851,0.994,0.096,0.110,0.048,0.259,178.000,175.000,0.026,0.777,0.683,0.856,0.992,0.111,0.112,0.054,0.263,180.000,175.000,0.034,0.806,0.680,0.851,0.988,0.081,0.113,0.058,0.262,,,,,,,,,,,
180,175,174,0.031,0.794,0.693,0.851,0.994,0.096,0.110,0.048,0.259,178.000,175.000,0.026,0.777,0.683,0.856,0.992,0.111,0.112,0.054,0.263,180.000,175.000,0.034,0.806,0.680,0.851,0.988,0.081,0.113,0.058,0.262,181.000,178.000,0.023,0.758,0.684,0.862,0.974,0.111,0.131,0.044,0.272
181,175,174,0.031,0.794,0.693,0.851,0.994,0.096,0.110,0.048,0.259,178.000,175.000,0.026,0.777,0.683,0.856,0.992,0.111,0.112,0.054,0.263,180.000,175.000,0.034,0.806,0.680,0.851,0.988,0.081,0.113,0.058,0.262,181.000,178.000,0.023,0.758,0.684,0.862,0.974,0.111,0.131,0.044,0.272
182,175,174,0.031,0.794,0.693,0.851,0.994,0.096,0.110,0.048,0.259,178.000,175.000,0.026,0.777,0.683,0.856,0.992,0.111,0.112,0.054,0.263,181.000,178.000,0.023,0.758,0.684,0.862,0.974,0.111,0.131,0.044,0.272,182.000,178.000,0.027,0.772,0.681,0.849,1.000,0.100,0.128,0.051,0.268
183,175,174,0.031,0.794,0.693,0.851,0.994,0.096,0.110,0.048,0.259,178.000,175.000,0.026,0.777,0.683,0.856,0.992,0.111,0.112,0.054,0.263,181.000,178.000,0.023,0.758,0.684,0.862,0.974,0.111,0.131,0.044,0.272,182.000,178.000,0.027,0.772,0.681,0.849,1.000,0.100,0.128,0.051,0.268
184,175,174,0.031,0.794,0.693,0.851,0.994,0.096,0.110,0.048,0.259,178.000,175.000,0.026,0.777,0.683,0.856,0.992,0.111,0.112,0.054,0.263,182.000,178.000,0.027,0.772,0.681,0.849,1.000,0.100,0.128,0.051,0.268,183.000,182.000,0.032,0.773,0.681,0.840,0.982,0.094,0.133,0.051,0.268
185,175,174,0.031,0.794,0.693,0.851,0.994,0.096,0.110,0.048,0.259,178.000,175.000,0.026,0.777,0.683,0.856,0.992,0.111,0.112,0.054,0.263,182.000,178.000,0.027,0.772,0.681,0.849,1.000,0.100,0.128,0.051,0.268,183.000,182.000,0.032,0.773,0.681,0.840,0.982,0.094,0.133,0.051,0.268
186,178,175,0.026,0.777,0.683,0.856,0.992,0.111,0.112,0.054,0.263,182.000,178.000,0.027,0.772,0.681,0.849,1.000,0.100,0.128,0.051,0.268,183.000,182.000,0.032,0.773,0.681,0.840,0.982,0.094,0.133,0.051,0.268,184.000,178.000,0.023,0.775,0.680,0.863,0.978,0.101,0.124,0.051,0.268
187,178,175,0.026,0.777,0.683,0.856,0.992,0.111,0.112,0.054,0.263,182.000,178.000,0.027,0.772,0.681,0.849,1.000,0.100,0.128,0.051,0.268,184.000,178.000,0.023,0.775,0.680,0.863,0.978,0.101,0.124,0.051,0.268,185.000,178.000,0.028,0.776,0.690,0.871,0.986,0.110,0.114,0.059,0.252
188,178,175,0.026,0.777,0.683,0.856,0.992,0.111,0.112,0.054,0.263,182.000,178.000,0.027,0.772,0.681,0.849,1.000,0.100,0.128,0.051,0.268,184.000,178.000,0.023,0.775,0.680,0.863,0.978,0.101,0.124,0.051,0.268,185.000,178.000,0.028,0.776,0.690,0.871,0.986,0.110,0.114,0.059,0.252
189,178,175,0.026,0.777,0.683,0.856,0.992,0.111,0.112,0.054,0.263,182.000,178.000,0.027,0.772,0.681,0.849,1.000,0.100,0.128,0.051,0.268,184.000,178.000,0.023,0.775,0.680,0.863,0.978,0.101,0.124,0.051,0.268,185.000,178.000,0.028,0.776,0.690,0.871,0.986,0.110,0.114,0.059,0.252
190,178,175,0.026,0.777,0.683,0.856,0.992,0.111,0.112,0.054,0.263,184.000,178.000,0.023,0.775,0.680,0.863,0.978,0.101,0.124,0.051,0.268,185.000,178.000,0.028,0.776,0.690,0.871,0.986,0.110,0.114,0.059,0.252,188.000,185.000,0.036,0.754,0.682,0.878,0.983,0.120,0.127,0.061,0.257
191,178,175,0.026,0.777,0.683,0.856,0.992,0.111,0.112,0.054,0.263,191.000,188.000,0.033,0.769,0.696,0.874,0.990,0.122,0.109,0.049,0.254,192.000,190.000,0.027,0.802,0.705,0.858,1.000,0.102,0.096,0.048,0.248,,,,,,,,,,,
192,178,175,0.026,0.777,0.683,0.856,0.992,0.111,0.112,0.054,0.263,192.000,190.000,0.027,0.802,0.705,0.858,1.000,0.102,0.096,0.048,0.248,193.000,191.000,0.032,0.767,0.703,0.883,0.983,0.111,0.122,0.046,0.251,,,,,,,,,,,
193,178,175,0.026,0.777,0.683,0.856,0.992,0.111,0.112,0.054,0.263,192.000,190.000,0.027,0.802,0.705,0.858,1.000,0.102,0.096,0.048,0.248,194.000,193.000,0.039,0.772,0.702,0.873,0.983,0.110,0.118,0.049,0.248,,,,,,,,,,,
194,178,175,0.026,0.777,0.683,0.856,0.992,0.111,0.112,0.054,0.263,192.000,190.000,0.027,0.802,0.705,0.858,1.000,0.102,0.096,0.048,0.248,194.000,193.000,0.039,0.772,0.702,0.873,0.983,0.110,0.118,0.049,0.248,195.000,194.000,0.050,0.771,0.692,0.847,0.989,0.113,0.116,0.054,0.254
195,178,175,0.026,0.777,0.683,0.856,0.992,0.111,0.112,0.054,0.263,192.000,190.000,0.027,0.802,0.705,0.858,1.000,0.102,0.096,0.048,0.248,196.000,194.000,0.034,0.756,0.685,0.869,0.978,0.120,0.124,0.049,0.266,,,,,,,,,,,
196,178,175,0.026,0.777,0.683,0.856,0.992,0.111,0.112,0.054,0.263,196.000,194.000,0.034,0.756,0.685,0.869,0.978,0.120,0.124,0.049,0.266,197.000,178.000,0.018,0.785,0.689,0.868,0.991,0.107,0.109,0.050,0.261,,,,,,,,,,,
197,178,175,0.026,0.777,0.683,0.856,0.992,0.111,0.112,0.054,0.263,197.000,178.000,0.018,0.785,0.689,0.868,0.991,0.107,0.109,0.050,0.261,198.000,197.000,0.014,0.790,0.699,0.863,0.999,0.105,0.104,0.041,0.260,,,,,,,,,,,
198,178,175,0.026,0.777,0.683,0.856,0.992,0.111,0.112,0.054,0.263,197.000,178.000,0.018,0.785,0.689,0.868,0.991,0.107,0.109,0.050,0.261,198.000,197.000,0.014,0.790,0.699,0.863,0.999,0.105,0.104,0.041,0.260,199.000,178.000,0.029,0.786,0.694,0.857,0.997,0.100,0.114,0.062,0.244
199,178,175,0.026,0.777,0.683,0.856,0.992,0.111,0.112,0.054,0.263,197.000,178.000,0.018,0.785,0.689,0.868,0.991,0.107,0.109,0.050,0.261,199.000,178.000,0.029,0.786,0.694,0.857,0.997,0.100,0.114,0.062,0.244,200.000,199.000,0.032,0.782,0.704,0.864,0.992,0.101,0.117,0.059,0.238
200,178,175,0.026,0.777,0.683,0.856,0.992,0.111,0.112,0.054,0.263,197.000,178.000,0.018,0.785,0.689,0.868,0.991,0.107,0.109,0.050,0.261,199.000,178.000,0.029,0.786,0.694,0.857,0.997,0.100,0.114,0.062,0.244,200.000,199.000,0.032,0.782,0.704,0.864,0.992,0.101,0.117,0.059,0.238
201,178,175,0.026,0.777,0.683,0.856,0.992,0.111,0.112,0.054,0.263,197.000,178.000,0.018,0.785,0.689,0.868,0.991,0.107,0.109,0.050,0.261,199.000,178.000,0.029,0.786,0.694,0.857,0.997,0.100,0.114,0.062,0.244,200.000,199.000,0.032,0.782,0.704,0.864,0.992,0.101,0.117,0.059,0.238
202,178,175,0.026,0.777,0.683,0.856,0.992,0.111,0.112,0.054,0.263,197.000,178.000,0.018,0.785,0.689,0.868,0.991,0.107,0.109,0.050,0.261,199.000,178.000,0.029,0.786,0.694,0.857,0.997,0.100,0.114,0.062,0.244,200.000,199.000,0.032,0.782,0.704,0.864,0.992,0.101,0.117,0.059,0.238
203,178,175,0.026,0.777,0.683,0.856,0.992,0.111,0.112,0.054,0.263,197.000,178.000,0.018,0.785,0.689,0.868,0.991,0.107,0.109,0.050,0.261,199.000,178.000,0.029,0.786,0.694,0.857,0.997,0.100,0.114,0.062,0.244,202.000,201.000,0.027,0.750,0.703,0.848,0.995,0.118,0.132,0.060,0.237
204,204,197,0.022,0.769,0.677,0.863,1.000,0.115,0.116,0.055,0.268,205.000,197.000,0.020,0.756,0.673,0.881,0.996,0.121,0.122,0.052,0.275,,,,,,,,,,,,,,,,,,,,,,
205,204,197,0.022,0.769,0.677,0.863,1.000,0.115,0.116,0.055,0.268,205.000,197.000,0.020,0.756,0.673,0.881,0.996,0.121,0.122,0.052,0.275,206.000,205.000,0.024,0.737,0.666,0.890,0.979,0.134,0.130,0.070,0.265,,,,,,,,,,,
206,205,197,0.020,0.756,0.673,0.881,0.996,0.121,0.122,0.052,0.275,207.000,204.000,0.024,0.754,0.667,0.869,1.000,0.123,0.123,0.059,0.274,,,,,,,,,,,,,,,,,,,,,,
207,205,197,0.020,0.756,0.673,0.881,0.996,0.121,0.122,0.052,0.275,207.000,204.000,0.024,0.754,0.667,0.869,1.000,0.123,0.123,0.059,0.274,,,,,,,,,,,,,,,,,,,,,,
208,205,197,0.020,0.756,0.673,0.881,0.996,0.121,0.122,0.052,0.275,207.000,204.000,0.024,0.754,0.667,0.869,1.000,0.123,0.123,0.059,0.274,209.000,207.000,0.024,0.736,0.654,0.856,0.992,0.125,0.140,0.061,0.285,,,,,,,,,,,
209,205,197,0.020,0.756,0.673,0.881,0.996,0.121,0.122,0.052,0.275,207.000,204.000,0.024,0.754,0.667,0.869,1.000,0.123,0.123,0.059,0.274,209.000,207.000,0.024,0.736,0.654,0.856,0.992,0.125,0.140,0.061,0.285,210.000,209.000,0.015,0.734,0.643,0.847,1.000,0.136,0.130,0.064,0.293
210,207,204,0.024,0.754,0.667,0.869,1.000,0.123,0.123,0.059,0.274,209.000,207.000,0.024,0.736,0.654,0.856,0.992,0.125,0.140,0.061,0.285,211.000,207.000,0.023,0.744,0.663,0.870,0.998,0.124,0.133,0.062,0.275,,,,,,,,,,,
211,209,207,0.024,0.736,0.654,0.856,0.992,0.125,0.140,0.061,0.285,211.000,207.000,0.023,0.744,0.663,0.870,0.998,0.124,0.133,0.062,0.275,212.000,211.000,0.017,0.736,0.669,0.886,1.000,0.138,0.126,0.053,0.277,,,,,,,,,,,
212,209,207,0.024,0.736,0.654,0.856,0.992,0.125,0.140,0.061,0.285,211.000,207.000,0.023,0.744,0.663,0.870,0.998,0.124,0.133,0.062,0.275,212.000,211.000,0.017,0.736,0.669,0.886,1.000,0.138,0.126,0.053,0.277,213.000,212.000,0.018,0.714,0.686,0.899,1.000,0.151,0.135,0.053,0.261
213,209,207,0.024,0.736,0.654,0.856,0.992,0.125,0.140,0.061,0.285,211.000,207.000,0.023,0.744,0.663,0.870,0.998,0.124,0.133,0.062,0.275,213.000,212.000,0.018,0.714,0.686,0.899,1.000,0.151,0.135,0.053,0.261,214.000,211.000,0.021,0.733,0.672,0.858,0.999,0.122,0.145,0.057,0.272
214,209,207,0.024,0.736,0.654,0.856,0.992,0.125,0.140,0.061,0.285,211.000,207.000,0.023,0.744,0.663,0.870,0.998,0.124,0.133,0.062,0.275,213.000,212.000,0.018,0.714,0.686,0.899,1.000,0.151,0.135,0.053,0.261,214.000,211.000,0.021,0.733,0.672,0.858,0.999,0.122,0.145,0.057,0.272
215,209,207,0.024,0.736,0.654,0.856,0.992,0.125,0.140,0.061,0.285,211.000,207.000,0.023,0.744,0.663,0.870,0.998,0.124,0.133,0.062,0.275,213.000,212.000,0.018,0.714,0.686,0.899,1.000,0.151,0.135,0.053,0.261,214.000,211.000,0.021,0.733,0.672,0.858,0.999,0.122,0.145,0.057,0.272
216,209,207,0.024,0.736,0.654,0.856,0.992,0.125,0.140,0.061,0.285,211.000,207.000,0.023,0.744,0.663,0.870,0.998,0.124,0.133,0.062,0.275,214.000,211.000,0.021,0.733,0.672,0.858,0.999,0.122,0.145,0.057,0.272,215.000,213.000,0.014,0.708,0.692,0.901,1.000,0.151,0.141,0.048,0.260
217,209,207,0.024,0.736,0.654,0.856,0.992,0.125,0.140,0.061,0.285,211.000,207.000,0.023,0.744,0.663,0.870,0.998,0.124,0.133,0.062,0.275,214.000,211.000,0.021,0.733,0.672,0.858,0.999,0.122,0.145,0.057,0.272,215.000,213.000,0.014,0.708,0.692,0.901,1.000,0.151,0.141,0.048,0.260
218,209,207,0.024,0.736,0.654,0.856,0.992,0.125,0.140,0.061,0.285,211.000,207.000,0.023,0.744,0.663,0.870,0.998,0.124,0.133,0.062,0.275,214.000,211.000,0.021,0.733,0.672,0.858,0.999,0.122,0.145,0.057,0.272,215.000,213.000,0.014,0.708,0.692,0.901,1.000,0.151,0.141,0.048,0.260
219,209,207,0.024,0.736,0.654,0.856,0.992,0.125,0.140,0.061,0.285,211.000,207.000,0.023,0.744,0.663,0.870,0.998,0.124,0.133,0.062,0.275,214.000,211.000,0.021,0.733,0.672,0.858,0.999,0.122,0.145,0.057,0.272,216.000,214.000,0.022,0.734,0.677,0.846,1.000,0.113,0.153,0.047,0.276
220,209,207,0.024,0.736,0.654,0.856,0.992,0.125,0.140,0.061,0.285,216.000,214.000,0.022,0.734,0.677,0.846,1.000,0.113,0.153,0.047,0.276,220.000,209.000,0.020,0.722,0.657,0.866,0.994,0.125,0.154,0.061,0.282,221.000,211.000,0.023,0.741,0.657,0.876,1.000,0.130,0.129,0.056,0.287
221,209,207,0.024,0.736,0.654,0.856,0.992,0.125,0.140,0.061,0.285,216.000,214.000,0.022,0.734,0.677,0.846,1.000,0.113,0.153,0.047,0.276,220.000,209.000,0.020,0.722,0.657,0.866,0.994,0.125,0.154,0.061,0.282,221.000,211.000,0.023,0.741,0.657,0.876,1.000,0.130,0.129,0.056,0.287
222,209,207,0.024,0.736,0.654,0.856,0.992,0.125,0.140,0.061,0.285,216.000,214.000,0.022,0.734,0.677,0.846,1.000,0.113,0.153,0.047,0.276,220.000,209.000,0.020,0.722,0.657,0.866,0.994,0.125,0.154,0.061,0.282,221.000,211.000,0.023,0.741,0.657,0.876,1.000,0.130,0.129,0.056,0.287
223,209,207,0.024,0.736,0.654,0.856,0.992,0.125,0.140,0.061,0.285,216.000,214.000,0.022,0.734,0.677,0.846,1.000,0.113,0.153,0.047,0.276,220.000,209.000,0.020,0.722,0.657,0.866,0.994,0.125,0.154,0.061,0.282,221.000,211.000,0.023,0.741,0.657,0.876,1.000,0.130,0.129,0.056,0.287
224,209,207,0.024,0.736,0.654,0.856,0.992,0.125,0.140,0.061,0.285,216.000,214.000,0.022,0.734,0.677,0.846,1.000,0.113,0.153,0.047,0.276,220.000,209.000,0.020,0.722,0.657,0.866,0.994,0.125,0.154,0.061,0.282,221.000,211.000,0.023,0.741,0.657,0.876,1.000,0.130,0.129,0.056,0.287
225,209,207,0.024,0.736,0.654,0.856,0.992,0.125,0.140,0.061,0.285,220.000,209.000,0.020,0.722,0.657,0.866,0.994,0.125,0.154,0.061,0.282,225.000,220.000,0.019,0.701,0.658,0.839,0.985,0.117,0.182,0.059,0.284,226.000,220.000,0.019,0.698,0.664,0.858,0.994,0.140,0.162,0.045,0.291
226,209,207,0.024,0.736,0.654,0.856,0.992,0.125,0.140,0.061,0.285,220.000,209.000,0.020,0.722,0.657,0.866,0.994,0.125,0.154,0.061,0.282,225.000,220.000,0.019,0.701,0.658,0.839,0.985,0.117,0.182,0.059,0.284,226.000,220.000,0.019,0.698,0.664,0.858,0.994,0.140,0.162,0.045,0.291
227,209,207,0.024,0.736,0.654,0.856,0.992,0.125,0.140,0.061,0.285,226.000,220.000,0.019,0.698,0.664,0.858,0.994,0.140,0.162,0.045,0.291,227.000,209.000,0.029,0.735,0.626,0.865,1.000,0.121,0.144,0.088,0.286,228.000,227.000,0.035,0.761,0.641,0.869,1.000,0.111,0.128,0.085,0.275
228,209,207,0.024,0.736,0.654,0.856,0.992,0.125,0.140,0.061,0.285,226.000,220.000,0.019,0.698,0.664,0.858,0.994,0.140,0.162,0.045,0.291,227.000,209.000,0.029,0.735,0.626,0.865,1.000,0.121,0.144,0.088,0.286,,,,,,,,,,,
229,209,207,0.024,0.736,0.654,0.856,0.992,0.125,0.140,0.061,0.285,226.000,220.000,0.019,0.698,0.664,0.858,0.994,0.140,0.162,0.045,0.291,227.000,209.000,0.029,0.735,0.626,0.865,1.000,0.121,0.144,0.088,0.286,230.000,226.000,0.011,0.693,0.664,0.863,0.984,0.147,0.160,0.067,0.270
230,209,207,0.024,0.736,0.654,0.856,0.992,0.125,0.140,0.061,0.285,227.000,209.000,0.029,0.735,0.626,0.865,1.000,0.121,0.144,0.088,0.286,231.000,227.000,0.027,0.732,0.622,0.868,0.998,0.115,0.153,0.089,0.289,,,,,,,,,,,
231,209,207,0.024,0.736,0.654,0.856,0.992,0.125,0.140,0.061,0.285,227.000,209.000,0.029,0.735,0.626,0.865,1.000,0.121,0.144,0.088,0.286,231.000,227.000,0.027,0.732,0.622,0.868,0.998,0.115,0.153,0.089,0.289,232.000,227.000,0.029,0.734,0.635,0.870,1.000,0.112,0.154,0.098,0.268
232,209,207,0.024,0.736,0.654,0.856,0.992,0.125,0.140,0.061,0.285,227.000,209.000,0.029,0.735,0.626,0.865,1.000,0.121,0.144,0.088,0.286,231.000,227.000,0.027,0.732,0.622,0.868,0.998,0.115,0.153,0.089,0.289,233.000,227.000,0.032,0.749,0.630,0.832,0.997,0.110,0.141,0.084,0.286
233,209,207,0.024,0.736,0.654,0.856,0.992,0.125,0.140,0.061,0.285,227.000,209.000,0.029,0.735,0.626,0.865,1.000,0.121,0.144,0.088,0.286,231.000,227.000,0.027,0.732,0.622,0.868,0.998,0.115,0.153,0.089,0.289,233.000,227.000,0.032,0.749,0.630,0.832,0.997,0.110,0.141,0.084,0.286
234,209,207,0.024,0.736,0.654,0.856,0.992,0.125,0.140,0.061,0.285,227.000,209.000,0.029,0.735,0.626,0.865,1.000,0.121,0.144,0.088,0.286,231.000,227.000,0.027,0.732,0.622,0.868,0.998,0.115,0.153,0.089,0.289,233.000,227.000,0.032,0.749,0.630,0.832,0.997,0.110,0.141,0.084,0.286
235,209,207,0.024,0.736,0.654,0.856,0.992,0.125,0.140,0.061,0.285,231.000,227.000,0.027,0.732,0.622,0.868,0.998,0.115,0.153,0.089,0.289,233.000,227.000,0.032,0.749,0.630,0.832,0.997,0.110,0.141,0.084,0.286,234.000,209.000,0.019,0.736,0.659,0.877,0.994,0.131,0.133,0.042,0.299
236,209,207,0.024,0.736,0.654,0.856,0.992,0.125,0.140,0.061,0.285,233.000,227.000,0.032,0.749,0.630,0.832,0.997,0.110,0.141,0.084,0.286,234.000,209.000,0.019,0.736,0.659,0.877,0.994,0.131,0.133,0.042,0.299,235.000,227.000,0.021,0.732,0.625,0.863,1.000,0.120,0.147,0.095,0.281
237,209,207,0.024,0.736,0.654,0.856,0.992,0.125,0.140,0.061,0.285,233.000,227.000,0.032,0.749,0.630,0.832,0.997,0.110,0.141,0.084,0.286,234.000,209.000,0.019,0.736,0.659,0.877,0.994,0.131,0.133,0.042,0.299,235.000,227.000,0.021,0.732,0.625,0.863,1.000,0.120,0.147,0.095,0.281
238,209,207,0.024,0.736,0.654,0.856,0.992,0.125,0.140,0.061,0.285,234.000,209.000,0.019,0.736,0.659,0.877,0.994,0.131,0.133,0.042,0.299,237.000,233.000,0.033,0.747,0.641,0.840,0.996,0.097,0.156,0.079,0.280,238.000,237.000,0.034,0.758,0.641,0.842,0.988,0.082,0.160,0.070,0.290
239,209,207,0.024,0.736,0.654,0.856,0.992,0.125,0.140,0.061,0.285,234.000,209.000,0.019,0.736,0.659,0.877,0.994,0.131,0.133,0.042,0.299,237.000,233.000,0.033,0.747,0.641,0.840,0.996,0.097,0.156,0.079,0.280,238.000,237.000,0.034,0.758,0.641,0.842,0.988,0.082,0.160,0.070,0.290
240,209,207,0.024,0.736,0.654,0.856,0.992,0.125,0.140,0.061,0.285,234.000,209.000,0.019,0.736,0.659,0.877,0.994,0.131,0.133,0.042,0.299,238.000,237.000,0.034,0.758,0.641,0.842,0.988,0.082,0.160,0.070,0.290,241.000,238.000,0.037,0.754,0.632,0.827,1.000,0.078,0.168,0.082,0.285
241,209,207,0.024,0.736,0.654,0.856,0.992,0.125,0.140,0.061,0.285,238.000,237.000,0.034,0.758,0.641,0.842,0.988,0.082,0.160,0.070,0.290,242.000,241.000,0.044,0.765,0.631,0.811,1.000,0.076,0.159,0.078,0.291,,,,,,,,,,,
242,209,207,0.024,0.736,0.654,0.856,0.992,0.125,0.140,0.061,0.285,238.000,237.000,0.034,0.758,0.641,0.842,0.988,0.082,0.160,0.070,0.290,243.000,209.000,0.024,0.746,0.664,0.864,1.000,0.122,0.131,0.047,0.290,,,,,,,,,,,
243,209,207,0.024,0.736,0.654,0.856,0.992,0.125,0.140,0.061,0.285,243.000,209.000,0.024,0.746,0.664,0.864,1.000,0.122,0.131,0.047,0.290,244.000,243.000,0.017,0.748,0.638,0.849,1.000,0.118,0.134,0.062,0.300,,,,,,,,,,,
244,209,207,0.024,0.736,0.654,0.856,0.992,0.125,0.140,0.061,0.285,243.000,209.000,0.024,0.746,0.664,0.864,1.000,0.122,0.131,0.047,0.290,244.000,243.000,0.017,0.748,0.638,0.849,1.000,0.118,0.134,0.062,0.300,245.000,244.000,0.009,0.753,0.622,0.851,1.000,0.117,0.130,0.073,0.305
245,209,207,0.024,0.736,0.654,0.856,0.992,0.125,0.140,0.061,0.285,243.000,209.000,0.024,0.746,0.664,0.864,1.000,0.122,0.131,0.047,0.290,246.000,245.000,0.013,0.753,0.639,0.869,0.999,0.115,0.132,0.074,0.287,,,,,,,,,,,
246,209,207,0.024,0.736,0.654,0.856,0.992,0.125,0.140,0.061,0.285,243.000,209.000,0.024,0.746,0.664,0.864,1.000,0.122,0.131,0.047,0.290,247.000,243.000,0.033,0.723,0.642,0.871,1.000,0.137,0.140,0.062,0.296,,,,,,,,,,,
247,209,207,0.024,0.736,0.654,0.856,0.992,0.125,0.140,0.061,0.285,243.000,209.000,0.024,0.746,0.664,0.864,1.000,0.122,0.131,0.047,0.290,247.000,243.000,0.033,0.723,0.642,0.871,1.000,0.137,0.140,0.062,0.296,248.000,247.000,0.030,0.710,0.639,0.868,0.978,0.138,0.151,0.066,0.294
248,209,207,0.024,0.736,0.654,0.856,0.992,0.125,0.140,0.061,0.285,243.000,209.000,0.024,0.746,0.664,0.864,1.000,0.122,0.131,0.047,0.290,247.000,243.000,0.033,0.723,0.642,0.871,1.000,0.137,0.140,0.062,0.296,248.000,247.000,0.030,0.710,0.639,0.868,0.978,0.138,0.151,0.066,0.294
249,209,207,0.024,0.736,0.654,0.856,0.992,0.125,0.140,0.061,0.285,243.000,209.000,0.024,0.746,0.664,0.864,1.000,0.122,0.131,0.047,0.290,247.000,243.000,0.033,0.723,0.642,0.871,1.000,0.137,0.140,0.062,0.296,248.000,247.000,0.030,0.710,0.639,0.868,0.978,0.138,0.151,0.066,0.294
250,209,207,0.024,0.736,0.654,0.856,0.992,0.125,0.140,0.061,0.285,243.000,209.000,0.024,0.746,0.664,0.864,1.000,0.122,0.131,0.047,0.290,247.000,243.000,0.033,0.723,0.642,0.871,1.000,0.137,0.140,0.062,0.296,248.000,247.000,0.030,0.710,0.639,0.868,0.978,0.138,0.151,0.066,0.294
251,209,207,0.024,0.736,0.654,0.856,0.992,0.125,0.140,0.061,0.285,243.000,209.000,0.024,0.746,0.664,0.864,1.000,0.122,0.131,0.047,0.290,247.000,243.000,0.033,0.723,0.642,0.871,1.000,0.137,0.140,0.062,0.296,250.000,248.000,0.030,0.721,0.612,0.868,0.980,0.136,0.143,0.079,0.309
252,209,207,0.024,0.736,0.654,0.856,0.992,0.125,0.140,0.061,0.285,243.000,209.000,0.024,0.746,0.664,0.864,1.000,0.122,0.131,0.047,0.290,252.000,251.000,0.022,0.680,0.646,0.871,0.987,0.130,0.191,0.058,0.296,253.000,243.000,0.031,0.734,0.662,0.852,1.000,0.132,0.134,0.037,0.301
253,209,207,0.024,0.736,0.654,0.856,0.992,0.125,0.140,0.061,0.285,243.000,209.000,0.024,0.746,0.664,0.864,1.000,0.122,0.131,0.047,0.290,252.000,251.000,0.022,0.680,0.646,0.871,0.987,0.130,0.191,0.058,0.296,253.000,243.000,0.031,0.734,0.662,0.852,1.000,0.132,0.134,0.037,0.301
254,209,207,0.024,0.736,0.654,0.856,0.992,0.125,0.140,0.061,0.285,243.000,209.000,0.024,0.746,0.664,0.864,1.000,0.122,0.131,0.047,0.290,252.000,251.000,0.022,0.680,0.646,0.871,0.987,0.130,0.191,0.058,0.296,254.000,253.000,0.034,0.738,0.655,0.837,1.000,0.130,0.132,0.040,0.305
255,209,207,0.024,0.736,0.654,0.856,0.992,0.125,0.140,0.061,0.285,243.000,209.000,0.024,0.746,0.664,0.864,1.000,0.122,0.131,0.047,0.290,252.000,251.000,0.022,0.680,0.646,0.871,0.987,0.130,0.191,0.058,0.296,254.000,253.000,0.034,0.738,0.655,0.837,1.000,0.130,0.132,0.040,0.305
256,209,207,0.024,0.736,0.654,0.856,0.992,0.125,0.140,0.061,0.285,243.000,209.000,0.024,0.746,0.664,0.864,1.000,0.122,0.131,0.047,0.290,252.000,251.000,0.022,0.680,0.646,0.871,0.987,0.130,0.191,0.058,0.296,254.000,253.000,0.034,0.738,0.655,0.837,1.000,0.130,0.132,0.040,0.305
257,209,207,0.024,0.736,0.654,0.856,0.992,0.125,0.140,0.061,0.285,243.000,209.000,0.024,0.746,0.664,0.864,1.000,0.122,0.131,0.047,0.290,252.000,251.000,0.022,0.680,0.646,0.871,0.987,0.130,0.191,0.058,0.296,254.000,253.000,0.034,0.738,0.655,0.837,1.000,0.130,0.132,0.040,0.305
258,209,207,0.024,0.736,0.654,0.856,0.992,0.125,0.140,0.061,0.285,243.000,209.000,0.024,0.746,0.664,0.864,1.000,0.122,0.131,0.047,0.290,252.000,251.000,0.022,0.680,0.646,0.871,0.987,0.130,0.191,0.058,0.296,254.000,253.000,0.034,0.738,0.655,0.837,1.000,0.130,0.132,0.040,0.305
259,209,207,0.024,0.736,0.654,0.856,0.992,0.125,0.140,0.061,0.285,259.000,254.000,0.029,0.735,0.669,0.840,1.000,0.130,0.135,0.040,0.291,260.000,209.000,0.033,0.745,0.667,0.848,1.000,0.118,0.138,0.055,0.278,,,,,,,,,,,
260,209,207,0.024,0.736,0.654,0.856,0.992,0.125,0.140,0.061,0.285,259.000,254.000,0.029,0.735,0.669,0.840,1.000,0.130,0.135,0.040,0.291,260.000,209.000,0.033,0.745,0.667,0.848,1.000,0.118,0.138,0.055,0.278,261.000,209.000,0.020,0.746,0.650,0.861,0.979,0.133,0.121,0.067,0.283
261,209,207,0.024,0.736,0.654,0.856,0.992,0.125,0.140,0.061,0.285,259.000,254.000,0.029,0.735,0.669,0.840,1.000,0.130,0.135,0.040,0.291,260.000,209.000,0.033,0.745,0.667,0.848,1.000,0.118,0.138,0.055,0.278,262.000,259.000,0.031,0.734,0.663,0.847,0.992,0.129,0.137,0.047,0.291
262,209,207,0.024,0.736,0.654,0.856,0.992,0.125,0.140,0.061,0.285,262.000,259.000,0.031,0.734,0.663,0.847,0.992,0.129,0.137,0.047,0.291,263.000,260.000,0.035,0.747,0.657,0.862,0.999,0.106,0.146,0.071,0.272,,,,,,,,,,,
263,209,207,0.024,0.736,0.654,0.856,0.992,0.125,0.140,0.061,0.285,262.000,259.000,0.031,0.734,0.663,0.847,0.992,0.129,0.137,0.047,0.291,263.000,260.000,0.035,0.747,0.657,0.862,0.999,0.106,0.146,0.071,0.272,264.000,263.000,0.032,0.754,0.654,0.862,0.998,0.103,0.143,0.077,0.269
264,209,207,0.024,0.736,0.654,0.856,0.992,0.125,0.140,0.061,0.285,262.000,259.000,0.031,0.734,0.663,0.847,0.992,0.129,0.137,0.047,0.291,264.000,263.000,0.032,0.754,0.654,0.862,0.998,0.103,0.143,0.077,0.269,265.000,264.000,0.029,0.741,0.658,0.878,1.000,0.116,0.143,0.072,0.270
265,209,207,0.024,0.736,0.654,0.856,0.992,0.125,0.140,0.061,0.285,262.000,259.000,0.031,0.734,0.663,0.847,0.992,0.129,0.137,0.047,0.291,264.000,263.000,0.032,0.754,0.654,0.862,0.998,0.103,0.143,0.077,0.269,265.000,264.000,0.029,0.741,0.658,0.878,1.000,0.116,0.143,0.072,0.270
266,209,207,0.024,0.736,0.654,0.856,0.992,0.125,0.140,0.061,0.285,262.000,259.000,0.031,0.734,0.663,0.847,0.992,0.129,0.137,0.047,0.291,265.000,264.000,0.029,0.741,0.658,0.878,1.000,0.116,0.143,0.072,0.270,266.000,265.000,0.032,0.750,0.659,0.872,1.000,0.101,0.149,0.071,0.270
267,209,207,0.024,0.736,0.654,0.856,0.992,0.125,0.140,0.061,0.285,265.000,264.000,0.029,0.741,0.658,0.878,1.000,0.116,0.143,0.072,0.270,266.000,265.000,0.032,0.750,0.659,0.872,1.000,0.101,0.149,0.071,0.270,267.000,209.000,0.032,0.750,0.651,0.849,1.000,0.124,0.126,0.050,0.299
268,209,207,0.024,0.736,0.654,0.856,0.992,0.125,0.140,0.061,0.285,268.000,267.000,0.028,0.736,0.655,0.853,0.997,0.132,0.132,0.050,0.295,,,,,,,,,,,,,,,,,,,,,,
269,209,207,0.024,0.736,0.654,0.856,0.992,0.125,0.140,0.061,0.285,268.000,267.000,0.028,0.736,0.655,0.853,0.997,0.132,0.132,0.050,0.295,,,,,,,,,,,,,,,,,,,,,,
270,209,207,0.024,0.736,0.654,0.856,0.992,0.125,0.140,0.061,0.285,268.000,267.000,0.028,0.736,0.655,0.853,0.997,0.132,0.132,0.050,0.295,,,,,,,,,,,,,,,,,,,,,,
271,209,207,0.024,0.736,0.654,0.856,0.992,0.125,0.140,0.061,0.285,268.000,267.000,0.028,0.736,0.655,0.853,0.997,0.132,0.132,0.050,0.295,272.000,209.000,0.022,0.727,0.658,0.868,0.997,0.140,0.133,0.062,0.280,,,,,,,,,,,
272,268,267,0.028,0.736,0.655,0.853,0.997,0.132,0.132,0.050,0.295,273.000,268.000,0.032,0.735,0.630,0.853,0.996,0.127,0.138,0.062,0.308,,,,,,,,,,,,,,,,,,,,,,
273,268,267,0.028,0.736,0.655,0.853,0.997,0.132,0.132,0.050,0.295,273.000,268.000,0.032,0.735,0.630,0.853,0.996,0.127,0.138,0.062,0.308,,,,,,,,,,,,,,,,,,,,,,
274,268,267,0.028,0.736,0.655,0.853,0.997,0.132,0.132,0.050,0.295,273.000,268.000,0.032,0.735,0.630,0.853,0.996,0.127,0.138,0.062,0.308,275.000,273.000,0.030,0.738,0.628,0.832,0.988,0.132,0.131,0.057,0.315,,,,,,,,,,,
275,268,267,0.028,0.736,0.655,0.853,0.997,0.132,0.132,0.050,0.295,273.000,268.000,0.032,0.735,0.630,0.853,0.996,0.127,0.138,0.062,0.308,275.000,273.000,0.030,0.738,0.628,0.832,0.988,0.132,0.131,0.057,0.315,276.000,275.000,0.036,0.748,0.636,0.840,0.983,0.125,0.128,0.048,0.316
276,273,268,0.032,0.735,0.630,0.853,0.996,0.127,0.138,0.062,0.308,277.000,275.000,0.028,0.734,0.618,0.819,0.987,0.124,0.141,0.053,0.328,,,,,,,,,,,,,,,,,,,,,,
277,273,268,0.032,0.735,0.630,0.853,0.996,0.127,0.138,0.062,0.308,277.000,275.000,0.028,0.734,0.618,0.819,0.987,0.124,0.141,0.053,0.328,,,,,,,,,,,,,,,,,,,,,,
278,273,268,0.032,0.735,0.630,0.853,0.996,0.127,0.138,0.062,0.308,277.000,275.000,0.028,0.734,0.618,0.819,0.987,0.124,0.141,0.053,0.328,,,,,,,,,,,,,,,,,,,,,,
279,273,268,0.032,0.735,0.630,0.853,0.996,0.127,0.138,0.062,0.308,277.000,275.000,0.028,0.734,0.618,0.819,0.987,0.124,0.141,0.053,0.328,,,,,,,,,,,,,,,,,,,,,,
280,273,268,0.032,0.735,0.630,0.853,0.996,0.127,0.138,0.062,0.308,277.000,275.000,0.028,0.734,0.618,0.819,0.987,0.124,0.141,0.053,0.328,281.000,273.000,0.031,0.734,0.619,0.858,0.997,0.125,0.142,0.068,0.313,,,,,,,,,,,
281,273,268,0.032,0.735,0.630,0.853,0.996,0.127,0.138,0.062,0.308,282.000,273.000,0.027,0.738,0.626,0.857,0.995,0.119,0.144,0.062,0.312,,,,,,,,,,,,,,,,,,,,,,
282,273,268,0.032,0.735,0.630,0.853,0.996,0.127,0.138,0.062,0.308,282.000,273.000,0.027,0.738,0.626,0.857,0.995,0.119,0.144,0.062,0.312,283.000,282.000,0.034,0.729,0.644,0.854,0.989,0.133,0.138,0.058,0.298,,,,,,,,,,,
283,273,268,0.032,0.735,0.630,0.853,0.996,0.127,0.138,0.062,0.308,282.000,273.000,0.027,0.738,0.626,0.857,0.995,0.119,0.144,0.062,0.312,284.000,273.000,0.036,0.749,0.613,0.871,0.999,0.107,0.144,0.071,0.316,,,,,,,,,,,
284,273,268,0.032,0.735,0.630,0.853,0.996,0.127,0.138,0.062,0.308,282.000,273.000,0.027,0.738,0.626,0.857,0.995,0.119,0.144,0.062,0.312,285.000,284.000,0.035,0.755,0.622,0.864,0.991,0.120,0.126,0.061,0.317,,,,,,,,,,,
285,273,268,0.032,0.735,0.630,0.853,0.996,0.127,0.138,0.062,0.308,282.000,273.000,0.027,0.738,0.626,0.857,0.995,0.119,0.144,0.062,0.312,285.000,284.000,0.035,0.755,0.622,0.864,0.991,0.120,0.126,0.061,0.317,286.000,285.000,0.034,0.742,0.605,0.875,1.000,0.127,0.131,0.073,0.322
286,273,268,0.032,0.735,0.630,0.853,0.996,0.127,0.138,0.062,0.308,282.000,273.000,0.027,0.738,0.626,0.857,0.995,0.119,0.144,0.062,0.312,285.000,284.000,0.035,0.755,0.622,0.864,0.991,0.120,0.126,0.061,0.317,286.000,285.000,0.034,0.742,0.605,0.875,1.000,0.127,0.131,0.073,0.322
287,273,268,0.032,0.735,0.630,0.853,0.996,0.127,0.138,0.062,0.308,282.000,273.000,0.027,0.738,0.626,0.857,0.995,0.119,0.144,0.062,0.312,285.000,284.000,0.035,0.755,0.622,0.864,0.991,0.120,0.126,0.061,0.317,287.000,286.000,0.029,0.749,0.604,0.873,0.987,0.121,0.130,0.080,0.316
288,273,268,0.032,0.735,0.630,0.853,0.996,0.127,0.138,0.062,0.308,282.000,273.000,0.027,0.738,0.626,0.857,0.995,0.119,0.144,0.062,0.312,285.000,284.000,0.035,0.755,0.622,0.864,0.991,0.120,0.126,0.061,0.317,287.000,286.000,0.029,0.749,0.604,0.873,0.987,0.121,0.130,0.080,0.316
289,273,268,0.032,0.735,0.630,0.853,0.996,0.127,0.138,0.062,0.308,282.000,273.000,0.027,0.738,0.626,0.857,0.995,0.119,0.144,0.062,0.312,287.000,286.000,0.029,0.749,0.604,0.873,0.987,0.121,0.130,0.080,0.316,289.000,282.000,0.027,0.757,0.612,0.870,0.998,0.103,0.140,0.063,0.325
290,273,268,0.032,0.735,0.630,0.853,0.996,0.127,0.138,0.062,0.308,282.000,273.000,0.027,0.738,0.626,0.857,0.995,0.119,0.144,0.062,0.312,287.000,286.000,0.029,0.749,0.604,0.873,0.987,0.121,0.130,0.080,0.316,289.000,282.000,0.027,0.757,0.612,0.870,0.998,0.103,0.140,0.063,0.325
291,273,268,0.032,0.735,0.630,0.853,0.996,0.127,0.138,0.062,0.308,282.000,273.000,0.027,0.738,0.626,0.857,0.995,0.119,0.144,0.062,0.312,287.000,286.000,0.029,0.749,0.604,0.873,0.987,0.121,0.130,0.080,0.316,289.000,282.000,0.027,0.757,0.612,0.870,0.998,0.103,0.140,0.063,0.325
292,273,268,0.032,0.735,0.630,0.853,0.996,0.127,0.138,0.062,0.308,282.000,273.000,0.027,0.738,0.626,0.857,0.995,0.119,0.144,0.062,0.312,287.000,286.000,0.029,0.749,0.604,0.873,0.987,0.121,0.130,0.080,0.316,289.000,282.000,0.027,0.757,0.612,0.870,0.998,0.103,0.140,0.063,0.325
293,273,268,0.032,0.735,0.630,0.853,0.996,0.127,0.138,0.062,0.308,282.000,273.000,0.027,0.738,0.626,0.857,0.995,0.119,0.144,0.062,0.312,289.000,282.000,0.027,0.757,0.612,0.870,0.998,0.103,0.140,0.063,0.325,290.000,285.000,0.032,0.753,0.611,0.877,0.991,0.111,0.136,0.065,0.323
294,273,268,0.032,0.735,0.630,0.853,0.996,0.127,0.138,0.062,0.308,282.000,273.000,0.027,0.738,0.626,0.857,0.995,0.119,0.144,0.062,0.312,289.000,282.000,0.027,0.757,0.612,0.870,0.998,0.103,0.140,0.063,0.325,291.000,290.000,0.025,0.754,0.623,0.880,0.989,0.103,0.143,0.048,0.329
295,273,268,0.032,0.735,0.630,0.853,0.996,0.127,0.138,0.062,0.308,282.000,273.000,0.027,0.738,0.626,0.857,0.995,0.119,0.144,0.062,0.312,289.000,282.000,0.027,0.757,0.612,0.870,0.998,0.103,0.140,0.063,0.325,291.000,290.000,0.025,0.754,0.623,0.880,0.989,0.103,0.143,0.048,0.329
296,273,268,0.032,0.735,0.630,0.853,0.996,0.127,0.138,0.062,0.308,282.000,273.000,0.027,0.738,0.626,0.857,0.995,0.119,0.144,0.062,0.312,289.000,282.000,0.027,0.757,0.612,0.870,0.998,0.103,0.140,0.063,0.325,291.000,290.000,0.025,0.754,0.623,0.880,0.989,0.103,0.143,0.048,0.329
297,273,268,0.032,0.735,0.630,0.853,0.996,0.127,0.138,0.062,0.308,282.000,273.000,0.027,0.738,0.626,0.857,0.995,0.119,0.144,0.062,0.312,289.000,282.000,0.027,0.757,0.612,0.870,0.998,0.103,0.140,0.063,0.325,291.000,290.000,0.025,0.754,0.623,0.880,0.989,0.103,0.143,0.048,0.329
298,282,273,0.027,0.738,0.626,0.857,0.995,0.119,0.144,0.062,0.312,289.000,282.000,0.027,0.757,0.612,0.870,0.998,0.103,0.140,0.063,0.325,291.000,290.000,0.025,0.754,0.623,0.880,0.989,0.103,0.143,0.048,0.329,292.000,273.000,0.030,0.720,0.618,0.865,0.989,0.130,0.150,0.060,0.321
299,282,273,0.027,0.738,0.626,0.857,0.995,0.119,0.144,0.062,0.312,292.000,273.000,0.030,0.720,0.618,0.865,0.989,0.130,0.150,0.060,0.321,296.000,282.000,0.031,0.750,0.619,0.863,0.994,0.109,0.141,0.073,0.309,297.000,292.000,0.020,0.702,0.619,0.853,0.981,0.137,0.161,0.057,0.324
300,282,273,0.027,0.738,0.626,0.857,0.995,0.119,0.144,0.062,0.312,292.000,273.000,0.030,0.720,0.618,0.865,0.989,0.130,0.150,0.060,0.321,296.000,282.000,0.031,0.750,0.619,0.863,0.994,0.109,0.141,0.073,0.309,297.000,292.000,0.020,0.702,0.619,0.853,0.981,0.137,0.161,0.057,0.324
301,282,273,0.027,0.738,0.626,0.857,0.995,0.119,0.144,0.062,0.312,292.000,273.000,0.030,0.720,0.618,0.865,0.989,0.130,0.150,0.060,0.321,296.000,282.000,0.031,0.750,0.619,0.863,0.994,0.109,0.141,0.073,0.309,297.000,292.000,0.020,0.702,0.619,0.853,0.981,0.137,0.161,0.057,0.324
302,282,273,0.027,0.738,0.626,0.857,0.995,0.119,0.144,0.062,0.312,292.000,273.000,0.030,0.720,0.618,0.865,0.989,0.130,0.150,0.060,0.321,296.000,282.000,0.031,0.750,0.619,0.863,0.994,0.109,0.141,0.073,0.309,299.000,291.000,0.023,0.740,0.607,0.867,0.984,0.105,0.155,0.051,0.342
303,282,273,0.027,0.738,0.626,0.857,0.995,0.119,0.144,0.062,0.312,292.000,273.000,0.030,0.720,0.618,0.865,0.989,0.130,0.150,0.060,0.321,299.000,291.000,0.023,0.740,0.607,0.867,0.984,0.105,0.155,0.051,0.342,302.000,297.000,0.026,0.714,0.601,0.857,0.984,0.132,0.154,0.074,0.325
304,282,273,0.027,0.738,0.626,0.857,0.995,0.119,0.144,0.062,0.312,292.000,273.000,0.030,0.720,0.618,0.865,0.989,0.130,0.150,0.060,0.321,299.000,291.000,0.023,0.740,0.607,0.867,0.984,0.105,0.155,0.051,0.342,302.000,297.000,0.026,0.714,0.601,0.857,0.984,0.132,0.154,0.074,0.325
305,282,273,0.027,0.738,0.626,0.857,0.995,0.119,0.144,0.062,0.312,292.000,273.000,0.030,0.720,0.618,0.865,0.989,0.130,0.150,0.060,0.321,299.000,291.000,0.023,0.740,0.607,0.867,0.984,0.105,0.155,0.051,0.342,302.000,297.000,0.026,0.714,0.601,0.857,0.984,0.132,0.154,0.074,0.325
306,282,273,0.027,0.738,0.626,0.857,0.995,0.119,0.144,0.062,0.312,299.000,291.000,0.023,0.740,0.607,0.867,0.984,0.105,0.155,0.051,0.342,302.000,297.000,0.026,0.714,0.601,0.857,0.984,0.132,0.154,0.074,0.325,304.000,296.000,0.025,0.756,0.621,0.891,0.998,0.123,0.121,0.065,0.313
307,282,273,0.027,0.738,0.626,0.857,0.995,0.119,0.144,0.062,0.312,299.000,291.000,0.023,0.740,0.607,0.867,0.984,0.105,0.155,0.051,0.342,302.000,297.000,0.026,0.714,0.601,0.857,0.984,0.132,0.154,0.074,0.325,304.000,296.000,0.025,0.756,0.621,0.891,0.998,0.123,0.121,0.065,0.313
308,282,273,0.027,0.738,0.626,0.857,0.995,0.119,0.144,0.062,0.312,302.000,297.000,0.026,0.714,0.601,0.857,0.984,0.132,0.154,0.074,0.325,304.000,296.000,0.025,0.756,0.621,0.891,0.998,0.123,0.121,0.065,0.313,305.000,282.000,0.025,0.752,0.629,0.869,0.991,0.104,0.144,0.064,0.306
309,282,273,0.027,0.738,0.626,0.857,0.995,0.119,0.144,0.062,0.312,302.000,297.000,0.026,0.714,0.601,0.857,0.984,0.132,0.154,0.074,0.325,304.000,296.000,0.025,0.756,0.621,0.891,0.998,0.123,0.121,0.065,0.313,305.000,282.000,0.025,0.752,0.629,0.869,0.991,0.104,0.144,0.064,0.306
310,282,273,0.027,0.738,0.626,0.857,0.995,0.119,0.144,0.062,0.312,302.000,297.000,0.026,0.714,0.601,0.857,0.984,0.132,0.154,0.074,0.325,304.000,296.000,0.025,0.756,0.621,0.891,0.998,0.123,0.121,0.065,0.313,305.000,282.000,0.025,0.752,0.629,0.869,0.991,0.104,0.144,0.064,0.306
311,282,273,0.027,0.738,0.626,0.857,0.995,0.119,0.144,0.062,0.312,302.000,297.000,0.026,0.714,0.601,0.857,0.984,0.132,0.154,0.074,0.325,304.000,296.000,0.025,0.756,0.621,0.891,0.998,0.123,0.121,0.065,0.313,305.000,282.000,0.025,0.752,0.629,0.869,0.991,0.104,0.144,0.064,0.306
312,282,273,0.027,0.738,0.626,0.857,0.995,0.119,0.144,0.062,0.312,305.000,282.000,0.025,0.752,0.629,0.869,0.991,0.104,0.144,0.064,0.306,311.000,304.000,0.027,0.753,0.623,0.884,1.000,0.114,0.133,0.066,0.311,313.000,305.000,0.030,0.781,0.634,0.862,1.000,0.097,0.123,0.068,0.298
313,282,273,0.027,0.738,0.626,0.857,0.995,0.119,0.144,0.062,0.312,311.000,304.000,0.027,0.753,0.623,0.884,1.000,0.114,0.133,0.066,0.311,313.000,305.000,0.030,0.781,0.634,0.862,1.000,0.097,0.123,0.068,0.298,314.000,282.000,0.033,0.725,0.627,0.864,1.000,0.134,0.141,0.063,0.311
314,282,273,0.027,0.738,0.626,0.857,0.995,0.119,0.144,0.062,0.312,311.000,304.000,0.027,0.753,0.623,0.884,1.000,0.114,0.133,0.066,0.311,313.000,305.000,0.030,0.781,0.634,0.862,1.000,0.097,0.123,0.068,0.298,314.000,282.000,0.033,0.725,0.627,0.864,1.000,0.134,0.141,0.063,0.311
315,282,273,0.027,0.738,0.626,0.857,0.995,0.119,0.144,0.062,0.312,311.000,304.000,0.027,0.753,0.623,0.884,1.000,0.114,0.133,0.066,0.311,313.000,305.000,0.030,0.781,0.634,0.862,1.000,0.097,0.123,0.068,0.298,314.000,282.000,0.033,0.725,0.627,0.864,1.000,0.134,0.141,0.063,0.311
316,282,273,0.027,0.738,0.626,0.857,0.995,0.119,0.144,0.062,0.312,317.000,314.000,0.030,0.725,0.627,0.856,0.991,0.124,0.151,0.062,0.311,,,,,,,,,,,,,,,,,,,,,,
317,282,273,0.027,0.738,0.626,0.857,0.995,0.119,0.144,0.062,0.312,317.000,314.000,0.030,0.725,0.627,0.856,0.991,0.124,0.151,0.062,0.311,318.000,317.000,0.025,0.721,0.611,0.849,1.000,0.118,0.161,0.072,0.317,,,,,,,,,,,
318,282,273,0.027,0.738,0.626,0.857,0.995,0.119,0.144,0.062,0.312,317.000,314.000,0.030,0.725,0.627,0.856,0.991,0.124,0.151,0.062,0.311,318.000,317.000,0.025,0.721,0.611,0.849,1.000,0.118,0.161,0.072,0.317,319.000,317.000,0.026,0.727,0.630,0.834,0.993,0.126,0.147,0.051,0.318
319,282,273,0.027,0.738,0.626,0.857,0.995,0.119,0.144,0.062,0.312,317.000,314.000,0.030,0.725,0.627,0.856,0.991,0.124,0.151,0.062,0.311,318.000,317.000,0.025,0.721,0.611,0.849,1.000,0.118,0.161,0.072,0.317,319.000,317.000,0.026,0.727,0.630,0.834,0.993,0.126,0.147,0.051,0.318
320,282,273,0.027,0.738,0.626,0.857,0.995,0.119,0.144,0.062,0.312,317.000,314.000,0.030,0.725,0.627,0.856,0.991,0.124,0.151,0.062,0.311,318.000,317.000,0.025,0.721,0.611,0.849,1.000,0.118,0.161,0.072,0.317,319.000,317.000,0.026,0.727,0.630,0.834,0.993,0.126,0.147,0.051,0.318
321,282,273,0.027,0.738,0.626,0.857,0.995,0.119,0.144,0.062,0.312,317.000,314.000,0.030,0.725,0.627,0.856,0.991,0.124,0.151,0.062,0.311,318.000,317.000,0.025,0.721,0.611,0.849,1.000,0.118,0.161,0.072,0.317,319.000,317.000,0.026,0.727,0.630,0.834,0.993,0.126,0.147,0.051,0.318
322,282,273,0.027,0.738,0.626,0.857,0.995,0.119,0.144,0.062,0.312,317.000,314.000,0.030,0.725,0.627,0.856,0.991,0.124,0.151,0.062,0.311,319.000,317.000,0.026,0.727,0.630,0.834,0.993,0.126,0.147,0.051,0.318,320.000,317.000,0.035,0.711,0.615,0.854,0.982,0.131,0.157,0.078,0.307
323,282,273,0.027,0.738,0.626,0.857,0.995,0.119,0.144,0.062,0.312,317.000,314.000,0.030,0.725,0.627,0.856,0.991,0.124,0.151,0.062,0.311,319.000,317.000,0.026,0.727,0.630,0.834,0.993,0.126,0.147,0.051,0.318,321.000,317.000,0.027,0.710,0.628,0.860,0.980,0.134,0.156,0.055,0.317
324,282,273,0.027,0.738,0.626,0.857,0.995,0.119,0.144,0.062,0.312,319.000,317.000,0.026,0.727,0.630,0.834,0.993,0.126,0.147,0.051,0.318,321.000,317.000,0.027,0.710,0.628,0.860,0.980,0.134,0.156,0.055,0.317,324.000,320.000,0.027,0.716,0.586,0.860,0.982,0.126,0.158,0.095,0.319
325,282,273,0.027,0.738,0.626,0.857,0.995,0.119,0.144,0.062,0.312,319.000,317.000,0.026,0.727,0.630,0.834,0.993,0.126,0.147,0.051,0.318,325.000,282.000,0.030,0.743,0.631,0.862,0.982,0.116,0.141,0.070,0.299,326.000,319.000,0.034,0.740,0.620,0.836,0.979,0.117,0.143,0.064,0.316
326,282,273,0.027,0.738,0.626,0.857,0.995,0.119,0.144,0.062,0.312,319.000,317.000,0.026,0.727,0.630,0.834,0.993,0.126,0.147,0.051,0.318,325.000,282.000,0.030,0.743,0.631,0.862,0.982,0.116,0.141,0.070,0.299,326.000,319.000,0.034,0.740,0.620,0.836,0.979,0.117,0.143,0.064,0.316
327,282,273,0.027,0.738,0.626,0.857,0.995,0.119,0.144,0.062,0.312,319.000,317.000,0.026,0.727,0.630,0.834,0.993,0.126,0.147,0.051,0.318,328.000,319.000,0.019,0.738,0.631,0.827,0.991,0.119,0.143,0.057,0.312,,,,,,,,,,,
328,282,273,0.027,0.738,0.626,0.857,0.995,0.119,0.144,0.062,0.312,319.000,317.000,0.026,0.727,0.630,0.834,0.993,0.126,0.147,0.051,0.318,328.000,319.000,0.019,0.738,0.631,0.827,0.991,0.119,0.143,0.057,0.312,329.000,282.000,0.023,0.751,0.639,0.851,1.000,0.108,0.141,0.053,0.308
329,282,273,0.027,0.738,0.626,0.857,0.995,0.119,0.144,0.062,0.312,319.000,317.000,0.026,0.727,0.630,0.834,0.993,0.126,0.147,0.051,0.318,329.000,282.000,0.023,0.751,0.639,0.851,1.000,0.108,0.141,0.053,0.308,330.000,319.000,0.028,0.726,0.641,0.831,0.993,0.117,0.157,0.047,0.312
330,282,273,0.027,0.738,0.626,0.857,0.995,0.119,0.144,0.062,0.312,319.000,317.000,0.026,0.727,0.630,0.834,0.993,0.126,0.147,0.051,0.318,329.000,282.000,0.023,0.751,0.639,0.851,1.000,0.108,0.141,0.053,0.308,330.000,319.000,0.028,0.726,0.641,0.831,0.993,0.117,0.157,0.047,0.312
331,282,273,0.027,0.738,0.626,0.857,0.995,0.119,0.144,0.062,0.312,319.000,317.000,0.026,0.727,0.630,0.834,0.993,0.126,0.147,0.051,0.318,329.000,282.000,0.023,0.751,0.639,0.851,1.000,0.108,0.141,0.053,0.308,330.000,319.000,0.028,0.726,0.641,0.831,0.993,0.117,0.157,0.047,0.312
332,282,273,0.027,0.738,0.626,0.857,0.995,0.119,0.144,0.062,0.312,319.000,317.000,0.026,0.727,0.630,0.834,0.993,0.126,0.147,0.051,0.318,329.000,282.000,0.023,0.751,0.639,0.851,1.000,0.108,0.141,0.053,0.308,333.000,319.000,0.021,0.727,0.640,0.832,0.990,0.120,0.153,0.054,0.307
333,282,273,0.027,0.738,0.626,0.857,0.995,0.119,0.144,0.062,0.312,319.000,317.000,0.026,0.727,0.630,0.834,0.993,0.126,0.147,0.051,0.318,333.000,319.000,0.021,0.727,0.640,0.832,0.990,0.120,0.153,0.054,0.307,334.000,333.000,0.025,0.731,0.640,0.829,1.000,0.119,0.150,0.057,0.303
334,282,273,0.027,0.738,0.626,0.857,0.995,0.119,0.144,0.062,0.312,319.000,317.000,0.026,0.727,0.630,0.834,0.993,0.126,0.147,0.051,0.318,335.000,333.000,0.022,0.725,0.629,0.827,1.000,0.121,0.154,0.056,0.315,,,,,,,,,,,
335,282,273,0.027,0.738,0.626,0.857,0.995,0.119,0.144,0.062,0.312,319.000,317.000,0.026,0.727,0.630,0.834,0.993,0.126,0.147,0.051,0.318,,,,,,,,,,,,,,,,,,,,,,
336,282,273,0.027,0.738,0.626,0.857,0.995,0.119,0.144,0.062,0.312,319.000,317.000,0.026,0.727,0.630,0.834,0.993,0.126,0.147,0.051,0.318,337.000,319.000,0.024,0.736,0.622,0.847,0.978,0.124,0.140,0.043,0.335,,,,,,,,,,,
337,282,273,0.027,0.738,0.626,0.857,0.995,0.119,0.144,0.062,0.312,319.000,317.000,0.026,0.727,0.630,0.834,0.993,0.126,0.147,0.051,0.318,338.000,282.000,0.027,0.730,0.621,0.855,0.991,0.113,0.158,0.070,0.308,,,,,,,,,,,
338,282,273,0.027,0.738,0.626,0.857,0.995,0.119,0.144,0.062,0.312,319.000,317.000,0.026,0.727,0.630,0.834,0.993,0.126,0.147,0.051,0.318,338.000,282.000,0.027,0.730,0.621,0.855,0.991,0.113,0.158,0.070,0.308,339.000,282.000,0.028,0.733,0.624,0.849,1.000,0.123,0.144,0.062,0.314
339,282,273,0.027,0.738,0.626,0.857,0.995,0.119,0.144,0.062,0.312,319.000,317.000,0.026,0.727,0.630,0.834,0.993,0.126,0.147,0.051,0.318,338.000,282.000,0.027,0.730,0.621,0.855,0.991,0.113,0.158,0.070,0.308,339.000,282.000,0.028,0.733,0.624,0.849,1.000,0.123,0.144,0.062,0.314
340,282,273,0.027,0.738,0.626,0.857,0.995,0.119,0.144,0.062,0.312,319.000,317.000,0.026,0.727,0.630,0.834,0.993,0.126,0.147,0.051,0.318,338.000,282.000,0.027,0.730,0.621,0.855,0.991,0.113,0.158,0.070,0.308,340.000,319.000,0.025,0.733,0.645,0.832,0.991,0.123,0.144,0.045,0.310
341,282,273,0.027,0.738,0.626,0.857,0.995,0.119,0.144,0.062,0.312,319.000,317.000,0.026,0.727,0.630,0.834,0.993,0.126,0.147,0.051,0.318,341.000,339.000,0.023,0.745,0.629,0.848,1.000,0.106,0.149,0.051,0.319,,,,,,,,,,,
342,282,273,0.027,0.738,0.626,0.857,0.995,0.119,0.144,0.062,0.312,319.000,317.000,0.026,0.727,0.630,0.834,0.993,0.126,0.147,0.051,0.318,341.000,339.000,0.023,0.745,0.629,0.848,1.000,0.106,0.149,0.051,0.319,343.000,282.000,0.029,0.735,0.612,0.854,0.994,0.111,0.154,0.073,0.316
343,282,273,0.027,0.738,0.626,0.857,0.995,0.119,0.144,0.062,0.312,319.000,317.000,0.026,0.727,0.630,0.834,0.993,0.126,0.147,0.051,0.318,343.000,282.000,0.029,0.735,0.612,0.854,0.994,0.111,0.154,0.073,0.316,344.000,282.000,0.029,0.758,0.633,0.858,1.000,0.110,0.131,0.058,0.309
344,282,273,0.027,0.738,0.626,0.857,0.995,0.119,0.144,0.062,0.312,319.000,317.000,0.026,0.727,0.630,0.834,0.993,0.126,0.147,0.051,0.318,343.000,282.000,0.029,0.735,0.612,0.854,0.994,0.111,0.154,0.073,0.316,344.000,282.000,0.029,0.758,0.633,0.858,1.000,0.110,0.131,0.058,0.309
345,282,273,0.027,0.738,0.626,0.857,0.995,0.119,0.144,0.062,0.312,319.000,317.000,0.026,0.727,0.630,0.834,0.993,0.126,0.147,0.051,0.318,343.000,282.000,0.029,0.735,0.612,0.854,0.994,0.111,0.154,0.073,0.316,344.000,282.000,0.029,0.758,0.633,0.858,1.000,0.110,0.131,0.058,0.309
346,282,273,0.027,0.738,0.626,0.857,0.995,0.119,0.144,0.062,0.312,319.000,317.000,0.026,0.727,0.630,0.834,0.993,0.126,0.147,0.051,0.318,347.000,344.000,0.025,0.772,0.628,0.848,1.000,0.099,0.129,0.049,0.323,,,,,,,,,,,
347,282,273,0.027,0.738,0.626,0.857,0.995,0.119,0.144,0.062,0.312,319.000,317.000,0.026,0.727,0.630,0.834,0.993,0.126,0.147,0.051,0.318,347.000,344.000,0.025,0.772,0.628,0.848,1.000,0.099,0.129,0.049,0.323,348.000,347.000,0.022,0.752,0.620,0.831,0.989,0.115,0.133,0.057,0.322
348,282,273,0.027,0.738,0.626,0.857,0.995,0.119,0.144,0.062,0.312,319.000,317.000,0.026,0.727,0.630,0.834,0.993,0.126,0.147,0.051,0.318,347.000,344.000,0.025,0.772,0.628,0.848,1.000,0.099,0.129,0.049,0.323,348.000,347.000,0.022,0.752,0.620,0.831,0.989,0.115,0.133,0.057,0.322
349,282,273,0.027,0.738,0.626,0.857,0.995,0.119,0.144,0.062,0.312,319.000,317.000,0.026,0.727,0.630,0.834,0.993,0.126,0.147,0.051,0.318,347.000,344.000,0.025,0.772,0.628,0.848,1.000,0.099,0.129,0.049,0.323,348.000,347.000,0.022,0.752,0.620,0.831,0.989,0.115,0.133,0.057,0.322
350,282,273,0.027,0.738,0.626,0.857,0.995,0.119,0.144,0.062,0.312,319.000,317.000,0.026,0.727,0.630,0.834,0.993,0.126,0.147,0.051,0.318,347.000,344.000,0.025,0.772,0.628,0.848,1.000,0.099,0.129,0.049,0.323,348.000,347.000,0.022,0.752,0.620,0.831,0.989,0.115,0.133,0.057,0.322
351,282,273,0.027,0.738,0.626,0.857,0.995,0.119,0.144,0.062,0.312,319.000,317.000,0.026,0.727,0.630,0.834,0.993,0.126,0.147,0.051,0.318,348.000,347.000,0.022,0.752,0.620,0.831,0.989,0.115,0.133,0.057,0.322,349.000,348.000,0.024,0.760,0.612,0.826,0.983,0.123,0.117,0.054,0.334
352,282,273,0.027,0.738,0.626,0.857,0.995,0.119,0.144,0.062,0.312,319.000,317.000,0.026,0.727,0.630,0.834,0.993,0.126,0.147,0.051,0.318,348.000,347.000,0.022,0.752,0.620,0.831,0.989,0.115,0.133,0.057,0.322,349.000,348.000,0.024,0.760,0.612,0.826,0.983,0.123,0.117,0.054,0.334
353,282,273,0.027,0.738,0.626,0.857,0.995,0.119,0.144,0.062,0.312,319.000,317.000,0.026,0.727,0.630,0.834,0.993,0.126,0.147,0.051,0.318,348.000,347.000,0.022,0.752,0.620,0.831,0.989,0.115,0.133,0.057,0.322,349.000,348.000,0.024,0.760,0.612,0.826,0.983,0.123,0.117,0.054,0.334
354,282,273,0.027,0.738,0.626,0.857,0.995,0.119,0.144,0.062,0.312,319.000,317.000,0.026,0.727,0.630,0.834,0.993,0.126,0.147,0.051,0.318,348.000,347.000,0.022,0.752,0.620,0.831,0.989,0.115,0.133,0.057,0.322,349.000,348.000,0.024,0.760,0.612,0.826,0.983,0.123,0.117,0.054,0.334
355,282,273,0.027,0.738,0.626,0.857,0.995,0.119,0.144,0.062,0.312,319.000,317.000,0.026,0.727,0.630,0.834,0.993,0.126,0.147,0.051,0.318,348.000,347.000,0.022,0.752,0.620,0.831,0.989,0.115,0.133,0.057,0.322,349.000,348.000,0.024,0.760,0.612,0.826,0.983,0.123,0.117,0.054,0.334
356,282,273,0.027,0.738,0.626,0.857,0.995,0.119,0.144,0.062,0.312,319.000,317.000,0.026,0.727,0.630,0.834,0.993,0.126,0.147,0.051,0.318,348.000,347.000,0.022,0.752,0.620,0.831,0.989,0.115,0.133,0.057,0.322,349.000,348.000,0.024,0.760,0.612,0.826,0.983,0.123,0.117,0.054,0.334
357,282,273,0.027,0.738,0.626,0.857,0.995,0.119,0.144,0.062,0.312,319.000,317.000,0.026,0.727,0.630,0.834,0.993,0.126,0.147,0.051,0.318,348.000,347.000,0.022,0.752,0.620,0.831,0.989,0.115,0.133,0.057,0.322,349.000,348.000,0.024,0.760,0.612,0.826,0.983,0.123,0.117,0.054,0.334
358,319,317,0.026,0.727,0.630,0.834,0.993,0.126,0.147,0.051,0.318,349.000,348.000,0.024,0.760,0.612,0.826,0.983,0.123,0.117,0.054,0.334,351.000,319.000,0.023,0.727,0.641,0.843,0.991,0.120,0.153,0.046,0.313,355.000,319.000,0.026,0.719,0.631,0.820,1.000,0.125,0.156,0.050,0.319
359,319,317,0.026,0.727,0.630,0.834,0.993,0.126,0.147,0.051,0.318,360.000,359.000,0.023,0.774,0.615,0.813,0.994,0.111,0.116,0.055,0.331,,,,,,,,,,,,,,,,,,,,,,
360,319,317,0.026,0.727,0.630,0.834,0.993,0.126,0.147,0.051,0.318,360.000,359.000,0.023,0.774,0.615,0.813,0.994,0.111,0.116,0.055,0.331,,,,,,,,,,,,,,,,,,,,,,
361,319,317,0.026,0.727,0.630,0.834,0.993,0.126,0.147,0.051,0.318,360.000,359.000,0.023,0.774,0.615,0.813,0.994,0.111,0.116,0.055,0.331,362.000,319.000,0.019,0.738,0.617,0.837,0.989,0.119,0.143,0.061,0.322,,,,,,,,,,,
362,319,317,0.026,0.727,0.630,0.834,0.993,0.126,0.147,0.051,0.318,360.000,359.000,0.023,0.774,0.615,0.813,0.994,0.111,0.116,0.055,0.331,362.000,319.000,0.019,0.738,0.617,0.837,0.989,0.119,0.143,0.061,0.322,,,,,,,,,,,
363,319,317,0.026,0.727,0.630,0.834,0.993,0.126,0.147,0.051,0.318,360.000,359.000,0.023,0.774,0.615,0.813,0.994,0.111,0.116,0.055,0.331,362.000,319.000,0.019,0.738,0.617,0.837,0.989,0.119,0.143,0.061,0.322,364.000,319.000,0.034,0.712,0.638,0.851,0.989,0.129,0.159,0.047,0.315
364,319,317,0.026,0.727,0.630,0.834,0.993,0.126,0.147,0.051,0.318,360.000,359.000,0.023,0.774,0.615,0.813,0.994,0.111,0.116,0.055,0.331,365.000,319.000,0.021,0.726,0.623,0.837,0.986,0.137,0.137,0.060,0.316,,,,,,,,,,,
365,319,317,0.026,0.727,0.630,0.834,0.993,0.126,0.147,0.051,0.318,360.000,359.000,0.023,0.774,0.615,0.813,0.994,0.111,0.116,0.055,0.331,365.000,319.000,0.021,0.726,0.623,0.837,0.986,0.137,0.137,0.060,0.316,366.000,365.000,0.028,0.727,0.616,0.846,0.982,0.141,0.132,0.052,0.332
366,319,317,0.026,0.727,0.630,0.834,0.993,0.126,0.147,0.051,0.318,360.000,359.000,0.023,0.774,0.615,0.813,0.994,0.111,0.116,0.055,0.331,366.000,365.000,0.028,0.727,0.616,0.846,0.982,0.141,0.132,0.052,0.332,367.000,360.000,0.015,0.789,0.622,0.809,1.000,0.102,0.109,0.051,0.327
367,319,317,0.026,0.727,0.630,0.834,0.993,0.126,0.147,0.051,0.318,360.000,359.000,0.023,0.774,0.615,0.813,0.994,0.111,0.116,0.055,0.331,368.000,360.000,0.026,0.764,0.620,0.815,0.997,0.117,0.119,0.054,0.326,,,,,,,,,,,
368,319,317,0.026,0.727,0.630,0.834,0.993,0.126,0.147,0.051,0.318,360.000,359.000,0.023,0.774,0.615,0.813,0.994,0.111,0.116,0.055,0.331,368.000,360.000,0.026,0.764,0.620,0.815,0.997,0.117,0.119,0.054,0.326,369.000,319.000,0.025,0.726,0.618,0.828,0.991,0.122,0.152,0.052,0.330
369,360,359,0.023,0.774,0.615,0.813,0.994,0.111,0.116,0.055,0.331,368.000,360.000,0.026,0.764,0.620,0.815,0.997,0.117,0.119,0.054,0.326,369.000,319.000,0.025,0.726,0.618,0.828,0.991,0.122,0.152,0.052,0.330,370.000,368.000,0.018,0.761,0.608,0.816,1.000,0.111,0.128,0.060,0.333
370,360,359,0.023,0.774,0.615,0.813,0.994,0.111,0.116,0.055,0.331,368.000,360.000,0.026,0.764,0.620,0.815,0.997,0.117,0.119,0.054,0.326,369.000,319.000,0.025,0.726,0.618,0.828,0.991,0.122,0.152,0.052,0.330,370.000,368.000,0.018,0.761,0.608,0.816,1.000,0.111,0.128,0.060,0.333
371,360,359,0.023,0.774,0.615,0.813,0.994,0.111,0.116,0.055,0.331,368.000,360.000,0.026,0.764,0.620,0.815,0.997,0.117,0.119,0.054,0.326,369.000,319.000,0.025,0.726,0.618,0.828,0.991,0.122,0.152,0.052,0.330,371.000,368.000,0.031,0.782,0.622,0.802,1.000,0.108,0.110,0.054,0.324
372,360,359,0.023,0.774,0.615,0.813,0.994,0.111,0.116,0.055,0.331,368.000,360.000,0.026,0.764,0.620,0.815,0.997,0.117,0.119,0.054,0.326,,,,,,,,,,,,,,,,,,,,,,
373,360,359,0.023,0.774,0.615,0.813,0.994,0.111,0.116,0.055,0.331,368.000,360.000,0.026,0.764,0.620,0.815,0.997,0.117,0.119,0.054,0.326,,,,,,,,,,,,,,,,,,,,,,
374,360,359,0.023,0.774,0.615,0.813,0.994,0.111,0.116,0.055,0.331,368.000,360.000,0.026,0.764,0.620,0.815,0.997,0.117,0.119,0.054,0.326,375.000,360.000,0.016,0.772,0.605,0.806,0.984,0.110,0.118,0.063,0.332,,,,,,,,,,,
375,360,359,0.023,0.774,0.615,0.813,0.994,0.111,0.116,0.055,0.331,368.000,360.000,0.026,0.764,0.620,0.815,0.997,0.117,0.119,0.054,0.326,,,,,,,,,,,,,,,,,,,,,,
376,360,359,0.023,0.774,0.615,0.813,0.994,0.111,0.116,0.055,0.331,368.000,360.000,0.026,0.764,0.620,0.815,0.997,0.117,0.119,0.054,0.326,,,,,,,,,,,,,,,,,,,,,,
377,360,359,0.023,0.774,0.615,0.813,0.994,0.111,0.116,0.055,0.331,368.000,360.000,0.026,0.764,0.620,0.815,0.997,0.117,0.119,0.054,0.326,378.000,368.000,0.023,0.762,0.613,0.822,1.000,0.109,0.128,0.055,0.333,,,,,,,,,,,
378,360,359,0.023,0.774,0.615,0.813,0.994,0.111,0.116,0.055,0.331,368.000,360.000,0.026,0.764,0.620,0.815,0.997,0.117,0.119,0.054,0.326,378.000,368.000,0.023,0.762,0.613,0.822,1.000,0.109,0.128,0.055,0.333,379.000,378.000,0.021,0.750,0.605,0.836,0.998,0.118,0.132,0.046,0.349
379,360,359,0.023,0.774,0.615,0.813,0.994,0.111,0.116,0.055,0.331,368.000,360.000,0.026,0.764,0.620,0.815,0.997,0.117,0.119,0.054,0.326,378.000,368.000,0.023,0.762,0.613,0.822,1.000,0.109,0.128,0.055,0.333,379.000,378.000,0.021,0.750,0.605,0.836,0.998,0.118,0.132,0.046,0.349
380,360,359,0.023,0.774,0.615,0.813,0.994,0.111,0.116,0.055,0.331,368.000,360.000,0.026,0.764,0.620,0.815,0.997,0.117,0.119,0.054,0.326,378.000,368.000,0.023,0.762,0.613,0.822,1.000,0.109,0.128,0.055,0.333,379.000,378.000,0.021,0.750,0.605,0.836,0.998,0.118,0.132,0.046,0.349
381,360,359,0.023,0.774,0.615,0.813,0.994,0.111,0.116,0.055,0.331,368.000,360.000,0.026,0.764,0.620,0.815,0.997,0.117,0.119,0.054,0.326,378.000,368.000,0.023,0.762,0.613,0.822,1.000,0.109,0.128,0.055,0.333,379.000,378.000,0.021,0.750,0.605,0.836,0.998,0.118,0.132,0.046,0.349
382,360,359,0.023,0.774,0.615,0.813,0.994,0.111,0.116,0.055,0.331,368.000,360.000,0.026,0.764,0.620,0.815,0.997,0.117,0.119,0.054,0.326,378.000,368.000,0.023,0.762,0.613,0.822,1.000,0.109,0.128,0.055,0.333,379.000,378.000,0.021,0.750,0.605,0.836,0.998,0.118,0.132,0.046,0.349
383,360,359,0.023,0.774,0.615,0.813,0.994,0.111,0.116,0.055,0.331,368.000,360.000,0.026,0.764,0.620,0.815,0.997,0.117,0.119,0.054,0.326,378.000,368.000,0.023,0.762,0.613,0.822,1.000,0.109,0.128,0.055,0.333,379.000,378.000,0.021,0.750,0.605,0.836,0.998,0.118,0.132,0.046,0.349
384,360,359,0.023,0.774,0.615,0.813,0.994,0.111,0.116,0.055,0.331,368.000,360.000,0.026,0.764,0.620,0.815,0.997,0.117,0.119,0.054,0.326,379.000,378.000,0.021,0.750,0.605,0.836,0.998,0.118,0.132,0.046,0.349,382.000,378.000,0.019,0.751,0.621,0.824,0.996,0.114,0.135,0.043,0.336
385,360,359,0.023,0.774,0.615,0.813,0.994,0.111,0.116,0.055,0.331,368.000,360.000,0.026,0.764,0.620,0.815,0.997,0.117,0.119,0.054,0.326,379.000,378.000,0.021,0.750,0.605,0.836,0.998,0.118,0.132,0.046,0.349,382.000,378.000,0.019,0.751,0.621,0.824,0.996,0.114,0.135,0.043,0.336
386,360,359,0.023,0.774,0.615,0.813,0.994,0.111,0.116,0.055,0.331,368.000,360.000,0.026,0.764,0.620,0.815,0.997,0.117,0.119,0.054,0.326,379.000,378.000,0.021,0.750,0.605,0.836,0.998,0.118,0.132,0.046,0.349,382.000,378.000,0.019,0.751,0.621,0.824,0.996,0.114,0.135,0.043,0.336
387,360,359,0.023,0.774,0.615,0.813,0.994,0.111,0.116,0.055,0.331,368.000,360.000,0.026,0.764,0.620,0.815,0.997,0.117,0.119,0.054,0.326,379.000,378.000,0.021,0.750,0.605,0.836,0.998,0.118,0.132,0.046,0.349,382.000,378.000,0.019,0.751,0.621,0.824,0.996,0.114,0.135,0.043,0.336
388,360,359,0.023,0.774,0.615,0.813,0.994,0.111,0.116,0.055,0.331,368.000,360.000,0.026,0.764,0.620,0.815,0.997,0.117,0.119,0.054,0.326,379.000,378.000,0.021,0.750,0.605,0.836,0.998,0.118,0.132,0.046,0.349,382.000,378.000,0.019,0.751,0.621,0.824,0.996,0.114,0.135,0.043,0.336
389,360,359,0.023,0.774,0.615,0.813,0.994,0.111,0.116,0.055,0.331,368.000,360.000,0.026,0.764,0.620,0.815,0.997,0.117,0.119,0.054,0.326,379.000,378.000,0.021,0.750,0.605,0.836,0.998,0.118,0.132,0.046,0.349,382.000,378.000,0.019,0.751,0.621,0.824,0.996,0.114,0.135,0.043,0.336
390,360,359,0.023,0.774,0.615,0.813,0.994,0.111,0.116,0.055,0.331,368.000,360.000,0.026,0.764,0.620,0.815,0.997,0.117,0.119,0.054,0.326,379.000,378.000,0.021,0.750,0.605,0.836,0.998,0.118,0.132,0.046,0.349,382.000,378.000,0.019,0.751,0.621,0.824,0.996,0.114,0.135,0.043,0.336
391,360,359,0.023,0.774,0.615,0.813,0.994,0.111,0.116,0.055,0.331,368.000,360.000,0.026,0.764,0.620,0.815,0.997,0.117,0.119,0.054,0.326,379.000,378.000,0.021,0.750,0.605,0.836,0.998,0.118,0.132,0.046,0.349,382.000,378.000,0.019,0.751,0.621,0.824,0.996,0.114,0.135,0.043,0.336
392,360,359,0.023,0.774,0.615,0.813,0.994,0.111,0.116,0.055,0.331,368.000,360.000,0.026,0.764,0.620,0.815,0.997,0.117,0.119,0.054,0.326,379.000,378.000,0.021,0.750,0.605,0.836,0.998,0.118,0.132,0.046,0.349,386.000,360.000,0.024,0.786,0.623,0.819,0.989,0.102,0.112,0.047,0.330
393,360,359,0.023,0.774,0.615,0.813,0.994,0.111,0.116,0.055,0.331,368.000,360.000,0.026,0.764,0.620,0.815,0.997,0.117,0.119,0.054,0.326,379.000,378.000,0.021,0.750,0.605,0.836,0.998,0.118,0.132,0.046,0.349,386.000,360.000,0.024,0.786,0.623,0.819,0.989,0.102,0.112,0.047,0.330
394,360,359,0.023,0.774,0.615,0.813,0.994,0.111,0.116,0.055,0.331,368.000,360.000,0.026,0.764,0.620,0.815,0.997,0.117,0.119,0.054,0.326,379.000,378.000,0.021,0.750,0.605,0.836,0.998,0.118,0.132,0.046,0.349,386.000,360.000,0.024,0.786,0.623,0.819,0.989,0.102,0.112,0.047,0.330
395,360,359,0.023,0.774,0.615,0.813,0.994,0.111,0.116,0.055,0.331,368.000,360.000,0.026,0.764,0.620,0.815,0.997,0.117,0.119,0.054,0.326,379.000,378.000,0.021,0.750,0.605,0.836,0.998,0.118,0.132,0.046,0.349,386.000,360.000,0.024,0.786,0.623,0.819,0.989,0.102,0.112,0.047,0.330
396,360,359,0.023,0.774,0.615,0.813,0.994,0.111,0.116,0.055,0.331,368.000,360.000,0.026,0.764,0.620,0.815,0.997,0.117,0.119,0.054,0.326,379.000,378.000,0.021,0.750,0.605,0.836,0.998,0.118,0.132,0.046,0.349,386.000,360.000,0.024,0.786,0.623,0.819,0.989,0.102,0.112,0.047,0.330
397,360,359,0.023,0.774,0.615,0.813,0.994,0.111,0.116,0.055,0.331,368.000,360.000,0.026,0.764,0.620,0.815,0.997,0.117,0.119,0.054,0.326,379.000,378.000,0.021,0.750,0.605,0.836,0.998,0.118,0.132,0.046,0.349,386.000,360.000,0.024,0.786,0.623,0.819,0.989,0.102,0.112,0.047,0.330
398,368,360,0.026,0.764,0.620,0.815,0.997,0.117,0.119,0.054,0.326,398.000,368.000,0.027,0.768,0.622,0.828,1.000,0.108,0.124,0.059,0.319,399.000,368.000,0.018,0.771,0.620,0.820,0.998,0.119,0.109,0.055,0.325,,,,,,,,,,,
399,368,360,0.026,0.764,0.620,0.815,0.997,0.117,0.119,0.054,0.326,398.000,368.000,0.027,0.768,0.622,0.828,1.000,0.108,0.124,0.059,0.319,399.000,368.000,0.018,0.771,0.620,0.820,0.998,0.119,0.109,0.055,0.325,400.000,398.000,0.021,0.783,0.626,0.835,1.000,0.102,0.115,0.055,0.318
400,368,360,0.026,0.764,0.620,0.815,0.997,0.117,0.119,0.054,0.326,398.000,368.000,0.027,0.768,0.622,0.828,1.000,0.108,0.124,0.059,0.319,399.000,368.000,0.018,0.771,0.620,0.820,0.998,0.119,0.109,0.055,0.325,400.000,398.000,0.021,0.783,0.626,0.835,1.000,0.102,0.115,0.055,0.318
401,368,360,0.026,0.764,0.620,0.815,0.997,0.117,0.119,0.054,0.326,398.000,368.000,0.027,0.768,0.622,0.828,1.000,0.108,0.124,0.059,0.319,399.000,368.000,0.018,0.771,0.620,0.820,0.998,0.119,0.109,0.055,0.325,400.000,398.000,0.021,0.783,0.626,0.835,1.000,0.102,0.115,0.055,0.318
402,368,360,0.026,0.764,0.620,0.815,0.997,0.117,0.119,0.054,0.326,398.000,368.000,0.027,0.768,0.622,0.828,1.000,0.108,0.124,0.059,0.319,401.000,368.000,0.029,0.764,0.608,0.811,1.000,0.114,0.121,0.061,0.331,402.000,401.000,0.027,0.778,0.612,0.811,0.992,0.122,0.101,0.061,0.327
403,368,360,0.026,0.764,0.620,0.815,0.997,0.117,0.119,0.054,0.326,398.000,368.000,0.027,0.768,0.622,0.828,1.000,0.108,0.124,0.059,0.319,401.000,368.000,0.029,0.764,0.608,0.811,1.000,0.114,0.121,0.061,0.331,402.000,401.000,0.027,0.778,0.612,0.811,0.992,0.122,0.101,0.061,0.327
404,368,360,0.026,0.764,0.620,0.815,0.997,0.117,0.119,0.054,0.326,398.000,368.000,0.027,0.768,0.622,0.828,1.000,0.108,0.124,0.059,0.319,401.000,368.000,0.029,0.764,0.608,0.811,1.000,0.114,0.121,0.061,0.331,402.000,401.000,0.027,0.778,0.612,0.811,0.992,0.122,0.101,0.061,0.327
405,368,360,0.026,0.764,0.620,0.815,0.997,0.117,0.119,0.054,0.326,398.000,368.000,0.027,0.768,0.622,0.828,1.000,0.108,0.124,0.059,0.319,401.000,368.000,0.029,0.764,0.608,0.811,1.000,0.114,0.121,0.061,0.331,402.000,401.000,0.027,0.778,0.612,0.811,0.992,0.122,0.101,0.061,0.327
406,368,360,0.026,0.764,0.620,0.815,0.997,0.117,0.119,0.054,0.326,401.000,368.000,0.029,0.764,0.608,0.811,1.000,0.114,0.121,0.061,0.331,402.000,401.000,0.027,0.778,0.612,0.811,0.992,0.122,0.101,0.061,0.327,403.000,398.000,0.031,0.764,0.630,0.835,1.000,0.112,0.124,0.052,0.318
407,368,360,0.026,0.764,0.620,0.815,0.997,0.117,0.119,0.054,0.326,401.000,368.000,0.029,0.764,0.608,0.811,1.000,0.114,0.121,0.061,0.331,402.000,401.000,0.027,0.778,0.612,0.811,0.992,0.122,0.101,0.061,0.327,403.000,398.000,0.031,0.764,0.630,0.835,1.000,0.112,0.124,0.052,0.318
408,368,360,0.026,0.764,0.620,0.815,0.997,0.117,0.119,0.054,0.326,401.000,368.000,0.029,0.764,0.608,0.811,1.000,0.114,0.121,0.061,0.331,402.000,401.000,0.027,0.778,0.612,0.811,0.992,0.122,0.101,0.061,0.327,404.000,368.000,0.022,0.765,0.637,0.820,1.000,0.122,0.113,0.051,0.312
409,368,360,0.026,0.764,0.620,0.815,0.997,0.117,0.119,0.054,0.326,401.000,368.000,0.029,0.764,0.608,0.811,1.000,0.114,0.121,0.061,0.331,402.000,401.000,0.027,0.778,0.612,0.811,0.992,0.122,0.101,0.061,0.327,404.000,368.000,0.022,0.765,0.637,0.820,1.000,0.122,0.113,0.051,0.312
410,368,360,0.026,0.764,0.620,0.815,0.997,0.117,0.119,0.054,0.326,401.000,368.000,0.029,0.764,0.608,0.811,1.000,0.114,0.121,0.061,0.331,402.000,401.000,0.027,0.778,0.612,0.811,0.992,0.122,0.101,0.061,0.327,404.000,368.000,0.022,0.765,0.637,0.820,1.000,0.122,0.113,0.051,0.312
411,368,360,0.026,0.764,0.620,0.815,0.997,0.117,0.119,0.054,0.326,401.000,368.000,0.029,0.764,0.608,0.811,1.000,0.114,0.121,0.061,0.331,404.000,368.000,0.022,0.765,0.637,0.820,1.000,0.122,0.113,0.051,0.312,407.000,398.000,0.020,0.756,0.618,0.841,1.000,0.100,0.143,0.059,0.323
412,368,360,0.026,0.764,0.620,0.815,0.997,0.117,0.119,0.054,0.326,401.000,368.000,0.029,0.764,0.608,0.811,1.000,0.114,0.121,0.061,0.331,404.000,368.000,0.022,0.765,0.637,0.820,1.000,0.122,0.113,0.051,0.312,407.000,398.000,0.020,0.756,0.618,0.841,1.000,0.100,0.143,0.059,0.323
413,368,360,0.026,0.764,0.620,0.815,0.997,0.117,0.119,0.054,0.326,401.000,368.000,0.029,0.764,0.608,0.811,1.000,0.114,0.121,0.061,0.331,404.000,368.000,0.022,0.765,0.637,0.820,1.000,0.122,0.113,0.051,0.312,409.000,404.000,0.021,0.767,0.646,0.828,0.997,0.105,0.128,0.057,0.297
414,368,360,0.026,0.764,0.620,0.815,0.997,0.117,0.119,0.054,0.326,401.000,368.000,0.029,0.764,0.608,0.811,1.000,0.114,0.121,0.061,0.331,404.000,368.000,0.022,0.765,0.637,0.820,1.000,0.122,0.113,0.051,0.312,409.000,404.000,0.021,0.767,0.646,0.828,0.997,0.105,0.128,0.057,0.297
415,368,360,0.026,0.764,0.620,0.815,0.997,0.117,0.119,0.054,0.326,401.000,368.000,0.029,0.764,0.608,0.811,1.000,0.114,0.121,0.061,0.331,404.000,368.000,0.022,0.765,0.637,0.820,1.000,0.122,0.113,0.051,0.312,409.000,404.000,0.021,0.767,0.646,0.828,0.997,0.105,0.128,0.057,0.297
416,368,360,0.026,0.764,0.620,0.815,0.997,0.117,0.119,0.054,0.326,401.000,368.000,0.029,0.764,0.608,0.811,1.000,0.114,0.121,0.061,0.331,409.000,404.000,0.021,0.767,0.646,0.828,0.997,0.105,0.128,0.057,0.297,414.000,401.000,0.028,0.787,0.625,0.813,1.000,0.096,0.117,0.049,0.326
417,368,360,0.026,0.764,0.620,0.815,0.997,0.117,0.119,0.054,0.326,401.000,368.000,0.029,0.764,0.608,0.811,1.000,0.114,0.121,0.061,0.331,414.000,401.000,0.028,0.787,0.625,0.813,1.000,0.096,0.117,0.049,0.326,415.000,414.000,0.026,0.773,0.620,0.792,1.000,0.096,0.132,0.058,0.322
418,368,360,0.026,0.764,0.620,0.815,0.997,0.117,0.119,0.054,0.326,401.000,368.000,0.029,0.764,0.608,0.811,1.000,0.114,0.121,0.061,0.331,414.000,401.000,0.028,0.787,0.625,0.813,1.000,0.096,0.117,0.049,0.326,415.000,414.000,0.026,0.773,0.620,0.792,1.000,0.096,0.132,0.058,0.322
419,368,360,0.026,0.764,0.620,0.815,0.997,0.117,0.119,0.054,0.326,415.000,414.000,0.026,0.773,0.620,0.792,1.000,0.096,0.132,0.058,0.322,416.000,414.000,0.026,0.786,0.626,0.812,1.000,0.094,0.120,0.044,0.329,417.000,414.000,0.028,0.806,0.627,0.811,0.995,0.079,0.114,0.037,0.337
420,368,360,0.026,0.764,0.620,0.815,0.997,0.117,0.119,0.054,0.326,415.000,414.000,0.026,0.773,0.620,0.792,1.000,0.096,0.132,0.058,0.322,416.000,414.000,0.026,0.786,0.626,0.812,1.000,0.094,0.120,0.044,0.329,417.000,414.000,0.028,0.806,0.627,0.811,0.995,0.079,0.114,0.037,0.337
421,368,360,0.026,0.764,0.620,0.815,0.997,0.117,0.119,0.054,0.326,415.000,414.000,0.026,0.773,0.620,0.792,1.000,0.096,0.132,0.058,0.322,416.000,414.000,0.026,0.786,0.626,0.812,1.000,0.094,0.120,0.044,0.329,417.000,414.000,0.028,0.806,0.627,0.811,0.995,0.079,0.114,0.037,0.337
422,368,360,0.026,0.764,0.620,0.815,0.997,0.117,0.119,0.054,0.326,415.000,414.000,0.026,0.773,0.620,0.792,1.000,0.096,0.132,0.058,0.322,416.000,414.000,0.026,0.786,0.626,0.812,1.000,0.094,0.120,0.044,0.329,417.000,414.000,0.028,0.806,0.627,0.811,0.995,0.079,0.114,0.037,0.337
423,368,360,0.026,0.764,0.620,0.815,0.997,0.117,0.119,0.054,0.326,415.000,414.000,0.026,0.773,0.620,0.792,1.000,0.096,0.132,0.058,0.322,416.000,414.000,0.026,0.786,0.626,0.812,1.000,0.094,0.120,0.044,0.329,420.000,419.000,0.022,0.781,0.634,0.837,1.000,0.093,0.126,0.038,0.328
424,368,360,0.026,0.764,0.620,0.815,0.997,0.117,0.119,0.054,0.326,415.000,414.000,0.026,0.773,0.620,0.792,1.000,0.096,0.132,0.058,0.322,416.000,414.000,0.026,0.786,0.626,0.812,1.000,0.094,0.120,0.044,0.329,420.000,419.000,0.022,0.781,0.634,0.837,1.000,0.093,0.126,0.038,0.328
425,368,360,0.026,0.764,0.620,0.815,0.997,0.117,0.119,0.054,0.326,415.000,414.000,0.026,0.773,0.620,0.792,1.000,0.096,0.132,0.058,0.322,416.000,414.000,0.026,0.786,0.626,0.812,1.000,0.094,0.120,0.044,0.329,423.000,420.000,0.019,0.783,0.615,0.823,0.997,0.098,0.119,0.060,0.326
426,368,360,0.026,0.764,0.620,0.815,0.997,0.117,0.119,0.054,0.326,423.000,420.000,0.019,0.783,0.615,0.823,0.997,0.098,0.119,0.060,0.326,424.000,417.000,0.030,0.797,0.617,0.802,0.998,0.076,0.127,0.046,0.337,425.000,368.000,0.032,0.764,0.622,0.806,1.000,0.106,0.130,0.047,0.331
427,368,360,0.026,0.764,0.620,0.815,0.997,0.117,0.119,0.054,0.326,423.000,420.000,0.019,0.783,0.615,0.823,0.997,0.098,0.119,0.060,0.326,424.000,417.000,0.030,0.797,0.617,0.802,0.998,0.076,0.127,0.046,0.337,425.000,368.000,0.032,0.764,0.622,0.806,1.000,0.106,0.130,0.047,0.331
428,368,360,0.026,0.764,0.620,0.815,0.997,0.117,0.119,0.054,0.326,423.000,420.000,0.019,0.783,0.615,0.823,0.997,0.098,0.119,0.060,0.326,427.000,368.000,0.022,0.760,0.625,0.816,1.000,0.119,0.121,0.044,0.330,429.000,423.000,0.021,0.773,0.617,0.828,1.000,0.099,0.128,0.046,0.337
429,368,360,0.026,0.764,0.620,0.815,0.997,0.117,0.119,0.054,0.326,423.000,420.000,0.019,0.783,0.615,0.823,0.997,0.098,0.119,0.060,0.326,427.000,368.000,0.022,0.760,0.625,0.816,1.000,0.119,0.121,0.044,0.330,429.000,423.000,0.021,0.773,0.617,0.828,1.000,0.099,0.128,0.046,0.337
430,368,360,0.026,0.764,0.620,0.815,0.997,0.117,0.119,0.054,0.326,423.000,420.000,0.019,0.783,0.615,0.823,0.997,0.098,0.119,0.060,0.326,430.000,368.000,0.027,0.754,0.620,0.818,0.995,0.134,0.112,0.049,0.331,431.000,429.000,0.020,0.764,0.624,0.825,0.997,0.113,0.123,0.028,0.348
431,368,360,0.026,0.764,0.620,0.815,0.997,0.117,0.119,0.054,0.326,430.000,368.000,0.027,0.754,0.620,0.818,0.995,0.134,0.112,0.049,0.331,431.000,429.000,0.020,0.764,0.624,0.825,0.997,0.113,0.123,0.028,0.348,432.000,430.000,0.021,0.741,0.635,0.822,0.993,0.140,0.119,0.040,0.324
432,368,360,0.026,0.764,0.620,0.815,0.997,0.117,0.119,0.054,0.326,430.000,368.000,0.027,0.754,0.620,0.818,0.995,0.134,0.112,0.049,0.331,432.000,430.000,0.021,0.741,0.635,0.822,0.993,0.140,0.119,0.040,0.324,433.000,431.000,0.016,0.760,0.613,0.826,1.000,0.114,0.126,0.033,0.354
433,368,360,0.026,0.764,0.620,0.815,0.997,0.117,0.119,0.054,0.326,430.000,368.000,0.027,0.754,0.620,0.818,0.995,0.134,0.112,0.049,0.331,432.000,430.000,0.021,0.741,0.635,0.822,0.993,0.140,0.119,0.040,0.324,434.000,430.000,0.024,0.748,0.628,0.808,1.000,0.125,0.127,0.047,0.325
434,368,360,0.026,0.764,0.620,0.815,0.997,0.117,0.119,0.054,0.326,430.000,368.000,0.027,0.754,0.620,0.818,0.995,0.134,0.112,0.049,0.331,432.000,430.000,0.021,0.741,0.635,0.822,0.993,0.140,0.119,0.040,0.324,434.000,430.000,0.024,0.748,0.628,0.808,1.000,0.125,0.127,0.047,0.325
435,368,360,0.026,0.764,0.620,0.815,0.997,0.117,0.119,0.054,0.326,430.000,368.000,0.027,0.754,0.620,0.818,0.995,0.134,0.112,0.049,0.331,432.000,430.000,0.021,0.741,0.635,0.822,0.993,0.140,0.119,0.040,0.324,434.000,430.000,0.024,0.748,0.628,0.808,1.000,0.125,0.127,0.047,0.325
436,368,360,0.026,0.764,0.620,0.815,0.997,0.117,0.119,0.054,0.326,430.000,368.000,0.027,0.754,0.620,0.818,0.995,0.134,0.112,0.049,0.331,432.000,430.000,0.021,0.741,0.635,0.822,0.993,0.140,0.119,0.040,0.324,437.000,435.000,0.020,0.726,0.647,0.829,1.000,0.140,0.135,0.046,0.307
437,368,360,0.026,0.764,0.620,0.815,0.997,0.117,0.119,0.054,0.326,430.000,368.000,0.027,0.754,0.620,0.818,0.995,0.134,0.112,0.049,0.331,432.000,430.000,0.021,0.741,0.635,0.822,0.993,0.140,0.119,0.040,0.324,437.000,435.000,0.020,0.726,0.647,0.829,1.000,0.140,0.135,0.046,0.307
438,368,360,0.026,0.764,0.620,0.815,0.997,0.117,0.119,0.054,0.326,430.000,368.000,0.027,0.754,0.620,0.818,0.995,0.134,0.112,0.049,0.331,432.000,430.000,0.021,0.741,0.635,0.822,0.993,0.140,0.119,0.040,0.324,437.000,435.000,0.020,0.726,0.647,0.829,1.000,0.140,0.135,0.046,0.307
439,368,360,0.026,0.764,0.620,0.815,0.997,0.117,0.119,0.054,0.326,430.000,368.000,0.027,0.754,0.620,0.818,0.995,0.134,0.112,0.049,0.331,439.000,437.000,0.019,0.718,0.632,0.846,0.998,0.137,0.145,0.058,0.309,440.000,430.000,0.028,0.779,0.601,0.818,0.997,0.113,0.108,0.064,0.335
440,368,360,0.026,0.764,0.620,0.815,0.997,0.117,0.119,0.054,0.326,430.000,368.000,0.027,0.754,0.620,0.818,0.995,0.134,0.112,0.049,0.331,439.000,437.000,0.019,0.718,0.632,0.846,0.998,0.137,0.145,0.058,0.309,440.000,430.000,0.028,0.779,0.601,0.818,0.997,0.113,0.108,0.064,0.335
441,368,360,0.026,0.764,0.620,0.815,0.997,0.117,0.119,0.054,0.326,430.000,368.000,0.027,0.754,0.620,0.818,0.995,0.134,0.112,0.049,0.331,440.000,430.000,0.028,0.779,0.601,0.818,0.997,0.113,0.108,0.064,0.335,,,,,,,,,,,
442,368,360,0.026,0.764,0.620,0.815,0.997,0.117,0.119,0.054,0.326,430.000,368.000,0.027,0.754,0.620,0.818,0.995,0.134,0.112,0.049,0.331,440.000,430.000,0.028,0.779,0.601,0.818,0.997,0.113,0.108,0.064,0.335,443.000,430.000,0.027,0.746,0.610,0.806,1.000,0.141,0.113,0.042,0.348
443,368,360,0.026,0.764,0.620,0.815,0.997,0.117,0.119,0.054,0.326,430.000,368.000,0.027,0.754,0.620,0.818,0.995,0.134,0.112,0.049,0.331,440.000,430.000,0.028,0.779,0.601,0.818,0.997,0.113,0.108,0.064,0.335,444.000,443.000,0.025,0.752,0.602,0.817,0.982,0.139,0.109,0.047,0.352
444,368,360,0.026,0.764,0.620,0.815,0.997,0.117,0.119,0.054,0.326,430.000,368.000,0.027,0.754,0.620,0.818,0.995,0.134,0.112,0.049,0.331,440.000,430.000,0.028,0.779,0.601,0.818,0.997,0.113,0.108,0.064,0.335,445.000,430.000,0.031,0.741,0.619,0.823,1.000,0.140,0.119,0.054,0.327
445,368,360,0.026,0.764,0.620,0.815,0.997,0.117,0.119,0.054,0.326,430.000,368.000,0.027,0.754,0.620,0.818,0.995,0.134,0.112,0.049,0.331,440.000,430.000,0.028,0.779,0.601,0.818,0.997,0.113,0.108,0.064,0.335,446.000,445.000,0.024,0.737,0.603,0.836,0.999,0.152,0.111,0.057,0.340
446,368,360,0.026,0.764,0.620,0.815,0.997,0.117,0.119,0.054,0.326,430.000,368.000,0.027,0.754,0.620,0.818,0.995,0.134,0.112,0.049,0.331,440.000,430.000,0.028,0.779,0.601,0.818,0.997,0.113,0.108,0.064,0.335,446.000,445.000,0.024,0.737,0.603,0.836,0.999,0.152,0.111,0.057,0.340
447,368,360,0.026,0.764,0.620,0.815,0.997,0.117,0.119,0.054,0.326,430.000,368.000,0.027,0.754,0.620,0.818,0.995,0.134,0.112,0.049,0.331,446.000,445.000,0.024,0.737,0.603,0.836,0.999,0.152,0.111,0.057,0.340,,,,,,,,,,,
448,368,360,0.026,0.764,0.620,0.815,0.997,0.117,0.119,0.054,0.326,430.000,368.000,0.027,0.754,0.620,0.818,0.995,0.134,0.112,0.049,0.331,446.000,445.000,0.024,0.737,0.603,0.836,0.999,0.152,0.111,0.057,0.340,,,,,,,,,,,
449,368,360,0.026,0.764,0.620,0.815,0.997,0.117,0.119,0.054,0.326,430.000,368.000,0.027,0.754,0.620,0.818,0.995,0.134,0.112,0.049,0.331,446.000,445.000,0.024,0.737,0.603,0.836,0.999,0.152,0.111,0.057,0.340,450.000,446.000,0.026,0.749,0.593,0.835,0.992,0.139,0.112,0.062,0.345
450,368,360,0.026,0.764,0.620,0.815,0.997,0.117,0.119,0.054,0.326,430.000,368.000,0.027,0.754,0.620,0.818,0.995,0.134,0.112,0.049,0.331,446.000,445.000,0.024,0.737,0.603,0.836,0.999,0.152,0.111,0.057,0.340,450.000,446.000,0.026,0.749,0.593,0.835,0.992,0.139,0.112,0.062,0.345
451,368,360,0.026,0.764,0.620,0.815,0.997,0.117,0.119,0.054,0.326,446.000,445.000,0.024,0.737,0.603,0.836,0.999,0.152,0.111,0.057,0.340,450.000,446.000,0.026,0.749,0.593,0.835,0.992,0.139,0.112,0.062,0.345,451.000,450.000,0.025,0.758,0.607,0.855,0.987,0.138,0.104,0.048,0.346
452,368,360,0.026,0.764,0.620,0.815,0.997,0.117,0.119,0.054,0.326,446.000,445.000,0.024,0.737,0.603,0.836,0.999,0.152,0.111,0.057,0.340,450.000,446.000,0.026,0.749,0.593,0.835,0.992,0.139,0.112,0.062,0.345,452.000,368.000,0.023,0.777,0.621,0.817,0.991,0.114,0.109,0.057,0.322
453,368,360,0.026,0.764,0.620,0.815,0.997,0.117,0.119,0.054,0.326,446.000,445.000,0.024,0.737,0.603,0.836,0.999,0.152,0.111,0.057,0.340,450.000,446.000,0.026,0.749,0.593,0.835,0.992,0.139,0.112,0.062,0.345,452.000,368.000,0.023,0.777,0.621,0.817,0.991,0.114,0.109,0.057,0.322
454,368,360,0.026,0.764,0.620,0.815,0.997,0.117,0.119,0.054,0.326,446.000,445.000,0.024,0.737,0.603,0.836,0.999,0.152,0.111,0.057,0.340,450.000,446.000,0.026,0.749,0.593,0.835,0.992,0.139,0.112,0.062,0.345,452.000,368.000,0.023,0.777,0.621,0.817,0.991,0.114,0.109,0.057,0.322
455,368,360,0.026,0.764,0.620,0.815,0.997,0.117,0.119,0.054,0.326,446.000,445.000,0.024,0.737,0.603,0.836,0.999,0.152,0.111,0.057,0.340,450.000,446.000,0.026,0.749,0.593,0.835,0.992,0.139,0.112,0.062,0.345,452.000,368.000,0.023,0.777,0.621,0.817,0.991,0.114,0.109,0.057,0.322
456,368,360,0.026,0.764,0.620,0.815,0.997,0.117,0.119,0.054,0.326,446.000,445.000,0.024,0.737,0.603,0.836,0.999,0.152,0.111,0.057,0.340,450.000,446.000,0.026,0.749,0.593,0.835,0.992,0.139,0.112,0.062,0.345,452.000,368.000,0.023,0.777,0.621,0.817,0.991,0.114,0.109,0.057,0.322
457,368,360,0.026,0.764,0.620,0.815,0.997,0.117,0.119,0.054,0.326,446.000,445.000,0.024,0.737,0.603,0.836,0.999,0.152,0.111,0.057,0.340,450.000,446.000,0.026,0.749,0.593,0.835,0.992,0.139,0.112,0.062,0.345,452.000,368.000,0.023,0.777,0.621,0.817,0.991,0.114,0.109,0.057,0.322
458,368,360,0.026,0.764,0.620,0.815,0.997,0.117,0.119,0.054,0.326,446.000,445.000,0.024,0.737,0.603,0.836,0.999,0.152,0.111,0.057,0.340,450.000,446.000,0.026,0.749,0.593,0.835,0.992,0.139,0.112,0.062,0.345,452.000,368.000,0.023,0.777,0.621,0.817,0.991,0.114,0.109,0.057,0.322
459,368,360,0.026,0.764,0.620,0.815,0.997,0.117,0.119,0.054,0.326,446.000,445.000,0.024,0.737,0.603,0.836,0.999,0.152,0.111,0.057,0.340,450.000,446.000,0.026,0.749,0.593,0.835,0.992,0.139,0.112,0.062,0.345,452.000,368.000,0.023,0.777,0.621,0.817,0.991,0.114,0.109,0.057,0.322
460,368,360,0.026,0.764,0.620,0.815,0.997,0.117,0.119,0.054,0.326,446.000,445.000,0.024,0.737,0.603,0.836,0.999,0.152,0.111,0.057,0.340,450.000,446.000,0.026,0.749,0.593,0.835,0.992,0.139,0.112,0.062,0.345,452.000,368.000,0.023,0.777,0.621,0.817,0.991,0.114,0.109,0.057,0.322
461,368,360,0.026,0.764,0.620,0.815,0.997,0.117,0.119,0.054,0.326,446.000,445.000,0.024,0.737,0.603,0.836,0.999,0.152,0.111,0.057,0.340,450.000,446.000,0.026,0.749,0.593,0.835,0.992,0.139,0.112,0.062,0.345,452.000,368.000,0.023,0.777,0.621,0.817,0.991,0.114,0.109,0.057,0.322
462,368,360,0.026,0.764,0.620,0.815,0.997,0.117,0.119,0.054,0.326,446.000,445.000,0.024,0.737,0.603,0.836,0.999,0.152,0.111,0.057,0.340,450.000,446.000,0.026,0.749,0.593,0.835,0.992,0.139,0.112,0.062,0.345,459.000,450.000,0.026,0.767,0.599,0.826,0.996,0.130,0.103,0.056,0.345
463,368,360,0.026,0.764,0.620,0.815,0.997,0.117,0.119,0.054,0.326,446.000,445.000,0.024,0.737,0.603,0.836,0.999,0.152,0.111,0.057,0.340,450.000,446.000,0.026,0.749,0.593,0.835,0.992,0.139,0.112,0.062,0.345,459.000,450.000,0.026,0.767,0.599,0.826,0.996,0.130,0.103,0.056,0.345
464,368,360,0.026,0.764,0.620,0.815,0.997,0.117,0.119,0.054,0.326,446.000,445.000,0.024,0.737,0.603,0.836,0.999,0.152,0.111,0.057,0.340,450.000,446.000,0.026,0.749,0.593,0.835,0.992,0.139,0.112,0.062,0.345,459.000,450.000,0.026,0.767,0.599,0.826,0.996,0.130,0.103,0.056,0.345
465,368,360,0.026,0.764,0.620,0.815,0.997,0.117,0.119,0.054,0.326,446.000,445.000,0.024,0.737,0.603,0.836,0.999,0.152,0.111,0.057,0.340,459.000,450.000,0.026,0.767,0.599,0.826,0.996,0.130,0.103,0.056,0.345,,,,,,,,,,,
466,368,360,0.026,0.764,0.620,0.815,0.997,0.117,0.119,0.054,0.326,446.000,445.000,0.024,0.737,0.603,0.836,0.999,0.152,0.111,0.057,0.340,459.000,450.000,0.026,0.767,0.599,0.826,0.996,0.130,0.103,0.056,0.345,,,,,,,,,,,
467,368,360,0.026,0.764,0.620,0.815,0.997,0.117,0.119,0.054,0.326,446.000,445.000,0.024,0.737,0.603,0.836,0.999,0.152,0.111,0.057,0.340,459.000,450.000,0.026,0.767,0.599,0.826,0.996,0.130,0.103,0.056,0.345,,,,,,,,,,,
468,368,360,0.026,0.764,0.620,0.815,0.997,0.117,0.119,0.054,0.326,446.000,445.000,0.024,0.737,0.603,0.836,0.999,0.152,0.111,0.057,0.340,459.000,450.000,0.026,0.767,0.599,0.826,0.996,0.130,0.103,0.056,0.345,,,,,,,,,,,
469,368,360,0.026,0.764,0.620,0.815,0.997,0.117,0.119,0.054,0.326,446.000,445.000,0.024,0.737,0.603,0.836,0.999,0.152,0.111,0.057,0.340,459.000,450.000,0.026,0.767,0.599,0.826,0.996,0.130,0.103,0.056,0.345,,,,,,,,,,,
470,368,360,0.026,0.764,0.620,0.815,0.997,0.117,0.119,0.054,0.326,446.000,445.000,0.024,0.737,0.603,0.836,0.999,0.152,0.111,0.057,0.340,459.000,450.000,0.026,0.767,0.599,0.826,0.996,0.130,0.103,0.056,0.345,471.000,368.000,0.028,0.778,0.627,0.827,0.990,0.117,0.105,0.037,0.336
471,368,360,0.026,0.764,0.620,0.815,0.997,0.117,0.119,0.054,0.326,446.000,445.000,0.024,0.737,0.603,0.836,0.999,0.152,0.111,0.057,0.340,459.000,450.000,0.026,0.767,0.599,0.826,0.996,0.130,0.103,0.056,0.345,471.000,368.000,0.028,0.778,0.627,0.827,0.990,0.117,0.105,0.037,0.336
472,368,360,0.026,0.764,0.620,0.815,0.997,0.117,0.119,0.054,0.326,446.000,445.000,0.024,0.737,0.603,0.836,0.999,0.152,0.111,0.057,0.340,459.000,450.000,0.026,0.767,0.599,0.826,0.996,0.130,0.103,0.056,0.345,472.000,459.000,0.022,0.765,0.603,0.815,0.998,0.141,0.094,0.056,0.341
473,368,360,0.026,0.764,0.620,0.815,0.997,0.117,0.119,0.054,0.326,446.000,445.000,0.024,0.737,0.603,0.836,0.999,0.152,0.111,0.057,0.340,459.000,450.000,0.026,0.767,0.599,0.826,0.996,0.130,0.103,0.056,0.345,472.000,459.000,0.022,0.765,0.603,0.815,0.998,0.141,0.094,0.056,0.341
474,368,360,0.026,0.764,0.620,0.815,0.997,0.117,0.119,0.054,0.326,446.000,445.000,0.024,0.737,0.603,0.836,0.999,0.152,0.111,0.057,0.340,459.000,450.000,0.026,0.767,0.599,0.826,0.996,0.130,0.103,0.056,0.345,472.000,459.000,0.022,0.765,0.603,0.815,0.998,0.141,0.094,0.056,0.341
475,368,360,0.026,0.764,0.620,0.815,0.997,0.117,0.119,0.054,0.326,446.000,445.000,0.024,0.737,0.603,0.836,0.999,0.152,0.111,0.057,0.340,459.000,450.000,0.026,0.767,0.599,0.826,0.996,0.130,0.103,0.056,0.345,472.000,459.000,0.022,0.765,0.603,0.815,0.998,0.141,0.094,0.056,0.341
476,368,360,0.026,0.764,0.620,0.815,0.997,0.117,0.119,0.054,0.326,446.000,445.000,0.024,0.737,0.603,0.836,0.999,0.152,0.111,0.057,0.340,459.000,450.000,0.026,0.767,0.599,0.826,0.996,0.130,0.103,0.056,0.345,472.000,459.000,0.022,0.765,0.603,0.815,0.998,0.141,0.094,0.056,0.341
477,368,360,0.026,0.764,0.620,0.815,0.997,0.117,0.119,0.054,0.326,446.000,445.000,0.024,0.737,0.603,0.836,0.999,0.152,0.111,0.057,0.340,459.000,450.000,0.026,0.767,0.599,0.826,0.996,0.130,0.103,0.056,0.345,472.000,459.000,0.022,0.765,0.603,0.815,0.998,0.141,0.094,0.056,0.341
478,368,360,0.026,0.764,0.620,0.815,0.997,0.117,0.119,0.054,0.326,446.000,445.000,0.024,0.737,0.603,0.836,0.999,0.152,0.111,0.057,0.340,459.000,450.000,0.026,0.767,0.599,0.826,0.996,0.130,0.103,0.056,0.345,474.000,459.000,0.030,0.790,0.595,0.819,0.997,0.112,0.098,0.063,0.342
479,368,360,0.026,0.764,0.620,0.815,0.997,0.117,0.119,0.054,0.326,459.000,450.000,0.026,0.767,0.599,0.826,0.996,0.130,0.103,0.056,0.345,475.000,446.000,0.025,0.723,0.600,0.827,0.991,0.152,0.125,0.060,0.340,,,,,,,,,,,
480,368,360,0.026,0.764,0.620,0.815,0.997,0.117,0.119,0.054,0.326,459.000,450.000,0.026,0.767,0.599,0.826,0.996,0.130,0.103,0.056,0.345,475.000,446.000,0.025,0.723,0.600,0.827,0.991,0.152,0.125,0.060,0.340,481.000,368.000,0.030,0.760,0.628,0.812,1.000,0.115,0.126,0.054,0.317
481,368,360,0.026,0.764,0.620,0.815,0.997,0.117,0.119,0.054,0.326,459.000,450.000,0.026,0.767,0.599,0.826,0.996,0.130,0.103,0.056,0.345,475.000,446.000,0.025,0.723,0.600,0.827,0.991,0.152,0.125,0.060,0.340,481.000,368.000,0.030,0.760,0.628,0.812,1.000,0.115,0.126,0.054,0.317
482,368,360,0.026,0.764,0.620,0.815,0.997,0.117,0.119,0.054,0.326,459.000,450.000,0.026,0.767,0.599,0.826,0.996,0.130,0.103,0.056,0.345,475.000,446.000,0.025,0.723,0.600,0.827,0.991,0.152,0.125,0.060,0.340,481.000,368.000,0.030,0.760,0.628,0.812,1.000,0.115,0.126,0.054,0.317
483,368,360,0.026,0.764,0.620,0.815,0.997,0.117,0.119,0.054,0.326,459.000,450.000,0.026,0.767,0.599,0.826,0.996,0.130,0.103,0.056,0.345,475.000,446.000,0.025,0.723,0.600,0.827,0.991,0.152,0.125,0.060,0.340,481.000,368.000,0.030,0.760,0.628,0.812,1.000,0.115,0.126,0.054,0.317
484,368,360,0.026,0.764,0.620,0.815,0.997,0.117,0.119,0.054,0.326,459.000,450.000,0.026,0.767,0.599,0.826,0.996,0.130,0.103,0.056,0.345,475.000,446.000,0.025,0.723,0.600,0.827,0.991,0.152,0.125,0.060,0.340,481.000,368.000,0.030,0.760,0.628,0.812,1.000,0.115,0.126,0.054,0.317
485,459,450,0.026,0.767,0.599,0.826,0.996,0.130,0.103,0.056,0.345,481.000,368.000,0.030,0.760,0.628,0.812,1.000,0.115,0.126,0.054,0.317,482.000,481.000,0.026,0.778,0.617,0.831,0.996,0.115,0.107,0.058,0.325,485.000,481.000,0.024,0.762,0.633,0.805,1.000,0.112,0.127,0.057,0.310
486,459,450,0.026,0.767,0.599,0.826,0.996,0.130,0.103,0.056,0.345,482.000,481.000,0.026,0.778,0.617,0.831,0.996,0.115,0.107,0.058,0.325,485.000,481.000,0.024,0.762,0.633,0.805,1.000,0.112,0.127,0.057,0.310,486.000,481.000,0.030,0.747,0.625,0.815,1.000,0.127,0.126,0.054,0.321
487,459,450,0.026,0.767,0.599,0.826,0.996,0.130,0.103,0.056,0.345,482.000,481.000,0.026,0.778,0.617,0.831,0.996,0.115,0.107,0.058,0.325,487.000,459.000,0.021,0.743,0.588,0.815,0.995,0.137,0.120,0.057,0.355,488.000,487.000,0.027,0.758,0.602,0.815,1.000,0.147,0.095,0.055,0.343
488,459,450,0.026,0.767,0.599,0.826,0.996,0.130,0.103,0.056,0.345,488.000,487.000,0.027,0.758,0.602,0.815,1.000,0.147,0.095,0.055,0.343,489.000,487.000,0.027,0.740,0.583,0.800,0.997,0.135,0.124,0.060,0.358,,,,,,,,,,,
489,459,450,0.026,0.767,0.599,0.826,0.996,0.130,0.103,0.056,0.345,488.000,487.000,0.027,0.758,0.602,0.815,1.000,0.147,0.095,0.055,0.343,489.000,487.000,0.027,0.740,0.583,0.800,0.997,0.135,0.124,0.060,0.358,490.000,459.000,0.031,0.776,0.594,0.825,1.000,0.122,0.102,0.048,0.358
490,459,450,0.026,0.767,0.599,0.826,0.996,0.130,0.103,0.056,0.345,489.000,487.000,0.027,0.740,0.583,0.800,0.997,0.135,0.124,0.060,0.358,,,,,,,,,,,,,,,,,,,,,,
491,459,450,0.026,0.767,0.599,0.826,0.996,0.130,0.103,0.056,0.345,489.000,487.000,0.027,0.740,0.583,0.800,0.997,0.135,0.124,0.060,0.358,492.000,459.000,0.024,0.773,0.607,0.827,0.985,0.120,0.107,0.052,0.341,,,,,,,,,,,
492,459,450,0.026,0.767,0.599,0.826,0.996,0.130,0.103,0.056,0.345,489.000,487.000,0.027,0.740,0.583,0.800,0.997,0.135,0.124,0.060,0.358,,,,,,,,,,,,,,,,,,,,,,
493,459,450,0.026,0.767,0.599,0.826,0.996,0.130,0.103,0.056,0.345,489.000,487.000,0.027,0.740,0.583,0.800,0.997,0.135,0.124,0.060,0.358,494.000,489.000,0.025,0.707,0.594,0.795,1.000,0.161,0.132,0.052,0.354,,,,,,,,,,,
494,459,450,0.026,0.767,0.599,0.826,0.996,0.130,0.103,0.056,0.345,489.000,487.000,0.027,0.740,0.583,0.800,0.997,0.135,0.124,0.060,0.358,494.000,489.000,0.025,0.707,0.594,0.795,1.000,0.161,0.132,0.052,0.354,495.000,459.000,0.020,0.783,0.589,0.820,0.990,0.125,0.092,0.059,0.352
495,459,450,0.026,0.767,0.599,0.826,0.996,0.130,0.103,0.056,0.345,489.000,487.000,0.027,0.740,0.583,0.800,0.997,0.135,0.124,0.060,0.358,495.000,459.000,0.020,0.783,0.589,0.820,0.990,0.125,0.092,0.059,0.352,496.000,495.000,0.025,0.775,0.595,0.813,0.986,0.133,0.091,0.063,0.342
496,459,450,0.026,0.767,0.599,0.826,0.996,0.130,0.103,0.056,0.345,489.000,487.000,0.027,0.740,0.583,0.800,0.997,0.135,0.124,0.060,0.358,495.000,459.000,0.020,0.783,0.589,0.820,0.990,0.125,0.092,0.059,0.352,496.000,495.000,0.025,0.775,0.595,0.813,0.986,0.133,0.091,0.063,0.342
497,459,450,0.026,0.767,0.599,0.826,0.996,0.130,0.103,0.056,0.345,489.000,487.000,0.027,0.740,0.583,0.800,0.997,0.135,0.124,0.060,0.358,495.000,459.000,0.020,0.783,0.589,0.820,0.990,0.125,0.092,0.059,0.352,496.000,495.000,0.025,0.775,0.595,0.813,0.986,0.133,0.091,0.063,0.342
498,459,450,0.026,0.767,0.599,0.826,0.996,0.130,0.103,0.056,0.345,489.000,487.000,0.027,0.740,0.583,0.800,0.997,0.135,0.124,0.060,0.358,495.000,459.000,0.020,0.783,0.589,0.820,0.990,0.125,0.092,0.059,0.352,496.000,495.000,0.025,0.775,0.595,0.813,0.986,0.133,0.091,0.063,0.342
499,459,450,0.026,0.767,0.599,0.826,0.996,0.130,0.103,0.056,0.345,489.000,487.000,0.027,0.740,0.583,0.800,0.997,0.135,0.124,0.060,0.358,495.000,459.000,0.020,0.783,0.589,0.820,0.990,0.125,0.092,0.059,0.352,496.000,495.000,0.025,0.775,0.595,0.813,0.986,0.133,0.091,0.063,0.342
500,459,450,0.026,0.767,0.599,0.826,0.996,0.130,0.103,0.056,0.345,489.000,487.000,0.027,0.740,0.583,0.800,0.997,0.135,0.124,0.060,0.358,495.000,459.000,0.020,0.783,0.589,0.820,0.990,0.125,0.092,0.059,0.352,496.000,495.000,0.025,0.775,0.595,0.813,0.986,0.133,0.091,0.063,0.342
501,459,450,0.026,0.767,0.599,0.826,0.996,0.130,0.103,0.056,0.345,489.000,487.000,0.027,0.740,0.583,0.800,0.997,0.135,0.124,0.060,0.358,495.000,459.000,0.020,0.783,0.589,0.820,0.990,0.125,0.092,0.059,0.352,496.000,495.000,0.025,0.775,0.595,0.813,0.986,0.133,0.091,0.063,0.342
502,459,450,0.026,0.767,0.599,0.826,0.996,0.130,0.103,0.056,0.345,489.000,487.000,0.027,0.740,0.583,0.800,0.997,0.135,0.124,0.060,0.358,495.000,459.000,0.020,0.783,0.589,0.820,0.990,0.125,0.092,0.059,0.352,496.000,495.000,0.025,0.775,0.595,0.813,0.986,0.133,0.091,0.063,0.342
503,459,450,0.026,0.767,0.599,0.826,0.996,0.130,0.103,0.056,0.345,489.000,487.000,0.027,0.740,0.583,0.800,0.997,0.135,0.124,0.060,0.358,495.000,459.000,0.020,0.783,0.589,0.820,0.990,0.125,0.092,0.059,0.352,496.000,495.000,0.025,0.775,0.595,0.813,0.986,0.133,0.091,0.063,0.342
504,459,450,0.026,0.767,0.599,0.826,0.996,0.130,0.103,0.056,0.345,489.000,487.000,0.027,0.740,0.583,0.800,0.997,0.135,0.124,0.060,0.358,499.000,495.000,0.023,0.796,0.595,0.810,0.983,0.129,0.075,0.056,0.349,500.000,495.000,0.023,0.786,0.602,0.819,0.999,0.119,0.095,0.062,0.336
505,459,450,0.026,0.767,0.599,0.826,0.996,0.130,0.103,0.056,0.345,489.000,487.000,0.027,0.740,0.583,0.800,0.997,0.135,0.124,0.060,0.358,501.000,489.000,0.032,0.755,0.582,0.808,0.986,0.124,0.121,0.062,0.356,502.000,499.000,0.021,0.796,0.614,0.813,0.998,0.125,0.079,0.048,0.338
506,459,450,0.026,0.767,0.599,0.826,0.996,0.130,0.103,0.056,0.345,489.000,487.000,0.027,0.740,0.583,0.800,0.997,0.135,0.124,0.060,0.358,501.000,489.000,0.032,0.755,0.582,0.808,0.986,0.124,0.121,0.062,0.356,502.000,499.000,0.021,0.796,0.614,0.813,0.998,0.125,0.079,0.048,0.338
507,459,450,0.026,0.767,0.599,0.826,0.996,0.130,0.103,0.056,0.345,489.000,487.000,0.027,0.740,0.583,0.800,0.997,0.135,0.124,0.060,0.358,501.000,489.000,0.032,0.755,0.582,0.808,0.986,0.124,0.121,0.062,0.356,502.000,499.000,0.021,0.796,0.614,0.813,0.998,0.125,0.079,0.048,0.338
508,459,450,0.026,0.767,0.599,0.826,0.996,0.130,0.103,0.056,0.345,489.000,487.000,0.027,0.740,0.583,0.800,0.997,0.135,0.124,0.060,0.358,502.000,499.000,0.021,0.796,0.614,0.813,0.998,0.125,0.079,0.048,0.338,503.000,502.000,0.022,0.805,0.627,0.818,0.992,0.107,0.088,0.034,0.339
509,459,450,0.026,0.767,0.599,0.826,0.996,0.130,0.103,0.056,0.345,489.000,487.000,0.027,0.740,0.583,0.800,0.997,0.135,0.124,0.060,0.358,502.000,499.000,0.021,0.796,0.614,0.813,0.998,0.125,0.079,0.048,0.338,503.000,502.000,0.022,0.805,0.627,0.818,0.992,0.107,0.088,0.034,0.339
510,459,450,0.026,0.767,0.599,0.826,0.996,0.130,0.103,0.056,0.345,489.000,487.000,0.027,0.740,0.583,0.800,0.997,0.135,0.124,0.060,0.358,503.000,502.000,0.022,0.805,0.627,0.818,0.992,0.107,0.088,0.034,0.339,506.000,459.000,0.026,0.764,0.590,0.809,0.978,0.123,0.113,0.058,0.352
511,459,450,0.026,0.767,0.599,0.826,0.996,0.130,0.103,0.056,0.345,489.000,487.000,0.027,0.740,0.583,0.800,0.997,0.135,0.124,0.060,0.358,507.000,459.000,0.027,0.751,0.592,0.843,0.987,0.134,0.115,0.054,0.353,509.000,507.000,0.025,0.748,0.592,0.858,0.986,0.132,0.120,0.051,0.357
512,459,450,0.026,0.767,0.599,0.826,0.996,0.130,0.103,0.056,0.345,489.000,487.000,0.027,0.740,0.583,0.800,0.997,0.135,0.124,0.060,0.358,507.000,459.000,0.027,0.751,0.592,0.843,0.987,0.134,0.115,0.054,0.353,509.000,507.000,0.025,0.748,0.592,0.858,0.986,0.132,0.120,0.051,0.357
513,459,450,0.026,0.767,0.599,0.826,0.996,0.130,0.103,0.056,0.345,489.000,487.000,0.027,0.740,0.583,0.800,0.997,0.135,0.124,0.060,0.358,507.000,459.000,0.027,0.751,0.592,0.843,0.987,0.134,0.115,0.054,0.353,509.000,507.000,0.025,0.748,0.592,0.858,0.986,0.132,0.120,0.051,0.357
514,459,450,0.026,0.767,0.599,0.826,0.996,0.130,0.103,0.056,0.345,489.000,487.000,0.027,0.740,0.583,0.800,0.997,0.135,0.124,0.060,0.358,507.000,459.000,0.027,0.751,0.592,0.843,0.987,0.134,0.115,0.054,0.353,509.000,507.000,0.025,0.748,0.592,0.858,0.986,0.132,0.120,0.051,0.357
515,459,450,0.026,0.767,0.599,0.826,0.996,0.130,0.103,0.056,0.345,489.000,487.000,0.027,0.740,0.583,0.800,0.997,0.135,0.124,0.060,0.358,514.000,512.000,0.027,0.779,0.574,0.841,1.000,0.108,0.114,0.062,0.364,516.000,510.000,0.024,0.750,0.585,0.854,0.998,0.140,0.110,0.055,0.360
516,459,450,0.026,0.767,0.599,0.826,0.996,0.130,0.103,0.056,0.345,489.000,487.000,0.027,0.740,0.583,0.800,0.997,0.135,0.124,0.060,0.358,516.000,510.000,0.024,0.750,0.585,0.854,0.998,0.140,0.110,0.055,0.360,517.000,489.000,0.029,0.742,0.583,0.790,1.000,0.134,0.124,0.050,0.367
517,459,450,0.026,0.767,0.599,0.826,0.996,0.130,0.103,0.056,0.345,489.000,487.000,0.027,0.740,0.583,0.800,0.997,0.135,0.124,0.060,0.358,516.000,510.000,0.024,0.750,0.585,0.854,0.998,0.140,0.110,0.055,0.360,517.000,489.000,0.029,0.742,0.583,0.790,1.000,0.134,0.124,0.050,0.367
518,459,450,0.026,0.767,0.599,0.826,0.996,0.130,0.103,0.056,0.345,489.000,487.000,0.027,0.740,0.583,0.800,0.997,0.135,0.124,0.060,0.358,516.000,510.000,0.024,0.750,0.585,0.854,0.998,0.140,0.110,0.055,0.360,517.000,489.000,0.029,0.742,0.583,0.790,1.000,0.134,0.124,0.050,0.367
519,459,450,0.026,0.767,0.599,0.826,0.996,0.130,0.103,0.056,0.345,489.000,487.000,0.027,0.740,0.583,0.800,0.997,0.135,0.124,0.060,0.358,516.000,510.000,0.024,0.750,0.585,0.854,0.998,0.140,0.110,0.055,0.360,518.000,517.000,0.028,0.734,0.596,0.780,1.000,0.150,0.116,0.044,0.360
520,459,450,0.026,0.767,0.599,0.826,0.996,0.130,0.103,0.056,0.345,489.000,487.000,0.027,0.740,0.583,0.800,0.997,0.135,0.124,0.060,0.358,516.000,510.000,0.024,0.750,0.585,0.854,0.998,0.140,0.110,0.055,0.360,518.000,517.000,0.028,0.734,0.596,0.780,1.000,0.150,0.116,0.044,0.360
521,459,450,0.026,0.767,0.599,0.826,0.996,0.130,0.103,0.056,0.345,489.000,487.000,0.027,0.740,0.583,0.800,0.997,0.135,0.124,0.060,0.358,516.000,510.000,0.024,0.750,0.585,0.854,0.998,0.140,0.110,0.055,0.360,518.000,517.000,0.028,0.734,0.596,0.780,1.000,0.150,0.116,0.044,0.360
522,459,450,0.026,0.767,0.599,0.826,0.996,0.130,0.103,0.056,0.345,489.000,487.000,0.027,0.740,0.583,0.800,0.997,0.135,0.124,0.060,0.358,516.000,510.000,0.024,0.750,0.585,0.854,0.998,0.140,0.110,0.055,0.360,520.000,459.000,0.030,0.765,0.610,0.828,0.992,0.139,0.096,0.045,0.345
523,459,450,0.026,0.767,0.599,0.826,0.996,0.130,0.103,0.056,0.345,489.000,487.000,0.027,0.740,0.583,0.800,0.997,0.135,0.124,0.060,0.358,516.000,510.000,0.024,0.750,0.585,0.854,0.998,0.140,0.110,0.055,0.360,520.000,459.000,0.030,0.765,0.610,0.828,0.992,0.139,0.096,0.045,0.345
524,459,450,0.026,0.767,0.599,0.826,0.996,0.130,0.103,0.056,0.345,489.000,487.000,0.027,0.740,0.583,0.800,0.997,0.135,0.124,0.060,0.358,516.000,510.000,0.024,0.750,0.585,0.854,0.998,0.140,0.110,0.055,0.360,522.000,520.000,0.021,0.762,0.612,0.814,1.000,0.153,0.085,0.039,0.349
525,459,450,0.026,0.767,0.599,0.826,0.996,0.130,0.103,0.056,0.345,489.000,487.000,0.027,0.740,0.583,0.800,0.997,0.135,0.124,0.060,0.358,516.000,510.000,0.024,0.750,0.585,0.854,0.998,0.140,0.110,0.055,0.360,522.000,520.000,0.021,0.762,0.612,0.814,1.000,0.153,0.085,0.039,0.349
526,459,450,0.026,0.767,0.599,0.826,0.996,0.130,0.103,0.056,0.345,489.000,487.000,0.027,0.740,0.583,0.800,0.997,0.135,0.124,0.060,0.358,516.000,510.000,0.024,0.750,0.585,0.854,0.998,0.140,0.110,0.055,0.360,522.000,520.000,0.021,0.762,0.612,0.814,1.000,0.153,0.085,0.039,0.349
527,459,450,0.026,0.767,0.599,0.826,0.996,0.130,0.103,0.056,0.345,489.000,487.000,0.027,0.740,0.583,0.800,0.997,0.135,0.124,0.060,0.358,516.000,510.000,0.024,0.750,0.585,0.854,0.998,0.140,0.110,0.055,0.360,522.000,520.000,0.021,0.762,0.612,0.814,1.000,0.153,0.085,0.039,0.349
528,459,450,0.026,0.767,0.599,0.826,0.996,0.130,0.103,0.056,0.345,489.000,487.000,0.027,0.740,0.583,0.800,0.997,0.135,0.124,0.060,0.358,516.000,510.000,0.024,0.750,0.585,0.854,0.998,0.140,0.110,0.055,0.360,523.000,489.000,0.031,0.731,0.593,0.788,1.000,0.148,0.121,0.054,0.352
529,459,450,0.026,0.767,0.599,0.826,0.996,0.130,0.103,0.056,0.345,489.000,487.000,0.027,0.740,0.583,0.800,0.997,0.135,0.124,0.060,0.358,516.000,510.000,0.024,0.750,0.585,0.854,0.998,0.140,0.110,0.055,0.360,523.000,489.000,0.031,0.731,0.593,0.788,1.000,0.148,0.121,0.054,0.352
530,459,450,0.026,0.767,0.599,0.826,0.996,0.130,0.103,0.056,0.345,489.000,487.000,0.027,0.740,0.583,0.800,0.997,0.135,0.124,0.060,0.358,516.000,510.000,0.024,0.750,0.585,0.854,0.998,0.140,0.110,0.055,0.360,523.000,489.000,0.031,0.731,0.593,0.788,1.000,0.148,0.121,0.054,0.352
531,459,450,0.026,0.767,0.599,0.826,0.996,0.130,0.103,0.056,0.345,489.000,487.000,0.027,0.740,0.583,0.800,0.997,0.135,0.124,0.060,0.358,516.000,510.000,0.024,0.750,0.585,0.854,0.998,0.140,0.110,0.055,0.360,527.000,525.000,0.028,0.723,0.606,0.798,0.997,0.167,0.110,0.041,0.353
532,459,450,0.026,0.767,0.599,0.826,0.996,0.130,0.103,0.056,0.345,489.000,487.000,0.027,0.740,0.583,0.800,0.997,0.135,0.124,0.060,0.358,527.000,525.000,0.028,0.723,0.606,0.798,0.997,0.167,0.110,0.041,0.353,532.000,459.000,0.029,0.762,0.608,0.844,0.996,0.133,0.105,0.031,0.362
533,459,450,0.026,0.767,0.599,0.826,0.996,0.130,0.103,0.056,0.345,489.000,487.000,0.027,0.740,0.583,0.800,0.997,0.135,0.124,0.060,0.358,533.000,527.000,0.036,0.713,0.612,0.808,0.999,0.171,0.116,0.043,0.345,534.000,533.000,0.030,0.718,0.628,0.810,1.000,0.156,0.126,0.031,0.341
534,459,450,0.026,0.767,0.599,0.826,0.996,0.130,0.103,0.056,0.345,489.000,487.000,0.027,0.740,0.583,0.800,0.997,0.135,0.124,0.060,0.358,533.000,527.000,0.036,0.713,0.612,0.808,0.999,0.171,0.116,0.043,0.345,534.000,533.000,0.030,0.718,0.628,0.810,1.000,0.156,0.126,0.031,0.341
535,459,450,0.026,0.767,0.599,0.826,0.996,0.130,0.103,0.056,0.345,489.000,487.000,0.027,0.740,0.583,0.800,0.997,0.135,0.124,0.060,0.358,534.000,533.000,0.030,0.718,0.628,0.810,1.000,0.156,0.126,0.031,0.341,535.000,534.000,0.029,0.710,0.619,0.794,1.000,0.162,0.128,0.031,0.350
536,459,450,0.026,0.767,0.599,0.826,0.996,0.130,0.103,0.056,0.345,489.000,487.000,0.027,0.740,0.583,0.800,0.997,0.135,0.124,0.060,0.358,537.000,459.000,0.035,0.757,0.610,0.839,0.995,0.125,0.118,0.056,0.335,,,,,,,,,,,
537,459,450,0.026,0.767,0.599,0.826,0.996,0.130,0.103,0.056,0.345,489.000,487.000,0.027,0.740,0.583,0.800,0.997,0.135,0.124,0.060,0.358,537.000,459.000,0.035,0.757,0.610,0.839,0.995,0.125,0.118,0.056,0.335,538.000,537.000,0.044,0.756,0.614,0.838,0.991,0.120,0.124,0.053,0.333
538,459,450,0.026,0.767,0.599,0.826,0.996,0.130,0.103,0.056,0.345,489.000,487.000,0.027,0.740,0.583,0.800,0.997,0.135,0.124,0.060,0.358,537.000,459.000,0.035,0.757,0.610,0.839,0.995,0.125,0.118,0.056,0.335,539.000,537.000,0.041,0.755,0.609,0.840,0.987,0.128,0.117,0.060,0.331
539,459,450,0.026,0.767,0.599,0.826,0.996,0.130,0.103,0.056,0.345,489.000,487.000,0.027,0.740,0.583,0.800,0.997,0.135,0.124,0.060,0.358,537.000,459.000,0.035,0.757,0.610,0.839,0.995,0.125,0.118,0.056,0.335,539.000,537.000,0.041,0.755,0.609,0.840,0.987,0.128,0.117,0.060,0.331
540,459,450,0.026,0.767,0.599,0.826,0.996,0.130,0.103,0.056,0.345,489.000,487.000,0.027,0.740,0.583,0.800,0.997,0.135,0.124,0.060,0.358,540.000,539.000,0.034,0.747,0.613,0.840,0.985,0.135,0.118,0.058,0.329,541.000,459.000,0.033,0.785,0.598,0.803,1.000,0.109,0.106,0.063,0.339
541,459,450,0.026,0.767,0.599,0.826,0.996,0.130,0.103,0.056,0.345,489.000,487.000,0.027,0.740,0.583,0.800,0.997,0.135,0.124,0.060,0.358,540.000,539.000,0.034,0.747,0.613,0.840,0.985,0.135,0.118,0.058,0.329,541.000,459.000,0.033,0.785,0.598,0.803,1.000,0.109,0.106,0.063,0.339
542,459,450,0.026,0.767,0.599,0.826,0.996,0.130,0.103,0.056,0.345,489.000,487.000,0.027,0.740,0.583,0.800,0.997,0.135,0.124,0.060,0.358,540.000,539.000,0.034,0.747,0.613,0.840,0.985,0.135,0.118,0.058,0.329,541.000,459.000,0.033,0.785,0.598,0.803,1.000,0.109,0.106,0.063,0.339
543,459,450,0.026,0.767,0.599,0.826,0.996,0.130,0.103,0.056,0.345,489.000,487.000,0.027,0.740,0.583,0.800,0.997,0.135,0.124,0.060,0.358,542.000,459.000,0.029,0.767,0.591,0.826,0.990,0.124,0.109,0.060,0.349,,,,,,,,,,,
544,459,450,0.026,0.767,0.599,0.826,0.996,0.130,0.103,0.056,0.345,489.000,487.000,0.027,0.740,0.583,0.800,0.997,0.135,0.124,0.060,0.358,542.000,459.000,0.029,0.767,0.591,0.826,0.990,0.124,0.109,0.060,0.349,545.000,542.000,0.029,0.754,0.582,0.830,1.000,0.109,0.137,0.089,0.329
545,459,450,0.026,0.767,0.599,0.826,0.996,0.130,0.103,0.056,0.345,489.000,487.000,0.027,0.740,0.583,0.800,0.997,0.135,0.124,0.060,0.358,542.000,459.000,0.029,0.767,0.591,0.826,0.990,0.124,0.109,0.060,0.349,545.000,542.000,0.029,0.754,0.582,0.830,1.000,0.109,0.137,0.089,0.329
546,459,450,0.026,0.767,0.599,0.826,0.996,0.130,0.103,0.056,0.345,489.000,487.000,0.027,0.740,0.583,0.800,0.997,0.135,0.124,0.060,0.358,542.000,459.000,0.029,0.767,0.591,0.826,0.990,0.124,0.109,0.060,0.349,545.000,542.000,0.029,0.754,0.582,0.830,1.000,0.109,0.137,0.089,0.329
547,459,450,0.026,0.767,0.599,0.826,0.996,0.130,0.103,0.056,0.345,489.000,487.000,0.027,0.740,0.583,0.800,0.997,0.135,0.124,0.060,0.358,542.000,459.000,0.029,0.767,0.591,0.826,0.990,0.124,0.109,0.060,0.349,548.000,459.000,0.028,0.773,0.600,0.816,1.000,0.126,0.101,0.045,0.355
548,459,450,0.026,0.767,0.599,0.826,0.996,0.130,0.103,0.056,0.345,489.000,487.000,0.027,0.740,0.583,0.800,0.997,0.135,0.124,0.060,0.358,542.000,459.000,0.029,0.767,0.591,0.826,0.990,0.124,0.109,0.060,0.349,548.000,459.000,0.028,0.773,0.600,0.816,1.000,0.126,0.101,0.045,0.355
549,459,450,0.026,0.767,0.599,0.826,0.996,0.130,0.103,0.056,0.345,489.000,487.000,0.027,0.740,0.583,0.800,0.997,0.135,0.124,0.060,0.358,542.000,459.000,0.029,0.767,0.591,0.826,0.990,0.124,0.109,0.060,0.349,548.000,459.000,0.028,0.773,0.600,0.816,1.000,0.126,0.101,0.045,0.355
550,459,450,0.026,0.767,0.599,0.826,0.996,0.130,0.103,0.056,0.345,489.000,487.000,0.027,0.740,0.583,0.800,0.997,0.135,0.124,0.060,0.358,542.000,459.000,0.029,0.767,0.591,0.826,0.990,0.124,0.109,0.060,0.349,548.000,459.000,0.028,0.773,0.600,0.816,1.000,0.126,0.101,0.045,0.355
551,459,450,0.026,0.767,0.599,0.826,0.996,0.130,0.103,0.056,0.345,489.000,487.000,0.027,0.740,0.583,0.800,0.997,0.135,0.124,0.060,0.358,542.000,459.000,0.029,0.767,0.591,0.826,0.990,0.124,0.109,0.060,0.349,548.000,459.000,0.028,0.773,0.600,0.816,1.000,0.126,0.101,0.045,0.355
552,459,450,0.026,0.767,0.599,0.826,0.996,0.130,0.103,0.056,0.345,489.000,487.000,0.027,0.740,0.583,0.800,0.997,0.135,0.124,0.060,0.358,542.000,459.000,0.029,0.767,0.591,0.826,0.990,0.124,0.109,0.060,0.349,549.000,489.000,0.031,0.727,0.580,0.807,0.991,0.144,0.129,0.060,0.360
553,459,450,0.026,0.767,0.599,0.826,0.996,0.130,0.103,0.056,0.345,489.000,487.000,0.027,0.740,0.583,0.800,0.997,0.135,0.124,0.060,0.358,542.000,459.000,0.029,0.767,0.591,0.826,0.990,0.124,0.109,0.060,0.349,549.000,489.000,0.031,0.727,0.580,0.807,0.991,0.144,0.129,0.060,0.360
554,459,450,0.026,0.767,0.599,0.826,0.996,0.130,0.103,0.056,0.345,489.000,487.000,0.027,0.740,0.583,0.800,0.997,0.135,0.124,0.060,0.358,542.000,459.000,0.029,0.767,0.591,0.826,0.990,0.124,0.109,0.060,0.349,549.000,489.000,0.031,0.727,0.580,0.807,0.991,0.144,0.129,0.060,0.360
555,459,450,0.026,0.767,0.599,0.826,0.996,0.130,0.103,0.056,0.345,489.000,487.000,0.027,0.740,0.583,0.800,0.997,0.135,0.124,0.060,0.358,542.000,459.000,0.029,0.767,0.591,0.826,0.990,0.124,0.109,0.060,0.349,549.000,489.000,0.031,0.727,0.580,0.807,0.991,0.144,0.129,0.060,0.360
556,459,450,0.026,0.767,0.599,0.826,0.996,0.130,0.103,0.056,0.345,489.000,487.000,0.027,0.740,0.583,0.800,0.997,0.135,0.124,0.060,0.358,556.000,542.000,0.025,0.759,0.571,0.826,1.000,0.132,0.109,0.055,0.374,,,,,,,,,,,
557,459,450,0.026,0.767,0.599,0.826,0.996,0.130,0.103,0.056,0.345,489.000,487.000,0.027,0.740,0.583,0.800,0.997,0.135,0.124,0.060,0.358,556.000,542.000,0.025,0.759,0.571,0.826,1.000,0.132,0.109,0.055,0.374,558.000,459.000,0.017,0.773,0.613,0.832,0.984,0.140,0.087,0.048,0.338
558,459,450,0.026,0.767,0.599,0.826,0.996,0.130,0.103,0.056,0.345,489.000,487.000,0.027,0.740,0.583,0.800,0.997,0.135,0.124,0.060,0.358,556.000,542.000,0.025,0.759,0.571,0.826,1.000,0.132,0.109,0.055,0.374,558.000,459.000,0.017,0.773,0.613,0.832,0.984,0.140,0.087,0.048,0.338
559,459,450,0.026,0.767,0.599,0.826,0.996,0.130,0.103,0.056,0.345,489.000,487.000,0.027,0.740,0.583,0.800,0.997,0.135,0.124,0.060,0.358,556.000,542.000,0.025,0.759,0.571,0.826,1.000,0.132,0.109,0.055,0.374,558.000,459.000,0.017,0.773,0.613,0.832,0.984,0.140,0.087,0.048,0.338
560,459,450,0.026,0.767,0.599,0.826,0.996,0.130,0.103,0.056,0.345,489.000,487.000,0.027,0.740,0.583,0.800,0.997,0.135,0.124,0.060,0.358,556.000,542.000,0.025,0.759,0.571,0.826,1.000,0.132,0.109,0.055,0.374,559.000,459.000,0.021,0.751,0.610,0.822,0.988,0.137,0.112,0.044,0.346
561,459,450,0.026,0.767,0.599,0.826,0.996,0.130,0.103,0.056,0.345,489.000,487.000,0.027,0.740,0.583,0.800,0.997,0.135,0.124,0.060,0.358,556.000,542.000,0.025,0.759,0.571,0.826,1.000,0.132,0.109,0.055,0.374,559.000,459.000,0.021,0.751,0.610,0.822,0.988,0.137,0.112,0.044,0.346
562,459,450,0.026,0.767,0.599,0.826,0.996,0.130,0.103,0.056,0.345,489.000,487.000,0.027,0.740,0.583,0.800,0.997,0.135,0.124,0.060,0.358,561.000,558.000,0.024,0.771,0.608,0.819,0.990,0.153,0.076,0.057,0.335,563.000,489.000,0.024,0.754,0.604,0.800,1.000,0.136,0.110,0.065,0.331
563,459,450,0.026,0.767,0.599,0.826,0.996,0.130,0.103,0.056,0.345,489.000,487.000,0.027,0.740,0.583,0.800,0.997,0.135,0.124,0.060,0.358,561.000,558.000,0.024,0.771,0.608,0.819,0.990,0.153,0.076,0.057,0.335,563.000,489.000,0.024,0.754,0.604,0.800,1.000,0.136,0.110,0.065,0.331
564,459,450,0.026,0.767,0.599,0.826,0.996,0.130,0.103,0.056,0.345,489.000,487.000,0.027,0.740,0.583,0.800,0.997,0.135,0.124,0.060,0.358,563.000,489.000,0.024,0.754,0.604,0.800,1.000,0.136,0.110,0.065,0.331,565.000,489.000,0.026,0.730,0.579,0.791,0.994,0.151,0.119,0.047,0.373
565,459,450,0.026,0.767,0.599,0.826,0.996,0.130,0.103,0.056,0.345,489.000,487.000,0.027,0.740,0.583,0.800,0.997,0.135,0.124,0.060,0.358,563.000,489.000,0.024,0.754,0.604,0.800,1.000,0.136,0.110,0.065,0.331,565.000,489.000,0.026,0.730,0.579,0.791,0.994,0.151,0.119,0.047,0.373
566,459,450,0.026,0.767,0.599,0.826,0.996,0.130,0.103,0.056,0.345,565.000,489.000,0.026,0.730,0.579,0.791,0.994,0.151,0.119,0.047,0.373,566.000,459.000,0.023,0.767,0.609,0.848,0.990,0.124,0.109,0.042,0.350,567.000,459.000,0.027,0.773,0.609,0.823,0.990,0.114,0.113,0.047,0.343
567,459,450,0.026,0.767,0.599,0.826,0.996,0.130,0.103,0.056,0.345,565.000,489.000,0.026,0.730,0.579,0.791,0.994,0.151,0.119,0.047,0.373,566.000,459.000,0.023,0.767,0.609,0.848,0.990,0.124,0.109,0.042,0.350,567.000,459.000,0.027,0.773,0.609,0.823,0.990,0.114,0.113,0.047,0.343
568,459,450,0.026,0.767,0.599,0.826,0.996,0.130,0.103,0.056,0.345,565.000,489.000,0.026,0.730,0.579,0.791,0.994,0.151,0.119,0.047,0.373,566.000,459.000,0.023,0.767,0.609,0.848,0.990,0.124,0.109,0.042,0.350,567.000,459.000,0.027,0.773,0.609,0.823,0.990,0.114,0.113,0.047,0.343
569,459,450,0.026,0.767,0.599,0.826,0.996,0.130,0.103,0.056,0.345,565.000,489.000,0.026,0.730,0.579,0.791,0.994,0.151,0.119,0.047,0.373,566.000,459.000,0.023,0.767,0.609,0.848,0.990,0.124,0.109,0.042,0.350,567.000,459.000,0.027,0.773,0.609,0.823,0.990,0.114,0.113,0.047,0.343
570,459,450,0.026,0.767,0.599,0.826,0.996,0.130,0.103,0.056,0.345,565.000,489.000,0.026,0.730,0.579,0.791,0.994,0.151,0.119,0.047,0.373,566.000,459.000,0.023,0.767,0.609,0.848,0.990,0.124,0.109,0.042,0.350,567.000,459.000,0.027,0.773,0.609,0.823,0.990,0.114,0.113,0.047,0.343
571,459,450,0.026,0.767,0.599,0.826,0.996,0.130,0.103,0.056,0.345,565.000,489.000,0.026,0.730,0.579,0.791,0.994,0.151,0.119,0.047,0.373,566.000,459.000,0.023,0.767,0.609,0.848,0.990,0.124,0.109,0.042,0.350,567.000,459.000,0.027,0.773,0.609,0.823,0.990,0.114,0.113,0.047,0.343
572,459,450,0.026,0.767,0.599,0.826,0.996,0.130,0.103,0.056,0.345,565.000,489.000,0.026,0.730,0.579,0.791,0.994,0.151,0.119,0.047,0.373,567.000,459.000,0.027,0.773,0.609,0.823,0.990,0.114,0.113,0.047,0.343,572.000,459.000,0.031,0.765,0.614,0.841,0.996,0.131,0.104,0.051,0.335
573,459,450,0.026,0.767,0.599,0.826,0.996,0.130,0.103,0.056,0.345,565.000,489.000,0.026,0.730,0.579,0.791,0.994,0.151,0.119,0.047,0.373,572.000,459.000,0.031,0.765,0.614,0.841,0.996,0.131,0.104,0.051,0.335,573.000,567.000,0.025,0.767,0.608,0.829,0.991,0.110,0.123,0.033,0.360
574,459,450,0.026,0.767,0.599,0.826,0.996,0.130,0.103,0.056,0.345,565.000,489.000,0.026,0.730,0.579,0.791,0.994,0.151,0.119,0.047,0.373,572.000,459.000,0.031,0.765,0.614,0.841,0.996,0.131,0.104,0.051,0.335,573.000,567.000,0.025,0.767,0.608,0.829,0.991,0.110,0.123,0.033,0.360
575,459,450,0.026,0.767,0.599,0.826,0.996,0.130,0.103,0.056,0.345,565.000,489.000,0.026,0.730,0.579,0.791,0.994,0.151,0.119,0.047,0.373,572.000,459.000,0.031,0.765,0.614,0.841,0.996,0.131,0.104,0.051,0.335,574.000,567.000,0.027,0.780,0.606,0.822,0.990,0.110,0.110,0.050,0.344
576,459,450,0.026,0.767,0.599,0.826,0.996,0.130,0.103,0.056,0.345,565.000,489.000,0.026,0.730,0.579,0.791,0.994,0.151,0.119,0.047,0.373,572.000,459.000,0.031,0.765,0.614,0.841,0.996,0.131,0.104,0.051,0.335,574.000,567.000,0.027,0.780,0.606,0.822,0.990,0.110,0.110,0.050,0.344
577,459,450,0.026,0.767,0.599,0.826,0.996,0.130,0.103,0.056,0.345,565.000,489.000,0.026,0.730,0.579,0.791,0.994,0.151,0.119,0.047,0.373,572.000,459.000,0.031,0.765,0.614,0.841,0.996,0.131,0.104,0.051,0.335,574.000,567.000,0.027,0.780,0.606,0.822,0.990,0.110,0.110,0.050,0.344
578,459,450,0.026,0.767,0.599,0.826,0.996,0.130,0.103,0.056,0.345,579.000,459.000,0.020,0.766,0.606,0.828,1.000,0.131,0.103,0.056,0.338,,,,,,,,,,,,,,,,,,,,,,
579,459,450,0.026,0.767,0.599,0.826,0.996,0.130,0.103,0.056,0.345,579.000,459.000,0.020,0.766,0.606,0.828,1.000,0.131,0.103,0.056,0.338,580.000,459.000,0.014,0.762,0.605,0.835,1.000,0.134,0.104,0.051,0.344,,,,,,,,,,,
580,459,450,0.026,0.767,0.599,0.826,0.996,0.130,0.103,0.056,0.345,579.000,459.000,0.020,0.766,0.606,0.828,1.000,0.131,0.103,0.056,0.338,580.000,459.000,0.014,0.762,0.605,0.835,1.000,0.134,0.104,0.051,0.344,581.000,580.000,0.015,0.783,0.596,0.841,0.986,0.129,0.088,0.056,0.348
581,459,450,0.026,0.767,0.599,0.826,0.996,0.130,0.103,0.056,0.345,579.000,459.000,0.020,0.766,0.606,0.828,1.000,0.131,0.103,0.056,0.338,580.000,459.000,0.014,0.762,0.605,0.835,1.000,0.134,0.104,0.051,0.344,581.000,580.000,0.015,0.783,0.596,0.841,0.986,0.129,0.088,0.056,0.348
582,459,450,0.026,0.767,0.599,0.826,0.996,0.130,0.103,0.056,0.345,579.000,459.000,0.020,0.766,0.606,0.828,1.000,0.131,0.103,0.056,0.338,580.000,459.000,0.014,0.762,0.605,0.835,1.000,0.134,0.104,0.051,0.344,581.000,580.000,0.015,0.783,0.596,0.841,0.986,0.129,0.088,0.056,0.348
583,459,450,0.026,0.767,0.599,0.826,0.996,0.130,0.103,0.056,0.345,579.000,459.000,0.020,0.766,0.606,0.828,1.000,0.131,0.103,0.056,0.338,580.000,459.000,0.014,0.762,0.605,0.835,1.000,0.134,0.104,0.051,0.344,581.000,580.000,0.015,0.783,0.596,0.841,0.986,0.129,0.088,0.056,0.348
584,459,450,0.026,0.767,0.599,0.826,0.996,0.130,0.103,0.056,0.345,579.000,459.000,0.020,0.766,0.606,0.828,1.000,0.131,0.103,0.056,0.338,581.000,580.000,0.015,0.783,0.596,0.841,0.986,0.129,0.088,0.056,0.348,582.000,580.000,0.014,0.743,0.617,0.838,0.992,0.141,0.116,0.039,0.344
585,459,450,0.026,0.767,0.599,0.826,0.996,0.130,0.103,0.056,0.345,579.000,459.000,0.020,0.766,0.606,0.828,1.000,0.131,0.103,0.056,0.338,583.000,579.000,0.025,0.768,0.605,0.821,0.999,0.125,0.106,0.055,0.340,585.000,459.000,0.027,0.771,0.614,0.835,1.000,0.136,0.093,0.042,0.344
586,459,450,0.026,0.767,0.599,0.826,0.996,0.130,0.103,0.056,0.345,579.000,459.000,0.020,0.766,0.606,0.828,1.000,0.131,0.103,0.056,0.338,583.000,579.000,0.025,0.768,0.605,0.821,0.999,0.125,0.106,0.055,0.340,585.000,459.000,0.027,0.771,0.614,0.835,1.000,0.136,0.093,0.042,0.344
587,459,450,0.026,0.767,0.599,0.826,0.996,0.130,0.103,0.056,0.345,583.000,579.000,0.025,0.768,0.605,0.821,0.999,0.125,0.106,0.055,0.340,585.000,459.000,0.027,0.771,0.614,0.835,1.000,0.136,0.093,0.042,0.344,587.000,583.000,0.031,0.770,0.594,0.837,1.000,0.125,0.105,0.051,0.355
588,459,450,0.026,0.767,0.599,0.826,0.996,0.130,0.103,0.056,0.345,583.000,579.000,0.025,0.768,0.605,0.821,0.999,0.125,0.106,0.055,0.340,585.000,459.000,0.027,0.771,0.614,0.835,1.000,0.136,0.093,0.042,0.344,587.000,583.000,0.031,0.770,0.594,0.837,1.000,0.125,0.105,0.051,0.355
589,459,450,0.026,0.767,0.599,0.826,0.996,0.130,0.103,0.056,0.345,583.000,579.000,0.025,0.768,0.605,0.821,0.999,0.125,0.106,0.055,0.340,585.000,459.000,0.027,0.771,0.614,0.835,1.000,0.136,0.093,0.042,0.344,587.000,583.000,0.031,0.770,0.594,0.837,1.000,0.125,0.105,0.051,0.355
590,459,450,0.026,0.767,0.599,0.826,0.996,0.130,0.103,0.056,0.345,583.000,579.000,0.025,0.768,0.605,0.821,0.999,0.125,0.106,0.055,0.340,589.000,459.000,0.038,0.773,0.595,0.826,0.995,0.134,0.093,0.037,0.368,590.000,589.000,0.030,0.763,0.596,0.815,0.973,0.138,0.099,0.027,0.376
591,459,450,0.026,0.767,0.599,0.826,0.996,0.130,0.103,0.056,0.345,583.000,579.000,0.025,0.768,0.605,0.821,0.999,0.125,0.106,0.055,0.340,589.000,459.000,0.038,0.773,0.595,0.826,0.995,0.134,0.093,0.037,0.368,590.000,589.000,0.030,0.763,0.596,0.815,0.973,0.138,0.099,0.027,0.376
592,459,450,0.026,0.767,0.599,0.826,0.996,0.130,0.103,0.056,0.345,583.000,579.000,0.025,0.768,0.605,0.821,0.999,0.125,0.106,0.055,0.340,589.000,459.000,0.038,0.773,0.595,0.826,0.995,0.134,0.093,0.037,0.368,590.000,589.000,0.030,0.763,0.596,0.815,0.973,0.138,0.099,0.027,0.376
593,459,450,0.026,0.767,0.599,0.826,0.996,0.130,0.103,0.056,0.345,583.000,579.000,0.025,0.768,0.605,0.821,0.999,0.125,0.106,0.055,0.340,590.000,589.000,0.030,0.763,0.596,0.815,0.973,0.138,0.099,0.027,0.376,592.000,589.000,0.035,0.773,0.597,0.817,1.000,0.126,0.102,0.029,0.375
594,459,450,0.026,0.767,0.599,0.826,0.996,0.130,0.103,0.056,0.345,583.000,579.000,0.025,0.768,0.605,0.821,0.999,0.125,0.106,0.055,0.340,594.000,583.000,0.026,0.767,0.618,0.834,1.000,0.129,0.104,0.039,0.343,595.000,594.000,0.026,0.762,0.598,0.836,1.000,0.149,0.089,0.051,0.350
595,459,450,0.026,0.767,0.599,0.826,0.996,0.130,0.103,0.056,0.345,583.000,579.000,0.025,0.768,0.605,0.821,0.999,0.125,0.106,0.055,0.340,594.000,583.000,0.026,0.767,0.618,0.834,1.000,0.129,0.104,0.039,0.343,595.000,594.000,0.026,0.762,0.598,0.836,1.000,0.149,0.089,0.051,0.350
596,459,450,0.026,0.767,0.599,0.826,0.996,0.130,0.103,0.056,0.345,583.000,579.000,0.025,0.768,0.605,0.821,0.999,0.125,0.106,0.055,0.340,594.000,583.000,0.026,0.767,0.618,0.834,1.000,0.129,0.104,0.039,0.343,595.000,594.000,0.026,0.762,0.598,0.836,1.000,0.149,0.089,0.051,0.350
597,459,450,0.026,0.767,0.599,0.826,0.996,0.130,0.103,0.056,0.345,583.000,579.000,0.025,0.768,0.605,0.821,0.999,0.125,0.106,0.055,0.340,594.000,583.000,0.026,0.767,0.618,0.834,1.000,0.129,0.104,0.039,0.343,595.000,594.000,0.026,0.762,0.598,0.836,1.000,0.149,0.089,0.051,0.350
598,459,450,0.026,0.767,0.599,0.826,0.996,0.130,0.103,0.056,0.345,583.000,579.000,0.025,0.768,0.605,0.821,0.999,0.125,0.106,0.055,0.340,594.000,583.000,0.026,0.767,0.618,0.834,1.000,0.129,0.104,0.039,0.343,595.000,594.000,0.026,0.762,0.598,0.836,1.000,0.149,0.089,0.051,0.350
599,459,450,0.026,0.767,0.599,0.826,0.996,0.130,0.103,0.056,0.345,583.000,579.000,0.025,0.768,0.605,0.821,0.999,0.125,0.106,0.055,0.340,594.000,583.000,0.026,0.767,0.618,0.834,1.000,0.129,0.104,0.039,0.343,595.000,594.000,0.026,0.762,0.598,0.836,1.000,0.149,0.089,0.051,0.350
600,459,450,0.026,0.767,0.599,0.826,0.996,0.130,0.103,0.056,0.345,583.000,579.000,0.025,0.768,0.605,0.821,0.999,0.125,0.106,0.055,0.340,595.000,594.000,0.026,0.762,0.598,0.836,1.000,0.149,0.089,0.051,0.350,596.000,594.000,0.030,0.757,0.610,0.823,0.992,0.137,0.106,0.041,0.349
601,459,450,0.026,0.767,0.599,0.826,0.996,0.130,0.103,0.056,0.345,583.000,579.000,0.025,0.768,0.605,0.821,0.999,0.125,0.106,0.055,0.340,595.000,594.000,0.026,0.762,0.598,0.836,1.000,0.149,0.089,0.051,0.350,598.000,594.000,0.025,0.768,0.621,0.826,1.000,0.127,0.105,0.045,0.335
602,459,450,0.026,0.767,0.599,0.826,0.996,0.130,0.103,0.056,0.345,583.000,579.000,0.025,0.768,0.605,0.821,0.999,0.125,0.106,0.055,0.340,600.000,583.000,0.024,0.767,0.606,0.829,0.998,0.122,0.111,0.043,0.352,602.000,595.000,0.032,0.763,0.603,0.835,0.997,0.152,0.085,0.057,0.340
603,459,450,0.026,0.767,0.599,0.826,0.996,0.130,0.103,0.056,0.345,583.000,579.000,0.025,0.768,0.605,0.821,0.999,0.125,0.106,0.055,0.340,600.000,583.000,0.024,0.767,0.606,0.829,0.998,0.122,0.111,0.043,0.352,602.000,595.000,0.032,0.763,0.603,0.835,0.997,0.152,0.085,0.057,0.340
604,459,450,0.026,0.767,0.599,0.826,0.996,0.130,0.103,0.056,0.345,583.000,579.000,0.025,0.768,0.605,0.821,0.999,0.125,0.106,0.055,0.340,600.000,583.000,0.024,0.767,0.606,0.829,0.998,0.122,0.111,0.043,0.352,602.000,595.000,0.032,0.763,0.603,0.835,0.997,0.152,0.085,0.057,0.340
605,459,450,0.026,0.767,0.599,0.826,0.996,0.130,0.103,0.056,0.345,583.000,579.000,0.025,0.768,0.605,0.821,0.999,0.125,0.106,0.055,0.340,600.000,583.000,0.024,0.767,0.606,0.829,0.998,0.122,0.111,0.043,0.352,602.000,595.000,0.032,0.763,0.603,0.835,0.997,0.152,0.085,0.057,0.340
606,459,450,0.026,0.767,0.599,0.826,0.996,0.130,0.103,0.056,0.345,583.000,579.000,0.025,0.768,0.605,0.821,0.999,0.125,0.106,0.055,0.340,600.000,583.000,0.024,0.767,0.606,0.829,0.998,0.122,0.111,0.043,0.352,602.000,595.000,0.032,0.763,0.603,0.835,0.997,0.152,0.085,0.057,0.340
607,459,450,0.026,0.767,0.599,0.826,0.996,0.130,0.103,0.056,0.345,583.000,579.000,0.025,0.768,0.605,0.821,0.999,0.125,0.106,0.055,0.340,600.000,583.000,0.024,0.767,0.606,0.829,0.998,0.122,0.111,0.043,0.352,602.000,595.000,0.032,0.763,0.603,0.835,0.997,0.152,0.085,0.057,0.340
608,459,450,0.026,0.767,0.599,0.826,0.996,0.130,0.103,0.056,0.345,583.000,579.000,0.025,0.768,0.605,0.821,0.999,0.125,0.106,0.055,0.340,602.000,595.000,0.032,0.763,0.603,0.835,0.997,0.152,0.085,0.057,0.340,605.000,600.000,0.024,0.757,0.612,0.824,1.000,0.132,0.111,0.033,0.355
609,459,450,0.026,0.767,0.599,0.826,0.996,0.130,0.103,0.056,0.345,583.000,579.000,0.025,0.768,0.605,0.821,0.999,0.125,0.106,0.055,0.340,602.000,595.000,0.032,0.763,0.603,0.835,0.997,0.152,0.085,0.057,0.340,605.000,600.000,0.024,0.757,0.612,0.824,1.000,0.132,0.111,0.033,0.355
610,459,450,0.026,0.767,0.599,0.826,0.996,0.130,0.103,0.056,0.345,583.000,579.000,0.025,0.768,0.605,0.821,0.999,0.125,0.106,0.055,0.340,610.000,606.000,0.029,0.763,0.608,0.809,0.994,0.138,0.100,0.055,0.338,611.000,583.000,0.018,0.777,0.611,0.828,0.993,0.122,0.101,0.049,0.339
611,459,450,0.026,0.767,0.599,0.826,0.996,0.130,0.103,0.056,0.345,583.000,579.000,0.025,0.768,0.605,0.821,0.999,0.125,0.106,0.055,0.340,610.000,606.000,0.029,0.763,0.608,0.809,0.994,0.138,0.100,0.055,0.338,611.000,583.000,0.018,0.777,0.611,0.828,0.993,0.122,0.101,0.049,0.339
612,459,450,0.026,0.767,0.599,0.826,0.996,0.130,0.103,0.056,0.345,583.000,579.000,0.025,0.768,0.605,0.821,0.999,0.125,0.106,0.055,0.340,610.000,606.000,0.029,0.763,0.608,0.809,0.994,0.138,0.100,0.055,0.338,611.000,583.000,0.018,0.777,0.611,0.828,0.993,0.122,0.101,0.049,0.339
613,459,450,0.026,0.767,0.599,0.826,0.996,0.130,0.103,0.056,0.345,583.000,579.000,0.025,0.768,0.605,0.821,0.999,0.125,0.106,0.055,0.340,610.000,606.000,0.029,0.763,0.608,0.809,0.994,0.138,0.100,0.055,0.338,613.000,610.000,0.020,0.754,0.604,0.817,0.995,0.134,0.112,0.064,0.332
614,459,450,0.026,0.767,0.599,0.826,0.996,0.130,0.103,0.056,0.345,583.000,579.000,0.025,0.768,0.605,0.821,0.999,0.125,0.106,0.055,0.340,610.000,606.000,0.029,0.763,0.608,0.809,0.994,0.138,0.100,0.055,0.338,613.000,610.000,0.020,0.754,0.604,0.817,0.995,0.134,0.112,0.064,0.332
615,459,450,0.026,0.767,0.599,0.826,0.996,0.130,0.103,0.056,0.345,583.000,579.000,0.025,0.768,0.605,0.821,0.999,0.125,0.106,0.055,0.340,610.000,606.000,0.029,0.763,0.608,0.809,0.994,0.138,0.100,0.055,0.338,613.000,610.000,0.020,0.754,0.604,0.817,0.995,0.134,0.112,0.064,0.332
616,459,450,0.026,0.767,0.599,0.826,0.996,0.130,0.103,0.056,0.345,583.000,579.000,0.025,0.768,0.605,0.821,0.999,0.125,0.106,0.055,0.340,610.000,606.000,0.029,0.763,0.608,0.809,0.994,0.138,0.100,0.055,0.338,613.000,610.000,0.020,0.754,0.604,0.817,0.995,0.134,0.112,0.064,0.332
617,459,450,0.026,0.767,0.599,0.826,0.996,0.130,0.103,0.056,0.345,583.000,579.000,0.025,0.768,0.605,0.821,0.999,0.125,0.106,0.055,0.340,610.000,606.000,0.029,0.763,0.608,0.809,0.994,0.138,0.100,0.055,0.338,613.000,610.000,0.020,0.754,0.604,0.817,0.995,0.134,0.112,0.064,0.332
618,459,450,0.026,0.767,0.599,0.826,0.996,0.130,0.103,0.056,0.345,583.000,579.000,0.025,0.768,0.605,0.821,0.999,0.125,0.106,0.055,0.340,610.000,606.000,0.029,0.763,0.608,0.809,0.994,0.138,0.100,0.055,0.338,613.000,610.000,0.020,0.754,0.604,0.817,0.995,0.134,0.112,0.064,0.332
619,459,450,0.026,0.767,0.599,0.826,0.996,0.130,0.103,0.056,0.345,583.000,579.000,0.025,0.768,0.605,0.821,0.999,0.125,0.106,0.055,0.340,610.000,606.000,0.029,0.763,0.608,0.809,0.994,0.138,0.100,0.055,0.338,615.000,459.000,0.023,0.764,0.595,0.819,0.994,0.138,0.098,0.066,0.340
620,459,450,0.026,0.767,0.599,0.826,0.996,0.130,0.103,0.056,0.345,583.000,579.000,0.025,0.768,0.605,0.821,0.999,0.125,0.106,0.055,0.340,610.000,606.000,0.029,0.763,0.608,0.809,0.994,0.138,0.100,0.055,0.338,615.000,459.000,0.023,0.764,0.595,0.819,0.994,0.138,0.098,0.066,0.340
621,459,450,0.026,0.767,0.599,0.826,0.996,0.130,0.103,0.056,0.345,583.000,579.000,0.025,0.768,0.605,0.821,0.999,0.125,0.106,0.055,0.340,610.000,606.000,0.029,0.763,0.608,0.809,0.994,0.138,0.100,0.055,0.338,615.000,459.000,0.023,0.764,0.595,0.819,0.994,0.138,0.098,0.066,0.340
622,459,450,0.026,0.767,0.599,0.826,0.996,0.130,0.103,0.056,0.345,583.000,579.000,0.025,0.768,0.605,0.821,0.999,0.125,0.106,0.055,0.340,610.000,606.000,0.029,0.763,0.608,0.809,0.994,0.138,0.100,0.055,0.338,619.000,459.000,0.028,0.769,0.576,0.800,1.000,0.128,0.103,0.063,0.361
623,459,450,0.026,0.767,0.599,0.826,0.996,0.130,0.103,0.056,0.345,583.000,579.000,0.025,0.768,0.605,0.821,0.999,0.125,0.106,0.055,0.340,610.000,606.000,0.029,0.763,0.608,0.809,0.994,0.138,0.100,0.055,0.338,619.000,459.000,0.028,0.769,0.576,0.800,1.000,0.128,0.103,0.063,0.361
624,459,450,0.026,0.767,0.599,0.826,0.996,0.130,0.103,0.056,0.345,583.000,579.000,0.025,0.768,0.605,0.821,0.999,0.125,0.106,0.055,0.340,610.000,606.000,0.029,0.763,0.608,0.809,0.994,0.138,0.100,0.055,0.338,619.000,459.000,0.028,0.769,0.576,0.800,1.000,0.128,0.103,0.063,0.361
625,459,450,0.026,0.767,0.599,0.826,0.996,0.130,0.103,0.056,0.345,610.000,606.000,0.029,0.763,0.608,0.809,0.994,0.138,0.100,0.055,0.338,620.000,459.000,0.025,0.769,0.611,0.829,0.994,0.130,0.101,0.051,0.338,621.000,618.000,0.020,0.768,0.618,0.837,0.993,0.125,0.107,0.056,0.326
626,459,450,0.026,0.767,0.599,0.826,0.996,0.130,0.103,0.056,0.345,620.000,459.000,0.025,0.769,0.611,0.829,0.994,0.130,0.101,0.051,0.338,627.000,626.000,0.030,0.745,0.605,0.814,1.000,0.123,0.132,0.063,0.332,,,,,,,,,,,
627,459,450,0.026,0.767,0.599,0.826,0.996,0.130,0.103,0.056,0.345,620.000,459.000,0.025,0.769,0.611,0.829,0.994,0.130,0.101,0.051,0.338,627.000,626.000,0.030,0.745,0.605,0.814,1.000,0.123,0.132,0.063,0.332,628.000,627.000,0.041,0.731,0.600,0.819,0.991,0.140,0.129,0.061,0.339
628,459,450,0.026,0.767,0.599,0.826,0.996,0.130,0.103,0.056,0.345,620.000,459.000,0.025,0.769,0.611,0.829,0.994,0.130,0.101,0.051,0.338,627.000,626.000,0.030,0.745,0.605,0.814,1.000,0.123,0.132,0.063,0.332,629.000,627.000,0.034,0.760,0.607,0.798,1.000,0.102,0.138,0.068,0.325
629,459,450,0.026,0.767,0.599,0.826,0.996,0.130,0.103,0.056,0.345,620.000,459.000,0.025,0.769,0.611,0.829,0.994,0.130,0.101,0.051,0.338,629.000,627.000,0.034,0.760,0.607,0.798,1.000,0.102,0.138,0.068,0.325,630.000,629.000,0.031,0.742,0.604,0.804,0.984,0.111,0.147,0.065,0.331
630,459,450,0.026,0.767,0.599,0.826,0.996,0.130,0.103,0.056,0.345,620.000,459.000,0.025,0.769,0.611,0.829,0.994,0.130,0.101,0.051,0.338,630.000,629.000,0.031,0.742,0.604,0.804,0.984,0.111,0.147,0.065,0.331,631.000,620.000,0.028,0.765,0.599,0.820,0.995,0.116,0.118,0.056,0.345
631,459,450,0.026,0.767,0.599,0.826,0.996,0.130,0.103,0.056,0.345,620.000,459.000,0.025,0.769,0.611,0.829,0.994,0.130,0.101,0.051,0.338,631.000,620.000,0.028,0.765,0.599,0.820,0.995,0.116,0.118,0.056,0.345,632.000,630.000,0.037,0.734,0.618,0.796,0.987,0.106,0.160,0.054,0.328
632,459,450,0.026,0.767,0.599,0.826,0.996,0.130,0.103,0.056,0.345,620.000,459.000,0.025,0.769,0.611,0.829,0.994,0.130,0.101,0.051,0.338,631.000,620.000,0.028,0.765,0.599,0.820,0.995,0.116,0.118,0.056,0.345,632.000,630.000,0.037,0.734,0.618,0.796,0.987,0.106,0.160,0.054,0.328
633,459,450,0.026,0.767,0.599,0.826,0.996,0.130,0.103,0.056,0.345,620.000,459.000,0.025,0.769,0.611,0.829,0.994,0.130,0.101,0.051,0.338,631.000,620.000,0.028,0.765,0.599,0.820,0.995,0.116,0.118,0.056,0.345,633.000,632.000,0.040,0.738,0.609,0.803,0.988,0.105,0.157,0.065,0.326
634,459,450,0.026,0.767,0.599,0.826,0.996,0.130,0.103,0.056,0.345,620.000,459.000,0.025,0.769,0.611,0.829,0.994,0.130,0.101,0.051,0.338,631.000,620.000,0.028,0.765,0.599,0.820,0.995,0.116,0.118,0.056,0.345,634.000,632.000,0.028,0.725,0.612,0.800,0.999,0.112,0.163,0.051,0.337
635,459,450,0.026,0.767,0.599,0.826,0.996,0.130,0.103,0.056,0.345,620.000,459.000,0.025,0.769,0.611,0.829,0.994,0.130,0.101,0.051,0.338,631.000,620.000,0.028,0.765,0.599,0.820,0.995,0.116,0.118,0.056,0.345,634.000,632.000,0.028,0.725,0.612,0.800,0.999,0.112,0.163,0.051,0.337
636,459,450,0.026,0.767,0.599,0.826,0.996,0.130,0.103,0.056,0.345,620.000,459.000,0.025,0.769,0.611,0.829,0.994,0.130,0.101,0.051,0.338,631.000,620.000,0.028,0.765,0.599,0.820,0.995,0.116,0.118,0.056,0.345,634.000,632.000,0.028,0.725,0.612,0.800,0.999,0.112,0.163,0.051,0.337
637,459,450,0.026,0.767,0.599,0.826,0.996,0.130,0.103,0.056,0.345,620.000,459.000,0.025,0.769,0.611,0.829,0.994,0.130,0.101,0.051,0.338,631.000,620.000,0.028,0.765,0.599,0.820,0.995,0.116,0.118,0.056,0.345,634.000,632.000,0.028,0.725,0.612,0.800,0.999,0.112,0.163,0.051,0.337
638,459,450,0.026,0.767,0.599,0.826,0.996,0.130,0.103,0.056,0.345,620.000,459.000,0.025,0.769,0.611,0.829,0.994,0.130,0.101,0.051,0.338,631.000,620.000,0.028,0.765,0.599,0.820,0.995,0.116,0.118,0.056,0.345,634.000,632.000,0.028,0.725,0.612,0.800,0.999,0.112,0.163,0.051,0.337
639,459,450,0.026,0.767,0.599,0.826,0.996,0.130,0.103,0.056,0.345,620.000,459.000,0.025,0.769,0.611,0.829,0.994,0.130,0.101,0.051,0.338,631.000,620.000,0.028,0.765,0.599,0.820,0.995,0.116,0.118,0.056,0.345,634.000,632.000,0.028,0.725,0.612,0.800,0.999,0.112,0.163,0.051,0.337
640,459,450,0.026,0.767,0.599,0.826,0.996,0.130,0.103,0.056,0.345,631.000,620.000,0.028,0.765,0.599,0.820,0.995,0.116,0.118,0.056,0.345,634.000,632.000,0.028,0.725,0.612,0.800,0.999,0.112,0.163,0.051,0.337,636.000,635.000,0.029,0.722,0.571,0.848,0.988,0.145,0.133,0.075,0.354
641,459,450,0.026,0.767,0.599,0.826,0.996,0.130,0.103,0.056,0.345,631.000,620.000,0.028,0.765,0.599,0.820,0.995,0.116,0.118,0.056,0.345,634.000,632.000,0.028,0.725,0.612,0.800,0.999,0.112,0.163,0.051,0.337,641.000,620.000,0.029,0.785,0.600,0.817,1.000,0.129,0.086,0.055,0.345
642,459,450,0.026,0.767,0.599,0.826,0.996,0.130,0.103,0.056,0.345,631.000,620.000,0.028,0.765,0.599,0.820,0.995,0.116,0.118,0.056,0.345,634.000,632.000,0.028,0.725,0.612,0.800,0.999,0.112,0.163,0.051,0.337,641.000,620.000,0.029,0.785,0.600,0.817,1.000,0.129,0.086,0.055,0.345
643,459,450,0.026,0.767,0.599,0.826,0.996,0.130,0.103,0.056,0.345,631.000,620.000,0.028,0.765,0.599,0.820,0.995,0.116,0.118,0.056,0.345,641.000,620.000,0.029,0.785,0.600,0.817,1.000,0.129,0.086,0.055,0.345,643.000,459.000,0.027,0.767,0.591,0.821,0.982,0.128,0.105,0.062,0.347
644,459,450,0.026,0.767,0.599,0.826,0.996,0.130,0.103,0.056,0.345,631.000,620.000,0.028,0.765,0.599,0.820,0.995,0.116,0.118,0.056,0.345,643.000,459.000,0.027,0.767,0.591,0.821,0.982,0.128,0.105,0.062,0.347,644.000,641.000,0.028,0.779,0.582,0.802,1.000,0.125,0.096,0.059,0.359
645,459,450,0.026,0.767,0.599,0.826,0.996,0.130,0.103,0.056,0.345,631.000,620.000,0.028,0.765,0.599,0.820,0.995,0.116,0.118,0.056,0.345,643.000,459.000,0.027,0.767,0.591,0.821,0.982,0.128,0.105,0.062,0.347,644.000,641.000,0.028,0.779,0.582,0.802,1.000,0.125,0.096,0.059,0.359
646,459,450,0.026,0.767,0.599,0.826,0.996,0.130,0.103,0.056,0.345,631.000,620.000,0.028,0.765,0.599,0.820,0.995,0.116,0.118,0.056,0.345,643.000,459.000,0.027,0.767,0.591,0.821,0.982,0.128,0.105,0.062,0.347,645.000,631.000,0.034,0.768,0.600,0.827,0.989,0.108,0.123,0.062,0.338
647,459,450,0.026,0.767,0.599,0.826,0.996,0.130,0.103,0.056,0.345,631.000,620.000,0.028,0.765,0.599,0.820,0.995,0.116,0.118,0.056,0.345,647.000,644.000,0.024,0.788,0.585,0.802,0.996,0.129,0.082,0.047,0.367,648.000,459.000,0.028,0.768,0.581,0.834,0.993,0.134,0.098,0.064,0.355
648,459,450,0.026,0.767,0.599,0.826,0.996,0.130,0.103,0.056,0.345,631.000,620.000,0.028,0.765,0.599,0.820,0.995,0.116,0.118,0.056,0.345,647.000,644.000,0.024,0.788,0.585,0.802,0.996,0.129,0.082,0.047,0.367,648.000,459.000,0.028,0.768,0.581,0.834,0.993,0.134,0.098,0.064,0.355
649,459,450,0.026,0.767,0.599,0.826,0.996,0.130,0.103,0.056,0.345,647.000,644.000,0.024,0.788,0.585,0.802,0.996,0.129,0.082,0.047,0.367,648.000,459.000,0.028,0.768,0.581,0.834,0.993,0.134,0.098,0.064,0.355,650.000,647.000,0.024,0.794,0.590,0.795,1.000,0.120,0.086,0.036,0.374
650,459,450,0.026,0.767,0.599,0.826,0.996,0.130,0.103,0.056,0.345,648.000,459.000,0.028,0.768,0.581,0.834,0.993,0.134,0.098,0.064,0.355,650.000,647.000,0.024,0.794,0.590,0.795,1.000,0.120,0.086,0.036,0.374,651.000,648.000,0.022,0.745,0.581,0.847,0.991,0.131,0.123,0.061,0.358
651,459,450,0.026,0.767,0.599,0.826,0.996,0.130,0.103,0.056,0.345,648.000,459.000,0.028,0.768,0.581,0.834,0.993,0.134,0.098,0.064,0.355,650.000,647.000,0.024,0.794,0.590,0.795,1.000,0.120,0.086,0.036,0.374,651.000,648.000,0.022,0.745,0.581,0.847,0.991,0.131,0.123,0.061,0.358
652,459,450,0.026,0.767,0.599,0.826,0.996,0.130,0.103,0.056,0.345,648.000,459.000,0.028,0.768,0.581,0.834,0.993,0.134,0.098,0.064,0.355,650.000,647.000,0.024,0.794,0.590,0.795,1.000,0.120,0.086,0.036,0.374,651.000,648.000,0.022,0.745,0.581,0.847,0.991,0.131,0.123,0.061,0.358
653,459,450,0.026,0.767,0.599,0.826,0.996,0.130,0.103,0.056,0.345,648.000,459.000,0.028,0.768,0.581,0.834,0.993,0.134,0.098,0.064,0.355,650.000,647.000,0.024,0.794,0.590,0.795,1.000,0.120,0.086,0.036,0.374,653.000,648.000,0.029,0.787,0.573,0.834,0.990,0.120,0.093,0.065,0.363
654,459,450,0.026,0.767,0.599,0.826,0.996,0.130,0.103,0.056,0.345,648.000,459.000,0.028,0.768,0.581,0.834,0.993,0.134,0.098,0.064,0.355,650.000,647.000,0.024,0.794,0.590,0.795,1.000,0.120,0.086,0.036,0.374,653.000,648.000,0.029,0.787,0.573,0.834,0.990,0.120,0.093,0.065,0.363
655,459,450,0.026,0.767,0.599,0.826,0.996,0.130,0.103,0.056,0.345,648.000,459.000,0.028,0.768,0.581,0.834,0.993,0.134,0.098,0.064,0.355,650.000,647.000,0.024,0.794,0.590,0.795,1.000,0.120,0.086,0.036,0.374,653.000,648.000,0.029,0.787,0.573,0.834,0.990,0.120,0.093,0.065,0.363
656,459,450,0.026,0.767,0.599,0.826,0.996,0.130,0.103,0.056,0.345,648.000,459.000,0.028,0.768,0.581,0.834,0.993,0.134,0.098,0.064,0.355,653.000,648.000,0.029,0.787,0.573,0.834,0.990,0.120,0.093,0.065,0.363,654.000,651.000,0.016,0.754,0.571,0.854,0.999,0.129,0.117,0.059,0.371
657,459,450,0.026,0.767,0.599,0.826,0.996,0.130,0.103,0.056,0.345,648.000,459.000,0.028,0.768,0.581,0.834,0.993,0.134,0.098,0.064,0.355,656.000,654.000,0.020,0.771,0.549,0.845,0.979,0.115,0.114,0.076,0.375,657.000,648.000,0.019,0.772,0.609,0.845,0.989,0.135,0.093,0.056,0.335
658,459,450,0.026,0.767,0.599,0.826,0.996,0.130,0.103,0.056,0.345,648.000,459.000,0.028,0.768,0.581,0.834,0.993,0.134,0.098,0.064,0.355,657.000,648.000,0.019,0.772,0.609,0.845,0.989,0.135,0.093,0.056,0.335,658.000,656.000,0.019,0.770,0.554,0.845,0.972,0.114,0.115,0.068,0.378
659,459,450,0.026,0.767,0.599,0.826,0.996,0.130,0.103,0.056,0.345,648.000,459.000,0.028,0.768,0.581,0.834,0.993,0.134,0.098,0.064,0.355,657.000,648.000,0.019,0.772,0.609,0.845,0.989,0.135,0.093,0.056,0.335,659.000,657.000,0.019,0.776,0.603,0.867,0.988,0.131,0.093,0.054,0.343
660,459,450,0.026,0.767,0.599,0.826,0.996,0.130,0.103,0.056,0.345,660.000,459.000,0.024,0.761,0.581,0.823,0.986,0.136,0.104,0.078,0.340,661.000,459.000,0.015,0.778,0.591,0.824,1.000,0.119,0.103,0.053,0.357,,,,,,,,,,,
661,459,450,0.026,0.767,0.599,0.826,0.996,0.130,0.103,0.056,0.345,660.000,459.000,0.024,0.761,0.581,0.823,0.986,0.136,0.104,0.078,0.340,662.000,459.000,0.027,0.774,0.588,0.823,1.000,0.124,0.101,0.058,0.353,,,,,,,,,,,
662,459,450,0.026,0.767,0.599,0.826,0.996,0.130,0.103,0.056,0.345,660.000,459.000,0.024,0.761,0.581,0.823,0.986,0.136,0.104,0.078,0.340,662.000,459.000,0.027,0.774,0.588,0.823,1.000,0.124,0.101,0.058,0.353,663.000,459.000,0.017,0.763,0.614,0.833,0.973,0.133,0.104,0.046,0.339
663,459,450,0.026,0.767,0.599,0.826,0.996,0.130,0.103,0.056,0.345,660.000,459.000,0.024,0.761,0.581,0.823,0.986,0.136,0.104,0.078,0.340,662.000,459.000,0.027,0.774,0.588,0.823,1.000,0.124,0.101,0.058,0.353,663.000,459.000,0.017,0.763,0.614,0.833,0.973,0.133,0.104,0.046,0.339
664,459,450,0.026,0.767,0.599,0.826,0.996,0.130,0.103,0.056,0.345,660.000,459.000,0.024,0.761,0.581,0.823,0.986,0.136,0.104,0.078,0.340,663.000,459.000,0.017,0.763,0.614,0.833,0.973,0.133,0.104,0.046,0.339,664.000,660.000,0.020,0.751,0.577,0.828,0.986,0.144,0.104,0.098,0.326
665,459,450,0.026,0.767,0.599,0.826,0.996,0.130,0.103,0.056,0.345,660.000,459.000,0.024,0.761,0.581,0.823,0.986,0.136,0.104,0.078,0.340,663.000,459.000,0.017,0.763,0.614,0.833,0.973,0.133,0.104,0.046,0.339,664.000,660.000,0.020,0.751,0.577,0.828,0.986,0.144,0.104,0.098,0.326
666,459,450,0.026,0.767,0.599,0.826,0.996,0.130,0.103,0.056,0.345,664.000,660.000,0.020,0.751,0.577,0.828,0.986,0.144,0.104,0.098,0.326,666.000,663.000,0.019,0.761,0.618,0.844,0.979,0.124,0.115,0.033,0.349,667.000,459.000,0.022,0.756,0.611,0.819,1.000,0.116,0.128,0.062,0.326
667,459,450,0.026,0.767,0.599,0.826,0.996,0.130,0.103,0.056,0.345,667.000,459.000,0.022,0.756,0.611,0.819,1.000,0.116,0.128,0.062,0.326,,,,,,,,,,,,,,,,,,,,,,
668,459,450,0.026,0.767,0.599,0.826,0.996,0.130,0.103,0.056,0.345,667.000,459.000,0.022,0.756,0.611,0.819,1.000,0.116,0.128,0.062,0.326,669.000,667.000,0.026,0.760,0.600,0.817,0.994,0.106,0.135,0.070,0.330,,,,,,,,,,,
669,459,450,0.026,0.767,0.599,0.826,0.996,0.130,0.103,0.056,0.345,667.000,459.000,0.022,0.756,0.611,0.819,1.000,0.116,0.128,0.062,0.326,669.000,667.000,0.026,0.760,0.600,0.817,0.994,0.106,0.135,0.070,0.330,670.000,667.000,0.018,0.758,0.600,0.823,0.998,0.124,0.118,0.077,0.323
670,459,450,0.026,0.767,0.599,0.826,0.996,0.130,0.103,0.056,0.345,667.000,459.000,0.022,0.756,0.611,0.819,1.000,0.116,0.128,0.062,0.326,669.000,667.000,0.026,0.760,0.600,0.817,0.994,0.106,0.135,0.070,0.330,670.000,667.000,0.018,0.758,0.600,0.823,0.998,0.124,0.118,0.077,0.323
671,459,450,0.026,0.767,0.599,0.826,0.996,0.130,0.103,0.056,0.345,667.000,459.000,0.022,0.756,0.611,0.819,1.000,0.116,0.128,0.062,0.326,669.000,667.000,0.026,0.760,0.600,0.817,0.994,0.106,0.135,0.070,0.330,670.000,667.000,0.018,0.758,0.600,0.823,0.998,0.124,0.118,0.077,0.323
672,459,450,0.026,0.767,0.599,0.826,0.996,0.130,0.103,0.056,0.345,667.000,459.000,0.022,0.756,0.611,0.819,1.000,0.116,0.128,0.062,0.326,669.000,667.000,0.026,0.760,0.600,0.817,0.994,0.106,0.135,0.070,0.330,670.000,667.000,0.018,0.758,0.600,0.823,0.998,0.124,0.118,0.077,0.323
673,459,450,0.026,0.767,0.599,0.826,0.996,0.130,0.103,0.056,0.345,667.000,459.000,0.022,0.756,0.611,0.819,1.000,0.116,0.128,0.062,0.326,669.000,667.000,0.026,0.760,0.600,0.817,0.994,0.106,0.135,0.070,0.330,670.000,667.000,0.018,0.758,0.600,0.823,0.998,0.124,0.118,0.077,0.323
674,459,450,0.026,0.767,0.599,0.826,0.996,0.130,0.103,0.056,0.345,667.000,459.000,0.022,0.756,0.611,0.819,1.000,0.116,0.128,0.062,0.326,670.000,667.000,0.018,0.758,0.600,0.823,0.998,0.124,0.118,0.077,0.323,674.000,669.000,0.026,0.757,0.607,0.802,1.000,0.102,0.141,0.070,0.323
675,459,450,0.026,0.767,0.599,0.826,0.996,0.130,0.103,0.056,0.345,667.000,459.000,0.022,0.756,0.611,0.819,1.000,0.116,0.128,0.062,0.326,670.000,667.000,0.018,0.758,0.600,0.823,0.998,0.124,0.118,0.077,0.323,674.000,669.000,0.026,0.757,0.607,0.802,1.000,0.102,0.141,0.070,0.323
676,459,450,0.026,0.767,0.599,0.826,0.996,0.130,0.103,0.056,0.345,677.000,674.000,0.028,0.735,0.616,0.801,1.000,0.106,0.158,0.062,0.323,,,,,,,,,,,,,,,,,,,,,,
677,459,450,0.026,0.767,0.599,0.826,0.996,0.130,0.103,0.056,0.345,677.000,674.000,0.028,0.735,0.616,0.801,1.000,0.106,0.158,0.062,0.323,678.000,677.000,0.022,0.713,0.619,0.808,1.000,0.112,0.176,0.060,0.321,,,,,,,,,,,
678,459,450,0.026,0.767,0.599,0.826,0.996,0.130,0.103,0.056,0.345,678.000,677.000,0.022,0.713,0.619,0.808,1.000,0.112,0.176,0.060,0.321,679.000,677.000,0.034,0.745,0.608,0.803,1.000,0.096,0.159,0.064,0.328,,,,,,,,,,,
679,459,450,0.026,0.767,0.599,0.826,0.996,0.130,0.103,0.056,0.345,679.000,677.000,0.034,0.745,0.608,0.803,1.000,0.096,0.159,0.064,0.328,680.000,459.000,0.029,0.761,0.587,0.833,0.998,0.132,0.107,0.067,0.346,,,,,,,,,,,
680,459,450,0.026,0.767,0.599,0.826,0.996,0.130,0.103,0.056,0.345,680.000,459.000,0.029,0.761,0.587,0.833,0.998,0.132,0.107,0.067,0.346,681.000,679.000,0.036,0.741,0.602,0.797,1.000,0.098,0.161,0.072,0.327,,,,,,,,,,,
681,459,450,0.026,0.767,0.599,0.826,0.996,0.130,0.103,0.056,0.345,680.000,459.000,0.029,0.761,0.587,0.833,0.998,0.132,0.107,0.067,0.346,681.000,679.000,0.036,0.741,0.602,0.797,1.000,0.098,0.161,0.072,0.327,682.000,681.000,0.039,0.732,0.590,0.806,0.972,0.105,0.163,0.067,0.343
682,459,450,0.026,0.767,0.599,0.826,0.996,0.130,0.103,0.056,0.345,680.000,459.000,0.029,0.761,0.587,0.833,0.998,0.132,0.107,0.067,0.346,683.000,459.000,0.033,0.749,0.600,0.826,1.000,0.142,0.108,0.054,0.347,,,,,,,,,,,
683,459,450,0.026,0.767,0.599,0.826,0.996,0.130,0.103,0.056,0.345,680.000,459.000,0.029,0.761,0.587,0.833,0.998,0.132,0.107,0.067,0.346,684.000,683.000,0.031,0.740,0.594,0.832,1.000,0.145,0.116,0.070,0.336,,,,,,,,,,,
684,459,450,0.026,0.767,0.599,0.826,0.996,0.130,0.103,0.056,0.345,680.000,459.000,0.029,0.761,0.587,0.833,0.998,0.132,0.107,0.067,0.346,684.000,683.000,0.031,0.740,0.594,0.832,1.000,0.145,0.116,0.070,0.336,685.000,684.000,0.033,0.724,0.585,0.818,0.993,0.157,0.119,0.072,0.343
685,459,450,0.026,0.767,0.599,0.826,0.996,0.130,0.103,0.056,0.345,680.000,459.000,0.029,0.761,0.587,0.833,0.998,0.132,0.107,0.067,0.346,684.000,683.000,0.031,0.740,0.594,0.832,1.000,0.145,0.116,0.070,0.336,685.000,684.000,0.033,0.724,0.585,0.818,0.993,0.157,0.119,0.072,0.343
686,459,450,0.026,0.767,0.599,0.826,0.996,0.130,0.103,0.056,0.345,680.000,459.000,0.029,0.761,0.587,0.833,0.998,0.132,0.107,0.067,0.346,685.000,684.000,0.033,0.724,0.585,0.818,0.993,0.157,0.119,0.072,0.343,686.000,459.000,0.023,0.781,0.583,0.829,0.994,0.122,0.097,0.074,0.343
687,459,450,0.026,0.767,0.599,0.826,0.996,0.130,0.103,0.056,0.345,680.000,459.000,0.029,0.761,0.587,0.833,0.998,0.132,0.107,0.067,0.346,685.000,684.000,0.033,0.724,0.585,0.818,0.993,0.157,0.119,0.072,0.343,686.000,459.000,0.023,0.781,0.583,0.829,0.994,0.122,0.097,0.074,0.343
688,459,450,0.026,0.767,0.599,0.826,0.996,0.130,0.103,0.056,0.345,680.000,459.000,0.029,0.761,0.587,0.833,0.998,0.132,0.107,0.067,0.346,686.000,459.000,0.023,0.781,0.583,0.829,0.994,0.122,0.097,0.074,0.343,688.000,686.000,0.031,0.769,0.605,0.846,1.000,0.131,0.099,0.070,0.325
689,459,450,0.026,0.767,0.599,0.826,0.996,0.130,0.103,0.056,0.345,680.000,459.000,0.029,0.761,0.587,0.833,0.998,0.132,0.107,0.067,0.346,686.000,459.000,0.023,0.781,0.583,0.829,0.994,0.122,0.097,0.074,0.343,688.000,686.000,0.031,0.769,0.605,0.846,1.000,0.131,0.099,0.070,0.325
690,459,450,0.026,0.767,0.599,0.826,0.996,0.130,0.103,0.056,0.345,680.000,459.000,0.029,0.761,0.587,0.833,0.998,0.132,0.107,0.067,0.346,686.000,459.000,0.023,0.781,0.583,0.829,0.994,0.122,0.097,0.074,0.343,688.000,686.000,0.031,0.769,0.605,0.846,1.000,0.131,0.099,0.070,0.325
691,459,450,0.026,0.767,0.599,0.826,0.996,0.130,0.103,0.056,0.345,680.000,459.000,0.029,0.761,0.587,0.833,0.998,0.132,0.107,0.067,0.346,686.000,459.000,0.023,0.781,0.583,0.829,0.994,0.122,0.097,0.074,0.343,688.000,686.000,0.031,0.769,0.605,0.846,1.000,0.131,0.099,0.070,0.325
692,459,450,0.026,0.767,0.599,0.826,0.996,0.130,0.103,0.056,0.345,680.000,459.000,0.029,0.761,0.587,0.833,0.998,0.132,0.107,0.067,0.346,688.000,686.000,0.031,0.769,0.605,0.846,1.000,0.131,0.099,0.070,0.325,689.000,685.000,0.034,0.723,0.574,0.825,1.000,0.145,0.132,0.060,0.366
693,459,450,0.026,0.767,0.599,0.826,0.996,0.130,0.103,0.056,0.345,680.000,459.000,0.029,0.761,0.587,0.833,0.998,0.132,0.107,0.067,0.346,688.000,686.000,0.031,0.769,0.605,0.846,1.000,0.131,0.099,0.070,0.325,692.000,686.000,0.023,0.801,0.572,0.836,0.986,0.102,0.097,0.073,0.356
694,459,450,0.026,0.767,0.599,0.826,0.996,0.130,0.103,0.056,0.345,680.000,459.000,0.029,0.761,0.587,0.833,0.998,0.132,0.107,0.067,0.346,694.000,459.000,0.024,0.764,0.585,0.810,0.986,0.143,0.092,0.063,0.352,695.000,693.000,0.031,0.758,0.632,0.857,0.975,0.131,0.111,0.058,0.310
695,459,450,0.026,0.767,0.599,0.826,0.996,0.130,0.103,0.056,0.345,680.000,459.000,0.029,0.761,0.587,0.833,0.998,0.132,0.107,0.067,0.346,694.000,459.000,0.024,0.764,0.585,0.810,0.986,0.143,0.092,0.063,0.352,695.000,693.000,0.031,0.758,0.632,0.857,0.975,0.131,0.111,0.058,0.310
696,459,450,0.026,0.767,0.599,0.826,0.996,0.130,0.103,0.056,0.345,680.000,459.000,0.029,0.761,0.587,0.833,0.998,0.132,0.107,0.067,0.346,697.000,680.000,0.024,0.768,0.602,0.837,1.000,0.140,0.091,0.057,0.341,,,,,,,,,,,
697,459,450,0.026,0.767,0.599,0.826,0.996,0.130,0.103,0.056,0.345,697.000,680.000,0.024,0.768,0.602,0.837,1.000,0.140,0.091,0.057,0.341,698.000,680.000,0.030,0.753,0.581,0.834,1.000,0.140,0.107,0.063,0.355,,,,,,,,,,,
698,459,450,0.026,0.767,0.599,0.826,0.996,0.130,0.103,0.056,0.345,697.000,680.000,0.024,0.768,0.602,0.837,1.000,0.140,0.091,0.057,0.341,698.000,680.000,0.030,0.753,0.581,0.834,1.000,0.140,0.107,0.063,0.355,699.000,459.000,0.025,0.777,0.582,0.839,0.989,0.127,0.095,0.063,0.355
699,459,450,0.026,0.767,0.599,0.826,0.996,0.130,0.103,0.056,0.345,697.000,680.000,0.024,0.768,0.602,0.837,1.000,0.140,0.091,0.057,0.341,698.000,680.000,0.030,0.753,0.581,0.834,1.000,0.140,0.107,0.063,0.355,699.000,459.000,0.025,0.777,0.582,0.839,0.989,0.127,0.095,0.063,0.355
700,459,450,0.026,0.767,0.599,0.826,0.996,0.130,0.103,0.056,0.345,697.000,680.000,0.024,0.768,0.602,0.837,1.000,0.140,0.091,0.057,0.341,698.000,680.000,0.030,0.753,0.581,0.834,1.000,0.140,0.107,0.063,0.355,699.000,459.000,0.025,0.777,0.582,0.839,0.989,0.127,0.095,0.063,0.355
701,459,450,0.026,0.767,0.599,0.826,0.996,0.130,0.103,0.056,0.345,697.000,680.000,0.024,0.768,0.602,0.837,1.000,0.140,0.091,0.057,0.341,698.000,680.000,0.030,0.753,0.581,0.834,1.000,0.140,0.107,0.063,0.355,699.000,459.000,0.025,0.777,0.582,0.839,0.989,0.127,0.095,0.063,0.355
702,459,450,0.026,0.767,0.599,0.826,0.996,0.130,0.103,0.056,0.345,697.000,680.000,0.024,0.768,0.602,0.837,1.000,0.140,0.091,0.057,0.341,698.000,680.000,0.030,0.753,0.581,0.834,1.000,0.140,0.107,0.063,0.355,699.000,459.000,0.025,0.777,0.582,0.839,0.989,0.127,0.095,0.063,0.355
703,459,450,0.026,0.767,0.599,0.826,0.996,0.130,0.103,0.056,0.345,697.000,680.000,0.024,0.768,0.602,0.837,1.000,0.140,0.091,0.057,0.341,698.000,680.000,0.030,0.753,0.581,0.834,1.000,0.140,0.107,0.063,0.355,699.000,459.000,0.025,0.777,0.582,0.839,0.989,0.127,0.095,0.063,0.355
704,459,450,0.026,0.767,0.599,0.826,0.996,0.130,0.103,0.056,0.345,697.000,680.000,0.024,0.768,0.602,0.837,1.000,0.140,0.091,0.057,0.341,698.000,680.000,0.030,0.753,0.581,0.834,1.000,0.140,0.107,0.063,0.355,699.000,459.000,0.025,0.777,0.582,0.839,0.989,0.127,0.095,0.063,0.355
705,459,450,0.026,0.767,0.599,0.826,0.996,0.130,0.103,0.056,0.345,697.000,680.000,0.024,0.768,0.602,0.837,1.000,0.140,0.091,0.057,0.341,700.000,699.000,0.027,0.772,0.579,0.816,0.998,0.141,0.087,0.078,0.343,706.000,697.000,0.027,0.761,0.597,0.844,1.000,0.132,0.107,0.064,0.338
706,459,450,0.026,0.767,0.599,0.826,0.996,0.130,0.103,0.056,0.345,697.000,680.000,0.024,0.768,0.602,0.837,1.000,0.140,0.091,0.057,0.341,700.000,699.000,0.027,0.772,0.579,0.816,0.998,0.141,0.087,0.078,0.343,706.000,697.000,0.027,0.761,0.597,0.844,1.000,0.132,0.107,0.064,0.338
707,459,450,0.026,0.767,0.599,0.826,0.996,0.130,0.103,0.056,0.345,700.000,699.000,0.027,0.772,0.579,0.816,0.998,0.141,0.087,0.078,0.343,706.000,697.000,0.027,0.761,0.597,0.844,1.000,0.132,0.107,0.064,0.338,707.000,700.000,0.022,0.778,0.582,0.818,0.993,0.145,0.077,0.083,0.335
708,459,450,0.026,0.767,0.599,0.826,0.996,0.130,0.103,0.056,0.345,700.000,699.000,0.027,0.772,0.579,0.816,0.998,0.141,0.087,0.078,0.343,706.000,697.000,0.027,0.761,0.597,0.844,1.000,0.132,0.107,0.064,0.338,707.000,700.000,0.022,0.778,0.582,0.818,0.993,0.145,0.077,0.083,0.335
709,459,450,0.026,0.767,0.599,0.826,0.996,0.130,0.103,0.056,0.345,700.000,699.000,0.027,0.772,0.579,0.816,0.998,0.141,0.087,0.078,0.343,706.000,697.000,0.027,0.761,0.597,0.844,1.000,0.132,0.107,0.064,0.338,707.000,700.000,0.022,0.778,0.582,0.818,0.993,0.145,0.077,0.083,0.335
710,459,450,0.026,0.767,0.599,0.826,0.996,0.130,0.103,0.056,0.345,700.000,699.000,0.027,0.772,0.579,0.816,0.998,0.141,0.087,0.078,0.343,707.000,700.000,0.022,0.778,0.582,0.818,0.993,0.145,0.077,0.083,0.335,708.000,707.000,0.031,0.778,0.601,0.819,1.000,0.135,0.086,0.061,0.338
711,459,450,0.026,0.767,0.599,0.826,0.996,0.130,0.103,0.056,0.345,700.000,699.000,0.027,0.772,0.579,0.816,0.998,0.141,0.087,0.078,0.343,707.000,700.000,0.022,0.778,0.582,0.818,0.993,0.145,0.077,0.083,0.335,708.000,707.000,0.031,0.778,0.601,0.819,1.000,0.135,0.086,0.061,0.338
712,459,450,0.026,0.767,0.599,0.826,0.996,0.130,0.103,0.056,0.345,700.000,699.000,0.027,0.772,0.579,0.816,0.998,0.141,0.087,0.078,0.343,711.000,708.000,0.028,0.788,0.594,0.817,1.000,0.130,0.082,0.055,0.350,712.000,459.000,0.027,0.753,0.599,0.834,0.979,0.136,0.111,0.058,0.343
713,459,450,0.026,0.767,0.599,0.826,0.996,0.130,0.103,0.056,0.345,700.000,699.000,0.027,0.772,0.579,0.816,0.998,0.141,0.087,0.078,0.343,711.000,708.000,0.028,0.788,0.594,0.817,1.000,0.130,0.082,0.055,0.350,712.000,459.000,0.027,0.753,0.599,0.834,0.979,0.136,0.111,0.058,0.343
714,459,450,0.026,0.767,0.599,0.826,0.996,0.130,0.103,0.056,0.345,700.000,699.000,0.027,0.772,0.579,0.816,0.998,0.141,0.087,0.078,0.343,711.000,708.000,0.028,0.788,0.594,0.817,1.000,0.130,0.082,0.055,0.350,712.000,459.000,0.027,0.753,0.599,0.834,0.979,0.136,0.111,0.058,0.343
715,459,450,0.026,0.767,0.599,0.826,0.996,0.130,0.103,0.056,0.345,712.000,459.000,0.027,0.753,0.599,0.834,0.979,0.136,0.111,0.058,0.343,714.000,459.000,0.017,0.765,0.588,0.841,0.986,0.132,0.104,0.070,0.342,715.000,711.000,0.030,0.793,0.589,0.811,0.996,0.131,0.076,0.061,0.349
716,459,450,0.026,0.767,0.599,0.826,0.996,0.130,0.103,0.056,0.345,715.000,711.000,0.030,0.793,0.589,0.811,0.996,0.131,0.076,0.061,0.349,716.000,712.000,0.026,0.737,0.578,0.816,0.994,0.135,0.128,0.073,0.349,,,,,,,,,,,
717,459,450,0.026,0.767,0.599,0.826,0.996,0.130,0.103,0.056,0.345,715.000,711.000,0.030,0.793,0.589,0.811,0.996,0.131,0.076,0.061,0.349,716.000,712.000,0.026,0.737,0.578,0.816,0.994,0.135,0.128,0.073,0.349,718.000,715.000,0.031,0.809,0.586,0.817,1.000,0.132,0.059,0.063,0.352
718,459,450,0.026,0.767,0.599,0.826,0.996,0.130,0.103,0.056,0.345,715.000,711.000,0.030,0.793,0.589,0.811,0.996,0.131,0.076,0.061,0.349,716.000,712.000,0.026,0.737,0.578,0.816,0.994,0.135,0.128,0.073,0.349,718.000,715.000,0.031,0.809,0.586,0.817,1.000,0.132,0.059,0.063,0.352
719,459,450,0.026,0.767,0.599,0.826,0.996,0.130,0.103,0.056,0.345,715.000,711.000,0.030,0.793,0.589,0.811,0.996,0.131,0.076,0.061,0.349,716.000,712.000,0.026,0.737,0.578,0.816,0.994,0.135,0.128,0.073,0.349,718.000,715.000,0.031,0.809,0.586,0.817,1.000,0.132,0.059,0.063,0.352
720,459,450,0.026,0.767,0.599,0.826,0.996,0.130,0.103,0.056,0.345,715.000,711.000,0.030,0.793,0.589,0.811,0.996,0.131,0.076,0.061,0.349,716.000,712.000,0.026,0.737,0.578,0.816,0.994,0.135,0.128,0.073,0.349,719.000,716.000,0.020,0.746,0.568,0.826,0.997,0.127,0.127,0.082,0.350
721,459,450,0.026,0.767,0.599,0.826,0.996,0.130,0.103,0.056,0.345,715.000,711.000,0.030,0.793,0.589,0.811,0.996,0.131,0.076,0.061,0.349,716.000,712.000,0.026,0.737,0.578,0.816,0.994,0.135,0.128,0.073,0.349,719.000,716.000,0.020,0.746,0.568,0.826,0.997,0.127,0.127,0.082,0.350
722,459,450,0.026,0.767,0.599,0.826,0.996,0.130,0.103,0.056,0.345,715.000,711.000,0.030,0.793,0.589,0.811,0.996,0.131,0.076,0.061,0.349,716.000,712.000,0.026,0.737,0.578,0.816,0.994,0.135,0.128,0.073,0.349,720.000,459.000,0.027,0.774,0.586,0.834,1.000,0.130,0.097,0.061,0.353
723,459,450,0.026,0.767,0.599,0.826,0.996,0.130,0.103,0.056,0.345,715.000,711.000,0.030,0.793,0.589,0.811,0.996,0.131,0.076,0.061,0.349,716.000,712.000,0.026,0.737,0.578,0.816,0.994,0.135,0.128,0.073,0.349,720.000,459.000,0.027,0.774,0.586,0.834,1.000,0.130,0.097,0.061,0.353
724,459,450,0.026,0.767,0.599,0.826,0.996,0.130,0.103,0.056,0.345,716.000,712.000,0.026,0.737,0.578,0.816,0.994,0.135,0.128,0.073,0.349,722.000,721.000,0.024,0.795,0.605,0.799,0.997,0.145,0.060,0.056,0.339,724.000,459.000,0.025,0.754,0.610,0.819,1.000,0.133,0.113,0.056,0.335
725,459,450,0.026,0.767,0.599,0.826,0.996,0.130,0.103,0.056,0.345,716.000,712.000,0.026,0.737,0.578,0.816,0.994,0.135,0.128,0.073,0.349,722.000,721.000,0.024,0.795,0.605,0.799,0.997,0.145,0.060,0.056,0.339,726.000,716.000,0.022,0.760,0.592,0.799,1.000,0.120,0.120,0.062,0.346
726,459,450,0.026,0.767,0.599,0.826,0.996,0.130,0.103,0.056,0.345,716.000,712.000,0.026,0.737,0.578,0.816,0.994,0.135,0.128,0.073,0.349,726.000,716.000,0.022,0.760,0.592,0.799,1.000,0.120,0.120,0.062,0.346,727.000,722.000,0.026,0.802,0.594,0.794,1.000,0.132,0.066,0.056,0.350
727,459,450,0.026,0.767,0.599,0.826,0.996,0.130,0.103,0.056,0.345,716.000,712.000,0.026,0.737,0.578,0.816,0.994,0.135,0.128,0.073,0.349,726.000,716.000,0.022,0.760,0.592,0.799,1.000,0.120,0.120,0.062,0.346,727.000,722.000,0.026,0.802,0.594,0.794,1.000,0.132,0.066,0.056,0.350
728,459,450,0.026,0.767,0.599,0.826,0.996,0.130,0.103,0.056,0.345,716.000,712.000,0.026,0.737,0.578,0.816,0.994,0.135,0.128,0.073,0.349,726.000,716.000,0.022,0.760,0.592,0.799,1.000,0.120,0.120,0.062,0.346,727.000,722.000,0.026,0.802,0.594,0.794,1.000,0.132,0.066,0.056,0.350
729,459,450,0.026,0.767,0.599,0.826,0.996,0.130,0.103,0.056,0.345,716.000,712.000,0.026,0.737,0.578,0.816,0.994,0.135,0.128,0.073,0.349,726.000,716.000,0.022,0.760,0.592,0.799,1.000,0.120,0.120,0.062,0.346,727.000,722.000,0.026,0.802,0.594,0.794,1.000,0.132,0.066,0.056,0.350
730,459,450,0.026,0.767,0.599,0.826,0.996,0.130,0.103,0.056,0.345,716.000,712.000,0.026,0.737,0.578,0.816,0.994,0.135,0.128,0.073,0.349,726.000,716.000,0.022,0.760,0.592,0.799,1.000,0.120,0.120,0.062,0.346,727.000,722.000,0.026,0.802,0.594,0.794,1.000,0.132,0.066,0.056,0.350
731,459,450,0.026,0.767,0.599,0.826,0.996,0.130,0.103,0.056,0.345,716.000,712.000,0.026,0.737,0.578,0.816,0.994,0.135,0.128,0.073,0.349,726.000,716.000,0.022,0.760,0.592,0.799,1.000,0.120,0.120,0.062,0.346,729.000,716.000,0.023,0.747,0.576,0.812,0.999,0.133,0.120,0.066,0.358
732,459,450,0.026,0.767,0.599,0.826,0.996,0.130,0.103,0.056,0.345,716.000,712.000,0.026,0.737,0.578,0.816,0.994,0.135,0.128,0.073,0.349,726.000,716.000,0.022,0.760,0.592,0.799,1.000,0.120,0.120,0.062,0.346,729.000,716.000,0.023,0.747,0.576,0.812,0.999,0.133,0.120,0.066,0.358
733,459,450,0.026,0.767,0.599,0.826,0.996,0.130,0.103,0.056,0.345,716.000,712.000,0.026,0.737,0.578,0.816,0.994,0.135,0.128,0.073,0.349,726.000,716.000,0.022,0.760,0.592,0.799,1.000,0.120,0.120,0.062,0.346,729.000,716.000,0.023,0.747,0.576,0.812,0.999,0.133,0.120,0.066,0.358
734,459,450,0.026,0.767,0.599,0.826,0.996,0.130,0.103,0.056,0.345,716.000,712.000,0.026,0.737,0.578,0.816,0.994,0.135,0.128,0.073,0.349,726.000,716.000,0.022,0.760,0.592,0.799,1.000,0.120,0.120,0.062,0.346,729.000,716.000,0.023,0.747,0.576,0.812,0.999,0.133,0.120,0.066,0.358
735,459,450,0.026,0.767,0.599,0.826,0.996,0.130,0.103,0.056,0.345,726.000,716.000,0.022,0.760,0.592,0.799,1.000,0.120,0.120,0.062,0.346,729.000,716.000,0.023,0.747,0.576,0.812,0.999,0.133,0.120,0.066,0.358,734.000,729.000,0.020,0.748,0.582,0.818,1.000,0.140,0.112,0.052,0.366
736,459,450,0.026,0.767,0.599,0.826,0.996,0.130,0.103,0.056,0.345,726.000,716.000,0.022,0.760,0.592,0.799,1.000,0.120,0.120,0.062,0.346,734.000,729.000,0.020,0.748,0.582,0.818,1.000,0.140,0.112,0.052,0.366,736.000,729.000,0.023,0.737,0.586,0.827,1.000,0.142,0.121,0.051,0.363
737,459,450,0.026,0.767,0.599,0.826,0.996,0.130,0.103,0.056,0.345,738.000,726.000,0.032,0.764,0.589,0.793,0.993,0.124,0.112,0.058,0.353,,,,,,,,,,,,,,,,,,,,,,
738,459,450,0.026,0.767,0.599,0.826,0.996,0.130,0.103,0.056,0.345,738.000,726.000,0.032,0.764,0.589,0.793,0.993,0.124,0.112,0.058,0.353,739.000,738.000,0.032,0.779,0.594,0.790,0.981,0.117,0.104,0.066,0.340,,,,,,,,,,,
739,459,450,0.026,0.767,0.599,0.826,0.996,0.130,0.103,0.056,0.345,738.000,726.000,0.032,0.764,0.589,0.793,0.993,0.124,0.112,0.058,0.353,740.000,738.000,0.028,0.753,0.607,0.799,0.986,0.128,0.119,0.053,0.340,,,,,,,,,,,
740,459,450,0.026,0.767,0.599,0.826,0.996,0.130,0.103,0.056,0.345,738.000,726.000,0.032,0.764,0.589,0.793,0.993,0.124,0.112,0.058,0.353,740.000,738.000,0.028,0.753,0.607,0.799,0.986,0.128,0.119,0.053,0.340,741.000,738.000,0.036,0.759,0.594,0.795,0.984,0.138,0.103,0.056,0.350
741,459,450,0.026,0.767,0.599,0.826,0.996,0.130,0.103,0.056,0.345,738.000,726.000,0.032,0.764,0.589,0.793,0.993,0.124,0.112,0.058,0.353,740.000,738.000,0.028,0.753,0.607,0.799,0.986,0.128,0.119,0.053,0.340,741.000,738.000,0.036,0.759,0.594,0.795,0.984,0.138,0.103,0.056,0.350
742,459,450,0.026,0.767,0.599,0.826,0.996,0.130,0.103,0.056,0.345,738.000,726.000,0.032,0.764,0.589,0.793,0.993,0.124,0.112,0.058,0.353,740.000,738.000,0.028,0.753,0.607,0.799,0.986,0.128,0.119,0.053,0.340,742.000,740.000,0.026,0.730,0.614,0.785,0.978,0.134,0.135,0.047,0.338
743,459,450,0.026,0.767,0.599,0.826,0.996,0.130,0.103,0.056,0.345,738.000,726.000,0.032,0.764,0.589,0.793,0.993,0.124,0.112,0.058,0.353,740.000,738.000,0.028,0.753,0.607,0.799,0.986,0.128,0.119,0.053,0.340,742.000,740.000,0.026,0.730,0.614,0.785,0.978,0.134,0.135,0.047,0.338
744,459,450,0.026,0.767,0.599,0.826,0.996,0.130,0.103,0.056,0.345,740.000,738.000,0.028,0.753,0.607,0.799,0.986,0.128,0.119,0.053,0.340,744.000,459.000,0.023,0.759,0.584,0.820,0.994,0.134,0.107,0.071,0.344,745.000,740.000,0.036,0.744,0.615,0.802,0.992,0.134,0.122,0.048,0.337
745,459,450,0.026,0.767,0.599,0.826,0.996,0.130,0.103,0.056,0.345,740.000,738.000,0.028,0.753,0.607,0.799,0.986,0.128,0.119,0.053,0.340,744.000,459.000,0.023,0.759,0.584,0.820,0.994,0.134,0.107,0.071,0.344,745.000,740.000,0.036,0.744,0.615,0.802,0.992,0.134,0.122,0.048,0.337
746,459,450,0.026,0.767,0.599,0.826,0.996,0.130,0.103,0.056,0.345,740.000,738.000,0.028,0.753,0.607,0.799,0.986,0.128,0.119,0.053,0.340,744.000,459.000,0.023,0.759,0.584,0.820,0.994,0.134,0.107,0.071,0.344,747.000,740.000,0.028,0.748,0.622,0.802,0.986,0.137,0.115,0.039,0.340
747,459,450,0.026,0.767,0.599,0.826,0.996,0.130,0.103,0.056,0.345,744.000,459.000,0.023,0.759,0.584,0.820,0.994,0.134,0.107,0.071,0.344,747.000,740.000,0.028,0.748,0.622,0.802,0.986,0.137,0.115,0.039,0.340,748.000,744.000,0.035,0.759,0.568,0.812,1.000,0.131,0.110,0.098,0.335
748,459,450,0.026,0.767,0.599,0.826,0.996,0.130,0.103,0.056,0.345,744.000,459.000,0.023,0.759,0.584,0.820,0.994,0.134,0.107,0.071,0.344,747.000,740.000,0.028,0.748,0.622,0.802,0.986,0.137,0.115,0.039,0.340,749.000,459.000,0.015,0.769,0.606,0.812,0.991,0.125,0.106,0.053,0.340
749,459,450,0.026,0.767,0.599,0.826,0.996,0.130,0.103,0.056,0.345,744.000,459.000,0.023,0.759,0.584,0.820,0.994,0.134,0.107,0.071,0.344,747.000,740.000,0.028,0.748,0.622,0.802,0.986,0.137,0.115,0.039,0.340,749.000,459.000,0.015,0.769,0.606,0.812,0.991,0.125,0.106,0.053,0.340
750,459,450,0.026,0.767,0.599,0.826,0.996,0.130,0.103,0.056,0.345,744.000,459.000,0.023,0.759,0.584,0.820,0.994,0.134,0.107,0.071,0.344,747.000,740.000,0.028,0.748,0.622,0.802,0.986,0.137,0.115,0.039,0.340,749.000,459.000,0.015,0.769,0.606,0.812,0.991,0.125,0.106,0.053,0.340
751,459,450,0.026,0.767,0.599,0.826,0.996,0.130,0.103,0.056,0.345,744.000,459.000,0.023,0.759,0.584,0.820,0.994,0.134,0.107,0.071,0.344,747.000,740.000,0.028,0.748,0.622,0.802,0.986,0.137,0.115,0.039,0.340,749.000,459.000,0.015,0.769,0.606,0.812,0.991,0.125,0.106,0.053,0.340
752,459,450,0.026,0.767,0.599,0.826,0.996,0.130,0.103,0.056,0.345,744.000,459.000,0.023,0.759,0.584,0.820,0.994,0.134,0.107,0.071,0.344,751.000,744.000,0.023,0.747,0.586,0.804,0.994,0.148,0.105,0.077,0.337,752.000,751.000,0.026,0.721,0.582,0.807,1.000,0.164,0.116,0.078,0.339
753,459,450,0.026,0.767,0.599,0.826,0.996,0.130,0.103,0.056,0.345,744.000,459.000,0.023,0.759,0.584,0.820,0.994,0.134,0.107,0.071,0.344,751.000,744.000,0.023,0.747,0.586,0.804,0.994,0.148,0.105,0.077,0.337,752.000,751.000,0.026,0.721,0.582,0.807,1.000,0.164,0.116,0.078,0.339
754,459,450,0.026,0.767,0.599,0.826,0.996,0.130,0.103,0.056,0.345,744.000,459.000,0.023,0.759,0.584,0.820,0.994,0.134,0.107,0.071,0.344,751.000,744.000,0.023,0.747,0.586,0.804,0.994,0.148,0.105,0.077,0.337,752.000,751.000,0.026,0.721,0.582,0.807,1.000,0.164,0.116,0.078,0.339
755,459,450,0.026,0.767,0.599,0.826,0.996,0.130,0.103,0.056,0.345,744.000,459.000,0.023,0.759,0.584,0.820,0.994,0.134,0.107,0.071,0.344,751.000,744.000,0.023,0.747,0.586,0.804,0.994,0.148,0.105,0.077,0.337,753.000,744.000,0.029,0.769,0.588,0.818,0.997,0.123,0.108,0.068,0.344
756,459,450,0.026,0.767,0.599,0.826,0.996,0.130,0.103,0.056,0.345,744.000,459.000,0.023,0.759,0.584,0.820,0.994,0.134,0.107,0.071,0.344,751.000,744.000,0.023,0.747,0.586,0.804,0.994,0.148,0.105,0.077,0.337,753.000,744.000,0.029,0.769,0.588,0.818,0.997,0.123,0.108,0.068,0.344
757,459,450,0.026,0.767,0.599,0.826,0.996,0.130,0.103,0.056,0.345,744.000,459.000,0.023,0.759,0.584,0.820,0.994,0.134,0.107,0.071,0.344,753.000,744.000,0.029,0.769,0.588,0.818,0.997,0.123,0.108,0.068,0.344,757.000,751.000,0.028,0.753,0.572,0.793,0.990,0.145,0.102,0.098,0.331
758,459,450,0.026,0.767,0.599,0.826,0.996,0.130,0.103,0.056,0.345,753.000,744.000,0.029,0.769,0.588,0.818,0.997,0.123,0.108,0.068,0.344,757.000,751.000,0.028,0.753,0.572,0.793,0.990,0.145,0.102,0.098,0.331,758.000,753.000,0.030,0.772,0.591,0.810,0.988,0.118,0.110,0.063,0.345
759,459,450,0.026,0.767,0.599,0.826,0.996,0.130,0.103,0.056,0.345,753.000,744.000,0.029,0.769,0.588,0.818,0.997,0.123,0.108,0.068,0.344,758.000,753.000,0.030,0.772,0.591,0.810,0.988,0.118,0.110,0.063,0.345,759.000,459.000,0.028,0.774,0.608,0.806,1.000,0.127,0.099,0.040,0.352
760,459,450,0.026,0.767,0.599,0.826,0.996,0.130,0.103,0.056,0.345,753.000,744.000,0.029,0.769,0.588,0.818,0.997,0.123,0.108,0.068,0.344,758.000,753.000,0.030,0.772,0.591,0.810,0.988,0.118,0.110,0.063,0.345,759.000,459.000,0.028,0.774,0.608,0.806,1.000,0.127,0.099,0.040,0.352
761,459,450,0.026,0.767,0.599,0.826,0.996,0.130,0.103,0.056,0.345,753.000,744.000,0.029,0.769,0.588,0.818,0.997,0.123,0.108,0.068,0.344,758.000,753.000,0.030,0.772,0.591,0.810,0.988,0.118,0.110,0.063,0.345,760.000,753.000,0.027,0.773,0.594,0.821,0.987,0.121,0.107,0.062,0.343
762,459,450,0.026,0.767,0.599,0.826,0.996,0.130,0.103,0.056,0.345,753.000,744.000,0.029,0.769,0.588,0.818,0.997,0.123,0.108,0.068,0.344,758.000,753.000,0.030,0.772,0.591,0.810,0.988,0.118,0.110,0.063,0.345,760.000,753.000,0.027,0.773,0.594,0.821,0.987,0.121,0.107,0.062,0.343
763,459,450,0.026,0.767,0.599,0.826,0.996,0.130,0.103,0.056,0.345,753.000,744.000,0.029,0.769,0.588,0.818,0.997,0.123,0.108,0.068,0.344,758.000,753.000,0.030,0.772,0.591,0.810,0.988,0.118,0.110,0.063,0.345,760.000,753.000,0.027,0.773,0.594,0.821,0.987,0.121,0.107,0.062,0.343
764,459,450,0.026,0.767,0.599,0.826,0.996,0.130,0.103,0.056,0.345,753.000,744.000,0.029,0.769,0.588,0.818,0.997,0.123,0.108,0.068,0.344,758.000,753.000,0.030,0.772,0.591,0.810,0.988,0.118,0.110,0.063,0.345,760.000,753.000,0.027,0.773,0.594,0.821,0.987,0.121,0.107,0.062,0.343
765,459,450,0.026,0.767,0.599,0.826,0.996,0.130,0.103,0.056,0.345,753.000,744.000,0.029,0.769,0.588,0.818,0.997,0.123,0.108,0.068,0.344,763.000,761.000,0.032,0.760,0.582,0.814,0.999,0.113,0.127,0.081,0.338,765.000,758.000,0.030,0.785,0.622,0.815,0.991,0.113,0.102,0.049,0.329
766,459,450,0.026,0.767,0.599,0.826,0.996,0.130,0.103,0.056,0.345,753.000,744.000,0.029,0.769,0.588,0.818,0.997,0.123,0.108,0.068,0.344,763.000,761.000,0.032,0.760,0.582,0.814,0.999,0.113,0.127,0.081,0.338,766.000,753.000,0.034,0.767,0.598,0.829,0.996,0.127,0.106,0.067,0.334
767,459,450,0.026,0.767,0.599,0.826,0.996,0.130,0.103,0.056,0.345,753.000,744.000,0.029,0.769,0.588,0.818,0.997,0.123,0.108,0.068,0.344,766.000,753.000,0.034,0.767,0.598,0.829,0.996,0.127,0.106,0.067,0.334,767.000,763.000,0.034,0.769,0.593,0.805,1.000,0.111,0.120,0.087,0.319
768,459,450,0.026,0.767,0.599,0.826,0.996,0.130,0.103,0.056,0.345,753.000,744.000,0.029,0.769,0.588,0.818,0.997,0.123,0.108,0.068,0.344,769.000,766.000,0.035,0.764,0.581,0.813,0.992,0.140,0.096,0.081,0.338,,,,,,,,,,,
769,459,450,0.026,0.767,0.599,0.826,0.996,0.130,0.103,0.056,0.345,769.000,766.000,0.035,0.764,0.581,0.813,0.992,0.140,0.096,0.081,0.338,770.000,459.000,0.024,0.784,0.611,0.808,0.999,0.110,0.106,0.058,0.331,,,,,,,,,,,
770,459,450,0.026,0.767,0.599,0.826,0.996,0.130,0.103,0.056,0.345,770.000,459.000,0.024,0.784,0.611,0.808,0.999,0.110,0.106,0.058,0.331,771.000,770.000,0.025,0.793,0.611,0.800,0.995,0.111,0.097,0.059,0.329,,,,,,,,,,,
771,459,450,0.026,0.767,0.599,0.826,0.996,0.130,0.103,0.056,0.345,770.000,459.000,0.024,0.784,0.611,0.808,0.999,0.110,0.106,0.058,0.331,771.000,770.000,0.025,0.793,0.611,0.800,0.995,0.111,0.097,0.059,0.329,772.000,770.000,0.025,0.764,0.607,0.807,1.000,0.115,0.121,0.074,0.319
772,459,450,0.026,0.767,0.599,0.826,0.996,0.130,0.103,0.056,0.345,770.000,459.000,0.024,0.784,0.611,0.808,0.999,0.110,0.106,0.058,0.331,771.000,770.000,0.025,0.793,0.611,0.800,0.995,0.111,0.097,0.059,0.329,772.000,770.000,0.025,0.764,0.607,0.807,1.000,0.115,0.121,0.074,0.319
773,459,450,0.026,0.767,0.599,0.826,0.996,0.130,0.103,0.056,0.345,770.000,459.000,0.024,0.784,0.611,0.808,0.999,0.110,0.106,0.058,0.331,771.000,770.000,0.025,0.793,0.611,0.800,0.995,0.111,0.097,0.059,0.329,772.000,770.000,0.025,0.764,0.607,0.807,1.000,0.115,0.121,0.074,0.319
774,459,450,0.026,0.767,0.599,0.826,0.996,0.130,0.103,0.056,0.345,770.000,459.000,0.024,0.784,0.611,0.808,0.999,0.110,0.106,0.058,0.331,771.000,770.000,0.025,0.793,0.611,0.800,0.995,0.111,0.097,0.059,0.329,772.000,770.000,0.025,0.764,0.607,0.807,1.000,0.115,0.121,0.074,0.319
775,459,450,0.026,0.767,0.599,0.826,0.996,0.130,0.103,0.056,0.345,770.000,459.000,0.024,0.784,0.611,0.808,0.999,0.110,0.106,0.058,0.331,771.000,770.000,0.025,0.793,0.611,0.800,0.995,0.111,0.097,0.059,0.329,773.000,770.000,0.025,0.763,0.593,0.810,1.000,0.121,0.115,0.064,0.343
776,459,450,0.026,0.767,0.599,0.826,0.996,0.130,0.103,0.056,0.345,770.000,459.000,0.024,0.784,0.611,0.808,0.999,0.110,0.106,0.058,0.331,771.000,770.000,0.025,0.793,0.611,0.800,0.995,0.111,0.097,0.059,0.329,773.000,770.000,0.025,0.763,0.593,0.810,1.000,0.121,0.115,0.064,0.343
777,459,450,0.026,0.767,0.599,0.826,0.996,0.130,0.103,0.056,0.345,770.000,459.000,0.024,0.784,0.611,0.808,0.999,0.110,0.106,0.058,0.331,771.000,770.000,0.025,0.793,0.611,0.800,0.995,0.111,0.097,0.059,0.329,778.000,459.000,0.025,0.755,0.581,0.833,0.998,0.151,0.093,0.063,0.355
778,459,450,0.026,0.767,0.599,0.826,0.996,0.130,0.103,0.056,0.345,770.000,459.000,0.024,0.784,0.611,0.808,0.999,0.110,0.106,0.058,0.331,771.000,770.000,0.025,0.793,0.611,0.800,0.995,0.111,0.097,0.059,0.329,778.000,459.000,0.025,0.755,0.581,0.833,0.998,0.151,0.093,0.063,0.355
779,459,450,0.026,0.767,0.599,0.826,0.996,0.130,0.103,0.056,0.345,770.000,459.000,0.024,0.784,0.611,0.808,0.999,0.110,0.106,0.058,0.331,771.000,770.000,0.025,0.793,0.611,0.800,0.995,0.111,0.097,0.059,0.329,778.000,459.000,0.025,0.755,0.581,0.833,0.998,0.151,0.093,0.063,0.355
780,459,450,0.026,0.767,0.599,0.826,0.996,0.130,0.103,0.056,0.345,770.000,459.000,0.024,0.784,0.611,0.808,0.999,0.110,0.106,0.058,0.331,771.000,770.000,0.025,0.793,0.611,0.800,0.995,0.111,0.097,0.059,0.329,778.000,459.000,0.025,0.755,0.581,0.833,0.998,0.151,0.093,0.063,0.355
781,459,450,0.026,0.767,0.599,0.826,0.996,0.130,0.103,0.056,0.345,771.000,770.000,0.025,0.793,0.611,0.800,0.995,0.111,0.097,0.059,0.329,778.000,459.000,0.025,0.755,0.581,0.833,0.998,0.151,0.093,0.063,0.355,780.000,459.000,0.033,0.782,0.573,0.813,0.982,0.129,0.089,0.077,0.350
782,459,450,0.026,0.767,0.599,0.826,0.996,0.130,0.103,0.056,0.345,771.000,770.000,0.025,0.793,0.611,0.800,0.995,0.111,0.097,0.059,0.329,778.000,459.000,0.025,0.755,0.581,0.833,0.998,0.151,0.093,0.063,0.355,780.000,459.000,0.033,0.782,0.573,0.813,0.982,0.129,0.089,0.077,0.350
783,459,450,0.026,0.767,0.599,0.826,0.996,0.130,0.103,0.056,0.345,771.000,770.000,0.025,0.793,0.611,0.800,0.995,0.111,0.097,0.059,0.329,778.000,459.000,0.025,0.755,0.581,0.833,0.998,0.151,0.093,0.063,0.355,781.000,771.000,0.031,0.789,0.619,0.811,0.987,0.103,0.108,0.050,0.331
784,459,450,0.026,0.767,0.599,0.826,0.996,0.130,0.103,0.056,0.345,771.000,770.000,0.025,0.793,0.611,0.800,0.995,0.111,0.097,0.059,0.329,778.000,459.000,0.025,0.755,0.581,0.833,0.998,0.151,0.093,0.063,0.355,781.000,771.000,0.031,0.789,0.619,0.811,0.987,0.103,0.108,0.050,0.331
785,459,450,0.026,0.767,0.599,0.826,0.996,0.130,0.103,0.056,0.345,778.000,459.000,0.025,0.755,0.581,0.833,0.998,0.151,0.093,0.063,0.355,783.000,459.000,0.023,0.754,0.585,0.816,1.000,0.136,0.110,0.066,0.349,786.000,778.000,0.023,0.789,0.582,0.844,0.998,0.134,0.077,0.060,0.357
786,459,450,0.026,0.767,0.599,0.826,0.996,0.130,0.103,0.056,0.345,778.000,459.000,0.025,0.755,0.581,0.833,0.998,0.151,0.093,0.063,0.355,783.000,459.000,0.023,0.754,0.585,0.816,1.000,0.136,0.110,0.066,0.349,786.000,778.000,0.023,0.789,0.582,0.844,0.998,0.134,0.077,0.060,0.357
787,459,450,0.026,0.767,0.599,0.826,0.996,0.130,0.103,0.056,0.345,778.000,459.000,0.025,0.755,0.581,0.833,0.998,0.151,0.093,0.063,0.355,783.000,459.000,0.023,0.754,0.585,0.816,1.000,0.136,0.110,0.066,0.349,788.000,783.000,0.026,0.757,0.580,0.810,1.000,0.129,0.114,0.072,0.347
788,459,450,0.026,0.767,0.599,0.826,0.996,0.130,0.103,0.056,0.345,778.000,459.000,0.025,0.755,0.581,0.833,0.998,0.151,0.093,0.063,0.355,788.000,783.000,0.026,0.757,0.580,0.810,1.000,0.129,0.114,0.072,0.347,789.000,783.000,0.024,0.769,0.588,0.832,0.998,0.124,0.107,0.059,0.353
789,459,450,0.026,0.767,0.599,0.826,0.996,0.130,0.103,0.056,0.345,778.000,459.000,0.025,0.755,0.581,0.833,0.998,0.151,0.093,0.063,0.355,788.000,783.000,0.026,0.757,0.580,0.810,1.000,0.129,0.114,0.072,0.347,789.000,783.000,0.024,0.769,0.588,0.832,0.998,0.124,0.107,0.059,0.353
790,459,450,0.026,0.767,0.599,0.826,0.996,0.130,0.103,0.056,0.345,778.000,459.000,0.025,0.755,0.581,0.833,0.998,0.151,0.093,0.063,0.355,789.000,783.000,0.024,0.769,0.588,0.832,0.998,0.124,0.107,0.059,0.353,791.000,789.000,0.023,0.771,0.596,0.831,0.997,0.119,0.110,0.053,0.352
791,459,450,0.026,0.767,0.599,0.826,0.996,0.130,0.103,0.056,0.345,778.000,459.000,0.025,0.755,0.581,0.833,0.998,0.151,0.093,0.063,0.355,789.000,783.000,0.024,0.769,0.588,0.832,0.998,0.124,0.107,0.059,0.353,791.000,789.000,0.023,0.771,0.596,0.831,0.997,0.119,0.110,0.053,0.352
792,459,450,0.026,0.767,0.599,0.826,0.996,0.130,0.103,0.056,0.345,778.000,459.000,0.025,0.755,0.581,0.833,0.998,0.151,0.093,0.063,0.355,789.000,783.000,0.024,0.769,0.588,0.832,0.998,0.124,0.107,0.059,0.353,791.000,789.000,0.023,0.771,0.596,0.831,0.997,0.119,0.110,0.053,0.352
793,459,450,0.026,0.767,0.599,0.826,0.996,0.130,0.103,0.056,0.345,778.000,459.000,0.025,0.755,0.581,0.833,0.998,0.151,0.093,0.063,0.355,789.000,783.000,0.024,0.769,0.588,0.832,0.998,0.124,0.107,0.059,0.353,791.000,789.000,0.023,0.771,0.596,0.831,0.997,0.119,0.110,0.053,0.352
794,459,450,0.026,0.767,0.599,0.826,0.996,0.130,0.103,0.056,0.345,778.000,459.000,0.025,0.755,0.581,0.833,0.998,0.151,0.093,0.063,0.355,789.000,783.000,0.024,0.769,0.588,0.832,0.998,0.124,0.107,0.059,0.353,791.000,789.000,0.023,0.771,0.596,0.831,0.997,0.119,0.110,0.053,0.352
795,459,450,0.026,0.767,0.599,0.826,0.996,0.130,0.103,0.056,0.345,778.000,459.000,0.025,0.755,0.581,0.833,0.998,0.151,0.093,0.063,0.355,789.000,783.000,0.024,0.769,0.588,0.832,0.998,0.124,0.107,0.059,0.353,791.000,789.000,0.023,0.771,0.596,0.831,0.997,0.119,0.110,0.053,0.352
796,459,450,0.026,0.767,0.599,0.826,0.996,0.130,0.103,0.056,0.345,778.000,459.000,0.025,0.755,0.581,0.833,0.998,0.151,0.093,0.063,0.355,789.000,783.000,0.024,0.769,0.588,0.832,0.998,0.124,0.107,0.059,0.353,791.000,789.000,0.023,0.771,0.596,0.831,0.997,0.119,0.110,0.053,0.352
797,459,450,0.026,0.767,0.599,0.826,0.996,0.130,0.103,0.056,0.345,778.000,459.000,0.025,0.755,0.581,0.833,0.998,0.151,0.093,0.063,0.355,789.000,783.000,0.024,0.769,0.588,0.832,0.998,0.124,0.107,0.059,0.353,791.000,789.000,0.023,0.771,0.596,0.831,0.997,0.119,0.110,0.053,0.352
798,459,450,0.026,0.767,0.599,0.826,0.996,0.130,0.103,0.056,0.345,778.000,459.000,0.025,0.755,0.581,0.833,0.998,0.151,0.093,0.063,0.355,789.000,783.000,0.024,0.769,0.588,0.832,0.998,0.124,0.107,0.059,0.353,791.000,789.000,0.023,0.771,0.596,0.831,0.997,0.119,0.110,0.053,0.352
799,459,450,0.026,0.767,0.599,0.826,0.996,0.130,0.103,0.056,0.345,778.000,459.000,0.025,0.755,0.581,0.833,0.998,0.151,0.093,0.063,0.355,789.000,783.000,0.024,0.769,0.588,0.832,0.998,0.124,0.107,0.059,0.353,791.000,789.000,0.023,0.771,0.596,0.831,0.997,0.119,0.110,0.053,0.352
800,459,450,0.026,0.767,0.599,0.826,0.996,0.130,0.103,0.056,0.345,789.000,783.000,0.024,0.769,0.588,0.832,0.998,0.124,0.107,0.059,0.353,791.000,789.000,0.023,0.771,0.596,0.831,0.997,0.119,0.110,0.053,0.352,797.000,459.000,0.024,0.760,0.602,0.828,1.000,0.136,0.103,0.045,0.352
801,459,450,0.026,0.767,0.599,0.826,0.996,0.130,0.103,0.056,0.345,789.000,783.000,0.024,0.769,0.588,0.832,0.998,0.124,0.107,0.059,0.353,791.000,789.000,0.023,0.771,0.596,0.831,0.997,0.119,0.110,0.053,0.352,797.000,459.000,0.024,0.760,0.602,0.828,1.000,0.136,0.103,0.045,0.352
802,459,450,0.026,0.767,0.599,0.826,0.996,0.130,0.103,0.056,0.345,789.000,783.000,0.024,0.769,0.588,0.832,0.998,0.124,0.107,0.059,0.353,791.000,789.000,0.023,0.771,0.596,0.831,0.997,0.119,0.110,0.053,0.352,797.000,459.000,0.024,0.760,0.602,0.828,1.000,0.136,0.103,0.045,0.352
803,459,450,0.026,0.767,0.599,0.826,0.996,0.130,0.103,0.056,0.345,789.000,783.000,0.024,0.769,0.588,0.832,0.998,0.124,0.107,0.059,0.353,791.000,789.000,0.023,0.771,0.596,0.831,0.997,0.119,0.110,0.053,0.352,797.000,459.000,0.024,0.760,0.602,0.828,1.000,0.136,0.103,0.045,0.352
804,459,450,0.026,0.767,0.599,0.826,0.996,0.130,0.103,0.056,0.345,789.000,783.000,0.024,0.769,0.588,0.832,0.998,0.124,0.107,0.059,0.353,791.000,789.000,0.023,0.771,0.596,0.831,0.997,0.119,0.110,0.053,0.352,797.000,459.000,0.024,0.760,0.602,0.828,1.000,0.136,0.103,0.045,0.352
805,459,450,0.026,0.767,0.599,0.826,0.996,0.130,0.103,0.056,0.345,789.000,783.000,0.024,0.769,0.588,0.832,0.998,0.124,0.107,0.059,0.353,791.000,789.000,0.023,0.771,0.596,0.831,0.997,0.119,0.110,0.053,0.352,799.000,459.000,0.025,0.754,0.591,0.849,0.994,0.138,0.107,0.064,0.345
806,459,450,0.026,0.767,0.599,0.826,0.996,0.130,0.103,0.056,0.345,789.000,783.000,0.024,0.769,0.588,0.832,0.998,0.124,0.107,0.059,0.353,791.000,789.000,0.023,0.771,0.596,0.831,0.997,0.119,0.110,0.053,0.352,799.000,459.000,0.025,0.754,0.591,0.849,0.994,0.138,0.107,0.064,0.345
807,459,450,0.026,0.767,0.599,0.826,0.996,0.130,0.103,0.056,0.345,789.000,783.000,0.024,0.769,0.588,0.832,0.998,0.124,0.107,0.059,0.353,791.000,789.000,0.023,0.771,0.596,0.831,0.997,0.119,0.110,0.053,0.352,799.000,459.000,0.025,0.754,0.591,0.849,0.994,0.138,0.107,0.064,0.345
808,459,450,0.026,0.767,0.599,0.826,0.996,0.130,0.103,0.056,0.345,789.000,783.000,0.024,0.769,0.588,0.832,0.998,0.124,0.107,0.059,0.353,791.000,789.000,0.023,0.771,0.596,0.831,0.997,0.119,0.110,0.053,0.352,799.000,459.000,0.025,0.754,0.591,0.849,0.994,0.138,0.107,0.064,0.345
809,459,450,0.026,0.767,0.599,0.826,0.996,0.130,0.103,0.056,0.345,789.000,783.000,0.024,0.769,0.588,0.832,0.998,0.124,0.107,0.059,0.353,791.000,789.000,0.023,0.771,0.596,0.831,0.997,0.119,0.110,0.053,0.352,799.000,459.000,0.025,0.754,0.591,0.849,0.994,0.138,0.107,0.064,0.345
810,459,450,0.026,0.767,0.599,0.826,0.996,0.130,0.103,0.056,0.345,789.000,783.000,0.024,0.769,0.588,0.832,0.998,0.124,0.107,0.059,0.353,791.000,789.000,0.023,0.771,0.596,0.831,0.997,0.119,0.110,0.053,0.352,799.000,459.000,0.025,0.754,0.591,0.849,0.994,0.138,0.107,0.064,0.345
811,459,450,0.026,0.767,0.599,0.826,0.996,0.130,0.103,0.056,0.345,789.000,783.000,0.024,0.769,0.588,0.832,0.998,0.124,0.107,0.059,0.353,791.000,789.000,0.023,0.771,0.596,0.831,0.997,0.119,0.110,0.053,0.352,799.000,459.000,0.025,0.754,0.591,0.849,0.994,0.138,0.107,0.064,0.345
812,459,450,0.026,0.767,0.599,0.826,0.996,0.130,0.103,0.056,0.345,789.000,783.000,0.024,0.769,0.588,0.832,0.998,0.124,0.107,0.059,0.353,791.000,789.000,0.023,0.771,0.596,0.831,0.997,0.119,0.110,0.053,0.352,799.000,459.000,0.025,0.754,0.591,0.849,0.994,0.138,0.107,0.064,0.345
813,459,450,0.026,0.767,0.599,0.826,0.996,0.130,0.103,0.056,0.345,789.000,783.000,0.024,0.769,0.588,0.832,0.998,0.124,0.107,0.059,0.353,791.000,789.000,0.023,0.771,0.596,0.831,0.997,0.119,0.110,0.053,0.352,799.000,459.000,0.025,0.754,0.591,0.849,0.994,0.138,0.107,0.064,0.345
814,459,450,0.026,0.767,0.599,0.826,0.996,0.130,0.103,0.056,0.345,789.000,783.000,0.024,0.769,0.588,0.832,0.998,0.124,0.107,0.059,0.353,791.000,789.000,0.023,0.771,0.596,0.831,0.997,0.119,0.110,0.053,0.352,808.000,803.000,0.026,0.778,0.608,0.828,0.989,0.114,0.108,0.048,0.345
815,459,450,0.026,0.767,0.599,0.826,0.996,0.130,0.103,0.056,0.345,789.000,783.000,0.024,0.769,0.588,0.832,0.998,0.124,0.107,0.059,0.353,791.000,789.000,0.023,0.771,0.596,0.831,0.997,0.119,0.110,0.053,0.352,814.000,808.000,0.031,0.769,0.603,0.826,0.997,0.126,0.106,0.055,0.342
816,459,450,0.026,0.767,0.599,0.826,0.996,0.130,0.103,0.056,0.345,789.000,783.000,0.024,0.769,0.588,0.832,0.998,0.124,0.107,0.059,0.353,791.000,789.000,0.023,0.771,0.596,0.831,0.997,0.119,0.110,0.053,0.352,814.000,808.000,0.031,0.769,0.603,0.826,0.997,0.126,0.106,0.055,0.342
817,459,450,0.026,0.767,0.599,0.826,0.996,0.130,0.103,0.056,0.345,789.000,783.000,0.024,0.769,0.588,0.832,0.998,0.124,0.107,0.059,0.353,791.000,789.000,0.023,0.771,0.596,0.831,0.997,0.119,0.110,0.053,0.352,814.000,808.000,0.031,0.769,0.603,0.826,0.997,0.126,0.106,0.055,0.342
818,459,450,0.026,0.767,0.599,0.826,0.996,0.130,0.103,0.056,0.345,814.000,808.000,0.031,0.769,0.603,0.826,0.997,0.126,0.106,0.055,0.342,815.000,459.000,0.028,0.771,0.589,0.842,0.993,0.128,0.101,0.062,0.349,818.000,791.000,0.023,0.772,0.614,0.832,1.000,0.120,0.107,0.052,0.334
819,459,450,0.026,0.767,0.599,0.826,0.996,0.130,0.103,0.056,0.345,814.000,808.000,0.031,0.769,0.603,0.826,0.997,0.126,0.106,0.055,0.342,815.000,459.000,0.028,0.771,0.589,0.842,0.993,0.128,0.101,0.062,0.349,818.000,791.000,0.023,0.772,0.614,0.832,1.000,0.120,0.107,0.052,0.334
820,459,450,0.026,0.767,0.599,0.826,0.996,0.130,0.103,0.056,0.345,814.000,808.000,0.031,0.769,0.603,0.826,0.997,0.126,0.106,0.055,0.342,815.000,459.000,0.028,0.771,0.589,0.842,0.993,0.128,0.101,0.062,0.349,818.000,791.000,0.023,0.772,0.614,0.832,1.000,0.120,0.107,0.052,0.334
821,459,450,0.026,0.767,0.599,0.826,0.996,0.130,0.103,0.056,0.345,814.000,808.000,0.031,0.769,0.603,0.826,0.997,0.126,0.106,0.055,0.342,815.000,459.000,0.028,0.771,0.589,0.842,0.993,0.128,0.101,0.062,0.349,818.000,791.000,0.023,0.772,0.614,0.832,1.000,0.120,0.107,0.052,0.334
822,459,450,0.026,0.767,0.599,0.826,0.996,0.130,0.103,0.056,0.345,814.000,808.000,0.031,0.769,0.603,0.826,0.997,0.126,0.106,0.055,0.342,815.000,459.000,0.028,0.771,0.589,0.842,0.993,0.128,0.101,0.062,0.349,818.000,791.000,0.023,0.772,0.614,0.832,1.000,0.120,0.107,0.052,0.334
823,459,450,0.026,0.767,0.599,0.826,0.996,0.130,0.103,0.056,0.345,814.000,808.000,0.031,0.769,0.603,0.826,0.997,0.126,0.106,0.055,0.342,815.000,459.000,0.028,0.771,0.589,0.842,0.993,0.128,0.101,0.062,0.349,818.000,791.000,0.023,0.772,0.614,0.832,1.000,0.120,0.107,0.052,0.334
824,459,450,0.026,0.767,0.599,0.826,0.996,0.130,0.103,0.056,0.345,814.000,808.000,0.031,0.769,0.603,0.826,0.997,0.126,0.106,0.055,0.342,815.000,459.000,0.028,0.771,0.589,0.842,0.993,0.128,0.101,0.062,0.349,818.000,791.000,0.023,0.772,0.614,0.832,1.000,0.120,0.107,0.052,0.334
825,459,450,0.026,0.767,0.599,0.826,0.996,0.130,0.103,0.056,0.345,818.000,791.000,0.023,0.772,0.614,0.832,1.000,0.120,0.107,0.052,0.334,826.000,814.000,0.032,0.775,0.599,0.830,1.000,0.125,0.100,0.059,0.342,,,,,,,,,,,
826,459,450,0.026,0.767,0.599,0.826,0.996,0.130,0.103,0.056,0.345,818.000,791.000,0.023,0.772,0.614,0.832,1.000,0.120,0.107,0.052,0.334,826.000,814.000,0.032,0.775,0.599,0.830,1.000,0.125,0.100,0.059,0.342,827.000,826.000,0.034,0.760,0.591,0.835,0.993,0.129,0.112,0.066,0.344
827,459,450,0.026,0.767,0.599,0.826,0.996,0.130,0.103,0.056,0.345,818.000,791.000,0.023,0.772,0.614,0.832,1.000,0.120,0.107,0.052,0.334,826.000,814.000,0.032,0.775,0.599,0.830,1.000,0.125,0.100,0.059,0.342,827.000,826.000,0.034,0.760,0.591,0.835,0.993,0.129,0.112,0.066,0.344
828,459,450,0.026,0.767,0.599,0.826,0.996,0.130,0.103,0.056,0.345,828.000,826.000,0.021,0.758,0.607,0.824,1.000,0.126,0.116,0.061,0.332,829.000,826.000,0.028,0.785,0.607,0.833,0.994,0.127,0.088,0.058,0.336,,,,,,,,,,,
829,459,450,0.026,0.767,0.599,0.826,0.996,0.130,0.103,0.056,0.345,829.000,826.000,0.028,0.785,0.607,0.833,0.994,0.127,0.088,0.058,0.336,830.000,459.000,0.018,0.769,0.598,0.814,0.996,0.139,0.092,0.061,0.340,,,,,,,,,,,
830,459,450,0.026,0.767,0.599,0.826,0.996,0.130,0.103,0.056,0.345,829.000,826.000,0.028,0.785,0.607,0.833,0.994,0.127,0.088,0.058,0.336,830.000,459.000,0.018,0.769,0.598,0.814,0.996,0.139,0.092,0.061,0.340,831.000,829.000,0.037,0.784,0.621,0.844,0.968,0.117,0.099,0.053,0.326
831,459,450,0.026,0.767,0.599,0.826,0.996,0.130,0.103,0.056,0.345,829.000,826.000,0.028,0.785,0.607,0.833,0.994,0.127,0.088,0.058,0.336,831.000,829.000,0.037,0.784,0.621,0.844,0.968,0.117,0.099,0.053,0.326,832.000,829.000,0.027,0.798,0.609,0.813,0.995,0.114,0.087,0.043,0.348
832,459,450,0.026,0.767,0.599,0.826,0.996,0.130,0.103,0.056,0.345,829.000,826.000,0.028,0.785,0.607,0.833,0.994,0.127,0.088,0.058,0.336,832.000,829.000,0.027,0.798,0.609,0.813,0.995,0.114,0.087,0.043,0.348,833.000,832.000,0.024,0.800,0.624,0.810,0.994,0.112,0.088,0.025,0.351
833,459,450,0.026,0.767,0.599,0.826,0.996,0.130,0.103,0.056,0.345,829.000,826.000,0.028,0.785,0.607,0.833,0.994,0.127,0.088,0.058,0.336,832.000,829.000,0.027,0.798,0.609,0.813,0.995,0.114,0.087,0.043,0.348,833.000,832.000,0.024,0.800,0.624,0.810,0.994,0.112,0.088,0.025,0.351
834,459,450,0.026,0.767,0.599,0.826,0.996,0.130,0.103,0.056,0.345,829.000,826.000,0.028,0.785,0.607,0.833,0.994,0.127,0.088,0.058,0.336,832.000,829.000,0.027,0.798,0.609,0.813,0.995,0.114,0.087,0.043,0.348,834.000,829.000,0.019,0.789,0.591,0.838,0.982,0.125,0.086,0.073,0.336
835,459,450,0.026,0.767,0.599,0.826,0.996,0.130,0.103,0.056,0.345,829.000,826.000,0.028,0.785,0.607,0.833,0.994,0.127,0.088,0.058,0.336,832.000,829.000,0.027,0.798,0.609,0.813,0.995,0.114,0.087,0.043,0.348,834.000,829.000,0.019,0.789,0.591,0.838,0.982,0.125,0.086,0.073,0.336
836,459,450,0.026,0.767,0.599,0.826,0.996,0.130,0.103,0.056,0.345,829.000,826.000,0.028,0.785,0.607,0.833,0.994,0.127,0.088,0.058,0.336,832.000,829.000,0.027,0.798,0.609,0.813,0.995,0.114,0.087,0.043,0.348,836.000,829.000,0.037,0.793,0.596,0.833,0.998,0.113,0.094,0.072,0.332
837,459,450,0.026,0.767,0.599,0.826,0.996,0.130,0.103,0.056,0.345,829.000,826.000,0.028,0.785,0.607,0.833,0.994,0.127,0.088,0.058,0.336,832.000,829.000,0.027,0.798,0.609,0.813,0.995,0.114,0.087,0.043,0.348,836.000,829.000,0.037,0.793,0.596,0.833,0.998,0.113,0.094,0.072,0.332
838,459,450,0.026,0.767,0.599,0.826,0.996,0.130,0.103,0.056,0.345,829.000,826.000,0.028,0.785,0.607,0.833,0.994,0.127,0.088,0.058,0.336,836.000,829.000,0.037,0.793,0.596,0.833,0.998,0.113,0.094,0.072,0.332,838.000,832.000,0.026,0.776,0.607,0.810,0.972,0.119,0.105,0.049,0.344
839,459,450,0.026,0.767,0.599,0.826,0.996,0.130,0.103,0.056,0.345,829.000,826.000,0.028,0.785,0.607,0.833,0.994,0.127,0.088,0.058,0.336,836.000,829.000,0.037,0.793,0.596,0.833,0.998,0.113,0.094,0.072,0.332,838.000,832.000,0.026,0.776,0.607,0.810,0.972,0.119,0.105,0.049,0.344
840,459,450,0.026,0.767,0.599,0.826,0.996,0.130,0.103,0.056,0.345,829.000,826.000,0.028,0.785,0.607,0.833,0.994,0.127,0.088,0.058,0.336,838.000,832.000,0.026,0.776,0.607,0.810,0.972,0.119,0.105,0.049,0.344,840.000,459.000,0.021,0.759,0.599,0.833,1.000,0.128,0.113,0.047,0.354
841,459,450,0.026,0.767,0.599,0.826,0.996,0.130,0.103,0.056,0.345,829.000,826.000,0.028,0.785,0.607,0.833,0.994,0.127,0.088,0.058,0.336,838.000,832.000,0.026,0.776,0.607,0.810,0.972,0.119,0.105,0.049,0.344,840.000,459.000,0.021,0.759,0.599,0.833,1.000,0.128,0.113,0.047,0.354
842,459,450,0.026,0.767,0.599,0.826,0.996,0.130,0.103,0.056,0.345,829.000,826.000,0.028,0.785,0.607,0.833,0.994,0.127,0.088,0.058,0.336,842.000,829.000,0.023,0.798,0.624,0.840,0.992,0.115,0.087,0.035,0.342,843.000,840.000,0.017,0.756,0.595,0.831,1.000,0.127,0.117,0.047,0.358
843,459,450,0.026,0.767,0.599,0.826,0.996,0.130,0.103,0.056,0.345,829.000,826.000,0.028,0.785,0.607,0.833,0.994,0.127,0.088,0.058,0.336,842.000,829.000,0.023,0.798,0.624,0.840,0.992,0.115,0.087,0.035,0.342,843.000,840.000,0.017,0.756,0.595,0.831,1.000,0.127,0.117,0.047,0.358
844,459,450,0.026,0.767,0.599,0.826,0.996,0.130,0.103,0.056,0.345,844.000,459.000,0.019,0.767,0.606,0.823,0.997,0.133,0.100,0.053,0.342,845.000,842.000,0.019,0.768,0.626,0.829,0.990,0.133,0.099,0.037,0.337,,,,,,,,,,,
845,459,450,0.026,0.767,0.599,0.826,0.996,0.130,0.103,0.056,0.345,844.000,459.000,0.019,0.767,0.606,0.823,0.997,0.133,0.100,0.053,0.342,846.000,459.000,0.028,0.754,0.591,0.829,0.976,0.140,0.106,0.055,0.354,,,,,,,,,,,
846,459,450,0.026,0.767,0.599,0.826,0.996,0.130,0.103,0.056,0.345,844.000,459.000,0.019,0.767,0.606,0.823,0.997,0.133,0.100,0.053,0.342,847.000,844.000,0.020,0.767,0.593,0.834,0.994,0.142,0.091,0.060,0.346,,,,,,,,,,,
847,459,450,0.026,0.767,0.599,0.826,0.996,0.130,0.103,0.056,0.345,844.000,459.000,0.019,0.767,0.606,0.823,0.997,0.133,0.100,0.053,0.342,847.000,844.000,0.020,0.767,0.593,0.834,0.994,0.142,0.091,0.060,0.346,848.000,847.000,0.014,0.776,0.610,0.837,0.995,0.137,0.088,0.052,0.338
848,459,450,0.026,0.767,0.599,0.826,0.996,0.130,0.103,0.056,0.345,844.000,459.000,0.019,0.767,0.606,0.823,0.997,0.133,0.100,0.053,0.342,847.000,844.000,0.020,0.767,0.593,0.834,0.994,0.142,0.091,0.060,0.346,848.000,847.000,0.014,0.776,0.610,0.837,0.995,0.137,0.088,0.052,0.338
849,459,450,0.026,0.767,0.599,0.826,0.996,0.130,0.103,0.056,0.345,844.000,459.000,0.019,0.767,0.606,0.823,0.997,0.133,0.100,0.053,0.342,847.000,844.000,0.020,0.767,0.593,0.834,0.994,0.142,0.091,0.060,0.346,848.000,847.000,0.014,0.776,0.610,0.837,0.995,0.137,0.088,0.052,0.338
850,459,450,0.026,0.767,0.599,0.826,0.996,0.130,0.103,0.056,0.345,844.000,459.000,0.019,0.767,0.606,0.823,0.997,0.133,0.100,0.053,0.342,847.000,844.000,0.020,0.767,0.593,0.834,0.994,0.142,0.091,0.060,0.346,848.000,847.000,0.014,0.776,0.610,0.837,0.995,0.137,0.088,0.052,0.338
851,459,450,0.026,0.767,0.599,0.826,0.996,0.130,0.103,0.056,0.345,844.000,459.000,0.019,0.767,0.606,0.823,0.997,0.133,0.100,0.053,0.342,847.000,844.000,0.020,0.767,0.593,0.834,0.994,0.142,0.091,0.060,0.346,848.000,847.000,0.014,0.776,0.610,0.837,0.995,0.137,0.088,0.052,0.338
852,459,450,0.026,0.767,0.599,0.826,0.996,0.130,0.103,0.056,0.345,844.000,459.000,0.019,0.767,0.606,0.823,0.997,0.133,0.100,0.053,0.342,847.000,844.000,0.020,0.767,0.593,0.834,0.994,0.142,0.091,0.060,0.346,848.000,847.000,0.014,0.776,0.610,0.837,0.995,0.137,0.088,0.052,0.338
853,459,450,0.026,0.767,0.599,0.826,0.996,0.130,0.103,0.056,0.345,851.000,844.000,0.027,0.763,0.599,0.815,0.994,0.145,0.092,0.051,0.350,852.000,847.000,0.029,0.784,0.596,0.821,0.998,0.133,0.083,0.052,0.353,854.000,851.000,0.028,0.763,0.595,0.794,1.000,0.142,0.095,0.054,0.351
854,459,450,0.026,0.767,0.599,0.826,0.996,0.130,0.103,0.056,0.345,851.000,844.000,0.027,0.763,0.599,0.815,0.994,0.145,0.092,0.051,0.350,852.000,847.000,0.029,0.784,0.596,0.821,0.998,0.133,0.083,0.052,0.353,854.000,851.000,0.028,0.763,0.595,0.794,1.000,0.142,0.095,0.054,0.351
855,459,450,0.026,0.767,0.599,0.826,0.996,0.130,0.103,0.056,0.345,851.000,844.000,0.027,0.763,0.599,0.815,0.994,0.145,0.092,0.051,0.350,852.000,847.000,0.029,0.784,0.596,0.821,0.998,0.133,0.083,0.052,0.353,854.000,851.000,0.028,0.763,0.595,0.794,1.000,0.142,0.095,0.054,0.351
856,459,450,0.026,0.767,0.599,0.826,0.996,0.130,0.103,0.056,0.345,851.000,844.000,0.027,0.763,0.599,0.815,0.994,0.145,0.092,0.051,0.350,852.000,847.000,0.029,0.784,0.596,0.821,0.998,0.133,0.083,0.052,0.353,854.000,851.000,0.028,0.763,0.595,0.794,1.000,0.142,0.095,0.054,0.351
857,459,450,0.026,0.767,0.599,0.826,0.996,0.130,0.103,0.056,0.345,851.000,844.000,0.027,0.763,0.599,0.815,0.994,0.145,0.092,0.051,0.350,855.000,851.000,0.017,0.770,0.600,0.820,0.995,0.129,0.101,0.056,0.344,858.000,851.000,0.034,0.754,0.595,0.823,0.989,0.158,0.088,0.057,0.348
858,459,450,0.026,0.767,0.599,0.826,0.996,0.130,0.103,0.056,0.345,851.000,844.000,0.027,0.763,0.599,0.815,0.994,0.145,0.092,0.051,0.350,858.000,851.000,0.034,0.754,0.595,0.823,0.989,0.158,0.088,0.057,0.348,859.000,858.000,0.045,0.745,0.595,0.825,0.996,0.156,0.099,0.058,0.347
859,459,450,0.026,0.767,0.599,0.826,0.996,0.130,0.103,0.056,0.345,851.000,844.000,0.027,0.763,0.599,0.815,0.994,0.145,0.092,0.051,0.350,858.000,851.000,0.034,0.754,0.595,0.823,0.989,0.158,0.088,0.057,0.348,859.000,858.000,0.045,0.745,0.595,0.825,0.996,0.156,0.099,0.058,0.347
860,459,450,0.026,0.767,0.599,0.826,0.996,0.130,0.103,0.056,0.345,851.000,844.000,0.027,0.763,0.599,0.815,0.994,0.145,0.092,0.051,0.350,858.000,851.000,0.034,0.754,0.595,0.823,0.989,0.158,0.088,0.057,0.348,859.000,858.000,0.045,0.745,0.595,0.825,0.996,0.156,0.099,0.058,0.347
861,459,450,0.026,0.767,0.599,0.826,0.996,0.130,0.103,0.056,0.345,851.000,844.000,0.027,0.763,0.599,0.815,0.994,0.145,0.092,0.051,0.350,858.000,851.000,0.034,0.754,0.595,0.823,0.989,0.158,0.088,0.057,0.348,860.000,459.000,0.028,0.767,0.604,0.836,0.988,0.122,0.111,0.047,0.350
862,459,450,0.026,0.767,0.599,0.826,0.996,0.130,0.103,0.056,0.345,851.000,844.000,0.027,0.763,0.599,0.815,0.994,0.145,0.092,0.051,0.350,860.000,459.000,0.028,0.767,0.604,0.836,0.988,0.122,0.111,0.047,0.350,861.000,851.000,0.028,0.770,0.596,0.836,0.975,0.124,0.106,0.045,0.359
863,459,450,0.026,0.767,0.599,0.826,0.996,0.130,0.103,0.056,0.345,851.000,844.000,0.027,0.763,0.599,0.815,0.994,0.145,0.092,0.051,0.350,860.000,459.000,0.028,0.767,0.604,0.836,0.988,0.122,0.111,0.047,0.350,861.000,851.000,0.028,0.770,0.596,0.836,0.975,0.124,0.106,0.045,0.359
864,459,450,0.026,0.767,0.599,0.826,0.996,0.130,0.103,0.056,0.345,851.000,844.000,0.027,0.763,0.599,0.815,0.994,0.145,0.092,0.051,0.350,860.000,459.000,0.028,0.767,0.604,0.836,0.988,0.122,0.111,0.047,0.350,864.000,863.000,0.031,0.771,0.599,0.837,1.000,0.142,0.088,0.051,0.350
865,459,450,0.026,0.767,0.599,0.826,0.996,0.130,0.103,0.056,0.345,851.000,844.000,0.027,0.763,0.599,0.815,0.994,0.145,0.092,0.051,0.350,860.000,459.000,0.028,0.767,0.604,0.836,0.988,0.122,0.111,0.047,0.350,865.000,863.000,0.030,0.737,0.599,0.800,0.985,0.172,0.092,0.055,0.345
866,459,450,0.026,0.767,0.599,0.826,0.996,0.130,0.103,0.056,0.345,851.000,844.000,0.027,0.763,0.599,0.815,0.994,0.145,0.092,0.051,0.350,860.000,459.000,0.028,0.767,0.604,0.836,0.988,0.122,0.111,0.047,0.350,865.000,863.000,0.030,0.737,0.599,0.800,0.985,0.172,0.092,0.055,0.345
867,459,450,0.026,0.767,0.599,0.826,0.996,0.130,0.103,0.056,0.345,851.000,844.000,0.027,0.763,0.599,0.815,0.994,0.145,0.092,0.051,0.350,860.000,459.000,0.028,0.767,0.604,0.836,0.988,0.122,0.111,0.047,0.350,865.000,863.000,0.030,0.737,0.599,0.800,0.985,0.172,0.092,0.055,0.345
868,459,450,0.026,0.767,0.599,0.826,0.996,0.130,0.103,0.056,0.345,851.000,844.000,0.027,0.763,0.599,0.815,0.994,0.145,0.092,0.051,0.350,860.000,459.000,0.028,0.767,0.604,0.836,0.988,0.122,0.111,0.047,0.350,865.000,863.000,0.030,0.737,0.599,0.800,0.985,0.172,0.092,0.055,0.345
869,459,450,0.026,0.767,0.599,0.826,0.996,0.130,0.103,0.056,0.345,851.000,844.000,0.027,0.763,0.599,0.815,0.994,0.145,0.092,0.051,0.350,860.000,459.000,0.028,0.767,0.604,0.836,0.988,0.122,0.111,0.047,0.350,865.000,863.000,0.030,0.737,0.599,0.800,0.985,0.172,0.092,0.055,0.345
870,459,450,0.026,0.767,0.599,0.826,0.996,0.130,0.103,0.056,0.345,851.000,844.000,0.027,0.763,0.599,0.815,0.994,0.145,0.092,0.051,0.350,865.000,863.000,0.030,0.737,0.599,0.800,0.985,0.172,0.092,0.055,0.345,870.000,459.000,0.024,0.779,0.592,0.816,1.000,0.139,0.082,0.052,0.356
871,459,450,0.026,0.767,0.599,0.826,0.996,0.130,0.103,0.056,0.345,851.000,844.000,0.027,0.763,0.599,0.815,0.994,0.145,0.092,0.051,0.350,865.000,863.000,0.030,0.737,0.599,0.800,0.985,0.172,0.092,0.055,0.345,870.000,459.000,0.024,0.779,0.592,0.816,1.000,0.139,0.082,0.052,0.356
872,459,450,0.026,0.767,0.599,0.826,0.996,0.130,0.103,0.056,0.345,851.000,844.000,0.027,0.763,0.599,0.815,0.994,0.145,0.092,0.051,0.350,865.000,863.000,0.030,0.737,0.599,0.800,0.985,0.172,0.092,0.055,0.345,872.000,459.000,0.021,0.753,0.599,0.817,0.982,0.140,0.107,0.056,0.345
873,459,450,0.026,0.767,0.599,0.826,0.996,0.130,0.103,0.056,0.345,851.000,844.000,0.027,0.763,0.599,0.815,0.994,0.145,0.092,0.051,0.350,872.000,459.000,0.021,0.753,0.599,0.817,0.982,0.140,0.107,0.056,0.345,874.000,459.000,0.034,0.766,0.595,0.826,1.000,0.137,0.097,0.059,0.346
874,459,450,0.026,0.767,0.599,0.826,0.996,0.130,0.103,0.056,0.345,851.000,844.000,0.027,0.763,0.599,0.815,0.994,0.145,0.092,0.051,0.350,874.000,459.000,0.034,0.766,0.595,0.826,1.000,0.137,0.097,0.059,0.346,875.000,872.000,0.015,0.761,0.611,0.814,1.000,0.131,0.108,0.038,0.351
875,459,450,0.026,0.767,0.599,0.826,0.996,0.130,0.103,0.056,0.345,851.000,844.000,0.027,0.763,0.599,0.815,0.994,0.145,0.092,0.051,0.350,874.000,459.000,0.034,0.766,0.595,0.826,1.000,0.137,0.097,0.059,0.346,875.000,872.000,0.015,0.761,0.611,0.814,1.000,0.131,0.108,0.038,0.351
876,459,450,0.026,0.767,0.599,0.826,0.996,0.130,0.103,0.056,0.345,851.000,844.000,0.027,0.763,0.599,0.815,0.994,0.145,0.092,0.051,0.350,877.000,874.000,0.040,0.772,0.604,0.838,0.995,0.136,0.092,0.044,0.352,,,,,,,,,,,
877,459,450,0.026,0.767,0.599,0.826,0.996,0.130,0.103,0.056,0.345,851.000,844.000,0.027,0.763,0.599,0.815,0.994,0.145,0.092,0.051,0.350,877.000,874.000,0.040,0.772,0.604,0.838,0.995,0.136,0.092,0.044,0.352,878.000,877.000,0.044,0.765,0.591,0.826,0.999,0.136,0.099,0.057,0.352
878,459,450,0.026,0.767,0.599,0.826,0.996,0.130,0.103,0.056,0.345,851.000,844.000,0.027,0.763,0.599,0.815,0.994,0.145,0.092,0.051,0.350,877.000,874.000,0.040,0.772,0.604,0.838,0.995,0.136,0.092,0.044,0.352,878.000,877.000,0.044,0.765,0.591,0.826,0.999,0.136,0.099,0.057,0.352
879,459,450,0.026,0.767,0.599,0.826,0.996,0.130,0.103,0.056,0.345,851.000,844.000,0.027,0.763,0.599,0.815,0.994,0.145,0.092,0.051,0.350,879.000,459.000,0.024,0.758,0.602,0.826,0.991,0.123,0.119,0.059,0.339,880.000,878.000,0.044,0.771,0.572,0.829,1.000,0.128,0.101,0.065,0.363
880,459,450,0.026,0.767,0.599,0.826,0.996,0.130,0.103,0.056,0.345,851.000,844.000,0.027,0.763,0.599,0.815,0.994,0.145,0.092,0.051,0.350,879.000,459.000,0.024,0.758,0.602,0.826,0.991,0.123,0.119,0.059,0.339,880.000,878.000,0.044,0.771,0.572,0.829,1.000,0.128,0.101,0.065,0.363
881,459,450,0.026,0.767,0.599,0.826,0.996,0.130,0.103,0.056,0.345,851.000,844.000,0.027,0.763,0.599,0.815,0.994,0.145,0.092,0.051,0.350,879.000,459.000,0.024,0.758,0.602,0.826,0.991,0.123,0.119,0.059,0.339,880.000,878.000,0.044,0.771,0.572,0.829,1.000,0.128,0.101,0.065,0.363
882,459,450,0.026,0.767,0.599,0.826,0.996,0.130,0.103,0.056,0.345,851.000,844.000,0.027,0.763,0.599,0.815,0.994,0.145,0.092,0.051,0.350,879.000,459.000,0.024,0.758,0.602,0.826,0.991,0.123,0.119,0.059,0.339,882.000,459.000,0.027,0.778,0.614,0.818,1.000,0.120,0.102,0.059,0.327
883,459,450,0.026,0.767,0.599,0.826,0.996,0.130,0.103,0.056,0.345,851.000,844.000,0.027,0.763,0.599,0.815,0.994,0.145,0.092,0.051,0.350,879.000,459.000,0.024,0.758,0.602,0.826,0.991,0.123,0.119,0.059,0.339,882.000,459.000,0.027,0.778,0.614,0.818,1.000,0.120,0.102,0.059,0.327
884,459,450,0.026,0.767,0.599,0.826,0.996,0.130,0.103,0.056,0.345,851.000,844.000,0.027,0.763,0.599,0.815,0.994,0.145,0.092,0.051,0.350,882.000,459.000,0.027,0.778,0.614,0.818,1.000,0.120,0.102,0.059,0.327,883.000,881.000,0.023,0.761,0.599,0.819,0.997,0.128,0.111,0.064,0.337
885,459,450,0.026,0.767,0.599,0.826,0.996,0.130,0.103,0.056,0.345,882.000,459.000,0.027,0.778,0.614,0.818,1.000,0.120,0.102,0.059,0.327,883.000,881.000,0.023,0.761,0.599,0.819,0.997,0.128,0.111,0.064,0.337,884.000,851.000,0.023,0.765,0.603,0.792,0.992,0.134,0.101,0.051,0.345
886,459,450,0.026,0.767,0.599,0.826,0.996,0.130,0.103,0.056,0.345,882.000,459.000,0.027,0.778,0.614,0.818,1.000,0.120,0.102,0.059,0.327,883.000,881.000,0.023,0.761,0.599,0.819,0.997,0.128,0.111,0.064,0.337,884.000,851.000,0.023,0.765,0.603,0.792,0.992,0.134,0.101,0.051,0.345
887,459,450,0.026,0.767,0.599,0.826,0.996,0.130,0.103,0.056,0.345,882.000,459.000,0.027,0.778,0.614,0.818,1.000,0.120,0.102,0.059,0.327,883.000,881.000,0.023,0.761,0.599,0.819,0.997,0.128,0.111,0.064,0.337,885.000,882.000,0.023,0.781,0.614,0.801,0.994,0.129,0.090,0.062,0.323
888,459,450,0.026,0.767,0.599,0.826,0.996,0.130,0.103,0.056,0.345,882.000,459.000,0.027,0.778,0.614,0.818,1.000,0.120,0.102,0.059,0.327,883.000,881.000,0.023,0.761,0.599,0.819,0.997,0.128,0.111,0.064,0.337,885.000,882.000,0.023,0.781,0.614,0.801,0.994,0.129,0.090,0.062,0.323
889,459,450,0.026,0.767,0.599,0.826,0.996,0.130,0.103,0.056,0.345,883.000,881.000,0.023,0.761,0.599,0.819,0.997,0.128,0.111,0.064,0.337,889.000,883.000,0.027,0.738,0.591,0.811,1.000,0.138,0.124,0.069,0.340,890.000,889.000,0.019,0.739,0.592,0.799,0.999,0.137,0.124,0.049,0.360
890,459,450,0.026,0.767,0.599,0.826,0.996,0.130,0.103,0.056,0.345,883.000,881.000,0.023,0.761,0.599,0.819,0.997,0.128,0.111,0.064,0.337,890.000,889.000,0.019,0.739,0.592,0.799,0.999,0.137,0.124,0.049,0.360,891.000,890.000,0.022,0.750,0.589,0.805,1.000,0.132,0.119,0.051,0.359
891,459,450,0.026,0.767,0.599,0.826,0.996,0.130,0.103,0.056,0.345,883.000,881.000,0.023,0.761,0.599,0.819,0.997,0.128,0.111,0.064,0.337,890.000,889.000,0.019,0.739,0.592,0.799,0.999,0.137,0.124,0.049,0.360,891.000,890.000,0.022,0.750,0.589,0.805,1.000,0.132,0.119,0.051,0.359
892,459,450,0.026,0.767,0.599,0.826,0.996,0.130,0.103,0.056,0.345,883.000,881.000,0.023,0.761,0.599,0.819,0.997,0.128,0.111,0.064,0.337,890.000,889.000,0.019,0.739,0.592,0.799,0.999,0.137,0.124,0.049,0.360,891.000,890.000,0.022,0.750,0.589,0.805,1.000,0.132,0.119,0.051,0.359
893,459,450,0.026,0.767,0.599,0.826,0.996,0.130,0.103,0.056,0.345,883.000,881.000,0.023,0.761,0.599,0.819,0.997,0.128,0.111,0.064,0.337,890.000,889.000,0.019,0.739,0.592,0.799,0.999,0.137,0.124,0.049,0.360,891.000,890.000,0.022,0.750,0.589,0.805,1.000,0.132,0.119,0.051,0.359
894,459,450,0.026,0.767,0.599,0.826,0.996,0.130,0.103,0.056,0.345,883.000,881.000,0.023,0.761,0.599,0.819,0.997,0.128,0.111,0.064,0.337,892.000,459.000,0.027,0.782,0.615,0.829,0.992,0.119,0.099,0.047,0.338,893.000,891.000,0.027,0.755,0.595,0.794,1.000,0.128,0.116,0.046,0.360
895,459,450,0.026,0.767,0.599,0.826,0.996,0.130,0.103,0.056,0.345,883.000,881.000,0.023,0.761,0.599,0.819,0.997,0.128,0.111,0.064,0.337,892.000,459.000,0.027,0.782,0.615,0.829,0.992,0.119,0.099,0.047,0.338,896.000,893.000,0.026,0.747,0.600,0.791,1.000,0.133,0.120,0.045,0.355
896,459,450,0.026,0.767,0.599,0.826,0.996,0.130,0.103,0.056,0.345,883.000,881.000,0.023,0.761,0.599,0.819,0.997,0.128,0.111,0.064,0.337,892.000,459.000,0.027,0.782,0.615,0.829,0.992,0.119,0.099,0.047,0.338,897.000,896.000,0.024,0.753,0.597,0.808,1.000,0.139,0.108,0.045,0.358
897,459,450,0.026,0.767,0.599,0.826,0.996,0.130,0.103,0.056,0.345,883.000,881.000,0.023,0.761,0.599,0.819,0.997,0.128,0.111,0.064,0.337,892.000,459.000,0.027,0.782,0.615,0.829,0.992,0.119,0.099,0.047,0.338,897.000,896.000,0.024,0.753,0.597,0.808,1.000,0.139,0.108,0.045,0.358
898,459,450,0.026,0.767,0.599,0.826,0.996,0.130,0.103,0.056,0.345,883.000,881.000,0.023,0.761,0.599,0.819,0.997,0.128,0.111,0.064,0.337,892.000,459.000,0.027,0.782,0.615,0.829,0.992,0.119,0.099,0.047,0.338,897.000,896.000,0.024,0.753,0.597,0.808,1.000,0.139,0.108,0.045,0.358
899,459,450,0.026,0.767,0.599,0.826,0.996,0.130,0.103,0.056,0.345,883.000,881.000,0.023,0.761,0.599,0.819,0.997,0.128,0.111,0.064,0.337,892.000,459.000,0.027,0.782,0.615,0.829,0.992,0.119,0.099,0.047,0.338,897.000,896.000,0.024,0.753,0.597,0.808,1.000,0.139,0.108,0.045,0.358
900,459,450,0.026,0.767,0.599,0.826,0.996,0.130,0.103,0.056,0.345,883.000,881.000,0.023,0.761,0.599,0.819,0.997,0.128,0.111,0.064,0.337,892.000,459.000,0.027,0.782,0.615,0.829,0.992,0.119,0.099,0.047,0.338,897.000,896.000,0.024,0.753,0.597,0.808,1.000,0.139,0.108,0.045,0.358
901,459,450,0.026,0.767,0.599,0.826,0.996,0.130,0.103,0.056,0.345,892.000,459.000,0.027,0.782,0.615,0.829,0.992,0.119,0.099,0.047,0.338,897.000,896.000,0.024,0.753,0.597,0.808,1.000,0.139,0.108,0.045,0.358,900.000,898.000,0.027,0.746,0.607,0.822,0.997,0.127,0.128,0.056,0.336
902,459,450,0.026,0.767,0.599,0.826,0.996,0.130,0.103,0.056,0.345,892.000,459.000,0.027,0.782,0.615,0.829,0.992,0.119,0.099,0.047,0.338,900.000,898.000,0.027,0.746,0.607,0.822,0.997,0.127,0.128,0.056,0.336,903.000,892.000,0.023,0.818,0.605,0.823,0.986,0.084,0.098,0.046,0.348
903,459,450,0.026,0.767,0.599,0.826,0.996,0.130,0.103,0.056,0.345,900.000,898.000,0.027,0.746,0.607,0.822,0.997,0.127,0.128,0.056,0.336,904.000,900.000,0.023,0.734,0.620,0.795,1.000,0.131,0.135,0.043,0.337,,,,,,,,,,,
904,459,450,0.026,0.767,0.599,0.826,0.996,0.130,0.103,0.056,0.345,900.000,898.000,0.027,0.746,0.607,0.822,0.997,0.127,0.128,0.056,0.336,904.000,900.000,0.023,0.734,0.620,0.795,1.000,0.131,0.135,0.043,0.337,905.000,459.000,0.026,0.769,0.618,0.828,1.000,0.127,0.104,0.048,0.334
905,459,450,0.026,0.767,0.599,0.826,0.996,0.130,0.103,0.056,0.345,900.000,898.000,0.027,0.746,0.607,0.822,0.997,0.127,0.128,0.056,0.336,906.000,904.000,0.025,0.733,0.623,0.800,0.981,0.138,0.129,0.035,0.343,,,,,,,,,,,
906,459,450,0.026,0.767,0.599,0.826,0.996,0.130,0.103,0.056,0.345,900.000,898.000,0.027,0.746,0.607,0.822,0.997,0.127,0.128,0.056,0.336,907.000,906.000,0.025,0.731,0.614,0.815,0.990,0.139,0.129,0.042,0.344,,,,,,,,,,,
907,459,450,0.026,0.767,0.599,0.826,0.996,0.130,0.103,0.056,0.345,900.000,898.000,0.027,0.746,0.607,0.822,0.997,0.127,0.128,0.056,0.336,907.000,906.000,0.025,0.731,0.614,0.815,0.990,0.139,0.129,0.042,0.344,908.000,459.000,0.035,0.756,0.602,0.804,0.993,0.136,0.108,0.045,0.352
908,459,450,0.026,0.767,0.599,0.826,0.996,0.130,0.103,0.056,0.345,900.000,898.000,0.027,0.746,0.607,0.822,0.997,0.127,0.128,0.056,0.336,907.000,906.000,0.025,0.731,0.614,0.815,0.990,0.139,0.129,0.042,0.344,909.000,459.000,0.030,0.771,0.595,0.824,0.989,0.127,0.102,0.055,0.349
909,459,450,0.026,0.767,0.599,0.826,0.996,0.130,0.103,0.056,0.345,900.000,898.000,0.027,0.746,0.607,0.822,0.997,0.127,0.128,0.056,0.336,,,,,,,,,,,,,,,,,,,,,,
910,459,450,0.026,0.767,0.599,0.826,0.996,0.130,0.103,0.056,0.345,900.000,898.000,0.027,0.746,0.607,0.822,0.997,0.127,0.128,0.056,0.336,,,,,,,,,,,,,,,,,,,,,,
911,459,450,0.026,0.767,0.599,0.826,0.996,0.130,0.103,0.056,0.345,900.000,898.000,0.027,0.746,0.607,0.822,0.997,0.127,0.128,0.056,0.336,,,,,,,,,,,,,,,,,,,,,,
912,459,450,0.026,0.767,0.599,0.826,0.996,0.130,0.103,0.056,0.345,900.000,898.000,0.027,0.746,0.607,0.822,0.997,0.127,0.128,0.056,0.336,,,,,,,,,,,,,,,,,,,,,,
913,459,450,0.026,0.767,0.599,0.826,0.996,0.130,0.103,0.056,0.345,900.000,898.000,0.027,0.746,0.607,0.822,0.997,0.127,0.128,0.056,0.336,,,,,,,,,,,,,,,,,,,,,,
914,459,450,0.026,0.767,0.599,0.826,0.996,0.130,0.103,0.056,0.345,900.000,898.000,0.027,0.746,0.607,0.822,0.997,0.127,0.128,0.056,0.336,,,,,,,,,,,,,,,,,,,,,,
915,459,450,0.026,0.767,0.599,0.826,0.996,0.130,0.103,0.056,0.345,900.000,898.000,0.027,0.746,0.607,0.822,0.997,0.127,0.128,0.056,0.336,,,,,,,,,,,,,,,,,,,,,,
916,459,450,0.026,0.767,0.599,0.826,0.996,0.130,0.103,0.056,0.345,900.000,898.000,0.027,0.746,0.607,0.822,0.997,0.127,0.128,0.056,0.336,,,,,,,,,,,,,,,,,,,,,,
917,459,450,0.026,0.767,0.599,0.826,0.996,0.130,0.103,0.056,0.345,900.000,898.000,0.027,0.746,0.607,0.822,0.997,0.127,0.128,0.056,0.336,918.000,900.000,0.019,0.731,0.616,0.817,0.984,0.128,0.141,0.058,0.325,,,,,,,,,,,
918,459,450,0.026,0.767,0.599,0.826,0.996,0.130,0.103,0.056,0.345,900.000,898.000,0.027,0.746,0.607,0.822,0.997,0.127,0.128,0.056,0.336,918.000,900.000,0.019,0.731,0.616,0.817,0.984,0.128,0.141,0.058,0.325,919.000,459.000,0.024,0.760,0.588,0.828,0.982,0.124,0.116,0.067,0.345
919,459,450,0.026,0.767,0.599,0.826,0.996,0.130,0.103,0.056,0.345,900.000,898.000,0.027,0.746,0.607,0.822,0.997,0.127,0.128,0.056,0.336,,,,,,,,,,,,,,,,,,,,,,
920,459,450,0.026,0.767,0.599,0.826,0.996,0.130,0.103,0.056,0.345,900.000,898.000,0.027,0.746,0.607,0.822,0.997,0.127,0.128,0.056,0.336,,,,,,,,,,,,,,,,,,,,,,
921,459,450,0.026,0.767,0.599,0.826,0.996,0.130,0.103,0.056,0.345,900.000,898.000,0.027,0.746,0.607,0.822,0.997,0.127,0.128,0.056,0.336,,,,,,,,,,,,,,,,,,,,,,
922,459,450,0.026,0.767,0.599,0.826,0.996,0.130,0.103,0.056,0.345,900.000,898.000,0.027,0.746,0.607,0.822,0.997,0.127,0.128,0.056,0.336,,,,,,,,,,,,,,,,,,,,,,
923,459,450,0.026,0.767,0.599,0.826,0.996,0.130,0.103,0.056,0.345,900.000,898.000,0.027,0.746,0.607,0.822,0.997,0.127,0.128,0.056,0.336,,,,,,,,,,,,,,,,,,,,,,
924,459,450,0.026,0.767,0.599,0.826,0.996,0.130,0.103,0.056,0.345,900.000,898.000,0.027,0.746,0.607,0.822,0.997,0.127,0.128,0.056,0.336,925.000,900.000,0.030,0.745,0.599,0.843,0.997,0.130,0.125,0.074,0.327,,,,,,,,,,,
925,459,450,0.026,0.767,0.599,0.826,0.996,0.130,0.103,0.056,0.345,900.000,898.000,0.027,0.746,0.607,0.822,0.997,0.127,0.128,0.056,0.336,925.000,900.000,0.030,0.745,0.599,0.843,0.997,0.130,0.125,0.074,0.327,926.000,900.000,0.031,0.743,0.595,0.836,1.000,0.126,0.131,0.069,0.335
926,459,450,0.026,0.767,0.599,0.826,0.996,0.130,0.103,0.056,0.345,900.000,898.000,0.027,0.746,0.607,0.822,0.997,0.127,0.128,0.056,0.336,926.000,900.000,0.031,0.743,0.595,0.836,1.000,0.126,0.131,0.069,0.335,927.000,925.000,0.031,0.758,0.608,0.837,0.985,0.123,0.119,0.069,0.323
927,459,450,0.026,0.767,0.599,0.826,0.996,0.130,0.103,0.056,0.345,900.000,898.000,0.027,0.746,0.607,0.822,0.997,0.127,0.128,0.056,0.336,,,,,,,,,,,,,,,,,,,,,,
928,459,450,0.026,0.767,0.599,0.826,0.996,0.130,0.103,0.056,0.345,900.000,898.000,0.027,0.746,0.607,0.822,0.997,0.127,0.128,0.056,0.336,,,,,,,,,,,,,,,,,,,,,,
929,459,450,0.026,0.767,0.599,0.826,0.996,0.130,0.103,0.056,0.345,900.000,898.000,0.027,0.746,0.607,0.822,0.997,0.127,0.128,0.056,0.336,930.000,459.000,0.030,0.765,0.611,0.818,1.000,0.126,0.109,0.050,0.339,,,,,,,,,,,
930,459,450,0.026,0.767,0.599,0.826,0.996,0.130,0.103,0.056,0.345,900.000,898.000,0.027,0.746,0.607,0.822,0.997,0.127,0.128,0.056,0.336,930.000,459.000,0.030,0.765,0.611,0.818,1.000,0.126,0.109,0.050,0.339,931.000,900.000,0.029,0.752,0.612,0.821,0.990,0.114,0.134,0.056,0.332
931,459,450,0.026,0.767,0.599,0.826,0.996,0.130,0.103,0.056,0.345,900.000,898.000,0.027,0.746,0.607,0.822,0.997,0.127,0.128,0.056,0.336,930.000,459.000,0.030,0.765,0.611,0.818,1.000,0.126,0.109,0.050,0.339,931.000,900.000,0.029,0.752,0.612,0.821,0.990,0.114,0.134,0.056,0.332
932,459,450,0.026,0.767,0.599,0.826,0.996,0.130,0.103,0.056,0.345,900.000,898.000,0.027,0.746,0.607,0.822,0.997,0.127,0.128,0.056,0.336,930.000,459.000,0.030,0.765,0.611,0.818,1.000,0.126,0.109,0.050,0.339,931.000,900.000,0.029,0.752,0.612,0.821,0.990,0.114,0.134,0.056,0.332
933,459,450,0.026,0.767,0.599,0.826,0.996,0.130,0.103,0.056,0.345,900.000,898.000,0.027,0.746,0.607,0.822,0.997,0.127,0.128,0.056,0.336,930.000,459.000,0.030,0.765,0.611,0.818,1.000,0.126,0.109,0.050,0.339,932.000,930.000,0.036,0.746,0.623,0.823,1.000,0.133,0.121,0.042,0.334
934,459,450,0.026,0.767,0.599,0.826,0.996,0.130,0.103,0.056,0.345,900.000,898.000,0.027,0.746,0.607,0.822,0.997,0.127,0.128,0.056,0.336,930.000,459.000,0.030,0.765,0.611,0.818,1.000,0.126,0.109,0.050,0.339,935.000,932.000,0.028,0.732,0.629,0.834,1.000,0.150,0.118,0.028,0.343
935,459,450,0.026,0.767,0.599,0.826,0.996,0.130,0.103,0.056,0.345,900.000,898.000,0.027,0.746,0.607,0.822,0.997,0.127,0.128,0.056,0.336,930.000,459.000,0.030,0.765,0.611,0.818,1.000,0.126,0.109,0.050,0.339,935.000,932.000,0.028,0.732,0.629,0.834,1.000,0.150,0.118,0.028,0.343
936,459,450,0.026,0.767,0.599,0.826,0.996,0.130,0.103,0.056,0.345,900.000,898.000,0.027,0.746,0.607,0.822,0.997,0.127,0.128,0.056,0.336,936.000,459.000,0.029,0.774,0.603,0.832,1.000,0.119,0.108,0.061,0.336,937.000,900.000,0.026,0.743,0.600,0.820,0.974,0.129,0.129,0.064,0.336
937,459,450,0.026,0.767,0.599,0.826,0.996,0.130,0.103,0.056,0.345,900.000,898.000,0.027,0.746,0.607,0.822,0.997,0.127,0.128,0.056,0.336,936.000,459.000,0.029,0.774,0.603,0.832,1.000,0.119,0.108,0.061,0.336,937.000,900.000,0.026,0.743,0.600,0.820,0.974,0.129,0.129,0.064,0.336
938,459,450,0.026,0.767,0.599,0.826,0.996,0.130,0.103,0.056,0.345,900.000,898.000,0.027,0.746,0.607,0.822,0.997,0.127,0.128,0.056,0.336,938.000,900.000,0.027,0.737,0.598,0.817,0.991,0.128,0.136,0.060,0.342,939.000,938.000,0.023,0.744,0.585,0.811,1.000,0.124,0.131,0.053,0.362
939,459,450,0.026,0.767,0.599,0.826,0.996,0.130,0.103,0.056,0.345,900.000,898.000,0.027,0.746,0.607,0.822,0.997,0.127,0.128,0.056,0.336,938.000,900.000,0.027,0.737,0.598,0.817,0.991,0.128,0.136,0.060,0.342,940.000,459.000,0.022,0.778,0.580,0.838,0.987,0.134,0.087,0.073,0.347
940,459,450,0.026,0.767,0.599,0.826,0.996,0.130,0.103,0.056,0.345,900.000,898.000,0.027,0.746,0.607,0.822,0.997,0.127,0.128,0.056,0.336,938.000,900.000,0.027,0.737,0.598,0.817,0.991,0.128,0.136,0.060,0.342,940.000,459.000,0.022,0.778,0.580,0.838,0.987,0.134,0.087,0.073,0.347
941,459,450,0.026,0.767,0.599,0.826,0.996,0.130,0.103,0.056,0.345,900.000,898.000,0.027,0.746,0.607,0.822,0.997,0.127,0.128,0.056,0.336,938.000,900.000,0.027,0.737,0.598,0.817,0.991,0.128,0.136,0.060,0.342,940.000,459.000,0.022,0.778,0.580,0.838,0.987,0.134,0.087,0.073,0.347
942,459,450,0.026,0.767,0.599,0.826,0.996,0.130,0.103,0.056,0.345,900.000,898.000,0.027,0.746,0.607,0.822,0.997,0.127,0.128,0.056,0.336,938.000,900.000,0.027,0.737,0.598,0.817,0.991,0.128,0.136,0.060,0.342,942.000,938.000,0.030,0.722,0.589,0.813,1.000,0.136,0.142,0.062,0.350
943,459,450,0.026,0.767,0.599,0.826,0.996,0.130,0.103,0.056,0.345,900.000,898.000,0.027,0.746,0.607,0.822,0.997,0.127,0.128,0.056,0.336,938.000,900.000,0.027,0.737,0.598,0.817,0.991,0.128,0.136,0.060,0.342,942.000,938.000,0.030,0.722,0.589,0.813,1.000,0.136,0.142,0.062,0.350
944,459,450,0.026,0.767,0.599,0.826,0.996,0.130,0.103,0.056,0.345,900.000,898.000,0.027,0.746,0.607,0.822,0.997,0.127,0.128,0.056,0.336,942.000,938.000,0.030,0.722,0.589,0.813,1.000,0.136,0.142,0.062,0.350,944.000,942.000,0.032,0.725,0.595,0.815,1.000,0.127,0.148,0.063,0.342
945,459,450,0.026,0.767,0.599,0.826,0.996,0.130,0.103,0.056,0.345,900.000,898.000,0.027,0.746,0.607,0.822,0.997,0.127,0.128,0.056,0.336,942.000,938.000,0.030,0.722,0.589,0.813,1.000,0.136,0.142,0.062,0.350,944.000,942.000,0.032,0.725,0.595,0.815,1.000,0.127,0.148,0.063,0.342
946,459,450,0.026,0.767,0.599,0.826,0.996,0.130,0.103,0.056,0.345,900.000,898.000,0.027,0.746,0.607,0.822,0.997,0.127,0.128,0.056,0.336,942.000,938.000,0.030,0.722,0.589,0.813,1.000,0.136,0.142,0.062,0.350,944.000,942.000,0.032,0.725,0.595,0.815,1.000,0.127,0.148,0.063,0.342
947,459,450,0.026,0.767,0.599,0.826,0.996,0.130,0.103,0.056,0.345,900.000,898.000,0.027,0.746,0.607,0.822,0.997,0.127,0.128,0.056,0.336,942.000,938.000,0.030,0.722,0.589,0.813,1.000,0.136,0.142,0.062,0.350,946.000,900.000,0.025,0.742,0.612,0.814,0.991,0.138,0.120,0.047,0.341
948,459,450,0.026,0.767,0.599,0.826,0.996,0.130,0.103,0.056,0.345,900.000,898.000,0.027,0.746,0.607,0.822,0.997,0.127,0.128,0.056,0.336,946.000,900.000,0.025,0.742,0.612,0.814,0.991,0.138,0.120,0.047,0.341,949.000,948.000,0.023,0.731,0.604,0.809,0.999,0.132,0.137,0.055,0.341
949,459,450,0.026,0.767,0.599,0.826,0.996,0.130,0.103,0.056,0.345,900.000,898.000,0.027,0.746,0.607,0.822,0.997,0.127,0.128,0.056,0.336,949.000,948.000,0.023,0.731,0.604,0.809,0.999,0.132,0.137,0.055,0.341,950.000,949.000,0.025,0.739,0.619,0.811,1.000,0.124,0.137,0.046,0.335
950,459,450,0.026,0.767,0.599,0.826,0.996,0.130,0.103,0.056,0.345,900.000,898.000,0.027,0.746,0.607,0.822,0.997,0.127,0.128,0.056,0.336,949.000,948.000,0.023,0.731,0.604,0.809,0.999,0.132,0.137,0.055,0.341,950.000,949.000,0.025,0.739,0.619,0.811,1.000,0.124,0.137,0.046,0.335
951,459,450,0.026,0.767,0.599,0.826,0.996,0.130,0.103,0.056,0.345,900.000,898.000,0.027,0.746,0.607,0.822,0.997,0.127,0.128,0.056,0.336,949.000,948.000,0.023,0.731,0.604,0.809,0.999,0.132,0.137,0.055,0.341,951.000,900.000,0.020,0.748,0.593,0.821,0.980,0.130,0.122,0.058,0.349
952,459,450,0.026,0.767,0.599,0.826,0.996,0.130,0.103,0.056,0.345,900.000,898.000,0.027,0.746,0.607,0.822,0.997,0.127,0.128,0.056,0.336,949.000,948.000,0.023,0.731,0.604,0.809,0.999,0.132,0.137,0.055,0.341,952.000,900.000,0.031,0.749,0.602,0.798,0.997,0.127,0.124,0.058,0.340
953,459,450,0.026,0.767,0.599,0.826,0.996,0.130,0.103,0.056,0.345,900.000,898.000,0.027,0.746,0.607,0.822,0.997,0.127,0.128,0.056,0.336,949.000,948.000,0.023,0.731,0.604,0.809,0.999,0.132,0.137,0.055,0.341,952.000,900.000,0.031,0.749,0.602,0.798,0.997,0.127,0.124,0.058,0.340
954,459,450,0.026,0.767,0.599,0.826,0.996,0.130,0.103,0.056,0.345,900.000,898.000,0.027,0.746,0.607,0.822,0.997,0.127,0.128,0.056,0.336,949.000,948.000,0.023,0.731,0.604,0.809,0.999,0.132,0.137,0.055,0.341,952.000,900.000,0.031,0.749,0.602,0.798,0.997,0.127,0.124,0.058,0.340
955,459,450,0.026,0.767,0.599,0.826,0.996,0.130,0.103,0.056,0.345,900.000,898.000,0.027,0.746,0.607,0.822,0.997,0.127,0.128,0.056,0.336,949.000,948.000,0.023,0.731,0.604,0.809,0.999,0.132,0.137,0.055,0.341,952.000,900.000,0.031,0.749,0.602,0.798,0.997,0.127,0.124,0.058,0.340
956,459,450,0.026,0.767,0.599,0.826,0.996,0.130,0.103,0.056,0.345,900.000,898.000,0.027,0.746,0.607,0.822,0.997,0.127,0.128,0.056,0.336,949.000,948.000,0.023,0.731,0.604,0.809,0.999,0.132,0.137,0.055,0.341,952.000,900.000,0.031,0.749,0.602,0.798,0.997,0.127,0.124,0.058,0.340
957,459,450,0.026,0.767,0.599,0.826,0.996,0.130,0.103,0.056,0.345,900.000,898.000,0.027,0.746,0.607,0.822,0.997,0.127,0.128,0.056,0.336,949.000,948.000,0.023,0.731,0.604,0.809,0.999,0.132,0.137,0.055,0.341,952.000,900.000,0.031,0.749,0.602,0.798,0.997,0.127,0.124,0.058,0.340
958,459,450,0.026,0.767,0.599,0.826,0.996,0.130,0.103,0.056,0.345,900.000,898.000,0.027,0.746,0.607,0.822,0.997,0.127,0.128,0.056,0.336,949.000,948.000,0.023,0.731,0.604,0.809,0.999,0.132,0.137,0.055,0.341,952.000,900.000,0.031,0.749,0.602,0.798,0.997,0.127,0.124,0.058,0.340
959,459,450,0.026,0.767,0.599,0.826,0.996,0.130,0.103,0.056,0.345,900.000,898.000,0.027,0.746,0.607,0.822,0.997,0.127,0.128,0.056,0.336,949.000,948.000,0.023,0.731,0.604,0.809,0.999,0.132,0.137,0.055,0.341,952.000,900.000,0.031,0.749,0.602,0.798,0.997,0.127,0.124,0.058,0.340
960,459,450,0.026,0.767,0.599,0.826,0.996,0.130,0.103,0.056,0.345,900.000,898.000,0.027,0.746,0.607,0.822,0.997,0.127,0.128,0.056,0.336,949.000,948.000,0.023,0.731,0.604,0.809,0.999,0.132,0.137,0.055,0.341,952.000,900.000,0.031,0.749,0.602,0.798,0.997,0.127,0.124,0.058,0.340
961,459,450,0.026,0.767,0.599,0.826,0.996,0.130,0.103,0.056,0.345,900.000,898.000,0.027,0.746,0.607,0.822,0.997,0.127,0.128,0.056,0.336,952.000,900.000,0.031,0.749,0.602,0.798,0.997,0.127,0.124,0.058,0.340,956.000,952.000,0.029,0.765,0.593,0.788,0.998,0.126,0.109,0.072,0.335
962,459,450,0.026,0.767,0.599,0.826,0.996,0.130,0.103,0.056,0.345,900.000,898.000,0.027,0.746,0.607,0.822,0.997,0.127,0.128,0.056,0.336,957.000,956.000,0.032,0.737,0.601,0.792,0.996,0.147,0.116,0.051,0.348,960.000,957.000,0.024,0.760,0.613,0.801,0.988,0.134,0.106,0.047,0.340
963,459,450,0.026,0.767,0.599,0.826,0.996,0.130,0.103,0.056,0.345,900.000,898.000,0.027,0.746,0.607,0.822,0.997,0.127,0.128,0.056,0.336,957.000,956.000,0.032,0.737,0.601,0.792,0.996,0.147,0.116,0.051,0.348,960.000,957.000,0.024,0.760,0.613,0.801,0.988,0.134,0.106,0.047,0.340
964,459,450,0.026,0.767,0.599,0.826,0.996,0.130,0.103,0.056,0.345,900.000,898.000,0.027,0.746,0.607,0.822,0.997,0.127,0.128,0.056,0.336,957.000,956.000,0.032,0.737,0.601,0.792,0.996,0.147,0.116,0.051,0.348,960.000,957.000,0.024,0.760,0.613,0.801,0.988,0.134,0.106,0.047,0.340
965,459,450,0.026,0.767,0.599,0.826,0.996,0.130,0.103,0.056,0.345,900.000,898.000,0.027,0.746,0.607,0.822,0.997,0.127,0.128,0.056,0.336,957.000,956.000,0.032,0.737,0.601,0.792,0.996,0.147,0.116,0.051,0.348,960.000,957.000,0.024,0.760,0.613,0.801,0.988,0.134,0.106,0.047,0.340
966,459,450,0.026,0.767,0.599,0.826,0.996,0.130,0.103,0.056,0.345,900.000,898.000,0.027,0.746,0.607,0.822,0.997,0.127,0.128,0.056,0.336,957.000,956.000,0.032,0.737,0.601,0.792,0.996,0.147,0.116,0.051,0.348,960.000,957.000,0.024,0.760,0.613,0.801,0.988,0.134,0.106,0.047,0.340
967,459,450,0.026,0.767,0.599,0.826,0.996,0.130,0.103,0.056,0.345,900.000,898.000,0.027,0.746,0.607,0.822,0.997,0.127,0.128,0.056,0.336,957.000,956.000,0.032,0.737,0.601,0.792,0.996,0.147,0.116,0.051,0.348,960.000,957.000,0.024,0.760,0.613,0.801,0.988,0.134,0.106,0.047,0.340
968,459,450,0.026,0.767,0.599,0.826,0.996,0.130,0.103,0.056,0.345,900.000,898.000,0.027,0.746,0.607,0.822,0.997,0.127,0.128,0.056,0.336,960.000,957.000,0.024,0.760,0.613,0.801,0.988,0.134,0.106,0.047,0.340,965.000,960.000,0.029,0.764,0.613,0.803,0.994,0.134,0.102,0.046,0.341
969,459,450,0.026,0.767,0.599,0.826,0.996,0.130,0.103,0.056,0.345,900.000,898.000,0.027,0.746,0.607,0.822,0.997,0.127,0.128,0.056,0.336,960.000,957.000,0.024,0.760,0.613,0.801,0.988,0.134,0.106,0.047,0.340,965.000,960.000,0.029,0.764,0.613,0.803,0.994,0.134,0.102,0.046,0.341
970,459,450,0.026,0.767,0.599,0.826,0.996,0.130,0.103,0.056,0.345,900.000,898.000,0.027,0.746,0.607,0.822,0.997,0.127,0.128,0.056,0.336,960.000,957.000,0.024,0.760,0.613,0.801,0.988,0.134,0.106,0.047,0.340,965.000,960.000,0.029,0.764,0.613,0.803,0.994,0.134,0.102,0.046,0.341
971,459,450,0.026,0.767,0.599,0.826,0.996,0.130,0.103,0.056,0.345,900.000,898.000,0.027,0.746,0.607,0.822,0.997,0.127,0.128,0.056,0.336,960.000,957.000,0.024,0.760,0.613,0.801,0.988,0.134,0.106,0.047,0.340,965.000,960.000,0.029,0.764,0.613,0.803,0.994,0.134,0.102,0.046,0.341
972,459,450,0.026,0.767,0.599,0.826,0.996,0.130,0.103,0.056,0.345,900.000,898.000,0.027,0.746,0.607,0.822,0.997,0.127,0.128,0.056,0.336,960.000,957.000,0.024,0.760,0.613,0.801,0.988,0.134,0.106,0.047,0.340,965.000,960.000,0.029,0.764,0.613,0.803,0.994,0.134,0.102,0.046,0.341
973,459,450,0.026,0.767,0.599,0.826,0.996,0.130,0.103,0.056,0.345,900.000,898.000,0.027,0.746,0.607,0.822,0.997,0.127,0.128,0.056,0.336,965.000,960.000,0.029,0.764,0.613,0.803,0.994,0.134,0.102,0.046,0.341,967.000,459.000,0.026,0.779,0.605,0.825,0.996,0.122,0.098,0.060,0.335
974,459,450,0.026,0.767,0.599,0.826,0.996,0.130,0.103,0.056,0.345,900.000,898.000,0.027,0.746,0.607,0.822,0.997,0.127,0.128,0.056,0.336,967.000,459.000,0.026,0.779,0.605,0.825,0.996,0.122,0.098,0.060,0.335,974.000,972.000,0.024,0.783,0.599,0.782,0.987,0.125,0.092,0.052,0.349
975,459,450,0.026,0.767,0.599,0.826,0.996,0.130,0.103,0.056,0.345,900.000,898.000,0.027,0.746,0.607,0.822,0.997,0.127,0.128,0.056,0.336,967.000,459.000,0.026,0.779,0.605,0.825,0.996,0.122,0.098,0.060,0.335,974.000,972.000,0.024,0.783,0.599,0.782,0.987,0.125,0.092,0.052,0.349
976,459,450,0.026,0.767,0.599,0.826,0.996,0.130,0.103,0.056,0.345,900.000,898.000,0.027,0.746,0.607,0.822,0.997,0.127,0.128,0.056,0.336,967.000,459.000,0.026,0.779,0.605,0.825,0.996,0.122,0.098,0.060,0.335,975.000,459.000,0.024,0.763,0.593,0.826,0.993,0.133,0.104,0.060,0.347
977,459,450,0.026,0.767,0.599,0.826,0.996,0.130,0.103,0.056,0.345,900.000,898.000,0.027,0.746,0.607,0.822,0.997,0.127,0.128,0.056,0.336,967.000,459.000,0.026,0.779,0.605,0.825,0.996,0.122,0.098,0.060,0.335,975.000,459.000,0.024,0.763,0.593,0.826,0.993,0.133,0.104,0.060,0.347
978,459,450,0.026,0.767,0.599,0.826,0.996,0.130,0.103,0.056,0.345,900.000,898.000,0.027,0.746,0.607,0.822,0.997,0.127,0.128,0.056,0.336,967.000,459.000,0.026,0.779,0.605,0.825,0.996,0.122,0.098,0.060,0.335,975.000,459.000,0.024,0.763,0.593,0.826,0.993,0.133,0.104,0.060,0.347
979,459,450,0.026,0.767,0.599,0.826,0.996,0.130,0.103,0.056,0.345,900.000,898.000,0.027,0.746,0.607,0.822,0.997,0.127,0.128,0.056,0.336,967.000,459.000,0.026,0.779,0.605,0.825,0.996,0.122,0.098,0.060,0.335,975.000,459.000,0.024,0.763,0.593,0.826,0.993,0.133,0.104,0.060,0.347
980,459,450,0.026,0.767,0.599,0.826,0.996,0.130,0.103,0.056,0.345,900.000,898.000,0.027,0.746,0.607,0.822,0.997,0.127,0.128,0.056,0.336,967.000,459.000,0.026,0.779,0.605,0.825,0.996,0.122,0.098,0.060,0.335,975.000,459.000,0.024,0.763,0.593,0.826,0.993,0.133,0.104,0.060,0.347
981,459,450,0.026,0.767,0.599,0.826,0.996,0.130,0.103,0.056,0.345,900.000,898.000,0.027,0.746,0.607,0.822,0.997,0.127,0.128,0.056,0.336,967.000,459.000,0.026,0.779,0.605,0.825,0.996,0.122,0.098,0.060,0.335,975.000,459.000,0.024,0.763,0.593,0.826,0.993,0.133,0.104,0.060,0.347
982,459,450,0.026,0.767,0.599,0.826,0.996,0.130,0.103,0.056,0.345,900.000,898.000,0.027,0.746,0.607,0.822,0.997,0.127,0.128,0.056,0.336,967.000,459.000,0.026,0.779,0.605,0.825,0.996,0.122,0.098,0.060,0.335,975.000,459.000,0.024,0.763,0.593,0.826,0.993,0.133,0.104,0.060,0.347
983,459,450,0.026,0.767,0.599,0.826,0.996,0.130,0.103,0.056,0.345,900.000,898.000,0.027,0.746,0.607,0.822,0.997,0.127,0.128,0.056,0.336,967.000,459.000,0.026,0.779,0.605,0.825,0.996,0.122,0.098,0.060,0.335,975.000,459.000,0.024,0.763,0.593,0.826,0.993,0.133,0.104,0.060,0.347
984,459,450,0.026,0.767,0.599,0.826,0.996,0.130,0.103,0.056,0.345,900.000,898.000,0.027,0.746,0.607,0.822,0.997,0.127,0.128,0.056,0.336,967.000,459.000,0.026,0.779,0.605,0.825,0.996,0.122,0.098,0.060,0.335,975.000,459.000,0.024,0.763,0.593,0.826,0.993,0.133,0.104,0.060,0.347
985,459,450,0.026,0.767,0.599,0.826,0.996,0.130,0.103,0.056,0.345,900.000,898.000,0.027,0.746,0.607,0.822,0.997,0.127,0.128,0.056,0.336,967.000,459.000,0.026,0.779,0.605,0.825,0.996,0.122,0.098,0.060,0.335,975.000,459.000,0.024,0.763,0.593,0.826,0.993,0.133,0.104,0.060,0.347
986,459,450,0.026,0.767,0.599,0.826,0.996,0.130,0.103,0.056,0.345,900.000,898.000,0.027,0.746,0.607,0.822,0.997,0.127,0.128,0.056,0.336,967.000,459.000,0.026,0.779,0.605,0.825,0.996,0.122,0.098,0.060,0.335,975.000,459.000,0.024,0.763,0.593,0.826,0.993,0.133,0.104,0.060,0.347
987,459,450,0.026,0.767,0.599,0.826,0.996,0.130,0.103,0.056,0.345,900.000,898.000,0.027,0.746,0.607,0.822,0.997,0.127,0.128,0.056,0.336,988.000,975.000,0.024,0.759,0.604,0.836,1.000,0.132,0.109,0.060,0.336,,,,,,,,,,,
988,459,450,0.026,0.767,0.599,0.826,0.996,0.130,0.103,0.056,0.345,900.000,898.000,0.027,0.746,0.607,0.822,0.997,0.127,0.128,0.056,0.336,988.000,975.000,0.024,0.759,0.604,0.836,1.000,0.132,0.109,0.060,0.336,989.000,900.000,0.029,0.770,0.596,0.825,0.993,0.114,0.116,0.052,0.352
989,459,450,0.026,0.767,0.599,0.826,0.996,0.130,0.103,0.056,0.345,900.000,898.000,0.027,0.746,0.607,0.822,0.997,0.127,0.128,0.056,0.336,989.000,900.000,0.029,0.770,0.596,0.825,0.993,0.114,0.116,0.052,0.352,990.000,459.000,0.021,0.790,0.601,0.824,0.982,0.122,0.088,0.059,0.340
990,459,450,0.026,0.767,0.599,0.826,0.996,0.130,0.103,0.056,0.345,900.000,898.000,0.027,0.746,0.607,0.822,0.997,0.127,0.128,0.056,0.336,989.000,900.000,0.029,0.770,0.596,0.825,0.993,0.114,0.116,0.052,0.352,990.000,459.000,0.021,0.790,0.601,0.824,0.982,0.122,0.088,0.059,0.340
991,459,450,0.026,0.767,0.599,0.826,0.996,0.130,0.103,0.056,0.345,900.000,898.000,0.027,0.746,0.607,0.822,0.997,0.127,0.128,0.056,0.336,989.000,900.000,0.029,0.770,0.596,0.825,0.993,0.114,0.116,0.052,0.352,990.000,459.000,0.021,0.790,0.601,0.824,0.982,0.122,0.088,0.059,0.340
992,459,450,0.026,0.767,0.599,0.826,0.996,0.130,0.103,0.056,0.345,900.000,898.000,0.027,0.746,0.607,0.822,0.997,0.127,0.128,0.056,0.336,989.000,900.000,0.029,0.770,0.596,0.825,0.993,0.114,0.116,0.052,0.352,991.000,459.000,0.026,0.777,0.591,0.828,0.989,0.129,0.094,0.070,0.340
993,459,450,0.026,0.767,0.599,0.826,0.996,0.130,0.103,0.056,0.345,900.000,898.000,0.027,0.746,0.607,0.822,0.997,0.127,0.128,0.056,0.336,989.000,900.000,0.029,0.770,0.596,0.825,0.993,0.114,0.116,0.052,0.352,991.000,459.000,0.026,0.777,0.591,0.828,0.989,0.129,0.094,0.070,0.340
994,459,450,0.026,0.767,0.599,0.826,0.996,0.130,0.103,0.056,0.345,900.000,898.000,0.027,0.746,0.607,0.822,0.997,0.127,0.128,0.056,0.336,989.000,900.000,0.029,0.770,0.596,0.825,0.993,0.114,0.116,0.052,0.352,991.000,459.000,0.026,0.777,0.591,0.828,0.989,0.129,0.094,0.070,0.340
995,459,450,0.026,0.767,0.599,0.826,0.996,0.130,0.103,0.056,0.345,900.000,898.000,0.027,0.746,0.607,0.822,0.997,0.127,0.128,0.056,0.336,989.000,900.000,0.029,0.770,0.596,0.825,0.993,0.114,0.116,0.052,0.352,991.000,459.000,0.026,0.777,0.591,0.828,0.989,0.129,0.094,0.070,0.340
996,459,450,0.026,0.767,0.599,0.826,0.996,0.130,0.103,0.056,0.345,900.000,898.000,0.027,0.746,0.607,0.822,0.997,0.127,0.128,0.056,0.336,991.000,459.000,0.026,0.777,0.591,0.828,0.989,0.129,0.094,0.070,0.340,993.000,459.000,0.019,0.758,0.607,0.823,0.990,0.135,0.107,0.052,0.340
997,459,450,0.026,0.767,0.599,0.826,0.996,0.130,0.103,0.056,0.345,900.000,898.000,0.027,0.746,0.607,0.822,0.997,0.127,0.128,0.056,0.336,991.000,459.000,0.026,0.777,0.591,0.828,0.989,0.129,0.094,0.070,0.340,993.000,459.000,0.019,0.758,0.607,0.823,0.990,0.135,0.107,0.052,0.340
998,459,450,0.026,0.767,0.599,0.826,0.996,0.130,0.103,0.056,0.345,900.000,898.000,0.027,0.746,0.607,0.822,0.997,0.127,0.128,0.056,0.336,991.000,459.000,0.026,0.777,0.591,0.828,0.989,0.129,0.094,0.070,0.340,993.000,459.000,0.019,0.758,0.607,0.823,0.990,0.135,0.107,0.052,0.340
999,459,450,0.026,0.767,0.599,0.826,0.996,0.130,0.103,0.056,0.345,900.000,898.000,0.027,0.746,0.607,0.822,0.997,0.127,0.128,0.056,0.336,991.000,459.000,0.026,0.777,0.591,0.828,0.989,0.129,0.094,0.070,0.340,993.000,459.000,0.019,0.758,0.607,0.823,0.990,0.135,0.107,0.052,0.340
